1000035	1
1000046	1
1000054	1
1000063	1
1000129	1
1000198	1
1000236	1
1000318	1
1000331	1
1000357	1
1000450	1
1000516	1
1000568	1
1000609	1
1000660	1
1000674	2
1000683	1
1000734	1
1000826	1
1000844	1
1000858	1
1000889	1
1000893	1
1000906	1
1000914	1
1000988	1
1001001	1
1001076	1
1001123	1
1001140	1
1001278	1
1001290	1
1001433	1
1001582	1
1001700	1
1001732	1
1001744	1
1001789	1
1001809	1
1002031	1
1002079	1
1002096	1
1002128	1
1002176	1
1002251	1
1002268	1
1002273	1
1002322	1
1002335	1
1002438	1
1002456	2
1002591	1
1002615	1
1002705	1
1002729	1
1002764	1
1002888	1
1003011	1
1003074	1
1003097	1
1003121	1
1003347	1
1003365	1
1003423	1
1003529	1
1003570	1
1003598	1
1003634	1
1003652	1
1003699	1
1003791	1
1003881	1
1003890	1
1003916	1
1003973	1
1004012	1
1004029	1
1004086	1
1004107	1
1004119	1
1004525	1
1004616	1
1004706	1
1004759	1
1004788	1
1004808	1
1004850	1
1004894	1
1004913	1
1004945	1
1004952	1
1004967	1
1004976	1
1004999	1
1005136	1
1005253	1
1005264	1
1005286	1
1005311	1
1005445	1
1005589	1
1005631	1
1005662	1
1005794	1
1005935	1
1005946	1
1006008	1
1006015	1
1006043	1
1006050	1
1006077	1
1006111	1
1006138	1
1006142	1
1006156	1
1006160	1
1006478	1
1006580	1
1006599	1
1006641	1
1006727	1
1006768	1
1006773	1
1006784	1
1006857	1
1006936	1
1006987	1
1007000	1
1007017	1
1007058	1
1007089	1
1007102	1
1007184	1
1007213	1
1007276	1
1007299	1
1007559	1
1007663	1
1007681	1
1007690	1
1007711	1
1007725	1
1007783	1
1007803	1
1007810	1
1007848	1
1007855	1
1007957	1
1008126	1
1008189	1
1008334	1
1008367	1
1008399	1
1008554	1
1008692	1
1008757	1
1008796	1
1008805	1
1008870	1
1008909	1
1008938	1
1008942	1
1009036	1
1009114	1
1009188	1
1009256	1
1009274	1
1009312	1
1009370	1
1009416	1
1009468	1
1009504	1
1009617	1
1009746	1
1009754	1
1009813	1
1009921	1
1009977	1
1010000	1
1010044	1
1010058	1
1010102	1
1010116	1
1010130	1
1010151	1
1010234	1
1010308	1
1010377	1
1010412	1
1010437	1
1010441	1
1010559	1
1010571	1
1010690	1
1010738	1
1010756	1
1010774	1
1010797	1
1010810	1
1010887	1
1010891	1
1010904	1
1010931	1
1010979	1
1011056	1
1011097	1
1011115	1
1011150	1
1011258	1
1011261	1
1011275	1
1011306	1
1011431	1
1011457	1
1011541	1
1011598	1
1011613	1
1011645	1
1011667	1
1011724	1
1011791	1
1011807	1
1011878	1
1011984	1
1011995	1
1012043	1
1012094	1
1012109	1
1012138	1
1012265	1
1012326	1
1012358	1
1012446	1
1012481	1
1012545	1
1012576	1
1012580	1
1012599	1
1012605	1
1012637	1
1012641	1
1012664	1
1012698	1
1012716	1
1012727	1
1012784	1
1012840	1
1012857	1
1013035	1
1013046	1
1013186	1
1013198	1
1013224	1
1013340	1
1013357	1
1013482	1
1013494	1
1013595	1
1013609	1
1013642	1
1013752	1
1013817	1
1013861	1
1013893	1
1013965	1
1013971	1
1014016	1
1014030	1
1014117	1
1014126	1
1014161	1
1014189	1
1014193	1
1014221	1
1014328	1
1014436	1
1014546	1
1014554	1
1014606	1
1014731	1
1014740	1
1014757	1
1014785	1
1014796	1
1014837	1
1014841	1
1014864	1
1014898	1
1014909	1
1014911	1
1014938	1
1014983	1
1015062	1
1015085	1
1015134	1
1015216	1
1015307	1
1015335	1
1015346	1
1015381	1
1015409	1
1015460	1
1015503	1
1015555	1
1015587	1
1015591	1
1015712	1
1015764	1
1015833	1
1015865	1
1015871	1
1015932	1
1016053	1
1016070	1
1016231	1
1016262	1
1016303	1
1016369	1
1016432	1
1016630	1
1016706	1
1016714	1
1016733	1
1016928	1
1016980	1
1017024	1
1017106	1
1017171	1
1017256	1
1017297	1
1017312	1
1017416	1
1017430	1
1017449	1
1017451	1
1017495	1
1017632	1
1017675	1
1017689	1
1017693	1
1017735	1
1017754	1
1017763	1
1017876	1
1017921	1
1017943	1
1017950	1
1017977	1
1017994	1
1018014	1
1018047	1
1018059	1
1018103	1
1018148	1
1018212	1
1018325	1
1018480	1
1018544	1
1018750	1
1018816	1
1018830	1
1018873	1
1018954	1
1019001	1
1019045	1
1019099	1
1019246	1
1019373	1
1019420	1
1019471	1
1019566	1
1019655	1
1019672	1
1019700	1
1019744	1
1019775	1
1019825	1
1019842	1
1019897	1
1019941	1
1019964	1
1020049	1
1020126	1
1020132	1
1020239	1
1020243	1
1020282	1
1020334	1
1020352	1
1020367	1
1020469	1
1020472	1
1020507	1
1020578	1
1020620	1
1020647	1
1020757	2
1020911	1
1021057	1
1021101	1
1021460	1
1021621	1
1021650	1
1021666	1
1021677	1
1021833	1
1021859	1
1021871	1
1021892	1
1021900	1
1021944	1
1021989	1
1021993	1
1022013	1
1022076	1
1022179	1
1022196	2
1022373	1
1022406	1
1022447	1
1022471	1
1022488	1
1022550	1
1022594	1
1022603	1
1022672	1
1022726	1
1022809	1
1022811	1
1022860	1
1023006	1
1023014	1
1023205	1
1023241	1
1023325	1
1023476	1
1023499	1
1023517	1
1023561	1
1023593	1
1023696	1
1023794	2
1023922	1
1023954	1
1023963	1
1023981	1
1024000	1
1024168	1
1024173	1
1024201	1
1024228	1
1024394	1
1024453	1
1024760	1
1024783	1
1024803	1
1025083	1
1025217	1
1025226	2
1025275	1
1025293	1
1025320	1
1025365	1
1025512	1
1025541	1
1025598	1
1025667	1
1025736	1
1025822	1
1025863	1
1025878	1
1025902	1
1025927	1
1026010	1
1026055	1
1026209	1
1026297	1
1026312	1
1026402	1
1026430	1
1026449	1
1026468	1
1026473	1
1026495	1
1026504	1
1026790	1
1026813	1
1026908	1
1026943	1
1026994	1
1027181	1
1027475	1
1027509	1
1027511	1
1027542	1
1027583	1
1027602	1
1027684	1
1027695	1
1027720	1
1027792	1
1027821	1
1027934	1
1027945	1
1027967	1
1028007	1
1028046	1
1028081	1
1028090	1
1028323	1
1028379	1
1028415	1
1028443	1
1028450	1
1028502	1
1028530	1
1028573	1
1028697	1
1028701	1
1028745	2
1028776	1
1028799	1
1028893	1
1028920	1
1029008	1
1029039	1
1029050	1
1029138	1
1029156	1
1029174	1
1029197	1
1029206	1
1029265	1
1029389	1
1029407	1
1029422	1
1029567	1
1029641	1
1029749	1
1029784	1
1029795	1
1029840	1
1029896	1
1029903	1
1030006	1
1030033	1
1030155	1
1030172	1
1030187	1
1030191	1
1030237	1
1030241	1
1030309	1
1030325	1
1030383	1
1030480	1
1030499	1
1030517	1
1030526	1
1030589	1
1030708	1
1030782	1
1030827	1
1030849	1
1030873	2
1030884	1
1030963	1
1030981	1
1031043	1
1031111	1
1031138	1
1031142	1
1031160	1
1031174	1
1031220	1
1031637	1
1031653	1
1031749	1
1031818	1
1031823	1
1031831	1
1031948	1
1032009	1
1032261	1
1032289	1
1032306	1
1032333	1
1032404	1
1032431	1
1032462	1
1032479	1
1032496	1
1032676	1
1032755	1
1032787	1
1032791	1
1032835	1
1032854	1
1032878	1
1032995	1
1033004	1
1033018	1
1033145	1
1033202	1
1033230	1
1033268	1
1033284	1
1033335	1
1033378	1
1033411	1
1033438	1
1033460	1
1033497	1
1033524	1
1033536	1
1033572	1
1033786	1
1033814	1
1033847	1
1033865	1
1033932	1
1033944	1
1034048	1
1034106	1
1034238	1
1034260	1
1034297	1
1034312	1
1034341	1
1034353	1
1034449	1
1034468	1
1034540	1
1034658	1
1034707	1
1034867	1
1034994	1
1035007	1
1035022	1
1035081	1
1035224	2
1035340	1
1035362	1
1035385	1
1035551	2
1035728	1
1035780	1
1035826	1
1035959	1
1035965	1
1036034	1
1036067	1
1036076	1
1036162	1
1036196	1
1036207	1
1036222	1
1036406	1
1036521	1
1036550	1
1036577	1
1036603	1
1036624	1
1036648	1
1036726	1
1036761	1
1036775	1
1036856	1
1036883	1
1036905	1
1036912	1
1036998	1
1037095	1
1037193	1
1037277	1
1037313	1
1037328	1
1037367	1
1037436	1
1037491	1
1037620	1
1037633	1
1037779	1
1037785	1
1037853	1
1037925	1
1037960	1
1037997	1
1038032	1
1038075	1
1038102	1
1038116	1
1038130	1
1038151	1
1038245	1
1038252	1
1038366	1
1038394	1
1038498	1
1038520	1
1038559	1
1038571	1
1038607	1
1038654	1
1038711	1
1038725	1
1038783	2
1038797	1
1038803	1
1038855	1
1038923	1
1038962	1
1038996	1
1039041	1
1039064	1
1039146	1
1039178	1
1039181	1
1039262	1
1039355	1
1039369	1
1039426	1
1039444	1
1039461	1
1039475	1
1039525	1
1039542	1
1039597	1
1039627	1
1039733	1
1039850	1
1039894	1
1039901	1
1040011	1
1040056	1
1040143	1
1040150	1
1040177	1
1040232	1
1040261	1
1040306	1
1040347	1
1040365	1
1040392	1
1040423	1
1040431	1
1040457	1
1040462	1
1040485	1
1040505	1
1040512	1
1040570	1
1040863	1
1040881	1
1040968	1
1040984	1
1041087	1
1041120	1
1041159	1
1041171	1
1041225	1
1041260	1
1041274	2
1041283	1
1041341	1
1041370	1
1041398	1
1041449	1
1041495	1
1041518	1
1041557	1
1041562	1
1041600	1
1041707	1
1041746	1
1041801	1
1041813	1
1041899	1
1042065	1
1042110	1
1042124	1
1042205	1
1042434	1
1042452	1
1042558	1
1042739	1
1042743	1
1042766	1
1042935	1
1042963	1
1043067	1
1043123	1
1043162	1
1043179	1
1043246	1
1043254	1
1043373	1
1043414	1
1043420	1
1043447	1
1043577	1
1043582	1
1043700	1
1043744	1
1043775	1
1043789	1
1043883	1
1043986	1
1044111	1
1044183	1
1044206	1
1044220	2
1044300	1
1044317	1
1044407	1
1044446	1
1044478	1
1044576	1
1044840	2
1044857	1
1044924	1
1044955	1
1044987	1
1045049	1
1045051	1
1045068	1
1045073	1
1045126	1
1045161	1
1045215	1
1045221	1
1045250	1
1045647	1
1045659	1
1045785	1
1045853	1
1045886	1
1045956	1
1046023	1
1046031	1
1046079	1
1046113	1
1046216	1
1046322	1
1046346	1
1046381	1
1046555	1
1046615	1
1046621	1
1046639	1
1046806	1
1046814	1
1046944	1
1046993	1
1047019	1
1047081	1
1047170	1
1047291	1
1047318	1
1047357	1
1047379	1
1047450	1
1047477	1
1047728	1
1047745	1
1047767	1
1047914	1
1047920	1
1047959	1
1048012	1
1048041	1
1048107	1
1048135	1
1048218	1
1048231	1
1048296	1
1048355	1
1048387	1
1048458	1
1048489	1
1048542	1
1048556	1
1048630	1
1048733	1
1048792	1
1048850	1
1048882	1
1048913	1
1048945	1
1048967	1
1048999	1
1049026	1
1049280	1
1049308	1
1049343	1
1049394	1
1049405	1
1049437	1
1049441	1
1049464	1
1049486	1
1049506	1
1049520	1
1049559	1
1049619	1
1049654	1
1049756	1
1049803	1
1049810	1
1049872	1
1049996	1
1050028	1
1050034	1
1050104	1
1050254	1
1050281	2
1050459	1
1050543	1
1050566	1
1050624	1
1050648	1
1050669	1
1050700	1
1050717	1
1050761	1
1050775	1
1050793	1
1050809	1
1050883	1
1050905	1
1051000	1
1051044	1
1051252	1
1051280	1
1051339	1
1051382	1
1051437	1
1051453	1
1051506	1
1051571	1
1051592	1
1051635	1
1051646	1
1051709	1
1051711	1
1051803	1
1051810	2
1051855	1
1051918	1
1051931	1
1051996	1
1052049	1
1052051	1
1052073	1
1052126	1
1052144	1
1052215	1
1052277	1
1052328	1
1052403	1
1052424	1
1052491	1
1052535	1
1052554	1
1052671	1
1052731	1
1052864	1
1052911	1
1052960	1
1052983	1
1052997	1
1053010	1
1053147	1
1053192	1
1053256	1
1053364	1
1053398	1
1053430	1
1053451	1
1053468	1
1053523	1
1053531	1
1053707	1
1053735	1
1053754	1
1053790	1
1054004	1
1054079	1
1054113	1
1054167	1
1054180	1
1054216	1
1054227	1
1054273	1
1054381	2
1054425	1
1054474	1
1054621	1
1054643	1
1054770	1
1054833	1
1054944	1
1054961	2
1054975	1
1055064	1
1055070	1
1055122	1
1055190	1
1055231	1
1055240	1
1055262	1
1055279	1
1055391	1
1055458	1
1055627	1
1055673	2
1055684	1
1055771	1
1055808	1
1056033	1
1056124	1
1056155	1
1056169	1
1056264	1
1056309	1
1056356	1
1056499	1
1056558	1
1056631	1
1056640	1
1056794	1
1056954	1
1056981	1
1056990	1
1057060	1
1057097	1
1057177	2
1057226	1
1057293	1
1057320	1
1057431	1
1057479	2
1057634	1
1057667	1
1057703	1
1057769	1
1057787	1
1057807	1
1057846	1
1057902	1
1057951	1
1058039	1
1058160	1
1058220	1
1058288	1
1058292	1
1058344	1
1058422	1
1058490	1
1058670	1
1058698	1
1058716	1
1058857	1
1058910	1
1059007	1
1059112	1
1059141	1
1059210	1
1059224	1
1059287	1
1059304	1
1059379	1
1059466	1
1059502	1
1059527	1
1059530	1
1059568	1
1059674	1
1059701	1
1059745	1
1059858	1
1059914	1
1059933	1
1059947	1
1060003	1
1060024	1
1060072	1
1060091	1
1060133	1
1060147	1
1060225	1
1060274	1
1060329	1
1060353	1
1060416	1
1060468	1
1060473	1
1060531	2
1060557	1
1060579	2
1060632	1
1060644	1
1060675	1
1060754	1
1060908	1
1060977	1
1061022	1
1061035	1
1061105	1
1061141	1
1061153	1
1061198	1
1061379	1
1061408	1
1061527	1
1061609	1
1061683	1
1061776	1
1061817	1
1061959	1
1061988	1
1062053	1
1062146	1
1062240	1
1062285	1
1062369	1
1062391	1
1062461	1
1062509	1
1062627	1
1062673	1
1062759	1
1062771	1
1062882	1
1062934	1
1062967	1
1062976	1
1063017	1
1063032	1
1063058	1
1063213	1
1063245	1
1063252	1
1063276	1
1063412	1
1063429	1
1063441	1
1063453	1
1063533	1
1063547	1
1063654	1
1063756	1
1063760	1
1063803	1
1063824	1
1063891	1
1063940	1
1064020	1
1064047	1
1064088	1
1064103	1
1064155	1
1064172	1
1064212	1
1064270	1
1064309	1
1064342	1
1064445	1
1064467	1
1064500	1
1064544	1
1064561	1
1064696	1
1064895	1
1064907	1
1064919	1
1064946	1
1064954	1
1065125	1
1065344	1
1065389	1
1065490	1
1065612	1
1065641	1
1065823	1
1065910	1
1065936	1
1065948	1
1065955	1
1066068	1
1066084	1
1066117	1
1066144	1
1066175	1
1066243	1
1066301	1
1066546	1
1066554	1
1066563	1
1066590	1
1066647	1
1066665	1
1066723	1
1066841	1
1066864	1
1066886	1
1066898	1
1066911	1
1067013	1
1067076	1
1067099	1
1067196	1
1067207	1
1067222	1
1067278	1
1067302	1
1067316	1
1067330	1
1067433	1
1067447	1
1067539	1
1067744	1
1067809	1
1067825	1
1067998	1
1068176	1
1068216	1
1068268	1
1068273	1
1068284	1
1068307	1
1068346	1
1068354	1
1068409	1
1068572	1
1068764	1
1068770	1
1068798	1
1068814	1
1068820	1
1068892	1
1069038	1
1069074	1
1069166	1
1069226	1
1069244	1
1069320	1
1069347	1
1069392	1
1069404	1
1069529	1
1069564	1
1069628	1
1069652	1
1069787	1
1069863	1
1070128	1
1070202	1
1070295	1
1070335	1
1070378	1
1070409	1
1070411	1
1070460	2
1070524	1
1070615	1
1070666	1
1070770	1
1070859	1
1070932	1
1070961	1
1071122	1
1071163	1
1071231	1
1071285	1
1071336	1
1071391	1
1071400	1
1071461	1
1071556	1
1071583	1
1071602	1
1072007	1
1072054	1
1072105	1
1072129	1
1072137	1
1072198	1
1072255	1
1072304	1
1072331	1
1072357	1
1072362	1
1072450	1
1072494	1
1072502	1
1072527	1
1072530	1
1072549	1
1072584	1
1072595	1
1072625	1
1072656	1
1072697	1
1072728	1
1072734	1
1072752	1
1072767	1
1072858	1
1072861	1
1072889	1
1072959	1
1073008	1
1073156	1
1073174	1
1073300	1
1073332	1
1073393	1
1073407	1
1073501	1
1073545	1
1073605	1
1073641	1
1073751	1
1073784	1
1073831	2
1073840	1
1073879	1
1073972	1
1074028	1
1074045	1
1074052	1
1074067	1
1074080	1
1074099	1
1074179	1
1074246	1
1074254	1
1074263	1
1074281	1
1074373	1
1074433	1
1074465	1
1074515	1
1074521	1
1074636	1
1074648	1
1074789	1
1074809	1
1074856	1
1074905	1
1074970	1
1075000	1
1075026	1
1075032	1
1075061	1
1075234	1
1075343	1
1075350	1
1075412	1
1075441	1
1075464	1
1075547	1
1075592	1
1075681	1
1075690	1
1075709	1
1075742	1
1075756	1
1075869	1
1075904	1
1075957	1
1075979	1
1076083	1
1076143	1
1076217	1
1076226	1
1076258	1
1076333	1
1076485	1
1076541	1
1076601	1
1076634	1
1076645	1
1076667	1
1076680	1
1076703	1
1076724	1
1076748	1
1076769	1
1076787	1
1076854	1
1076863	1
1076951	1
1076973	1
1076995	1
1077047	1
1077092	2
1077148	1
1077155	1
1077253	1
1077264	1
1077270	1
1077309	1
1077311	1
1077325	2
1077401	1
1077696	1
1077743	1
1077777	1
1077978	1
1078048	1
1078069	1
1078072	1
1078106	1
1078211	1
1078283	1
1078402	1
1078451	1
1078473	1
1078495	1
1078585	1
1078626	1
1078707	1
1078813	1
1078876	1
1078880	1
1079016	1
1079301	1
1079313	1
1079376	1
1079403	1
1079436	1
1079448	1
1079522	1
1079554	1
1079659	1
1079665	1
1079762	1
1079779	1
1079785	1
1079796	1
1079805	1
1079829	1
1079864	1
1079898	1
1080050	1
1080138	1
1080174	1
1080206	1
1080214	1
1080220	1
1080292	1
1080332	1
1080463	1
1080481	1
1080501	1
1080528	1
1080664	1
1080686	1
1080698	1
1080784	1
1080795	1
1080910	1
1080924	1
1080948	1
1081051	1
1081068	1
1081144	1
1081193	1
1081221	1
1081277	1
1081294	1
1081334	1
1081352	1
1081376	1
1081424	1
1081507	1
1081519	1
1081535	1
1081606	1
1081647	1
1081704	1
1081718	1
1081731	1
1081870	1
1081886	1
1081997	1
1082149	2
1082195	1
1082339	1
1082350	1
1082441	1
1082453	1
1082559	1
1082565	1
1082635	1
1082756	1
1082774	1
1082872	1
1082979	2
1083012	2
1083037	1
1083163	1
1083178	1
1083204	2
1083240	1
1083296	2
1083387	1
1083475	1
1083538	1
1083542	1
1083649	1
1083668	2
1083695	1
1083733	1
1083759	1
1083765	1
1083913	1
1084011	1
1084042	1
1084143	1
1084293	1
1084496	1
1084505	1
1084541	1
1084553	1
1084628	1
1084652	1
1084667	1
1084703	1
1084724	1
1084755	1
1084819	1
1084881	1
1084930	1
1084951	1
1085010	1
1085055	1
1085069	1
1085087	1
1085192	1
1085211	1
1085225	1
1085238	1
1085337	1
1085341	1
1085596	1
1085600	1
1085626	1
1085632	1
1085658	1
1085801	1
1085867	1
1085876	1
1085908	1
1085977	1
1085982	1
1086078	1
1086137	1
1086198	1
1086224	2
1086362	1
1086443	1
1086450	1
1086697	1
1086752	1
1086780	1
1086826	1
1086914	1
1086965	1
1087018	1
1087227	1
1087335	2
1087474	1
1087524	1
1087621	1
1087666	1
1087677	1
1087764	1
1087770	1
1087871	1
1088118	1
1088263	1
1088290	1
1088327	1
1088384	1
1088488	1
1088648	1
1088744	1
1088809	1
1088825	1
1088897	1
1088986	1
1089047	1
1089071	1
1089103	1
1089136	1
1089155	1
1089229	1
1089241	1
1089311	1
1089338	1
1089342	1
1089428	1
1089467	1
1089476	1
1089480	1
1089544	1
1089618	1
1089623	1
1089708	1
1089766	1
1089849	1
1089907	1
1089919	1
1090190	1
1090223	1
1090240	1
1090262	1
1090285	1
1090303	1
1090336	1
1090417	1
1090458	1
1090489	1
1090493	1
1090511	1
1090560	1
1090616	1
1090630	1
1090649	1
1090651	1
1090668	1
1090765	1
1090788	1
1090850	1
1090913	1
1090967	1
1090999	1
1091071	1
1091088	1
1091172	1
1091205	1
1091338	1
1091517	1
1091526	1
1091544	1
1091558	1
1091593	1
1091679	1
1091696	1
1091721	1
1091766	1
1091849	1
1091873	1
1091884	1
1091963	1
1092055	1
1092072	1
1092091	1
1092120	1
1092147	1
1092188	1
1092192	1
1092274	1
1092341	1
1092402	1
1092427	1
1092430	1
1092468	1
1092531	1
1092557	1
1092562	1
1092644	1
1092689	1
1092735	1
1092763	1
1092778	1
1092781	1
1092790	1
1092852	1
1092867	1
1092908	1
1093002	1
1093084	1
1093175	1
1093215	1
1093266	1
1093277	1
1093345	1
1093352	1
1093472	1
1093647	1
1093665	1
1093688	1
1093692	1
1093704	1
1093796	1
1093829	1
1093853	1
1093911	1
1094078	1
1094170	1
1094323	1
1094396	1
1094450	1
1094466	1
1094494	1
1094502	1
1094568	1
1094656	1
1094728	1
1094776	1
1094799	1
1094858	1
1094893	1
1094947	2
1094988	1
1095123	1
1095219	1
1095330	1
1095349	1
1095492	1
1095543	1
1095566	1
1095636	1
1095789	1
1095809	1
1095838	1
1095953	1
1096000	1
1096044	1
1096102	1
1096149	1
1096228	1
1096453	1
1096506	1
1096514	1
1096646	1
1096690	2
1096756	1
1096760	1
1096836	1
1096891	1
1096904	1
1096918	1
1096940	1
1097039	1
1097050	1
1097142	1
1097174	1
1097197	1
1097214	1
1097259	1
1097265	1
1097288	1
1097300	2
1097332	1
1097375	1
1097419	1
1097454	1
1097513	1
1097576	1
1097599	1
1097605	1
1097664	1
1097831	1
1097879	1
1097910	1
1097972	1
1097991	1
1098042	1
1098097	1
1098108	1
1098143	1
1098217	1
1098314	1
1098359	1
1098404	1
1098512	1
1098537	1
1098553	2
1098613	1
1098645	1
1098748	1
1098791	1
1098916	1
1099023	1
1099040	1
1099152	1
1099167	1
1099227	1
1099249	1
1099381	1
1099497	1
1099587	1
1099621	1
1099786	1
1099847	1
1099859	1
1099892	1
1099917	1
1099926	1
1099932	1
1099993	1
1100043	1
1100233	1
1100332	1
1100361	1
1100419	1
1100435	1
1100481	1
1100490	1
1100513	1
1100545	1
1100576	1
1100605	1
1100653	1
1100749	1
1100795	1
1100969	1
1101084	1
1101132	1
1101161	1
1101215	1
1101221	1
1101294	1
1101328	1
1101380	1
1101436	1
1101448	1
1101469	1
1101487	1
1101507	1
1101546	1
1101614	1
1101692	1
1101762	1
1101829	1
1101864	1
1101870	1
1102017	1
1102044	1
1102058	1
1102075	1
1102149	1
1102339	1
1102366	1
1102520	1
1102588	1
1102622	1
1102810	1
1102848	1
1102855	1
1102869	1
1102923	1
1103005	1
1103029	1
1103064	1
1103070	1
1103119	1
1103146	1
1103178	1
1103285	2
1103461	1
1103489	2
1103714	1
1103733	1
1103788	1
1103894	1
1104025	1
1104038	1
1104056	1
1104074	1
1104083	2
1104121	1
1104166	1
1104200	1
1104275	1
1104289	1
1104462	1
1104505	1
1104537	1
1104564	1
1104628	1
1104645	1
1104769	1
1104807	1
1104846	1
1104902	1
1104930	1
1105087	1
1105165	1
1105188	1
1105192	1
1105274	1
1105297	1
1105312	1
1105353	1
1105427	1
1105449	1
1105451	1
1105658	1
1105722	1
1105778	1
1105845	1
1106063	1
1106186	1
1106198	1
1106291	1
1106323	1
1106331	1
1106385	1
1106450	1
1106477	1
1106482	1
1106494	1
1106527	1
1106549	1
1106638	1
1106697	1
1106745	1
1106861	1
1106889	1
1106893	1
1106933	1
1106971	1
1107023	1
1107040	1
1107062	1
1107101	1
1107145	1
1107176	1
1107363	1
1107608	1
1107650	1
1107729	1
1107753	1
1107764	1
1107820	1
1107975	1
1108045	1
1108052	1
1108080	1
1108099	1
1108131	1
1108140	1
1108162	1
1108246	1
1108278	1
1108368	1
1108384	1
1108577	1
1108603	1
1108610	1
1108669	1
1108672	1
1108717	1
1108726	1
1108789	1
1108825	1
1108883	1
1108929	1
1108937	1
1108941	1
1109092	1
1109103	1
1109124	1
1109136	1
1109155	1
1109172	2
1109191	1
1109264	1
1109298	1
1109356	1
1109434	1
1109532	1
1109575	1
1109662	1
1109696	1
1109715	1
1109739	1
1109766	1
1109782	1
1109827	1
1109849	1
1109873	1
1109919	1
1109954	1
1110018	1
1110031	1
1110085	1
1110145	1
1110152	1
1110199	1
1110230	1
1110251	1
1110307	1
1110346	1
1110438	1
1110456	1
1110483	1
1110503	1
1110591	1
1110650	1
1110741	1
1110820	1
1110859	1
1110888	1
1110932	1
1111012	1
1111107	1
1111119	1
1111146	1
1111190	1
1111231	1
1111240	1
1111355	1
1111372	1
1111493	1
1111525	1
1111538	1
1111649	1
1111695	1
1111792	1
1111866	1
1111877	1
1112007	1
1112035	1
1112054	1
1112105	1
1112170	1
1112210	2
1112224	1
1112248	1
1112323	1
1112331	1
1112357	1
1112421	1
1112450	1
1112530	1
1112573	1
1112609	1
1112625	1
1112728	1
1112844	1
1112875	1
1112988	1
1112992	1
1113008	1
1113160	1
1113183	1
1113233	1
1113292	1
1113344	2
1113419	2
1113422	1
1113454	1
1113534	1
1113545	1
1113567	1
1113629	1
1113641	1
1113804	1
1113840	1
1113936	1
1113969	1
1113991	1
1114034	1
1114080	1
1114131	1
1114162	1
1114179	1
1114207	1
1114281	1
1114349	1
1114395	1
1114515	1
1114566	1
1114636	1
1114809	1
1114811	1
1114856	1
1114905	1
1114937	1
1114970	1
1114986	1
1115026	1
1115102	1
1115116	1
1115184	1
1115267	1
1115280	1
1115299	1
1115366	1
1115377	1
1115405	1
1115437	1
1115453	1
1115464	1
1115486	1
1115533	1
1115559	1
1115571	1
1115619	1
1115663	1
1115678	1
1115690	1
1115709	1
1115836	1
1115872	1
1115904	1
1116056	1
1116060	1
1116074	1
1116143	1
1116166	1
1116200	1
1116289	1
1116404	2
1116423	1
1116440	2
1116553	1
1116699	1
1116755	1
1116822	1
1116854	1
1116890	1
1116902	1
1117065	1
1117103	1
1117136	1
1117172	2
1117309	1
1117325	1
1117452	1
1117499	1
1117544	1
1117561	2
1117696	1
1117816	1
1117851	1
1117868	1
1117935	1
1117963	1
1118072	1
1118133	1
1118159	1
1118165	1
1118274	1
1118449	1
1118579	1
1118585	1
1118632	1
1118644	1
1118661	1
1118689	1
1118707	1
1118801	1
1118834	1
1118899	2
1118966	1
1118982	1
1119002	1
1119049	1
1119051	1
1119117	1
1119208	1
1119277	1
1119334	1
1119345	1
1119367	1
1119376	1
1119380	1
1119410	1
1119455	1
1119491	1
1119546	1
1119563	2
1119665	1
1119671	1
1119762	1
1119779	1
1119785	1
1119974	1
1120118	2
1120123	1
1120327	1
1120330	1
1120395	1
1120406	1
1120515	1
1120521	1
1120624	2
1120669	1
1120672	1
1120700	1
1120761	1
1120860	1
1120937	1
1120998	1
1121058	1
1121075	1
1121093	1
1121102	1
1121130	1
1121168	1
1121437	1
1121486	1
1121506	1
1121646	1
1121663	1
1121678	1
1121756	1
1121760	1
1121783	1
1121810	1
1121985	1
1121996	1
1122016	1
1122027	1
1122030	1
1122084	1
1122095	1
1122266	1
1122294	1
1122328	1
1122345	1
1122376	1
1122399	1
1122436	1
1122487	1
1122563	1
1122578	1
1122614	1
1122659	1
1122665	1
1122718	1
1122796	1
1122829	1
1122886	1
1122898	2
1122942	1
1123003	1
1123024	1
1123120	1
1123133	1
1123242	1
1123274	1
1123297	1
1123402	1
1123451	1
1123523	1
1123579	1
1123585	1
1123722	1
1123845	1
1123915	1
1123921	1
1123994	1
1124018	1
1124031	1
1124085	1
1124199	1
1124216	1
1124322	1
1124363	1
1124409	1
1124411	1
1124456	1
1124741	1
1124798	1
1124958	1
1125005	1
1125154	1
1125231	1
1125262	1
1125279	1
1125310	1
1125369	1
1125458	1
1125525	1
1125574	1
1125616	1
1125649	1
1125720	1
1125747	1
1125771	1
1125877	1
1125894	1
1125913	1
1125952	1
1125999	1
1126006	1
1126047	1
1126110	1
1126136	1
1126298	1
1126383	1
1126452	1
1126480	1
1126500	1
1126517	1
1126532	1
1126544	1
1126604	1
1126685	1
1126696	1
1126715	1
1126739	1
1126743	1
1126777	1
1126851	1
1126935	1
1126946	1
1127056	1
1127108	1
1127121	1
1127182	1
1127200	1
1127217	2
1127226	1
1127314	1
1127347	1
1127457	1
1127496	1
1127541	1
1127564	1
1127613	1
1127634	1
1127699	1
1127710	1
1127890	1
1127968	1
1127973	1
1128050	1
1128094	1
1128109	1
1128138	1
1128197	2
1128214	2
1128292	1
1128344	1
1128446	1
1128490	1
1128534	1
1128545	1
1128605	1
1128612	1
1128698	1
1128716	1
1128751	1
1128768	1
1128773	1
1128804	1
1128831	1
1128896	1
1128972	1
1129007	1
1129022	1
1129063	1
1129141	1
1129272	1
1129421	1
1129466	1
1129752	1
1129776	1
1129780	1
1129971	1
1129988	1
1130024	1
1130048	1
1130055	1
1130087	1
1130114	1
1130242	1
1130256	1
1130305	1
1130364	1
1130427	1
1130451	1
1130468	1
1130632	1
1130675	1
1130754	1
1130852	1
1130867	1
1130921	1
1130939	1
1130943	1
1130982	2
1131022	1
1131137	1
1131186	1
1131198	1
1131236	1
1131660	1
1131674	1
1131697	1
1131728	1
1131799	1
1131861	1
1131914	1
1131959	1
1132041	1
1132086	1
1132135	1
1132154	1
1132348	1
1132372	1
1132387	1
1132525	1
1132556	1
1132560	1
1132574	1
1132602	1
1132627	1
1132792	1
1132843	1
1132877	1
1132894	1
1132999	1
1133061	1
1133116	1
1133149	1
1133184	1
1133213	1
1133267	1
1133299	1
1133308	1
1133366	1
1133394	1
1133405	1
1133437	1
1133506	1
1133592	1
1133619	1
1133663	1
1133774	1
1133824	1
1133855	1
1133869	1
1133887	1
1133891	1
1133904	1
1133918	1
1133957	1
1134020	1
1134103	1
1134148	1
1134253	1
1134338	1
1134360	1
1134397	1
1134476	1
1134500	1
1134517	1
1134589	1
1134618	1
1134662	2
1134679	1
1134766	1
1134868	1
1134895	1
1135039	1
1135043	1
1135094	1
1135125	1
1135197	1
1135220	1
1135259	1
1135265	1
1135288	1
1135326	1
1135358	1
1135361	1
1135446	1
1135478	1
1135490	1
1135528	1
1135576	1
1135749	2
1135773	1
1135840	1
1135862	1
1135910	1
1135924	1
1135955	1
1136027	1
1136132	1
1136158	1
1136277	1
1136282	1
1136294	1
1136313	1
1136376	1
1136403	1
1136472	1
1136704	1
1136837	1
1136938	1
1136974	1
1137013	1
1137034	1
1137045	1
1137052	1
1137162	1
1137196	1
1137222	1
1137246	1
1137281	1
1137327	1
1137368	1
1137414	1
1137515	1
1137543	1
1137566	1
1137610	1
1137726	1
1137744	1
1137789	1
1138023	1
1138079	2
1138128	1
1138134	1
1138145	1
1138216	1
1138249	1
1138284	1
1138295	1
1138346	1
1138442	1
1138503	1
1138548	1
1138569	1
1138572	1
1138741	1
1138820	1
1138871	1
1139121	1
1139139	1
1139359	1
1139404	1
1139418	1
1139423	1
1139529	1
1139541	1
1139667	1
1139699	1
1139769	1
1139863	1
1139930	1
1140037	1
1140053	1
1140064	1
1140070	1
1140086	1
1140190	1
1140432	1
1140444	1
1140493	1
1140556	1
1140597	1
1140821	1
1140967	1
1140999	1
1141033	1
1141047	1
1141059	2
1141088	1
1141148	1
1141338	1
1141342	1
1141356	1
1141383	1
1141397	1
1141544	1
1141558	1
1141739	1
1141816	1
1141827	1
1141851	1
1141935	1
1142024	1
1142091	1
1142106	1
1142120	1
1142171	1
1142260	1
1142329	1
1142341	1
1142402	1
1142427	1
1142495	1
1142523	1
1142562	1
1142596	1
1142600	1
1142658	1
1142707	1
1142722	1
1142852	1
1142876	1
1142977	1
1142994	1
1143073	1
1143243	1
1143266	1
1143277	1
1143399	1
1143487	1
1143491	1
1143535	1
1143688	1
1143692	1
1143909	2
1143911	1
1143938	1
1144022	1
1144054	1
1144081	1
1144129	1
1144224	1
1144331	1
1144494	1
1144527	1
1144609	1
1144767	1
1144780	1
1144817	1
1144826	1
1144889	1
1144914	1
1144920	1
1144947	1
1144988	1
1145052	1
1145076	1
1145131	1
1145162	1
1145196	1
1145222	1
1145290	1
1145368	1
1145515	1
1145521	1
1145543	1
1145732	1
1145758	1
1145761	1
1145811	1
1145825	1
1145912	1
1145929	1
1145964	2
1146000	1
1146017	1
1146058	1
1146075	1
1146127	1
1146130	1
1146245	1
1146267	1
1146533	1
1146588	1
1146690	1
1146709	1
1146742	1
1146836	1
1146887	1
1146931	1
1147015	1
1147021	1
1147094	1
1147109	1
1147111	1
1147247	1
1147422	1
1147446	2
1147501	1
1147580	1
1147599	1
1147605	1
1147612	1
1147653	1
1147768	1
1147773	1
1147831	1
1147840	1
1147991	1
1148009	1
1148038	1
1148042	1
1148166	1
1148200	1
1148217	1
1148306	1
1148359	1
1148371	1
1148388	1
1148479	1
1148496	1
1148613	1
1148724	1
1148748	1
1148819	1
1148846	1
1148916	1
1148949	1
1148968	1
1149062	1
1149079	1
1149113	2
1149199	1
1149295	1
1149335	1
1149411	1
1149438	1
1149442	1
1149497	1
1149536	1
1149555	1
1149643	1
1149650	1
1149666	1
1149737	1
1149753	1
1149770	1
1149806	1
1149833	1
1149888	2
1149958	1
1150027	1
1150084	1
1150424	1
1150491	1
1150606	1
1150762	1
1150805	1
1150853	1
1151018	1
1151085	1
1151113	1
1151145	1
1151176	1
1151180	1
1151199	1
1151202	1
1151251	1
1151346	1
1151425	1
1151587	1
1151650	1
1151786	1
1151798	1
1151806	1
1151917	1
1151926	1
1152001	1
1152080	1
1152099	1
1152157	1
1152207	1
1152290	1
1152406	1
1152420	1
1152433	1
1152465	1
1152492	1
1152515	1
1152539	1
1152577	1
1152594	1
1152672	1
1152691	1
1152775	1
1152809	1
1152838	1
1152912	1
1152941	2
1152953	1
1152998	1
1153033	1
1153092	1
1153103	1
1153136	1
1153169	1
1153172	1
1153187	1
1153264	1
1153445	1
1153623	1
1153640	1
1153679	1
1153696	1
1153750	1
1153868	1
1153919	1
1153935	1
1153963	1
1154000	1
1154032	1
1154102	1
1154130	1
1154234	2
1154280	1
1154514	1
1154547	1
1154654	1
1154690	1
1154725	1
1154774	1
1154783	1
1154904	1
1154923	1
1154931	1
1154940	1
1154962	1
1154985	1
1154996	1
1155038	1
1155108	1
1155150	1
1155306	1
1155333	1
1155404	1
1155440	1
1155496	1
1155512	1
1155598	1
1155634	1
1155645	1
1155667	1
1155724	1
1155748	1
1155787	1
1155835	1
1155890	1
1155951	1
1155968	1
1155973	1
1156024	1
1156055	1
1156091	1
1156114	2
1156159	1
1156165	2
1156209	2
1156305	2
1156416	1
1156473	1
1156562	1
1156600	1
1156867	1
1156880	1
1156966	1
1157012	1
1157135	1
1157336	1
1157461	1
1157511	1
1157583	1
1157602	1
1157668	1
1157815	1
1157843	1
1158035	1
1158054	1
1158090	1
1158105	1
1158153	1
1158170	1
1158236	1
1158269	1
1158421	1
1158443	1
1158502	1
1158516	1
1158584	1
1158656	1
1158745	1
1158776	1
1158799	1
1158800	1
1158844	1
1158861	1
1158875	1
1158988	1
1159021	1
1159138	1
1159247	1
1159288	1
1159317	1
1159419	1
1159446	1
1159463	1
1159501	1
1159528	1
1159534	1
1159605	1
1159664	1
1159670	1
1159686	1
1159702	1
1159727	1
1159751	1
1159795	1
1159804	1
1159885	1
1159903	1
1159948	1
1159969	1
1159987	1
1159991	1
1160033	1
1160047	1
1160229	1
1160311	1
1160342	1
1160360	1
1160374	1
1160383	1
1160452	1
1160544	1
1160623	1
1160708	1
1160750	1
1160794	1
1160802	1
1160827	1
1160830	1
1160849	1
1160851	1
1160919	1
1160990	1
1161008	1
1161039	1
1161082	1
1161094	1
1161109	1
1161125	1
1161160	1
1161174	1
1161214	2
1161375	1
1161599	1
1161612	1
1161664	1
1161727	1
1161751	1
1161784	1
1161795	1
1161862	1
1161903	1
1161969	1
1162074	1
1162177	1
1162261	2
1162457	1
1162479	1
1162564	1
1162628	1
1162676	1
1162736	1
1162769	2
1162854	1
1162863	1
1162902	1
1162927	1
1162973	1
1163018	1
1163023	1
1163062	1
1163085	1
1163113	1
1163176	2
1163202	1
1163227	1
1163268	1
1163273	1
1163378	1
1163381	2
1163483	1
1163497	1
1163524	1
1163555	1
1163621	1
1163650	1
1163682	1
1163753	1
1163764	1
1163770	1
1163806	1
1163859	1
1163917	1
1163961	1
1164003	1
1164055	1
1164114	1
1164147	1
1164256	1
1164468	1
1164473	2
1164504	1
1164523	1
1164632	1
1164693	1
1164722	1
1164735	1
1164781	1
1164790	2
1164845	1
1164852	1
1164876	1
1164921	1
1164966	1
1164994	1
1165078	1
1165153	1
1165248	1
1165272	1
1165357	1
1165362	1
1165379	1
1165482	1
1165551	1
1165611	1
1165674	1
1165697	1
1165745	1
1165893	1
1165920	1
1165933	1
1165959	1
1166001	1
1166118	1
1166196	1
1166235	1
1166316	1
1166330	1
1166384	1
1166406	1
1166488	1
1166603	1
1166691	1
1166726	1
1166732	1
1166789	1
1166809	1
1166874	1
1166905	1
1166937	1
1166941	1
1166953	1
1166964	1
1166986	1
1167002	1
1167084	2
1167100	1
1167132	1
1167161	1
1167250	1
1167301	1
1167313	1
1167380	2
1167472	1
1167491	1
1167507	1
1167519	1
1167633	1
1167659	1
1167688	1
1167853	2
1167886	2
1168000	1
1168093	1
1168127	1
1168245	1
1168276	1
1168299	1
1168308	1
1168339	1
1168405	1
1168429	1
1168588	1
1168711	1
1168725	1
1168962	1
1169012	1
1169064	1
1169122	1
1169135	1
1169154	1
1169257	1
1169279	1
1169324	1
1169511	1
1169538	1
1169630	1
1169673	1
1169706	1
1169714	1
1169765	1
1169815	1
1170213	1
1170228	1
1170245	1
1170267	1
1170308	2
1170315	1
1170321	1
1170405	1
1170453	1
1170622	1
1170654	1
1170756	1
1170904	1
1170962	1
1171097	1
1171194	1
1171275	1
1171423	1
1171457	2
1171462	1
1171479	1
1171537	1
1171564	1
1171676	1
1171791	1
1171916	2
1171930	1
1171951	1
1172043	1
1172109	1
1172142	1
1172174	1
1172292	1
1172358	1
1172422	1
1172463	1
1172490	1
1172501	1
1172576	1
1172637	1
1172641	1
1172653	1
1172686	1
1172784	1
1172818	1
1172823	1
1172862	1
1172896	1
1172924	1
1172936	1
1172948	1
1172969	1
1172991	1
1173046	1
1173054	1
1173105	1
1173170	1
1173186	1
1173255	1
1173291	1
1173362	1
1173408	1
1173443	1
1173450	1
1173568	1
1173584	1
1173609	1
1173611	1
1173642	1
1173656	1
1173780	1
1173800	1
1173832	1
1173947	1
1174002	1
1174068	1
1174132	1
1174243	1
1174380	1
1174410	1
1174424	1
1174491	1
1174546	1
1174581	1
1174692	2
1174740	1
1174757	1
1174779	1
1174853	1
1174974	1
1175079	1
1175101	1
1175113	1
1175199	1
1175322	1
1175390	1
1175503	1
1175510	1
1175548	1
1175682	1
1175764	1
1175798	1
1176012	1
1176029	1
1176053	1
1176119	1
1176135	1
1176163	1
1176204	1
1176262	1
1176303	1
1176387	1
1176391	1
1176426	1
1176432	1
1176475	1
1176649	1
1176668	1
1176695	1
1176706	1
1176808	1
1176839	1
1176843	1
1176866	1
1176882	1
1176952	1
1177003	1
1177106	1
1177147	1
1177171	1
1177256	1
1177337	1
1177370	1
1177398	1
1177402	1
1177468	1
1177504	1
1177540	1
1177557	1
1177626	1
1177658	1
1177675	1
1177735	1
1177939	1
1177943	1
1178033	1
1178071	1
1178172	2
1178212	1
1178229	1
1178241	1
1178253	1
1178264	1
1178270	1
1178338	1
1178342	1
1178467	1
1178480	1
1178575	1
1178708	1
1178802	1
1178816	1
1178873	1
1178907	1
1178922	1
1178946	1
1179123	1
1179131	1
1179185	1
1179263	1
1179302	1
1179414	1
1179447	1
1179577	1
1179603	1
1179655	1
1179775	1
1179964	2
1179970	1
1179998	1
1180007	1
1180019	1
1180054	1
1180078	1
1180081	1
1180105	1
1180112	2
1180198	1
1180318	1
1180408	1
1180477	1
1180568	1
1180660	1
1180728	1
1180776	1
1180826	1
1180914	1
1181013	1
1181028	1
1181045	1
1181104	1
1181162	1
1181246	1
1181278	1
1181290	2
1181302	1
1181316	1
1181327	1
1181395	2
1181414	1
1181433	1
1181465	1
1181488	1
1181492	1
1181508	1
1181550	1
1181594	1
1181603	1
1181700	1
1181744	1
1181775	1
1181811	1
1181825	1
1181905	1
1181970	1
1182031	1
1182062	1
1182113	1
1182128	1
1182202	1
1182216	1
1182249	1
1182335	1
1182378	1
1182425	1
1182460	1
1182615	1
1182677	1
1182871	1
1182958	1
1182975	1
1182989	1
1183009	1
1183025	2
1183108	1
1183143	1
1183150	1
1183182	1
1183217	1
1183275	1
1183404	1
1183529	1
1183598	1
1183645	1
1183652	1
1183676	1
1183703	1
1183949	1
1183968	1
1183995	1
1184005	1
1184086	1
1184098	1
1184324	1
1184348	1
1184489	1
1184493	1
1184511	1
1184560	1
1184627	1
1184651	1
1184684	1
1184765	1
1184967	1
1185033	1
1185155	1
1185205	1
1185286	1
1185325	1
1185374	1
1185397	1
1185401	1
1185500	1
1185561	1
1185589	1
1185657	1
1185766	1
1185777	1
1185782	1
1185794	1
1185946	1
1185963	1
1186082	1
1186206	1
1186288	1
1186361	1
1186393	1
1186454	1
1186534	1
1186580	1
1186664	1
1186670	1
1186716	1
1186751	1
1186773	1
1186823	1
1186885	1
1186936	1
1186955	1
1186987	1
1187017	1
1187044	1
1187058	1
1187130	1
1187168	1
1187228	1
1187245	1
1187453	1
1187514	1
1187559	1
1187783	1
1187803	1
1187848	1
1187855	1
1187869	1
1187957	1
1187962	1
1188002	1
1188049	1
1188100	1
1188132	1
1188144	1
1188243	1
1188507	1
1188671	1
1188692	1
1188704	1
1188718	1
1188812	1
1188837	1
1188864	1
1188898	2
1188911	1
1188938	1
1188942	1
1188956	1
1189036	1
1189106	1
1189211	1
1189260	1
1189416	1
1189468	1
1189644	1
1189735	1
1189746	1
1189790	1
1189880	1
1189950	1
1190108	1
1190115	1
1190150	1
1190200	1
1190359	1
1190392	1
1190418	1
1190457	1
1190529	1
1190680	1
1190703	1
1190724	2
1190769	1
1190822	1
1190930	1
1190973	1
1191133	1
1191147	1
1191211	1
1191370	1
1191402	1
1191416	1
1191579	1
1191626	1
1191632	1
1191781	1
1191876	1
1191921	1
1191943	1
1192006	1
1192071	1
1192092	1
1192212	1
1192286	1
1192325	1
1192338	1
1192445	1
1192526	1
1192558	1
1192575	1
1192685	1
1192830	2
1192849	1
1192873	1
1192907	1
1192922	1
1193028	1
1193034	1
1193076	1
1193140	1
1193157	1
1193222	1
1193263	1
1193290	1
1193327	1
1193414	1
1193521	1
1193603	1
1193655	1
1193775	1
1193856	1
1194043	1
1194094	2
1194288	1
1194326	1
1194389	1
1194419	1
1194501	1
1194580	1
1194653	1
1194702	1
1194727	1
1194804	1
1194831	1
1194840	1
1194885	1
1194896	1
1194924	1
1195027	1
1195095	1
1195117	2
1195126	1
1195328	1
1195376	1
1195403	1
1195519	2
1195535	1
1195578	1
1195633	1
1195692	1
1195704	1
1195718	1
1195911	1
1195925	1
1195974	1
1195997	1
1196023	1
1196031	1
1196040	1
1196101	1
1196216	1
1196249	1
1196307	1
1196346	1
1196363	1
1196411	1
1196460	1
1196483	1
1196510	1
1196677	1
1196786	1
1196798	1
1196806	1
1196814	1
1196865	1
1196888	1
1196900	1
1196926	1
1197022	1
1197078	1
1197105	1
1197137	1
1197170	1
1197396	1
1197415	1
1197466	1
1197502	1
1197625	1
1197638	1
1197776	1
1197875	1
1197959	1
1198029	1
1198037	1
1198053	1
1198064	1
1198190	1
1198204	1
1198279	1
1198285	1
1198303	1
1198310	1
1198355	1
1198391	1
1198432	1
1198461	1
1198511	1
1198525	1
1198560	1
1198627	1
1198649	1
1198651	1
1198668	1
1198673	1
1198714	1
1198765	1
1198821	1
1198843	1
1198866	1
1199000	1
1199116	1
1199213	1
1199280	1
1199308	1
1199315	1
1199321	1
1199470	1
1199506	1
1199565	1
1199588	1
1199663	1
1199756	1
1199760	1
1199774	1
1199803	1
1199836	1
1199855	1
1199904	1
1199918	1
1200018	1
1200079	1
1200145	1
1200199	1
1200230	1
1200249	1
1200307	1
1200319	1
1200346	1
1200354	1
1200411	1
1200438	1
1200442	1
1200456	1
1200483	1
1200608	1
1200615	1
1200712	1
1200737	1
1200764	1
1200865	1
1200871	1
1200926	1
1200944	1
1200958	1
1200993	1
1201012	2
1201064	1
1201119	1
1201154	1
1201190	1
1201257	1
1201348	1
1201400	1
1201458	1
1201556	1
1201695	1
1201759	1
1201850	1
1201934	1
1201967	1
1202112	2
1202137	1
1202198	1
1202224	1
1202323	1
1202396	1
1202443	1
1202477	1
1202494	1
1202568	1
1202625	1
1202697	1
1202745	1
1202767	1
1202832	1
1202844	1
1203094	1
1203233	1
1203292	1
1203375	1
1203389	1
1203490	1
1203501	1
1203567	1
1203605	1
1203641	1
1203664	1
1203823	1
1203896	1
1203948	1
1203955	1
1203972	1
1204013	1
1204045	1
1204052	1
1204067	1
1204179	1
1204219	1
1204278	1
1204330	1
1204368	1
1204384	1
1204406	2
1204508	1
1204515	1
1204543	1
1204550	1
1204577	1
1204655	1
1204687	1
1204700	1
1204838	1
1204874	1
1204897	1
1204905	1
1204929	1
1204998	1
1205000	1
1205017	1
1205058	1
1205116	1
1205184	1
1205252	1
1205377	1
1205412	1
1205520	1
1205571	1
1205646	1
1205663	1
1205725	1
1205738	1
1205887	1
1205923	1
1206056	1
1206060	1
1206121	1
1206258	2
1206261	1
1206314	1
1206320	1
1206333	1
1206359	1
1206392	1
1206479	1
1206496	1
1206505	1
1206553	1
1206645	1
1206676	2
1206710	1
1206724	1
1206772	1
1206819	1
1206916	1
1206968	1
1207006	1
1207136	1
1207148	1
1207155	1
1207169	1
1207191	1
1207205	1
1207325	1
1207413	1
1207445	1
1207499	1
1207589	1
1207662	1
1207750	1
1207802	1
1207868	1
1207907	1
1208010	1
1208048	1
1208069	1
1208106	1
1208147	1
1208211	1
1208256	1
1208305	1
1208312	1
1208427	1
1208468	1
1208473	1
1208557	1
1208596	1
1208632	1
1208644	1
1208867	1
1208876	1
1209049	1
1209095	1
1209100	1
1209132	1
1209161	1
1209215	1
1209250	1
1209266	1
1209301	1
1209334	1
1209399	1
1209436	1
1209472	1
1209487	1
1209522	1
1209535	1
1209546	1
1209647	1
1209718	1
1209779	1
1209837	1
1209853	1
1209898	1
1209911	1
1209960	1
1210006	1
1210110	1
1210124	1
1210136	1
1210148	1
1210155	1
1210205	1
1210241	1
1210270	1
1210526	2
1210593	1
1210604	1
1210715	1
1210750	1
1210802	1
1210827	1
1210849	1
1210851	1
1210907	1
1210919	1
1210954	1
1210963	1
1211015	1
1211050	1
1211077	1
1211160	1
1211174	1
1211183	1
1211214	1
1211271	1
1211375	1
1211422	1
1211435	1
1211552	1
1211629	1
1211702	1
1211730	1
1211749	1
1211862	1
1211910	1
1212060	1
1212074	1
1212115	1
1212139	1
1212143	1
1212166	1
1212217	1
1212226	1
1212388	1
1212392	1
1212404	1
1212564	1
1212680	1
1212835	1
1212854	1
1212930	1
1212984	1
1213023	1
1213031	1
1213040	1
1213145	1
1213268	1
1213409	1
1213483	1
1213524	1
1213536	1
1213639	1
1213705	1
1213753	1
1213786	1
1213871	1
1213900	1
1213926	1
1213958	1
1213989	1
1214114	1
1214364	1
1214398	1
1214416	1
1214427	1
1214449	1
1214484	1
1214523	2
1214617	1
1214644	1
1214658	1
1214719	1
1214763	2
1214834	1
1214915	1
1215035	1
1215063	1
1215186	1
1215198	1
1215318	1
1215357	1
1215415	2
1215443	1
1215466	1
1215595	1
1215609	1
1215683	1
1215914	1
1215959	1
1215992	1
1216013	1
1216045	1
1216067	1
1216123	1
1216302	1
1216384	1
1216465	1
1216515	1
1216550	1
1216577	1
1216594	1
1216636	1
1216700	1
1216758	1
1216883	1
1216964	1
1217002	1
1217030	1
1217117	2
1217126	1
1217277	1
1217328	1
1217376	1
1217620	1
1217633	1
1217659	1
1217665	1
1217671	1
1217762	1
1217829	1
1217841	1
1217853	1
1217956	1
1217983	1
1218026	1
1218116	1
1218149	1
1218151	1
1218299	1
1218366	1
1218453	1
1218506	1
1218520	1
1218547	1
1218592	1
1218619	1
1218635	1
1218738	1
1218783	1
1218810	1
1218824	1
1218836	1
1218887	1
1218923	1
1218931	2
1218957	1
1218996	1
1219029	1
1219037	1
1219064	1
1219181	1
1219240	1
1219285	1
1219391	1
1219493	1
1219509	1
1219560	1
1219602	1
1219616	1
1219714	1
1219733	1
1219792	1
1219815	1
1219894	1
1219901	1
1219945	2
1220055	1
1220091	1
1220106	1
1220159	1
1220283	1
1220329	1
1220341	1
1220370	1
1220398	1
1220402	1
1220484	1
1220531	1
1220600	1
1220689	1
1220876	1
1220966	1
1220994	1
1221019	1
1221063	1
1221137	1
1221198	1
1221255	1
1221318	1
1221421	1
1221466	1
1221477	1
1221502	1
1221549	1
1221625	1
1221642	1
1221674	1
1221728	1
1221734	1
1221752	1
1221776	1
1221799	1
1221817	1
1221875	1
1221965	1
1222037	1
1222053	1
1222086	1
1222122	1
1222146	1
1222190	1
1222223	1
1222231	1
1222303	1
1222372	1
1222461	1
1222602	1
1222627	1
1222706	1
1222821	1
1222913	1
1222934	1
1222945	1
1223017	1
1223044	1
1223116	1
1223234	1
1223245	1
1223280	1
1223299	1
1223315	1
1223441	1
1223533	1
1223588	1
1223646	1
1223690	1
1223783	1
1223855	1
1223891	1
1223918	1
1223957	1
1223996	1
1224006	1
1224014	1
1224136	1
1224169	1
1224191	1
1224205	1
1224241	1
1224270	1
1224309	1
1224360	1
1224434	1
1224532	1
1224589	1
1224640	1
1224685	1
1224739	1
1224743	1
1224782	1
1224816	1
1224884	1
1224922	2
1224935	1
1224954	1
1224963	1
1225039	1
1225077	1
1225156	1
1225358	1
1225361	1
1225419	1
1225422	1
1225435	1
1225513	1
1225528	1
1225576	1
1225698	1
1225751	1
1225768	1
1225773	1
1225795	1
1225818	1
1225948	1
1225955	1
1225972	1
1226068	1
1226100	1
1226161	1
1226193	1
1226243	1
1226282	1
1226301	1
1226328	1
1226352	1
1226487	1
1226578	1
1226614	1
1226671	1
1226757	1
1226829	1
1226841	2
1226864	1
1227013	1
1227099	1
1227104	1
1227179	1
1227207	1
1227219	1
1227281	1
1227290	1
1227316	1
1227330	1
1227349	1
1227414	1
1227433	1
1227447	1
1227465	1
1227521	1
1227539	1
1227550	2
1227717	1
1227744	1
1227970	1
1228004	1
1228057	1
1228096	1
1228134	1
1228199	1
1228202	1
1228216	1
1228268	1
1228425	1
1228456	1
1228677	1
1228753	1
1228888	1
1228900	1
1228926	1
1229042	1
1229056	1
1229097	1
1229139	1
1229200	1
1229217	1
1229601	1
1229699	1
1229703	1
1229772	1
1229835	1
1229863	1
1229890	1
1229927	1
1230032	1
1230058	1
1230089	1
1230173	1
1230486	1
1230565	1
1230607	1
1230646	1
1230678	1
1230681	1
1230711	1
1230725	1
1230760	1
1230872	1
1230918	1
1230957	1
1230962	1
1230985	2
1231009	1
1231115	1
1231359	1
1231371	2
1231392	1
1231404	1
1231431	1
1231462	2
1231601	1
1231676	1
1231680	2
1231748	1
1231772	1
1231822	1
1231835	1
1231846	1
1231949	1
1232111	1
1232125	1
1232206	1
1232332	1
1232344	1
1232407	1
1232454	1
1232478	1
1232513	1
1232612	1
1232686	1
1232730	1
1232768	1
1232773	1
1232831	1
1232885	1
1232903	2
1232948	1
1233054	1
1233164	1
1233248	1
1233255	1
1233408	1
1233443	1
1233502	1
1233609	1
1233660	1
1233734	1
1233752	1
1233817	1
1233875	1
1233906	2
1233947	1
1233965	1
1234002	1
1234084	1
1234117	1
1234126	1
1234158	1
1234193	1
1234328	1
1234376	1
1234399	1
1234403	1
1234410	1
1234424	1
1234455	1
1234472	1
1234535	1
1234633	1
1234723	1
1234740	1
1234757	1
1234779	1
1234785	1
1234886	1
1234909	1
1234942	1
1234974	1
1234983	1
1235018	1
1235176	1
1235180	1
1235202	1
1235335	1
1235381	1
1235503	1
1235569	1
1235572	1
1235621	1
1235639	1
1235741	1
1235798	1
1235806	1
1235820	1
1235847	1
1235900	1
1235958	1
1236064	1
1236070	1
1236119	1
1236296	1
1236355	1
1236387	1
1236391	1
1236458	1
1236489	1
1236493	1
1236509	1
1236747	1
1236788	1
1236815	1
1236839	1
1236901	1
1236928	1
1237003	1
1237036	1
1237048	1
1237106	1
1237171	1
1237209	1
1237256	1
1237260	1
1237274	1
1237312	1
1237341	1
1237353	1
1237364	1
1237427	1
1237449	1
1237518	1
1237632	1
1237658	1
1237754	2
1237763	1
1237915	1
1237939	1
1237966	1
1238006	1
1238148	1
1238205	1
1238212	1
1238309	1
1238397	1
1238401	1
1238532	1
1238589	1
1238604	1
1238657	1
1238696	1
1238708	1
1238750	1
1238766	1
1238794	1
1238802	1
1238851	1
1238873	1
1238919	1
1238946	1
1238963	1
1239001	1
1239052	1
1239123	1
1239131	1
1239162	1
1239196	1
1239281	1
1239384	1
1239406	1
1239420	1
1239521	1
1239577	1
1239732	2
1239811	1
1239912	1
1239953	1
1240043	1
1240050	1
1240094	1
1240156	1
1240220	1
1240233	1
1240300	1
1240407	1
1240446	1
1240454	1
1240528	1
1240637	1
1240653	1
1240751	1
1240831	1
1240936	1
1240969	1
1241100	2
1241117	1
1241132	1
1241161	1
1241189	1
1241193	1
1241208	1
1241380	1
1241424	1
1241436	1
1241448	1
1241563	1
1241659	1
1241665	1
1241688	1
1241718	1
1241740	1
1241779	1
1241805	1
1241909	1
1241925	1
1242017	1
1242032	1
1242058	2
1242061	2
1242075	1
1242130	1
1242149	1
1242213	1
1242228	1
1242299	1
1242321	1
1242339	1
1242366	1
1242412	1
1242520	1
1242533	1
1242559	1
1242635	1
1242690	1
1242797	1
1242803	1
1242836	1
1242887	1
1242931	1
1242962	1
1242996	1
1243135	1
1243146	1
1243348	1
1243369	1
1243372	1
1243387	1
1243400	1
1243426	1
1243489	1
1243493	1
1243511	1
1243597	1
1243630	1
1243668	1
1243673	1
1243706	1
1243747	1
1243765	1
1243815	1
1243894	1
1243945	1
1244038	1
1244074	1
1244115	1
1244143	1
1244177	1
1244217	1
1244440	1
1244462	1
1244529	1
1244537	1
1244570	1
1244601	1
1244613	1
1244645	1
1244703	1
1244724	1
1244755	1
1244769	1
1244772	1
1244951	1
1244973	1
1245024	1
1245036	1
1245091	1
1245188	1
1245192	1
1245283	1
1245305	1
1245427	1
1245451	1
1245600	2
1245617	2
1245632	1
1245658	1
1245801	1
1245845	1
1245880	1
1245966	1
1245982	1
1246007	1
1246090	1
1246164	1
1246203	1
1246224	1
1246272	1
1246421	2
1246450	1
1246477	1
1246584	1
1246611	1
1246660	1
1246728	1
1246734	2
1246799	1
1246800	1
1246817	1
1246914	1
1246933	1
1246947	1
1247023	1
1247057	1
1247085	1
1247096	1
1247145	1
1247180	1
1247268	1
1247378	1
1247425	1
1247474	1
1247524	1
1247555	1
1247587	1
1247615	1
1247643	1
1247650	1
1247712	1
1247932	1
1247993	1
1248028	1
1248045	1
1248099	2
1248162	1
1248196	1
1248207	1
1248219	1
1248235	1
1248330	1
1248384	1
1248414	1
1248420	1
1248465	1
1248471	1
1248488	1
1248508	1
1248594	1
1248624	1
1248655	1
1248691	1
1248700	2
1248789	1
1248809	1
1248842	1
1249020	1
1249059	1
1249088	1
1249136	1
1249187	1
1249325	1
1249401	1
1249476	1
1249500	1
1249544	1
1249593	1
1249715	1
1249777	1
1250107	1
1250122	1
1250146	1
1250204	1
1250257	1
1250310	1
1250391	1
1250458	1
1250475	1
1250602	1
1250616	1
1250765	1
1250808	1
1250945	1
1250999	1
1251014	1
1251059	1
1251071	1
1251187	1
1251270	1
1251298	1
1251338	1
1251356	1
1251360	1
1251445	1
1251721	1
1251739	1
1251777	1
1251794	2
1251851	1
1251895	1
1251946	1
1252003	1
1252048	1
1252114	1
1252159	1
1252192	1
1252225	1
1252398	1
1252402	1
1252427	1
1252451	1
1252484	1
1252557	1
1252562	1
1252585	1
1252626	1
1252719	1
1252781	1
1252813	1
1252966	1
1253030	1
1253049	1
1253073	1
1253126	1
1253132	1
1253158	1
1253189	1
1253277	1
1253352	1
1253367	1
1253472	1
1253491	1
1253546	1
1253554	1
1253620	1
1253647	1
1253659	1
1253688	1
1253779	1
1253785	1
1253853	1
1253898	1
1253911	1
1253942	1
1253960	1
1254046	1
1254078	1
1254186	1
1254269	1
1254287	1
1254362	1
1254385	1
1254421	1
1254450	1
1254477	1
1254494	1
1254713	1
1254752	1
1254861	1
1254875	1
1254906	1
1254920	1
1254947	1
1254965	1
1255052	1
1255099	1
1255179	1
1255235	1
1255254	1
1255302	1
1255368	1
1255406	1
1255471	1
1255508	1
1255521	1
1255543	1
1255550	1
1255582	1
1255842	1
1255860	1
1255941	1
1255970	1
1256026	1
1256201	1
1256252	1
1256280	1
1256308	1
1256350	1
1256377	1
1256382	1
1256470	1
1256565	1
1256588	1
1256646	1
1256681	1
1256869	1
1256923	1
1256962	1
1257077	1
1257082	1
1257109	1
1257197	1
1257206	1
1257247	1
1257422	1
1257528	1
1257567	1
1257605	1
1257641	1
1257670	1
1257749	1
1257751	1
1257768	1
1257924	1
1257955	1
1257991	1
1258011	1
1258025	1
1258042	1
1258074	1
1258108	1
1258347	1
1258359	1
1258371	1
1258392	1
1258462	1
1258505	1
1258529	1
1258667	1
1258724	1
1258835	1
1258878	1
1258995	1
1259113	1
1259167	1
1259268	1
1259295	1
1259319	1
1259483	1
1259524	1
1259569	1
1259591	1
1259650	1
1259682	1
1259764	1
1259786	1
1259859	1
1259888	1
1259926	1
1259944	1
1260002	1
1260027	1
1260049	1
1260068	1
1260100	1
1260117	1
1260161	1
1260266	1
1260334	1
1260376	1
1260410	2
1260535	1
1260546	1
1260606	1
1260633	1
1260659	1
1260704	1
1260740	1
1260805	1
1260812	1
1260841	1
1260938	1
1260942	1
1260960	1
1261145	1
1261202	2
1261268	1
1261307	1
1261335	1
1261363	1
1261442	1
1261548	1
1261555	1
1261569	1
1261572	1
1261587	1
1261741	1
1261859	1
1261932	2
1262001	1
1262052	1
1262080	1
1262099	1
1262123	1
1262131	1
1262140	1
1262235	1
1262246	1
1262316	1
1262368	1
1262406	1
1262414	1
1262447	1
1262471	1
1262488	1
1262610	1
1262648	1
1262672	1
1262761	1
1262838	1
1262842	1
1262905	1
1262941	1
1263033	1
1263047	1
1263065	1
1263088	1
1263124	1
1263148	1
1263264	1
1263270	1
1263311	1
1263325	1
1263480	1
1263618	1
1263623	1
1263685	1
1263696	1
1263708	1
1263766	1
1263816	1
1263849	1
1263922	1
1264075	1
1264116	1
1264245	1
1264267	2
1264308	1
1264339	1
1264437	1
1264470	1
1264486	1
1264498	1
1264588	1
1264592	1
1264711	1
1264742	1
1264836	1
1264891	1
1264923	1
1264931	1
1264962	2
1265009	1
1265025	1
1265108	1
1265150	1
1265200	1
1265293	1
1265359	1
1265431	1
1265479	1
1265537	1
1265613	1
1265634	1
1265699	1
1265703	1
1265736	1
1265772	1
1265902	1
1265984	1
1266036	1
1266055	1
1266341	1
1266449	1
1266484	1
1266557	1
1266562	1
1266585	1
1266617	1
1266658	1
1266661	1
1266778	1
1266867	2
1266908	1
1266939	1
1266966	1
1267005	1
1267218	1
1267223	1
1267257	1
1267493	1
1267630	1
1267695	1
1267720	1
1267808	1
1267815	1
1268105	1
1268210	1
1268255	1
1268291	1
1268421	1
1268443	1
1268477	1
1268494	1
1268502	1
1268638	1
1268642	1
1268656	1
1268697	1
1268745	1
1268799	2
1268893	1
1268992	1
1269050	1
1269094	1
1269111	1
1269125	1
1269435	1
1269454	1
1269501	1
1269528	1
1269567	1
1269727	1
1269773	1
1269831	1
1269857	1
1269862	1
1269879	1
1269885	1
1269936	1
1269948	1
1270035	1
1270046	1
1270112	1
1270203	1
1270255	1
1270269	1
1270272	1
1270357	1
1270362	1
1270379	1
1270516	1
1270527	1
1270573	1
1270595	1
1270611	1
1270660	1
1270701	1
1270728	1
1270780	1
1270826	1
1270844	1
1270858	1
1270914	1
1270920	1
1271013	1
1271076	1
1271099	1
1271104	1
1271140	1
1271185	1
1271263	2
1271281	1
1271330	1
1271349	1
1271351	1
1271384	1
1271471	1
1271488	1
1271543	1
1271566	1
1271594	1
1271655	1
1271717	1
1271744	1
1271793	1
1271838	1
1271897	1
1271912	1
1271937	1
1271941	1
1272062	1
1272113	1
1272152	2
1272199	1
1272251	1
1272284	1
1272307	1
1272319	1
1272503	1
1272524	1
1272536	1
1272548	1
1272569	1
1272587	1
1272608	1
1272621	2
1272639	1
1272650	1
1272705	1
1272729	1
1272737	1
1272806	1
1272833	1
1272847	1
1272859	1
1272865	1
1272993	1
1273074	1
1273083	1
1273194	1
1273226	1
1273275	1
1273289	1
1273365	1
1273388	1
1273423	1
1273440	1
1273462	1
1273479	1
1273553	1
1273645	1
1273652	1
1273676	1
1273699	1
1273755	1
1273854	1
1273878	1
1273881	1
1273927	2
1273949	1
1274012	1
1274029	2
1274086	1
1274107	1
1274135	1
1274163	1
1274178	1
1274231	1
1274279	1
1274285	1
1274310	1
1274348	1
1274400	1
1274417	1
1274444	1
1274649	1
1274706	1
1274808	1
1274980	1
1275006	1
1275020	1
1275033	1
1275059	1
1275110	2
1275155	1
1275191	1
1275298	1
1275360	1
1275413	1
1275544	1
1275623	1
1275657	1
1275696	1
1275708	1
1275802	1
1275849	1
1275851	1
1275873	1
1275954	1
1276039	1
1276125	1
1276183	1
1276271	1
1276361	1
1276375	1
1276393	1
1276528	1
1276545	1
1276576	1
1276599	1
1276637	1
1276670	1
1276686	1
1276727	1
1276862	1
1276955	1
1276991	1
1277026	1
1277102	1
1277168	1
1277173	1
1277280	2
1277299	1
1277343	1
1277382	1
1277429	1
1277588	1
1277690	1
1277923	1
1277931	1
1277940	1
1277957	1
1278051	1
1278132	2
1278161	1
1278221	1
1278250	1
1278277	1
1278313	1
1278334	2
1278352	1
1278448	1
1278606	1
1278620	1
1278665	1
1278870	1
1278909	1
1278942	1
1278983	1
1279024	1
1279114	1
1279133	1
1279211	1
1279256	1
1279312	1
1279341	1
1279430	1
1279579	1
1279632	1
1279675	1
1279707	1
1279719	1
1279735	1
1279852	1
1279899	1
1279950	1
1279966	1
1280011	1
1280025	1
1280108	1
1280232	2
1280261	1
1280320	1
1280388	1
1280485	1
1280564	1
1280755	1
1280769	1
1280791	1
1280927	1
1280949	1
1280968	1
1280995	1
1281165	1
1281211	1
1281225	1
1281305	1
1281353	1
1281484	1
1281518	1
1281523	1
1281562	1
1281813	1
1281908	1
1281966	1
1281977	1
1282014	1
1282092	1
1282148	1
1282155	1
1282212	1
1282241	1
1282286	1
1282338	1
1282360	1
1282413	1
1282558	1
1282604	1
1282631	1
1282657	1
1282750	1
1282802	1
1282816	1
1282873	1
1282895	1
1282922	1
1283034	1
1283104	1
1283222	1
1283235	1
1283246	1
1283330	1
1283414	1
1283465	1
1283508	1
1283515	1
1283594	1
1283603	1
1283636	1
1283809	1
1283842	1
1283970	1
1283986	1
1284050	1
1284066	1
1284094	1
1284111	1
1284220	1
1284233	1
1284265	2
1284292	1
1284326	1
1284407	1
1284454	2
1284463	1
1284605	1
1284698	1
1284784	1
1284795	1
1284857	1
1285095	1
1285126	1
1285158	1
1285175	1
1285250	1
1285277	1
1285294	1
1285334	1
1285455	1
1285469	1
1285563	1
1285620	1
1285659	1
1285762	2
1285785	1
1285796	1
1285805	1
1285812	1
1285853	1
1285886	1
1285956	1
1285974	1
1286096	1
1286113	1
1286199	1
1286284	1
1286335	1
1286354	1
1286363	1
1286411	1
1286460	1
1286591	2
1286615	1
1286764	1
1286806	1
1286833	1
1286958	1
1286961	1
1286989	1
1287019	1
1287022	1
1287081	1
1287112	1
1287210	1
1287236	1
1287323	1
1287357	1
1287362	1
1287385	1
1287396	1
1287502	1
1287527	1
1287584	1
1287609	1
1287656	1
1287697	1
1287734	1
1287799	1
1287947	1
1287971	1
1287992	1
1288041	1
1288098	1
1288135	1
1288387	1
1288400	1
1288461	1
1288509	1
1288525	1
1288574	1
1288649	1
1288747	1
1288765	1
1288808	1
1288843	1
1288877	1
1288894	1
1288928	1
1289044	1
1289061	1
1289075	1
1289093	1
1289130	1
1289168	2
1289299	1
1289366	1
1289565	2
1289622	1
1289690	1
1289709	1
1289957	1
1289962	1
1290013	1
1290034	1
1290235	1
1290278	1
1290368	1
1290488	1
1290550	1
1290577	1
1290594	1
1290603	1
1290655	1
1290687	1
1290691	1
1290726	1
1290842	1
1290941	1
1291102	1
1291130	1
1291195	1
1291213	1
1291280	1
1291315	1
1291350	1
1291377	2
1291382	1
1291412	1
1291453	1
1291498	1
1291520	1
1291533	1
1291588	1
1291619	1
1291635	1
1291646	1
1291678	1
1291783	1
1291869	1
1291887	1
1291931	1
1291979	1
1292016	1
1292100	1
1292243	1
1292334	1
1292376	1
1292448	1
1292487	1
1292522	1
1292590	1
1292633	1
1292718	1
1292796	1
1292829	1
1292837	1
1292841	1
1292864	1
1292909	1
1292938	1
1293024	1
1293069	1
1293072	1
1293087	1
1293283	1
1293364	1
1293402	1
1293427	1
1293473	1
1293495	1
1293531	1
1293540	1
1293579	1
1293596	1
1293813	1
1293908	1
1293950	1
1294062	1
1294096	1
1294202	1
1294216	1
1294227	2
1294319	1
1294666	1
1294677	1
1294764	1
1294806	1
1294814	1
1294871	1
1294932	1
1294944	1
1294958	1
1294989	1
1295012	1
1295029	1
1295053	1
1295107	1
1295122	1
1295178	1
1295181	1
1295296	1
1295369	1
1295400	1
1295426	1
1295432	1
1295444	1
1295461	1
1295525	1
1295556	1
1295649	1
1295651	1
1295684	1
1295759	1
1295771	1
1295808	1
1295815	1
1295839	1
1295934	1
1295967	1
1296071	1
1296148	1
1296172	1
1296205	1
1296241	1
1296309	1
1296342	1
1296360	1
1296480	1
1296544	1
1296558	1
1296696	1
1296816	1
1296873	1
1296935	1
1296978	1
1297025	1
1297182	1
1297217	1
1297232	1
1297244	1
1297261	1
1297505	1
1297564	1
1297601	1
1297613	1
1297634	1
1297652	1
1297680	1
1297846	1
1297916	1
1298082	1
1298138	1
1298142	1
1298271	1
1298407	1
1298513	1
1298534	1
1298599	1
1298637	1
1298686	1
1298818	1
1298823	1
1298857	1
1298885	1
1298936	1
1299022	1
1299046	1
1299141	1
1299170	1
1299210	1
1299255	1
1299287	1
1299323	1
1299385	1
1299421	1
1299439	1
1299516	1
1299551	1
1299638	1
1299683	1
1299701	1
1299713	1
1299776	1
1299858	1
1299914	1
1299947	1
1299992	1
1300002	1
1300049	1
1300100	1
1300144	1
1300175	1
1300221	1
1300250	1
1300277	1
1300334	1
1300410	1
1300424	1
1300436	1
1300487	1
1300491	1
1300522	1
1300665	1
1300671	1
1300704	1
1300762	1
1300796	1
1300938	1
1300960	1
1300974	1
1301023	1
1301101	1
1301145	1
1301230	1
1301268	1
1301483	1
1301497	1
1301569	1
1301591	1
1301639	1
1301643	1
1301677	1
1301682	1
1301753	1
1301847	1
1301871	1
1301926	1
1301958	1
1301961	1
1302104	1
1302131	1
1302157	1
1302162	1
1302281	1
1302316	1
1302349	1
1302603	1
1302624	1
1302691	1
1302700	1
1302726	1
1302838	1
1302883	1
1302941	1
1302953	1
1303020	1
1303047	1
1303088	1
1303092	1
1303191	1
1303212	1
1303229	1
1303237	1
1303253	1
1303270	1
1303383	1
1303434	1
1303445	2
1303476	1
1303589	1
1303593	2
1303631	1
1303685	1
1303715	1
1303721	1
1304032	1
1304058	1
1304116	1
1304127	1
1304213	1
1304245	1
1304267	1
1304276	1
1304308	1
1304321	1
1304339	1
1304571	1
1304588	1
1304725	1
1304742	1
1304824	1
1304836	1
1304869	1
1304887	1
1304891	1
1304904	1
1304996	1
1305025	1
1305056	1
1305097	1
1305115	1
1305150	1
1305258	1
1305404	1
1305418	1
1305431	1
1305440	1
1305479	1
1305586	1
1305601	1
1305613	1
1305634	1
1305680	1
1305791	2
1305822	1
1305835	1
1305881	1
1305927	1
1305951	1
1306003	1
1306048	1
1306114	1
1306147	1
1306192	1
1306242	1
1306274	1
1306337	1
1306341	1
1306353	1
1306364	1
1306427	1
1306518	1
1306523	1
1306557	1
1306626	1
1306735	1
1306746	1
1306801	1
1306813	1
1306845	1
1306899	1
1306939	1
1306977	1
1306982	1
1307029	1
1307041	1
1307070	1
1307098	1
1307146	1
1307178	1
1307190	1
1307223	1
1307285	1
1307369	1
1307417	1
1307461	1
1307475	1
1307525	1
1307556	1
1307560	1
1307627	1
1307706	1
1307771	1
1307792	1
1307839	1
1307877	1
1307894	1
1307934	1
1307945	1
1307999	1
1308007	1
1308019	1
1308063	1
1308105	1
1308198	1
1308255	1
1308287	1
1308304	1
1308385	1
1308421	1
1308638	1
1308642	1
1308656	1
1308674	1
1308701	1
1308767	1
1308776	1
1308832	1
1308933	1
1309039	1
1309066	1
1309094	1
1309109	1
1309160	1
1309197	1
1309214	2
1309292	1
1309300	1
1309332	1
1309358	1
1309686	1
1309716	1
1309831	1
1309857	1
1309969	1
1309972	1
1310029	1
1310041	1
1310053	1
1310107	1
1310135	2
1310178	1
1310204	1
1310223	1
1310231	1
1310285	1
1310324	1
1310387	1
1310400	1
1310461	1
1310493	1
1310538	1
1310560	1
1310651	1
1310808	1
1310843	1
1310894	1
1311033	1
1311088	1
1311110	1
1311124	1
1311136	1
1311148	1
1311155	1
1311270	2
1311298	1
1311374	1
1311476	1
1311657	1
1311662	1
1311696	1
1311782	2
1311830	1
1311981	1
1312069	1
1312087	1
1312106	1
1312165	1
1312188	1
1312312	1
1312386	1
1312402	1
1312484	1
1312585	1
1312626	1
1312632	1
1312661	1
1312675	1
1312754	2
1312763	1
1312801	1
1312813	1
1312834	1
1312876	1
1313051	1
1313132	1
1313239	1
1313313	1
1313352	1
1313436	1
1313469	1
1313507	1
1313563	1
1313590	1
1313665	1
1313796	1
1313805	1
1313886	1
1313898	1
1313909	1
1314090	1
1314105	1
1314129	1
1314137	1
1314141	1
1314164	1
1314248	1
1314269	1
1314287	1
1314362	1
1314439	1
1314443	1
1314502	1
1314551	1
1314573	1
1314817	1
1314914	1
1314933	1
1315045	1
1315080	1
1315118	1
1315179	1
1315594	1
1315624	1
1315636	1
1315744	1
1315761	1
1315789	1
1315838	1
1315860	1
1315883	1
1315964	1
1316026	1
1316044	1
1316058	1
1316093	1
1316151	1
1316173	1
1316184	1
1316195	1
1316213	1
1316276	1
1316308	1
1316377	1
1316405	1
1316441	1
1316453	1
1316470	1
1316565	1
1316619	1
1316635	1
1316646	1
1316654	1
1316690	1
1316725	1
1316738	1
1316742	1
1316891	1
1317008	1
1317015	1
1317039	1
1317043	1
1317066	1
1317111	1
1317125	1
1317142	1
1317160	1
1317317	1
1317326	1
1317344	1
1317375	1
1317389	1
1317454	1
1317490	1
1317513	1
1317528	1
1317534	1
1317629	1
1317670	1
1317686	1
1317773	1
1317823	1
1317857	1
1317903	1
1317991	1
1318025	1
1318083	1
1318097	1
1318150	1
1318194	1
1318200	1
1318289	1
1318306	1
1318359	1
1318365	1
1318392	1
1318457	1
1318462	1
1318496	1
1318537	1
1318628	1
1318667	1
1318699	1
1318703	1
1318769	1
1318822	1
1318846	1
1318863	1
1318878	1
1318930	1
1319004	1
1319031	1
1319040	1
1319062	1
1319176	1
1319180	1
1319307	1
1319378	1
1319587	1
1319591	1
1319643	1
1319650	1
1319741	1
1319753	1
1319786	1
1319865	2
1319900	1
1319932	1
1320153	1
1320186	1
1320304	1
1320385	1
1320408	1
1320421	1
1320439	1
1320443	1
1320466	1
1320609	1
1320660	1
1320752	1
1320767	1
1320776	1
1320832	1
1320861	1
1320959	1
1321001	1
1321028	1
1321045	1
1321052	1
1321118	1
1321162	1
1321196	1
1321235	1
1321406	1
1321414	1
1321594	1
1321636	1
1321775	1
1321905	1
1321929	1
1321937	1
1321941	1
1321964	1
1322031	1
1322079	1
1322128	2
1322167	1
1322322	1
1322354	1
1322363	1
1322497	1
1322705	1
1322729	1
1322820	1
1322847	1
1322961	1
1322975	1
1322989	1
1323038	1
1323042	1
1323121	1
1323143	1
1323182	1
1323440	1
1323496	1
1323601	1
1323772	1
1323807	1
1323822	1
1323846	1
1323881	1
1323951	1
1323973	1
1324053	1
1324204	1
1324285	1
1324444	1
1324458	1
1324649	1
1324651	1
1324668	1
1324706	1
1324720	1
1324792	1
1324882	1
1324913	1
1324945	1
1324952	1
1324999	1
1325110	1
1325205	1
1325253	1
1325499	1
1325544	1
1325604	1
1325640	1
1325662	1
1325743	1
1325919	2
1325935	1
1326008	1
1326015	1
1326021	1
1326039	1
1326043	1
1326050	1
1326082	1
1326160	1
1326174	1
1326183	1
1326206	1
1326214	1
1326288	1
1326300	1
1326478	1
1326481	1
1326545	1
1326637	1
1326664	1
1326698	1
1326730	1
1326795	1
1326885	1
1326910	1
1326948	1
1326969	1
1326987	1
1326991	1
1327058	1
1327130	2
1327151	1
1327195	1
1327252	1
1327366	1
1327412	1
1327498	1
1327514	1
1327547	1
1327622	1
1327635	1
1327690	1
1327742	1
1327774	1
1327803	1
1327904	1
1327985	1
1328016	1
1328030	1
1328068	1
1328126	1
1328144	1
1328208	1
1328301	1
1328352	1
1328376	1
1328469	1
1328620	1
1328704	1
1328723	1
1328740	1
1328762	1
1328785	1
1328841	1
1328974	1
1329003	1
1329048	1
1329091	1
1329211	1
1329329	1
1329341	1
1329364	1
1329504	1
1329585	1
1329644	1
1329661	1
1329790	1
1329801	1
1329813	1
1329966	1
1330009	1
1330150	1
1330182	1
1330217	1
1330293	1
1330306	1
1330333	1
1330347	1
1330479	1
1330512	1
1330667	1
1330676	1
1330703	1
1330878	1
1330902	1
1330951	1
1331024	1
1331036	1
1331147	1
1331171	1
1331192	1
1331225	1
1331260	1
1331364	1
1331484	2
1331579	1
1331675	1
1331707	1
1331746	1
1331778	1
1331790	1
1331801	1
1331867	1
1331908	1
1332103	1
1332169	1
1332187	1
1332298	1
1332309	1
1332311	1
1332356	1
1332445	1
1332480	1
1332500	1
1332561	1
1332623	1
1332679	1
1332782	1
1332802	1
1332816	1
1332978	1
1333028	1
1333052	1
1333099	1
1333104	2
1333140	1
1333185	1
1333196	1
1333349	1
1333420	1
1333447	1
1333492	1
1333508	1
1333515	1
1333539	1
1333543	1
1333566	1
1333687	1
1333691	1
1333717	1
1333789	1
1333825	1
1333842	1
1333860	1
1333998	1
1334021	1
1334077	1
1334125	1
1334138	1
1334197	1
1334220	1
1334358	1
1334375	1
1334478	1
1334612	1
1334716	1
1334727	1
1334768	1
1334862	1
1334910	2
1334969	1
1334972	1
1335002	1
1335030	1
1335132	1
1335189	1
1335208	1
1335215	1
1335277	1
1335301	1
1335399	1
1335546	1
1335578	1
1335647	1
1335704	1
1335731	1
1335757	1
1335805	1
1335841	1
1335956	1
1335974	1
1335983	1
1336023	1
1336199	1
1336227	1
1336251	1
1336273	1
1336307	1
1336378	1
1336381	1
1336411	1
1336460	1
1336608	1
1336729	1
1336786	1
1336814	1
1336820	1
1336917	1
1336932	1
1336975	1
1337007	1
1337019	1
1337105	1
1337141	1
1337164	1
1337272	1
1337323	1
1337362	1
1337450	1
1337494	1
1337527	1
1337549	1
1337660	1
1337767	1
1337893	1
1337920	1
1337933	1
1338086	1
1338098	1
1338178	1
1338240	1
1338303	1
1338324	1
1338391	1
1338400	2
1338461	2
1338509	1
1338616	1
1338627	1
1338630	1
1338706	1
1338747	1
1338815	1
1338839	1
1338928	1
1338967	1
1339017	1
1339058	1
1339075	1
1339228	1
1339252	1
1339315	1
1339412	1
1339547	1
1339725	1
1339783	1
1339797	1
1339869	1
1339887	1
1339931	1
1339962	1
1340124	1
1340136	1
1340205	1
1340298	1
1340383	1
1340397	1
1340401	1
1340445	1
1340452	1
1340467	1
1340480	1
1340500	1
1340558	1
1340830	1
1340954	1
1341066	1
1341094	1
1341142	1
1341156	1
1341174	1
1341197	1
1341206	1
1341288	1
1341422	1
1341478	1
1341795	1
1341840	1
1341972	1
1342038	1
1342042	1
1342121	1
1342244	1
1342261	1
1342333	1
1342388	1
1342418	1
1342462	1
1342479	1
1342496	1
1342564	1
1342601	1
1342846	1
1342878	1
1342902	1
1342968	1
1343004	1
1343031	1
1343113	1
1343199	1
1343249	1
1343251	1
1343322	1
1343456	1
1343650	1
1343737	1
1343741	1
1343798	1
1343806	1
1343833	1
1343865	2
1343900	1
1343917	1
1343958	1
1344003	1
1344024	1
1344133	1
1344256	1
1344260	1
1344337	1
1344370	1
1344402	1
1344484	1
1344644	1
1344675	1
1344693	1
1344722	1
1344754	1
1344834	1
1344921	1
1344994	1
1345081	1
1345170	1
1345272	1
1345304	1
1345323	1
1345477	1
1345516	2
1345530	1
1345551	1
1345611	1
1345625	1
1345713	1
1345752	1
1345767	1
1345780	1
1345844	1
1345861	1
1345893	1
1345988	1
1345992	1
1346001	1
1346099	1
1346123	1
1346235	1
1346281	1
1346349	1
1346368	1
1346414	1
1346550	1
1346603	1
1346775	1
1346809	1
1346838	1
1346929	1
1346964	1
1347051	1
1347189	1
1347193	1
1347208	1
1347215	1
1347243	1
1347328	1
1347334	1
1347367	1
1347399	1
1347410	1
1347472	1
1347491	1
1347507	1
1347519	1
1347554	1
1347692	2
1347704	1
1347853	1
1347870	1
1347909	1
1347956	1
1347983	1
1348000	1
1348102	1
1348245	1
1348267	1
1348280	1
1348321	1
1348350	1
1348366	1
1348453	1
1348520	1
1348533	1
1348559	1
1348622	1
1348663	1
1348742	1
1348774	1
1348803	1
1349037	1
1349098	1
1349107	1
1349119	1
1349154	1
1349163	1
1349324	1
1349444	1
1349461	1
1349475	1
1349489	1
1349556	1
1349706	1
1349759	1
1349788	1
1349866	1
1350079	1
1350167	1
1350176	1
1350251	1
1350295	1
1350390	1
1350497	1
1350503	1
1350615	2
1350639	1
1350643	1
1350666	1
1350705	1
1350741	1
1350820	1
1350833	1
1350888	1
1350944	1
1350961	1
1350989	1
1351070	1
1351086	1
1351154	1
1351336	1
1351355	1
1351493	1
1351583	1
1351630	1
1351649	1
1351695	1
1351759	1
1351765	1
1351792	2
1351821	1
1351850	1
1351877	1
1351913	1
1351999	1
1352046	1
1352078	1
1352105	1
1352112	1
1352203	1
1352287	1
1352357	1
1352421	1
1352450	1
1352482	1
1352527	1
1352551	1
1352584	1
1352609	2
1352611	2
1352660	1
1352697	1
1352728	1
1352734	1
1352817	1
1352971	1
1352988	1
1353077	1
1353125	1
1353233	1
1353292	1
1353344	1
1353358	1
1353419	1
1353435	1
1353698	1
1353823	1
1353879	1
1353955	1
1353991	1
1354013	1
1354034	1
1354052	1
1354118	1
1354131	1
1354157	1
1354179	1
1354330	1
1354447	1
1354905	1
1355061	1
1355130	1
1355184	1
1355350	1
1355382	1
1355412	1
1355441	1
1355498	1
1355571	1
1355588	1
1355619	1
1355742	1
1355756	1
1355760	1
1355848	1
1355940	1
1356042	1
1356056	1
1356143	1
1356182	1
1356226	1
1356347	1
1356359	1
1356541	1
1356598	1
1356601	1
1356634	1
1356645	1
1356667	1
1356710	1
1356787	1
1356791	1
1356927	1
1357006	1
1357103	1
1357110	1
1357136	1
1357253	1
1357264	2
1357397	1
1357428	1
1357476	1
1357499	1
1357500	1
1357526	1
1357544	1
1357604	1
1357623	1
1357679	1
1357715	1
1357739	1
1357766	1
1357830	1
1357849	1
1357868	1
1357963	1
1358024	1
1358120	1
1358159	1
1358188	1
1358242	1
1358305	1
1358329	2
1358398	1
1358416	1
1358427	1
1358531	1
1358675	1
1358867	1
1358876	1
1358977	2
1358982	1
1359117	1
1359239	1
1359277	1
1359328	2
1359448	1
1359469	1
1359487	1
1359522	1
1359647	1
1359718	1
1359740	1
1359812	1
1359898	1
1359911	1
1359983	1
1360043	1
1360050	1
1360111	1
1360125	1
1360138	1
1360142	1
1360214	1
1360288	1
1360389	1
1360419	1
1360422	1
1360435	1
1360446	1
1360501	1
1360513	1
1360580	1
1360599	1
1360629	1
1360686	1
1360727	1
1360749	1
1360840	1
1360903	1
1360948	1
1360972	1
1361030	1
1361049	1
1361051	1
1361095	1
1361175	1
1361215	1
1361239	1
1361313	1
1361403	1
1361455	1
1361491	1
1361581	1
1361647	1
1361688	1
1361740	1
1361841	1
1361864	1
1361870	1
1361911	1
1361983	1
1361997	1
1362017	1
1362093	1
1362228	1
1362280	1
1362315	1
1362339	1
1362377	1
1362382	1
1362412	1
1362486	1
1362559	1
1362619	1
1362654	1
1362681	1
1362709	1
1362742	1
1362836	1
1362887	1
1362918	1
1362979	1
1363005	1
1363041	1
1363053	1
1363070	1
1363086	1
1363098	1
1363163	1
1363303	1
1363336	1
1363391	1
1363426	1
1363458	1
1363489	1
1363583	1
1363630	1
1363651	1
1363720	1
1363788	1
1363894	1
1363967	1
1363999	1
1364009	1
1364011	1
1364121	1
1364150	1
1364200	1
1364371	2
1364485	1
1364553	1
1364586	1
1364676	1
1364748	1
1364791	1
1364881	1
1364902	1
1364949	1
1364968	1
1364995	1
1365120	1
1365159	1
1365188	1
1365192	1
1365238	1
1365242	1
1365256	1
1365398	1
1365468	1
1365504	1
1365585	1
1365600	1
1365626	2
1365693	1
1365722	1
1365778	1
1365790	1
1365801	1
1365813	1
1365880	1
1366046	1
1366063	1
1366081	1
1366090	1
1366203	1
1366255	1
1366396	1
1366439	1
1366477	1
1366530	1
1366656	1
1366683	1
1366728	1
1366734	1
1366875	1
1366959	1
1366988	1
1366992	1
1367018	1
1367023	1
1367057	1
1367180	1
1367199	1
1367335	1
1367381	1
1367411	1
1367460	1
1367536	1
1367615	1
1367639	1
1367814	1
1368067	1
1368118	1
1368185	1
1368207	1
1368316	1
1368414	1
1368459	1
1368521	1
1368539	1
1368582	1
1368648	1
1368655	1
1368669	1
1368793	1
1368809	1
1368874	1
1368953	1
1368998	1
1369006	1
1369059	1
1369103	1
1369155	1
1369413	1
1369428	1
1369499	1
1369662	1
1369679	1
1369739	1
1369743	1
1369777	1
1369830	1
1369922	1
1369935	1
1369954	1
1369963	1
1370001	1
1370013	1
1370045	1
1370123	1
1370179	1
1370254	1
1370368	1
1370384	1
1370515	1
1370543	1
1370648	1
1370717	1
1370809	1
1370838	2
1370860	1
1370929	1
1370953	1
1371168	1
1371252	1
1371321	2
1371412	1
1371437	1
1371464	1
1371506	1
1371533	1
1371622	1
1371711	1
1371738	1
1371797	1
1371918	1
1371940	2
1371979	1
1371985	1
1372016	1
1372161	1
1372250	1
1372266	1
1372277	1
1372301	1
1372334	1
1372367	1
1372403	1
1372436	1
1372455	1
1372472	1
1372554	1
1373133	1
1373274	1
1373297	1
1373312	1
1373364	1
1373386	2
1373468	1
1373523	1
1373562	1
1373579	1
1373600	1
1373632	1
1373693	1
1373722	1
1373778	1
1373801	1
1373813	1
1373899	1
1373921	1
1373966	1
1373977	1
1374062	1
1374134	1
1374152	1
1374216	1
1374227	1
1374249	1
1374284	1
1374319	1
1374346	1
1374381	1
1374411	1
1374425	1
1374438	1
1374524	1
1374643	1
1374694	1
1374705	1
1374833	1
1374900	1
1374917	1
1374932	1
1375037	1
1375053	1
1375122	1
1375218	1
1375257	1
1375279	1
1375400	1
1375426	1
1375458	1
1375475	1
1375493	1
1375597	1
1375649	1
1375684	1
1375733	1
1375759	1
1375765	1
1375771	1
1375839	1
1375850	1
1376020	1
1376033	1
1376047	1
1376059	1
1376110	2
1376124	1
1376253	1
1376428	1
1376452	1
1376618	1
1376631	1
1376696	1
1376715	1
1376777	1
1376816	1
1376827	1
1376830	1
1376868	1
1376922	1
1377025	1
1377060	1
1377074	1
1377083	1
1377115	1
1377200	1
1377320	1
1377418	1
1377431	1
1377440	1
1377537	1
1377570	1
1377628	1
1377634	1
1377680	1
1377703	1
1377724	1
1377755	1
1377787	1
1377819	1
1377846	1
1377878	1
1377927	1
1377951	2
1377968	1
1378066	1
1378094	1
1378109	1
1378183	1
1378265	1
1378292	1
1378454	1
1378481	1
1378567	1
1378580	1
1378637	1
1378670	1
1378686	1
1378773	1
1378784	1
1378885	1
1378903	1
1378936	1
1378972	1
1379054	1
1379105	1
1379137	1
1379153	1
1379210	1
1379224	1
1379236	1
1379272	1
1379415	1
1379502	1
1379516	1
1379697	1
1379713	1
1379728	1
1379799	1
1379832	1
1379933	1
1379992	1
1380010	1
1380036	1
1380114	1
1380256	1
1380260	1
1380341	1
1380353	1
1380364	1
1380430	1
1380495	1
1380504	2
1380661	1
1380763	1
1380801	1
1380828	1
1380899	1
1381022	1
1381112	1
1381164	1
1381198	1
1381224	1
1381248	1
1381287	1
1381396	1
1381415	1
1381439	1
1381494	1
1381530	1
1381595	1
1381611	1
1381642	1
1381656	2
1381660	1
1381767	1
1381780	1
1381832	1
1381844	1
1381858	1
1381861	1
1381893	1
1381959	1
1381965	1
1382005	1
1382119	1
1382154	1
1382231	1
1382240	1
1382262	1
1382511	1
1382574	1
1382771	1
1383032	1
1383089	1
1383116	1
1383280	1
1383339	1
1383343	1
1383394	1
1383412	1
1383441	1
1383470	1
1383565	1
1383588	1
1383646	1
1383678	1
1383756	1
1383783	1
1383887	1
1383891	1
1383918	1
1383940	1
1384006	1
1384047	1
1384110	1
1384374	1
1384467	1
1384500	1
1384662	1
1384696	1
1384851	1
1385043	1
1385066	1
1385082	1
1385111	1
1385142	2
1385197	1
1385326	1
1385332	1
1385361	1
1385375	1
1385389	1
1385481	1
1385490	1
1385513	1
1385552	1
1385605	1
1385629	1
1385641	1
1385698	1
1385702	2
1385751	1
1385818	1
1385840	1
1385885	1
1385969	1
1386049	1
1386132	1
1386158	1
1386239	1
1386243	1
1386250	1
1386403	1
1386448	1
1386606	1
1386659	1
1386665	1
1386886	1
1386909	1
1386983	1
1387028	1
1387052	1
1387076	1
1387123	1
1387162	1
1387263	1
1387327	1
1387406	1
1387433	1
1387700	1
1387717	1
1387793	1
1387825	1
1387856	1
1387897	1
1387929	1
1387970	1
1388230	1
1388268	1
1388284	1
1388307	1
1388363	1
1388438	1
1388456	1
1388460	1
1388591	2
1388608	1
1388621	1
1388639	1
1388666	1
1388741	1
1388753	1
1388770	1
1388820	1
1388871	1
1388944	1
1388989	1
1389011	1
1389042	1
1389074	1
1389226	1
1389306	1
1389320	1
1389365	1
1389462	1
1389598	1
1389645	1
1389652	1
1389676	1
1389724	1
1389736	1
1389769	1
1389791	1
1389854	1
1389890	1
1389930	1
1389951	1
1390089	1
1390151	1
1390173	1
1390252	1
1390267	1
1390280	1
1390343	1
1390405	1
1390464	1
1390498	1
1390533	1
1390565	1
1390635	1
1390663	1
1390681	1
1390742	1
1390810	1
1390855	1
1390891	1
1390923	1
1390979	1
1390985	1
1390996	1
1391074	1
1391108	1
1391143	1
1391232	1
1391314	1
1391423	1
1391537	2
1391676	1
1391748	2
1391846	1
1391878	1
1391881	1
1391927	1
1392043	1
1392142	1
1392174	2
1392233	1
1392435	1
1392454	1
1392481	1
1392513	1
1392534	1
1392545	1
1392552	1
1392637	1
1392641	1
1392751	1
1392831	1
1392910	1
1392987	1
1393007	1
1393046	1
1393203	1
1393408	1
1393421	2
1393502	1
1393530	1
1393551	1
1393638	1
1393642	1
1393745	1
1393767	1
1393780	1
1393800	1
1393826	1
1393844	1
1393914	1
1393920	1
1394049	1
1394068	1
1394144	1
1394208	1
1394215	1
1394266	1
1394277	1
1394282	1
1394334	1
1394448	1
1394469	1
1394519	1
1394535	1
1394590	1
1394665	1
1394779	1
1394829	1
1394938	1
1394956	1
1395031	1
1395057	1
1395079	1
1395113	1
1395134	1
1395167	1
1395249	1
1395284	1
1395346	1
1395474	1
1395503	1
1395524	1
1395536	1
1395615	1
1395729	1
1395888	1
1396029	1
1396064	1
1396098	1
1396296	1
1396372	2
1396391	1
1396432	1
1396493	1
1396574	1
1396583	1
1396616	1
1396673	1
1396765	1
1396850	1
1396894	1
1396901	1
1396928	1
1397048	1
1397069	1
1397114	1
1397147	1
1397159	1
1397209	1
1397238	1
1397242	1
1397256	1
1397260	1
1397274	1
1397353	1
1397402	1
1397430	1
1397504	1
1397562	1
1397722	1
1397735	1
1397880	1
1398088	1
1398172	1
1398205	1
1398270	1
1398325	1
1398476	1
1398499	1
1398544	1
1398593	1
1398604	1
1398708	1
1398715	1
1398721	1
1398766	1
1398794	1
1398827	1
1398830	1
1398935	1
1398946	1
1398990	1
1399028	1
1399052	1
1399067	1
1399080	1
1399316	1
1399406	1
1399471	1
1399492	1
1399508	1
1399566	1
1399582	1
1399594	1
1399700	1
1399874	1
1399953	1
1400087	1
1400242	1
1400305	1
1400312	1
1400337	1
1400364	1
1400430	1
1400504	1
1400562	1
1400719	1
1400746	1
1400801	1
1400828	1
1401054	1
1401105	1
1401153	1
1401170	1
1401203	1
1401210	1
1401236	1
1401304	1
1401482	1
1401516	1
1401527	1
1401551	1
1401609	1
1401642	1
1401701	1
1401713	1
1401752	1
1401780	1
1401826	1
1401959	1
1402012	1
1402029	1
1402041	1
1402070	2
1402181	1
1402218	1
1402223	1
1402231	1
1402262	1
1402310	1
1402391	1
1402417	1
1402493	1
1402574	1
1402649	1
1402866	1
1402882	1
1402980	2
1403061	1
1403116	1
1403127	1
1403228	1
1403280	1
1403299	2
1403350	1
1403394	1
1403429	1
1403464	1
1403565	1
1403646	1
1403783	1
1403836	1
1403848	1
1403904	1
1403962	1
1404033	1
1404047	2
1404124	1
1404148	1
1404155	1
1404205	1
1404241	1
1404286	1
1404298	1
1404374	1
1404401	1
1404500	1
1404544	1
1404604	1
1404715	1
1404794	1
1404919	1
1404946	1
1405015	1
1405082	1
1405111	1
1405160	1
1405233	1
1405407	1
1405513	1
1405534	1
1405576	1
1405664	1
1405698	1
1405768	1
1405795	1
1405804	1
1405879	1
1405955	1
1406002	1
1406016	1
1406073	1
1406095	1
1406117	1
1406175	1
1406208	1
1406554	1
1406581	1
1406614	1
1406647	1
1406723	1
1406757	1
1406909	1
1406911	1
1406942	1
1407013	1
1407067	1
1407222	1
1407278	1
1407281	1
1407420	1
1407459	1
1407508	1
1407515	1
1407550	1
1407624	1
1407691	1
1407732	1
1407744	2
1407758	2
1407842	1
1407874	1
1407883	2
1408023	1
1408085	1
1408113	1
1408145	1
1408152	1
1408199	1
1408249	1
1408346	1
1408483	1
1408536	1
1408555	1
1408569	1
1408615	1
1408682	1
1408741	1
1408753	1
1408806	1
1408859	1
1408917	1
1409038	1
1409074	1
1409200	1
1409226	2
1409261	1
1409289	1
1409320	1
1409529	1
1409586	1
1409628	1
1409645	1
1409652	1
1409699	1
1409769	1
1409787	1
1409846	1
1409863	1
1409890	1
1409927	1
1409949	1
1409968	1
1410104	1
1410123	1
1410157	1
1410162	1
1410219	1
1410278	1
1410281	1
1410290	1
1410327	1
1410420	1
1410471	1
1410539	1
1410582	1
1410648	1
1410655	1
1410687	1
1410793	1
1410825	1
1410842	1
1410860	1
1410874	1
1410883	1
1411032	1
1411044	1
1411089	1
1411149	1
1411173	1
1411195	1
1411276	1
1411339	1
1411343	1
1411377	1
1411382	1
1411453	2
1411470	1
1411592	1
1411607	1
1411646	1
1411663	1
1411742	1
1411836	1
1411848	1
1411979	1
1412095	1
1412132	1
1412367	1
1412424	1
1412487	1
1412507	1
1412546	1
1412578	1
1412740	1
1412757	1
1412812	1
1412853	1
1412942	1
1412974	1
1413069	1
1413238	1
1413305	1
1413398	1
1413427	1
1413484	1
1413531	1
1413585	1
1413661	1
1413689	1
1413763	1
1413813	1
1413828	1
1413845	1
1413982	1
1414096	2
1414128	1
1414295	1
1414354	1
1414381	1
1414390	1
1414442	1
1414460	1
1414510	1
1414524	1
1414536	1
1414615	1
1414650	1
1414694	1
1414737	1
1414820	1
1414917	1
1415005	1
1415041	1
1415086	2
1415122	1
1415178	1
1415218	1
1415223	1
1415369	1
1415444	1
1415475	1
1415525	1
1415538	1
1415556	1
1415616	1
1415733	1
1415771	1
1415792	1
1415913	1
1415928	1
1415967	1
1416014	1
1416088	1
1416298	1
1416476	1
1416499	1
1416517	1
1416532	1
1416544	1
1416575	1
1416593	1
1416631	1
1416662	1
1416721	1
1416743	1
1416873	1
1416884	1
1416895	1
1416907	1
1416922	1
1416935	1
1416990	1
1417025	1
1417038	1
1417097	1
1417423	1
1417440	1
1417462	1
1417485	1
1417512	2
1417529	1
1417628	1
1417645	1
1417652	1
1417699	2
1417769	2
1417835	1
1417949	1
1417951	1
1418015	1
1418082	1
1418206	1
1418233	1
1418271	1
1418344	1
1418361	1
1418375	1
1418393	1
1418481	1
1418501	1
1418545	1
1418576	1
1418885	1
1418987	1
1419105	1
1419164	1
1419203	1
1419210	1
1419269	1
1419318	1
1419421	1
1419450	1
1419568	1
1419573	1
1419728	1
1419752	1
1419826	1
1419844	1
1419893	1
1419906	1
1419933	1
1419965	1
1419988	1
1419992	1
1420031	1
1420079	1
1420145	1
1420227	1
1420295	1
1420307	1
1420354	1
1420456	1
1420497	1
1420615	1
1420639	1
1420643	1
1420666	1
1420682	1
1420847	1
1420958	1
1420961	1
1420975	1
1421086	1
1421098	1
1421204	1
1421223	1
1421432	1
1421444	1
1421511	2
1421771	1
1421788	1
1421821	1
1421877	1
1421913	1
1421934	1
1421945	1
1421999	1
1422007	1
1422046	1
1422186	1
1422304	1
1422340	1
1422482	1
1422551	1
1422573	2
1422683	1
1422697	1
1422713	1
1422800	1
1422817	1
1422832	1
1422844	1
1422933	1
1422947	1
1423008	1
1423021	1
1423050	1
1423142	1
1423183	1
1423197	1
1423233	1
1423300	1
1423332	1
1423393	1
1423435	1
1423446	1
1423463	1
1423580	1
1423804	1
1423823	2
1423879	1
1423885	1
1423910	1
1423936	1
1424013	1
1424076	1
1424131	1
1424140	1
1424162	1
1424185	1
1424235	1
1424263	1
1424327	1
1424395	1
1424465	1
1424603	1
1424672	1
1424691	1
1424758	1
1424775	1
1424838	1
1424897	1
1424937	1
1425026	1
1425032	1
1425130	1
1425234	1
1425339	1
1425382	1
1425412	1
1425429	1
1425506	1
1425571	1
1425681	1
1425709	1
1425774	1
1425848	1
1425923	1
1425996	1
1426009	1
1426115	1
1426226	1
1426261	1
1426289	1
1426306	1
1426347	1
1426359	1
1426418	1
1426462	1
1426479	1
1426537	1
1426570	1
1426586	1
1426634	1
1426703	1
1426819	1
1426854	1
1426890	1
1426916	1
1426973	1
1426984	1
1427047	1
1427071	1
1427110	1
1427169	1
1427172	1
1427264	1
1427286	1
1427360	1
1427532	2
1427618	1
1427657	1
1427816	1
1427919	1
1427990	1
1428091	1
1428165	1
1428209	1
1428256	1
1428260	1
1428329	1
1428540	1
1428735	1
1428746	1
1428852	1
1428880	1
1428950	1
1428994	1
1429049	1
1429068	1
1429100	1
1429239	1
1429367	1
1429436	1
1429469	1
1429507	1
1429633	1
1429757	1
1429785	1
1429805	2
1430050	1
1430077	1
1430326	1
1430361	1
1430375	1
1430389	1
1430419	1
1430481	1
1430534	1
1430576	1
1430641	1
1430727	1
1430730	1
1430823	1
1430862	1
1430910	1
1431002	1
1431016	1
1431100	1
1431117	1
1431189	1
1431239	1
1431334	1
1431376	1
1431380	2
1431436	1
1431448	2
1431535	1
1431546	1
1431590	1
1431620	1
1431731	1
1431762	1
1431779	1
1431837	1
1431864	1
1431886	1
1431974	1
1431983	1
1432026	1
1432032	2
1432044	1
1432116	1
1432173	1
1432184	1
1432201	1
1432308	1
1432453	1
1432646	1
1432711	1
1432742	1
1432797	1
1432824	1
1432872	1
1432918	1
1432923	2
1432957	1
1433181	1
1433240	1
1433303	1
1433336	1
1433355	1
1433444	1
1433574	1
1433627	1
1433651	1
1433765	1
1433815	1
1433843	1
1433877	1
1433934	1
1433980	1
1433999	1
1434074	1
1434083	1
1434121	1
1434143	1
1434177	1
1434217	1
1434232	1
1434289	1
1434306	1
1434505	1
1434586	1
1434667	1
1434676	1
1434710	1
1434736	1
1434791	1
1434819	1
1434854	1
1434927	1
1435036	1
1435055	1
1435069	1
1435147	1
1435165	1
1435209	1
1435495	1
1435523	1
1435632	1
1435746	1
1435763	1
1435781	1
1435845	1
1435880	1
1435908	1
1436022	1
1436054	1
1436141	1
1436318	1
1436396	1
1436482	1
1436551	1
1436660	1
1436683	1
1436776	1
1436800	1
1436826	1
1436832	1
1436971	1
1437057	1
1437079	1
1437085	1
1437128	1
1437167	1
1437202	1
1437216	1
1437251	1
1437322	1
1437346	1
1437411	1
1437497	1
1437548	1
1437608	1
1437682	1
1437729	1
1437847	1
1437865	1
1437900	1
1437975	1
1438052	1
1438067	1
1438099	1
1438104	1
1438185	1
1438219	1
1438222	1
1438263	1
1438330	1
1438368	1
1438395	1
1438433	1
1438459	1
1438543	1
1438856	1
1438941	1
1438953	1
1439014	1
1439065	1
1439110	1
1439187	1
1439270	1
1439356	1
1439374	1
1439428	1
1439532	1
1439575	1
1439593	1
1439715	1
1439782	1
1439794	1
1439802	1
1439935	1
1439978	1
1440130	1
1440276	1
1440299	1
1440366	1
1440506	1
1440547	1
1440619	1
1440678	1
1440690	1
1440709	1
1440803	1
1440869	1
1440923	1
1440962	1
1441038	1
1441042	1
1441060	1
1441074	1
1441108	1
1441226	1
1441293	1
1441306	1
1441359	1
1441365	1
1441371	1
1441564	1
1441586	1
1441667	2
1441676	1
1441724	1
1441736	1
1441772	1
1441819	1
1441822	1
1441846	1
1441881	1
1441916	1
1441951	1
1441995	1
1442008	1
1442039	1
1442082	1
1442111	1
1442142	1
1442206	1
1442214	1
1442265	1
1442358	1
1442478	1
1442552	1
1442580	1
1442605	1
1442727	1
1442749	1
1442784	1
1442818	1
1442840	1
1442857	1
1442879	1
1442924	1
1443022	1
1443035	1
1443046	1
1443063	1
1443129	1
1443141	1
1443269	1
1443287	1
1443331	1
1443415	1
1443482	1
1443494	1
1443527	1
1443568	1
1443683	1
1443728	1
1443745	1
1443776	1
1443800	1
1443817	1
1443906	1
1443914	1
1444049	1
1444051	1
1444095	1
1444100	1
1444132	1
1444158	1
1444243	1
1444352	1
1444376	1
1444491	1
1444546	1
1444554	1
1444581	1
1444665	1
1444671	1
1444829	1
1444853	1
1444911	1
1444956	1
1445057	1
1445079	2
1445128	1
1445145	1
1445167	1
1445176	1
1445199	1
1445268	1
1445284	1
1445346	1
1445409	1
1445456	1
1445474	1
1445621	1
1445694	1
1445729	1
1445741	1
1445786	1
1445814	1
1445847	1
1445993	1
1446029	1
1446053	1
1446098	1
1446163	1
1446190	1
1446218	1
1446240	1
1446262	1
1446348	1
1446372	1
1446509	1
1446538	1
1446560	1
1446574	1
1446597	1
1446759	1
1446788	1
1446815	1
1446850	1
1446913	1
1447010	1
1447036	1
1447114	1
1447165	1
1447192	1
1447209	1
1447430	1
1447523	1
1447579	1
1447626	2
1447644	1
1447661	1
1447675	1
1447735	1
1447801	1
1447867	1
1447880	1
1447943	1
1447950	1
1447982	1
1447994	1
1448006	1
1448033	1
1448047	1
1448071	1
1448092	1
1448124	1
1448136	1
1448172	1
1448187	1
1448205	1
1448212	1
1448298	1
1448309	1
1448374	1
1448499	1
1448517	1
1448544	1
1448558	1
1448561	1
1448640	1
1448679	1
1448743	1
1448777	1
1448868	1
1448873	1
1448907	1
1448919	1
1448922	1
1448990	1
1449001	1
1449076	1
1449080	1
1449118	1
1449196	1
1449219	1
1449281	1
1449330	1
1449368	1
1449414	1
1449420	1
1449465	1
1449577	1
1449610	1
1449672	1
1449700	1
1449717	1
1449744	1
1449789	1
1449838	1
1449856	1
1450224	1
1450269	1
1450415	1
1450551	1
1450573	1
1450660	1
1450683	1
1450697	1
1450734	1
1450799	1
1450826	1
1450893	1
1450933	1
1450959	1
1450971	1
1451013	1
1451118	1
1451123	1
1451131	1
1451327	1
1451395	1
1451508	1
1451636	1
1451655	1
1451672	1
1451687	1
1451838	1
1451856	1
1451883	1
1451912	1
1451929	1
1452040	1
1452057	1
1452101	1
1452128	1
1452134	1
1452167	1
1452176	1
1452249	1
1452411	1
1452503	1
1452510	1
1452798	1
1452892	1
1452989	1
1453009	1
1453166	1
1453244	1
1453258	1
1453371	1
1453392	1
1453404	1
1453418	1
1453440	1
1453570	1
1453645	1
1453676	1
1453680	1
1453703	1
1453710	1
1453769	1
1453791	1
1453863	1
1453881	1
1453930	1
1453968	1
1453984	1
1454005	1
1454041	1
1454053	1
1454119	1
1454296	1
1454324	1
1454355	1
1454369	1
1454426	1
1454461	1
1454475	2
1454509	1
1454538	1
1454616	1
1454747	1
1454894	1
1454913	1
1454928	1
1454934	1
1454967	1
1454976	1
1454999	1
1455499	1
1455575	1
1455623	1
1455657	1
1455708	1
1455715	1
1455739	1
1455750	1
1455802	1
1455816	1
1455935	1
1455954	1
1455963	1
1455981	1
1456008	1
1456220	1
1456247	1
1456271	1
1456528	1
1456664	1
1456670	1
1456727	1
1456751	1
1456768	1
1456818	1
1456823	1
1456896	1
1456903	1
1456910	1
1456948	1
1456969	1
1456987	1
1457093	1
1457130	1
1457149	1
1457184	1
1457252	1
1457276	1
1457343	1
1457366	1
1457405	1
1457429	1
1457453	1
1457470	1
1457486	1
1457514	1
1457588	1
1457619	1
1457646	1
1457711	1
1457855	1
1457904	1
1457923	1
1457931	1
1457979	1
1458027	1
1458049	1
1458051	1
1458084	2
1458100	1
1458175	1
1458221	1
1458250	1
1458301	1
1458345	1
1458399	1
1458410	2
1458424	1
1458448	1
1458455	1
1458546	1
1458581	1
1458606	1
1458614	1
1458620	1
1458723	1
1458731	1
1458841	1
1458898	1
1458925	1
1458983	1
1459055	1
1459072	1
1459091	1
1459147	1
1459159	2
1459238	1
1459260	1
1459274	1
1459283	1
1459341	1
1459364	2
1459427	1
1459451	1
1459504	1
1459579	1
1459596	1
1459675	1
1459754	1
1459801	1
1459982	1
1460009	1
1460060	1
1460083	1
1460097	1
1460115	1
1460150	1
1460226	1
1460314	1
1460333	1
1460359	1
1460418	1
1460423	1
1460485	1
1460598	1
1460601	1
1460645	1
1460652	1
1460676	1
1460680	1
1460748	1
1460878	1
1460890	1
1461003	1
1461024	1
1461209	1
1461260	1
1461274	1
1461283	1
1461427	1
1461473	1
1461495	1
1461540	1
1461557	1
1461579	1
1461626	1
1461689	1
1461781	1
1461790	1
1461828	1
1461876	1
1461966	1
1461977	1
1462047	1
1462071	1
1462103	1
1462136	1
1462205	1
1462311	1
1462434	1
1462452	1
1462467	1
1462558	1
1462561	1
1462589	1
1462631	1
1462679	1
1462715	1
1462721	1
1462743	1
1462873	1
1462907	1
1462922	1
1462981	1
1463013	1
1463131	1
1463140	1
1463157	1
1463162	1
1463368	1
1463395	1
1463447	1
1463508	1
1463543	1
1463610	1
1463636	1
1463648	1
1463825	1
1463842	1
1463905	1
1464008	1
1464039	1
1464082	1
1464125	1
1464214	1
1464358	1
1464389	1
1464407	1
1464422	1
1464501	1
1464528	1
1464534	1
1464552	2
1464576	1
1464605	1
1464612	1
1464637	1
1464653	1
1464702	1
1464862	1
1464896	1
1465301	1
1465352	1
1465367	1
1465424	1
1465554	1
1465647	1
1465692	1
1465704	1
1465805	1
1465864	1
1465911	1
1465960	1
1465997	1
1466023	1
1466062	1
1466079	1
1466113	1
1466128	1
1466145	1
1466167	1
1466202	1
1466319	1
1466346	1
1466390	1
1466409	1
1466456	1
1466569	1
1466666	1
1466682	1
1466705	1
1466892	1
1466926	1
1466958	1
1466961	1
1467007	1
1467035	1
1467046	1
1467054	1
1467105	1
1467164	1
1467186	1
1467210	1
1467287	1
1467331	1
1467421	1
1467466	1
1467482	1
1467494	1
1467800	1
1467817	1
1467832	1
1467844	1
1467893	1
1467920	1
1467933	1
1468029	1
1468098	1
1468122	1
1468181	1
1468190	1
1468223	1
1468240	1
1468257	1
1468493	1
1468538	1
1468556	1
1468649	1
1468684	2
1468765	1
1468792	1
1468821	1
1468839	1
1468913	1
1468928	1
1468934	1
1468999	1
1469032	1
1469075	1
1469213	2
1469245	1
1469280	1
1469339	1
1469350	1
1469366	1
1469405	1
1469470	1
1469514	1
1469607	1
1469619	1
1469803	1
1469887	1
1469891	1
1469940	1
1469985	1
1470053	1
1470154	1
1470204	1
1470296	1
1470475	1
1470489	1
1470511	1
1470538	1
1470560	1
1470649	1
1470706	1
1470714	1
1470747	1
1470771	1
1470894	1
1470901	1
1470928	1
1470967	1
1470999	1
1471006	1
1471020	1
1471136	1
1471155	1
1471241	1
1471253	1
1471480	1
1471532	1
1471544	1
1471589	1
1471604	1
1471679	1
1471721	1
1471802	1
1471849	1
1471851	1
1471919	1
1471946	1
1472010	1
1472072	1
1472114	1
1472147	1
1472242	1
1472283	1
1472297	1
1472305	1
1472416	1
1472596	1
1472626	1
1472658	1
1472719	1
1472781	2
1472801	1
1472921	1
1472939	1
1473002	1
1473215	1
1473221	1
1473448	1
1473546	1
1473581	1
1473620	1
1473665	1
1473785	1
1473841	1
1473870	1
1473886	1
1473938	1
1474022	1
1474105	2
1474141	1
1474198	1
1474210	2
1474236	2
1474269	1
1474466	1
1474494	1
1474611	1
1474728	1
1474767	1
1474799	1
1474832	1
1474861	1
1474875	1
1474893	1
1474965	1
1475052	1
1475179	1
1475196	1
1475207	1
1475281	1
1475302	1
1475316	1
1475330	1
1475351	1
1475433	1
1475515	1
1475669	1
1475687	1
1475717	1
1475811	1
1475883	1
1475937	1
1475970	1
1476075	2
1476151	1
1476195	2
1476213	1
1476234	1
1476308	1
1476315	1
1476622	1
1476690	1
1476774	1
1476824	1
1476848	2
1476931	1
1476940	1
1476957	1
1476985	1
1477039	1
1477094	1
1477125	1
1477138	1
1477206	1
1477292	1
1477317	1
1477446	1
1477545	1
1477552	1
1477637	1
1477686	1
1477698	1
1477749	1
1477784	1
1477903	1
1477948	1
1477991	1
1478143	1
1478388	1
1478485	1
1478541	1
1478598	1
1478628	1
1478645	1
1478787	1
1478863	1
1478878	1
1478927	1
1478951	1
1479057	1
1479085	1
1479113	1
1479134	2
1479145	1
1479152	2
1479167	1
1479176	1
1479230	1
1479284	1
1479295	1
1479322	1
1479381	1
1479438	1
1479474	1
1479483	1
1479608	1
1479729	1
1479770	1
1479814	1
1479833	1
1479871	1
1479892	1
1479961	1
1480002	1
1480027	1
1480073	1
1480126	1
1480132	1
1480189	1
1480277	1
1480301	1
1480367	1
1480376	1
1480469	1
1480472	1
1480491	1
1480578	1
1480614	1
1480647	1
1480837	1
1480925	1
1480938	1
1481018	1
1481062	1
1481134	1
1481167	1
1481227	1
1481251	1
1481284	1
1481319	1
1481354	1
1481442	1
1481474	1
1481572	1
1481621	1
1481666	1
1481729	1
1481806	1
1481814	1
1481865	1
1481932	1
1481961	1
1481975	1
1482001	1
1482013	1
1482034	1
1482067	1
1482104	1
1482118	1
1482196	1
1482246	1
1482327	1
1482351	1
1482395	1
1482420	1
1482433	1
1482488	1
1482521	1
1482539	1
1482543	1
1482636	1
1482669	1
1482744	1
1482775	1
1482842	1
1482912	2
1482964	1
1482986	1
1483047	1
1483148	1
1483187	1
1483191	2
1483229	1
1483309	1
1483434	1
1483561	1
1483623	1
1483631	1
1483640	1
1483696	1
1483721	1
1483954	1
1483963	1
1483978	1
1484017	1
1484026	1
1484149	1
1484234	1
1484245	1
1484299	1
1484343	1
1484394	1
1484441	1
1484619	1
1484760	1
1484783	1
1484810	1
1484887	1
1484979	1
1484996	1
1485060	1
1485074	1
1485097	1
1485115	1
1485121	1
1485232	2
1485244	1
1485261	1
1485347	1
1485359	1
1485404	1
1485440	1
1485496	1
1485505	1
1485512	1
1485553	1
1485598	1
1485628	1
1485645	1
1485667	1
1485699	1
1485807	1
1485846	1
1485854	1
1485927	1
1486133	1
1486165	1
1486171	1
1486238	1
1486256	1
1486260	1
1486274	1
1486427	1
1486617	1
1486661	1
1486719	1
1486746	1
1486790	1
1486828	1
1487041	1
1487053	1
1487064	1
1487107	1
1487119	1
1487525	1
1487583	1
1487695	1
1487839	1
1487843	1
1487913	1
1487945	1
1487952	1
1487967	1
1487999	1
1488022	1
1488078	1
1488112	1
1488129	1
1488137	1
1488141	1
1488170	1
1488255	1
1488318	1
1488421	1
1488439	1
1488573	2
1488595	1
1488701	1
1488713	1
1488776	1
1488780	1
1488800	1
1488893	1
1488920	1
1488959	1
1489008	1
1489015	1
1489021	1
1489050	1
1489109	1
1489111	1
1489138	1
1489142	1
1489156	1
1489160	1
1489206	1
1489271	1
1489317	1
1489344	1
1489375	1
1489393	1
1489481	1
1489534	1
1489567	1
1489580	1
1489599	1
1489795	1
1489840	1
1489910	1
1489936	1
1490006	1
1490047	1
1490071	1
1490172	1
1490191	1
1490205	1
1490298	1
1490311	1
1490342	2
1490428	1
1490476	1
1490517	1
1490558	1
1490618	1
1490640	1
1490662	1
1490830	1
1490895	1
1490963	1
1491015	1
1491050	1
1491094	1
1491111	1
1491160	1
1491183	1
1491206	1
1491247	1
1491265	1
1491300	1
1491332	1
1491344	1
1491375	1
1491393	1
1491435	1
1491446	1
1491490	1
1491528	1
1491534	1
1491552	1
1491698	2
1491702	1
1491730	1
1491768	1
1491862	1
1491885	1
1492083	1
1492097	1
1492139	1
1492200	1
1492232	1
1492244	1
1492258	1
1492261	1
1492275	1
1492371	1
1492388	1
1492404	1
1492496	1
1492512	1
1492541	1
1492564	1
1492634	1
1492703	2
1492724	1
1492772	1
1492822	1
1492854	1
1492916	1
1492949	1
1492951	1
1493004	1
1493057	1
1493167	1
1493227	1
1493335	1
1493378	1
1493483	1
1493503	1
1493621	1
1493741	1
1493814	1
1493871	1
1493958	1
1493993	1
1494024	1
1494055	1
1494091	1
1494260	1
1494283	1
1494341	1
1494402	1
1494430	1
1494484	1
1494504	1
1494579	1
1494617	1
1494632	1
1494719	1
1494801	1
1494845	1
1494899	1
1494908	1
1494982	1
1495078	1
1495129	1
1495210	1
1495255	1
1495287	1
1495408	1
1495415	1
1495421	1
1495439	1
1495516	1
1495584	1
1495674	1
1495697	1
1495728	1
1495734	1
1495745	1
1495776	1
1495780	1
1495858	1
1495861	1
1495875	1
1495893	1
1495933	1
1495947	1
1496099	1
1496104	1
1496118	1
1496162	1
1496222	1
1496235	1
1496316	1
1496330	1
1496349	1
1496488	1
1496492	1
1496521	1
1496577	1
1496624	1
1496761	1
1496811	1
1496856	1
1496860	1
1496883	1
1496897	1
1496912	1
1497068	1
1497095	1
1497144	1
1497294	1
1497345	1
1497380	2
1497554	1
1497590	1
1497620	1
1497909	1
1497925	1
1498000	1
1498032	1
1498149	1
1498252	1
1498276	1
1498280	1
1498315	1
1498429	1
1498506	1
1498559	1
1498565	1
1498622	1
1498663	1
1498783	1
1498797	1
1498836	1
1498869	1
1498891	1
1498918	1
1499037	1
1499086	1
1499122	1
1499163	1
1499223	1
1499303	1
1499372	1
1499432	2
1499489	1
1499493	1
1499509	2
1499556	1
1499574	1
1499616	1
1499720	1
1499771	1
1499866	1
1499877	1
1499901	1
1500086	1
1500098	1
1500107	1
1500154	1
1500285	1
1500348	1
1500387	1
1500417	2
1500444	1
1500489	1
1500630	1
1500684	1
1500706	1
1500765	1
1500771	1
1500843	1
1500894	1
1501006	1
1501020	1
1501033	1
1501071	1
1501088	1
1501110	1
1501155	1
1501172	1
1501191	1
1501205	1
1501212	1
1501401	1
1501589	1
1501593	1
1501604	1
1501679	1
1501851	1
1501907	1
1501946	2
1502069	1
1502087	1
1502211	1
1502242	1
1502341	1
1502364	1
1502416	1
1502484	1
1502523	1
1502585	1
1502632	1
1502689	1
1502693	1
1502707	1
1502719	1
1502921	1
1502939	1
1502966	1
1502982	1
1503051	1
1503117	2
1503328	1
1503399	1
1503424	1
1503487	1
1503578	1
1503692	1
1503740	1
1503757	1
1503812	1
1503898	1
1503974	1
1504078	1
1504129	1
1504198	1
1504248	1
1504269	1
1504304	1
1504408	1
1504421	1
1504482	1
1504776	1
1504780	1
1504800	1
1504832	1
1504893	1
1504965	1
1504988	1
1505001	1
1505157	1
1505219	1
1505235	1
1505281	1
1505302	1
1505349	1
1505420	1
1505447	1
1505543	1
1505610	1
1505636	1
1505672	1
1505744	1
1505775	1
1505811	1
1505825	1
1505860	1
1505883	1
1505897	1
1505964	1
1505970	1
1506130	1
1506151	1
1506234	1
1506299	1
1506377	1
1506394	1
1506429	1
1506486	1
1506547	1
1506646	1
1506678	1
1506711	1
1506738	2
1506742	1
1506797	1
1506848	1
1506931	1
1506985	1
1507043	1
1507066	1
1507138	1
1507206	1
1507247	1
1507332	1
1507361	1
1507407	1
1507481	1
1507580	1
1507629	1
1507664	1
1507670	1
1507727	1
1507749	1
1507751	1
1507784	1
1507831	1
1507862	1
1507991	1
1508042	1
1508074	1
1508097	2
1508115	1
1508143	1
1508182	1
1508226	1
1508261	1
1508293	1
1508320	1
1508404	1
1508431	1
1508485	1
1508512	1
1508564	1
1508586	1
1508645	1
1508736	1
1508755	1
1508787	1
1508791	1
1508927	1
1509018	1
1509145	1
1509167	1
1509390	1
1509409	1
1509456	1
1509483	1
1509497	1
1509503	1
1509615	2
1509770	1
1509814	1
1509958	1
1509961	1
1510039	1
1510214	1
1510233	1
1510288	1
1510326	1
1510344	1
1510375	1
1510454	1
1510534	1
1510580	1
1510605	1
1510716	1
1510727	1
1510749	2
1510784	1
1510818	1
1510840	1
1510903	1
1510969	1
1510987	2
1510991	1
1511016	1
1511126	1
1511189	1
1511221	1
1511352	1
1511367	1
1511380	1
1511472	1
1511487	1
1511546	1
1511614	1
1511762	1
1511785	1
1511942	1
1511956	1
1511974	1
1512017	1
1512026	1
1512044	1
1512061	1
1512075	1
1512195	1
1512234	1
1512299	1
1512339	1
1512343	1
1512350	1
1512547	1
1512690	2
1512709	1
1512797	1
1512803	1
1512891	1
1512904	1
1513070	1
1513146	1
1513154	2
1513181	1
1513231	1
1513387	1
1513475	1
1513538	1
1513684	1
1513714	1
1513733	1
1513759	1
1513788	1
1513815	1
1513839	1
1513850	1
1513913	1
1513967	1
1513976	1
1514074	1
1514083	1
1514143	1
1514194	1
1514333	1
1514359	1
1514365	1
1514371	1
1514440	1
1514496	1
1514541	1
1514553	1
1514570	1
1514628	1
1514645	1
1514699	1
1514710	2
1514755	1
1514769	1
1514772	1
1514968	1
1514995	1
1515036	1
1515114	1
1515171	1
1515188	1
1515225	1
1515256	1
1515329	1
1515341	1
1515398	1
1515430	1
1515473	1
1515600	1
1515617	1
1515801	2
1516046	1
1516105	1
1516164	1
1516236	1
1516287	1
1516340	1
1516408	1
1516421	1
1516450	1
1516776	1
1516844	1
1516875	1
1516992	1
1517023	1
1517145	1
1517249	1
1517322	1
1517411	1
1517497	1
1517737	1
1517806	1
1517888	1
1517926	1
1517932	1
1518076	1
1518140	1
1518196	1
1518235	1
1518246	1
1518349	1
1518433	1
1518447	1
1518471	1
1518492	1
1518543	1
1518577	1
1518672	1
1518726	1
1518775	1
1518811	1
1518856	1
1518897	1
1518953	1
1519014	1
1519059	1
1519071	1
1519136	1
1519148	1
1519270	1
1519445	1
1519575	1
1519743	1
1519794	1
1519827	2
1519981	1
1520056	1
1520074	1
1520115	1
1520261	1
1520347	1
1520365	1
1520423	1
1520440	1
1520462	1
1520529	1
1520537	1
1520553	1
1520564	1
1520601	1
1520724	1
1520755	1
1520769	1
1520854	1
1520863	1
1520927	1
1520930	1
1520968	1
1521003	1
1521120	1
1521165	1
1521274	1
1521297	1
1521370	1
1521398	1
1521416	1
1521427	1
1521540	1
1521557	1
1521579	1
1521617	1
1521746	1
1521778	1
1521876	1
1521943	1
1521982	1
1522047	1
1522071	1
1522253	1
1522286	1
1522401	1
1522445	1
1522467	1
1522476	1
1522517	1
1522631	1
1522657	1
1522679	1
1522739	1
1522827	1
1522868	1
1522963	1
1522978	1
1523001	1
1523034	1
1523045	1
1523067	1
1523104	1
1523157	1
1523162	1
1523207	1
1523263	1
1523290	1
1523330	1
1523447	1
1523492	1
1523543	1
1523624	1
1523648	1
1523726	1
1523761	1
1523856	1
1523941	1
1523953	1
1524066	1
1524077	1
1524174	1
1524292	1
1524332	1
1524358	1
1524361	1
1524463	1
1524612	1
1524641	1
1524653	1
1524698	1
1524730	1
1524773	1
1524784	1
1524831	1
1524840	1
1524862	1
1524885	1
1524896	1
1525049	1
1525095	1
1525126	1
1525132	1
1525208	2
1525277	1
1525313	1
1525345	1
1525376	1
1525578	1
1525614	1
1525659	1
1525704	1
1525812	1
1525841	1
1525974	1
1526018	1
1526023	1
1526101	1
1526268	1
1526425	1
1526483	1
1526497	1
1526503	1
1526587	1
1526643	1
1526770	1
1526871	1
1526944	1
1526958	1
1526961	1
1527035	1
1527129	1
1527141	1
1527164	1
1527170	1
1527269	1
1527385	1
1527396	1
1527466	1
1527568	1
1527611	1
1527625	1
1527642	1
1527713	1
1527889	1
1527914	1
1527947	1
1527965	1
1527992	1
1528107	2
1528163	1
1528218	1
1528324	1
1528348	1
1528444	1
1528511	1
1528556	1
1528627	1
1528792	1
1528808	1
1528839	1
1528866	1
1528894	1
1528913	1
1528945	1
1528952	1
1529058	1
1529149	1
1529245	1
1529394	1
1529412	1
1529429	1
1529547	1
1529559	1
1529565	1
1529592	1
1529654	1
1529725	1
1529760	1
1529783	1
1529824	1
1529848	1
1529855	1
1529918	1
1529985	1
1530123	1
1530140	1
1530235	1
1530281	1
1530330	1
1530349	1
1530471	1
1530508	1
1530603	1
1530758	1
1530775	1
1530793	1
1530856	1
1530897	1
1530912	1
1530964	1
1530970	1
1531058	1
1531127	1
1531151	2
1531267	1
1531280	1
1531343	1
1531464	2
1531533	1
1531619	2
1531622	2
1531742	1
1531760	1
1531783	1
1531836	1
1531855	1
1531931	1
1531996	1
1532002	1
1532095	1
1532100	1
1532161	1
1532277	1
1532328	1
1532424	1
1532436	2
1532455	1
1532522	1
1532554	1
1532614	1
1532665	1
1532688	1
1532731	1
1532898	1
1532956	1
1533048	1
1533072	1
1533165	1
1533256	1
1533283	1
1533297	1
1533370	2
1533416	1
1533449	1
1533468	1
1533495	1
1533518	1
1533644	1
1533658	1
1533661	1
1533707	1
1533754	1
1533801	1
1533834	1
1533845	1
1533899	1
1533939	1
1534018	1
1534134	1
1534199	1
1534284	1
1534307	1
1534322	1
1534335	2
1534378	1
1534411	1
1534587	1
1534608	1
1534621	1
1534643	1
1534741	1
1534786	1
1534865	1
1534900	1
1534917	1
1534926	1
1535012	1
1535218	1
1535310	1
1535355	1
1535372	1
1535400	1
1535444	1
1535489	1
1535651	1
1535720	1
1535747	1
1535771	1
1535808	1
1535815	1
1535866	1
1535901	1
1535945	1
1535999	1
1536088	1
1536191	1
1536286	1
1536338	1
1536383	1
1536413	1
1536445	1
1536499	1
1536526	1
1536657	1
1536696	1
1536739	1
1536743	1
1536777	1
1536816	1
1536868	1
1536884	1
1536963	1
1537056	1
1537121	1
1537194	1
1537293	1
1537320	1
1537371	1
1537505	1
1537529	1
1537537	1
1537541	1
1537724	1
1537736	1
1537755	1
1537787	1
1537807	1
1537984	1
1538109	1
1538156	1
1538183	1
1538265	1
1538288	1
1538326	1
1538407	1
1538454	1
1538545	1
1538664	1
1538751	1
1538768	2
1538823	1
1538910	1
1538948	1
1538969	1
1539090	1
1539198	1
1539477	1
1539494	1
1539551	1
1539642	1
1539656	1
1539674	1
1539713	1
1539799	1
1539800	1
1539875	1
1539889	1
1539893	1
1540049	1
1540073	1
1540095	1
1540132	1
1540158	2
1540189	1
1540215	1
1540352	1
1540376	1
1540380	1
1540403	1
1540487	1
1540491	1
1540535	1
1540665	1
1540731	1
1540740	1
1540757	1
1540785	1
1540805	1
1540898	1
1540956	1
1540974	1
1540983	1
1541018	1
1541057	1
1541062	1
1541096	2
1541202	1
1541251	1
1541273	1
1541295	1
1541307	1
1541346	1
1541411	1
1541503	1
1541753	1
1541847	1
1541859	1
1541892	1
1541961	1
1541989	1
1542067	1
1542131	1
1542157	1
1542207	1
1542222	1
1542263	1
1542373	1
1542414	1
1542420	1
1542447	1
1542543	1
1542761	1
1542905	1
1543136	1
1543155	1
1543172	1
1543191	1
1543229	1
1543286	1
1543311	1
1543338	1
1543356	1
1543360	1
1543383	1
1543401	1
1543413	1
1543467	1
1543526	1
1543561	1
1543640	1
1543657	1
1543743	1
1543750	1
1543873	1
1543895	1
1543954	1
1543981	1
1544026	1
1544058	1
1544089	1
1544116	1
1544168	1
1544228	1
1544234	1
1544252	1
1544276	1
1544321	1
1544339	2
1544382	1
1544514	1
1544709	1
1544725	1
1544855	1
1544918	1
1544923	1
1544957	1
1545038	1
1545060	1
1545108	1
1545115	1
1545121	1
1545194	1
1545347	1
1545365	1
1545418	1
1545485	1
1545598	1
1545645	1
1545652	1
1545667	1
1545736	1
1545787	1
1545846	1
1545878	1
1545916	1
1546192	1
1546242	1
1546260	1
1546297	1
1546337	1
1546449	1
1546473	1
1546557	1
1546617	1
1546661	1
1546722	1
1546746	1
1546778	1
1546781	1
1546801	1
1546943	1
1546950	1
1546977	1
1547107	1
1547119	1
1547122	1
1547135	1
1547146	1
1547262	1
1547310	1
1547355	1
1547525	1
1547651	1
1547673	1
1547684	1
1547695	1
1547720	1
1547765	1
1547850	1
1547894	1
1547952	1
1547976	1
1548007	1
1548054	1
1548063	1
1548081	1
1548105	1
1548129	2
1548137	1
1548210	1
1548236	1
1548248	1
1548291	1
1548318	1
1548331	1
1548379	1
1548421	1
1548549	1
1548551	1
1548568	1
1548573	1
1548728	1
1548745	1
1548861	1
1548920	1
1548988	1
1548992	1
1549077	1
1549138	1
1549271	1
1549292	1
1549344	1
1549389	1
1549393	1
1549422	1
1549435	1
1549446	1
1549670	1
1549727	1
1549751	1
1549768	1
1549784	1
1549818	1
1549823	1
1549991	1
1550033	1
1550047	1
1550059	1
1550136	1
1550205	1
1550253	1
1550270	1
1550298	1
1550397	1
1550467	1
1550476	1
1550715	1
1550721	1
1550766	1
1550782	1
1550849	1
1550954	1
1550981	1
1551039	1
1551125	1
1551220	1
1551265	1
1551300	1
1551326	1
1551358	1
1551576	2
1551641	1
1551670	1
1551702	1
1551831	1
1551924	1
1551955	1
1551969	1
1552060	1
1552097	1
1552108	1
1552121	1
1552258	1
1552333	1
1552365	1
1552423	1
1552541	1
1552586	1
1552613	1
1552676	1
1552863	1
1552878	1
1552902	1
1552973	1
1553023	1
1553101	1
1553128	1
1553180	1
1553199	1
1553230	1
1553251	1
1553268	1
1553273	1
1553295	1
1553363	1
1553378	1
1553442	1
1553621	1
1553798	1
1553892	1
1553926	1
1553975	1
1554036	1
1554120	1
1554159	1
1554165	1
1554171	1
1554192	1
1554274	1
1554297	1
1554341	1
1554402	1
1554430	1
1554451	1
1554468	1
1554473	1
1554484	1
1554518	1
1554661	1
1554689	2
1554790	1
1554876	1
1554939	1
1555112	1
1555170	1
1555210	1
1555255	2
1555269	1
1555287	1
1555357	1
1555516	1
1555527	1
1555584	1
1555638	1
1555674	1
1555832	2
1555889	2
1555920	1
1556013	1
1556028	1
1556067	1
1556123	1
1556140	1
1556196	1
1556222	1
1556327	1
1556459	1
1556471	1
1556603	1
1556687	1
1556825	1
1556838	1
1556856	1
1556860	1
1556912	1
1556998	1
1557002	1
1557016	1
1557027	1
1557158	1
1557282	1
1557403	1
1557581	1
1557614	1
1557659	1
1557671	1
1557704	1
1557723	1
1557731	1
1557796	1
1557805	1
1557812	1
1557841	1
1557925	1
1557960	1
1557983	1
1558058	1
1558102	1
1558151	1
1558245	1
1558321	1
1558339	1
1558441	1
1558453	1
1558470	1
1558547	1
1558592	1
1558607	1
1558678	1
1558711	1
1558774	1
1558848	1
1558931	1
1559053	1
1559107	1
1559119	2
1559154	1
1559190	1
1559231	1
1559324	1
1559336	1
1559372	1
1559444	1
1559489	1
1559556	1
1559574	1
1559649	1
1559668	1
1559673	1
1559720	1
1559765	1
1559771	1
1559792	1
1559815	1
1559839	1
1559901	1
1559980	1
1560079	1
1560176	1
1560227	1
1560249	1
1560268	1
1560273	1
1560587	1
1560814	1
1560859	1
1561012	1
1561041	1
1561053	1
1561181	1
1561204	1
1561218	1
1561303	1
1561387	1
1561426	1
1561489	1
1561556	1
1561583	1
1561597	1
1561673	1
1561684	1
1561934	1
1561967	1
1561976	1
1562063	1
1562078	1
1562153	2
1562248	1
1562304	1
1562408	1
1562466	2
1562477	1
1562502	1
1562516	1
1562551	1
1562609	1
1562611	1
1562625	1
1562660	1
1562734	1
1562861	1
1562889	1
1562893	1
1562933	1
1562971	1
1563015	1
1563039	1
1563082	1
1563142	1
1563259	1
1563265	1
1563326	1
1563454	1
1563567	1
1563716	1
1563749	1
1563804	1
1563948	1
1564001	1
1564067	1
1564162	1
1564179	1
1564185	1
1564246	1
1564263	1
1564327	1
1564406	1
1564414	1
1564420	1
1564539	1
1564543	1
1564550	1
1564761	1
1564811	1
1564838	1
1565127	1
1565149	1
1565184	1
1565201	1
1565412	1
1565514	1
1565520	1
1565571	1
1565760	1
1565797	1
1565803	1
1565824	1
1565869	1
1565904	1
1565923	1
1565962	1
1565985	1
1566056	1
1566074	1
1566108	1
1566115	1
1566217	1
1566226	1
1566261	1
1566306	1
1566359	1
1566365	1
1566371	1
1566392	1
1566404	1
1566462	1
1566613	1
1566634	1
1566652	1
1566667	1
1566699	1
1566710	1
1566736	1
1566755	1
1566807	1
1566927	1
1566995	1
1567006	1
1567110	1
1567124	1
1567169	1
1567191	1
1567212	1
1567229	1
1567264	1
1567311	1
1567356	1
1567434	1
1567445	1
1567476	1
1567480	1
1567499	1
1567558	1
1567589	1
1567721	1
1567782	1
1567919	1
1567922	1
1567954	1
1567963	1
1567978	1
1568003	1
1568036	1
1568106	1
1568171	1
1568211	1
1568297	1
1568386	1
1568427	1
1568484	1
1568540	1
1568562	1
1568600	1
1568719	1
1568746	1
1568845	1
1568943	1
1568950	1
1568982	1
1569027	1
1569030	1
1569073	1
1569144	1
1569161	1
1569175	1
1569243	1
1569250	1
1569294	1
1569380	1
1569399	1
1569410	1
1569448	1
1569469	1
1569522	1
1569535	1
1569659	1
1569688	1
1569718	1
1569757	1
1569805	1
1569812	1
1569864	2
1569870	1
1569925	1
1569942	1
1569960	1
1570188	1
1570192	1
1570225	1
1570260	1
1570274	1
1570337	2
1570341	1
1570353	1
1570416	1
1570518	1
1570531	1
1570562	1
1570626	1
1570632	1
1570658	1
1570719	1
1570746	1
1570845	1
1570899	1
1570908	1
1570939	1
1570966	1
1570982	1
1571035	1
1571203	1
1571224	1
1571291	1
1571415	1
1571482	1
1571549	1
1571660	1
1571713	1
1571826	1
1571832	1
1571933	1
1571959	1
1572070	1
1572122	1
1572178	1
1572181	1
1572223	1
1572285	2
1572324	1
1572493	1
1572627	1
1572668	1
1572673	1
1572720	1
1572765	1
1572839	1
1572877	1
1572894	1
1572976	1
1572980	1
1573000	1
1573089	1
1573151	1
1573213	1
1573252	1
1573321	1
1573377	1
1573394	1
1573429	1
1573486	1
1573520	1
1573654	1
1573738	1
1574124	1
1574172	1
1574187	1
1574237	1
1574270	1
1574325	1
1574445	1
1574499	1
1574500	1
1574517	1
1574618	1
1574640	1
1574685	1
1574696	1
1574715	1
1574873	1
1574922	1
1574978	1
1575015	1
1575043	1
1575109	1
1575300	1
1575419	1
1575422	1
1575435	1
1575501	1
1575534	1
1575567	1
1575629	1
1575637	1
1575653	1
1575686	1
1575749	1
1575804	1
1575924	1
1575991	1
1576002	1
1576030	1
1576144	2
1576239	1
1576282	1
1576410	1
1576436	1
1576448	1
1576455	1
1576487	1
1576519	1
1576535	1
1576563	1
1576578	1
1576620	1
1576665	1
1576723	1
1576785	1
1576805	1
1576870	1
1576886	1
1576911	1
1576942	1
1576974	1
1577034	1
1577052	1
1577067	1
1577076	1
1577099	1
1577207	1
1577327	1
1577351	1
1577395	1
1577492	1
1577603	1
1577883	1
1577929	1
1577998	1
1578031	1
1578079	1
1578096	1
1578134	1
1578202	1
1578227	1
1578249	1
1578268	1
1578273	1
1578319	1
1578354	1
1578438	1
1578587	1
1578650	1
1578666	1
1578770	1
1578786	1
1578806	1
1578847	1
1578900	1
1578926	1
1578932	1
1579177	1
1579200	1
1579217	1
1579232	1
1579244	1
1579314	1
1579423	1
1579457	1
1579496	1
1579505	1
1579512	1
1579667	1
1579736	1
1579748	1
1579835	1
1579846	1
1579854	1
1579968	1
1580000	1
1580017	1
1580061	1
1580149	1
1580201	1
1580308	1
1580405	1
1580412	1
1580470	1
1580592	1
1580725	1
1580742	1
1580797	1
1580824	1
1580836	1
1580855	1
1580918	1
1581083	1
1581115	1
1581182	1
1581244	1
1581320	1
1581333	1
1581479	1
1581564	1
1581652	1
1581667	1
1581703	1
1581710	1
1581748	1
1581835	1
1581846	1
1581927	1
1582142	1
1582183	1
1582214	1
1582220	1
1582265	1
1582478	1
1582534	1
1582552	1
1582580	1
1582641	1
1582727	1
1582795	1
1582804	1
1582885	1
1582903	1
1582924	1
1582987	1
1583141	1
1583210	1
1583224	1
1583287	1
1583323	1
1583357	1
1583362	1
1583415	1
1583477	1
1583482	1
1583502	1
1583568	2
1583595	1
1583609	1
1583638	1
1583780	1
1583988	1
1584051	1
1584073	1
1584100	1
1584144	1
1584208	1
1584507	1
1584546	1
1584563	1
1584633	1
1584740	1
1584757	1
1584785	1
1584796	1
1584805	1
1584812	1
1584909	1
1584938	1
1584983	1
1584997	1
1585113	1
1585134	1
1585145	1
1585227	1
1585230	1
1585251	1
1585363	1
1585378	1
1585390	1
1585409	1
1585442	1
1585510	1
1585524	1
1585587	1
1585608	1
1585621	1
1585666	1
1585814	1
1585859	1
1585961	1
1586119	1
1586163	1
1586204	1
1586223	2
1586231	1
1586391	1
1586426	1
1586511	1
1586525	1
1586574	1
1586630	1
1586673	1
1586850	1
1586866	1
1586877	1
1586901	1
1586913	1
1586967	1
1587003	1
1587010	1
1587036	1
1587106	2
1587147	1
1587165	1
1587209	1
1587353	1
1587402	1
1587430	1
1587449	1
1587451	1
1587495	1
1587600	1
1587661	1
1587693	1
1587707	1
1587746	1
1587834	1
1587943	1
1587950	1
1587994	1
1588065	1
1588088	1
1588172	1
1588187	1
1588309	1
1588356	1
1588383	1
1588428	1
1588434	1
1588452	1
1588467	1
1588558	1
1588561	1
1588589	1
1588623	1
1588657	1
1588662	1
1588679	1
1588794	1
1588919	1
1589080	1
1589099	1
1589104	1
1589196	1
1589254	1
1589302	1
1589414	1
1589488	1
1589515	1
1589521	1
1589539	1
1589543	1
1589636	1
1589687	1
1589691	1
1589700	2
1589744	1
1589761	1
1589789	1
1589842	1
1589860	1
1590112	1
1590153	1
1590186	2
1590224	1
1590248	1
1590269	1
1590340	1
1590357	1
1590502	1
1590527	1
1590551	1
1590568	1
1590584	1
1590609	1
1590660	1
1590674	1
1590713	1
1590728	1
1590745	1
1590799	2
1590800	1
1590933	1
1590965	1
1590988	1
1591013	1
1591034	1
1591045	1
1591080	1
1591140	1
1591157	1
1591162	1
1591219	1
1591254	1
1591278	1
1591290	1
1591327	1
1591373	1
1591384	1
1591395	1
1591594	1
1591610	1
1591717	1
1591789	1
1591811	1
1591838	1
1591883	1
1591905	1
1592062	1
1592101	1
1592152	1
1592249	1
1592322	1
1592460	1
1592503	1
1592569	1
1592572	1
1592587	1
1592615	1
1592892	1
1592958	1
1593009	1
1593060	1
1593108	1
1593115	1
1593177	1
1593217	1
1593244	1
1593306	2
1593333	1
1593496	1
1593529	1
1593564	1
1593570	1
1593586	1
1593676	1
1593984	1
1594037	1
1594181	1
1594190	1
1594204	1
1594218	1
1594257	1
1594387	1
1594509	1
1594538	1
1594556	1
1594560	1
1594651	1
1594706	1
1594714	1
1594765	1
1594877	1
1594894	1
1595103	1
1595191	1
1595397	1
1595476	1
1595480	1
1595500	1
1595544	1
1595640	1
1595657	1
1595662	2
1595743	1
1595830	1
1595907	1
1595978	1
1596094	1
1596142	1
1596206	1
1596247	1
1596265	1
1596375	1
1596446	1
1596481	1
1596576	1
1596629	1
1596768	1
1596818	1
1596823	1
1596885	1
1596903	1
1596910	1
1596936	1
1596948	1
1597017	1
1597058	1
1597149	1
1597151	1
1597213	1
1597234	1
1597280	1
1597299	1
1597315	1
1597339	1
1597486	1
1597498	1
1597514	1
1597533	1
1597783	1
1597803	1
1597836	1
1597962	1
1597985	1
1598016	1
1598051	1
1598175	1
1598193	1
1598215	1
1598313	1
1598352	1
1598367	1
1598455	1
1598487	1
1598671	1
1598718	1
1598740	1
1598796	1
1598864	1
1598898	1
1598983	1
1598997	1
1599010	1
1599024	1
1599048	1
1599133	1
1599211	1
1599225	1
1599242	1
1599283	1
1599312	1
1599329	1
1599416	1
1599473	1
1599495	1
1599523	1
1599531	1
1599540	1
1599600	1
1599754	1
1599790	1
1599994	1
1600060	1
1600083	1
1600143	1
1600177	1
1600289	1
1600293	1
1600388	1
1600423	1
1600512	1
1600586	1
1600613	1
1600667	1
1600699	1
1600724	1
1600791	1
1600863	1
1600927	1
1600984	1
1600995	1
1601087	1
1601171	1
1601192	1
1601283	1
1601305	1
1601337	1
1601402	1
1601484	1
1601540	1
1601585	1
1601617	1
1601626	1
1601707	1
1601722	1
1601801	1
1601813	1
1601852	1
1601966	1
1601977	1
1602033	1
1602148	1
1602187	1
1602325	1
1602356	1
1602360	1
1602397	1
1602445	1
1602526	1
1602589	1
1602623	1
1602631	1
1602777	2
1602802	1
1602851	1
1602868	1
1602873	1
1602919	1
1602954	1
1602981	1
1603045	1
1603185	1
1603207	1
1603219	1
1603351	1
1603406	1
1603459	1
1603492	1
1603521	1
1603624	1
1603700	1
1603726	1
1603744	1
1603758	1
1603793	1
1603941	1
1603998	1
1604039	1
1604094	2
1604220	1
1604271	1
1604292	1
1604326	1
1604375	1
1604393	1
1604407	1
1604419	1
1604478	2
1604481	1
1604528	1
1604605	1
1604612	1
1604629	1
1604698	1
1604727	1
1604768	1
1604804	1
1604831	1
1604972	1
1605002	1
1605132	1
1605144	1
1605243	1
1605328	1
1605334	1
1605352	1
1605436	2
1605472	1
1605740	1
1605870	1
1605911	1
1605925	1
1605974	1
1605997	1
1606018	1
1606031	1
1606079	1
1606268	1
1606295	1
1606322	1
1606335	1
1606381	1
1606411	1
1606503	1
1606621	1
1606677	1
1606764	1
1606786	1
1607007	1
1607078	1
1607090	1
1607112	1
1607248	1
1607272	1
1607385	1
1607415	1
1607443	1
1607494	1
1607502	1
1607516	1
1607549	1
1607625	1
1607638	1
1607697	1
1607701	1
1607734	1
1607745	1
1607799	1
1607861	1
1607933	1
1607947	1
1607959	1
1607965	1
1607988	1
1607992	1
1608005	1
1608029	1
1608041	1
1608181	1
1608296	1
1608348	1
1608369	1
1608417	1
1608493	1
1608602	1
1608684	1
1608765	1
1608808	1
1608901	1
1608934	1
1608952	1
1609026	1
1609093	1
1609299	1
1609394	1
1609453	1
1609635	1
1609681	1
1609774	1
1609848	1
1610007	1
1610019	1
1610035	1
1610112	1
1610137	1
1610153	1
1610198	1
1610224	1
1610236	1
1610304	1
1610443	1
1610466	1
1610494	1
1610551	1
1610568	1
1610642	1
1610683	1
1610728	1
1610776	1
1610780	1
1610799	1
1610800	1
1610844	2
1610861	1
1610933	1
1611034	1
1611373	1
1611515	1
1611521	1
1611582	1
1611624	1
1611691	1
1611726	1
1611732	1
1611793	1
1611874	1
1611897	1
1611929	1
1611998	1
1612057	1
1612096	1
1612128	1
1612307	1
1612322	1
1612378	1
1612381	1
1612460	1
1612474	1
1612483	1
1612503	1
1612510	1
1612555	1
1612572	1
1612591	1
1612608	1
1612615	1
1612639	1
1612666	1
1612682	1
1612729	1
1612737	1
1612770	1
1612892	1
1612917	1
1612944	1
1613139	1
1613232	1
1613258	1
1613333	1
1613601	1
1613645	1
1613676	1
1613748	1
1613772	1
1613787	1
1613822	1
1613854	1
1614005	1
1614053	1
1614119	1
1614154	1
1614163	1
1614190	1
1614285	1
1614348	1
1614444	1
1614511	1
1614597	1
1614602	1
1614651	1
1614673	1
1614759	1
1614771	1
1614882	2
1614894	1
1614913	1
1614976	1
1615071	1
1615088	1
1615092	1
1615110	1
1615124	1
1615229	1
1615270	1
1615325	1
1615342	1
1615356	1
1615383	1
1615640	1
1615662	1
1615873	1
1615919	1
1615946	2
1615954	1
1616039	1
1616043	1
1616066	1
1616094	1
1616160	1
1616206	1
1616271	1
1616292	1
1616407	1
1616422	1
1616435	1
1616454	1
1616481	1
1616534	1
1616629	1
1616637	1
1616653	2
1616664	1
1616749	1
1616751	1
1616773	1
1616784	1
1616823	1
1616831	1
1616948	1
1617017	1
1617061	1
1617075	1
1617173	1
1617201	1
1617276	1
1617299	1
1617321	1
1617405	1
1617429	1
1617520	1
1617607	1
1617622	1
1617646	1
1617690	1
1617709	1
1617797	1
1617848	1
1617855	1
1617891	1
1617931	1
1618084	1
1618117	1
1618126	1
1618132	1
1618161	1
1618189	1
1618208	1
1618266	1
1618277	1
1618301	1
1618352	1
1618380	1
1618491	1
1618546	1
1618647	1
1618688	1
1618692	1
1618731	1
1618740	1
1618762	1
1618785	1
1618796	1
1618983	1
1619036	1
1619106	1
1619147	1
1619211	2
1619274	1
1619617	1
1619658	1
1619675	1
1619689	1
1619801	1
1619828	1
1619834	1
1619852	1
1619908	1
1619939	1
1619977	1
1620041	1
1620053	1
1620086	1
1620154	1
1620181	1
1620387	1
1620458	1
1620489	1
1620493	1
1620560	1
1620583	1
1620651	1
1620706	1
1620808	1
1620843	1
1620901	1
1620945	1
1620976	1
1620999	1
1621033	1
1621103	1
1621124	1
1621148	1
1621172	1
1621187	2
1621212	1
1621499	1
1621532	1
1621558	1
1621777	1
1621907	1
1621922	1
1621981	1
1622072	1
1622106	1
1622133	1
1622165	1
1622225	1
1622238	1
1622242	1
1622260	1
1622305	1
1622430	1
1622449	1
1622473	1
1622518	1
1622644	1
1622658	1
1622675	1
1622813	1
1622828	1
1622867	1
1622950	1
1622977	1
1622982	1
1622994	1
1623049	1
1623051	1
1623068	1
1623073	1
1623221	1
1623243	1
1623345	1
1623399	1
1623469	2
1623507	1
1623563	1
1623578	1
1623688	1
1623704	1
1623718	1
1623740	1
1623870	1
1623974	1
1624019	1
1624105	1
1624255	1
1624287	2
1624323	1
1624331	1
1624408	1
1624415	1
1624450	1
1624466	1
1624549	1
1624638	1
1624800	1
1624861	1
1624914	1
1625028	1
1625131	1
1625162	1
1625179	1
1625196	1
1625219	1
1625222	1
1625246	1
1625263	1
1625278	1
1625281	1
1625349	1
1625521	1
1625566	1
1625687	1
1625842	1
1625929	1
1625953	1
1625998	1
1626017	1
1626089	1
1626102	1
1626151	1
1626321	1
1626350	1
1626429	1
1626441	1
1626453	1
1626514	1
1626592	1
1626607	1
1626678	1
1626711	1
1626725	1
1626738	1
1626742	1
1626783	1
1626797	1
1626887	1
1626940	1
1626985	1
1626996	1
1627021	1
1627039	1
1627082	1
1627142	1
1627265	1
1627375	1
1627389	1
1627393	1
1627419	1
1627545	1
1627567	1
1627599	1
1627612	1
1627637	1
1627641	1
1627653	1
1627749	1
1627804	1
1627823	1
1627885	1
1627969	1
1627972	1
1628011	1
1628108	1
1628293	1
1628306	1
1628333	1
1628347	2
1628423	1
1628440	1
1628457	2
1628462	1
1628485	1
1628537	1
1628553	1
1628601	1
1628645	1
1628680	1
1628699	1
1628703	1
1628748	1
1628787	1
1628835	1
1628902	1
1629004	1
1629096	1
1629101	1
1629167	1
1629199	1
1629249	1
1629335	1
1629346	1
1629390	1
1629425	1
1629438	1
1629460	1
1629503	1
1629536	1
1629643	1
1629741	1
1629764	1
1629859	1
1629865	1
1629871	1
1629888	1
1630016	1
1630049	1
1630051	1
1630175	1
1630239	1
1630282	1
1630294	1
1630352	2
1630424	1
1630491	2
1630633	1
1630718	1
1630762	1
1630779	1
1630829	1
1630837	1
1630864	1
1630870	1
1630886	1
1630956	1
1631057	1
1631079	1
1631249	1
1631390	1
1631409	2
1631411	1
1631460	1
1631569	1
1631608	1
1631764	1
1631786	1
1631798	1
1631814	1
1631833	1
1631958	1
1632099	1
1632140	1
1632185	1
1632196	1
1632316	1
1632368	1
1632406	1
1632420	1
1632508	1
1632594	1
1632624	1
1632655	1
1632672	1
1632811	2
1632842	1
1632970	1
1633088	1
1633110	1
1633124	1
1633155	1
1633169	1
1633172	1
1633253	1
1633311	1
1633325	1
1633338	1
1633428	1
1633452	1
1633476	1
1633499	1
1633575	1
1633696	1
1633739	1
1633830	1
1633907	1
1633935	1
1634044	1
1634149	1
1634168	1
1634184	1
1634245	1
1634299	1
1634405	1
1634453	1
1634498	1
1634514	1
1634559	1
1634565	1
1634571	1
1634588	1
1634622	1
1634855	1
1634891	1
1634918	1
1634931	1
1634996	1
1635011	1
1635042	1
1635108	1
1635194	1
1635217	1
1635226	1
1635293	1
1635371	1
1635586	1
1635601	1
1635634	1
1635645	1
1635772	1
1635787	1
1635822	1
1635890	1
1635902	1
1635951	1
1636036	1
1636048	1
1636147	1
1636171	1
1636209	1
1636238	1
1636370	1
1636386	1
1636540	1
1636626	1
1636658	1
1636693	1
1636754	1
1636852	1
1636867	1
1636915	1
1636982	1
1637005	1
1637086	1
1637119	1
1637154	1
1637163	1
1637218	1
1637223	1
1637279	1
1637303	1
1637348	1
1637372	1
1637400	1
1637602	1
1637673	1
1637706	1
1637747	1
1637808	1
1637877	1
1637901	1
1637980	1
1637999	1
1638019	1
1638054	1
1638141	1
1638153	1
1638186	1
1638198	1
1638203	1
1638450	1
1638502	1
1638551	1
1638568	1
1638584	1
1638609	1
1638660	1
1638674	1
1638752	1
1638776	1
1638780	1
1638799	1
1638817	1
1638826	1
1639021	1
1639094	1
1639156	1
1639160	1
1639206	1
1639247	1
1639375	1
1639393	1
1639446	1
1639501	1
1639567	1
1639637	1
1639698	1
1639879	1
1639936	1
1639948	1
1640080	1
1640118	1
1640207	1
1640302	1
1640368	1
1640406	1
1640471	1
1640577	1
1640648	1
1640655	1
1640687	1
1640691	1
1640758	1
1640761	1
1640809	1
1640842	1
1640905	1
1640937	1
1640953	1
1640964	1
1641151	1
1641252	1
1641267	1
1641321	1
1641350	1
1641394	1
1641607	1
1641619	1
1641622	1
1641654	1
1641663	1
1641742	1
1641760	1
1641810	1
1641979	1
1641996	1
1642068	1
1642073	1
1642100	1
1642117	1
1642132	1
1642158	1
1642175	1
1642215	1
1642294	1
1642448	1
1642472	1
1642522	1
1642546	1
1642563	1
1642671	1
1642740	2
1642762	1
1642796	1
1642841	1
1642853	1
1643091	1
1643238	1
1643260	1
1643305	1
1643341	1
1643402	1
1643416	1
1643430	1
1643531	1
1643707	1
1643801	1
1643845	1
1643867	1
1643899	1
1643915	1
1643921	1
1643943	1
1643950	1
1643982	1
1643994	1
1644057	1
1644085	1
1644096	1
1644101	1
1644202	1
1644390	1
1644497	1
1644764	1
1644958	1
1644993	1
1645041	1
1645070	1
1645107	1
1645119	1
1645122	1
1645135	1
1645190	1
1645391	1
1645400	1
1645432	1
1645509	1
1645511	1
1645538	1
1645616	1
1645627	1
1645649	1
1645651	1
1645771	1
1645788	1
1645815	1
1645843	1
1645928	1
1645934	1
1645967	1
1646006	1
1646169	1
1646191	1
1646229	2
1646264	1
1646374	1
1646401	1
1646452	1
1646739	1
1646851	1
1646868	1
1646922	1
1646946	1
1646963	1
1646981	1
1647009	1
1647143	2
1647166	1
1647182	1
1647244	1
1647392	1
1647462	1
1647553	1
1647613	1
1647676	1
1647703	1
1647736	1
1647748	1
1647755	1
1647769	1
1647863	1
1647916	1
1647968	1
1648015	1
1648043	1
1648183	1
1648206	1
1648292	1
1648326	1
1648361	1
1648389	1
1648446	1
1648478	1
1648490	1
1648501	1
1648513	1
1648528	1
1648534	1
1648612	1
1648686	1
1648730	1
1648804	1
1648896	2
1648948	1
1648969	1
1649019	1
1649153	1
1649164	1
1649210	1
1649331	1
1649362	1
1649415	1
1649421	1
1649443	1
1649516	1
1649595	1
1649799	1
1649800	1
1649861	1
1649933	1
1650165	1
1650211	1
1650238	1
1650256	1
1650364	1
1650386	1
1650449	1
1650451	1
1650468	1
1650495	1
1650531	1
1650693	1
1650735	1
1650813	1
1650834	1
1650845	1
1650899	1
1650921	1
1651019	1
1651046	1
1651170	1
1651210	1
1651287	1
1651385	1
1651396	1
1651494	1
1651551	1
1651584	1
1651611	1
1651674	1
1651728	2
1651745	1
1651799	1
1651817	1
1651965	1
1652119	1
1652163	1
1652181	1
1652231	1
1652310	1
1652324	1
1652336	1
1652391	1
1652458	1
1652556	1
1652597	1
1652651	1
1652759	1
1652765	1
1652843	1
1652901	1
1652913	1
1652934	1
1653000	1
1653026	1
1653032	1
1653044	2
1653102	1
1653127	1
1653151	1
1653201	1
1653245	1
1653267	1
1653276	1
1653321	1
1653343	1
1653350	1
1653382	1
1653533	1
1653619	1
1653622	1
1653678	1
1653681	1
1653774	1
1653797	1
1653824	1
1653848	1
1653872	1
1653887	1
1653918	1
1653923	1
1653957	1
1653962	1
1653985	1
1654136	1
1654172	1
1654342	1
1654356	1
1654397	1
1654452	1
1654517	1
1654662	1
1654721	1
1654782	1
1654851	1
1654868	1
1654946	1
1655039	1
1655050	1
1655094	1
1655138	1
1655156	1
1655214	1
1655233	1
1655271	1
1655300	1
1655326	1
1655358	2
1655501	2
1655534	1
1655567	1
1655576	1
1655605	2
1655664	1
1655698	1
1655702	1
1655773	1
1655784	1
1655862	1
1655910	1
1655948	1
1655969	1
1655972	1
1656049	1
1656095	1
1656117	1
1656158	1
1656313	1
1656334	1
1656436	1
1656448	1
1656491	1
1656519	1
1656692	1
1656718	1
1656796	1
1656805	1
1656829	1
1656837	1
1656841	1
1656938	1
1656983	1
1657034	1
1657099	1
1657104	1
1657118	1
1657123	1
1657131	1
1657140	1
1657246	1
1657327	1
1657368	1
1657508	1
1657521	1
1657691	1
1657809	1
1657874	1
1657905	1
1657941	1
1657953	1
1658004	1
1658057	1
1658079	1
1658128	1
1658145	1
1658167	1
1658176	1
1658249	1
1658251	1
1658307	1
1658322	1
1658378	1
1658409	1
1658639	1
1658729	1
1658833	1
1658847	1
1659083	1
1659108	1
1659139	1
1659182	1
1659289	1
1659333	1
1659479	1
1659652	1
1659724	1
1659755	1
1659835	1
1659902	1
1659916	1
1659984	1
1660168	1
1660184	1
1660245	1
1660394	1
1660441	1
1660520	1
1660547	1
1660635	1
1660869	1
1660887	1
1661011	1
1661177	1
1661232	1
1661244	1
1661275	1
1661306	1
1661347	1
1661586	1
1661601	1
1661613	1
1661645	1
1661676	1
1661769	1
1661787	1
1661822	1
1661835	1
1661927	1
1661951	1
1661973	1
1661995	1
1662008	1
1662077	1
1662142	1
1662183	1
1662233	1
1662389	1
1662435	1
1662612	1
1662664	1
1662686	1
1662702	1
1662773	1
1662862	1
1662987	1
1663046	1
1663081	2
1663090	1
1663224	1
1663236	1
1663291	1
1663340	1
1663362	1
1663421	1
1663439	1
1663477	1
1663530	1
1663551	1
1663584	1
1663611	1
1663656	1
1663683	1
1663745	1
1663800	1
1663893	1
1663920	1
1663933	1
1663992	1
1664027	1
1664030	1
1664117	1
1664239	1
1664243	1
1664328	1
1664334	1
1664380	1
1664436	1
1664448	1
1664507	1
1664614	1
1664633	1
1664692	1
1664704	1
1664829	1
1664841	1
1664886	2
1665023	1
1665040	1
1665057	1
1665085	1
1665128	1
1665145	1
1665249	1
1665319	1
1665322	1
1665335	1
1665346	1
1665442	1
1665497	1
1665536	1
1665548	1
1665587	1
1665591	1
1665666	1
1665694	1
1665764	1
1665806	1
1665820	1
1665847	1
1665900	1
1665926	1
1665932	1
1665958	1
1666146	1
1666218	1
1666296	1
1666336	1
1666426	1
1666444	1
1666475	1
1666525	1
1666574	1
1666649	1
1666720	1
1666839	1
1666843	1
1666913	1
1666928	1
1666945	1
1666967	1
1666980	1
1667024	1
1667036	2
1667069	1
1667120	1
1667165	1
1667171	1
1667188	1
1667192	1
1667211	1
1667238	1
1667274	1
1667297	1
1667600	1
1667689	1
1667735	1
1667778	1
1667801	1
1667867	1
1667899	1
1667950	1
1667966	1
1667982	1
1668006	1
1668047	1
1668059	1
1668071	1
1668136	1
1668148	1
1668187	1
1668311	1
1668342	1
1668434	1
1668500	1
1668558	1
1668561	1
1668662	1
1668743	1
1668750	1
1668794	1
1668907	1
1668963	1
1668978	1
1669013	1
1669099	1
1669222	1
1669235	1
1669263	1
1669302	1
1669316	1
1669327	1
1669373	1
1669395	1
1669414	2
1669636	1
1669700	1
1669789	1
1669811	1
1669838	1
1669874	1
1669912	1
1669937	1
1670014	1
1670088	1
1670136	1
1670172	1
1670205	1
1670229	1
1670241	1
1670309	1
1670356	1
1670383	1
1670558	1
1670561	1
1670623	1
1670662	1
1670696	1
1670739	2
1670830	1
1670922	1
1670990	1
1671008	1
1671043	1
1671066	1
1671082	1
1671247	1
1671300	1
1671389	1
1671407	1
1671454	1
1671490	1
1671580	1
1671664	1
1671773	1
1671804	1
1671857	1
1671924	1
1672042	1
1672115	1
1672143	1
1672261	1
1672289	1
1672333	2
1672359	1
1672365	1
1672404	1
1672418	1
1672440	1
1672462	1
1672512	1
1672564	1
1672570	1
1672598	1
1672601	1
1672613	1
1672652	1
1672835	1
1672902	1
1672930	1
1672984	1
1673040	1
1673096	1
1673216	1
1673363	1
1673425	1
1673438	1
1673456	1
1673460	1
1673615	1
1673639	1
1673666	1
1673712	1
1673770	1
1673786	1
1673814	1
1673871	1
1673932	1
1673993	1
1674024	1
1674055	1
1674069	1
1674159	1
1674188	1
1674211	1
1674370	1
1674386	1
1674402	1
1674626	1
1674675	1
1674754	1
1674763	1
1674781	1
1674790	1
1674801	1
1674828	1
1674899	1
1674915	1
1674939	1
1674943	1
1674982	2
1675035	1
1675063	1
1675081	1
1675170	2
1675186	1
1675236	1
1675248	1
1675318	1
1675415	1
1675530	1
1675638	1
1675642	1
1675656	1
1675752	1
1675800	1
1675832	1
1675893	1
1675965	1
1675992	1
1676052	1
1676207	1
1676235	1
1676278	1
1676281	1
1676420	1
1676433	1
1676447	1
1676465	1
1676521	1
1676636	1
1676648	1
1676691	1
1676758	1
1676793	1
1676856	1
1676860	1
1676953	1
1676986	1
1677049	1
1677084	1
1677132	1
1677239	1
1677266	1
1677277	1
1677294	1
1677328	1
1677487	1
1677507	1
1677522	1
1677554	1
1677590	1
1677704	1
1677757	1
1677796	1
1677829	1
1677886	1
1677938	1
1677997	1
1678000	2
1678032	1
1678044	1
1678234	1
1678245	1
1678321	1
1678514	1
1678559	1
1678690	1
1678709	1
1678742	1
1678756	1
1678774	1
1678836	1
1678918	1
1679223	1
1679240	1
1679296	1
1679336	1
1679651	1
1679882	1
1679894	1
1679952	1
1679980	1
1680062	1
1680180	1
1680199	1
1680230	1
1680268	1
1680411	1
1680438	2
1680503	1
1680548	1
1680555	1
1680569	1
1680666	1
1680741	1
1680770	1
1680847	1
1680859	1
1680865	1
1680989	1
1681053	1
1681086	1
1681098	1
1681163	1
1681400	1
1681602	1
1681649	1
1681788	1
1681808	1
1681877	1
1681952	1
1682090	1
1682112	1
1682129	1
1682269	1
1682272	1
1682318	1
1682611	1
1682625	1
1682674	1
1682713	1
1682776	1
1682800	1
1682844	1
1682906	1
1683138	1
1683259	1
1683271	1
1683292	1
1683358	1
1683534	1
1683664	1
1683818	1
1683924	1
1684028	1
1684045	1
1684067	1
1684080	1
1684099	1
1684316	1
1684330	1
1684508	1
1684550	1
1684582	1
1684594	1
1684648	1
1684700	1
1684758	1
1684775	1
1684860	1
1684883	1
1684929	2
1684937	1
1685061	1
1685075	1
1685089	1
1685102	1
1685149	1
1685213	1
1685234	1
1685276	1
1685299	1
1685321	1
1685339	1
1685366	1
1685412	1
1685441	1
1685486	1
1685678	1
1685756	1
1685760	1
1685810	1
1685836	2
1685848	1
1685855	1
1685869	1
1685931	1
1685957	1
1686056	1
1686182	1
1686217	1
1686423	1
1686485	1
1686553	1
1686586	1
1686634	1
1686645	1
1686703	1
1686769	1
1687298	1
1687338	1
1687342	1
1687374	1
1687401	1
1687445	1
1687467	1
1687558	1
1687696	1
1687721	1
1687750	1
1687766	1
1687830	1
1688010	1
1688055	1
1688072	1
1688133	1
1688188	1
1688225	1
1688256	1
1688274	1
1688305	1
1688312	1
1688398	1
1688518	1
1688579	2
1688722	1
1688735	1
1688746	1
1688828	1
1688876	1
1688899	1
1688966	1
1688977	1
1688982	1
1689051	1
1689068	1
1689117	1
1689239	1
1689243	1
1689352	1
1689424	1
1689472	1
1689487	1
1689507	1
1689590	1
1689614	1
1689647	1
1689688	1
1689723	1
1689757	1
1689796	2
1689837	1
1689898	1
1689909	1
1689938	1
1689974	1
1690043	1
1690050	1
1690111	1
1690220	1
1690233	1
1690265	1
1690288	1
1690393	1
1690435	1
1690513	1
1690576	1
1690629	1
1690664	1
1690749	1
1690795	1
1690804	1
1690862	1
1690903	1
1690987	1
1691002	1
1691084	1
1691095	1
1691126	1
1691189	1
1691221	1
1691277	1
1691282	1
1691301	1
1691313	1
1691380	1
1691403	1
1691455	1
1691620	1
1691659	1
1691692	1
1691762	1
1691837	1
1691956	1
1691997	1
1692093	1
1692102	1
1692173	1
1692339	1
1692498	1
1692565	1
1692622	1
1692681	1
1692855	1
1692872	1
1692887	1
1692904	1
1692918	1
1692940	1
1692979	1
1692985	1
1692996	1
1693037	1
1693041	1
1693135	1
1693204	1
1693475	1
1693556	1
1693560	1
1693597	1
1693602	1
1693651	1
1693668	1
1693673	1
1693684	1
1693866	1
1693901	1
1693913	1
1693934	1
1694011	1
1694074	1
1694097	1
1694166	1
1694258	1
1694404	1
1694457	1
1694505	1
1694553	1
1694601	1
1694634	1
1694680	1
1694699	1
1694748	1
1694769	1
1694835	1
1694846	1
1694854	1
1694949	1
1695106	1
1695114	1
1695133	1
1695171	1
1695242	1
1695398	1
1695430	1
1695449	1
1695473	1
1695495	1
1695617	1
1695626	1
1695632	1
1695719	1
1695746	1
1695790	1
1696046	1
1696063	1
1696112	1
1696129	1
1696141	1
1696170	1
1696186	1
1696255	1
1696357	1
1696385	1
1696421	1
1696439	1
1696466	1
1696482	1
1696502	1
1696527	1
1696549	1
1696573	1
1696625	1
1696713	1
1696745	1
1696799	1
1696800	1
1696875	1
1696889	1
1696947	1
1697057	1
1697128	1
1697268	1
1697295	1
1697319	1
1697335	1
1697354	1
1697460	1
1697497	1
1697524	1
1697536	1
1697548	1
1697569	1
1697587	1
1697643	1
1697741	1
1697865	1
1697917	1
1697961	1
1698013	1
1698207	1
1698219	1
1698235	1
1698246	1
1698281	1
1698290	2
1698351	1
1698368	1
1698420	1
1698488	1
1698539	1
1698648	1
1698655	2
1698905	1
1699020	1
1699065	1
1699071	1
1699110	1
1699172	1
1699191	1
1699264	1
1699397	1
1699428	1
1699445	1
1699544	1
1699640	1
1699662	1
1699721	1
1699830	1
1699919	1
1699963	1
1700052	1
1700067	1
1700207	1
1700263	1
1700351	1
1700368	1
1700384	1
1700414	1
1700465	1
1700582	1
1700610	1
1700717	1
1700726	1
1700744	1
1700856	1
1700897	1
1700941	1
1700953	1
1700998	1
1701032	1
1701044	1
1701089	1
1701130	1
1701149	1
1701173	1
1701184	1
1701213	1
1701228	1
1701321	1
1701339	1
1701350	1
1701412	1
1701429	1
1701441	1
1701514	1
1701565	1
1701619	1
1701654	1
1701711	1
1701760	1
1701855	1
1701891	1
1701940	1
1701957	1
1701962	1
1701985	1
1702117	1
1702132	1
1702144	1
1702193	1
1702208	1
1702250	1
1702403	1
1702455	1
1702546	1
1702563	1
1702590	1
1702606	1
1702762	1
1702785	1
1702864	1
1702909	1
1702925	1
1702938	1
1703024	1
1703087	1
1703147	1
1703188	1
1703209	1
1703256	1
1703283	1
1703341	1
1703402	1
1703473	1
1703495	1
1703632	1
1703778	2
1703790	1
1703828	1
1703867	1
1703876	1
1703908	1
1703915	1
1703982	1
1704018	1
1704031	1
1704040	2
1704085	1
1704113	1
1704176	1
1704227	1
1704230	1
1704363	1
1704425	1
1704442	1
1704460	1
1704548	1
1704608	1
1704643	1
1704694	1
1704729	1
1704737	1
1704753	1
1704833	1
1704871	1
1704892	1
1704926	1
1704993	1
1705037	1
1705064	1
1705107	1
1705163	1
1705178	1
1705190	1
1705296	1
1705303	1
1705355	1
1705369	1
1705426	1
1705475	1
1705489	1
1705493	1
1705525	1
1705733	1
1705759	1
1705788	1
1705976	1
1705980	1
1705999	1
1706014	1
1706092	1
1706172	1
1706205	1
1706212	1
1706241	1
1706286	1
1706298	1
1706342	1
1706476	1
1706480	1
1706517	1
1706526	1
1706575	1
1706604	1
1706657	1
1706849	1
1706851	1
1706922	1
1707009	1
1707038	1
1707083	1
1707115	1
1707121	1
1707182	1
1707194	1
1707226	1
1707232	1
1707244	1
1707289	1
1707404	1
1707440	1
1707457	1
1707537	1
1707613	1
1707634	1
1707736	1
1707791	1
1707863	1
1707930	1
1707968	1
1707995	1
1708021	1
1708039	1
1708043	1
1708138	1
1708142	1
1708317	1
1708344	1
1708361	1
1708375	2
1708407	1
1708446	1
1708545	1
1708629	1
1708749	1
1708768	2
1708773	1
1708784	1
1708804	1
1708857	1
1708924	1
1708969	1
1709022	1
1709035	1
1709081	1
1709164	1
1709248	1
1709269	1
1709291	1
1709379	1
1709396	1
1709421	1
1709443	1
1709466	1
1709549	1
1709625	1
1709642	1
1709799	1
1709817	1
1709889	1
1709906	1
1709947	1
1710038	1
1710139	1
1710217	1
1710371	1
1710462	1
1710505	1
1710512	1
1710570	1
1710601	1
1710613	1
1710652	1
1710703	1
1710710	1
1710787	1
1710819	1
1710822	1
1710846	1
1710951	1
1710968	1
1711069	1
1711147	1
1711211	1
1711353	1
1711386	1
1711427	1
1711495	1
1711540	1
1711562	1
1711596	1
1711626	1
1711661	1
1711722	1
1711754	1
1711813	1
1711908	1
1711915	1
1711921	1
1711943	1
1711950	1
1712103	1
1712187	1
1712338	1
1712356	1
1712374	1
1712476	1
1712500	1
1712575	1
1712657	1
1712708	1
1712743	1
1712766	2
1712816	1
1712851	1
1712978	2
1713001	1
1713052	1
1713067	2
1713099	1
1713157	1
1713219	1
1713302	1
1713373	1
1713488	1
1713550	1
1713603	1
1713610	2
1713672	1
1713809	1
1713860	1
1713912	1
1713953	1
1714008	1
1714082	1
1714125	1
1714174	1
1714214	1
1714233	1
1714265	1
1714271	1
1714292	1
1714422	1
1714567	1
1714670	1
1714698	1
1714749	1
1714768	1
1714773	1
1714784	1
1714795	1
1714862	1
1714955	1
1715030	1
1715068	1
1715095	1
1715117	1
1715215	1
1715328	1
1715410	1
1715436	1
1715469	1
1715647	1
1715718	1
1715723	1
1715731	1
1715886	1
1715925	1
1715938	1
1716018	1
1716023	1
1716057	1
1716134	1
1716176	1
1716273	1
1716425	1
1716456	1
1716474	1
1716483	1
1716591	1
1716608	1
1716677	1
1716694	1
1716737	1
1716753	1
1716764	1
1716806	1
1716917	1
1716926	1
1716932	1
1716961	1
1716993	1
1717035	1
1717063	1
1717078	1
1717129	1
1717137	1
1717186	1
1717304	1
1717379	1
1717421	1
1717466	1
1717584	1
1717683	1
1717752	1
1717776	1
1717780	1
1717799	1
1717861	1
1717988	1
1718053	1
1718064	1
1718107	1
1718135	1
1718204	1
1718257	1
1718262	1
1718400	1
1718417	1
1718493	1
1718509	1
1718651	1
1718706	1
1718759	1
1718843	1
1718901	1
1718980	1
1719044	1
1719058	1
1719061	1
1719168	1
1719228	1
1719343	1
1719350	1
1719366	1
1719382	2
1719464	1
1719559	1
1719565	1
1719635	1
1719711	1
1719774	1
1719810	1
1719848	1
1719891	1
1719940	1
1719979	1
1720008	1
1720015	1
1720050	1
1720066	1
1720125	1
1720160	1
1720174	1
1720317	1
1720326	1
1720375	1
1720463	1
1720481	1
1720552	1
1720599	1
1720664	1
1720670	1
1720727	1
1720784	1
1720831	1
1720879	1
1720936	1
1720955	1
1720972	1
1720987	1
1721016	1
1721049	1
1721051	1
1721221	1
1721243	1
1721250	1
1721294	1
1721367	1
1721376	1
1721380	1
1721448	1
1721546	1
1721590	1
1721614	1
1721647	1
1721665	1
1721671	1
1721718	1
1721723	1
1721762	1
1721805	1
1721911	1
1721925	1
1721997	1
1722026	1
1722032	1
1722102	1
1722127	1
1722173	1
1722213	1
1722315	1
1722343	1
1722377	1
1722394	1
1722486	1
1722663	1
1722678	1
1722681	1
1722709	1
1722725	1
1722848	1
1722891	1
1722918	1
1722940	1
1722985	1
1723005	1
1723064	1
1723070	1
1723086	1
1723107	1
1723119	1
1723122	1
1723135	1
1723190	1
1723223	1
1723257	1
1723400	2
1723426	1
1723458	1
1723461	1
1723538	1
1723542	1
1723616	1
1723684	1
1723714	1
1723733	1
1723771	1
1723843	1
1723901	1
1723945	1
1723967	1
1724108	1
1724150	1
1724194	1
1724217	1
1724289	1
1724347	1
1724462	1
1724541	1
1724564	1
1724586	1
1724710	1
1724736	1
1724787	1
1724854	1
1724968	1
1724984	1
1725024	1
1725036	1
1725069	1
1725087	1
1725091	1
1725120	1
1725147	1
1725159	1
1725165	1
1725171	1
1725192	1
1725225	1
1725238	1
1725274	1
1725312	1
1725364	1
1725398	1
1725416	1
1725430	1
1725540	1
1725661	1
1725689	1
1725813	1
1725845	1
1725915	1
1725994	1
1726007	1
1726022	1
1726054	1
1726090	1
1726137	1
1726164	1
1726198	1
1726248	1
1726269	1
1726340	1
1726379	1
1726396	1
1726408	1
1726477	1
1726482	1
1726549	1
1726551	1
1726573	1
1726595	1
1726611	1
1726799	1
1726844	1
1726933	1
1727040	1
1727101	1
1727152	1
1727268	1
1727390	1
1727483	1
1727503	1
1727548	1
1727555	1
1727677	1
1727753	1
1727770	1
1727786	1
1727798	1
1727806	1
1728045	1
1728235	2
1728327	1
1728349	1
1728351	1
1728515	1
1728539	1
1728550	2
1728577	1
1728700	1
1728758	1
1728789	1
1728825	1
1728874	1
1728897	1
1728912	1
1728937	1
1728964	1
1728970	1
1729020	1
1729059	1
1729110	1
1729124	1
1729148	1
1729253	1
1729286	1
1729298	1
1729311	1
1729325	1
1729342	1
1729401	1
1729452	1
1729467	1
1729480	1
1729500	1
1729575	1
1729721	1
1729743	1
1729766	1
1729935	1
1729981	1
1730012	1
1730029	1
1730119	1
1730146	1
1730163	1
1730296	2
1730303	1
1730426	1
1730458	1
1730461	1
1730509	1
1730556	1
1730649	1
1730792	1
1730882	1
1731033	1
1731047	1
1731088	1
1731092	1
1731110	1
1731237	1
1731270	1
1731360	1
1731383	1
1731397	1
1731544	1
1731589	2
1731640	1
1731657	1
1731679	1
1731919	1
1731954	1
1732003	1
1732036	1
1732087	1
1732091	1
1732133	1
1732165	1
1732260	1
1732297	1
1732386	1
1732416	1
1732473	1
1732495	1
1732531	1
1732557	1
1732562	1
1732596	1
1732644	1
1732658	1
1732746	1
1732977	1
1733016	1
1733030	1
1733144	1
1733158	1
1733193	1
1733277	2
1733334	1
1733472	1
1733507	1
1733590	1
1733665	1
1733688	1
1733692	1
1733829	1
1733837	2
1733909	1
1733956	1
1733997	1
1734054	1
1734112	1
1734236	1
1734255	1
1734291	1
1734340	1
1734385	1
1734477	1
1734502	1
1734625	1
1734752	1
1734776	1
1734875	1
1734889	1
1734893	1
1734992	1
1735045	1
1735131	1
1735207	1
1735235	1
1735316	1
1735327	1
1735330	1
1735384	1
1735414	1
1735420	1
1735447	1
1735488	2
1735515	1
1735577	1
1735655	1
1735669	1
1735687	1
1735758	1
1735811	1
1735825	1
1735838	1
1735874	1
1735970	1
1735986	1
1736058	1
1736089	1
1736213	1
1736276	1
1736280	1
1736299	1
1736350	1
1736394	1
1736405	2
1736453	1
1736464	1
1736533	1
1736607	1
1736619	1
1736622	1
1736848	1
1736923	1
1736996	1
1737077	1
1737174	1
1737389	1
1737454	1
1737463	1
1737481	1
1737686	1
1737804	1
1737840	1
1738217	1
1738226	1
1738244	1
1738261	1
1738293	1
1738404	1
1738440	1
1738496	1
1738505	1
1738541	2
1738564	1
1738601	1
1738613	1
1738703	1
1738787	1
1738846	1
1738878	1
1738881	1
1738902	1
1738951	1
1739062	1
1739216	1
1739227	1
1739319	1
1739363	1
1739438	1
1739483	1
1739608	1
1739643	1
1739682	1
1739705	1
1739741	1
1739888	1
1739961	1
1739975	1
1739993	1
1740036	1
1740238	1
1740260	1
1740274	1
1740386	1
1740427	1
1740449	1
1740473	1
1740557	1
1740632	1
1740722	1
1740790	1
1740813	1
1740834	1
1740899	1
1740943	1
1741007	1
1741022	2
1741054	1
1741078	1
1741090	1
1741105	1
1741137	1
1741141	1
1741164	1
1741210	1
1741269	1
1741287	2
1741362	1
1741379	1
1741396	1
1741439	2
1741516	1
1741527	1
1741530	1
1741660	2
1741697	1
1741832	1
1741858	1
1741889	1
1741906	2
1741959	1
1741965	1
1741992	1
1742041	1
1742122	1
1742178	1
1742240	1
1742262	1
1742426	1
1742511	2
1742542	1
1742560	1
1742602	1
1742627	1
1742673	1
1742714	1
1742759	1
1742894	1
1742934	1
1743026	1
1743044	1
1743075	1
1743213	1
1743382	1
1743464	1
1743498	1
1743520	1
1743533	1
1743588	1
1743756	1
1743774	1
1743904	1
1743931	1
1743996	1
1744014	1
1744047	1
1744071	1
1744148	1
1744155	1
1744241	1
1744270	1
1744286	1
1744309	1
1744325	1
1744397	1
1744401	1
1744499	1
1744631	1
1744662	1
1744750	1
1744766	1
1744794	1
1744895	1
1744946	1
1744954	1
1745077	1
1745109	1
1745138	1
1745142	1
1745214	1
1745259	2
1745288	1
1745361	1
1745375	1
1745393	1
1745419	2
1745545	1
1745576	1
1745599	1
1745612	1
1745768	1
1745804	1
1745823	1
1745840	1
1746027	1
1746030	1
1746068	1
1746144	1
1746208	1
1746380	1
1746424	1
1746723	1
1746942	1
1746974	1
1747076	1
1747104	1
1747157	1
1747162	1
1747185	1
1747196	1
1747207	1
1747384	1
1747395	1
1747420	1
1747433	1
1747508	1
1747577	1
1747582	1
1747648	1
1747717	2
1747842	1
1747860	1
1747897	1
1747937	1
1747941	1
1747998	2
1748004	1
1748018	1
1748079	1
1748128	1
1748134	2
1748202	1
1748319	1
1748425	1
1748438	1
1748442	1
1748536	1
1748548	1
1748650	1
1748677	1
1748682	1
1748741	1
1748806	1
1748847	1
1748865	1
1748888	1
1748975	1
1749038	1
1749060	1
1749200	1
1749226	1
1749365	1
1749371	1
1749388	1
1749431	1
1749440	1
1749479	1
1749496	2
1749541	1
1749613	1
1749676	1
1749772	1
1749863	1
1749881	2
1749930	1
1749995	1
1750000	1
1750017	1
1750044	1
1750061	1
1750116	1
1750130	1
1750151	1
1750195	1
1750276	1
1750382	1
1750453	1
1750559	1
1750635	1
1750690	1
1750711	1
1750742	1
1750760	1
1750824	1
1750904	1
1751011	1
1751244	1
1751261	1
1751423	1
1751431	1
1751462	1
1751479	1
1751541	1
1751676	1
1751680	1
1751724	1
1751835	1
1751968	1
1752077	1
1752138	1
1752160	1
1752197	1
1752206	1
1752233	1
1752247	1
1752259	1
1752271	1
1752300	1
1752332	2
1752435	1
1752534	1
1752629	1
1752702	1
1752795	1
1752804	1
1752831	1
1752857	1
1752885	1
1752896	1
1752987	1
1753035	2
1753078	1
1753081	1
1753112	1
1753153	1
1753164	1
1753236	1
1753248	1
1753255	1
1753272	1
1753287	1
1753340	1
1753573	1
1753609	1
1753701	1
1753844	1
1753861	1
1753889	1
1754002	1
1754016	1
1754049	1
1754084	1
1754100	2
1754132	2
1754144	1
1754239	1
1754250	1
1754277	1
1754345	1
1754472	1
1754535	1
1754554	1
1754606	1
1754870	1
1754911	1
1754956	1
1755062	1
1755085	1
1755096	1
1755101	1
1755145	1
1755249	1
1755251	1
1755268	1
1755295	1
1755335	1
1755363	1
1755390	1
1755510	1
1755524	1
1755591	1
1755608	1
1755643	1
1755682	1
1755741	1
1755786	1
1755900	1
1755932	1
1755944	1
1756053	1
1756154	1
1756190	1
1756223	1
1756231	1
1756310	1
1756348	1
1756387	1
1756556	1
1756560	1
1756602	1
1756668	1
1756695	1
1756771	1
1756808	1
1756967	1
1757010	1
1757024	1
1757036	1
1757087	2
1757225	1
1757256	1
1757283	1
1757305	1
1757531	1
1757689	1
1757763	1
1757880	1
1757982	1
1758014	1
1758124	1
1758309	1
1758413	1
1758500	1
1758532	1
1758558	1
1758679	1
1758816	1
1758830	1
1758849	1
1758851	1
1758868	1
1758946	1
1758954	1
1758981	1
1758990	1
1759028	1
1759052	1
1759185	1
1759222	1
1759471	1
1759539	1
1759550	1
1759566	1
1759603	1
1759610	1
1759691	1
1759744	1
1759758	1
1759842	1
1759905	1
1759912	1
1759953	1
1759964	1
1760019	1
1760141	1
1760186	1
1760255	1
1760287	1
1760396	1
1760415	1
1760443	1
1760477	1
1760527	1
1760713	1
1760752	1
1760817	1
1760826	1
1760875	1
1760959	1
1761099	1
1761118	1
1761368	1
1761636	1
1761691	1
1761809	1
1761842	1
1761986	1
1762062	1
1762128	1
1762202	1
1762230	1
1762335	1
1762510	1
1762555	1
1762615	1
1762677	1
1762705	1
1762786	1
1762798	1
1762814	1
1762847	1
1762926	1
1762932	1
1762961	1
1763060	1
1763182	1
1763200	1
1763314	1
1763371	1
1763404	1
1763418	1
1763479	1
1763553	1
1763564	1
1763601	1
1763846	1
1763881	1
1764005	1
1764037	1
1764041	1
1764107	1
1764119	1
1764355	1
1764444	1
1764538	1
1764583	1
1764695	1
1764765	1
1764771	1
1764882	1
1765006	1
1765033	1
1765065	1
1765071	1
1765110	1
1765187	1
1765191	1
1765212	1
1765253	1
1765298	1
1765338	1
1765383	1
1765401	1
1765467	1
1765532	1
1765544	1
1765679	1
1765750	1
1765766	1
1765802	1
1765922	1
1765963	1
1766039	1
1766066	1
1766109	1
1766125	1
1766138	1
1766247	1
1766265	1
1766288	1
1766300	1
1766332	2
1766361	1
1766389	1
1766454	1
1766490	1
1766528	1
1766545	1
1766599	1
1766670	1
1766749	1
1766751	1
1766773	1
1766784	2
1766804	1
1766818	1
1766896	1
1766910	1
1766969	1
1766987	1
1767000	1
1767058	1
1767195	1
1767245	1
1767280	1
1767350	1
1767366	1
1767377	1
1767498	1
1767678	1
1767690	1
1767709	1
1767725	1
1767756	1
1767783	1
1767803	1
1767855	1
1767872	1
1767887	2
1767891	1
1767904	1
1767923	1
1768016	1
1768117	1
1768132	1
1768221	1
1768243	1
1768294	1
1768301	1
1768352	1
1768367	1
1768376	1
1768448	1
1768455	1
1768472	1
1768491	1
1768519	1
1768546	1
1768581	1
1768606	1
1768633	2
1768659	1
1768688	1
1768796	1
1768841	1
1768925	1
1768974	1
1769036	1
1769069	1
1769072	1
1769087	1
1769133	1
1769188	1
1769225	1
1769256	1
1769329	1
1769364	1
1769416	1
1769484	1
1769596	1
1769617	1
1769626	1
1769658	1
1769735	1
1769746	1
1769852	1
1769867	1
1769939	1
1770016	1
1770084	1
1770095	1
1770189	1
1770215	1
1770266	1
1770277	1
1770294	1
1770352	1
1770376	1
1770399	1
1770590	1
1770614	1
1770665	1
1770704	1
1770757	1
1770864	1
1770911	1
1770925	1
1770942	1
1770974	1
1771057	1
1771128	1
1771176	1
1771227	1
1771322	1
1771346	1
1771460	1
1771591	1
1771608	1
1771650	1
1771694	1
1771741	1
1771786	1
1771814	1
1771847	1
1771892	1
1772013	1
1772052	1
1772196	1
1772207	1
1772349	2
1772373	1
1772406	1
1772414	1
1772465	1
1772515	1
1772539	1
1772603	1
1772624	1
1772648	1
1772691	1
1772726	1
1772744	1
1772964	1
1772986	1
1773092	1
1773103	1
1773136	1
1773148	1
1773205	1
1773309	1
1773325	1
1773428	1
1773445	1
1773476	1
1773499	1
1773500	1
1773561	1
1773575	1
1773657	1
1773679	1
1773696	1
1773739	1
1773766	1
1773794	1
1773802	1
1773884	1
1773919	1
1773946	2
1773978	1
1773981	1
1774000	1
1774026	1
1774195	1
1774228	1
1774343	1
1774498	1
1774514	1
1774607	1
1774622	1
1774690	1
1774709	1
1774810	1
1774891	1
1774957	1
1774962	1
1775025	1
1775083	1
1775121	1
1775166	1
1775217	1
1775232	1
1775314	1
1775320	1
1775404	1
1775423	1
1775485	1
1775634	1
1775736	1
1775769	1
1775791	1
1775881	1
1776055	1
1776069	1
1776209	1
1776256	1
1776329	1
1776402	1
1776468	1
1776484	1
1776540	2
1776579	1
1776596	1
1776600	1
1776617	1
1776644	1
1776719	1
1776763	1
1776845	1
1776921	2
1776939	1
1776943	1
1777029	1
1777098	1
1777218	1
1777285	1
1777296	1
1777303	1
1777372	1
1777475	1
1777538	1
1777574	1
1777602	1
1777808	1
1777815	1
1777839	1
1777901	1
1778022	1
1778054	2
1778081	1
1778090	1
1778153	1
1778210	1
1778224	1
1778331	1
1778439	1
1778656	1
1778683	1
1778701	1
1778752	1
1778906	2
1778914	1
1778920	1
1778988	1
1779043	1
1779109	1
1779142	1
1779156	1
1779214	1
1779326	1
1779481	1
1779501	1
1779528	1
1779580	1
1779599	1
1779612	1
1779773	1
1779972	1
1779987	1
1780014	1
1780047	1
1780071	1
1780088	1
1780110	2
1780124	1
1780169	1
1780172	1
1780191	1
1780264	1
1780270	1
1780309	1
1780311	1
1780356	1
1780360	1
1780467	1
1780476	1
1780499	1
1780575	1
1780589	1
1780708	1
1780721	1
1780739	1
1780766	1
1780816	1
1780849	1
1780873	1
1780935	1
1780946	1
1780954	1
1781066	1
1781111	1
1781156	1
1781214	1
1781332	1
1781393	1
1781478	1
1781534	1
1781567	1
1781702	1
1781749	1
1781751	1
1781784	1
1781831	1
1781879	1
1781885	1
1781903	1
1781948	1
1781987	1
1782097	1
1782108	1
1782226	1
1782244	1
1782258	1
1782333	1
1782359	1
1782431	1
1782457	1
1782485	1
1782496	1
1782529	1
1782541	1
1782553	1
1782564	1
1782598	1
1782724	1
1782769	1
1782772	1
1782863	1
1782949	1
1782973	1
1783004	1
1783079	1
1783113	1
1783128	1
1783180	1
1783295	1
1783409	1
1783425	1
1783442	1
1783460	1
1783569	1
1783587	1
1783639	1
1783650	1
1783694	1
1783705	1
1783786	1
1783814	1
1783820	1
1783892	1
1783958	1
1783975	1
1784003	1
1784072	1
1784188	1
1784211	1
1784274	1
1784353	1
1784416	1
1784495	1
1784661	1
1784801	1
1784908	1
1784966	1
1785007	1
1785019	1
1785112	1
1785141	1
1785153	1
1785272	1
1785362	1
1785385	1
1785408	1
1785477	1
1785482	1
1785549	1
1785568	1
1785611	1
1785701	1
1785734	1
1785780	1
1785832	1
1785875	1
1786099	1
1786123	1
1786207	1
1786235	1
1786492	1
1786508	1
1786550	1
1786582	1
1786624	1
1786648	1
1786669	1
1786758	1
1786761	1
1786811	1
1786970	1
1787016	1
1787030	1
1787049	1
1787161	1
1787193	1
1787243	1
1787294	1
1787334	1
1787380	1
1787487	1
1787554	1
1787590	1
1787671	1
1787723	1
1787740	1
1787785	1
1787812	1
1787870	1
1787960	1
1787974	1
1787997	1
1788032	1
1788102	1
1788201	1
1788267	1
1788343	1
1788377	1
1788382	1
1788394	1
1788441	1
1788464	1
1788506	1
1788547	2
1788592	1
1788678	1
1788690	1
1788742	1
1788962	1
1788979	1
1789029	1
1789204	1
1789257	1
1789355	1
1789400	1
1789509	1
1789556	1
1789583	1
1789630	1
1789843	1
1789866	1
1789877	1
1789928	1
1789945	1
1790023	1
1790031	1
1790307	1
1790346	1
1790409	1
1790411	1
1790456	1
1790536	1
1790621	1
1790705	1
1790737	1
1790798	1
1790865	1
1790926	1
1791053	1
1791119	1
1791146	1
1791154	1
1791181	1
1791240	1
1791262	1
1791285	1
1791324	1
1791348	1
1791387	1
1791391	1
1791444	1
1791461	1
1791511	1
1791560	1
1791627	1
1791649	1
1791695	1
1791720	1
1791733	2
1791771	1
1791788	1
1791792	1
1791882	1
1791894	1
1791945	1
1791967	1
1791980	1
1792210	1
1792236	1
1792318	1
1792340	1
1792415	1
1792502	1
1792549	1
1792573	1
1792584	1
1792697	1
1792713	1
1792745	2
1792767	1
1792776	1
1792780	1
1792826	1
1792875	1
1792914	1
1792959	1
1793111	1
1793156	1
1793214	1
1793220	1
1793265	1
1793332	1
1793389	1
1793446	1
1793513	1
1793567	1
1793641	1
1793727	1
1793784	1
1793795	1
1793857	1
1793885	1
1793924	1
1794131	1
1794254	2
1794278	1
1794368	1
1794471	1
1794488	1
1794515	1
1794655	1
1794717	1
1794744	1
1794874	1
1794953	1
1795000	1
1795032	1
1795044	1
1795252	1
1795267	1
1795437	1
1795441	1
1795453	1
1795547	1
1795619	1
1795622	2
1795774	1
1795803	1
1795923	1
1796038	1
1796139	1
1796150	1
1796166	1
1796182	1
1796200	1
1796320	1
1796404	1
1796418	1
1796431	1
1796440	1
1796462	1
1796485	1
1796667	1
1796724	1
1796791	1
1796863	1
1796930	1
1796949	1
1796968	1
1796995	1
1797047	1
1797065	1
1797172	1
1797205	1
1797229	1
1797237	1
1797253	1
1797356	1
1797480	1
1797499	1
1797604	1
1797657	1
1797715	1
1797884	1
1797895	1
1797981	1
1798024	1
1798069	1
1798072	1
1798087	1
1798106	1
1798120	1
1798133	1
1798192	1
1798386	1
1798402	1
1798468	1
1798523	1
1798531	1
1798557	1
1798617	1
1798626	1
1798644	1
1798746	1
1798781	1
1798899	1
1798915	1
1798939	1
1798950	1
1798966	1
1799002	1
1799016	1
1799051	1
1799068	1
1799073	1
1799132	1
1799294	1
1799455	1
1799614	1
1799671	1
1799757	1
1799785	1
1799805	1
1799853	1
1799864	1
1799911	1
1799938	1
1800020	1
1800264	1
1800401	1
1800434	1
1800544	1
1800561	1
1800640	1
1800679	1
1800750	1
1800777	1
1800794	1
1800827	1
1800895	1
1800935	1
1800946	1
1800963	1
1801082	1
1801233	1
1801317	1
1801358	1
1801361	1
1801446	1
1801454	1
1801534	1
1801749	1
1801831	1
1801857	1
1801910	1
1801924	1
1801955	1
1801969	1
1801972	1
1801991	1
1802261	1
1802347	1
1802404	1
1802431	1
1802457	1
1802479	1
1802529	1
1802553	1
1802564	1
1802634	1
1802902	1
1802973	1
1803040	1
1803101	1
1803134	1
1803152	1
1803199	1
1803230	1
1803319	1
1803322	1
1803335	1
1803354	1
1803438	1
1803483	1
1803497	1
1803536	1
1803615	1
1803677	1
1803694	1
1803806	1
1803820	1
1803859	2
1803871	1
1803888	1
1803892	1
1803900	1
1804188	1
1804209	1
1804260	1
1804386	1
1804402	1
1804484	1
1804504	1
1804531	1
1804596	1
1804693	1
1804781	1
1804880	1
1804915	1
1804921	1
1805063	1
1805105	1
1805203	1
1805210	1
1805287	1
1805323	1
1805421	1
1805439	1
1805573	1
1805609	1
1805638	1
1805660	1
1805674	1
1805728	1
1805817	1
1805906	1
1806013	1
1806067	1
1806104	1
1806140	1
1806196	1
1806207	1
1806290	1
1806330	1
1806368	1
1806420	1
1806492	1
1806624	1
1806744	2
1806761	1
1806842	1
1806883	1
1806897	1
1806953	1
1806970	1
1807016	1
1807132	1
1807193	1
1807221	1
1807313	1
1807334	1
1807469	1
1807578	1
1807614	1
1807633	1
1807647	1
1807688	1
1807731	1
1807740	1
1807925	1
1807942	1
1807960	1
1807983	1
1807997	1
1808000	1
1808089	1
1808201	1
1808228	1
1808321	1
1808377	1
1808412	1
1808470	1
1808571	1
1808592	1
1808619	1
1808774	1
1808848	1
1809012	2
1809053	1
1809107	1
1809122	1
1809240	1
1809279	1
1809324	1
1809426	1
1809556	1
1809792	1
1809843	1
1810002	1
1810208	1
1810215	1
1810250	1
1810282	2
1810294	1
1810380	1
1810410	1
1810469	1
1810535	1
1810554	1
1810665	1
1810757	1
1810812	1
1810864	1
1810974	1
1810997	1
1811079	1
1811096	1
1811128	1
1811249	1
1811251	1
1811335	1
1811354	1
1811363	1
1811615	1
1811650	1
1811729	1
1811741	1
1811764	1
1811820	1
1811917	1
1812104	1
1812140	1
1812162	1
1812235	1
1812281	1
1812433	1
1812669	1
1812672	1
1812717	1
1812775	1
1812838	1
1812883	1
1812912	1
1812986	1
1812998	1
1813110	1
1813124	1
1813237	1
1813241	1
1813253	1
1813338	1
1813476	1
1813480	1
1813499	1
1813517	1
1813526	1
1813575	1
1813640	1
1813685	1
1813766	1
1813802	1
1813907	1
1813935	1
1813954	1
1813963	1
1814093	1
1814130	1
1814168	1
1814315	1
1814321	1
1814405	1
1814453	1
1814520	1
1814588	1
1814678	1
1814797	1
1814940	1
1814957	1
1815025	2
1815042	1
1815139	1
1815275	1
1815289	1
1815306	1
1815392	1
1815423	1
1815440	1
1815541	1
1815634	1
1815667	2
1815699	1
1815724	1
1815736	1
1815791	1
1815930	1
1815984	1
1816024	1
1816055	1
1816069	1
1816120	1
1816242	1
1816274	1
1816402	1
1816468	1
1816495	1
1816585	1
1816722	1
1816746	1
1816813	1
1816828	1
1816845	1
1816939	1
1816977	1
1816994	1
1817086	1
1817223	1
1817336	1
1817400	1
1817509	1
1817511	1
1817525	1
1817560	1
1817583	1
1817630	1
1817651	1
1817673	1
1817714	1
1817839	1
1817894	1
1817901	1
1817928	1
1818153	2
1818210	1
1818236	1
1818304	1
1818318	1
1818323	1
1818331	1
1818340	1
1818385	1
1818466	1
1818477	1
1818494	1
1818584	1
1818595	1
1818642	1
1818697	1
1818799	1
1818826	1
1818889	1
1818920	1
1818988	1
1819021	1
1819066	1
1819247	1
1819300	1
1819317	1
1819375	1
1819490	1
1819552	1
1819664	1
1819670	1
1819751	2
1819795	1
1819804	1
1819862	1
1819987	2
1820116	1
1820130	1
1820151	1
1820184	1
1820201	1
1820213	1
1820276	2
1820308	1
1820405	1
1820437	1
1820498	1
1820520	1
1820565	1
1820588	1
1820663	1
1820783	1
1820836	1
1820891	1
1820904	1
1820918	1
1820923	1
1820940	1
1820962	1
1820985	1
1821166	1
1821232	1
1821306	1
1821314	1
1821371	1
1821496	1
1821529	1
1821564	2
1821586	1
1821613	1
1821724	1
1821769	1
1821787	1
1821807	1
1821854	1
1821863	1
1821902	1
1821949	2
1821995	2
1822111	1
1822156	1
1822183	1
1822197	1
1822206	1
1822233	1
1822265	1
1822361	1
1822375	1
1822389	1
1822478	1
1822534	1
1822576	1
1822599	1
1822605	1
1822612	1
1822664	1
1822727	1
1822831	1
1822879	1
1823035	1
1823081	1
1823090	1
1823105	1
1823164	1
1823236	1
1823248	1
1823323	1
1823340	2
1823379	1
1823530	1
1823611	1
1823656	1
1823660	1
1823674	1
1823701	1
1823745	1
1823800	1
1823826	1
1823947	1
1823988	1
1824068	1
1824117	1
1824250	1
1824277	1
1824301	1
1824345	1
1824367	1
1824436	1
1824448	1
1824563	1
1824620	1
1824779	1
1824785	1
1824870	1
1824956	1
1824974	2
1824983	1
1825134	1
1825180	1
1825268	1
1825608	1
1825712	1
1825741	1
1825820	1
1825859	1
1825961	1
1825993	1
1826190	2
1826257	1
1826262	1
1826303	1
1826324	1
1826348	1
1826417	1
1826458	1
1826489	1
1826511	1
1826525	1
1826538	1
1826583	1
1826597	1
1826714	1
1826901	1
1827106	1
1827165	1
1827188	1
1827242	1
1827312	2
1827430	1
1827449	1
1827504	1
1827626	1
1827658	1
1827689	1
1827735	1
1828212	1
1828241	1
1828264	1
1828286	1
1828309	1
1828374	1
1828401	1
1828413	1
1828480	1
1828526	1
1828558	1
1828721	1
1828743	1
1828766	1
1828782	1
1828802	1
1828868	1
1828873	1
1828919	1
1828922	1
1828935	1
1828963	1
1829118	1
1829185	1
1829207	1
1829263	1
1829302	1
1829373	1
1829515	1
1829636	1
1829691	1
1829700	1
1829726	1
1829758	1
1829912	1
1830019	1
1830090	1
1830153	1
1830224	1
1830272	1
1830318	1
1830408	1
1830466	1
1830477	1
1830611	1
1830625	1
1830656	1
1830674	1
1830697	1
1830701	1
1830713	1
1830844	1
1830914	1
1830992	1
1831045	1
1831118	1
1831131	1
1831140	1
1831157	1
1831179	1
1831207	1
1831235	1
1831327	1
1831373	1
1831459	1
1831492	1
1831515	1
1831539	1
1831566	1
1831648	1
1831825	1
1831905	1
1831929	1
1831937	1
1831964	1
1831998	1
1832004	1
1832079	1
1832101	1
1832152	1
1832167	1
1832180	1
1832346	1
1832363	1
1832381	1
1832390	1
1832425	1
1832460	1
1832474	2
1832510	1
1832548	1
1832572	1
1832650	1
1832677	1
1832705	1
1832770	1
1832786	1
1832798	1
1832814	1
1832820	1
1832888	1
1832961	1
1832993	1
1833056	1
1833083	1
1833182	1
1833275	1
1833289	1
1833553	1
1833570	1
1833634	1
1833703	1
1833724	1
1833787	1
1833807	1
1833863	1
1833881	1
1833890	1
1833930	1
1833984	1
1834135	1
1834181	1
1834190	1
1834279	1
1834426	1
1834475	1
1834542	1
1834602	1
1834627	1
1834630	1
1834649	1
1834651	1
1834695	1
1834733	1
1834759	1
1834839	1
1834934	1
1834952	1
1835103	1
1835110	1
1835148	1
1835187	1
1835397	1
1835428	1
1835476	1
1835500	1
1835532	1
1835544	1
1835589	1
1835618	1
1835623	1
1835631	1
1835708	1
1835750	1
1835827	1
1835873	1
1835981	1
1836008	1
1836021	1
1836043	1
1836050	1
1836206	1
1836358	1
1836422	1
1836528	1
1836545	1
1836612	1
1836629	1
1836749	1
1836768	1
1836784	1
1836823	1
1836857	1
1836885	1
1836896	1
1837000	1
1837089	1
1837184	1
1837245	1
1837252	1
1837299	1
1837321	1
1837339	1
1837377	1
1837437	1
1837470	1
1837498	1
1837533	1
1837547	1
1837607	2
1837646	1
1837681	1
1837738	1
1837797	1
1837872	1
1837904	1
1837962	1
1837996	1
1838002	1
1838175	1
1838215	1
1838313	1
1838399	1
1838403	1
1838424	1
1838436	1
1838535	1
1838546	1
1838554	1
1838606	1
1838688	1
1838718	1
1838779	1
1838805	1
1838925	1
1839036	1
1839069	1
1839133	1
1839147	1
1839165	1
1839225	1
1839260	1
1839398	1
1839449	1
1839518	1
1839596	1
1839707	1
1839722	1
1839754	1
1839781	1
1839982	1
1840004	1
1840018	1
1840023	1
1840079	1
1840101	1
1840180	2
1840216	2
1840227	1
1840230	1
1840284	1
1840307	1
1840346	1
1840456	1
1840510	1
1840536	1
1840621	1
1840753	1
1840888	1
1840926	1
1841029	1
1841064	1
1841070	1
1841135	1
1841178	1
1841391	1
1841475	1
1841542	1
1841556	1
1841583	1
1841706	1
1841771	1
1841788	1
1841808	1
1841901	1
1841952	1
1842035	1
1842081	1
1842112	1
1842224	1
1842331	1
1842340	1
1842357	1
1842379	1
1842396	1
1842482	1
1842549	1
1842551	1
1842573	1
1842609	1
1842642	1
1842728	1
1842767	1
1842817	1
1842826	1
1842832	1
1842875	1
1842959	1
1843109	1
1843111	1
1843142	1
1843156	1
1843174	1
1843206	1
1843233	1
1843259	2
1843317	1
1843344	1
1843393	1
1843463	1
1843478	1
1843490	1
1843528	1
1843534	1
1843637	1
1843670	1
1843716	1
1843749	1
1843818	1
1843885	1
1843910	1
1843991	1
1844034	1
1844045	1
1844099	1
1844157	1
1844207	1
1844368	1
1844395	1
1844406	1
1844420	1
1844508	1
1844515	1
1844648	1
1844758	1
1844811	1
1844860	1
1844929	1
1844941	1
1844953	1
1845089	1
1845130	1
1845377	1
1845382	1
1845429	1
1845453	1
1845464	1
1845498	1
1845571	1
1845619	1
1845709	1
1845725	1
1845760	1
1845803	1
1845957	1
1846009	1
1846038	1
1846115	1
1846200	1
1846275	2
1846293	1
1846392	1
1846423	1
1846529	1
1846537	1
1846553	1
1846586	1
1846613	1
1846676	1
1846703	1
1846769	1
1846807	1
1846822	1
1846846	1
1846854	1
1846881	1
1846984	1
1846995	1
1847033	1
1847205	1
1847270	1
1847325	1
1847356	1
1847374	1
1847476	1
1847500	1
1847532	1
1847721	1
1847739	1
1847750	1
1847827	1
1847895	1
1847946	1
1847981	1
1848048	1
1848055	1
1848114	1
1848165	1
1848209	1
1848312	1
1848329	1
1848416	1
1848427	1
1848430	1
1848449	1
1848451	1
1848518	1
1848562	1
1848626	1
1848644	1
1848658	1
1848693	1
1848707	1
1848950	1
1849084	1
1849100	1
1849144	2
1849193	1
1849208	1
1849243	1
1849266	1
1849277	1
1849294	1
1849352	2
1849367	1
1849519	1
1849606	1
1849704	1
1849723	1
1849796	1
1849841	1
1849864	1
1849925	1
1849983	2
1850008	1
1850183	1
1850288	1
1850292	1
1850332	1
1850361	1
1850698	1
1850910	1
1850936	1
1851073	1
1851313	1
1851345	1
1851367	1
1851376	1
1851410	1
1851448	1
1851472	1
1851546	1
1851590	1
1851659	1
1851665	1
1851671	1
1851757	1
1851841	1
1851870	1
1851886	1
1851942	1
1852017	1
1852032	1
1852168	1
1852201	1
1852228	1
1852280	1
1852321	1
1852412	1
1852506	1
1852588	1
1852709	1
1852725	1
1852738	1
1852756	1
1852797	1
1852803	1
1852957	1
1853041	1
1853135	1
1853146	1
1853181	1
1853285	1
1853489	1
1853542	1
1853574	2
1853602	1
1853627	1
1853651	1
1853673	1
1853765	1
1853788	1
1853894	1
1853913	1
1853928	1
1853945	1
1853952	1
1854074	1
1854166	1
1854306	1
1854333	1
1854404	1
1854496	2
1854512	1
1854553	1
1854652	1
1854724	1
1854736	1
1854748	1
1854755	1
1855010	1
1855055	1
1855069	1
1855072	1
1855087	1
1855283	1
1855364	1
1855386	1
1855495	1
1855518	1
1855600	1
1855689	1
1855790	1
1855828	1
1855880	1
1855908	1
1855950	1
1855994	1
1856054	1
1856063	1
1856081	1
1856105	1
1856141	1
1856210	1
1856323	1
1856421	1
1856443	1
1856477	1
1856516	1
1856549	1
1856609	1
1856611	1
1856642	1
1856660	1
1856674	1
1856728	1
1856734	1
1856780	1
1857040	1
1857062	1
1857079	1
1857199	1
1857268	1
1857273	1
1857322	1
1857346	1
1857497	1
1857524	1
1857572	1
1857587	1
1857615	1
1857650	1
1857712	1
1857786	1
1857847	1
1857871	1
1857892	1
1857975	1
1858052	1
1858131	1
1858179	1
1858185	1
1858281	1
1858330	1
1858384	1
1858492	1
1858543	1
1858610	1
1858669	1
1858672	1
1858758	1
1858761	1
1858789	1
1858809	1
1858856	1
1858860	1
1858929	1
1858941	1
1858970	1
1859103	1
1859191	1
1859356	1
1859360	1
1859401	1
1859500	1
1859544	2
1859708	1
1859721	1
1859739	1
1859743	1
1859750	1
1859777	1
1859830	1
1859895	1
1859922	2
1859935	1
1859990	1
1860041	1
1860107	1
1860122	1
1860146	1
1860154	1
1860181	1
1860231	1
1860240	1
1860355	1
1860417	1
1860475	1
1860509	1
1860583	1
1860668	1
1860684	1
1860771	1
1860976	1
1861071	1
1861110	1
1861155	1
1861270	1
1861397	1
1861428	1
1861480	1
1861517	2
1861558	1
1861575	2
1861662	1
1861715	1
1861766	1
1861830	1
1861919	1
1861946	1
1861978	1
1862024	1
1862069	1
1862159	1
1862171	1
1862225	1
1862274	1
1862353	1
1862364	1
1862430	1
1862518	1
1862531	1
1862617	1
1862719	1
1862722	1
1862813	1
1862867	1
1862994	1
1863051	1
1863117	1
1863221	1
1863243	1
1863334	1
1863352	1
1863376	1
1863380	1
1863436	1
1863563	1
1863590	1
1863614	2
1863647	1
1863665	1
1863731	1
1863796	1
1863805	1
1863911	1
1863925	1
1863997	2
1864022	1
1864063	1
1864186	1
1864248	1
1864318	1
1864323	1
1864466	1
1864477	1
1864482	1
1864494	1
1864527	1
1864660	1
1864697	1
1864701	1
1864745	1
1864875	1
1864933	1
1865067	1
1865140	1
1865162	1
1865179	1
1865222	1
1865281	1
1865290	1
1865351	1
1865368	1
1865471	1
1865492	1
1865603	1
1865636	1
1865793	1
1865883	1
1865929	1
1865970	1
1866093	1
1866127	1
1866168	1
1866184	1
1866195	1
1866280	1
1866366	1
1866453	1
1866533	1
1866571	1
1866711	1
1866738	1
1866810	1
1866869	1
1866887	1
1866996	1
1867015	1
1867039	1
1867043	1
1867050	1
1867082	1
1867138	1
1867197	1
1867271	1
1867300	1
1867567	1
1867670	1
1867716	1
1867751	1
1867768	1
1867773	1
1867823	1
1867857	1
1867955	1
1868009	1
1868011	1
1868038	1
1868060	1
1868074	1
1868139	1
1868143	1
1868293	1
1868431	1
1868440	1
1868457	1
1868462	1
1868485	1
1868512	1
1868628	1
1868645	1
1868791	1
1868846	1
1868881	1
1869031	1
1869101	1
1869180	1
1869202	1
1869295	1
1869322	1
1869346	1
1869363	1
1869381	1
1869409	1
1869572	1
1869608	1
1869705	1
1869712	1
1869892	1
1869932	1
1869944	1
1869989	1
1870042	1
1870139	1
1870143	1
1870261	1
1870333	1
1870512	1
1870628	1
1870634	1
1870710	1
1870772	1
1870835	1
1870846	1
1870973	2
1870995	1
1871010	1
1871091	1
1871165	1
1871192	1
1871211	1
1871225	1
1871364	1
1871427	1
1871632	1
1871644	1
1871675	1
1871781	1
1871801	1
1871880	1
1871939	1
1871943	1
1871950	1
1871966	1
1872059	1
1872092	1
1872103	1
1872136	1
1872169	1
1872229	1
1872241	1
1872286	1
1872374	1
1872397	1
1872467	1
1872476	1
1872657	1
1872715	1
1872777	1
1872794	1
1872868	1
1872919	1
1872981	1
1873052	1
1873104	1
1873118	1
1873290	1
1873351	1
1873459	1
1873488	1
1873492	1
1873515	1
1873539	1
1873648	1
1873809	1
1873937	1
1873964	1
1874043	1
1874066	1
1874156	1
1874174	1
1874206	1
1874233	1
1874419	1
1874478	1
1874501	1
1874513	1
1874599	1
1874629	1
1874804	1
1874936	1
1874991	1
1875095	1
1875144	1
1875158	1
1875161	1
1875410	1
1875436	1
1875472	1
1875519	1
1875563	1
1875704	1
1875718	1
1875974	1
1876004	1
1876040	1
1876057	1
1876202	1
1876227	1
1876230	1
1876273	1
1876284	1
1876295	1
1876335	1
1876354	1
1876378	1
1876409	1
1876503	1
1876548	1
1876572	1
1876650	1
1876694	1
1876737	1
1876741	1
1876786	1
1876798	1
1876859	1
1876917	1
1876944	1
1877007	1
1877022	1
1877046	1
1877198	1
1877236	1
1877248	1
1877255	1
1877287	1
1877304	1
1877323	1
1877494	1
1877549	1
1877551	1
1877568	1
1877573	1
1877611	1
1877800	1
1877858	1
1877889	1
1877906	1
1877959	1
1878190	1
1878262	1
1878279	1
1878296	1
1878355	1
1878444	1
1878489	1
1878511	2
1878684	1
1878720	1
1878733	1
1878839	1
1878882	1
1878894	1
1878952	1
1878976	1
1878999	1
1879017	1
1879089	1
1879093	1
1879195	1
1879201	1
1879213	1
1879245	1
1879315	1
1879321	1
1879366	1
1879405	1
1879498	1
1879533	1
1879622	1
1879957	1
1879962	1
1880099	1
1880118	1
1880219	1
1880222	1
1880254	1
1880290	1
1880327	1
1880395	1
1880406	1
1880521	1
1880672	1
1880726	1
1880761	1
1880856	1
1880897	1
1880953	1
1881032	1
1881089	1
1881102	1
1881173	1
1881195	1
1881228	1
1881267	1
1881280	1
1881315	1
1881321	1
1881343	1
1881441	1
1881498	1
1881514	1
1881533	1
1881588	1
1881607	1
1881622	1
1881678	1
1881725	1
1881756	1
1881803	1
1881918	1
1881923	1
1881940	1
1882002	1
1882049	1
1882068	1
1882100	1
1882144	1
1882161	1
1882189	1
1882410	1
1882424	1
1882546	1
1882812	1
1882898	1
1883010	1
1883048	2
1883069	1
1883159	1
1883165	1
1883171	1
1883238	1
1883416	1
1883449	1
1883504	1
1883523	1
1883540	1
1883661	1
1883735	1
1883778	1
1883790	1
1883801	1
1883834	1
1883876	1
1883943	1
1883950	1
1883966	1
1884145	1
1884176	1
1884268	1
1884319	1
1884322	1
1884335	1
1884363	1
1884378	1
1884587	1
1884615	1
1884666	1
1884694	1
1884741	1
1884820	1
1884859	1
1884900	1
1884944	1
1885029	1
1885070	1
1885257	1
1885387	1
1885458	1
1885461	1
1885489	1
1885509	1
1885525	1
1885574	1
1885616	1
1885649	1
1885684	1
1885706	1
1885771	1
1885952	1
1885999	1
1886020	1
1886033	1
1886237	1
1886618	1
1886631	1
1886685	1
1886696	1
1886708	1
1886743	1
1886782	1
1886816	1
1886919	1
1887009	1
1887025	1
1887042	1
1887060	1
1887074	1
1887083	1
1887217	1
1887347	1
1887431	1
1887479	1
1887529	1
1887541	1
1887613	1
1887676	1
1887787	1
1887807	1
1887819	1
1887902	1
1887916	1
1887984	1
1888050	1
1888214	1
1888233	1
1888265	1
1888300	1
1888326	1
1888344	1
1888419	1
1888446	1
1888490	1
1888612	1
1888641	1
1888670	1
1888716	1
1888768	1
1888804	1
1888823	1
1888840	1
1888885	1
1888896	1
1888910	1
1888936	1
1888948	1
1889019	1
1889081	1
1889137	1
1889318	1
1889357	1
1889385	1
1889421	1
1889439	1
1889530	1
1889549	1
1889551	1
1889573	1
1889642	1
1889734	1
1889745	1
1889752	1
1889947	1
1890091	1
1890120	1
1890192	1
1890238	1
1890364	1
1890451	2
1890484	1
1890540	1
1890579	1
1890585	1
1890661	1
1890675	1
1890719	1
1890828	1
1890852	1
1890950	1
1890966	1
1891019	1
1891046	1
1891081	1
1891203	1
1891482	1
1891551	1
1891573	1
1891584	1
1891611	1
1891642	1
1891683	1
1891776	1
1891799	1
1891920	2
1892119	1
1892146	1
1892190	1
1892204	1
1892257	1
1892279	1
1892303	1
1892324	1
1892391	1
1892493	1
1892511	1
1892525	1
1892538	1
1892574	1
1892583	1
1892616	1
1892630	1
1892649	1
1892651	1
1892673	1
1892695	1
1892747	1
1892843	1
1892866	1
1893000	1
1893017	1
1893044	1
1893130	2
1893195	1
1893234	1
1893267	1
1893315	1
1893382	1
1893405	1
1893429	1
1893470	1
1893486	1
1893498	1
1893571	2
1893588	1
1893646	1
1893678	1
1893690	1
1893848	1
1893891	1
1893979	1
1894092	1
1894103	1
1894191	1
1894434	1
1894499	1
1894526	1
1894544	1
1894558	1
1894631	1
1894782	1
1894873	1
1894884	1
1894907	1
1894922	1
1895021	1
1895125	1
1895142	1
1895160	1
1895446	1
1895513	1
1895698	1
1895716	1
1895727	1
1895730	1
1895768	1
1895879	1
1895969	1
1896027	1
1896030	1
1896068	1
1896282	1
1896448	1
1896614	1
1896805	1
1896942	1
1897080	1
1897099	1
1897185	1
1897219	1
1897235	1
1897263	1
1897278	1
1897327	1
1897330	1
1897368	1
1897373	1
1897395	1
1897471	1
1897492	1
1897515	1
1897521	1
1897577	1
1897610	1
1897691	1
1897726	1
1897809	1
1897838	1
1897856	1
1897937	1
1897964	1
1898031	1
1898167	1
1898322	1
1898381	1
1898409	1
1898524	1
1898643	1
1898650	1
1898666	1
1898682	1
1898712	1
1898764	1
1898786	1
1898859	1
1898926	1
1899011	1
1899025	1
1899074	1
1899200	1
1899232	1
1899333	1
1899496	1
1899512	1
1899537	1
1899553	1
1899628	1
1899634	1
1899703	1
1899724	1
1899736	1
1899748	1
1899846	1
1899881	1
1899902	1
1899968	1
1899995	1
1900032	1
1900201	1
1900267	1
1900299	1
1900350	1
1900382	1
1900486	1
1900514	1
1900565	1
1900742	1
1900783	1
1900810	1
1900824	1
1900887	1
1900891	1
1900931	1
1900957	1
1900962	1
1900985	1
1901011	1
1901038	1
1901074	1
1901097	1
1901143	1
1901365	1
1901423	1
1901505	1
1901553	2
1901652	1
1901680	1
1901699	2
1901724	1
1901736	1
1901748	1
1901835	1
1901863	1
1901916	1
1901995	1
1902008	1
1902094	1
1902138	1
1902174	1
1902292	1
1902326	1
1902332	1
1902435	1
1902446	1
1902552	1
1902599	1
1902670	1
1902686	1
1902727	2
1902730	1
1902831	1
1902840	1
1902924	1
1902991	1
1903007	1
1903063	1
1903090	1
1903164	1
1903269	1
1903272	1
1903318	1
1903357	1
1903379	1
1903408	1
1903450	1
1903551	1
1903609	1
1903625	1
1903674	1
1903752	1
1903817	1
1903826	1
1903858	1
1903965	1
1903988	1
1904002	1
1904030	1
1904095	1
1904126	1
1904175	1
1904328	1
1904522	1
1904620	1
1904785	1
1904829	1
1904837	1
1905152	1
1905176	1
1905284	1
1905354	1
1905411	1
1905608	1
1905682	1
1905814	1
1905847	1
1905865	1
1905871	1
1905961	1
1906005	1
1906041	1
1906098	1
1906135	1
1906146	1
1906181	1
1906218	1
1906240	1
1906257	1
1906310	1
1906461	1
1906542	1
1906583	1
1906616	2
1906627	1
1906630	1
1906649	1
1906684	1
1906695	1
1906808	1
1906815	1
1906843	1
1906866	1
1906882	1
1906901	1
1906945	1
1906980	1
1907055	1
1907171	1
1907225	1
1907242	1
1907274	1
1907297	1
1907305	1
1907337	1
1907427	1
1907468	1
1907518	1
1907523	1
1907531	1
1907867	1
1907977	1
1908006	1
1908059	1
1908124	1
1908172	1
1908212	1
1908229	1
1908241	1
1908338	1
1908342	1
1908360	1
1908374	1
1908434	1
1908452	1
1908631	1
1908640	1
1908827	1
1908935	1
1908963	1
1909067	1
1909104	1
1909123	1
1909140	1
1909185	1
1909316	1
1909373	1
1909420	1
1909433	1
1909539	1
1909550	1
1909577	1
1909603	1
1909610	1
1909655	1
1909691	1
1909717	1
1909744	1
1909883	1
1909897	1
1909905	1
1910048	1
1910055	1
1910106	1
1910133	1
1910312	1
1910495	1
1910557	1
1910600	1
1910693	1
1910722	1
1910781	1
1910790	1
1910845	1
1910943	1
1911035	1
1911046	1
1911137	1
1911153	1
1911236	2
1911272	1
1911287	1
1911291	1
1911340	1
1911385	1
1911516	1
1911551	1
1911573	1
1911701	1
1911713	1
1911844	1
1911889	1
1911906	1
1911914	1
1911971	1
1912037	1
1912098	1
1912107	1
1912119	1
1912122	1
1912181	1
1912231	1
1912296	1
1912336	1
1912348	1
1912391	1
1912400	1
1912426	1
1912461	1
1912475	1
1912511	1
1912538	1
1912602	1
1912747	1
1912759	1
1912839	1
1912882	1
1912901	1
1912952	1
1913075	1
1913089	1
1913127	1
1913343	1
1913412	1
1913437	1
1913441	1
1913514	1
1913559	1
1913588	1
1913592	1
1913619	1
1913690	1
1913711	1
1913824	1
1913836	1
1913855	1
1913872	1
1913918	1
1913962	1
1913996	1
1914033	1
1914092	1
1914110	1
1914155	1
1914172	1
1914191	1
1914205	1
1914229	1
1914325	1
1914445	1
1914476	1
1914558	1
1914561	1
1914575	1
1914604	1
1914618	1
1914623	1
1914662	1
1914708	1
1914715	1
1914739	1
1914766	1
1914794	1
1914851	1
1915039	1
1915082	1
1915138	1
1915160	1
1915174	1
1915197	1
1915214	1
1915220	1
1915389	1
1915393	1
1915407	1
1915446	1
1915605	2
1915670	1
1915686	1
1915773	1
1915840	1
1915862	1
1915972	1
1915987	1
1916221	1
1916250	1
1916448	1
1916469	1
1916554	1
1916938	1
1916974	1
1917045	1
1917067	1
1917099	1
1917157	1
1917162	1
1917179	1
1917207	1
1917281	1
1917395	1
1917459	1
1917539	1
1917566	1
1917624	1
1917636	1
1917655	1
1917669	1
1917825	1
1917874	1
1917937	1
1917964	1
1918216	1
1918307	1
1918378	1
1918390	1
1918409	1
1918483	1
1918536	1
1918548	1
1918569	1
1918572	1
1918694	1
1918859	1
1918865	2
1918900	2
1919009	1
1919025	1
1919038	1
1919083	1
1919139	1
1919150	1
1919258	1
1919347	1
1919359	1
1919553	1
1919634	1
1919699	1
1919724	1
1919755	1
1919769	1
1919787	1
1919822	1
1919881	2
1919890	1
1919930	1
1920065	1
1920103	1
1920148	1
1920237	1
1920264	1
1920286	1
1920298	1
1920311	1
1920338	1
1920445	1
1920480	1
1920500	1
1920526	1
1920544	1
1920558	1
1920685	1
1920739	1
1920830	1
1920849	1
1920884	1
1920895	1
1920922	1
1921043	1
1921066	1
1921138	1
1921214	1
1921247	1
1921361	1
1921419	1
1921478	1
1921545	1
1921580	1
1921629	1
1921637	1
1921686	1
1921804	1
1921818	1
1921823	2
1921862	1
1921903	1
1921910	1
1921936	1
1921969	1
1921972	1
1922038	2
1922060	1
1922115	1
1922139	1
1922166	1
1922177	1
1922232	1
1922289	1
1922293	1
1922333	1
1922431	2
1922553	1
1922676	1
1922699	1
1922748	1
1922772	1
1922791	1
1922916	1
1922927	1
1922930	1
1922968	1
1923004	1
1923023	1
1923031	1
1923199	1
1923284	1
1923295	1
1923381	1
1923411	1
1923460	1
1923510	1
1923524	1
1923548	1
1923555	1
1923608	1
1923615	1
1923770	1
1923786	1
1923847	1
1923859	1
1923888	1
1923917	1
1923958	1
1924069	1
1924072	1
1924120	1
1924133	1
1924165	1
1924171	1
1924225	1
1924283	1
1924370	1
1924402	1
1924451	1
1924523	1
1924531	1
1924540	1
1924600	1
1924661	1
1924735	1
1924908	1
1924943	1
1924950	1
1924994	1
1925105	1
1925112	1
1925137	1
1925141	1
1925269	1
1925331	1
1925340	1
1925357	1
1925443	1
1925625	1
1925638	1
1925656	1
1925660	1
1925713	1
1925800	1
1925832	1
1925844	1
1925906	1
1925971	1
1925988	1
1926185	1
1926351	1
1926433	1
1926459	1
1926550	1
1926582	1
1926655	1
1926672	1
1926732	1
1926758	1
1926775	1
1926874	1
1926912	1
1926929	1
1926937	1
1926986	2
1927051	2
1927073	1
1927084	1
1927277	1
1927328	1
1927455	1
1927472	1
1927519	1
1927554	1
1927590	1
1927886	1
1927942	1
1927960	1
1927983	1
1928044	1
1928075	1
1928089	1
1928149	1
1928228	1
1928267	1
1928280	1
1928308	1
1928429	1
1928464	1
1928514	2
1928622	1
1928678	1
1928711	1
1928869	1
1929190	1
1929240	1
1929355	1
1929369	1
1929426	1
1929489	1
1929493	1
1929542	1
1929695	1
1929792	1
1929821	1
1929877	1
1929901	1
1929928	1
1929952	1
1929976	1
1930004	1
1930101	1
1930152	1
1930180	1
1930199	1
1930227	1
1930425	1
1930503	1
1930569	1
1930587	1
1930621	1
1930639	1
1930729	1
1930764	1
1930820	1
1930859	1
1930932	1
1930958	1
1930993	1
1931029	1
1931041	1
1931107	1
1931178	1
1931223	1
1931240	1
1931279	1
1931310	1
1931324	1
1931511	1
1931525	1
1931542	2
1931673	1
1931695	1
1931759	1
1931788	1
1931815	1
1931928	1
1931952	2
1931967	1
1931980	1
1932007	1
1932129	1
1932164	1
1932186	1
1932272	1
1932318	1
1932357	1
1932527	1
1932595	1
1932638	1
1932656	1
1932697	1
1932728	1
1932817	1
1932889	1
1932971	1
1932988	1
1933008	1
1933077	1
1933109	1
1933138	1
1933271	1
1933292	1
1933375	1
1933545	1
1933552	1
1933576	1
1933599	1
1933612	1
1933702	1
1933773	1
1933795	1
1933885	2
1933910	1
1934013	1
1934067	1
1934099	1
1934123	1
1934140	1
1934157	1
1934185	1
1934196	1
1934254	1
1934465	1
1934636	1
1934717	1
1934811	1
1934825	1
1934842	1
1934874	1
1934998	1
1935032	1
1935093	1
1935195	1
1935228	1
1935234	1
1935276	1
1935299	1
1935394	1
1935470	1
1935565	1
1935646	2
1935663	1
1935738	1
1935756	1
1935797	1
1935904	1
1935918	1
1935957	1
1935979	1
1935996	1
1936025	1
1936042	1
1936083	1
1936108	1
1936166	1
1936217	1
1936261	1
1936320	1
1936365	1
1936418	1
1936485	1
1936529	1
1936553	1
1936598	1
1936772	1
1936787	1
1936822	1
1936881	1
1936916	1
1936968	1
1937148	1
1937172	1
1937212	1
1937241	1
1937253	1
1937311	1
1937397	1
1937561	1
1937662	1
1937766	1
1937827	1
1937851	1
1937922	1
1937946	1
1937954	1
1937963	1
1938055	1
1938165	2
1938171	1
1938211	1
1938225	1
1938238	1
1938274	1
1938297	1
1938329	1
1938337	1
1938402	1
1938451	1
1938540	1
1938585	1
1938596	1
1938693	1
1938707	1
1938719	1
1938801	1
1938899	1
1939126	1
1939189	1
1939239	1
1939345	1
1939399	1
1939436	1
1939519	1
1939647	1
1939665	1
1939740	1
1939779	1
1939853	1
1939898	1
1939909	1
1939938	1
1940019	1
1940054	1
1940078	1
1940081	1
1940198	1
1940210	1
1940291	1
1940443	1
1940530	1
1940573	1
1940611	1
1940728	1
1940752	1
1940832	1
1940959	1
1940965	2
1940971	1
1941013	1
1941104	1
1941254	1
1941368	1
1941459	1
1941582	1
1941594	1
1941726	2
1941732	1
1941811	1
1941874	1
1941897	1
1942004	1
1942101	1
1942390	1
1942411	1
1942536	1
1942608	1
1942639	1
1942643	1
1942650	1
1942677	1
1942682	1
1942694	1
1942705	1
1942737	1
1942770	1
1942814	1
1942833	1
1942900	1
1942989	1
1943011	1
1943115	1
1943121	1
1943177	1
1943194	1
1943293	1
1943365	1
1943496	1
1943512	1
1943553	1
1943645	1
1943667	1
1943703	1
1943736	1
1943822	1
1943854	1
1943890	1
1943916	2
1943930	1
1944029	1
1944037	1
1944064	1
1944122	1
1944146	1
1944154	1
1944204	1
1944257	1
1944285	1
1944387	1
1944417	1
1944432	1
1944461	1
1944475	1
1944538	1
1944542	1
1944583	1
1944627	1
1944673	1
1944720	1
1944759	1
1944808	1
1944901	1
1944967	1
1945014	1
1945065	1
1945155	1
1945172	1
1945253	1
1945374	1
1945397	1
1945428	1
1945434	1
1945467	1
1945476	1
1945558	1
1945575	1
1945782	1
1945851	1
1945895	1
1946082	1
1946142	1
1946183	1
1946419	1
1946567	1
1946580	1
1946629	1
1946653	1
1946664	1
1946686	1
1946702	1
1946936	1
1946955	1
1946969	1
1946991	2
1947093	1
1947130	1
1947151	1
1947201	1
1947213	1
1947228	1
1947234	1
1947464	1
1947470	1
1947547	1
1947559	1
1947681	1
1947738	1
1947760	1
1947848	1
1947887	1
1947904	1
1947918	1
1947940	1
1947957	1
1947979	1
1948073	1
1948084	1
1948117	1
1948175	1
1948189	1
1948239	1
1948345	1
1948352	1
1948399	1
1948563	1
1948633	1
1948659	1
1948671	1
1948688	1
1948692	1
1948718	1
1948762	1
1948841	2
1948938	1
1948960	1
1949010	1
1949072	1
1949147	1
1949364	1
1949386	1
1949416	1
1949484	1
1949504	1
1949693	1
1949707	1
1949754	1
1949943	1
1949966	1
1949977	1
1950011	1
1950038	1
1950060	1
1950074	1
1950258	1
1950359	1
1950404	1
1950570	1
1950598	1
1950628	1
1950676	1
1950724	1
1950748	1
1950755	1
1950787	1
1950807	1
1950822	1
1950854	1
1950930	1
1950973	1
1951010	1
1951120	1
1951188	1
1951256	1
1951260	1
1951283	1
1951386	1
1951430	1
1951495	1
1951504	1
1951600	1
1951675	1
1951707	1
1951719	1
1951746	1
1951939	1
1952006	1
1952033	1
1952155	1
1952172	1
1952187	1
1952205	1
1952237	1
1952241	1
1952264	1
1952325	1
1952342	1
1952397	1
1952434	1
1952500	1
1952544	1
1952558	1
1952575	1
1952589	1
1952640	1
1952685	1
1952715	1
1952782	1
1952802	1
1952827	1
1952851	1
1952935	1
1952990	1
1953034	1
1953080	1
1953162	1
1953179	1
1953222	1
1953373	1
1953433	1
1953521	1
1953610	1
1953648	1
1953700	2
1953842	2
1953883	1
1953897	1
1953912	1
1954082	1
1954125	1
1954142	1
1954160	1
1954197	1
1954220	1
1954265	1
1954288	1
1954389	1
1954407	1
1954422	1
1954653	1
1954730	1
1954768	1
1954857	1
1954924	1
1954969	1
1954991	1
1955049	1
1955100	1
1955221	1
1955277	1
1955313	1
1955436	1
1955647	1
1955704	1
1955779	1
1955837	1
1956004	1
1956128	1
1956176	1
1956251	1
1956284	1
1956335	1
1956363	1
1956425	1
1956474	1
1956524	1
1956548	1
1956608	1
1956639	1
1956705	1
1956729	1
1956737	1
1956871	1
1956888	1
1956892	1
1956926	1
1956932	1
1956993	1
1957007	1
1957035	1
1957054	1
1957170	1
1957224	1
1957331	1
1957357	1
1957362	1
1957379	1
1957482	1
1957549	1
1957568	1
1957642	1
1957656	1
1957683	1
1957752	1
1957799	1
1957861	1
1957875	1
1957920	1
1957992	1
1958086	1
1958119	1
1958154	1
1958190	1
1958257	1
1958324	1
1958369	1
1958400	1
1958461	1
1958489	1
1958509	1
1958511	1
1958542	1
1958574	1
1958583	1
1958668	1
1958866	1
1958913	1
1958952	1
1958976	1
1959093	1
1959184	1
1959201	1
1959228	1
1959276	1
1959280	1
1959464	1
1959470	1
1959486	2
1959514	1
1959565	1
1959571	1
1959678	1
1959756	1
1959836	1
1959855	1
1959931	1
1960001	1
1960045	1
1960196	1
1960222	1
1960254	1
1960281	1
1960373	1
1960384	1
1960414	1
1960471	1
1960539	1
1960582	1
1960732	1
1960793	1
1960809	1
1960825	1
1960874	1
1960897	1
1960937	1
1960964	1
1961032	1
1961093	1
1961127	1
1961149	1
1961201	1
1961252	1
1961280	1
1961470	1
1961514	2
1961635	1
1961646	1
1961836	1
1962016	1
1962027	1
1962068	1
1962084	2
1962132	1
1962158	1
1962243	1
1962352	1
1962403	1
1962424	2
1962455	1
1962469	1
1962563	1
1962614	1
1962671	1
1962740	1
1962785	1
1962796	1
1962812	1
1962829	1
1962911	1
1962925	1
1963159	1
1963165	1
1963171	1
1963192	1
1963225	1
1963283	1
1963312	1
1963329	1
1963495	1
1963540	1
1963661	1
1963689	1
1963763	1
1963834	1
1963880	1
1963943	1
1964057	1
1964085	1
1964096	1
1964128	1
1964145	1
1964180	1
1964363	1
1964474	1
1964503	1
1964524	1
1964569	1
1964650	1
1964753	1
1964859	1
1964975	1
1965037	1
1965053	2
1965086	1
1965135	1
1965154	1
1965190	2
1965257	1
1965336	1
1965348	1
1965525	1
1965627	1
1965747	1
1965765	1
1965771	1
1965788	1
1965792	1
1965815	1
1965976	1
1966033	1
1966059	2
1966065	1
1966270	1
1966309	1
1966338	1
1966413	1
1966517	1
1966631	1
1966662	1
1966739	1
1966743	1
1966782	1
1966794	1
1966802	1
1966873	1
1967011	1
1967177	1
1967200	1
1967289	1
1967365	1
1967431	1
1967457	1
1967512	1
1967598	1
1967613	1
1967710	1
1967791	1
1967984	1
1968008	1
1968077	1
1968197	1
1968220	1
1968344	1
1968435	1
1968478	1
1968545	2
1968670	1
1968727	2
1968730	1
1968773	1
1968804	1
1968857	1
1968879	1
1968885	1
1968924	1
1968972	1
1969035	1
1969129	1
1969203	1
1969210	1
1969248	1
1969304	1
1969331	1
1969396	1
1969443	1
1969477	1
1969527	1
1969568	1
1969609	1
1969625	1
1969683	1
1969767	1
1969780	1
1969832	1
1969861	1
1969914	1
1969992	1
1970021	1
1970082	1
1970160	1
1970220	1
1970361	1
1970393	1
1970435	1
1970454	1
1970481	1
1970501	1
1970605	1
1970612	1
1970629	1
1970637	1
1970686	1
1970823	1
1970862	1
1970885	1
1971002	1
1971132	1
1971158	1
1971221	1
1971243	1
1971277	1
1971294	1
1971313	1
1971399	1
1971403	1
1971424	1
1971448	1
1971469	1
1971522	1
1971554	1
1971606	1
1971665	1
1971692	1
1971723	1
1971757	1
1971805	1
1971812	1
1971864	1
1971938	1
1971956	1
1972026	1
1972075	1
1972173	1
1972252	1
1972276	1
1972321	1
1972350	1
1972405	1
1972412	1
1972429	1
1972547	1
1972571	1
1972654	1
1972810	1
1972836	1
1972848	1
1972869	1
1972887	1
1972931	1
1973005	1
1973070	1
1973098	1
1973154	1
1973296	1
1973324	1
1973372	1
1973525	1
1973538	1
1973542	1
1973616	1
1973649	1
1973714	1
1973771	1
1973821	1
1973850	1
1973894	1
1973976	1
1974038	1
1974074	1
1974143	1
1974182	1
1974244	1
1974289	1
1974320	1
1974485	1
1974564	1
1974634	1
1974703	1
1974748	1
1974755	1
1974769	1
1974819	1
1974863	1
1974916	1
1974927	1
1974951	1
1975003	2
1975010	1
1975238	1
1975297	1
1975312	1
1975398	1
1975484	1
1975600	1
1975626	1
1975661	2
1975719	1
1975778	1
1975834	1
1975908	1
1976081	1
1976112	1
1976153	1
1976287	1
1976385	1
1976396	1
1976439	1
1976494	2
1976502	1
1976516	1
1976584	1
1976642	1
1976660	1
1976674	1
1976701	1
1976734	1
1976858	1
1976875	1
1976988	1
1977031	1
1977079	1
1977180	1
1977199	1
1977230	2
1977251	1
1977411	1
1977456	1
1977677	1
1977694	1
1977729	1
1977786	1
1977820	1
1977888	1
1977892	1
1977926	1
1977932	1
1977961	1
1978052	1
1978067	1
1978099	1
1978219	1
1978281	1
1978327	1
1978406	1
1978420	1
1978508	1
1978687	1
1978758	1
1979047	1
1979124	1
1979187	1
1979191	1
1979237	1
1979253	1
1979298	1
1979342	1
1979383	1
1979397	1
1979413	1
1979445	1
1979558	1
1979561	1
1979657	1
1979679	1
1979708	1
1979794	1
1979868	1
1979935	1
1980064	1
1980070	1
1980098	1
1980122	1
1980163	1
1980190	1
1980218	1
1980223	1
1980296	1
1980348	1
1980417	1
1980444	1
1980556	1
1980583	1
1980602	1
1980616	1
1980714	1
1980733	1
1980788	1
1980866	1
1980901	1
1980945	1
1980952	2
1981033	1
1981103	1
1981253	1
1981270	1
1981342	1
1981517	1
1981544	1
1981593	1
1981662	1
1981708	1
1981721	1
1981766	1
1981884	1
1981963	1
1982003	1
1982274	1
1982386	1
1982484	1
1982531	1
1982632	1
1982658	1
1982707	1
1982801	1
1982977	1
1982982	1
1983030	1
1983068	1
1983161	1
1983189	1
1983208	1
1983328	1
1983424	1
1983535	1
1983554	1
1983606	1
1983614	1
1983671	1
1983704	1
1983723	1
1983829	1
1983841	1
1983886	1
1983911	1
1983925	1
1983960	1
1984022	1
1984078	1
1984137	1
1984153	1
1984287	1
1984291	1
1984340	1
1984477	1
1984611	2
1984780	1
1984799	1
1984861	1
1984914	1
1984971	1
1985123	1
1985207	1
1985351	1
1985465	1
1985610	1
1985669	1
1985700	1
1985761	1
1985793	1
1985811	1
1985953	1
1986000	1
1986102	1
1986252	1
1986343	1
1986571	1
1986607	1
1986619	1
1986622	1
1986678	1
1986711	1
1986803	1
1986855	1
1986962	1
1987050	1
1987206	1
1987233	1
1987288	1
1987358	1
1987393	1
1987419	1
1987463	1
1987478	1
1987481	1
1987513	1
1987605	1
1987653	1
1987664	1
1987804	1
1987862	2
1987885	1
1987948	1
1988108	1
1988139	1
1988261	1
1988365	2
1988388	1
1988392	1
1988404	1
1988431	1
1988496	1
1988512	1
1988541	1
1988553	1
1988667	1
1988680	1
1988710	1
1988791	1
1988846	1
1988902	1
1989128	2
1989202	1
1989216	1
1989227	1
1989230	1
1989249	1
1989335	1
1989460	1
1989536	1
1989548	1
1989608	1
1989615	1
1989643	1
1989712	1
1989764	1
1989798	1
1989806	1
1989859	1
1989871	1
1989900	1
1989993	1
1990068	1
1990193	1
1990266	1
1990436	1
1990472	1
1990491	1
1990522	1
1990535	1
1990554	1
1990614	1
1990633	1
1990688	1
1990692	1
1990829	1
1990870	1
1990886	1
1990909	1
1990942	1
1990997	2
1991004	1
1991057	1
1991216	1
1991227	1
1991251	1
1991273	1
1991307	1
1991335	1
1991363	1
1991442	1
1991524	1
1991650	1
1991677	1
1991712	1
1991729	1
1991737	1
1991798	1
1991888	1
1991900	1
1992028	1
1992034	1
1992080	1
1992179	1
1992222	1
1992316	1
1992349	2
1992406	1
1992577	2
1992700	1
1992717	1
1992732	1
1992883	1
1992897	1
1993014	1
1993033	1
1993047	1
1993071	1
1993172	1
1993191	1
1993264	1
1993338	1
1993604	1
1993618	1
1993662	1
1993679	1
1993685	1
1993721	1
1993782	1
1993827	1
1993895	1
1993963	1
1994213	1
1994234	1
1994276	1
1994412	1
1994437	1
1994441	1
1994547	1
1994690	1
1994760	1
1994803	1
1994869	1
1994923	1
1994931	1
1994985	1
1995056	1
1995097	1
1995143	1
1995150	1
1995182	1
1995365	1
1995418	1
1995613	1
1995628	1
1995652	1
1995724	1
1995755	1
1995769	1
1995807	1
1995835	1
1995878	1
1995902	1
1995984	1
1996024	1
1996069	1
1996106	1
1996114	1
1996133	1
1996159	1
1996192	1
1996209	1
1996225	1
1996238	1
1996242	1
1996337	1
1996341	1
1996386	1
1996495	1
1996531	1
1996579	1
1996596	1
1996658	1
1996689	1
1996746	1
1996801	1
1996813	1
1996966	1
1997012	1
1997064	1
1997135	1
1997146	1
1997154	1
1997190	1
1997204	1
1997223	1
1997257	1
1997262	1
1997279	1
1997417	1
1997432	1
1997475	1
1997538	1
1997627	1
1997651	1
1997714	1
1997733	1
1997792	1
1997934	1
1997976	1
1998090	1
1998224	1
1998304	1
1998318	1
1998439	1
1998502	1
1998527	1
1998697	1
1998701	1
1998728	1
1998800	1
1998826	1
1998920	1
1998933	1
1999109	1
1999156	1
1999174	1
1999344	1
1999361	1
1999375	1
1999407	1
1999612	1
1999751	1
1999831	1
1999936	1
1999969	1
2000024	1
2000159	1
2000211	1
2000225	1
2000312	1
2000353	1
2000495	1
2000540	1
2000557	1
2000626	1
2000778	1
2000867	1
2000908	1
2000939	1
2000943	1
2000950	1
2001022	1
2001153	1
2001164	2
2001255	1
2001323	1
2001450	1
2001573	1
2001595	1
2001642	1
2001697	1
2001745	1
2001780	1
2001817	1
2001875	1
2001992	1
2002029	1
2002086	1
2002098	1
2002119	1
2002122	1
2002218	1
2002257	1
2002262	1
2002279	1
2002296	1
2002310	1
2002324	1
2002369	1
2002538	1
2002630	1
2002651	1
2002684	1
2002771	1
2002815	1
2002843	1
2002850	1
2002967	1
2003089	1
2003127	1
2003168	1
2003195	1
2003228	1
2003234	2
2003245	1
2003276	1
2003350	1
2003464	1
2003506	1
2003559	1
2003592	1
2003622	1
2003711	1
2003738	1
2003803	1
2003810	1
2003855	1
2003979	1
2004065	1
2004169	1
2004172	1
2004241	1
2004298	1
2004311	1
2004445	1
2004467	1
2004499	1
2004640	1
2004721	1
2004739	1
2004827	1
2004884	1
2004935	1
2004954	1
2004963	1
2004990	1
2005008	1
2005015	1
2005039	1
2005125	1
2005197	1
2005259	1
2005326	1
2005332	1
2005375	1
2005407	1
2005490	1
2005545	1
2005641	1
2005716	1
2005749	1
2005924	1
2005955	1
2006027	1
2006030	1
2006051	1
2006301	1
2006367	1
2006424	1
2006522	2
2006563	1
2006665	1
2006692	1
2006805	1
2006829	1
2006837	1
2006997	1
2007045	1
2007076	1
2007104	1
2007185	1
2007330	1
2007368	1
2007420	1
2007521	1
2007539	1
2007550	1
2007594	1
2007603	1
2007636	1
2007744	1
2007825	1
2007883	1
2007905	1
2007964	1
2007998	1
2008180	1
2008230	1
2008497	1
2008608	1
2008615	1
2008666	1
2008770	1
2008900	1
2009056	1
2009074	1
2009143	1
2009150	1
2009217	1
2009226	1
2009232	1
2009359	1
2009392	1
2009423	1
2009485	1
2009586	1
2009699	1
2009807	1
2009835	1
2009854	1
2009916	2
2009951	1
2010080	1
2010395	1
2010420	1
2010459	2
2010492	1
2010603	1
2010610	1
2010648	1
2010761	1
2010793	1
2010860	1
2010874	1
2010912	1
2011000	1
2011149	1
2011228	1
2011299	1
2011350	1
2011441	1
2011559	1
2011681	1
2011711	1
2011742	1
2011783	1
2011797	1
2011855	1
2011891	1
2011962	1
2011979	1
2011985	1
2012084	1
2012126	1
2012250	1
2012313	1
2012606	1
2012659	1
2012688	1
2012692	1
2012864	1
2013003	1
2013036	1
2013120	1
2013165	1
2013211	1
2013225	1
2013238	1
2013274	1
2013337	1
2013370	1
2013427	1
2013430	1
2013557	1
2013562	1
2013596	1
2013719	1
2013735	1
2013813	1
2013845	1
2014096	1
2014101	1
2014134	2
2014202	1
2014390	1
2014409	1
2014411	1
2014425	1
2014474	1
2014524	1
2014639	1
2014643	1
2014737	1
2014871	1
2014892	1
2014900	1
2015135	1
2015181	1
2015190	1
2015324	1
2015369	1
2015372	1
2015493	1
2015509	1
2015511	1
2015673	1
2015684	1
2015720	1
2015759	1
2015821	1
2015882	1
2015894	1
2016033	1
2016136	1
2016155	1
2016191	1
2016434	1
2016445	1
2016526	1
2016589	1
2016618	1
2016623	1
2016631	1
2016657	1
2016679	1
2016827	1
2016830	1
2016849	1
2016851	1
2016868	1
2016919	1
2016946	1
2017038	1
2017056	2
2017097	2
2017139	1
2017143	1
2017232	1
2017258	1
2017306	1
2017320	1
2017333	1
2017404	1
2017457	1
2017485	1
2017505	1
2017634	1
2017676	1
2017748	1
2017769	1
2017791	1
2017930	1
2017968	1
2018077	1
2018094	1
2018125	1
2018160	1
2018344	1
2018361	1
2018407	1
2018446	1
2018454	1
2018501	1
2018534	1
2018545	1
2018599	1
2018605	1
2018641	1
2018664	1
2018727	1
2018795	1
2018804	1
2018831	1
2018862	1
2018936	1
2018955	1
2018969	1
2018972	1
2019007	1
2019022	1
2019170	1
2019198	1
2019236	1
2019494	1
2019516	1
2019568	1
2019642	1
2019674	1
2019697	1
2019893	1
2019971	1
2020085	1
2020134	1
2020176	1
2020180	1
2020230	1
2020319	1
2020346	1
2020381	1
2020442	1
2020483	1
2020497	1
2020555	1
2020591	1
2020608	1
2020621	1
2020806	1
2020814	1
2020847	1
2020865	1
2021041	1
2021086	2
2021154	1
2021218	1
2021262	1
2021310	1
2021426	1
2021489	1
2021509	1
2021525	1
2021583	1
2021668	1
2021684	1
2021695	1
2021714	1
2021815	1
2021866	1
2021901	1
2021967	1
2022007	1
2022129	1
2022137	1
2022186	1
2022210	1
2022224	1
2022291	1
2022482	1
2022595	2
2022656	1
2022780	1
2022817	1
2022933	1
2023109	1
2023138	2
2023160	1
2023206	1
2023247	1
2023259	1
2023288	1
2023300	1
2023358	1
2023389	1
2023407	1
2023446	1
2023454	1
2023490	1
2023501	1
2023576	1
2023727	1
2023840	1
2023857	1
2023862	2
2023910	1
2024099	1
2024104	1
2024131	1
2024196	1
2024281	1
2024373	1
2024384	1
2024395	1
2024406	1
2024465	1
2024577	1
2024603	1
2024809	1
2024811	1
2024838	1
2024937	1
2024941	1
2024970	1
2025058	1
2025061	1
2025149	1
2025168	1
2025245	1
2025267	1
2025280	1
2025343	1
2025366	1
2025453	1
2025486	1
2025547	1
2025774	1
2025810	1
2025869	1
2025931	1
2026121	1
2026139	1
2026194	1
2026314	1
2026347	1
2026404	1
2026462	1
2026537	1
2026628	1
2026652	1
2026807	1
2026835	1
2026890	1
2026902	1
2026949	1
2026951	1
2026973	1
2026995	1
2027088	1
2027092	1
2027103	1
2027124	1
2027169	1
2027172	1
2027229	1
2027264	1
2027270	1
2027383	1
2027593	1
2027631	1
2027739	1
2027777	1
2027782	1
2027849	1
2027963	1
2028147	1
2028211	1
2028305	1
2028364	1
2028430	1
2028557	1
2028596	1
2028722	1
2028781	1
2028790	1
2028828	1
2028852	1
2028966	1
2028977	2
2028982	1
2028994	1
2029027	1
2029117	1
2029158	1
2029243	1
2029294	1
2029436	1
2029578	1
2029581	1
2029590	1
2029620	1
2029633	1
2029692	1
2029718	1
2029762	1
2029805	1
2029812	1
2029938	1
2030082	1
2030259	1
2030292	1
2030300	1
2030332	2
2030361	1
2030389	1
2030478	1
2030481	1
2030534	1
2030567	1
2030580	1
2030637	1
2030641	1
2030653	1
2030716	1
2030862	1
2030885	1
2030969	1
2031016	1
2031030	1
2031073	1
2031215	1
2031243	1
2031313	1
2031352	1
2031403	1
2031410	1
2031546	2
2031740	1
2031805	1
2031864	1
2032032	1
2032044	1
2032127	1
2032195	1
2032228	1
2032280	1
2032308	1
2032321	1
2032429	1
2032441	2
2032498	1
2032506	1
2032533	1
2032565	1
2032571	1
2032607	1
2032663	1
2032742	2
2032760	1
2032931	1
2032985	1
2033037	1
2033204	1
2033296	1
2033336	1
2033369	1
2033417	2
2033493	1
2033538	1
2033556	1
2033583	1
2033616	1
2033714	1
2033747	1
2033771	1
2033792	1
2033894	1
2034060	1
2034108	1
2034139	1
2034143	1
2034182	1
2034200	1
2034217	1
2034275	1
2034289	1
2034320	1
2034404	1
2034440	1
2034529	1
2034570	1
2034613	1
2034667	1
2034769	1
2034835	1
2034846	1
2034863	1
2034949	1
2034973	1
2035048	1
2035087	1
2035091	1
2035188	1
2035209	1
2035238	1
2035274	1
2035329	2
2035341	1
2035386	1
2035398	1
2035402	1
2035427	1
2035430	1
2035451	1
2035484	1
2035518	1
2035531	1
2035632	1
2035675	1
2035722	1
2035778	1
2035781	1
2035801	1
2035834	1
2035915	1
2036019	1
2036046	1
2036078	1
2036090	1
2036105	1
2036112	1
2036198	1
2036236	1
2036248	1
2036379	1
2036516	1
2036568	1
2036573	1
2036609	1
2036611	1
2036638	1
2036656	1
2036674	1
2036745	1
2036858	1
2036893	1
2036920	1
2036965	1
2037018	1
2037085	1
2037113	1
2037145	1
2037167	1
2037295	1
2037346	1
2037497	1
2037503	1
2037737	1
2037741	1
2037753	1
2037770	1
2037859	1
2037975	1
2037989	1
2038052	1
2038076	1
2038080	1
2038099	1
2038219	1
2038263	1
2038278	1
2038302	1
2038351	1
2038373	1
2038384	1
2038471	1
2038521	1
2038648	1
2038700	1
2038838	1
2038929	1
2038941	1
2039014	1
2039020	1
2039155	1
2039169	1
2039172	1
2039270	1
2039298	1
2039309	1
2039342	1
2039356	1
2039360	1
2039467	1
2039517	1
2039532	1
2039558	1
2039631	1
2039715	1
2039816	1
2039830	1
2039868	1
2039907	1
2039919	1
2039946	1
2039963	1
2040195	1
2040213	1
2040228	1
2040252	1
2040276	1
2040377	1
2040464	1
2040498	1
2040619	1
2040654	1
2040711	1
2040725	1
2040738	1
2040742	1
2040872	1
2040904	1
2040923	1
2040979	1
2041056	1
2041097	1
2041150	1
2041258	1
2041314	1
2041333	1
2041388	1
2041404	1
2041541	1
2041564	1
2041787	1
2041822	1
2041890	1
2041927	1
2041968	1
2042043	1
2042125	1
2042233	1
2042326	2
2042422	1
2042463	1
2042513	1
2042552	1
2042576	1
2042599	1
2042686	1
2042818	1
2042840	1
2042885	1
2043063	1
2043078	1
2043090	1
2043105	1
2043224	1
2043236	1
2043269	1
2043291	2
2043379	1
2043396	1
2043415	1
2043466	2
2043527	1
2043530	1
2043549	1
2043799	1
2043861	1
2044193	1
2044215	1
2044282	1
2044301	1
2044313	1
2044328	2
2044472	1
2044563	1
2044614	1
2044723	1
2044740	1
2044762	1
2044779	1
2044785	1
2044796	1
2044805	1
2044829	1
2044870	1
2044898	1
2044938	1
2045023	1
2045031	1
2045040	1
2045085	1
2045180	1
2045216	1
2045227	1
2045249	1
2045251	1
2045363	1
2045409	1
2045411	1
2045591	1
2045608	1
2045615	1
2045806	1
2045820	1
2045865	1
2045900	1
2045917	1
2045989	1
2046098	1
2046181	1
2046369	1
2046400	1
2046458	1
2046489	1
2046511	1
2046525	1
2046602	1
2046733	1
2046882	1
2046913	1
2046934	1
2047010	1
2047133	1
2047192	1
2047238	1
2047242	1
2047305	1
2047329	1
2047518	1
2047626	1
2047675	1
2047707	1
2047763	1
2047781	1
2047899	1
2047966	1
2048014	1
2048172	1
2048205	1
2048253	1
2048434	1
2048467	1
2048500	1
2048526	1
2048575	1
2048593	1
2048623	1
2048782	1
2048802	1
2048849	1
2049034	1
2049045	1
2049067	1
2049140	1
2049246	1
2049254	1
2049302	2
2049384	1
2049433	1
2049508	1
2049550	1
2049594	1
2049636	1
2049655	1
2049700	1
2049732	1
2049912	1
2049953	1
2050007	1
2050019	1
2050054	1
2050112	1
2050198	1
2050224	1
2050287	1
2050323	1
2050421	1
2050494	1
2050549	1
2050638	1
2050674	1
2050683	1
2050713	1
2050734	1
2050752	1
2050826	1
2050861	1
2050988	2
2051067	1
2051076	1
2051207	1
2051222	1
2051290	1
2051316	1
2051327	1
2051373	1
2051384	1
2051420	1
2051447	1
2051508	1
2051543	1
2051566	1
2051577	1
2051655	1
2051672	1
2051717	1
2051732	1
2051809	1
2051811	1
2051883	1
2051941	1
2051970	1
2052040	1
2052062	1
2052079	1
2052113	1
2052145	1
2052180	1
2052216	1
2052249	1
2052307	1
2052497	1
2052536	1
2052555	1
2052569	1
2052615	1
2052666	1
2052741	1
2052786	1
2052892	1
2052944	1
2052961	1
2052993	1
2053042	1
2053150	1
2053194	1
2053226	1
2053232	1
2053431	1
2053512	1
2053586	1
2053613	1
2053634	1
2053755	1
2053822	1
2053930	1
2053973	1
2053984	1
2053995	2
2054005	1
2054029	1
2054053	1
2054086	1
2054119	1
2054163	1
2054181	1
2054303	1
2054387	1
2054458	1
2054511	1
2054542	1
2054673	1
2054684	1
2054815	1
2054821	1
2054934	1
2055020	1
2055071	1
2055110	1
2055136	1
2055187	1
2055191	1
2055253	1
2055270	1
2055309	2
2055374	1
2055517	1
2055593	1
2055685	1
2055715	1
2055739	1
2055830	1
2055851	1
2056043	1
2056066	1
2056183	1
2056247	1
2056292	1
2056317	1
2056407	1
2056419	1
2056481	1
2056605	1
2056629	1
2056727	1
2056730	1
2056804	1
2056831	1
2056896	1
2056924	1
2056948	1
2057000	1
2057032	1
2057149	1
2057228	1
2057280	1
2057299	1
2057350	1
2057498	1
2057514	1
2057565	1
2057619	1
2057622	1
2057663	1
2057711	1
2057918	1
2058126	1
2058132	1
2058215	1
2058221	1
2058410	1
2058491	1
2058633	1
2058692	1
2058785	1
2058796	1
2058886	1
2058909	1
2058942	1
2058960	1
2059069	1
2059087	1
2059091	1
2059106	1
2059114	1
2059165	1
2059171	1
2059242	1
2059353	1
2059364	1
2059504	1
2059579	1
2059596	1
2059600	1
2059658	1
2059689	1
2059801	1
2059943	1
2059982	1
2060097	2
2060115	2
2060177	1
2060226	1
2060258	1
2060333	1
2060347	1
2060371	1
2060388	1
2060392	2
2060431	1
2060479	1
2060485	2
2060598	1
2060613	1
2060680	1
2060791	1
2060846	1
2060863	1
2060951	1
2060973	2
2061069	1
2061133	1
2061147	1
2061171	1
2061242	2
2061274	1
2061312	1
2061341	1
2061364	1
2061398	1
2061451	1
2061523	1
2061596	1
2061689	1
2061707	1
2061719	1
2061778	1
2061790	1
2061915	1
2062047	1
2062065	1
2062088	1
2062169	1
2062241	1
2062270	1
2062298	1
2062338	1
2062360	1
2062467	1
2062500	1
2062589	1
2062708	1
2062743	1
2062750	1
2062766	1
2062782	1
2062827	1
2062907	1
2062978	1
2063131	1
2063157	2
2063179	1
2063207	1
2063254	1
2063278	1
2063406	1
2063420	1
2063717	1
2063726	1
2063732	2
2063838	1
2063860	1
2064021	1
2064043	1
2064050	1
2064125	1
2064160	1
2064183	1
2064288	1
2064326	1
2064375	1
2064419	1
2064422	1
2064545	1
2064599	1
2064698	1
2064896	1
2064924	2
2064991	1
2065095	1
2065221	2
2065250	1
2065376	1
2065472	1
2065522	1
2065563	1
2065606	1
2065647	1
2065731	1
2065762	1
2065796	1
2065853	1
2065942	1
2066040	1
2066085	1
2066134	2
2066202	1
2066216	2
2066319	1
2066346	1
2066411	1
2066425	1
2066474	1
2066503	1
2066833	1
2066900	1
2066917	1
2066932	1
2066993	1
2067035	1
2067141	1
2067408	1
2067477	1
2067530	1
2067638	1
2067642	1
2067660	1
2067683	1
2067697	1
2067713	1
2067734	1
2067745	1
2067752	1
2067776	1
2067799	1
2067817	1
2067826	1
2067858	1
2067875	1
2067893	1
2067933	1
2067965	1
2067992	1
2068012	1
2068041	1
2068053	1
2068086	1
2068240	1
2068285	1
2068348	1
2068372	1
2068417	1
2068432	1
2068444	1
2068493	1
2068542	1
2068630	1
2068649	1
2068695	1
2068706	1
2068720	1
2068733	1
2068759	1
2068808	1
2068894	2
2068901	1
2068952	1
2068980	1
2069058	1
2069116	1
2069127	1
2069173	1
2069184	1
2069252	1
2069280	1
2069299	1
2069405	1
2069559	1
2069588	1
2069756	1
2069855	1
2069918	1
2069931	1
2070037	1
2070064	1
2070122	1
2070178	1
2070240	1
2070369	1
2070372	1
2070391	1
2070426	1
2070458	1
2070511	1
2070627	1
2070720	1
2070866	2
2071033	1
2071103	1
2071110	1
2071148	1
2071172	1
2071241	1
2071480	1
2071499	1
2071526	2
2071604	1
2071685	1
2071816	1
2071849	1
2071873	1
2071963	1
2071981	1
2072133	1
2072165	1
2072171	1
2072238	1
2072283	1
2072329	1
2072341	1
2072427	1
2072430	1
2072540	1
2072585	1
2072644	1
2072658	1
2072661	1
2072735	1
2072781	1
2072790	1
2072813	1
2072899	1
2072943	1
2073030	1
2073073	1
2073084	1
2073161	1
2073215	1
2073266	1
2073282	1
2073399	1
2073472	1
2073519	1
2073688	1
2073692	1
2073731	1
2073740	1
2073812	1
2073870	1
2073997	1
2074019	1
2074035	1
2074046	1
2074153	1
2074224	1
2074362	1
2074396	2
2074415	1
2074439	1
2074477	1
2074482	1
2074494	1
2074568	1
2074573	1
2074683	1
2074697	1
2074745	1
2074832	1
2074933	1
2075028	1
2075076	1
2075123	1
2075131	1
2075162	1
2075185	1
2075222	1
2075246	1
2075278	1
2075349	1
2075368	1
2075395	1
2075420	1
2075433	1
2075465	1
2075471	1
2075543	1
2075566	1
2075582	1
2075594	1
2075610	1
2075732	1
2075775	1
2075789	1
2075856	1
2075970	1
2075986	1
2076061	1
2076075	1
2076089	1
2076093	1
2076228	1
2076267	1
2076366	1
2076429	1
2076486	1
2076498	1
2076514	1
2076622	1
2076635	1
2076654	1
2076957	1
2076979	1
2076996	1
2077021	1
2077160	1
2077197	1
2077233	1
2077271	1
2077344	1
2077446	1
2077612	2
2077730	1
2077749	1
2077804	1
2077823	1
2077857	1
2077879	1
2077885	1
2077955	1
2077972	1
2078009	1
2078074	1
2078182	1
2078194	1
2078232	1
2078261	1
2078293	1
2078306	1
2078314	1
2078418	1
2078423	1
2078570	1
2078598	1
2078787	1
2078791	1
2078835	1
2078863	1
2078890	1
2078902	1
2078968	1
2079004	1
2079018	1
2079031	2
2079134	1
2079176	1
2079425	1
2079438	1
2079460	1
2079524	1
2079555	1
2079621	1
2079764	1
2079806	1
2079932	1
2079958	1
2079989	1
2080051	1
2080073	1
2080117	1
2080193	1
2080221	1
2080282	1
2080313	1
2080352	1
2080380	1
2080399	1
2080448	1
2080522	1
2080554	1
2080581	1
2080659	1
2080723	1
2080731	1
2080740	1
2080779	1
2080796	1
2080805	1
2080829	1
2080853	1
2080925	1
2080938	1
2080974	1
2081004	1
2081062	1
2081134	1
2081307	1
2081335	1
2081363	1
2081409	1
2081425	1
2081456	1
2081503	1
2081510	1
2081572	1
2081737	1
2081786	1
2081833	1
2081892	2
2081944	1
2082028	1
2082076	1
2082118	1
2082123	1
2082157	1
2082185	1
2082219	1
2082246	1
2082406	1
2082447	1
2082488	1
2082543	1
2082566	1
2082789	1
2082809	1
2083020	1
2083065	1
2083110	1
2083136	1
2083212	1
2083241	1
2083338	1
2083342	1
2083356	1
2083374	1
2083445	1
2083452	1
2083500	1
2083517	1
2083532	1
2083558	1
2083561	1
2083593	1
2083623	1
2083631	1
2083708	1
2083743	1
2083794	1
2083849	1
2083935	1
2083946	1
2084026	1
2084058	1
2084149	1
2084151	2
2084228	1
2084276	1
2084339	1
2084343	1
2084382	1
2084394	1
2084429	1
2084506	1
2084565	1
2084756	1
2084797	1
2084810	1
2084848	1
2084887	1
2084940	1
2085217	1
2085226	1
2085232	1
2085275	1
2085392	1
2085457	1
2085479	1
2085496	1
2085505	1
2085564	1
2085601	1
2085634	1
2085667	1
2085676	1
2085736	1
2085787	1
2085807	1
2085863	1
2085916	1
2085930	1
2085968	1
2086048	1
2086120	1
2086147	1
2086159	1
2086209	1
2086337	1
2086449	1
2086451	2
2086531	1
2086661	1
2086675	1
2086689	1
2086746	1
2086778	1
2086982	1
2087086	1
2087154	1
2087178	1
2087190	1
2087231	2
2087262	1
2087285	1
2087303	1
2087310	1
2087324	1
2087369	1
2087391	2
2087417	1
2087444	1
2087509	1
2087583	1
2087792	1
2087808	1
2087894	1
2087976	1
2088054	1
2088078	1
2088141	1
2088186	1
2088203	1
2088269	1
2088323	1
2088357	1
2088415	1
2088439	1
2088450	1
2088549	1
2088625	1
2088638	1
2088660	1
2088674	1
2088767	1
2088959	1
2089066	1
2089077	1
2089174	1
2089247	1
2089259	1
2089288	1
2089463	1
2089478	1
2089605	1
2089629	1
2089768	1
2089818	1
2089831	1
2089969	1
2090006	1
2090103	1
2090264	1
2090309	1
2090311	1
2090356	1
2090500	1
2090558	1
2090561	1
2090593	1
2090623	1
2090657	1
2090662	1
2090750	1
2090794	1
2090851	1
2090922	1
2090981	1
2091015	1
2091050	1
2091077	1
2091111	1
2091142	1
2091156	1
2091160	1
2091214	1
2091233	1
2091454	1
2091501	2
2091580	2
2091857	1
2091862	1
2092139	1
2092143	1
2092177	1
2092258	1
2092275	1
2092404	1
2092418	1
2092479	1
2092570	1
2092586	1
2092601	1
2092628	1
2092736	1
2092881	1
2092890	1
2092949	1
2092984	1
2093023	1
2093096	1
2093128	1
2093152	1
2093176	1
2093268	1
2093284	1
2093322	1
2093363	1
2093425	1
2093442	1
2093456	1
2093497	1
2093555	1
2093591	1
2093650	1
2093666	1
2093705	1
2093741	1
2093764	1
2093786	1
2093859	1
2093926	1
2093989	1
2094048	1
2094114	1
2094120	1
2094147	1
2094165	1
2094171	1
2094209	1
2094370	1
2094398	1
2094495	1
2094562	1
2094626	1
2094735	1
2094763	1
2094845	1
2094876	1
2094915	1
2095112	2
2095186	1
2095269	1
2095304	1
2095318	1
2095323	1
2095357	1
2095408	1
2095415	1
2095439	1
2095573	1
2095625	1
2095656	1
2095674	1
2095713	1
2095799	1
2095861	1
2095889	2
2095906	1
2095920	1
2095965	1
2095988	1
2096179	1
2096235	1
2096254	1
2096302	1
2096373	1
2096384	2
2096395	1
2096433	1
2096492	1
2096521	1
2096603	1
2096669	1
2096672	1
2096691	1
2096717	1
2096744	1
2096775	1
2096789	1
2096811	1
2096842	1
2096860	1
2096929	1
2097158	1
2097239	1
2097301	1
2097328	1
2097345	1
2097352	1
2097424	1
2097469	1
2097487	1
2097620	1
2097864	1
2097909	1
2097911	1
2097956	1
2098075	1
2098201	1
2098299	1
2098308	1
2098377	1
2098453	1
2098486	1
2098514	1
2098592	1
2098635	1
2098690	1
2098756	1
2098760	1
2098783	1
2098836	1
2098918	1
2098957	1
2098979	1
2099012	1
2099098	1
2099154	1
2099178	1
2099181	1
2099348	1
2099391	1
2099400	1
2099426	1
2099461	1
2099493	1
2099560	1
2099597	1
2099651	1
2099765	1
2099792	1
2099894	1
2099967	1
2100175	1
2100221	1
2100243	1
2100250	1
2100334	1
2100455	1
2100522	1
2100535	1
2100554	1
2100581	1
2100606	1
2100688	1
2100853	1
2100870	1
2100925	1
2101023	1
2101057	1
2101128	1
2101216	1
2101230	1
2101273	1
2101319	1
2101322	1
2101483	1
2101503	1
2101555	1
2101572	1
2101591	1
2101621	1
2101753	1
2101892	1
2101958	1
2101961	1
2102013	1
2102076	1
2102281	1
2102351	1
2102459	1
2102539	1
2102543	1
2102669	1
2102838	1
2102905	1
2103033	1
2103059	1
2103088	1
2103103	1
2103148	1
2103169	1
2103172	1
2103229	1
2103264	1
2103499	1
2103517	1
2103544	1
2103618	1
2103623	2
2103657	1
2103777	1
2103884	1
2103919	1
2103935	1
2103954	1
2103978	1
2104000	1
2104149	1
2104321	1
2104377	1
2104382	1
2104437	1
2104441	1
2104486	1
2104663	1
2104690	1
2104742	1
2104774	1
2104797	1
2104803	1
2105060	1
2105143	1
2105166	1
2105261	1
2105275	1
2105306	1
2105359	1
2105440	1
2105537	1
2105724	1
2105755	1
2105787	1
2105881	1
2105930	1
2105949	1
2105951	1
2105968	1
2106192	1
2106211	1
2106225	1
2106398	1
2106468	1
2106504	1
2106596	1
2106707	1
2106719	1
2106781	1
2106852	1
2106880	1
2106943	1
2106950	1
2107037	1
2107119	1
2107135	1
2107218	1
2107223	1
2107240	1
2107285	1
2107369	1
2107475	1
2107509	1
2107525	1
2107556	1
2107583	1
2107627	1
2107649	1
2107695	1
2107792	1
2107821	1
2107843	1
2107850	1
2107866	1
2107882	1
2107945	1
2108063	1
2108287	2
2108291	1
2108357	1
2108415	1
2108477	1
2108530	1
2108584	1
2108683	1
2108745	1
2108800	1
2108920	1
2108933	1
2108947	1
2108971	1
2108988	1
2109050	1
2109066	1
2109077	1
2109160	1
2109247	1
2109292	1
2109317	1
2109332	1
2109389	1
2109454	1
2109463	1
2109481	1
2109534	1
2109545	1
2109605	1
2109727	1
2109749	1
2109862	1
2109948	2
2109969	1
2110070	1
2110285	1
2110369	1
2110426	1
2110444	1
2110509	1
2110574	1
2110627	1
2110668	1
2110673	1
2110747	1
2110771	2
2110866	1
2110952	1
2110980	1
2111088	1
2111092	1
2111103	1
2111187	1
2111229	1
2111311	1
2111452	1
2111517	1
2111640	2
2111685	1
2111721	1
2111816	1
2111884	1
2111922	1
2111946	1
2112106	1
2112120	1
2112242	1
2112260	1
2112312	1
2112329	1
2112341	1
2112364	1
2112416	1
2112451	1
2112504	1
2112579	1
2112600	1
2112644	1
2112689	1
2112707	1
2112746	1
2112867	1
2112915	1
2112939	1
2112943	1
2112982	1
2113002	1
2113144	1
2113345	1
2113448	1
2113469	1
2113491	1
2113581	1
2113633	1
2113659	1
2113688	1
2113731	1
2113762	1
2113805	1
2113829	1
2113841	1
2113909	1
2113938	1
2113942	1
2113956	1
2114007	1
2114137	1
2114164	1
2114203	1
2114255	1
2114318	1
2114323	1
2114357	1
2114408	1
2114439	1
2114450	1
2114595	1
2114660	1
2114745	1
2114767	1
2114844	1
2114906	1
2114920	1
2114965	1
2114992	1
2115067	1
2115140	1
2115281	1
2115414	1
2115508	1
2115515	1
2115624	1
2115655	1
2115669	1
2115687	1
2115789	1
2115838	1
2115883	1
2116299	1
2116343	1
2116412	1
2116437	1
2116464	1
2116470	1
2116498	1
2116607	1
2116810	1
2116891	1
2116931	1
2116979	1
2116985	1
2117008	1
2117050	1
2117094	1
2117109	1
2117142	1
2117160	1
2117419	1
2117545	1
2117670	1
2117857	2
2117879	1
2117910	1
2117969	1
2117972	1
2118060	1
2118074	1
2118083	1
2118097	1
2118177	1
2118194	1
2118226	1
2118232	1
2118275	1
2118505	1
2118529	1
2118570	1
2118613	1
2118680	1
2118703	1
2118769	1
2118772	1
2118822	1
2118968	1
2119004	1
2119031	1
2119057	1
2119152	1
2119202	1
2119216	1
2119249	1
2119273	1
2119322	1
2119438	1
2119483	1
2119615	1
2119737	1
2119798	1
2119814	1
2119859	1
2119958	1
2120007	1
2120054	1
2120063	1
2120164	1
2120186	1
2120255	1
2120287	1
2120408	1
2120482	1
2120502	1
2120530	1
2120549	1
2120660	1
2120683	1
2120799	1
2120844	1
2120893	1
2120947	1
2121013	1
2121052	1
2121099	1
2121179	1
2121254	1
2121302	1
2121330	1
2121373	1
2121384	1
2121465	1
2121515	1
2121566	2
2121603	1
2121700	1
2121732	1
2121744	1
2121789	1
2121883	1
2121897	1
2122079	1
2122096	1
2122199	1
2122202	1
2122216	1
2122227	1
2122346	1
2122363	1
2122411	1
2122497	1
2122503	1
2122555	1
2122591	1
2122650	1
2122814	1
2122888	1
2122989	1
2123150	1
2123177	1
2123194	1
2123217	1
2123226	1
2123333	1
2123359	1
2123418	1
2123457	1
2123512	1
2123537	1
2123541	1
2123570	2
2123634	1
2123736	1
2123748	1
2123807	1
2123822	1
2123863	1
2123878	1
2123949	1
2123951	1
2124107	1
2124122	1
2124178	1
2124204	1
2124231	1
2124296	1
2124336	1
2124391	1
2124417	1
2124475	1
2124489	1
2124602	1
2124720	1
2124747	1
2124952	1
2124976	1
2125020	1
2125103	1
2125172	1
2125229	1
2125325	1
2125428	1
2125526	1
2125544	1
2125575	1
2125640	1
2125657	1
2125777	1
2125802	1
2125827	1
2125849	1
2125884	1
2125907	1
2125919	1
2125922	1
2125963	1
2126021	1
2126050	1
2126066	1
2126094	1
2126125	1
2126247	1
2126288	1
2126332	1
2126344	1
2126375	1
2126393	1
2126419	1
2126446	1
2126463	1
2126501	1
2126528	1
2126552	1
2126576	1
2126716	1
2126749	1
2126751	1
2126862	1
2126936	1
2126955	1
2126987	1
2127044	1
2127116	1
2127184	1
2127201	1
2127213	1
2127228	1
2127245	1
2127299	1
2127343	1
2127412	1
2127437	1
2127470	1
2127486	1
2127547	1
2127607	1
2127663	1
2127891	1
2127918	1
2127923	1
2127940	1
2128144	1
2128313	1
2128424	1
2128659	1
2128731	1
2128829	1
2128898	1
2128983	1
2129024	1
2129036	1
2129048	1
2129055	1
2129114	1
2129120	1
2129133	1
2129238	1
2129312	1
2129341	1
2129430	1
2129449	1
2129518	1
2129523	1
2129531	1
2129579	1
2129600	1
2129658	1
2129693	1
2129754	1
2129876	1
2129915	2
2129921	1
2130060	1
2130083	1
2130177	1
2130244	1
2130388	1
2130392	1
2130440	1
2130462	1
2130512	1
2130553	1
2130601	1
2130634	1
2130652	1
2130755	1
2130807	1
2130835	1
2130846	1
2130949	1
2130951	1
2130968	1
2131003	1
2131010	1
2131087	1
2131171	1
2131188	1
2131225	1
2131283	1
2131297	1
2131341	1
2131353	1
2131386	1
2131430	1
2131451	1
2131468	1
2131585	1
2131644	1
2131735	1
2131876	1
2131939	1
2131943	1
2132006	1
2132092	1
2132148	1
2132253	1
2132286	1
2132401	1
2132434	1
2132532	1
2132589	1
2132593	1
2132657	1
2132750	1
2132802	1
2132868	1
2132895	1
2132907	1
2132919	1
2132922	1
2132946	1
2133013	1
2133052	1
2133157	1
2133179	1
2133222	1
2133302	1
2133395	1
2133508	1
2133582	1
2133636	2
2133717	1
2133726	1
2133761	1
2133970	1
2133998	1
2134015	1
2134111	1
2134259	1
2134292	1
2134317	1
2134389	1
2134393	1
2134407	1
2134419	1
2134422	1
2134446	1
2134478	1
2134501	1
2134513	1
2134727	1
2134749	1
2134751	1
2134924	1
2134948	1
2134987	1
2135030	1
2135084	1
2135095	1
2135100	1
2135132	1
2135175	1
2135221	1
2135380	1
2135554	1
2135563	1
2135620	1
2135938	1
2136079	1
2136101	1
2136145	1
2136167	1
2136176	1
2136230	1
2136409	1
2136438	1
2136643	1
2136859	1
2136865	1
2136871	1
2136917	1
2136944	1
2136989	1
2137054	1
2137078	1
2137105	1
2137141	1
2137203	1
2137236	1
2137269	1
2137439	1
2137466	1
2137573	1
2137683	1
2137832	1
2137920	1
2137971	1
2138029	1
2138119	1
2138135	1
2138218	1
2138231	1
2138257	1
2138324	1
2138400	1
2138432	1
2138461	1
2138538	1
2138627	1
2138668	1
2138684	1
2138720	1
2138747	1
2139149	2
2139168	1
2139195	1
2139339	1
2139350	1
2139394	1
2139429	1
2139520	1
2139547	1
2139559	1
2139565	1
2139635	1
2139663	1
2139891	1
2139996	1
2140033	1
2140047	1
2140065	1
2140092	1
2140103	1
2140191	1
2140237	1
2140360	1
2140401	1
2140413	1
2140526	1
2140623	1
2140851	1
2140935	1
2140981	1
2141043	1
2141066	1
2141111	1
2141233	1
2141326	1
2141463	1
2141513	1
2141534	1
2141576	1
2141599	1
2141653	1
2141670	1
2141702	1
2141716	1
2141936	1
2141987	1
2142038	1
2142074	1
2142097	1
2142121	1
2142139	1
2142217	1
2142226	1
2142244	1
2142275	1
2142365	1
2142479	1
2142485	1
2142529	1
2142537	1
2142586	1
2142634	1
2142667	1
2142772	1
2142863	1
2142878	1
2142951	1
2143004	1
2143062	1
2143101	1
2143134	1
2143167	1
2143176	1
2143180	2
2143227	1
2143251	1
2143346	1
2143363	1
2143425	1
2143643	1
2143650	1
2143741	1
2143847	1
2143892	1
2143900	1
2143926	1
2143975	1
2144010	1
2144133	1
2144159	1
2144211	1
2144260	1
2144504	1
2144626	1
2144632	1
2144675	2
2144813	1
2144852	1
2144876	1
2145090	1
2145153	1
2145248	1
2145323	1
2145396	1
2145415	1
2145482	1
2145502	1
2145674	1
2145767	1
2145776	1
2145800	1
2145861	1
2145889	1
2145959	1
2146013	1
2146045	1
2146080	1
2146196	1
2146373	1
2146465	1
2146488	1
2146539	1
2146577	1
2146594	1
2146726	1
2146744	1
2146775	1
2146809	1
2146937	1
2147002	1
2147027	1
2147095	1
2147294	1
2147469	1
2147507	1
2147519	1
2147633	1
2147692	1
2147718	2
2147757	1
2147779	1
2147909	2
2147911	1
2147956	1
2148184	1
2148267	1
2148343	1
2148350	1
2148377	1
2148498	1
2148514	1
2148520	1
2148607	1
2148678	1
2148725	1
2148887	1
2148904	1
2148918	1
2148923	1
2148985	1
2148996	1
2149037	1
2149041	1
2149064	1
2149107	1
2149146	1
2149178	1
2149223	1
2149231	1
2149355	1
2149458	1
2149475	1
2149538	1
2149788	1
2149877	1
2149882	1
2149999	1
2150040	1
2150128	1
2150180	1
2150251	1
2150354	1
2150409	1
2150474	1
2150483	1
2150497	1
2150536	1
2150712	1
2150737	1
2150944	1
2150961	1
2151005	1
2151107	1
2151122	1
2151146	1
2151178	1
2151348	1
2151387	1
2151417	1
2151475	1
2151489	1
2151616	1
2151695	1
2151706	1
2151788	1
2151821	1
2151894	1
2151928	1
2152105	1
2152112	1
2152137	1
2152164	1
2152198	1
2152318	1
2152415	1
2152530	1
2152625	1
2152642	1
2152656	1
2152697	1
2152734	1
2152752	1
2152767	1
2152800	1
2152826	1
2152858	1
2152906	1
2153008	1
2153156	1
2153197	1
2153265	1
2153288	1
2153326	1
2153481	1
2153528	1
2153552	1
2153580	1
2153599	1
2153605	1
2153612	1
2153716	1
2153727	1
2153840	1
2153879	1
2153987	1
2154013	1
2154179	1
2154219	1
2154515	1
2154550	1
2154577	1
2154624	1
2154648	1
2154655	1
2154687	1
2154691	1
2154700	1
2154856	1
2154905	1
2155026	1
2155089	1
2155093	1
2155116	1
2155173	1
2155201	1
2155213	1
2155321	1
2155350	1
2155377	1
2155441	1
2155506	1
2155592	1
2155622	1
2155654	1
2155725	1
2155774	1
2155783	1
2155803	1
2155836	1
2155855	1
2155985	1
2156194	1
2156261	1
2156333	1
2156601	1
2156645	1
2156652	1
2156703	1
2156710	1
2156819	1
2156890	1
2156916	1
2156949	1
2156973	1
2157014	1
2157103	1
2157110	1
2157136	1
2157148	1
2157172	1
2157187	1
2157434	1
2157476	1
2157499	1
2157604	1
2157623	1
2157715	1
2157794	1
2157830	1
2157919	1
2158010	1
2158072	1
2158242	1
2158341	1
2158386	1
2158484	1
2158531	1
2158557	1
2158626	1
2158632	1
2158689	1
2158693	1
2158707	1
2158801	1
2158813	1
2158867	1
2158880	1
2158915	1
2158966	1
2159002	1
2159027	1
2159049	1
2159126	1
2159132	1
2159221	1
2159282	1
2159328	1
2159399	1
2159491	1
2159554	1
2159633	1
2159659	1
2159704	1
2159864	1
2159886	1
2159911	1
2159938	1
2159960	1
2159997	1
2160008	1
2160039	1
2160050	1
2160094	1
2160125	1
2160292	1
2160361	1
2160454	1
2160463	1
2160545	2
2160552	1
2160641	1
2160653	1
2160716	1
2160768	1
2160784	1
2160823	1
2161049	1
2161215	1
2161313	1
2161345	1
2161352	1
2161367	1
2161448	1
2161507	1
2161581	1
2161633	1
2161704	1
2161731	1
2161779	1
2161785	1
2161805	1
2161870	1
2161898	1
2161960	1
2162017	1
2162089	1
2162093	1
2162213	1
2162276	1
2162299	1
2162315	1
2162470	1
2162592	1
2162654	1
2162709	1
2162783	1
2163098	1
2163355	1
2163369	1
2163372	1
2163432	1
2163444	1
2163458	1
2163560	1
2163651	1
2163747	1
2163808	1
2163901	1
2163967	1
2163976	1
2163999	1
2164011	1
2164038	1
2164042	1
2164056	1
2164060	1
2164150	1
2164166	1
2164232	1
2164258	1
2164261	1
2164275	1
2164289	1
2164347	1
2164388	1
2164392	1
2164404	1
2164431	1
2164496	1
2164586	1
2164680	1
2164748	1
2164807	1
2164881	1
2164951	1
2164973	1
2165055	1
2165165	1
2165209	1
2165225	1
2165341	1
2165353	1
2165364	1
2165386	1
2165398	1
2165402	1
2165430	1
2165495	1
2165518	1
2165746	1
2165845	1
2165880	1
2165994	1
2166007	1
2166019	1
2166022	1
2166063	1
2166078	1
2166090	1
2166112	1
2166141	1
2166236	1
2166248	1
2166269	1
2166318	1
2166379	1
2166396	1
2166421	1
2166527	1
2166611	1
2166642	1
2166683	1
2166701	1
2166767	1
2166799	1
2166844	1
2166875	1
2166914	1
2166933	1
2166965	1
2166971	1
2167031	1
2167057	1
2167113	1
2167202	1
2167227	1
2167322	1
2167354	1
2167381	1
2167442	1
2167483	1
2167497	1
2167503	1
2167548	1
2167587	1
2167677	1
2167729	1
2167737	1
2167786	1
2167871	1
2167958	1
2167961	1
2168013	1
2168034	1
2168104	1
2168302	1
2168330	1
2168349	1
2168368	1
2168384	1
2168395	1
2168488	1
2168543	1
2168636	1
2168700	1
2168744	1
2168789	2
2168811	1
2168825	1
2168874	1
2168912	1
2168970	2
2169047	1
2169065	1
2169092	1
2169110	1
2169155	1
2169191	1
2169212	1
2169270	1
2169397	1
2169452	1
2169526	1
2169623	1
2169708	1
2169827	1
2169849	1
2169868	1
2169907	1
2169919	1
2170001	1
2170076	1
2170162	1
2170219	1
2170302	1
2170327	1
2170459	1
2170582	1
2170603	1
2170691	1
2170761	2
2170793	1
2170825	1
2170860	1
2170929	2
2171017	1
2171061	1
2171151	1
2171201	1
2171228	1
2171234	1
2171308	1
2171321	1
2171339	1
2171366	1
2171405	1
2171453	1
2171498	1
2171547	1
2171571	1
2171635	1
2171725	1
2171742	1
2171783	1
2171810	1
2171872	1
2171887	1
2171940	1
2171985	1
2172049	1
2172208	1
2172282	1
2172313	1
2172334	1
2172399	1
2172403	1
2172424	2
2172448	1
2172472	1
2172535	1
2172563	1
2172633	1
2172647	1
2172757	1
2172805	1
2172898	1
2173024	1
2173036	1
2173087	1
2173106	1
2173147	1
2173225	1
2173274	1
2173402	1
2173495	1
2173531	1
2173661	1
2173722	1
2173790	1
2173852	1
2173876	1
2173880	1
2173966	1
2174079	1
2174085	1
2174134	1
2174268	1
2174284	1
2174322	1
2174335	1
2174363	1
2174390	1
2174409	1
2174483	1
2174524	1
2174536	1
2174555	1
2174587	1
2174621	1
2174666	1
2174705	2
2174764	1
2174820	1
2174888	1
2174926	1
2174958	1
2175053	1
2175064	1
2175107	1
2175119	1
2175178	1
2175190	1
2175257	1
2175432	1
2175493	1
2175538	1
2175556	1
2175616	1
2175673	1
2175695	1
2175759	1
2175788	1
2175913	1
2175967	1
2176088	1
2176241	1
2176286	1
2176298	1
2176311	1
2176360	1
2176434	1
2176480	1
2176517	1
2176604	1
2176696	1
2176743	1
2176766	1
2176782	1
2176919	1
2176963	1
2177226	1
2177232	1
2177258	1
2177293	2
2177333	2
2177388	1
2177485	1
2177512	1
2177529	1
2177680	1
2177755	1
2177819	1
2177881	1
2177916	1
2177951	1
2178183	1
2178220	1
2178265	1
2178271	1
2178288	1
2178326	1
2178393	1
2178407	1
2178478	1
2178481	1
2178490	1
2178567	1
2178580	1
2178612	2
2178686	1
2178818	1
2178936	1
2179019	1
2179081	1
2179129	1
2179141	1
2179248	1
2179272	1
2179385	1
2179408	1
2179421	1
2179477	1
2179494	1
2179502	1
2179527	1
2179530	1
2179551	1
2179776	1
2179817	1
2179906	1
2179933	1
2179992	1
2180010	1
2180238	1
2180297	1
2180329	1
2180353	1
2180484	1
2180523	1
2180585	1
2180626	1
2180693	1
2180707	1
2180722	1
2180746	1
2180763	1
2180778	1
2180801	1
2180813	1
2180867	1
2180966	1
2180977	1
2180994	1
2181022	1
2181105	1
2181141	1
2181272	1
2181318	1
2181331	1
2181408	1
2181421	1
2181450	1
2181502	1
2181530	1
2181568	1
2181584	1
2181609	1
2181625	1
2181683	1
2181826	1
2181858	1
2181889	1
2181906	1
2181920	1
2182119	1
2182204	1
2182231	1
2182303	1
2182461	1
2182538	1
2182560	1
2182574	1
2182733	1
2182759	1
2182771	1
2182850	1
2183000	1
2183044	1
2183058	1
2183168	1
2183195	1
2183252	1
2183453	1
2183571	1
2183588	1
2183646	1
2183711	1
2183774	1
2183836	1
2183940	1
2184071	1
2184212	1
2184241	1
2184286	1
2184311	1
2184338	1
2184374	2
2184401	1
2184428	1
2184517	1
2184593	1
2184739	1
2184750	1
2184794	1
2184827	1
2184884	1
2184922	1
2184946	1
2184978	1
2184981	1
2185021	1
2185039	1
2185109	1
2185125	1
2185138	1
2185156	1
2185160	1
2185197	1
2185214	1
2185259	1
2185265	1
2185288	1
2185344	1
2185358	1
2185361	1
2185407	1
2185422	1
2185490	1
2185501	1
2185545	1
2185698	1
2185784	1
2185804	2
2185896	1
2185936	1
2186073	1
2186161	1
2186221	1
2186250	1
2186266	1
2186277	1
2186294	1
2186334	1
2186403	1
2186424	1
2186436	1
2186519	1
2186522	1
2186590	1
2186688	1
2186704	1
2186718	1
2186779	1
2186841	1
2186942	1
2186983	1
2187157	1
2187196	1
2187222	1
2187263	1
2187316	1
2187406	1
2187420	1
2187459	1
2187543	1
2187582	1
2187594	1
2187687	1
2187775	1
2187937	1
2187953	1
2188023	1
2188057	2
2188085	1
2188113	1
2188134	1
2188145	1
2188378	1
2188442	1
2188460	1
2188497	1
2188524	1
2188569	1
2188572	1
2188639	1
2188753	1
2188798	1
2188892	1
2188900	1
2188917	1
2189011	1
2189025	1
2189042	1
2189074	1
2189139	1
2189166	1
2189177	1
2189226	1
2189232	1
2189306	1
2189314	1
2189388	1
2189479	1
2189529	1
2189586	1
2189748	1
2189772	1
2189787	1
2189835	1
2189854	1
2189863	1
2189890	1
2189930	1
2190149	1
2190213	1
2190245	1
2190350	1
2190366	1
2190394	1
2190441	1
2190607	1
2190619	1
2190681	1
2190931	1
2190996	1
2191011	1
2191056	1
2191097	1
2191121	1
2191150	1
2191226	1
2191306	1
2191418	1
2191505	1
2191529	1
2191628	1
2191652	1
2191680	1
2191846	1
2191878	1
2191890	1
2192066	1
2192160	1
2192206	1
2192233	1
2192247	1
2192358	1
2192375	1
2192393	1
2192490	1
2192534	1
2192599	1
2192749	1
2192768	1
2192784	1
2192795	1
2192840	1
2192903	1
2193063	1
2193112	1
2193137	1
2193210	1
2193408	1
2193415	1
2193421	1
2193568	2
2193595	1
2193609	1
2193683	1
2193826	1
2193965	1
2193992	1
2194016	1
2194068	1
2194095	1
2194126	1
2194215	1
2194239	1
2194250	1
2194277	1
2194282	1
2194301	1
2194403	1
2194424	1
2194448	1
2194563	1
2194659	1
2194688	1
2194785	1
2194837	1
2194942	1
2194997	1
2195018	1
2195101	1
2195113	1
2195268	1
2195378	1
2195409	1
2195438	1
2195442	1
2195460	1
2195524	2
2195608	1
2195729	1
2195753	1
2195770	1
2195865	1
2196005	1
2196070	1
2196107	1
2196146	1
2196178	2
2196190	1
2196257	1
2196262	1
2196310	1
2196336	1
2196355	1
2196369	1
2196372	1
2196444	1
2196458	1
2196475	1
2196630	1
2196651	1
2196668	1
2196695	1
2196706	1
2196759	1
2196866	1
2196877	1
2196882	1
2196952	1
2197055	1
2197106	1
2197171	1
2197211	1
2197238	1
2197283	1
2197531	1
2197540	1
2197579	1
2197596	1
2197617	1
2197908	1
2197921	1
2197950	1
2197982	1
2198088	1
2198212	1
2198264	1
2198338	1
2198476	1
2198526	1
2198561	1
2198593	1
2198657	1
2198662	1
2198794	1
2198802	1
2198884	1
2198919	1
2198990	1
2199099	1
2199179	1
2199185	1
2199278	1
2199290	1
2199302	1
2199327	1
2199447	1
2199550	1
2199594	1
2199842	1
2199860	1
2199941	1
2199986	1
2199998	1
2200107	1
2200119	1
2200218	1
2200231	1
2200240	2
2200324	1
2200355	1
2200461	1
2200542	1
2200560	1
2200627	1
2200630	2
2200651	1
2200668	1
2200673	1
2200788	2
2200808	1
2200815	1
2200877	1
2200901	1
2200928	1
2200934	1
2201110	1
2201169	1
2201191	1
2201298	1
2201309	1
2201342	1
2201445	1
2201526	1
2201561	1
2201589	1
2201604	1
2201657	1
2201685	1
2201721	1
2201794	1
2201802	1
2201827	1
2201873	1
2201884	1
2201907	1
2201919	1
2201935	1
2201946	1
2201954	1
2202010	1
2202024	1
2202055	1
2202147	1
2202274	1
2202283	1
2202329	1
2202398	1
2202484	1
2202504	1
2202596	1
2202689	1
2202754	1
2202834	1
2203002	1
2203030	1
2203051	1
2203068	1
2203208	1
2203243	1
2203352	1
2203376	1
2203436	1
2203448	1
2203546	1
2203614	1
2203633	1
2203718	1
2203723	1
2203757	1
2203779	1
2203785	1
2203841	1
2203870	1
2203898	1
2204035	1
2204291	1
2204304	1
2204323	1
2204340	1
2204385	1
2204502	1
2204527	1
2204551	1
2204611	1
2204638	1
2204660	1
2204697	1
2204752	1
2204767	1
2204906	1
2205028	1
2205067	1
2205099	1
2205207	1
2205222	1
2205278	1
2205281	1
2205351	1
2205414	1
2205648	2
2205726	1
2205732	1
2205789	1
2205809	1
2205825	1
2205912	1
2205953	1
2206058	1
2206093	1
2206195	1
2206245	1
2206321	1
2206350	1
2206382	1
2206437	2
2206486	1
2206663	1
2206709	1
2206711	1
2206725	1
2206760	1
2206774	1
2206824	1
2206918	1
2207015	1
2207077	1
2207094	1
2207138	1
2207220	1
2207361	1
2207422	1
2207490	1
2207670	1
2207749	1
2207751	1
2207831	1
2207879	1
2207991	1
2208177	1
2208194	1
2208359	1
2208423	1
2208496	1
2208553	1
2208634	1
2208667	1
2208676	1
2208787	1
2208791	2
2208819	1
2208835	1
2208854	1
2208968	1
2209096	1
2209227	1
2209307	1
2209569	1
2209591	1
2209608	1
2209615	1
2209682	1
2209705	1
2209737	1
2209786	1
2209847	2
2209871	1
2209888	1
2209900	1
2210021	1
2210082	1
2210094	1
2210156	1
2210247	1
2210259	1
2210271	1
2210300	1
2210326	1
2210361	1
2210375	1
2210389	1
2210435	1
2210463	1
2210513	1
2210528	1
2210534	1
2210686	1
2210768	1
2210823	1
2210955	1
2210969	1
2210991	1
2211095	1
2211100	1
2211189	1
2211239	1
2211250	1
2211376	1
2211380	1
2211436	2
2211487	1
2211491	1
2211507	1
2211519	1
2211614	1
2211762	1
2211853	2
2211925	1
2211938	1
2211956	1
2212089	1
2212173	1
2212405	1
2212437	1
2212506	1
2212514	1
2212571	1
2212622	1
2212635	1
2212654	1
2212690	1
2212725	1
2212774	1
2212904	1
2213005	1
2213064	1
2213146	1
2213163	1
2213218	1
2213285	2
2213296	1
2213417	1
2213493	1
2213538	1
2213583	1
2213627	1
2213630	2
2213706	1
2213714	1
2213720	1
2213788	1
2213839	1
2213843	1
2213901	1
2213913	1
2213934	1
2214009	1
2214042	1
2214083	1
2214108	1
2214121	1
2214150	1
2214166	1
2214200	1
2214289	1
2214404	1
2214440	1
2214529	1
2214553	1
2214598	1
2214601	1
2214634	1
2214676	1
2214680	1
2214699	1
2214787	1
2214822	1
2214863	1
2214927	1
2215114	1
2215171	1
2215192	1
2215364	1
2215473	1
2215523	1
2215531	1
2215626	1
2215632	1
2215689	1
2215719	1
2215722	1
2215763	1
2215813	1
2215845	1
2215876	1
2215880	1
2215915	1
2216019	1
2216022	1
2216046	1
2216105	1
2216186	1
2216210	1
2216287	1
2216291	1
2216331	1
2216340	1
2216385	1
2216450	1
2216530	1
2216551	1
2216573	1
2216595	1
2216656	1
2216674	1
2216745	1
2216780	1
2216858	1
2216959	1
2217004	2
2217023	1
2217040	1
2217085	1
2217152	1
2217307	2
2217363	1
2217390	1
2217409	1
2217411	1
2217497	1
2217639	1
2217712	1
2217753	1
2217798	1
2217926	1
2217944	1
2217961	1
2218104	1
2218131	1
2218222	1
2218254	1
2218263	1
2218281	1
2218327	2
2218368	1
2218373	1
2218384	1
2218420	1
2218465	1
2218471	1
2218691	1
2218700	1
2218717	1
2218726	1
2218825	1
2218856	1
2218860	1
2218986	1
2219088	1
2219237	1
2219298	1
2219325	1
2219342	1
2219374	1
2219434	1
2219480	1
2219589	1
2219662	1
2219750	1
2219777	1
2219794	1
2219946	1
2219954	1
2219981	1
2220009	1
2220042	1
2220074	2
2220139	1
2220143	1
2220166	1
2220200	1
2220258	1
2220293	1
2220418	1
2220496	1
2220512	1
2220598	1
2220703	1
2220724	1
2220736	1
2220787	1
2220822	1
2220846	1
2220902	1
2221072	1
2221114	1
2221120	1
2221171	1
2221297	1
2221312	1
2221329	1
2221370	1
2221386	1
2221402	1
2221427	1
2221430	1
2221451	1
2221504	1
2221531	1
2221658	1
2221661	1
2221675	1
2221707	1
2221754	1
2221763	1
2221950	1
2222071	1
2222148	1
2222270	1
2222342	2
2222445	1
2222452	1
2222500	1
2222517	1
2222575	1
2222604	1
2222618	1
2222685	1
2222743	1
2222782	1
2222873	1
2222884	1
2222895	1
2222946	1
2222963	1
2222978	2
2223001	1
2223052	1
2223080	1
2223104	1
2223162	1
2223179	1
2223196	1
2223290	1
2223349	1
2223471	1
2223539	1
2223624	1
2223648	1
2223732	1
2223758	1
2223761	1
2223937	1
2223953	1
2223998	1
2224008	1
2224138	1
2224156	1
2224160	1
2224183	1
2224271	1
2224326	1
2224361	1
2224422	1
2224446	1
2224481	1
2224513	1
2224534	1
2224567	1
2224599	1
2224664	1
2224749	1
2224751	1
2224773	1
2224804	1
2224840	1
2224896	1
2224936	1
2224972	1
2224987	1
2225030	1
2225095	1
2225117	1
2225126	1
2225161	1
2225208	1
2225301	1
2225313	1
2225376	1
2225436	1
2225455	1
2225546	1
2225578	1
2225671	1
2225731	1
2225740	1
2225886	1
2225911	1
2226031	1
2226057	1
2226199	1
2226227	1
2226230	1
2226307	1
2226381	1
2226411	1
2226503	1
2226536	1
2226548	1
2226608	1
2226753	1
2226770	1
2226786	1
2226798	1
2226806	1
2226847	1
2226900	1
2226917	1
2226975	1
2227054	2
2227078	1
2227081	1
2227153	2
2227210	1
2227272	1
2227318	1
2227357	1
2227379	1
2227415	1
2227443	1
2227477	1
2227527	1
2227595	1
2227656	1
2227728	1
2227767	1
2227817	1
2227858	1
2227861	1
2227914	1
2227920	1
2227947	1
2227971	1
2228005	1
2228053	1
2228064	1
2228107	1
2228204	1
2228279	1
2228303	1
2228400	1
2228417	1
2228493	1
2228556	1
2228574	1
2228616	1
2228630	1
2228651	1
2228684	1
2228695	2
2228747	1
2228882	1
2228999	1
2229044	1
2229151	1
2229173	1
2229184	1
2229245	1
2229377	1
2229405	1
2229635	1
2229681	1
2229711	1
2229957	1
2229979	1
2229996	1
2230076	1
2230099	1
2230207	1
2230235	1
2230278	1
2230349	1
2230384	1
2230433	1
2230471	1
2230521	1
2230577	1
2230582	1
2230603	1
2230610	1
2230732	1
2230761	1
2230789	1
2230838	1
2230883	1
2230929	1
2230937	1
2230941	1
2230970	1
2231000	1
2231058	1
2231075	1
2231151	1
2231168	1
2231184	1
2231195	1
2231201	1
2231343	1
2231453	1
2231464	1
2231486	1
2231622	1
2231725	1
2231848	1
2232027	1
2232051	1
2232100	1
2232161	1
2232208	1
2232215	1
2232239	1
2232243	1
2232376	1
2232410	1
2232519	1
2232522	1
2232535	1
2232546	1
2232563	1
2232606	1
2232614	1
2232620	1
2232692	1
2232779	1
2232785	1
2232837	1
2232898	1
2233024	1
2233036	1
2233069	1
2233091	1
2233209	1
2233225	1
2233283	1
2233305	1
2233341	1
2233398	1
2233430	1
2233518	1
2233540	1
2233626	1
2233661	1
2233754	1
2233880	1
2233921	1
2233994	1
2234031	1
2234057	1
2234145	1
2234199	1
2234202	1
2234249	1
2234268	1
2234273	1
2234322	1
2234335	1
2234354	1
2234411	1
2234438	1
2234456	1
2234510	1
2234536	1
2234572	1
2234741	1
2234753	1
2234833	1
2234859	1
2234888	1
2234900	1
2234926	1
2235053	1
2235064	1
2235285	1
2235296	1
2235336	1
2235400	1
2235493	1
2235556	1
2235560	1
2235583	1
2235649	1
2235668	1
2235792	1
2235808	1
2235901	1
2235945	1
2235952	1
2235999	1
2236006	1
2236065	1
2236071	1
2236088	1
2236092	1
2236124	1
2236169	1
2236298	1
2236325	1
2236413	1
2236480	1
2236500	1
2236593	1
2236623	1
2236657	1
2236685	1
2236777	1
2236827	1
2236873	1
2236935	1
2236946	1
2237025	1
2237261	1
2237314	1
2237371	1
2237392	1
2237462	1
2237537	1
2237613	1
2237628	1
2237680	1
2237881	1
2237968	1
2238015	1
2238066	1
2238094	1
2238109	1
2238111	1
2238183	1
2238419	1
2238501	1
2238545	1
2238670	1
2238702	1
2238716	1
2238773	1
2238795	1
2238804	1
2238840	1
2238857	1
2238862	1
2238987	1
2239078	1
2239081	1
2239112	1
2239198	1
2239210	1
2239269	1
2239318	1
2239466	1
2239527	1
2239530	1
2239549	1
2239595	1
2239683	1
2239728	1
2239832	1
2239893	1
2239920	1
2239971	1
2239992	1
2240144	1
2240161	1
2240266	1
2240313	1
2240334	1
2240367	1
2240448	1
2240472	1
2240491	1
2240546	1
2240581	1
2240614	1
2240620	1
2240633	1
2240647	1
2240718	1
2240762	1
2240853	1
2240911	1
2240925	1
2241018	1
2241062	1
2241085	1
2241113	1
2241128	1
2241145	1
2241152	1
2241227	1
2241230	1
2241319	1
2241378	1
2241442	1
2241483	1
2241621	1
2241677	1
2241958	1
2241975	1
2242080	1
2242099	1
2242222	1
2242316	1
2242327	1
2242330	1
2242349	1
2242351	1
2242368	1
2242373	1
2242420	1
2242447	1
2242471	1
2242492	1
2242550	2
2242669	1
2242700	1
2242726	1
2242732	2
2242860	1
2242874	1
2242986	1
2243110	1
2243212	1
2243253	1
2243360	1
2243401	1
2243499	1
2243500	1
2243631	1
2243696	1
2243721	1
2243766	1
2243919	1
2243946	1
2244026	1
2244075	1
2244213	1
2244228	1
2244276	1
2244280	1
2244339	1
2244377	1
2244429	1
2244437	1
2244498	1
2244533	1
2244571	1
2244592	1
2244738	1
2244797	1
2244855	1
2244872	1
2244887	1
2244904	1
2244979	1
2245025	1
2245074	1
2245115	1
2245177	1
2245306	1
2245423	1
2245586	1
2245601	1
2245652	1
2245667	1
2245769	1
2245772	1
2245787	1
2245807	1
2245822	1
2245835	1
2245854	1
2245878	1
2245881	1
2245916	1
2245968	1
2245984	1
2246036	1
2246192	1
2246242	1
2246297	1
2246305	1
2246402	1
2246473	1
2246523	1
2246557	1
2246596	1
2246600	1
2246658	2
2246675	1
2246707	1
2246801	1
2246813	1
2246880	1
2246950	1
2246966	1
2247029	1
2247041	1
2247086	1
2247154	2
2247190	1
2247204	1
2247303	1
2247310	2
2247538	1
2247574	1
2247651	1
2247668	1
2247714	1
2247808	1
2247850	1
2247980	1
2248019	1
2248022	1
2248046	1
2248112	1
2248164	1
2248248	1
2248385	1
2248421	1
2248450	1
2248477	1
2248660	1
2248674	1
2248701	1
2248800	1
2248861	1
2248959	1
2249094	1
2249344	1
2249375	1
2249393	1
2249454	1
2249513	1
2249552	1
2249641	1
2249653	1
2249749	2
2249936	1
2249991	1
2250020	1
2250229	1
2250264	1
2250338	2
2250360	1
2250401	1
2250413	1
2250499	1
2250631	1
2250640	1
2250782	1
2250919	1
2250935	1
2251160	2
2251183	1
2251271	1
2251332	1
2251361	1
2251407	1
2251545	1
2251576	1
2251599	1
2251653	1
2251686	1
2251727	1
2251730	1
2251751	1
2251795	1
2251831	1
2251862	1
2251955	1
2252025	1
2252060	1
2252083	1
2252115	1
2252150	1
2252182	1
2252226	1
2252275	1
2252289	1
2252537	1
2252553	1
2252736	1
2252807	1
2252846	1
2252878	1
2252881	1
2252890	1
2252973	1
2253004	1
2253031	1
2253040	1
2253085	1
2253128	1
2253152	1
2253180	1
2253230	1
2253268	1
2253295	1
2253322	1
2253354	1
2253425	1
2253456	1
2253483	1
2253524	1
2253536	1
2253555	1
2253608	1
2253615	1
2253705	1
2253737	1
2253814	1
2253833	1
2253865	1
2253892	1
2253900	1
2253926	1
2253932	1
2254003	1
2254048	1
2254072	1
2254133	1
2254329	1
2254341	1
2254386	1
2254468	1
2254473	1
2254585	1
2254626	1
2254644	1
2254689	1
2254693	1
2254813	2
2254852	1
2254915	1
2254950	1
2255153	1
2255198	1
2255236	1
2255255	1
2255287	1
2255357	1
2255408	1
2255415	1
2255482	1
2255530	1
2255573	1
2255609	1
2255611	1
2255683	1
2255728	1
2255799	1
2255800	1
2255817	1
2255844	1
2255889	1
2255893	1
2255906	1
2255959	1
2255971	1
2255988	1
2256013	1
2256076	1
2256162	1
2256351	1
2256420	1
2256488	1
2256603	1
2256624	1
2256775	1
2256793	1
2256811	1
2256856	1
2256883	1
2256905	1
2256941	1
2257002	1
2257016	1
2257132	1
2257193	1
2257208	1
2257221	1
2257282	1
2257345	1
2257487	1
2257546	1
2257563	1
2257633	1
2257718	1
2257723	1
2257829	1
2257837	1
2257864	1
2257909	1
2257925	1
2258000	1
2258026	1
2258089	1
2258127	1
2258168	1
2258213	1
2258245	1
2258276	1
2258280	1
2258339	1
2258366	1
2258382	1
2258394	1
2258429	1
2258437	1
2258441	1
2258453	1
2258470	1
2258533	1
2258565	1
2258635	1
2258681	1
2258711	1
2258725	1
2258783	1
2258848	1
2258869	1
2258891	1
2258904	1
2258918	1
2258985	1
2259012	1
2259279	1
2259336	1
2259400	1
2259417	1
2259556	1
2259583	1
2259684	1
2259695	1
2259706	1
2259733	1
2259747	1
2259901	1
2259934	1
2260040	1
2260085	1
2260096	1
2260128	1
2260273	2
2260381	1
2260390	1
2260442	1
2260572	1
2260591	1
2260666	1
2260705	1
2260798	1
2260932	1
2261064	1
2261107	1
2261122	1
2261178	1
2261181	1
2261285	1
2261336	1
2261355	1
2261391	1
2261426	1
2261511	1
2261651	1
2261714	1
2261771	1
2261792	1
2261913	1
2261928	1
2262054	1
2262063	1
2262129	1
2262141	1
2262203	1
2262331	1
2262385	1
2262396	1
2262482	1
2262516	1
2262573	1
2262595	2
2262656	1
2262914	1
2263050	1
2263094	1
2263111	1
2263174	1
2263214	1
2263300	1
2263317	1
2263344	1
2263375	1
2263463	1
2263545	1
2263831	1
2263885	1
2263936	1
2264001	1
2264104	1
2264290	1
2264316	1
2264349	1
2264395	1
2264406	1
2264465	1
2264508	1
2264636	1
2264691	1
2264700	1
2264726	1
2264761	1
2264775	1
2264838	1
2264842	1
2264856	1
2264874	1
2264897	1
2264912	1
2264929	1
2265075	1
2265127	1
2265245	1
2265276	1
2265339	1
2265343	1
2265394	1
2265520	1
2265559	1
2265571	1
2265592	1
2265619	1
2265803	1
2265855	1
2265872	1
2265962	1
2265996	1
2266108	1
2266182	1
2266232	1
2266293	1
2266320	1
2266388	2
2266392	1
2266404	1
2266418	1
2266496	1
2266628	1
2266667	1
2266769	1
2266854	1
2266916	1
2266949	1
2267033	1
2267155	1
2267212	1
2267286	1
2267356	1
2267360	2
2267397	1
2267401	1
2267499	1
2267500	1
2267532	1
2267593	1
2267604	1
2267618	1
2267657	1
2267679	1
2267696	1
2267739	1
2267794	1
2267873	1
2267884	1
2267922	1
2267935	1
2267954	1
2267963	1
2267990	1
2268048	1
2268188	1
2268256	1
2268341	1
2268430	1
2268531	1
2268540	1
2268600	1
2268644	1
2268661	1
2268707	1
2268790	1
2268845	1
2268950	1
2269095	1
2269117	1
2269132	1
2269144	1
2269175	1
2269189	1
2269215	2
2269221	1
2269250	1
2269436	1
2269455	1
2269472	1
2269487	1
2269633	1
2269671	1
2269704	1
2269740	1
2269812	1
2269841	1
2269853	1
2269898	1
2269925	1
2269960	1
2270171	1
2270211	1
2270242	1
2270256	1
2270353	1
2270451	1
2270504	1
2270600	1
2270632	1
2270707	1
2270722	1
2270834	1
2270876	1
2270915	1
2271078	1
2271090	1
2271112	1
2271137	1
2271203	1
2271236	1
2271357	1
2271466	1
2271527	1
2271530	1
2271595	1
2271638	1
2271767	1
2271861	1
2271875	1
2271889	1
2271914	1
2271920	1
2271988	1
2271992	1
2272012	1
2272098	1
2272122	1
2272178	1
2272190	1
2272204	1
2272257	1
2272296	1
2272444	1
2272597	1
2272668	1
2272673	1
2272839	1
2272850	1
2272894	1
2272928	1
2272999	1
2273000	1
2273149	1
2273195	1
2273315	1
2273321	1
2273350	1
2273405	1
2273429	1
2273453	1
2273498	1
2273619	1
2273663	1
2273690	1
2273810	1
2273891	1
2274006	1
2274110	1
2274148	1
2274212	1
2274286	1
2274311	1
2274401	1
2274413	1
2274517	2
2274526	1
2274561	1
2274589	1
2274696	1
2274739	1
2274743	1
2274830	1
2274851	1
2275015	1
2275066	1
2275077	1
2275082	1
2275160	2
2275317	1
2275407	1
2275435	2
2275576	1
2275580	1
2275605	2
2275698	1
2275716	1
2275831	1
2275896	1
2275903	1
2275948	1
2275972	1
2276027	2
2276068	1
2276073	1
2276175	1
2276189	1
2276193	1
2276208	1
2276294	1
2276313	1
2276472	1
2276535	1
2276578	1
2276606	1
2276659	1
2276692	1
2276757	1
2276796	1
2276805	1
2276837	1
2276853	1
2276942	1
2276956	1
2276974	1
2277104	1
2277118	2
2277179	1
2277207	1
2277281	1
2277302	1
2277373	1
2277384	1
2277447	1
2277471	1
2277687	1
2277793	1
2277809	1
2277856	1
2277860	1
2277905	1
2277929	1
2277937	1
2277970	1
2278004	1
2278018	1
2278040	1
2278199	1
2278202	1
2278216	1
2278284	1
2278381	1
2278442	1
2278536	1
2278705	1
2278833	1
2278892	1
2278900	1
2279009	1
2279011	1
2279025	1
2279108	1
2279121	1
2279226	2
2279320	1
2279404	1
2279462	1
2279479	1
2279512	1
2279645	1
2279676	1
2279680	2
2279772	1
2279807	1
2279819	1
2280102	1
2280151	1
2280245	1
2280315	1
2280382	1
2280405	1
2280412	1
2280498	1
2280514	1
2280533	1
2280547	1
2280565	1
2280592	1
2280607	1
2280622	1
2280635	1
2280678	1
2280783	1
2280824	1
2280872	1
2280887	1
2280923	1
2280940	1
2280957	1
2281011	1
2281083	1
2281166	1
2281226	1
2281289	1
2281293	1
2281388	1
2281392	1
2281431	1
2281440	1
2281485	1
2281529	1
2281586	1
2281667	1
2281902	2
2281927	1
2281949	1
2281973	1
2282008	1
2282094	1
2282109	1
2282138	1
2282233	1
2282259	1
2282344	1
2282361	1
2282389	1
2282422	1
2282490	1
2282545	1
2282612	1
2282629	1
2282637	1
2282670	1
2282857	1
2282948	1
2282972	1
2283019	1
2283090	1
2283112	1
2283248	1
2283477	1
2283516	1
2283527	1
2283642	1
2283745	1
2283752	1
2283780	1
2283920	1
2284030	1
2284221	1
2284243	1
2284266	1
2284334	1
2284376	1
2284491	1
2284519	1
2284554	1
2284785	1
2284938	1
2285062	1
2285101	1
2285134	1
2285176	1
2285199	1
2285227	1
2285268	1
2285295	1
2285322	1
2285474	1
2285650	1
2285682	1
2285705	1
2285871	1
2285900	1
2285944	1
2286037	1
2286053	1
2286086	1
2286107	1
2286223	2
2286257	1
2286262	1
2286279	1
2286310	1
2286417	1
2286426	1
2286489	1
2286493	1
2286509	1
2286597	1
2286616	1
2286627	1
2286630	1
2286695	1
2286733	1
2286759	1
2286771	1
2286788	1
2286913	1
2286980	1
2286999	2
2287133	1
2287209	1
2287211	1
2287364	1
2287370	1
2287386	1
2287451	1
2287523	1
2287600	1
2287644	1
2287658	1
2287689	1
2287722	1
2287746	1
2287763	1
2287801	1
2287834	1
2287852	2
2287939	1
2287950	1
2287982	1
2288020	1
2288047	1
2288088	1
2288124	1
2288237	1
2288270	1
2288374	1
2288467	1
2288499	1
2288500	1
2288517	1
2288589	1
2288623	1
2288631	1
2288657	1
2288679	1
2288685	1
2288696	1
2288743	1
2288777	1
2288816	1
2288873	1
2289034	1
2289104	1
2289207	1
2289219	1
2289278	1
2289290	1
2289302	1
2289373	1
2289414	1
2289420	1
2289433	1
2289515	1
2289521	1
2289550	1
2289594	1
2289669	1
2289726	1
2289744	1
2289775	1
2289838	1
2289856	1
2289860	1
2289897	1
2289905	1
2289941	1
2289998	1
2290019	1
2290022	1
2290137	1
2290236	1
2290362	1
2290443	1
2290530	1
2290609	1
2290642	1
2290674	1
2290728	1
2290780	1
2291140	1
2291157	2
2291281	1
2291302	1
2291330	1
2291447	1
2291488	1
2291521	2
2291539	1
2291636	1
2291758	1
2291789	1
2291811	1
2291970	1
2292134	1
2292251	1
2292268	1
2292354	1
2292591	1
2292621	1
2292820	1
2292892	1
2293056	1
2293232	1
2293275	1
2293306	1
2293314	1
2293404	1
2293418	1
2293479	1
2293529	1
2293598	1
2293634	1
2293645	1
2293667	1
2293819	1
2293890	1
2293949	1
2293984	1
2294064	1
2294098	1
2294154	2
2294178	1
2294240	1
2294417	1
2294432	1
2294461	1
2294511	2
2294583	1
2294649	1
2294673	1
2294747	1
2294792	1
2294839	1
2294934	2
2294952	1
2294980	1
2295065	1
2295103	1
2295110	1
2295172	1
2295264	1
2295325	1
2295360	1
2295383	1
2295452	1
2295500	1
2295532	1
2295589	1
2295623	1
2295640	1
2295657	1
2295802	1
2295827	1
2295830	1
2295907	1
2295990	1
2296094	1
2296125	1
2296156	2
2296247	1
2296265	1
2296271	1
2296300	1
2296463	1
2296481	1
2296490	1
2296534	1
2296664	1
2296862	1
2296910	1
2296972	1
2296991	2
2297102	1
2297228	1
2297245	1
2297267	1
2297276	1
2297366	1
2297394	1
2297405	1
2297437	1
2297464	1
2297486	1
2297506	1
2297559	1
2297607	1
2297619	1
2297760	1
2297774	1
2297810	1
2297848	1
2297923	1
2297957	1
2297962	1
2298016	1
2298175	1
2298221	1
2298250	1
2298352	1
2298376	1
2298410	1
2298436	1
2298472	1
2298522	1
2298554	1
2298620	1
2298671	1
2298796	1
2298837	1
2298841	1
2298898	1
2298909	1
2298974	1
2298997	1
2299238	1
2299256	1
2299260	1
2299312	1
2299341	2
2299364	1
2299386	1
2299398	1
2299468	1
2299473	1
2299523	1
2299562	1
2299579	1
2299661	1
2299675	1
2299707	1
2299778	1
2299781	1
2299828	1
2299921	1
2299982	1
2300062	1
2300085	1
2300113	1
2300319	1
2300335	1
2300483	1
2300497	1
2300503	1
2300572	1
2300587	1
2300608	1
2300639	1
2300643	1
2300677	1
2300741	1
2300833	1
2300847	1
2300865	1
2301053	1
2301122	1
2301181	1
2301190	1
2301218	1
2301231	1
2301262	1
2301279	1
2301285	1
2301348	1
2301432	1
2301444	1
2301511	1
2301602	1
2301627	1
2301759	1
2301792	1
2301808	1
2301934	1
2301980	1
2302019	1
2302022	1
2302164	1
2302269	1
2302287	1
2302304	1
2302362	1
2302568	2
2302573	1
2302609	1
2302625	1
2302745	1
2302752	1
2302914	1
2302947	1
2303043	1
2303050	1
2303156	1
2303183	1
2303271	1
2303300	1
2303344	1
2303407	1
2303435	1
2303481	1
2303576	1
2303605	1
2303686	1
2303795	1
2303818	1
2303879	1
2304045	1
2304080	1
2304104	1
2304157	1
2304196	1
2304246	1
2304349	1
2304636	1
2304691	1
2304793	1
2304838	1
2304937	1
2304953	1
2304970	1
2304998	1
2305000	1
2305075	1
2305116	1
2305168	1
2305173	1
2305321	1
2305339	1
2305486	1
2305520	1
2305738	1
2305756	1
2305836	1
2305848	1
2305855	1
2305872	1
2305923	1
2305940	1
2305996	1
2306083	1
2306306	1
2306320	1
2306485	1
2306541	1
2306598	1
2306645	1
2306652	1
2306819	1
2306916	1
2306927	1
2306973	1
2307014	1
2307237	1
2307241	1
2307264	1
2307270	1
2307356	1
2307480	2
2307500	1
2307561	1
2307593	1
2307623	1
2307849	1
2307907	1
2308024	1
2308036	1
2308069	1
2308106	1
2308192	1
2308209	1
2308256	1
2308305	1
2308402	1
2308504	1
2308585	1
2308644	1
2308661	1
2308675	1
2308722	1
2308746	1
2308781	1
2308801	1
2308845	1
2308852	1
2308876	1
2308921	1
2309161	1
2309215	1
2309243	1
2309266	1
2309448	1
2309491	1
2309581	1
2309590	1
2309606	1
2309665	1
2309671	1
2309723	1
2309841	1
2309886	1
2309925	1
2309960	1
2310006	1
2310014	1
2310059	2
2310103	1
2310172	1
2310241	1
2310270	1
2310467	1
2310544	1
2310593	1
2310618	1
2310631	1
2310721	1
2310750	1
2310851	1
2310935	1
2310990	1
2311050	1
2311066	1
2311077	1
2311174	1
2311220	1
2311271	1
2311292	1
2311332	1
2311358	1
2311653	1
2311670	1
2311698	1
2311716	1
2311730	1
2311804	1
2311823	1
2311831	1
2311840	1
2311857	1
2311896	1
2311948	1
2312011	1
2312038	1
2312074	1
2312108	1
2312166	1
2312182	1
2312232	1
2312275	1
2312293	1
2312306	2
2312388	1
2312418	1
2312479	1
2312586	1
2312652	1
2312699	1
2312807	1
2312890	1
2312916	1
2312930	1
2312949	1
2312951	1
2312995	1
2313018	1
2313062	1
2313101	1
2313128	1
2313167	1
2313199	1
2313249	1
2313307	1
2313319	1
2313381	1
2313456	1
2313497	2
2313524	1
2313536	1
2313555	1
2313639	1
2313643	1
2313770	1
2313820	1
2313833	1
2313847	1
2313917	1
2313932	1
2314114	1
2314133	1
2314209	1
2314238	1
2314274	1
2314283	1
2314386	1
2314402	1
2314427	1
2314518	1
2314540	1
2314562	2
2314617	1
2314845	1
2314899	1
2314939	1
2314950	1
2314966	1
2315035	1
2315054	1
2315063	1
2315186	1
2315269	1
2315318	1
2315408	1
2315450	1
2315477	1
2315609	2
2315713	1
2315861	1
2315933	1
2315959	1
2316045	1
2316076	1
2316123	1
2316131	1
2316140	1
2316278	1
2316384	1
2316459	1
2316543	1
2316582	1
2316636	1
2316669	1
2316811	1
2316874	1
2316964	1
2317016	1
2317132	1
2317277	1
2317410	1
2317647	1
2317688	1
2317731	1
2317762	1
2317829	1
2317837	1
2317925	1
2317960	1
2318000	1
2318102	1
2318201	1
2318245	1
2318267	1
2318299	1
2318377	1
2318429	1
2318453	1
2318520	1
2318592	1
2318646	1
2318678	1
2318725	1
2318760	1
2318810	1
2318869	1
2318891	1
2319107	1
2319154	1
2319336	2
2319417	1
2319458	1
2319475	1
2319489	1
2319493	1
2319509	1
2319511	1
2319574	1
2319627	1
2319733	1
2319792	1
2319843	1
2319901	1
2319967	1
2319976	1
2319999	1
2320072	1
2320091	1
2320242	1
2320337	1
2320341	1
2320449	1
2320484	1
2320585	1
2320617	1
2320626	1
2320746	1
2320834	1
2321007	1
2321090	1
2321105	1
2321129	1
2321141	1
2321198	1
2321224	2
2321323	1
2321385	1
2321396	1
2321439	1
2321466	1
2321494	1
2321642	1
2321780	1
2321858	1
2321914	1
2321920	1
2322037	1
2322053	1
2322146	1
2322178	1
2322257	1
2322310	1
2322417	1
2322426	1
2322458	1
2322509	1
2322511	1
2322583	1
2322597	1
2322651	1
2322684	1
2322808	1
2322945	1
2322999	1
2323044	1
2323061	1
2323093	1
2323102	1
2323151	1
2323213	1
2323234	1
2323299	1
2323308	2
2323321	1
2323453	1
2323464	1
2323486	1
2323559	1
2323565	1
2323663	1
2323681	1
2323709	1
2324136	1
2324148	1
2324229	1
2324241	1
2324270	1
2324452	1
2324480	1
2324532	1
2324544	1
2324575	1
2324631	1
2324640	1
2324685	1
2324777	1
2324802	1
2324849	1
2324978	1
2325039	1
2325214	1
2325247	1
2325259	1
2325271	1
2325344	2
2325407	1
2325422	1
2325435	1
2325446	1
2325463	1
2325481	1
2325501	1
2325534	1
2325552	1
2325823	1
2325896	1
2325987	1
2326027	1
2326030	1
2326100	1
2326239	1
2326277	1
2326282	1
2326301	1
2326455	1
2326535	1
2326563	1
2326578	1
2326590	1
2326659	1
2326812	1
2326853	1
2326898	1
2326942	1
2326956	1
2327052	1
2327067	1
2327104	1
2327219	1
2327222	1
2327465	1
2327521	1
2327550	1
2327672	1
2327717	1
2327732	1
2327744	1
2327809	1
2327842	1
2327897	1
2327937	1
2327941	1
2327964	1
2327970	1
2327998	1
2328040	1
2328057	1
2328085	1
2328167	1
2328176	1
2328202	1
2328295	1
2328319	1
2328510	1
2328643	1
2328677	1
2328682	1
2328694	1
2328705	1
2328712	1
2328729	1
2328741	1
2328806	1
2328833	1
2328847	1
2328900	1
2328944	1
2328958	1
2329009	1
2329042	1
2329115	1
2329217	1
2329232	1
2329275	1
2329404	1
2329512	1
2329598	1
2329601	1
2329634	1
2329748	1
2329787	1
2329807	1
2329822	1
2329927	1
2329930	1
2329951	1
2330058	1
2330102	1
2330280	1
2330343	1
2330453	1
2330635	1
2330681	1
2330690	1
2330756	1
2330803	1
2330848	1
2330904	1
2330923	1
2330940	1
2330957	1
2331038	2
2331097	1
2331166	1
2331200	1
2331217	1
2331258	1
2331359	1
2331388	1
2331529	1
2331553	1
2331613	1
2331710	1
2331724	1
2331755	1
2331819	1
2331835	1
2331881	1
2332021	1
2332043	1
2332094	1
2332109	1
2332160	1
2332174	1
2332214	1
2332233	1
2332300	1
2332317	1
2332344	1
2332375	1
2332552	1
2332580	1
2332637	1
2332653	1
2332698	1
2332727	2
2332751	1
2332840	1
2332857	1
2332885	1
2332969	1
2332972	1
2333164	1
2333203	1
2333255	1
2333340	1
2333357	1
2333439	1
2333551	1
2333767	1
2333875	1
2333933	1
2333959	1
2333965	1
2334016	1
2334068	1
2334189	1
2334193	1
2334301	1
2334313	1
2334380	1
2334410	1
2334469	1
2334507	1
2334535	1
2334606	1
2334647	1
2335004	1
2335031	1
2335101	1
2335152	1
2335268	1
2335273	1
2335335	1
2335354	2
2335438	1
2335503	1
2335650	1
2335753	1
2335770	1
2335786	1
2335871	1
2335900	1
2335926	1
2335989	1
2336154	1
2336336	1
2336387	2
2336489	1
2336583	1
2336616	1
2336627	1
2336649	1
2336714	1
2336733	1
2336765	1
2336771	1
2336850	2
2336913	1
2336945	1
2336967	1
2337036	1
2337091	1
2337133	1
2337147	1
2337188	2
2337211	1
2337256	1
2337274	1
2337341	1
2337451	1
2337523	1
2337531	1
2337579	1
2337596	1
2337617	1
2337632	1
2337675	1
2337693	1
2337719	1
2337908	1
2337977	1
2338092	1
2338309	1
2338338	1
2338360	1
2338452	1
2338476	1
2338500	1
2338526	1
2338544	1
2338558	1
2338618	1
2338935	1
2338981	1
2339001	1
2339028	1
2339076	1
2339104	1
2339118	1
2339162	1
2339196	1
2339222	1
2339246	1
2339278	1
2339349	1
2339406	1
2339433	1
2339447	1
2339515	1
2339521	1
2339550	1
2339624	1
2339691	1
2339883	1
2339937	1
2339970	1
2340039	1
2340077	1
2340160	1
2340206	1
2340214	1
2340259	1
2340358	1
2340375	1
2340463	1
2340478	1
2340501	1
2340552	1
2340599	1
2340612	1
2340637	1
2340641	1
2340896	1
2340936	1
2341051	1
2341068	1
2341126	1
2341144	1
2341239	2
2341334	1
2341410	1
2341491	1
2341633	1
2341688	1
2341785	1
2341841	1
2341864	1
2341886	1
2341898	1
2341956	1
2341960	1
2342044	1
2342149	1
2342228	1
2342252	1
2342350	1
2342366	1
2342405	1
2342412	1
2342453	1
2342464	1
2342514	1
2342559	1
2342565	1
2342588	1
2342592	1
2342622	1
2342654	1
2342803	1
2342848	2
2342904	1
2342940	1
2342985	1
2342996	1
2343005	1
2343012	1
2343053	1
2343218	1
2343310	1
2343372	1
2343444	1
2343493	1
2343560	1
2343583	1
2343630	1
2343684	1
2343815	1
2343913	1
2343928	1
2343945	1
2344025	1
2344038	1
2344074	1
2344097	1
2344108	1
2344244	1
2344333	1
2344457	1
2344485	1
2344601	1
2344724	1
2344748	1
2344769	1
2344822	1
2344878	1
2344902	1
2344930	1
2345165	1
2345225	1
2345297	1
2345329	1
2345337	1
2345402	1
2345416	1
2345449	1
2345451	1
2345658	1
2345899	1
2345939	1
2345994	1
2346081	1
2346236	1
2346248	1
2346415	2
2346477	1
2346482	1
2346494	1
2346516	1
2346573	1
2346638	1
2346701	1
2346745	2
2346752	1
2346776	1
2346893	1
2346933	1
2346971	1
2346992	1
2347004	1
2347018	1
2347152	1
2347295	1
2347483	1
2347643	1
2347682	1
2347694	1
2347764	1
2347814	1
2347820	1
2348001	1
2348052	1
2348076	1
2348140	1
2348281	1
2348290	1
2348316	1
2348414	1
2348433	1
2348471	1
2348515	1
2348521	2
2348594	1
2348636	1
2348717	1
2348726	1
2348775	1
2349059	1
2349071	1
2349092	1
2349148	1
2349172	1
2349212	1
2349253	1
2349311	1
2349480	1
2349593	1
2349623	1
2349631	1
2349657	1
2349743	2
2349963	1
2350005	1
2350012	1
2350029	1
2350037	1
2350146	1
2350348	1
2350387	1
2350538	1
2350542	1
2350630	1
2350720	1
2350747	1
2350765	1
2350771	1
2350808	1
2351059	1
2351065	1
2351088	1
2351155	1
2351172	1
2351187	1
2351253	1
2351325	1
2351338	1
2351360	1
2351374	1
2351476	1
2351593	1
2351715	1
2351743	1
2351802	1
2351827	1
2351868	1
2352055	1
2352133	1
2352147	1
2352165	1
2352171	1
2352256	1
2352305	1
2352341	1
2352353	1
2352364	1
2352398	1
2352468	1
2352518	1
2352540	1
2352626	1
2352834	1
2352867	1
2352908	1
2352939	1
2352982	1
2353002	1
2353030	1
2353144	1
2353161	1
2353193	1
2353277	1
2353282	1
2353294	1
2353301	1
2353313	1
2353380	1
2353424	1
2353469	1
2353487	1
2353522	1
2353546	1
2353581	1
2353704	1
2353723	1
2353785	1
2353796	1
2353864	1
2353886	1
2353898	1
2353983	1
2354046	1
2354054	1
2354081	1
2354129	1
2354141	1
2354236	1
2354291	1
2354318	1
2354385	1
2354415	1
2354439	1
2354527	1
2354584	1
2354638	1
2354713	1
2354776	1
2354844	1
2354861	1
2354875	1
2354893	1
2354906	1
2354920	1
2355157	1
2355162	1
2355179	1
2355281	1
2355327	1
2355420	1
2355447	1
2355471	1
2355543	1
2355669	1
2355811	1
2355856	1
2356000	1
2356017	1
2356130	1
2356195	1
2356234	1
2356252	1
2356267	1
2356299	1
2356308	1
2356343	1
2356437	1
2356453	1
2356588	1
2356619	1
2356646	1
2356663	1
2356711	1
2356742	1
2356760	1
2356957	1
2357233	1
2357407	1
2357454	1
2357478	1
2357513	1
2357534	1
2357567	1
2357576	1
2357605	1
2357670	1
2357686	1
2357840	1
2357910	1
2357924	1
2357955	1
2357969	1
2357987	1
2358009	1
2358025	1
2358060	1
2358166	1
2358177	1
2358182	1
2358275	1
2358320	1
2358388	1
2358431	1
2358440	1
2358462	1
2358541	1
2358601	1
2358710	1
2358787	1
2358807	1
2358819	1
2358890	1
2358902	1
2358951	1
2359085	1
2359145	1
2359167	1
2359199	1
2359216	1
2359227	1
2359230	1
2359335	1
2359438	1
2359460	1
2359639	1
2359682	1
2359753	1
2359764	2
2359770	2
2359806	1
2359865	1
2359917	1
2359961	1
2359989	1
2360049	1
2360073	1
2360132	1
2360144	1
2360215	1
2360239	1
2360250	1
2360282	1
2360469	1
2360472	1
2360487	1
2360491	1
2360620	1
2360692	1
2360723	1
2360757	1
2360829	1
2360841	1
2360864	1
2360898	1
2360909	1
2360938	1
2361031	1
2361085	1
2361096	1
2361167	1
2361202	1
2361273	1
2361284	1
2361319	1
2361335	1
2361409	1
2361474	1
2361497	1
2361572	1
2361615	1
2361786	1
2361820	1
2361859	1
2361892	1
2361958	1
2361989	1
2362013	1
2362045	1
2362118	1
2362140	1
2362162	1
2362179	1
2362281	1
2362290	1
2362414	1
2362521	1
2362603	1
2362691	1
2362700	1
2362793	1
2363033	1
2363047	1
2363205	1
2363237	1
2363428	1
2363434	1
2363467	1
2363517	2
2363526	1
2363623	1
2363631	1
2363662	1
2363708	1
2363721	1
2363739	1
2363750	1
2363794	1
2363802	1
2363827	1
2363873	1
2363935	1
2363978	1
2363981	1
2364127	1
2364195	1
2364276	1
2364350	1
2364412	1
2364514	1
2364520	1
2364533	1
2364571	1
2364619	1
2364681	1
2364711	1
2364725	1
2364742	1
2364774	1
2364836	1
2364872	1
2364918	2
2364923	1
2364979	1
2365042	1
2365056	1
2365217	1
2365232	1
2365258	1
2365275	1
2365306	2
2365333	1
2365388	1
2365440	1
2365601	1
2365680	1
2365710	1
2365724	1
2365736	1
2365787	1
2365807	1
2365819	1
2365822	1
2365878	1
2365881	1
2365890	1
2365984	1
2366010	1
2366069	1
2366188	1
2366225	1
2366341	1
2366402	1
2366484	1
2366531	1
2366540	2
2366579	1
2366585	1
2366600	1
2366661	1
2366693	1
2366867	1
2366908	1
2367041	1
2367064	1
2367086	1
2367119	1
2367204	1
2367231	1
2367279	1
2367303	1
2367372	1
2367509	1
2367511	1
2367542	1
2367560	1
2367597	1
2367616	1
2367651	2
2367668	1
2367673	1
2367684	1
2367747	1
2367792	1
2367839	1
2367843	1
2367850	1
2367894	1
2367976	1
2367999	1
2368210	1
2368236	1
2368248	1
2368269	1
2368357	1
2368362	1
2368625	1
2368683	1
2368697	1
2368776	1
2368906	1
2368971	1
2369015	1
2369050	1
2369082	1
2369111	1
2369125	1
2369142	1
2369206	1
2369233	1
2369271	1
2369288	1
2369300	1
2369422	1
2369490	1
2369501	1
2369528	1
2369545	1
2369580	1
2369599	1
2369637	1
2369653	2
2369664	1
2369698	1
2369773	1
2369818	1
2369936	1
2369948	1
2369972	1
2370090	1
2370153	1
2370164	1
2370170	1
2370203	1
2370269	1
2370357	1
2370362	1
2370396	1
2370502	1
2370549	1
2370584	1
2370609	1
2370611	1
2370642	1
2370656	1
2370728	1
2370767	1
2370832	1
2370844	1
2370861	1
2370920	1
2370965	1
2370992	1
2371052	1
2371076	1
2371235	1
2371281	1
2371290	1
2371327	1
2371349	1
2371406	1
2371414	1
2371420	1
2371539	1
2371594	2
2371603	1
2371761	1
2371775	1
2371842	1
2372085	1
2372249	1
2372273	1
2372319	1
2372438	1
2372474	1
2372497	1
2372555	1
2372608	1
2372615	1
2372682	1
2372786	1
2372871	1
2372961	1
2372993	1
2373166	1
2373275	1
2373289	1
2373306	1
2373314	1
2373347	1
2373423	1
2373440	1
2373512	1
2373553	1
2373699	1
2373703	1
2373748	1
2373791	2
2373835	1
2373881	1
2373902	1
2373973	1
2374348	1
2374369	1
2374417	1
2374509	2
2374525	1
2374556	1
2374560	1
2374616	1
2374627	1
2374714	1
2374759	1
2374792	1
2374808	1
2374821	1
2374850	1
2374967	1
2375092	1
2375148	1
2375241	1
2375264	1
2375286	1
2375401	1
2375476	1
2375532	1
2375593	1
2375618	1
2375685	1
2375739	1
2375777	1
2375827	1
2375830	1
2375884	1
2376008	1
2376082	1
2376125	1
2376197	1
2376220	1
2376375	1
2376501	1
2376567	1
2376580	2
2376599	1
2376730	1
2376795	1
2376831	1
2376896	1
2376972	2
2377044	1
2377093	1
2377173	1
2377213	1
2377228	1
2377315	1
2377339	1
2377588	1
2377738	1
2377756	1
2377783	1
2377803	1
2377855	1
2377891	1
2377931	1
2377957	1
2378002	1
2378073	1
2378084	1
2378095	1
2378132	1
2378158	1
2378243	1
2378266	1
2378301	1
2378334	1
2378345	1
2378352	1
2378380	1
2378403	1
2378448	1
2378507	1
2378535	1
2378563	1
2378620	1
2378633	1
2378671	1
2378688	1
2378692	1
2378731	1
2378779	1
2378785	1
2378796	1
2378911	1
2378997	1
2379048	1
2379147	1
2379159	1
2379165	1
2379283	1
2379312	1
2379337	1
2379398	1
2379557	1
2379632	1
2379834	1
2379876	1
2379977	1
2379982	1
2380025	1
2380232	1
2380275	1
2380306	1
2380314	1
2380347	1
2380365	1
2380392	1
2380462	1
2380485	1
2380496	1
2380645	1
2380822	1
2380854	1
2380890	1
2380927	1
2380984	1
2381010	1
2381087	1
2381133	1
2381147	1
2381165	1
2381188	1
2381312	1
2381353	1
2381370	1
2381468	1
2381484	1
2381518	1
2381617	1
2381661	1
2381689	1
2381707	1
2381735	1
2381813	1
2381908	1
2381921	1
2381977	1
2382088	1
2382103	1
2382187	1
2382325	1
2382338	1
2382452	1
2382476	1
2382662	1
2382739	2
2382766	1
2382873	1
2382981	1
2383001	1
2383013	1
2383045	1
2383246	1
2383327	1
2383349	1
2383373	1
2383508	1
2383566	1
2383700	1
2383717	1
2383732	1
2383744	1
2383825	1
2383842	1
2384008	1
2384015	1
2384082	1
2384094	1
2384183	1
2384206	1
2384288	1
2384317	1
2384393	1
2384435	1
2384463	1
2384501	1
2384580	1
2384641	1
2384727	1
2384751	1
2384831	1
2384840	1
2384862	1
2384879	1
2384936	1
2384969	1
2385161	1
2385175	1
2385193	1
2385277	1
2385282	1
2385294	1
2385328	1
2385334	1
2385345	2
2385472	1
2385491	1
2385535	1
2385606	1
2385659	1
2385692	1
2385805	1
2385938	1
2385960	1
2385983	1
2385997	1
2386031	1
2386085	1
2386134	1
2386152	1
2386307	1
2386354	1
2386411	1
2386425	1
2386483	1
2386497	1
2386587	1
2386643	1
2386650	1
2386666	1
2386677	1
2386753	1
2386847	1
2387007	1
2387046	1
2387063	1
2387164	1
2387203	1
2387255	1
2387304	1
2387318	1
2387362	1
2387450	1
2387466	1
2387477	1
2387516	1
2387549	1
2387584	1
2387642	1
2387713	1
2387734	1
2387817	1
2387826	1
2387875	1
2387920	1
2387965	1
2388005	1
2388086	1
2388098	1
2388204	1
2388417	1
2388426	1
2388458	1
2388525	1
2388538	1
2388583	1
2388630	1
2388684	1
2388733	1
2388765	1
2388808	1
2388913	1
2388945	1
2388952	1
2388967	1
2388999	1
2389044	1
2389102	1
2389168	1
2389195	2
2389280	1
2389343	1
2389533	1
2389547	1
2389607	1
2389622	1
2389635	1
2389709	1
2389742	1
2389797	1
2389891	1
2389923	1
2389957	1
2390013	1
2390045	1
2390067	2
2390104	1
2390131	1
2390254	1
2390406	1
2390582	1
2390691	1
2390717	1
2390905	1
2391102	1
2391127	1
2391168	2
2391343	1
2391377	1
2391382	2
2391394	1
2391571	1
2391619	1
2391742	1
2391760	1
2391887	1
2391931	1
2391957	1
2391985	1
2392027	1
2392068	1
2392144	1
2392250	1
2392277	1
2392334	1
2392380	1
2392487	1
2392620	1
2392633	1
2392757	1
2392805	1
2392898	1
2393091	1
2393120	1
2393192	1
2393225	1
2393242	1
2393256	1
2393353	1
2393386	1
2393402	1
2393468	1
2393473	1
2393557	1
2393562	1
2393579	1
2393600	1
2393617	1
2393689	1
2393693	1
2393722	1
2393763	1
2394031	1
2394040	1
2394079	1
2394101	1
2394128	1
2394145	1
2394180	1
2394319	1
2394335	1
2394390	1
2394425	1
2394510	1
2394536	1
2394587	1
2394608	1
2394705	1
2394729	1
2394741	1
2394798	1
2394859	1
2394892	1
2394932	1
2395107	1
2395119	1
2395190	1
2395348	1
2395432	1
2395493	1
2395525	1
2395542	1
2395651	1
2395714	1
2395759	1
2395765	1
2395808	1
2395821	1
2395901	1
2395967	1
2396006	1
2396033	1
2396047	1
2396110	1
2396155	1
2396205	1
2396229	1
2396237	1
2396298	1
2396356	1
2396445	2
2396517	1
2396575	1
2396589	1
2396662	1
2396685	1
2396743	1
2396907	1
2396981	1
2397009	1
2397011	1
2397083	1
2397097	1
2397108	1
2397143	1
2397182	1
2397217	1
2397258	1
2397289	1
2397365	1
2397418	1
2397457	1
2397537	1
2397564	2
2397645	1
2397667	1
2397680	1
2397736	1
2397772	1
2397787	2
2397890	1
2397951	1
2398082	1
2398109	1
2398156	1
2398183	1
2398197	1
2398206	1
2398247	1
2398259	1
2398271	1
2398361	1
2398389	1
2398435	1
2398481	1
2398576	2
2398580	1
2398599	1
2398664	1
2398727	1
2398751	1
2398910	1
2399046	1
2399105	1
2399323	1
2399362	1
2399439	1
2399450	1
2399466	1
2399551	2
2399656	1
2399728	1
2399832	1
2399858	1
2399893	1
2399920	1
2399965	1
2399971	1
2399988	1
2400009	1
2400025	1
2400083	1
2400182	1
2400226	1
2400232	1
2400258	1
2400314	1
2400359	1
2400365	1
2400457	1
2400485	1
2400570	1
2400613	1
2400628	1
2400667	1
2400769	1
2400791	1
2400846	1
2400916	1
2400984	1
2401003	1
2401106	1
2401147	1
2401238	1
2401242	1
2401260	1
2401312	1
2401353	1
2401427	1
2401430	1
2401468	1
2401579	1
2401600	1
2401675	1
2401689	1
2401707	1
2401719	1
2401722	1
2401754	1
2401834	1
2401921	1
2401943	1
2402006	1
2402065	1
2402136	1
2402169	1
2402237	1
2402264	1
2402309	1
2402342	2
2402452	1
2402476	1
2402499	2
2402544	1
2402604	1
2402640	1
2402679	1
2402715	1
2402750	1
2402766	1
2402884	1
2402895	1
2402907	1
2402946	1
2403013	1
2403067	1
2403080	2
2403099	1
2403123	1
2403179	1
2403222	1
2403254	1
2403384	2
2403433	1
2403447	1
2403488	1
2403566	1
2403582	1
2403648	1
2403655	1
2403669	1
2403842	1
2403874	1
2404015	1
2404039	1
2404082	1
2404156	1
2404174	1
2404183	1
2404220	1
2404247	1
2404271	1
2404317	1
2404344	1
2404478	1
2404567	1
2404580	1
2404599	1
2404641	1
2404664	1
2404670	1
2404686	1
2404730	1
2404749	1
2404818	1
2404896	1
2404903	1
2405051	1
2405095	1
2405266	1
2405277	1
2405334	1
2405345	1
2405469	1
2405519	1
2405522	1
2405590	1
2405665	1
2405853	1
2405909	1
2405960	1
2405997	1
2406004	1
2406018	1
2406031	1
2406085	1
2406101	1
2406113	1
2406167	1
2406284	1
2406335	1
2406378	1
2406411	1
2406456	1
2406497	1
2406705	1
2406786	1
2406847	1
2406932	2
2406975	1
2407035	1
2407046	1
2407054	1
2407210	1
2407255	1
2407318	1
2407379	1
2407385	1
2407408	1
2407494	1
2407642	1
2407660	1
2407713	1
2407728	1
2407844	1
2407914	1
2407933	1
2407947	1
2408012	1
2408053	1
2408070	1
2408119	1
2408204	1
2408257	1
2408262	1
2408303	1
2408372	1
2408391	1
2408432	1
2408458	1
2408461	1
2408556	1
2408747	1
2408808	1
2408945	1
2408952	1
2408999	1
2409058	1
2409093	1
2409127	1
2409228	1
2409234	2
2409437	1
2409520	1
2409725	1
2409742	1
2409923	1
2409996	1
2410007	1
2410054	1
2410105	1
2410269	1
2410340	1
2410379	2
2410439	1
2410443	2
2410502	1
2410516	1
2410551	1
2410573	1
2410584	1
2410595	1
2410642	1
2410745	1
2410752	1
2410776	1
2410832	1
2410875	1
2410906	1
2411045	1
2411067	1
2411099	1
2411219	1
2411281	1
2411290	1
2411302	1
2411395	2
2411414	1
2411433	1
2411459	1
2411492	1
2411594	1
2411793	1
2411809	1
2411838	1
2411860	1
2411883	2
2411912	1
2412004	1
2412023	1
2412031	1
2412134	1
2412152	1
2412167	1
2412230	1
2412319	1
2412363	1
2412378	1
2412456	1
2412591	1
2412677	1
2412682	1
2412705	1
2412741	1
2412753	1
2412926	1
2413056	1
2413121	1
2413143	1
2413182	1
2413244	1
2413261	1
2413347	2
2413440	1
2413485	1
2413601	1
2413634	1
2413645	1
2413680	1
2413699	1
2413710	1
2413724	1
2413984	1
2413995	1
2414053	1
2414070	1
2414146	1
2414204	1
2414231	1
2414240	1
2414262	1
2414296	1
2414303	1
2414348	1
2414461	1
2414489	1
2414525	1
2414583	1
2414684	1
2414720	1
2414747	1
2414877	1
2414952	2
2415006	1
2415088	1
2415148	1
2415169	1
2415205	1
2415229	1
2415264	1
2415311	1
2415445	1
2415480	1
2415532	1
2415561	1
2415575	1
2415640	1
2415715	1
2415827	1
2415873	1
2415884	1
2415922	1
2415963	1
2416008	1
2416015	1
2416125	1
2416138	1
2416183	1
2416197	1
2416220	1
2416259	1
2416332	1
2416393	1
2416422	1
2416435	1
2416567	1
2416629	1
2416727	1
2416804	1
2416840	1
2416972	1
2417116	1
2417149	1
2417195	1
2417201	1
2417234	1
2417245	1
2417276	1
2417308	1
2417343	1
2417382	1
2417405	1
2417506	1
2417619	1
2417797	1
2417923	1
2418051	1
2418144	1
2418158	1
2418221	1
2418334	1
2418345	1
2418367	1
2418491	1
2418606	1
2418671	1
2418718	1
2418956	1
2418960	1
2418983	1
2419024	1
2419188	1
2419211	1
2419274	1
2419495	1
2419562	1
2419707	1
2419746	1
2419781	1
2419834	1
2419950	1
2420064	1
2420178	1
2420204	1
2420223	1
2420231	1
2420310	1
2420444	1
2420509	1
2420511	1
2420525	1
2420542	1
2420602	1
2420616	1
2420673	1
2420695	1
2420706	1
2420821	1
2420913	1
2420928	1
2421020	1
2421059	1
2421065	1
2421088	1
2421191	1
2421205	1
2421253	1
2421325	1
2421342	1
2421445	1
2421480	1
2421517	1
2421604	1
2421618	1
2421743	1
2421794	1
2421935	1
2422003	1
2422010	1
2422091	1
2422225	1
2422274	1
2422341	1
2422398	1
2422427	1
2422449	1
2422451	1
2422495	1
2422504	1
2422562	1
2422600	1
2422617	1
2422707	1
2422735	1
2422781	1
2422977	1
2422994	1
2423158	1
2423193	1
2423301	1
2423328	1
2423345	1
2423410	1
2423472	1
2423507	1
2423671	1
2423718	1
2423740	1
2423757	1
2423779	1
2423785	1
2423925	1
2423956	1
2424078	1
2424090	1
2424141	1
2424186	1
2424203	1
2424255	1
2424272	1
2424318	1
2424385	1
2424443	1
2424549	1
2424551	1
2424568	1
2424611	2
2424697	1
2424745	1
2424817	1
2424858	1
2424861	1
2424933	1
2425052	1
2425080	1
2425254	1
2425281	1
2425327	1
2425349	1
2425384	1
2425636	1
2425672	1
2425700	1
2425726	1
2425793	1
2425809	1
2425811	1
2425842	1
2425874	1
2426000	1
2426061	1
2426075	1
2426116	1
2426149	1
2426168	1
2426195	1
2426213	1
2426366	1
2426412	1
2426453	1
2426486	1
2426498	1
2426588	1
2426646	1
2426810	1
2426855	1
2426979	1
2427039	1
2427082	1
2427156	1
2427160	1
2427326	1
2427419	1
2427481	1
2427490	1
2427513	1
2427545	2
2427552	1
2427612	1
2427641	1
2427749	1
2427751	1
2427784	1
2427857	1
2427862	1
2427879	1
2427924	1
2427955	1
2427972	1
2428009	1
2428056	1
2428083	1
2428097	1
2428258	1
2428293	1
2428314	1
2428333	2
2428359	1
2428365	1
2428371	1
2428388	1
2428423	2
2428529	1
2428601	1
2428634	1
2428791	1
2428807	1
2428822	1
2428835	1
2428878	1
2428916	1
2428949	1
2428951	1
2428973	1
2429023	1
2429062	1
2429167	1
2429176	1
2429202	1
2429216	1
2429346	1
2429390	2
2429409	1
2429411	1
2429438	1
2429456	1
2429503	1
2429591	1
2429643	1
2429677	1
2429833	2
2429847	1
2429892	1
2429932	1
2429958	1
2430117	1
2430189	1
2430193	1
2430243	1
2430345	1
2430376	1
2430399	1
2430507	1
2430718	1
2430757	1
2430762	1
2430837	1
2430886	1
2430974	1
2431079	1
2431096	1
2431134	1
2431145	1
2431230	1
2431284	1
2431319	1
2431381	1
2431411	1
2431524	1
2431643	1
2431682	1
2431806	1
2431888	1
2431944	1
2432034	2
2432076	1
2432099	1
2432104	1
2432131	1
2432140	1
2432185	1
2432368	1
2432539	1
2432582	1
2432636	1
2432761	1
2432793	2
2432825	1
2432883	1
2432970	1
2432986	1
2433014	1
2433103	1
2433110	1
2433397	1
2433476	1
2433558	1
2433777	1
2433794	1
2433868	1
2433884	1
2433946	1
2434000	1
2434017	1
2434075	1
2434093	1
2434173	1
2434184	1
2434201	1
2434252	1
2434280	1
2434299	1
2434308	1
2434321	1
2434343	1
2434498	1
2434514	1
2434711	1
2434725	1
2434824	1
2435108	1
2435244	1
2435289	1
2435347	1
2435404	2
2435457	1
2435564	1
2435586	1
2435628	1
2435634	1
2435724	1
2435736	1
2435755	1
2435772	1
2435881	1
2435916	1
2435930	1
2435949	1
2435951	1
2435973	1
2436024	1
2436048	1
2436069	1
2436091	1
2436165	1
2436312	2
2436329	1
2436468	1
2436523	1
2436585	1
2436617	1
2436632	1
2436707	1
2436719	1
2436746	1
2436834	1
2436852	1
2436921	1
2436950	1
2436977	1
2437070	1
2437107	1
2437122	1
2437154	1
2437231	1
2437257	1
2437262	1
2437285	1
2437296	1
2437310	1
2437324	1
2437355	1
2437387	1
2437432	1
2437475	1
2437511	1
2437556	1
2437560	1
2437651	1
2437759	1
2437771	1
2437788	1
2437839	1
2437882	1
2437913	1
2437976	1
2438105	1
2438141	1
2438203	1
2438236	1
2438248	1
2438357	1
2438408	1
2438443	1
2438609	2
2438683	1
2438776	1
2438780	1
2438817	1
2438858	1
2438893	1
2438906	1
2438914	1
2438992	1
2439043	1
2439077	1
2439125	1
2439160	1
2439233	1
2439247	1
2439288	1
2439326	1
2439389	1
2439393	1
2439407	1
2439422	1
2439513	1
2439605	1
2439641	1
2439653	1
2439730	1
2439749	1
2439831	1
2439862	1
2439955	1
2440045	1
2440067	1
2440118	1
2440123	1
2440179	1
2440185	1
2440235	1
2440278	1
2440384	1
2440459	1
2440488	2
2440521	1
2440550	1
2440687	1
2440700	1
2440726	1
2440775	1
2440811	1
2440838	1
2440970	1
2441017	1
2441089	1
2441201	1
2441245	1
2441252	1
2441267	1
2441299	1
2441377	1
2441441	1
2441486	1
2441588	1
2441756	1
2441774	1
2441810	1
2441848	1
2441872	1
2441887	2
2441957	1
2442016	1
2442027	1
2442073	1
2442243	1
2442266	1
2442301	1
2442313	1
2442352	1
2442367	1
2442403	1
2442519	1
2442535	1
2442546	1
2442554	1
2442659	1
2442731	1
2442796	1
2442812	1
2442956	1
2442997	1
2443024	1
2443106	1
2443120	1
2443242	1
2443341	1
2443430	1
2443658	1
2443689	1
2443707	1
2443722	1
2443801	1
2443828	1
2443921	1
2443966	1
2443994	1
2444031	1
2444040	1
2444085	1
2444134	1
2444145	1
2444199	1
2444251	1
2444335	1
2444354	1
2444438	1
2444460	1
2444483	1
2444591	1
2444677	1
2444741	1
2444786	1
2444900	1
2444932	1
2444989	1
2445012	1
2445037	1
2445053	1
2445086	1
2445163	1
2445181	1
2445204	1
2445240	2
2445387	1
2445391	1
2445417	1
2445583	1
2445627	1
2445673	1
2445733	1
2445792	1
2445839	1
2445877	1
2445967	1
2445999	1
2446020	1
2446033	1
2446059	1
2446103	2
2446205	1
2446212	1
2446264	1
2446325	1
2446383	1
2446467	1
2446517	1
2446544	1
2446589	1
2446640	1
2446708	1
2446766	1
2446922	1
2446946	1
2446954	2
2446981	1
2447121	1
2447177	1
2447217	1
2447289	1
2447423	1
2447462	1
2447541	1
2447553	1
2447652	1
2447807	2
2447863	1
2447902	1
2447949	1
2448021	1
2448039	1
2448043	1
2448259	1
2448292	1
2448389	1
2448393	1
2448422	1
2448435	1
2448605	1
2448686	1
2448784	1
2448831	1
2448972	1
2449019	1
2449105	1
2449170	1
2449318	1
2449340	1
2449443	1
2449466	1
2449609	1
2449776	1
2449800	1
2449875	2
2449893	1
2450010	1
2450048	1
2450114	1
2450238	1
2450242	1
2450256	1
2450283	1
2450341	1
2450484	1
2450504	1
2450523	2
2450596	1
2450661	1
2450707	1
2450746	1
2450834	1
2450876	1
2451046	1
2451137	1
2451198	1
2451210	1
2451224	1
2451323	1
2451340	1
2451385	1
2451408	1
2451415	1
2451439	2
2451466	1
2451549	1
2451625	1
2451713	1
2451752	1
2451817	1
2451844	1
2451861	1
2451906	1
2451920	1
2451959	1
2452037	1
2452204	1
2452240	1
2452279	1
2452372	1
2452616	1
2452651	1
2452695	1
2452747	1
2452792	1
2452821	1
2452877	1
2452882	1
2452901	1
2453032	1
2453058	1
2453075	1
2453089	1
2453149	1
2453173	1
2453201	1
2453267	1
2453382	1
2453520	2
2453559	1
2453571	1
2453622	1
2453678	1
2453690	1
2453709	1
2453711	1
2453742	1
2453836	1
2453872	1
2453887	1
2453962	1
2454006	1
2454059	1
2454092	1
2454212	1
2454286	1
2454325	1
2454356	1
2454374	1
2454413	1
2454434	1
2454476	1
2454499	1
2454517	1
2454623	1
2454739	2
2454849	1
2454935	1
2455015	1
2455043	1
2455111	1
2455220	1
2455265	1
2455326	1
2455332	1
2455419	1
2455478	1
2455513	1
2455534	1
2455612	1
2455698	1
2455716	1
2455831	1
2455857	1
2455910	1
2455924	1
2456027	1
2456095	1
2456126	1
2456250	1
2456277	1
2456328	1
2456424	1
2456448	1
2456469	1
2456590	1
2456665	1
2456688	1
2456762	1
2456785	1
2456812	1
2456870	1
2456898	1
2456938	1
2457001	1
2457013	1
2457067	1
2457104	1
2457179	1
2457185	1
2457235	1
2457246	1
2457302	1
2457330	1
2457351	2
2457384	1
2457395	1
2457447	1
2457492	1
2457521	1
2457550	1
2457624	1
2457672	1
2457687	1
2457789	1
2457912	1
2457953	1
2457970	1
2458176	1
2458199	1
2458268	1
2458295	1
2458307	1
2458363	1
2458497	1
2458503	1
2458524	1
2458587	1
2458615	1
2458694	1
2458798	1
2458833	1
2458847	1
2458888	1
2458917	2
2458944	1
2458993	1
2459074	1
2459115	2
2459359	1
2459365	1
2459462	1
2459505	1
2459512	1
2459613	1
2459699	1
2459787	1
2459819	1
2459916	1
2459951	1
2460000	1
2460017	1
2460032	1
2460061	1
2460228	1
2460276	1
2460315	1
2460321	1
2460339	1
2460394	1
2460429	1
2460437	1
2460441	1
2460453	1
2460520	1
2460547	1
2460559	1
2460607	1
2460619	1
2460622	1
2460756	1
2460848	1
2460923	1
2460940	1
2461009	1
2461074	1
2461293	1
2461347	1
2461359	1
2461423	1
2461496	1
2461505	1
2461537	1
2461634	1
2461703	1
2461791	1
2461822	1
2461916	1
2461930	1
2462021	1
2462039	1
2462043	1
2462138	1
2462160	1
2462317	1
2462375	1
2462454	1
2462478	1
2462513	1
2462576	1
2462599	1
2462664	1
2462698	1
2462857	1
2462903	1
2463007	1
2463046	1
2463105	1
2463112	1
2463137	1
2463269	1
2463331	1
2463443	1
2463516	1
2463527	1
2463549	1
2463611	1
2463625	1
2463638	1
2463660	1
2463674	1
2463713	1
2463752	1
2463767	1
2463844	1
2463858	1
2463875	1
2463947	1
2463988	2
2464030	1
2464073	1
2464095	1
2464126	1
2464144	1
2464424	1
2464448	1
2464491	1
2464522	1
2464659	1
2464671	1
2464796	1
2464841	1
2464853	1
2464870	1
2464898	1
2464974	1
2464983	1
2464997	1
2465062	1
2465079	1
2465572	1
2465591	1
2465608	1
2465621	1
2465650	1
2465666	1
2465682	1
2465705	1
2465737	1
2465865	1
2465900	1
2465975	1
2465993	1
2466012	1
2466135	1
2466279	1
2466296	1
2466461	1
2466511	1
2466538	1
2466556	1
2466627	1
2466673	1
2466706	1
2466720	1
2466733	1
2466839	1
2466901	1
2466928	2
2466934	1
2466945	1
2467010	1
2467036	1
2467120	1
2467188	1
2467225	1
2467242	1
2467274	1
2467312	1
2467398	1
2467402	1
2467451	1
2467484	1
2467557	1
2467632	1
2467689	1
2467693	1
2467707	1
2467719	1
2467722	1
2467763	1
2467781	1
2467813	1
2467828	1
2467876	1
2467982	1
2468047	1
2468155	1
2468298	1
2468325	1
2468338	1
2468397	1
2468413	1
2468434	1
2468499	1
2468500	1
2468544	1
2468575	1
2468743	1
2468766	1
2468849	1
2468873	1
2468990	1
2469001	1
2469052	1
2469123	1
2469246	1
2469316	1
2469384	1
2469459	1
2469465	1
2469508	1
2469577	1
2469582	1
2469624	1
2469655	1
2469700	1
2469883	1
2469912	1
2470020	1
2470103	1
2470136	1
2470264	1
2470270	1
2470286	1
2470311	1
2470356	1
2470428	1
2470434	2
2470467	1
2470679	1
2470685	1
2470739	1
2470802	1
2470816	1
2470830	1
2470873	1
2470981	1
2471008	1
2471050	1
2471109	1
2471111	1
2471156	1
2471300	1
2471389	1
2471435	1
2471454	1
2471490	1
2471513	1
2471534	1
2471599	1
2471751	1
2471773	1
2471784	1
2471831	1
2471840	1
2471857	1
2471862	1
2471879	1
2471896	1
2471936	1
2471955	1
2472097	1
2472139	1
2472143	2
2472194	1
2472306	1
2472418	1
2472541	1
2472598	1
2472613	1
2472628	1
2472703	1
2472710	1
2472755	1
2472822	1
2472846	1
2473079	1
2473128	1
2473134	1
2473180	1
2473202	1
2473230	1
2473319	1
2473322	1
2473378	1
2473381	2
2473390	1
2473425	1
2473456	1
2473474	1
2473483	1
2473510	1
2473548	1
2473555	1
2473621	1
2473677	1
2473712	1
2473753	1
2473892	1
2473932	1
2473958	1
2473961	1
2473993	1
2474003	1
2474055	1
2474087	1
2474337	1
2474398	1
2474430	1
2474468	1
2474495	1
2474504	1
2474689	1
2474693	1
2474746	1
2474790	1
2474813	1
2474834	1
2474867	1
2474943	1
2474966	1
2474977	1
2475019	1
2475035	1
2475105	1
2475112	1
2475137	1
2475164	1
2475198	1
2475255	1
2475408	1
2475415	1
2475443	1
2475450	1
2475477	1
2475502	1
2475530	1
2475584	1
2475697	1
2475734	1
2475780	1
2475799	1
2475826	1
2475875	1
2475889	1
2476001	1
2476067	1
2476099	1
2476123	1
2476219	1
2476222	1
2476254	1
2476263	1
2476447	1
2476492	1
2476543	1
2476550	1
2476594	1
2476669	1
2476687	1
2476775	1
2476789	1
2476811	1
2476929	1
2477030	1
2477175	1
2477221	1
2477424	1
2477436	1
2477522	1
2477785	1
2477805	1
2477837	1
2477841	1
2477864	1
2477886	1
2477898	1
2477974	1
2478000	1
2478089	1
2478093	1
2478213	1
2478252	1
2478343	1
2478377	1
2478429	1
2478437	1
2478571	1
2478588	1
2478635	1
2478738	1
2478742	1
2478756	1
2478760	1
2478774	1
2478848	1
2479098	1
2479122	1
2479190	1
2479391	1
2479426	1
2479461	1
2479525	1
2479583	1
2479602	1
2479668	1
2479706	1
2479720	1
2479759	1
2479765	1
2479808	1
2479894	1
2479928	2
2479945	1
2479976	1
2480004	1
2480018	1
2480079	1
2480227	1
2480322	1
2480335	1
2480363	1
2480409	1
2480456	1
2480460	1
2480474	1
2480569	1
2480639	1
2480650	1
2480666	1
2480770	1
2480847	1
2480859	1
2480865	1
2480888	1
2480892	2
2481181	1
2481348	1
2481387	1
2481509	1
2481525	1
2481649	1
2481792	1
2481821	1
2481877	1
2481894	1
2481913	1
2481980	1
2482112	1
2482164	1
2482170	1
2482198	1
2482203	1
2482248	1
2482255	1
2482331	1
2482362	1
2482443	1
2482549	1
2482573	1
2482660	1
2482697	1
2482776	1
2482826	1
2482947	1
2483015	1
2483050	1
2483111	1
2483197	1
2483292	1
2483375	1
2483389	1
2483419	1
2483422	1
2483528	1
2483599	1
2483605	1
2483637	1
2483664	1
2483702	1
2483823	2
2483910	1
2483991	1
2484028	1
2484034	1
2484052	1
2484067	1
2484099	1
2484118	1
2484131	1
2484140	1
2484179	1
2484196	1
2484235	2
2484246	1
2484254	1
2484278	1
2484316	1
2484327	1
2484471	1
2484508	1
2484515	1
2484603	1
2484669	1
2484744	1
2484761	1
2484809	1
2484825	1
2484856	1
2485026	1
2485075	1
2485149	1
2485168	1
2485267	1
2485276	1
2485343	1
2485377	1
2485382	1
2485405	1
2485498	1
2485506	1
2485520	1
2485619	1
2485622	1
2485646	1
2485709	1
2485756	1
2485760	1
2485824	1
2485869	1
2485887	1
2485931	1
2485957	1
2485996	1
2486166	1
2486244	1
2486314	1
2486392	1
2486423	1
2486485	1
2486496	1
2486553	1
2486570	1
2486613	1
2486995	1
2487092	1
2487169	1
2487187	1
2487264	1
2487356	1
2487589	1
2487604	1
2487631	1
2487721	1
2487750	1
2487766	1
2487935	1
2487954	1
2487981	1
2488069	1
2488091	1
2488114	1
2488133	1
2488165	1
2488171	1
2488225	1
2488260	1
2488297	1
2488430	1
2488473	1
2488518	1
2488540	1
2488579	1
2488675	1
2488689	1
2488719	1
2488781	1
2488790	1
2488899	1
2488939	1
2488943	1
2488982	1
2488994	1
2489002	1
2489016	1
2489277	1
2489301	1
2489328	1
2489410	1
2489436	2
2489563	1
2489590	1
2489692	1
2489731	1
2489740	1
2489762	1
2489779	1
2489837	1
2489853	1
2489870	1
2489898	1
2489909	1
2489938	1
2489983	1
2490015	1
2490039	1
2490214	1
2490344	1
2490389	1
2490463	2
2490599	1
2490702	1
2490730	1
2490768	1
2490818	1
2490823	1
2490862	1
2490896	1
2490955	1
2491002	1
2491073	1
2491084	1
2491158	1
2491250	1
2491380	1
2491399	1
2491410	1
2491424	1
2491455	1
2491554	1
2491563	1
2491688	1
2491692	1
2491723	1
2491731	1
2491762	1
2491886	1
2491911	1
2491956	1
2492000	1
2492044	1
2492075	1
2492151	1
2492184	2
2492201	1
2492234	1
2492245	1
2492267	1
2492276	1
2492280	1
2492299	1
2492321	1
2492377	1
2492394	1
2492429	1
2492533	1
2492588	1
2492725	1
2492738	1
2492803	1
2492891	1
2492931	1
2492979	1
2493029	1
2493064	1
2493086	1
2493119	1
2493348	1
2493387	1
2493432	1
2493597	1
2493602	1
2493627	1
2493684	1
2493706	1
2493765	1
2493788	1
2493808	1
2493821	1
2493839	1
2493877	1
2493945	1
2493976	1
2493999	1
2494038	1
2494083	1
2494108	1
2494143	1
2494244	1
2494293	1
2494314	1
2494371	1
2494512	1
2494553	1
2494634	1
2494645	2
2494703	1
2494772	1
2494881	1
2494902	1
2494984	1
2495069	1
2495072	1
2495159	2
2495211	1
2495305	1
2495353	1
2495370	1
2495430	1
2495557	1
2495675	1
2495735	1
2495746	1
2495876	1
2495899	1
2496007	1
2496019	1
2496022	1
2496078	1
2496105	1
2496137	1
2496170	1
2496248	1
2496331	1
2496379	1
2496396	1
2496439	1
2496502	1
2496660	1
2496734	2
2496826	1
2496893	1
2496965	1
2496992	1
2497004	1
2497018	1
2497057	1
2497079	1
2497227	1
2497249	1
2497354	1
2497390	1
2497497	1
2497572	1
2497587	1
2497666	1
2497712	1
2497737	1
2497820	1
2497847	1
2497865	1
2497871	1
2497961	1
2497989	1
2498052	1
2498099	1
2498246	1
2498349	1
2498368	1
2498373	1
2498433	1
2498459	1
2498726	1
2498744	1
2498883	1
2498912	1
2498953	1
2499006	1
2499014	1
2499071	1
2499311	1
2499356	1
2499360	1
2499383	1
2499413	1
2499452	1
2499499	1
2499561	2
2499593	1
2499640	1
2499777	1
2499849	1
2499851	1
2499895	1
2499954	1
2499978	1
2499981	1
2499990	1
2500071	1
2500155	1
2500169	1
2500338	2
2500356	1
2500397	1
2500434	1
2500532	1
2500593	1
2500696	1
2500743	1
2500816	1
2500868	1
2500873	1
2500895	1
2500954	1
2500978	1
2500981	1
2501008	1
2501015	1
2501021	1
2501109	1
2501206	1
2501233	1
2501247	1
2501361	1
2501419	1
2501454	1
2501653	1
2501664	1
2501670	1
2501751	1
2501903	1
2501972	1
2501987	1
2502083	1
2502097	1
2502121	1
2502139	1
2502232	1
2502258	1
2502261	1
2502293	1
2502347	2
2502392	1
2502457	1
2502512	1
2502634	1
2502652	1
2502676	1
2502927	1
2502930	1
2502951	1
2503134	2
2503145	1
2503167	1
2503230	1
2503363	1
2503438	1
2503474	1
2503483	1
2503510	1
2503524	1
2503569	1
2503587	1
2503621	1
2503677	1
2503729	1
2503741	1
2503786	1
2503798	1
2503888	1
2503961	1
2504036	1
2504048	1
2504147	1
2504192	1
2504211	2
2504283	1
2504305	1
2504402	1
2504451	1
2504468	1
2504484	1
2504562	1
2504617	1
2504632	1
2504644	1
2504661	1
2504693	1
2504707	1
2504754	1
2504781	1
2504813	1
2504921	1
2505078	1
2505153	1
2505198	1
2505450	1
2505482	1
2505502	1
2505568	1
2505625	1
2505683	1
2505728	1
2505875	1
2505914	1
2505933	1
2505965	1
2505971	1
2505988	1
2506013	1
2506080	1
2506219	1
2506281	1
2506316	1
2506550	1
2506577	1
2506582	1
2506648	1
2506672	1
2506700	1
2506744	1
2506842	1
2506883	1
2506937	1
2507051	1
2507073	1
2507144	1
2507161	1
2507221	1
2507243	1
2507328	1
2507345	1
2507367	1
2507380	1
2507399	1
2507424	1
2507535	1
2507578	1
2507581	1
2507620	1
2507671	1
2507718	1
2507740	1
2507757	1
2507812	1
2507841	1
2507898	1
2507909	1
2507938	1
2508000	1
2508058	1
2508151	1
2508184	1
2508201	1
2508339	1
2508343	1
2508366	1
2508412	1
2508429	1
2508470	1
2508506	1
2508547	1
2508588	1
2508622	1
2508663	1
2508725	1
2508760	1
2508797	1
2508810	1
2508869	1
2509037	1
2509053	1
2509135	1
2509181	1
2509285	1
2509324	1
2509348	1
2509560	1
2509583	1
2509597	1
2509616	1
2509695	1
2509733	1
2509765	1
2509771	1
2509928	1
2509967	1
2509980	1
2510002	1
2510016	1
2510144	1
2510158	1
2510189	1
2510208	1
2510239	1
2510277	1
2510334	1
2510380	1
2510424	1
2510659	1
2510785	1
2510805	1
2510829	1
2510870	1
2510997	1
2511018	1
2511040	1
2511113	1
2511216	1
2511295	1
2511307	1
2511346	1
2511354	1
2511460	2
2511621	1
2511643	1
2511712	2
2511820	1
2511859	1
2511888	1
2511900	1
2511917	1
2511975	1
2512013	1
2512067	1
2512099	1
2512281	1
2512302	1
2512433	1
2512447	1
2512566	1
2512648	1
2512732	1
2512789	1
2512809	1
2512811	1
2512953	1
2513059	1
2513148	1
2513155	2
2513187	1
2513397	1
2513434	1
2513445	1
2513476	1
2513480	1
2513500	1
2513575	1
2513618	1
2513623	1
2513631	1
2513657	1
2513715	1
2513721	1
2513830	1
2513868	1
2513884	1
2513978	1
2513981	1
2514093	1
2514116	1
2514149	1
2514366	1
2514377	1
2514382	1
2514533	1
2514559	1
2514622	1
2514654	1
2514803	1
2514869	1
2514887	1
2514918	1
2514957	1
2514962	1
2514996	1
2515009	1
2515038	1
2515042	1
2515150	1
2515182	1
2515232	1
2515261	1
2515333	1
2515496	1
2515529	1
2515541	1
2515676	1
2515680	1
2515703	1
2515710	1
2515755	2
2515787	1
2515927	1
2515951	1
2515984	1
2516003	1
2516024	1
2516036	1
2516055	1
2516114	1
2516165	1
2516242	1
2516312	1
2516416	1
2516531	1
2516707	1
2516719	1
2516735	1
2516845	1
2516880	1
2516982	1
2516994	1
2517005	1
2517064	1
2517122	1
2517154	1
2517285	1
2517348	1
2517355	1
2517391	1
2517426	1
2517627	1
2517684	1
2517733	1
2517759	1
2517765	1
2517808	1
2517877	1
2517913	1
2517967	1
2518081	1
2518129	1
2518408	1
2518450	2
2518625	1
2518713	1
2518752	1
2518800	1
2518875	1
2518889	1
2519008	1
2519021	1
2519039	1
2519183	1
2519393	1
2519454	2
2519501	1
2519599	1
2519653	1
2519686	1
2519702	1
2519751	1
2519795	1
2519885	1
2519896	1
2520127	1
2520168	1
2520184	1
2520234	1
2520267	1
2520308	1
2520315	1
2520437	1
2520470	1
2520565	1
2520571	2
2520592	1
2520646	1
2520663	1
2520756	1
2520774	1
2520803	1
2520810	1
2520962	1
2520985	1
2521060	1
2521097	1
2521121	1
2521177	1
2521200	1
2521258	1
2521314	1
2521371	1
2521423	1
2521505	1
2521564	1
2521570	1
2521598	2
2521601	2
2521645	2
2521769	1
2521772	1
2521791	1
2521835	1
2521846	1
2521881	1
2521902	1
2521968	1
2522043	1
2522259	1
2522292	1
2522393	1
2522419	1
2522513	1
2522545	1
2522567	1
2522576	1
2522612	1
2522629	1
2522702	1
2522795	1
2522831	1
2522879	1
2523035	1
2523078	1
2523198	1
2523203	1
2523255	1
2523362	1
2523379	1
2523439	1
2523450	1
2523466	1
2523477	1
2523568	1
2523609	1
2523611	1
2523697	2
2523728	1
2523780	1
2523800	1
2523832	1
2523844	1
2523920	2
2523965	1
2524158	1
2524193	1
2524215	1
2524243	1
2524301	1
2524313	1
2524328	1
2524403	1
2524410	1
2524455	1
2524491	1
2524519	1
2524563	1
2524647	1
2524659	1
2524665	1
2524704	1
2524731	1
2524762	1
2524812	1
2524829	1
2524853	1
2524956	1
2524974	1
2525152	1
2525202	1
2525227	1
2525322	1
2525354	1
2525381	1
2525390	1
2525409	1
2525460	1
2525510	1
2525705	1
2525712	1
2525958	1
2526098	1
2526119	1
2526135	1
2526240	1
2526296	1
2526336	1
2526432	1
2526444	1
2526560	1
2526616	1
2526714	1
2526850	1
2526976	1
2527010	1
2527036	1
2527159	1
2527256	1
2527353	1
2527370	1
2527427	1
2527473	1
2527495	1
2527562	1
2527579	1
2527689	1
2527693	1
2527813	1
2527834	1
2527876	2
2527899	1
2527943	1
2527950	1
2528014	1
2528033	1
2528148	1
2528172	1
2528191	1
2528253	1
2528356	1
2528383	1
2528397	1
2528434	1
2528445	1
2528480	1
2528499	1
2528500	1
2528575	1
2528604	1
2528618	1
2528640	1
2528766	1
2528777	1
2528794	1
2528851	1
2528873	1
2528946	1
2528963	1
2528978	1
2528990	1
2529099	1
2529140	1
2529162	1
2529179	1
2529196	1
2529488	1
2529582	1
2529624	1
2529648	1
2529687	1
2529860	1
2529912	1
2530105	2
2530137	1
2530153	1
2530164	1
2530269	1
2530396	1
2530477	1
2530527	1
2530595	1
2530609	1
2530656	1
2530660	1
2530889	1
2530971	1
2530992	1
2531052	1
2531104	1
2531157	1
2531162	1
2531207	1
2531219	1
2531235	1
2531290	1
2531302	1
2531327	1
2531373	1
2531433	1
2531582	1
2531610	1
2531700	2
2531744	1
2531793	1
2531905	1
2532085	1
2532113	1
2532249	1
2532295	1
2532335	1
2532378	1
2532474	1
2532510	1
2532536	1
2532548	1
2532608	1
2532615	1
2532666	1
2532712	1
2532871	1
2532975	1
2533025	1
2533060	1
2533121	1
2533143	1
2533150	1
2533217	1
2533293	1
2533333	1
2533418	1
2533485	1
2533570	1
2533676	1
2533710	1
2533791	1
2533819	1
2533822	1
2533863	1
2533881	1
2533890	1
2533916	1
2533951	1
2534005	1
2534012	1
2534154	1
2534190	1
2534204	1
2534296	1
2534336	1
2534355	1
2534444	1
2534556	1
2534560	1
2534583	1
2534602	1
2534616	1
2534673	1
2534759	1
2534765	1
2534792	1
2534808	1
2534815	1
2534952	1
2535033	1
2535059	1
2535071	1
2535103	1
2535136	1
2535191	1
2535338	1
2535374	1
2535383	1
2535558	1
2535593	1
2535623	1
2535657	1
2535715	1
2535849	1
2535895	1
2535954	1
2536039	1
2536082	1
2536259	1
2536317	1
2536481	1
2536490	1
2536534	1
2536599	1
2536653	1
2536804	1
2536823	1
2536840	1
2536924	1
2536955	1
2537130	1
2537195	1
2537201	1
2537245	1
2537252	1
2537299	1
2537315	1
2537321	1
2537343	1
2537441	1
2537571	1
2537678	1
2537681	1
2537690	1
2537742	1
2537810	1
2537869	1
2537918	1
2537931	1
2538068	1
2538100	1
2538193	1
2538221	2
2538239	1
2538352	1
2538376	1
2538448	1
2538487	1
2538535	1
2538723	1
2538740	1
2538864	2
2538909	1
2538911	1
2538997	1
2539055	1
2539283	1
2539297	1
2539337	1
2539402	1
2539449	1
2539504	1
2539600	1
2539675	1
2539845	1
2539867	1
2539943	1
2539982	1
2539994	1
2540004	1
2540134	1
2540199	1
2540319	1
2540335	1
2540346	1
2540354	1
2540381	1
2540390	2
2540411	1
2540712	1
2540814	1
2540892	1
2540932	1
2540944	1
2540989	1
2541240	1
2541303	1
2541372	1
2541387	1
2541525	1
2541684	1
2541747	2
2541808	1
2541821	1
2541877	1
2541928	1
2541934	1
2542035	1
2542090	1
2542153	1
2542186	1
2542291	1
2542340	1
2542527	1
2542609	1
2542660	1
2542826	1
2542858	1
2542965	1
2542988	1
2543043	1
2543050	2
2543094	1
2543142	1
2543156	1
2543247	1
2543300	1
2543375	1
2543435	1
2543501	1
2543513	1
2543567	1
2543599	1
2543670	1
2543698	1
2543840	1
2543857	1
2543885	1
2543910	1
2544278	1
2544327	1
2544414	1
2544577	1
2544594	1
2544610	1
2544838	1
2544842	1
2544883	1
2544970	1
2545130	1
2545276	1
2545339	1
2545350	1
2545382	1
2545394	1
2545441	1
2545453	1
2545506	1
2545514	1
2545619	1
2545711	1
2545803	1
2545810	1
2545855	1
2545940	1
2545957	1
2546042	1
2546056	1
2546108	1
2546143	1
2546166	1
2546182	1
2546200	1
2546232	1
2546258	1
2546289	1
2546314	1
2546423	1
2546541	1
2546667	1
2546769	1
2546791	1
2546854	1
2546863	1
2546902	1
2546949	1
2547020	1
2547071	1
2547103	1
2547155	1
2547237	1
2547253	1
2547338	1
2547413	1
2547428	1
2547499	1
2547558	1
2547589	1
2547593	1
2547604	1
2547662	1
2547679	1
2547782	1
2547816	1
2547830	1
2547849	1
2547907	1
2547919	1
2547922	1
2547963	2
2548010	1
2548072	1
2548120	1
2548133	1
2548147	1
2548242	1
2548256	1
2548283	1
2548398	1
2548427	1
2548531	1
2548557	1
2548632	1
2548689	1
2548722	1
2548763	1
2548813	1
2548828	1
2548921	1
2549051	1
2549117	1
2549243	1
2549266	1
2549313	1
2549334	1
2549410	1
2549563	1
2549614	1
2549659	1
2549692	1
2549757	1
2549812	1
2549886	1
2549898	1
2549997	1
2550066	1
2550109	1
2550142	1
2550197	1
2550265	1
2550271	1
2550454	1
2550545	1
2550552	1
2550576	1
2550641	1
2550698	1
2550716	1
2550879	1
2550991	1
2551016	1
2551030	1
2551068	1
2551073	1
2551084	1
2551095	1
2551132	1
2551158	1
2551313	1
2551380	1
2551403	1
2551436	1
2551472	1
2551633	1
2551659	1
2551704	1
2551718	1
2551723	1
2551796	1
2551805	1
2551829	1
2551837	1
2551841	1
2552000	1
2552017	1
2552089	1
2552102	1
2552127	1
2552195	1
2552213	1
2552267	1
2552343	1
2552382	1
2552429	1
2552437	1
2552453	1
2552464	1
2552486	1
2552533	1
2552607	1
2552646	2
2552690	1
2552709	1
2552742	1
2552855	1
2552962	1
2553041	1
2553053	1
2553070	1
2553146	1
2553190	1
2553204	1
2553218	1
2553303	1
2553310	1
2553324	1
2553348	1
2553616	1
2553627	1
2553651	1
2553839	1
2553901	1
2553934	1
2554011	1
2554038	1
2554108	1
2554139	1
2554150	1
2554177	1
2554182	1
2554232	1
2554258	1
2554293	1
2554371	1
2554440	1
2554457	2
2554537	1
2554724	1
2554736	1
2554772	1
2554787	1
2554863	1
2555036	1
2555106	1
2555165	1
2555171	1
2555238	1
2555256	1
2555305	1
2555386	1
2555416	1
2555484	1
2555495	1
2555504	1
2555675	1
2555746	1
2555828	1
2555876	1
2556046	1
2556078	1
2556129	1
2556210	1
2556272	1
2556291	1
2556331	1
2556421	1
2556439	1
2556466	1
2556494	1
2556502	1
2556656	1
2556728	1
2556889	1
2557062	1
2557273	1
2557284	1
2557354	1
2557363	1
2557442	1
2557483	1
2557497	1
2557650	1
2557682	1
2557694	1
2557705	1
2557833	1
2557847	1
2557859	1
2557892	2
2557900	1
2557958	1
2557975	1
2558034	1
2558045	2
2558099	1
2558290	1
2558459	1
2558465	1
2558488	1
2558508	1
2558582	1
2558594	1
2558603	1
2558636	1
2558687	2
2558726	1
2558775	1
2558825	1
2558838	1
2558856	1
2558874	1
2558897	1
2559065	1
2559110	1
2559169	1
2559241	1
2559286	1
2559311	1
2559480	1
2559561	1
2559640	2
2559685	1
2559721	1
2559782	1
2559802	1
2559830	1
2559907	1
2559954	1
2560064	1
2560122	1
2560154	1
2560190	1
2560204	1
2560324	1
2560336	1
2560387	1
2560391	1
2560461	1
2560475	1
2560509	1
2560511	1
2560630	1
2560673	1
2560843	1
2560882	1
2560901	1
2560976	1
2561014	1
2561136	1
2561205	1
2561212	1
2561229	1
2561270	1
2561286	1
2561356	1
2561360	1
2561476	1
2561500	1
2561532	1
2561561	1
2561782	1
2561849	1
2561884	1
2561895	1
2561935	1
2561963	1
2561978	1
2562072	1
2562087	1
2562106	1
2562147	1
2562329	1
2562386	2
2562416	1
2562531	1
2562579	1
2562626	1
2562693	1
2562719	1
2562801	1
2562876	1
2562915	1
2562977	1
2563117	1
2563158	1
2563193	1
2563301	1
2563367	1
2563487	1
2563491	1
2563563	1
2563614	1
2563647	1
2563718	2
2563785	1
2563898	1
2563956	1
2564022	1
2564105	1
2564203	1
2564236	1
2564248	1
2564357	1
2564415	1
2564421	1
2564439	1
2564482	1
2564516	1
2564584	1
2564595	1
2564609	1
2564656	1
2564683	1
2564728	1
2564767	1
2564799	1
2564861	1
2564947	1
2565034	1
2565045	1
2565052	1
2565067	1
2565104	1
2565118	1
2565157	1
2565207	1
2565263	1
2565281	1
2565349	1
2565351	1
2565433	1
2565636	1
2565687	1
2565691	1
2565809	1
2565811	1
2566000	1
2566075	1
2566102	1
2566195	1
2566267	1
2566299	1
2566343	1
2566514	1
2566619	1
2566742	1
2566810	1
2566855	1
2566996	1
2567066	1
2567138	1
2567156	1
2567174	1
2567197	1
2567317	1
2567344	1
2567358	1
2567422	1
2567454	1
2567567	1
2567605	1
2567629	1
2567653	1
2567716	1
2567730	1
2567768	1
2567795	1
2567885	1
2567987	1
2568042	1
2568139	1
2568143	1
2568275	1
2568289	1
2568392	1
2568553	1
2568570	1
2568598	1
2568645	1
2568652	1
2568819	1
2568863	1
2568951	1
2568984	1
2569057	1
2569062	1
2569101	1
2569113	1
2569134	1
2569167	1
2569216	1
2569268	1
2569335	1
2569378	1
2569381	1
2569456	1
2569497	1
2569548	1
2569643	1
2569682	1
2569694	2
2569741	1
2569753	1
2569814	1
2569917	1
2569926	1
2569993	1
2570115	1
2570182	1
2570232	1
2570258	1
2570275	1
2570392	1
2570404	1
2570440	1
2570457	1
2570529	1
2570570	1
2570676	1
2570699	1
2570791	1
2570819	1
2570822	2
2570854	1
2570916	1
2570927	1
2570930	1
2570995	1
2571048	1
2571055	1
2571147	1
2571165	1
2571192	1
2571225	1
2571451	1
2571484	1
2571531	1
2571557	1
2571579	1
2571585	1
2571632	1
2571763	1
2571813	1
2571876	1
2571908	1
2571939	1
2572047	2
2572071	1
2572205	1
2572212	1
2572253	1
2572264	1
2572286	1
2572434	1
2572743	1
2572766	1
2572777	1
2572802	1
2572849	1
2572884	1
2572981	1
2573001	1
2573034	2
2573099	1
2573104	1
2573185	1
2573254	1
2573384	1
2573521	1
2573566	1
2573594	1
2573603	1
2573809	1
2573838	1
2573897	1
2573964	1
2574015	1
2574021	1
2574039	1
2574043	1
2574138	1
2574142	1
2574156	1
2574344	1
2574389	1
2574490	2
2574545	1
2574567	1
2574730	1
2574773	1
2574784	1
2574818	1
2574823	1
2574840	1
2574862	1
2574885	1
2574910	1
2574936	1
2575030	1
2575049	1
2575208	1
2575380	1
2575399	1
2575436	2
2575491	1
2575507	1
2575578	1
2575671	1
2575692	1
2575909	1
2575974	1
2575983	1
2576101	1
2576128	1
2576145	1
2576230	1
2576249	1
2576268	1
2576273	1
2576378	1
2576390	1
2576425	1
2576456	1
2576591	1
2576820	1
2576847	2
2576865	1
2577022	1
2577063	1
2577129	2
2577153	2
2577186	1
2577236	1
2577248	1
2577269	1
2577323	1
2577396	1
2577450	1
2577625	1
2577767	1
2577875	1
2577893	2
2577971	1
2577992	1
2578041	1
2578107	1
2578119	1
2578146	1
2578181	1
2578218	1
2578296	1
2578303	1
2578324	1
2578387	1
2578458	1
2578556	1
2578583	1
2578695	1
2578747	1
2578788	1
2578808	1
2578850	1
2578866	1
2578934	1
2578999	1
2579026	1
2579032	1
2579058	1
2579201	1
2579299	1
2579405	1
2579412	1
2579453	1
2579464	1
2579514	1
2579533	1
2579565	1
2579619	1
2579622	1
2579635	1
2579663	1
2579690	1
2579738	1
2579756	1
2579824	1
2579872	1
2579891	1
2579904	1
2579923	1
2579931	1
2579979	1
2579985	1
2580013	1
2580099	1
2580104	1
2580123	1
2580162	1
2580246	1
2580281	1
2580290	1
2580459	1
2580492	1
2580515	1
2580550	1
2580603	1
2580610	1
2580636	1
2580775	1
2580811	1
2580953	1
2581044	1
2581061	1
2581075	1
2581168	2
2581195	1
2581280	1
2581299	1
2581394	1
2581571	1
2581622	1
2581635	1
2581690	1
2581711	1
2581742	1
2581756	1
2581803	1
2581872	2
2581891	1
2581931	1
2581940	1
2582030	1
2582144	1
2582215	1
2582301	1
2582352	1
2582399	1
2582436	1
2582448	1
2582469	1
2582491	1
2582581	1
2582620	1
2582647	1
2582785	1
2582829	1
2582864	1
2582909	1
2582925	1
2582942	1
2582997	2
2583024	1
2583072	1
2583091	1
2583114	1
2583165	1
2583211	1
2583225	1
2583329	1
2583402	1
2583430	1
2583484	1
2583495	1
2583531	1
2583540	1
2583557	1
2583675	1
2583689	1
2583707	1
2583735	1
2583781	1
2583801	1
2583828	1
2583867	1
2583994	1
2584004	1
2584031	1
2584040	1
2584101	1
2584176	1
2584227	2
2584268	1
2584322	1
2584572	1
2584712	1
2584770	1
2584847	1
2584865	1
2584871	1
2584892	1
2584926	2
2584958	1
2584961	1
2584989	1
2585107	1
2585181	1
2585190	1
2585204	1
2585223	1
2585279	1
2585296	1
2585336	1
2585348	1
2585372	1
2585426	1
2585432	1
2585458	1
2585627	1
2585733	1
2585821	1
2585839	1
2585952	1
2585980	1
2586006	1
2586103	1
2586155	1
2586413	1
2586452	1
2586631	1
2586685	1
2586777	1
2586827	1
2586830	1
2586935	1
2586990	1
2587121	1
2587166	1
2587182	1
2587194	1
2587289	1
2587293	1
2587314	1
2587347	1
2587404	1
2587423	1
2587431	1
2587479	1
2587541	1
2587564	1
2587676	1
2587736	1
2587755	1
2587769	1
2587835	1
2587863	1
2587890	1
2587984	1
2588021	1
2588043	2
2588094	1
2588109	1
2588111	1
2588197	1
2588292	1
2588326	1
2588407	1
2588422	1
2588435	1
2588501	1
2588545	1
2588605	1
2588716	1
2588730	1
2588804	1
2588818	2
2588823	1
2588862	1
2588969	1
2589035	1
2589046	1
2589063	1
2589081	1
2589129	1
2589164	1
2589248	1
2589304	1
2589318	1
2589362	1
2589408	1
2589443	1
2589549	1
2589609	1
2589611	1
2589713	1
2589728	1
2589745	1
2589776	1
2589799	1
2589844	1
2589959	1
2590225	1
2590256	1
2590260	1
2590283	1
2590312	1
2590430	1
2590451	1
2590468	1
2590518	1
2590562	1
2590585	1
2590644	1
2590778	1
2590790	1
2591090	1
2591137	1
2591203	1
2591210	1
2591362	2
2591379	1
2591421	1
2591443	1
2591494	1
2591530	1
2591611	1
2591844	1
2591893	1
2591914	1
2591971	1
2591988	1
2592029	1
2592122	1
2592135	1
2592262	1
2592285	1
2592372	1
2592426	1
2592432	1
2592461	1
2592542	1
2592597	1
2592602	1
2592720	1
2592747	1
2592866	1
2592976	1
2592980	1
2593026	1
2593032	1
2593058	1
2593127	1
2593252	1
2593267	1
2593276	1
2593315	1
2593350	1
2593377	1
2593437	1
2593464	1
2593486	1
2593498	1
2593506	1
2593520	1
2593607	1
2593619	1
2593836	1
2593848	1
2593979	2
2594033	1
2594047	1
2594059	1
2594065	1
2594088	1
2594172	1
2594286	1
2594413	1
2594500	1
2594631	1
2594679	1
2594721	2
2594750	1
2594766	1
2594777	1
2594794	1
2594802	1
2594851	1
2594919	1
2594978	1
2595050	1
2595138	1
2595142	1
2595407	1
2595446	1
2595478	1
2595481	1
2595513	1
2595637	1
2595641	1
2595702	1
2595768	1
2595818	1
2595948	1
2596051	1
2596250	1
2596266	1
2596282	1
2596328	1
2596424	1
2596487	1
2596578	1
2596590	1
2596671	1
2596718	1
2596785	1
2596812	1
2596870	1
2596898	1
2596911	1
2597140	1
2597235	1
2597351	1
2597368	1
2597459	1
2597465	1
2597672	1
2597691	1
2597897	1
2597905	1
2597998	1
2598057	1
2598079	1
2598096	1
2598128	1
2598199	1
2598230	1
2598249	1
2598346	1
2598409	1
2598425	1
2598438	1
2598497	1
2598503	1
2598591	1
2598615	1
2598729	1
2598737	1
2598770	1
2598798	1
2598806	1
2598888	1
2598900	1
2598917	1
2598926	1
2599060	1
2599226	1
2599232	1
2599258	1
2599275	1
2599293	1
2599306	2
2599333	1
2599347	1
2599359	1
2599423	1
2599537	1
2599586	1
2599634	1
2599755	1
2599787	1
2599791	1
2599822	1
2599854	1
2599878	1
2599927	1
2600093	1
2600116	1
2600245	1
2600299	1
2600343	1
2600429	1
2600547	1
2600571	1
2600592	1
2600622	1
2600654	1
2600783	1
2600803	1
2600824	1
2600869	1
2601009	1
2601060	1
2601108	1
2601404	1
2601423	1
2601564	1
2601570	1
2601586	1
2601601	1
2601628	1
2601819	1
2601863	1
2601902	1
2601949	1
2601968	1
2602021	2
2602214	1
2602233	1
2602259	1
2602292	1
2602332	2
2602358	1
2602435	1
2602567	1
2602641	1
2602698	1
2602751	1
2602840	1
2602955	1
2603081	1
2603129	1
2603291	1
2603323	1
2603408	1
2603439	1
2603477	1
2603502	1
2603595	1
2603752	1
2603861	1
2603988	1
2603992	1
2604002	1
2604030	1
2604084	1
2604117	1
2604334	1
2604367	1
2604403	1
2604410	1
2604436	1
2604448	1
2604581	1
2604590	1
2604620	1
2604692	1
2604704	1
2604829	1
2604837	1
2604864	1
2604911	1
2604925	2
2604997	1
2605113	1
2605227	1
2605295	1
2605346	1
2605378	1
2605460	1
2605926	1
2605932	1
2605958	1
2606086	1
2606098	1
2606119	1
2606154	1
2606204	1
2606231	1
2606310	1
2606355	1
2606417	1
2606426	1
2606432	1
2606444	1
2606525	1
2606542	2
2606649	1
2606706	1
2606788	1
2606815	1
2606901	1
2607048	1
2607133	1
2607171	1
2607225	1
2607305	1
2607353	1
2607364	1
2607484	1
2607495	1
2607531	1
2607540	1
2607557	1
2607617	1
2607626	1
2607658	1
2607661	1
2607675	1
2607719	1
2607845	1
2607880	1
2607943	1
2608033	1
2608047	1
2608065	1
2608325	1
2608383	1
2608445	1
2608480	1
2608558	1
2608589	1
2608679	1
2608685	1
2608802	1
2608816	1
2608851	1
2608990	1
2609052	1
2609076	1
2609104	1
2609207	1
2609281	1
2609330	1
2609447	1
2609521	1
2609594	2
2609610	1
2609726	1
2609775	1
2609860	1
2609883	2
2609970	1
2609998	1
2610010	1
2610069	1
2610147	1
2610159	1
2610209	1
2610211	1
2610225	2
2610260	1
2610305	1
2610337	1
2610430	1
2610468	1
2610473	1
2610579	1
2610644	1
2610675	1
2610735	1
2610790	1
2610845	1
2610899	1
2610915	1
2611007	1
2611035	1
2611054	1
2611210	1
2611224	1
2611269	1
2611357	2
2611362	1
2611415	1
2611421	1
2611482	1
2611595	1
2611683	1
2611713	1
2611826	1
2611844	1
2611861	1
2611875	1
2611914	1
2611988	1
2612012	1
2612064	1
2612146	1
2612154	1
2612218	1
2612240	1
2612336	1
2612355	1
2612417	1
2612432	2
2612560	1
2612583	1
2612684	1
2612815	1
2612843	1
2612928	1
2612967	1
2612980	1
2613026	1
2613127	1
2613151	1
2613228	1
2613315	1
2613343	1
2613394	1
2613412	1
2613429	1
2613441	1
2613453	1
2613654	1
2613887	1
2613957	2
2613985	2
2613996	1
2614229	1
2614286	1
2614311	1
2614356	1
2614445	1
2614467	1
2614480	1
2614500	1
2614532	1
2614575	1
2614623	1
2614662	1
2614766	1
2614777	1
2614802	1
2614873	1
2614907	1
2614922	1
2614954	1
2614990	1
2615008	1
2615082	1
2615109	1
2615111	1
2615125	1
2615160	1
2615288	1
2615361	1
2615407	1
2615478	1
2615580	1
2615599	1
2615612	1
2615730	1
2615768	1
2615784	1
2615795	1
2615840	1
2615903	2
2615924	1
2615969	1
2615987	1
2616016	1
2616049	1
2616126	1
2616161	1
2616266	1
2616282	1
2616328	1
2616376	1
2616455	1
2616469	1
2616535	1
2616590	1
2616620	1
2616647	1
2616692	1
2616762	1
2616796	1
2616886	1
2617001	1
2617013	1
2617028	1
2617104	1
2617219	1
2617316	1
2617395	1
2617539	1
2617624	1
2617726	1
2617732	1
2617789	1
2617929	1
2617941	1
2618057	1
2618062	1
2618085	1
2618152	1
2618199	1
2618230	1
2618284	1
2618295	1
2618524	1
2618572	1
2618608	1
2618650	1
2618666	1
2618729	2
2618806	1
2618926	1
2618932	1
2619060	1
2619108	1
2619143	1
2619182	1
2619314	2
2619320	1
2619365	1
2619418	1
2619541	1
2619628	1
2619645	1
2619699	1
2619703	2
2619710	1
2619736	1
2619854	1
2619863	1
2619890	1
2619951	1
2619968	1
2620033	1
2620092	1
2620169	1
2620237	1
2620264	1
2620309	1
2620311	1
2620401	2
2620476	1
2620499	1
2620526	1
2620532	1
2620631	1
2620685	1
2620696	1
2620721	1
2620766	1
2620777	1
2620782	1
2620868	1
2620884	1
2620907	1
2620919	1
2620946	1
2620954	1
2620978	1
2621066	1
2621156	1
2621259	1
2621435	1
2621454	1
2621490	1
2621501	1
2621702	1
2621727	1
2621730	1
2621768	1
2621862	1
2621879	1
2622194	1
2622200	1
2622275	1
2622320	1
2622371	1
2622388	1
2622440	1
2622505	1
2622537	1
2622541	1
2622564	1
2622634	1
2622645	1
2622807	1
2622822	1
2622878	1
2622930	1
2622951	1
2623040	1
2623085	1
2623167	2
2623176	1
2623180	1
2623284	1
2623307	1
2623483	1
2623524	1
2623555	1
2623569	1
2623591	1
2623682	1
2623753	1
2623798	1
2623865	1
2623892	1
2623900	1
2623944	1
2623958	1
2623993	1
2624010	1
2624036	1
2624048	1
2624238	1
2624274	1
2624364	1
2624473	1
2624518	1
2624746	1
2624790	1
2624977	1
2624994	1
2625007	1
2625269	1
2625272	1
2625318	1
2625331	1
2625357	1
2625379	1
2625415	1
2625421	1
2625450	1
2625477	1
2625502	1
2625549	1
2625609	1
2625776	1
2625906	1
2625914	1
2625959	1
2626013	1
2626045	1
2626067	1
2626076	1
2626140	1
2626157	1
2626162	1
2626179	1
2626196	1
2626281	1
2626351	1
2626406	1
2626521	1
2626550	1
2626582	1
2626636	1
2626700	1
2626998	1
2627100	1
2627126	1
2627189	1
2627215	1
2627436	1
2627522	1
2627535	1
2627581	1
2627647	1
2627659	1
2627665	1
2627692	1
2627723	1
2627796	1
2627837	1
2627853	1
2627925	1
2627938	1
2627960	1
2628000	1
2628061	1
2628089	1
2628149	1
2628173	1
2628245	1
2628382	1
2628437	1
2628464	1
2628486	1
2628559	1
2628681	1
2628760	1
2628783	1
2628803	1
2628836	1
2628855	1
2628904	1
2629064	1
2629098	1
2629107	1
2629135	1
2629279	1
2629336	1
2629369	1
2629391	1
2629400	2
2629417	1
2629432	1
2629511	1
2629538	1
2629627	1
2629649	1
2629668	1
2629695	1
2629706	1
2629733	1
2629759	1
2629928	1
2629967	1
2629999	1
2630018	1
2630079	1
2630176	1
2630227	1
2630335	1
2630363	1
2630381	1
2630460	1
2630569	1
2630643	1
2630694	1
2630705	1
2630786	1
2630820	1
2630932	1
2631029	2
2631107	1
2631119	1
2631303	1
2631324	1
2631369	1
2631458	1
2631475	1
2631493	1
2631627	1
2631630	1
2631651	1
2631668	1
2631747	1
2631866	1
2631882	1
2631913	1
2631945	1
2632007	2
2632019	1
2632054	1
2632141	1
2632164	1
2632210	1
2632224	1
2632236	1
2632255	1
2632357	1
2632439	1
2632530	1
2632776	1
2632826	1
2632861	1
2632914	1
2632959	1
2633015	1
2633077	1
2633109	1
2633125	1
2633142	1
2633156	1
2633160	1
2633300	1
2633317	1
2633419	1
2633478	1
2633481	1
2633534	1
2633580	1
2633612	1
2633784	1
2633862	1
2633885	1
2633896	1
2634013	1
2634080	1
2634118	1
2634131	1
2634179	1
2634222	1
2634278	1
2634414	1
2634539	1
2634566	2
2634577	1
2634610	1
2634655	1
2634761	1
2634905	1
2634929	1
2635093	1
2635130	1
2635267	1
2635299	1
2635308	1
2635321	1
2635339	1
2635343	1
2635429	1
2635437	1
2635506	1
2635565	1
2635622	1
2635678	1
2635681	1
2635711	1
2635760	1
2635774	1
2635869	1
2635904	1
2635957	1
2636009	1
2636025	1
2636074	1
2636143	1
2636177	1
2636182	1
2636314	1
2636371	1
2636392	1
2636431	1
2636462	1
2636485	2
2636505	1
2636541	1
2636564	1
2636601	1
2636667	1
2636724	2
2636748	1
2636878	1
2636927	1
2636930	1
2636951	1
2637059	1
2637065	2
2637071	1
2637148	1
2637241	1
2637338	1
2637413	1
2637480	1
2637561	1
2637739	2
2637816	1
2637963	1
2638106	1
2638133	1
2638147	1
2638242	1
2638274	1
2638451	1
2638504	1
2638562	1
2638585	1
2638693	1
2638707	1
2638722	1
2638867	1
2638876	1
2638950	1
2638982	1
2639049	1
2639084	1
2639100	1
2639313	1
2639448	1
2639507	1
2639519	1
2639535	1
2639633	1
2639647	1
2639740	1
2639785	1
2640019	1
2640105	2
2640170	1
2640248	1
2640287	1
2640291	1
2640439	1
2640494	1
2640573	1
2640625	1
2640638	1
2640642	1
2640660	1
2640713	1
2640875	1
2640889	1
2641076	1
2641099	1
2641263	1
2641281	1
2641290	1
2641327	1
2641420	1
2641471	1
2641488	1
2641492	1
2641508	1
2641655	1
2641793	1
2641825	1
2641838	1
2641856	1
2641874	1
2641905	1
2641970	1
2642004	1
2642040	1
2642057	1
2642096	1
2642128	1
2642145	1
2642216	1
2642284	1
2642319	1
2642322	1
2642363	1
2642378	1
2642390	1
2642411	1
2642555	1
2642639	1
2642650	1
2642798	1
2642859	1
2642932	1
2643074	2
2643097	1
2643177	1
2643258	1
2643365	1
2643404	1
2643431	1
2643440	1
2643505	1
2643541	1
2643564	1
2643613	1
2643676	1
2643807	1
2643835	1
2644005	1
2644098	1
2644107	1
2644257	1
2644324	1
2644348	1
2644400	1
2644475	1
2644556	1
2644627	1
2644668	1
2644815	1
2644850	1
2644934	1
2645103	1
2645155	1
2645212	1
2645309	1
2645311	1
2645356	1
2645413	1
2645452	1
2645517	1
2645593	1
2645618	1
2645679	1
2645685	1
2645750	2
2645766	1
2645777	1
2645794	2
2645816	1
2645895	1
2645922	1
2646008	1
2646214	1
2646220	1
2646361	1
2646389	1
2646407	1
2646478	1
2646567	1
2646653	1
2646730	1
2646768	1
2647058	2
2647102	1
2647127	1
2647195	1
2647228	1
2647234	1
2647315	1
2647339	1
2647377	1
2647382	1
2647470	1
2647592	1
2647646	1
2647690	1
2647725	1
2647855	1
2647904	1
2647957	1
2647962	1
2647979	1
2648027	1
2648126	2
2648215	1
2648221	1
2648243	1
2648282	1
2648334	1
2648448	1
2648455	1
2648487	1
2648507	1
2648522	1
2648546	1
2648692	1
2648731	1
2648785	1
2648812	1
2648870	1
2648911	1
2649106	1
2649159	1
2649192	1
2649238	1
2649305	1
2649329	1
2649523	2
2649531	1
2649596	1
2649632	1
2649644	1
2649778	1
2649781	1
2649899	1
2649977	1
2650042	1
2650182	1
2650347	1
2650404	1
2650431	1
2650485	1
2650505	2
2650541	1
2650586	1
2650598	1
2650628	1
2650676	1
2650890	1
2650902	1
2650995	1
2651106	1
2651114	1
2651147	1
2651159	1
2651209	1
2651225	1
2651238	1
2651274	1
2651297	1
2651305	1
2651518	1
2651596	1
2651813	1
2651828	1
2651921	1
2652033	1
2652059	1
2652088	1
2652092	1
2652110	1
2652187	1
2652241	1
2652270	1
2652374	1
2652383	1
2652428	1
2652452	1
2652480	1
2652868	1
2652884	1
2652978	1
2652990	1
2653028	1
2653052	1
2653185	1
2653302	1
2653420	1
2653447	1
2653471	1
2653610	1
2653672	1
2653744	1
2653758	1
2653897	1
2653937	1
2653953	1
2654015	1
2654206	1
2654259	1
2654288	1
2654326	1
2654389	1
2654407	1
2654481	1
2654605	1
2654629	1
2654637	1
2654653	1
2654664	1
2654716	1
2654784	1
2654840	1
2654885	1
2654924	2
2654972	1
2655068	1
2655095	1
2655215	1
2655277	1
2655448	1
2655469	1
2655554	1
2655578	1
2655671	1
2655785	1
2655812	1
2655841	1
2655870	1
2655911	1
2655960	1
2655983	1
2656040	1
2656096	1
2656128	1
2656167	1
2656202	1
2656307	1
2656319	1
2656346	1
2656354	1
2656390	1
2656442	1
2656510	1
2656524	1
2656536	1
2656682	1
2656729	2
2656753	1
2656806	1
2656833	1
2656944	1
2657054	1
2657063	1
2657081	1
2657170	1
2657248	1
2657255	1
2657269	1
2657331	1
2657379	1
2657396	1
2657584	1
2657611	1
2657625	1
2657638	1
2657642	1
2657728	1
2657767	1
2657861	1
2657893	1
2657920	1
2658098	2
2658204	1
2658223	1
2658231	1
2658240	1
2658257	1
2658262	1
2658285	1
2658348	1
2658400	1
2658444	1
2658475	1
2658538	1
2658542	1
2658627	1
2658651	1
2658792	1
2658882	1
2658928	1
2659026	1
2659061	1
2659245	1
2659252	1
2659308	1
2659315	1
2659339	1
2659377	1
2659464	1
2659470	1
2659486	1
2659520	1
2659565	1
2659592	1
2659619	1
2659622	1
2659654	1
2659663	1
2659678	1
2659742	1
2659797	1
2659836	1
2659887	1
2660052	2
2660067	1
2660123	1
2660157	1
2660327	1
2660373	2
2660395	1
2660420	1
2660539	1
2660550	1
2660648	1
2660726	1
2660789	1
2660929	1
2660937	1
2660941	1
2661000	1
2661026	2
2661061	1
2661102	1
2661151	1
2661245	1
2661252	1
2661280	1
2661315	1
2661339	1
2661343	1
2661350	1
2661498	1
2661635	1
2661738	1
2661760	1
2662126	1
2662132	1
2662266	1
2662294	1
2662399	1
2662491	1
2662546	1
2662554	1
2662578	1
2662740	1
2662841	1
2662983	1
2663010	1
2663072	1
2663106	1
2663188	1
2663209	1
2663256	1
2663274	1
2663297	1
2663305	1
2663329	1
2663337	1
2663341	2
2663386	1
2663531	1
2663562	1
2663600	1
2663626	1
2663632	1
2663763	1
2663790	1
2663801	1
2663834	1
2663939	1
2664018	1
2664145	1
2664152	1
2664411	1
2664503	1
2664548	1
2664555	1
2664587	1
2664650	1
2664814	1
2664888	1
2665037	1
2665086	1
2665154	1
2665509	1
2665560	1
2665649	1
2665714	1
2665765	1
2665928	1
2666047	1
2666212	1
2666286	1
2666311	1
2666338	1
2666413	1
2666558	1
2666561	1
2666631	1
2666662	1
2666679	1
2666739	1
2666873	1
2666884	1
2666907	1
2666990	1
2667042	1
2667097	1
2667115	1
2667150	1
2667293	1
2667365	1
2667404	1
2667423	1
2667485	1
2667541	1
2667586	1
2667628	1
2667710	1
2667736	1
2667787	1
2667791	1
2667819	1
2667881	1
2667890	1
2667968	1
2667973	1
2668050	1
2668066	1
2668125	1
2668214	1
2668233	1
2668288	1
2668300	1
2668358	1
2668478	1
2668513	1
2668686	1
2668749	1
2668784	1
2668862	1
2668936	2
2669078	1
2669137	1
2669153	1
2669203	1
2669248	1
2669255	1
2669287	1
2669304	1
2669318	1
2669331	1
2669362	1
2669450	1
2669573	1
2669595	1
2669642	1
2669656	1
2669697	1
2669776	1
2669817	1
2669959	1
2669965	1
2670043	1
2670050	1
2670111	1
2670138	1
2670142	1
2670174	1
2670358	1
2670481	1
2670501	1
2670534	1
2670664	1
2670670	1
2670716	1
2670751	1
2670818	1
2670857	1
2670896	1
2670972	1
2671030	1
2671068	1
2671095	1
2671239	1
2671250	1
2671266	1
2671277	1
2671328	1
2671376	1
2671410	1
2671448	1
2671455	1
2671491	1
2671633	1
2671647	1
2671692	1
2671796	1
2671829	1
2671960	1
2671974	1
2671983	2
2672044	1
2672058	1
2672089	1
2672168	1
2672315	1
2672321	1
2672394	1
2672412	1
2672654	1
2672663	1
2672690	1
2672711	1
2672774	1
2672848	1
2672855	1
2672887	1
2672918	1
2672962	1
2673029	1
2673086	1
2673098	1
2673107	1
2673154	1
2673190	1
2673223	1
2673285	1
2673296	1
2673348	2
2673391	1
2673417	1
2673538	1
2673574	1
2673616	1
2673695	1
2673788	1
2673894	1
2674038	1
2674182	1
2674261	1
2674457	1
2674485	1
2674505	1
2674541	1
2674586	1
2674613	1
2674769	1
2674791	1
2674822	1
2674835	1
2674863	1
2674881	1
2674890	1
2674951	1
2675072	1
2675087	1
2675120	1
2675133	1
2675165	1
2675171	2
2675188	1
2675209	1
2675225	1
2675242	1
2675370	1
2675402	1
2675430	1
2675562	1
2675579	1
2675600	1
2675617	1
2675754	1
2675939	1
2675943	1
2676007	1
2676046	1
2676063	1
2676078	1
2676129	1
2676318	1
2676340	1
2676385	1
2676642	1
2676713	1
2676780	1
2676914	1
2676965	1
2676992	1
2677018	1
2677031	1
2677079	1
2677128	1
2677180	1
2677202	1
2677216	1
2677268	1
2677307	1
2677319	1
2677456	2
2677536	1
2677569	1
2677621	1
2677639	1
2677650	1
2677666	1
2677677	1
2677753	1
2677764	1
2677770	1
2677820	1
2677871	1
2677900	1
2677917	1
2677975	1
2678028	1
2678157	1
2678196	1
2678207	1
2678222	1
2678263	1
2678327	2
2678368	1
2678420	1
2678433	1
2678492	1
2678610	1
2678648	1
2678758	1
2678793	1
2678809	1
2678883	1
2678912	1
2678941	1
2678953	1
2678986	1
2679014	1
2679059	1
2679103	1
2679383	1
2679467	1
2679480	1
2679499	2
2679500	1
2679517	1
2679558	1
2679604	1
2679679	1
2679827	1
2679851	1
2679922	1
2679990	1
2680012	1
2680190	1
2680218	1
2680262	1
2680324	1
2680348	1
2680355	1
2680369	1
2680372	1
2680387	1
2680400	1
2680458	1
2680509	1
2680525	1
2680616	1
2680668	1
2680684	1
2680714	1
2680720	1
2680792	1
2680843	1
2680850	1
2680934	1
2681059	1
2681071	1
2681088	1
2681092	1
2681148	1
2681342	2
2681383	1
2681397	1
2681428	1
2681544	1
2681618	1
2681623	2
2681657	1
2681685	1
2681766	1
2681802	1
2681849	1
2681884	1
2681935	1
2681954	2
2681981	1
2682010	1
2682036	1
2682091	1
2682114	1
2682188	1
2682238	1
2682242	1
2682256	1
2682260	1
2682329	1
2682449	1
2682473	1
2682495	1
2682540	1
2682596	1
2682632	1
2682719	1
2682735	1
2682852	1
2682880	1
2682915	1
2683027	1
2683030	1
2683126	1
2683132	1
2683193	1
2683239	1
2683352	1
2683403	1
2683522	1
2683590	1
2683606	1
2683614	1
2683757	1
2683762	1
2683805	1
2683853	1
2683974	1
2684046	1
2684105	1
2684170	1
2684415	1
2684482	1
2684527	1
2684638	1
2684674	1
2684701	1
2684734	1
2684875	1
2684914	1
2685013	1
2685246	1
2685254	1
2685290	1
2685471	1
2685508	1
2685521	1
2685700	1
2685775	1
2685811	1
2685883	1
2686026	1
2686044	1
2686201	2
2686213	1
2686228	1
2686350	1
2686394	1
2686429	1
2686437	1
2686547	1
2686559	1
2686619	2
2686663	1
2686756	1
2686760	1
2686824	1
2686836	1
2686848	1
2686904	1
2686918	1
2686923	1
2687125	1
2687214	1
2687271	1
2687288	1
2687300	1
2687326	1
2687344	1
2687389	1
2687407	1
2687446	1
2687478	1
2687490	1
2687545	1
2687670	1
2687730	1
2687784	1
2687818	1
2687823	1
2687831	1
2687885	1
2687903	1
2688038	1
2688042	1
2688115	1
2688121	1
2688150	1
2688217	1
2688232	1
2688261	1
2688359	1
2688392	1
2688485	1
2688564	1
2688598	1
2688601	1
2688676	1
2688699	1
2688748	1
2688772	1
2688878	1
2688927	1
2688951	1
2689202	1
2689251	1
2689268	1
2689322	1
2689425	1
2689510	1
2689572	1
2689608	1
2689643	2
2689705	1
2689770	1
2689871	1
2689892	1
2689944	1
2689961	1
2689975	1
2690016	1
2690189	1
2690208	1
2690313	1
2690345	1
2690367	1
2690399	1
2690410	1
2690487	1
2690718	1
2690762	1
2690796	1
2690837	1
2690909	1
2690925	1
2690942	1
2690974	1
2691079	1
2691096	1
2691113	1
2691167	1
2691199	2
2691202	1
2691230	1
2691268	1
2691503	1
2691569	1
2691666	1
2691741	1
2691770	1
2691786	1
2691798	1
2691859	1
2691865	1
2691892	1
2691926	1
2692034	1
2692052	1
2692080	1
2692104	1
2692140	1
2692235	1
2692420	1
2692447	1
2692465	1
2692471	1
2692488	1
2692515	1
2692594	1
2692726	1
2692744	1
2692838	1
2692937	1
2692953	1
2693065	1
2693103	1
2693124	1
2693155	1
2693212	1
2693237	1
2693253	1
2693270	1
2693325	1
2693338	1
2693383	1
2693397	1
2693428	1
2693467	1
2693476	1
2693517	1
2693575	1
2693604	1
2693777	1
2693849	1
2693981	1
2693990	1
2694102	1
2694168	1
2694195	1
2694234	1
2694350	1
2694366	1
2694464	1
2694470	1
2694607	1
2694654	1
2694663	1
2694678	1
2694738	1
2694756	1
2694797	1
2694803	2
2694824	1
2694962	1
2695011	1
2695143	1
2695150	1
2695194	1
2695217	1
2695347	1
2695440	1
2695512	1
2695564	1
2695634	1
2695710	1
2695724	1
2695791	1
2695973	1
2695984	1
2696048	1
2696159	1
2696171	1
2696402	1
2696449	1
2696617	1
2696644	1
2696763	1
2696778	1
2696915	1
2696950	1
2697053	1
2697135	1
2697154	1
2697163	1
2697190	1
2697231	1
2697240	1
2697285	1
2697303	1
2697348	1
2697355	1
2697458	1
2697574	1
2697630	1
2697649	1
2697695	1
2697747	1
2697850	1
2697877	1
2697913	1
2698046	1
2698054	1
2698105	1
2698141	1
2698153	1
2698164	1
2698186	1
2698248	1
2698379	1
2698385	1
2698408	1
2698466	1
2698502	1
2698638	1
2698780	1
2698817	1
2698861	1
2698965	1
2698988	1
2699125	1
2699265	1
2699300	1
2699326	1
2699435	1
2699478	1
2699534	2
2699576	1
2699612	1
2699664	1
2699702	1
2699716	1
2699784	1
2699924	1
2699972	1
2700019	1
2700022	1
2700137	1
2700198	2
2700203	1
2700236	1
2700269	1
2700340	1
2700379	1
2700385	2
2700421	1
2700443	1
2700502	1
2700530	1
2700573	1
2700642	1
2700728	1
2700734	1
2701001	1
2701013	1
2701052	1
2701080	1
2701131	1
2701157	1
2701207	1
2701222	1
2701254	1
2701263	1
2701278	1
2701349	1
2701373	1
2701384	1
2701566	1
2701636	1
2701669	1
2701717	1
2701775	1
2701789	1
2701883	1
2701970	1
2701998	1
2702031	1
2702096	1
2702199	1
2702322	2
2702378	1
2702381	1
2702442	1
2702510	1
2702587	1
2702682	1
2702705	1
2702729	1
2702741	1
2702786	1
2702888	1
2702961	1
2703025	1
2703038	1
2703166	1
2703194	1
2703314	1
2703388	1
2703423	1
2703431	1
2703462	1
2703485	1
2703505	1
2703541	1
2703553	1
2703699	1
2703703	1
2703710	1
2703755	1
2703835	1
2703916	1
2704005	1
2704119	1
2704190	1
2704218	1
2704303	1
2704355	1
2704372	1
2704426	1
2704493	1
2704525	1
2704556	1
2704560	1
2704597	1
2704616	1
2704649	1
2704668	1
2704747	1
2704765	1
2704821	1
2705103	1
2705237	1
2705286	1
2705342	1
2705401	1
2705452	1
2705517	1
2705544	1
2705558	1
2705593	1
2705604	1
2705623	1
2705657	1
2705873	1
2705884	1
2705895	1
2705963	1
2706094	1
2706125	1
2706142	1
2706197	1
2706247	1
2706265	1
2706393	1
2706454	1
2706576	1
2706637	1
2706653	1
2706698	1
2706751	1
2706831	1
2706857	1
2706896	1
2707017	1
2707061	1
2707089	1
2707127	1
2707130	1
2707173	1
2707213	1
2707299	1
2707366	1
2707453	1
2707464	1
2707470	1
2707533	1
2707559	1
2707607	1
2707709	1
2707711	1
2707725	1
2707836	1
2707887	1
2707891	1
2707979	1
2708068	1
2708243	1
2708277	1
2708294	1
2708424	1
2708507	1
2708535	1
2708546	1
2708554	1
2708704	1
2708718	1
2708785	1
2708956	1
2708983	1
2709024	2
2709087	1
2709091	1
2709171	1
2709211	1
2709297	1
2709337	1
2709341	1
2709416	1
2709579	1
2709596	1
2709644	1
2709658	1
2709754	1
2709867	1
2709908	1
2709921	1
2709982	1
2709994	1
2710149	1
2710184	1
2710308	1
2710315	1
2710486	1
2710506	1
2710533	1
2710547	1
2710635	1
2710711	1
2710725	1
2710742	1
2710803	1
2710869	1
2710891	1
2710923	1
2710957	1
2711038	1
2711108	1
2711150	1
2711217	1
2711226	1
2711365	1
2711404	1
2711418	1
2711512	1
2711537	1
2711601	1
2711680	1
2711699	1
2711772	1
2711878	1
2711973	1
2712043	1
2712066	1
2712142	1
2712160	1
2712288	1
2712344	2
2712407	1
2712419	1
2712463	1
2712481	1
2712637	1
2712716	1
2712751	1
2712784	1
2712795	1
2712948	1
2713137	1
2713164	1
2713210	1
2713291	1
2713331	1
2713439	1
2713494	1
2713516	1
2713568	1
2713573	1
2713611	1
2713660	1
2713674	1
2713713	1
2713734	1
2713767	1
2713875	1
2713914	1
2714030	1
2714158	1
2714175	1
2714277	2
2714282	1
2714345	1
2714448	1
2714487	1
2714491	2
2714614	1
2714671	1
2714688	1
2714692	1
2714740	1
2714805	1
2714983	1
2715101	1
2715134	1
2715145	1
2715216	1
2715227	1
2715409	1
2715456	1
2715497	1
2715536	1
2715615	1
2715666	1
2715737	1
2715753	1
2715764	1
2715798	2
2715806	1
2715820	1
2715859	1
2715944	1
2715975	1
2715989	1
2715993	1
2716012	1
2716178	1
2716223	1
2716324	1
2716387	1
2716400	1
2716458	1
2716509	1
2716597	1
2716630	1
2716649	1
2716821	1
2716882	1
2716894	1
2716980	1
2717069	1
2717091	1
2717106	1
2717120	1
2717159	1
2717171	1
2717192	1
2717468	1
2717579	1
2717600	1
2717626	1
2717661	1
2717852	1
2717899	1
2717908	1
2717915	1
2717943	2
2717994	1
2718014	1
2718020	1
2718047	1
2718088	1
2718124	1
2718401	1
2718428	1
2718500	1
2718544	1
2718558	1
2718679	1
2718715	1
2718739	1
2718782	1
2718794	1
2718816	1
2718873	1
2718922	1
2718935	1
2718946	1
2719028	1
2719185	1
2719196	2
2719222	1
2719246	1
2719254	1
2719281	2
2719349	1
2719433	1
2719543	1
2719603	1
2719648	1
2719655	1
2719669	1
2719726	1
2719744	1
2719761	1
2719860	1
2719883	1
2719912	1
2719937	1
2720016	1
2720027	1
2720084	1
2720243	1
2720294	1
2720352	1
2720403	1
2720448	1
2720455	1
2720472	1
2720491	1
2720546	1
2720671	1
2720688	1
2720757	1
2720785	1
2720853	1
2721096	1
2721134	1
2721180	1
2721202	1
2721295	1
2721335	1
2721354	1
2721438	1
2721456	1
2721474	1
2721524	1
2721555	1
2721615	1
2721705	1
2721770	1
2721847	1
2721958	1
2721993	1
2722001	1
2722013	1
2722219	1
2722316	1
2722373	1
2722406	1
2722414	1
2722515	1
2722566	1
2722636	1
2722648	1
2722672	1
2722970	1
2723124	1
2723187	1
2723241	1
2723311	1
2723374	1
2723434	1
2723452	1
2723500	1
2723544	1
2723589	1
2723623	2
2723631	1
2723662	1
2723685	1
2723743	1
2723766	1
2723868	1
2723919	1
2723935	1
2723990	1
2724075	1
2724102	1
2724116	1
2724168	1
2724245	1
2724252	2
2724350	1
2724470	1
2724506	1
2724635	1
2724678	1
2724783	1
2724957	1
2724979	1
2724996	1
2725121	1
2725244	1
2725275	1
2725347	1
2725418	1
2725598	1
2725645	1
2725667	1
2725724	1
2725748	1
2725791	1
2725807	1
2725890	1
2726003	1
2726036	1
2726069	1
2726165	1
2726238	1
2726386	1
2726562	1
2726693	1
2726722	1
2726781	1
2726834	1
2726876	1
2726880	1
2727005	1
2727098	1
2727154	1
2727223	1
2727262	1
2727279	1
2727303	1
2727369	1
2727417	1
2727509	1
2727556	1
2727560	1
2727673	1
2727695	2
2727706	1
2727714	1
2727720	1
2727733	1
2727792	1
2727850	1
2727882	1
2727934	1
2728019	1
2728105	1
2728129	1
2728439	1
2728450	1
2728466	1
2728527	1
2728625	1
2728638	1
2728734	1
2728844	1
2728933	1
2728992	1
2729021	2
2729077	1
2729082	1
2729109	1
2729142	1
2729233	1
2729422	1
2729435	1
2729501	1
2729528	1
2729599	1
2729664	1
2729670	1
2729823	1
2729840	1
2729896	1
2730006	1
2730092	1
2730136	1
2730148	1
2730212	1
2730253	1
2730311	1
2730356	1
2730467	1
2730500	1
2730526	1
2730593	1
2730618	1
2730739	1
2730743	1
2730782	1
2730849	1
2730868	1
2730895	1
2730919	2
2730963	1
2730981	1
2730990	1
2731094	1
2731125	1
2731206	1
2731393	1
2731481	2
2731528	1
2731629	1
2731698	1
2731823	1
2731857	1
2731903	1
2731924	1
2732042	1
2732056	1
2732143	1
2732182	1
2732258	1
2732320	1
2732333	1
2732347	1
2732388	1
2732496	1
2732537	1
2732553	1
2732598	1
2732628	1
2732676	1
2732736	1
2732772	1
2732863	1
2732890	1
2732916	1
2732949	1
2732984	1
2733023	1
2733085	1
2733180	1
2733230	1
2733249	1
2733322	1
2733503	2
2733705	1
2733737	1
2733764	1
2733770	1
2733786	1
2733820	2
2733917	1
2734069	1
2734238	1
2734256	1
2734297	1
2734398	1
2734484	1
2734504	1
2734518	1
2734579	1
2734707	1
2734735	1
2734754	1
2734790	1
2734828	1
2734867	1
2734876	1
2734899	1
2734939	1
2735063	1
2735090	1
2735141	1
2735248	1
2735331	1
2735385	1
2735415	1
2735421	1
2735450	2
2735477	1
2735568	1
2735573	1
2735595	1
2735656	1
2735683	1
2735745	1
2735826	1
2735832	1
2735959	1
2736001	1
2736140	1
2736179	1
2736222	1
2736263	1
2736302	1
2736433	1
2736471	1
2736669	1
2736761	1
2736789	1
2736825	1
2736842	1
2736860	1
2736874	1
2736883	1
2737051	1
2737068	1
2737144	1
2737158	1
2737161	1
2737239	1
2737352	1
2737403	1
2737410	1
2737448	1
2737487	1
2737522	1
2737546	1
2737633	1
2737647	1
2737692	1
2737731	1
2737740	1
2737785	1
2737805	1
2737812	1
2737956	2
2737983	1
2738026	1
2738058	1
2738061	1
2738075	1
2738093	1
2738116	1
2738201	1
2738252	1
2738280	1
2738299	1
2738315	1
2738405	1
2738429	1
2738437	1
2738533	1
2738559	1
2738588	1
2738681	1
2738725	1
2738738	1
2738891	1
2738923	1
2738931	1
2738940	1
2739029	1
2739041	1
2739053	1
2739285	1
2739303	1
2739369	1
2739391	1
2739489	1
2739542	1
2739560	1
2739574	1
2739630	1
2739673	1
2739788	1
2739792	1
2739821	2
2739901	1
2739913	1
2739928	1
2739967	1
2739980	1
2740011	1
2740042	1
2740060	1
2740108	1
2740194	1
2740226	1
2740244	1
2740320	1
2740333	1
2740418	1
2740570	1
2740586	1
2740613	1
2740703	1
2740736	1
2740787	1
2740878	1
2740927	1
2740995	2
2741010	1
2741133	1
2741147	1
2741211	1
2741238	1
2741274	1
2741364	1
2741495	1
2741518	1
2741562	1
2741617	1
2741689	1
2741707	1
2741763	1
2741813	1
2741867	1
2741876	1
2741880	1
2742059	1
2742229	1
2742286	1
2742311	1
2742374	1
2742499	1
2742526	1
2742604	1
2742696	1
2742750	1
2742782	2
2742907	1
2743013	2
2743104	1
2743140	2
2743185	1
2743207	1
2743222	1
2743281	1
2743290	1
2743316	1
2743330	1
2743539	1
2743550	1
2743577	1
2743655	1
2743758	1
2743789	1
2743825	1
2743897	1
2743941	1
2744008	1
2744066	1
2744077	1
2744111	1
2744206	1
2744265	1
2744300	1
2744419	1
2744454	1
2744653	1
2744784	1
2744840	1
2744948	1
2744991	1
2745051	1
2745126	1
2745161	1
2745221	1
2745239	1
2745277	1
2745352	1
2745367	1
2745436	1
2745448	1
2745487	1
2745519	1
2745659	1
2745723	1
2745841	1
2745911	1
2745925	1
2746101	1
2746134	1
2746167	1
2746230	1
2746307	1
2746335	1
2746354	1
2746381	1
2746411	1
2746438	1
2746639	1
2746677	1
2746694	1
2746712	1
2746770	1
2746806	1
2746820	1
2746900	1
2746975	1
2746993	1
2747186	1
2747203	1
2747236	1
2747331	1
2747357	1
2747379	1
2747482	1
2747494	1
2747584	1
2747752	1
2747861	1
2747947	1
2747988	1
2748005	1
2748107	1
2748135	1
2748146	1
2748257	1
2748310	1
2748369	1
2748461	1
2748525	1
2748560	1
2748597	1
2748602	1
2748627	1
2748714	1
2748792	1
2748866	1
2748934	1
2749026	1
2749044	1
2749058	1
2749061	1
2749308	1
2749315	1
2749382	1
2749405	1
2749533	1
2749547	1
2749559	1
2749678	1
2749725	1
2749774	1
2750028	1
2750045	1
2750052	1
2750080	1
2750140	1
2750179	1
2750263	1
2750290	1
2750316	1
2750330	1
2750414	1
2750515	1
2750550	1
2750582	1
2750594	1
2750603	1
2750669	1
2750672	1
2750717	1
2750793	1
2750809	1
2750825	1
2751116	1
2751184	1
2751228	1
2751267	1
2751308	1
2751339	1
2751394	1
2751437	1
2751453	1
2751547	1
2751592	1
2751607	1
2751635	1
2751711	1
2751725	1
2752027	1
2752117	1
2752132	1
2752250	1
2752277	1
2752328	1
2752367	1
2752380	1
2752403	1
2752448	1
2752469	1
2752757	1
2752796	1
2752853	1
2752938	1
2753192	1
2753283	1
2753329	1
2753386	1
2753430	1
2753531	1
2753658	1
2753735	1
2753763	1
2753834	1
2753845	1
2753876	1
2753880	1
2754057	1
2754079	1
2754096	1
2754322	1
2754378	1
2754425	1
2754460	1
2754503	1
2754741	1
2754847	1
2754859	1
2754932	1
2754958	1
2754989	1
2755037	1
2755086	1
2755119	1
2755122	1
2755146	1
2755204	1
2755400	1
2755417	1
2755583	1
2755771	1
2755792	1
2755821	1
2755866	1
2755877	1
2756020	1
2756148	2
2756172	1
2756187	1
2756191	1
2756205	1
2756229	1
2756338	1
2756342	1
2756356	1
2756452	1
2756467	1
2756517	1
2756526	1
2756561	1
2756604	1
2756623	1
2756662	1
2756715	1
2756766	1
2756816	1
2756868	1
2756884	1
2756895	1
2756946	1
2756981	1
2757025	1
2757060	1
2757074	1
2757121	1
2757139	1
2757177	1
2757258	1
2757365	1
2757418	1
2757479	1
2757505	1
2757512	1
2757564	1
2757570	1
2757680	1
2757699	1
2757748	1
2757791	1
2757854	1
2757878	1
2757881	1
2757973	2
2758050	1
2758066	1
2758094	1
2758111	1
2758160	1
2758183	1
2758358	1
2758393	1
2758435	1
2758501	1
2758513	1
2758528	1
2758552	1
2758580	1
2758605	1
2758637	1
2758698	1
2758702	1
2758727	1
2758818	1
2759078	1
2759090	1
2759170	1
2759186	1
2759210	1
2759269	1
2759291	1
2759379	1
2759408	2
2759421	1
2759549	1
2759625	1
2759638	1
2759776	1
2759817	1
2759861	1
2759914	1
2759959	1
2760055	1
2760069	1
2760087	1
2760305	1
2760468	1
2760504	1
2760523	1
2760531	1
2760540	1
2760585	1
2760689	1
2760867	1
2760899	1
2761022	1
2761035	1
2761054	1
2761112	1
2761129	1
2761137	1
2761269	1
2761287	1
2761291	1
2761318	1
2761379	1
2761396	1
2761415	2
2761443	1
2761477	1
2761516	1
2761625	1
2761638	1
2761642	1
2761697	1
2761858	1
2761875	1
2761947	1
2761965	1
2761992	1
2762086	1
2762119	1
2762324	1
2762355	1
2762400	1
2762432	1
2762475	1
2762509	1
2762525	1
2762556	1
2762574	1
2762616	1
2762720	1
2762866	1
2762882	1
2763017	1
2763026	1
2763168	1
2763184	1
2763280	1
2763299	1
2763350	1
2763394	1
2763437	1
2763453	1
2763547	1
2763592	1
2763663	1
2763709	2
2763797	1
2763855	2
2763918	1
2763931	1
2764033	1
2764088	1
2764092	1
2764110	1
2764286	1
2764452	1
2764517	1
2764589	1
2764604	1
2764685	1
2764739	1
2764743	1
2764782	1
2764794	1
2764802	1
2764868	1
2764884	1
2764907	1
2764919	1
2765138	1
2765142	1
2765160	1
2765206	1
2765271	1
2765326	1
2765534	1
2765576	1
2765612	2
2765670	1
2765686	1
2765751	1
2765773	1
2765831	1
2765840	1
2765903	1
2766002	1
2766051	1
2766068	1
2766073	1
2766193	1
2766239	1
2766334	1
2766399	1
2766403	1
2766410	1
2766491	1
2766554	1
2766578	1
2766633	1
2766688	1
2766723	1
2766779	1
2767052	1
2767067	1
2767123	1
2767131	1
2767185	1
2767263	1
2767316	1
2767349	1
2767368	1
2767414	1
2767550	1
2767610	1
2767655	1
2767672	1
2767883	1
2767929	1
2767953	1
2767964	1
2767986	1
2768004	1
2768023	1
2768057	1
2768085	1
2768113	1
2768199	1
2768216	1
2768319	1
2768378	1
2768409	1
2768438	1
2768483	1
2768569	1
2768621	1
2768694	1
2768712	1
2768737	1
2768764	1
2768798	1
2768820	1
2768833	1
2768847	1
2768900	1
2768961	1
2768993	1
2769056	1
2769060	1
2769121	1
2769143	2
2769194	2
2769314	1
2769404	1
2769667	1
2769791	1
2769819	1
2769822	1
2769846	1
2769930	1
2769951	1
2769973	1
2770031	1
2770057	1
2770227	1
2770268	1
2770273	1
2770307	1
2770425	1
2770438	1
2770483	1
2770510	1
2770555	1
2770643	1
2770770	1
2770871	1
2770888	1
2770958	1
2770989	1
2771037	1
2771122	1
2771181	1
2771231	1
2771262	1
2771369	1
2771372	1
2771432	1
2771444	1
2771475	1
2771489	1
2771602	1
2771651	2
2771866	1
2771877	1
2771928	1
2771945	1
2772022	1
2772224	1
2772340	1
2772584	1
2772595	1
2772683	1
2772752	1
2772767	1
2772799	1
2772817	1
2772832	1
2772959	1
2772965	1
2773197	1
2773220	1
2773288	1
2773326	1
2773361	1
2773393	1
2773481	1
2773528	1
2773545	1
2773686	1
2773716	1
2773727	1
2773730	1
2773773	1
2773823	1
2773903	1
2774028	1
2774118	1
2774185	1
2774219	1
2774263	1
2774278	1
2774316	1
2774373	1
2774420	1
2774492	1
2774508	1
2774515	1
2774582	1
2774669	2
2774726	1
2774970	1
2775017	1
2775026	1
2775058	1
2775151	1
2775195	1
2775343	1
2775394	1
2775405	1
2775607	1
2775622	1
2775635	1
2775711	1
2775869	1
2775904	1
2775931	1
2776097	1
2776150	1
2776166	1
2776182	1
2776194	1
2776365	1
2776371	1
2776462	1
2776512	1
2776586	1
2776807	1
2776835	1
2776902	1
2776949	1
2776951	1
2776973	1
2777088	1
2777103	1
2777110	1
2777212	1
2777237	1
2777309	1
2777413	1
2777452	1
2777467	1
2777500	1
2777517	1
2777623	1
2777739	1
2777830	1
2777849	1
2777907	1
2777954	1
2777963	1
2778055	1
2778072	1
2778238	1
2778386	1
2778473	1
2778504	1
2778579	1
2778689	1
2778719	1
2778735	1
2778746	1
2778778	1
2778852	1
2778977	1
2779030	1
2779084	1
2779100	1
2779126	1
2779208	2
2779282	1
2779301	1
2779313	1
2779328	1
2779345	1
2779399	1
2779455	1
2779491	1
2779519	1
2779590	1
2779606	1
2779704	1
2779779	1
2779785	1
2779911	1
2779960	1
2780050	1
2780066	1
2780094	1
2780109	1
2780125	1
2780259	1
2780332	1
2780389	1
2780454	1
2780478	1
2780501	1
2780534	1
2780552	1
2780567	1
2780576	1
2780599	1
2780653	1
2780751	1
2780784	1
2780857	1
2780896	1
2780924	1
2780948	1
2781051	1
2781208	1
2781221	1
2781239	1
2781243	1
2781250	1
2781277	1
2781352	1
2781380	1
2781436	1
2781590	1
2781620	1
2781647	1
2781671	1
2781704	1
2781731	1
2781796	1
2781812	1
2781837	1
2781853	1
2781898	1
2781911	1
2781925	1
2781942	1
2782093	1
2782116	1
2782130	1
2782149	1
2782213	1
2782339	1
2782377	1
2782429	1
2782470	1
2782514	1
2782559	1
2782565	1
2782619	1
2782635	1
2782663	1
2782711	1
2782756	1
2782810	1
2782824	1
2782891	1
2782957	1
2782979	1
2783122	1
2783181	1
2783223	1
2783372	1
2783493	1
2783574	1
2783759	1
2783866	1
2784143	1
2784182	1
2784217	1
2784306	1
2784388	1
2784541	1
2784755	1
2784835	1
2784846	1
2784863	1
2784881	1
2784968	1
2785036	1
2785069	1
2785072	1
2785087	1
2785114	1
2785133	1
2785238	1
2785305	1
2785312	1
2785329	1
2785451	1
2785518	1
2785540	1
2785626	1
2785707	1
2785834	1
2785867	1
2785915	2
2786022	1
2786063	1
2786170	1
2786210	1
2786248	1
2786323	1
2786439	1
2786466	1
2786516	1
2786527	1
2786568	1
2786573	1
2786595	1
2786625	1
2786642	1
2786656	1
2786660	1
2786683	1
2786701	1
2786713	1
2786780	1
2786799	1
2786800	1
2786858	1
2786889	1
2786914	1
2786988	1
2787004	1
2787031	1
2787134	1
2787176	1
2787227	1
2787268	1
2787284	1
2787363	1
2787425	1
2787442	1
2787548	1
2787615	1
2787621	1
2787753	1
2787814	1
2787892	1
2787958	1
2788162	1
2788207	1
2788235	1
2788349	1
2788351	1
2788384	1
2788447	1
2788465	1
2788488	1
2788594	1
2788825	1
2788842	1
2788937	1
2789033	1
2789136	1
2789212	1
2789270	1
2789338	1
2789342	1
2789356	1
2789360	1
2789452	1
2789467	1
2789476	1
2789500	1
2789517	1
2789561	1
2789782	1
2789827	1
2789895	1
2789919	1
2789978	1
2790154	1
2790181	1
2790262	1
2790369	1
2790511	1
2790649	1
2790706	2
2790771	1
2790850	1
2790913	1
2790999	1
2791071	1
2791124	1
2791136	1
2791155	1
2791205	1
2791311	1
2791383	1
2791397	1
2791480	1
2791526	1
2791561	1
2791589	1
2791708	1
2791739	1
2791777	1
2791851	1
2791868	1
2791895	1
2791990	1
2792036	1
2792048	1
2792192	1
2792225	1
2792256	1
2792260	1
2792337	1
2792386	1
2792484	1
2792632	1
2792707	1
2792778	1
2792781	2
2792790	1
2792845	1
2792867	1
2792876	1
2792921	1
2792943	1
2793068	1
2793073	1
2793084	1
2793158	1
2793239	1
2793334	1
2793367	1
2793380	1
2793436	1
2793659	1
2793688	1
2793718	1
2793723	1
2793740	1
2793762	1
2794007	1
2794046	1
2794081	1
2794236	1
2794323	1
2794379	1
2794396	1
2794421	1
2794443	1
2794494	1
2794568	1
2794683	1
2794780	1
2794817	1
2794875	1
2794914	1
2794988	1
2795028	1
2795067	1
2795140	1
2795157	2
2795222	1
2795281	1
2795290	1
2795330	1
2795368	1
2795373	1
2795395	1
2795420	1
2795459	1
2795624	1
2795726	1
2795732	1
2795789	1
2795809	1
2795883	1
2796017	1
2796026	1
2796151	1
2796267	1
2796280	1
2796308	1
2796405	1
2796412	1
2796437	1
2796464	1
2796565	1
2796571	1
2796635	1
2796654	1
2796663	1
2796711	1
2796756	1
2796760	1
2796836	1
2796962	1
2796979	1
2796996	1
2797015	1
2797109	1
2797125	1
2797156	1
2797206	2
2797214	1
2797332	1
2797407	1
2797435	1
2797513	1
2797637	1
2797670	1
2797698	1
2797751	1
2797773	1
2797831	1
2797924	1
2797955	1
2798083	1
2798166	1
2798194	1
2798365	1
2798388	1
2798431	1
2798440	1
2798462	1
2798537	1
2798541	1
2798601	1
2798613	1
2798710	1
2798724	1
2798807	1
2798854	1
2798890	1
2798949	1
2799023	1
2799057	1
2799101	1
2799113	1
2799322	1
2799335	1
2799363	1
2799411	1
2799503	1
2799548	1
2799608	1
2799639	1
2799650	1
2799682	1
2799865	1
2799888	1
2799932	1
2800109	1
2800111	1
2800125	1
2800292	1
2800317	1
2800393	1
2800576	1
2800641	1
2800686	1
2800716	1
2800727	1
2800751	1
2800768	1
2800784	2
2800823	1
2800879	1
2800896	1
2800903	1
2800936	1
2800948	1
2801016	1
2801193	1
2801301	1
2801367	1
2801424	1
2801436	1
2801554	1
2801581	1
2801659	1
2801688	1
2801731	1
2801757	1
2801837	1
2801864	1
2801909	1
2801956	1
2801960	1
2801997	2
2802026	1
2802058	1
2802075	1
2802116	1
2802280	1
2802315	2
2802382	1
2802405	1
2802437	1
2802520	1
2802533	1
2802619	1
2802711	1
2802803	1
2802810	2
2802848	1
2802904	1
2803012	1
2803053	1
2803119	1
2803163	1
2803218	1
2803257	1
2803387	1
2803400	1
2803461	1
2803525	1
2803538	1
2803560	1
2803574	1
2803627	1
2803649	1
2803695	1
2803850	1
2803967	1
2803980	1
2804009	1
2804056	1
2804115	1
2804261	1
2804320	1
2804388	1
2804529	1
2804613	1
2804676	1
2804724	1
2804736	1
2804748	1
2804769	1
2804846	1
2804890	1
2804930	1
2804973	1
2805072	1
2805087	1
2805188	1
2805209	1
2805473	1
2805562	1
2805600	1
2805644	1
2805661	1
2805719	1
2805746	1
2805801	1
2805921	1
2805982	1
2806022	1
2806081	1
2806090	1
2806105	1
2806291	1
2806323	1
2806379	1
2806385	1
2806415	1
2806443	1
2806697	1
2806701	1
2806780	1
2806826	1
2806832	1
2806875	1
2806906	1
2807023	1
2807079	1
2807134	1
2807167	1
2807199	1
2807216	1
2807230	1
2807268	1
2807295	1
2807409	1
2807460	1
2807536	1
2807591	1
2807621	1
2807639	1
2807814	1
2807888	1
2807892	1
2807932	1
2807958	1
2807975	1
2808028	1
2808067	1
2808123	1
2808140	1
2808179	1
2808290	1
2808302	1
2808351	1
2808373	1
2808610	1
2808672	1
2808937	1
2809059	1
2809065	1
2809103	1
2809110	1
2809187	1
2809237	1
2809325	1
2809360	1
2809434	1
2809467	1
2809480	1
2809499	1
2809500	1
2809544	1
2809604	1
2809618	1
2809830	1
2809907	1
2809954	1
2810023	1
2810062	1
2810152	1
2810268	1
2810425	1
2810474	1
2810510	1
2810536	1
2810650	1
2810694	1
2810705	1
2810712	1
2810798	1
2810820	1
2810847	2
2810888	1
2810932	1
2810975	1
2811190	1
2811223	1
2811231	1
2811285	1
2811355	1
2811400	1
2811489	1
2811509	1
2811538	1
2811695	1
2811733	1
2811765	1
2811788	1
2811843	1
2811967	1
2811999	1
2812007	1
2812105	1
2812210	1
2812291	1
2812331	1
2812385	1
2812396	1
2812466	1
2812477	1
2812482	1
2812549	1
2812609	1
2812611	1
2812713	1
2812906	1
2812971	1
2813125	1
2813138	1
2813271	1
2813552	1
2813576	1
2813653	1
2813716	1
2813727	1
2813948	1
2813955	1
2813987	1
2814179	1
2814207	1
2814254	1
2814368	1
2814459	1
2814471	1
2814521	1
2814539	2
2814610	1
2814655	1
2814669	1
2814687	1
2814732	1
2814793	1
2814825	1
2814986	1
2815017	1
2815032	1
2815130	1
2815245	1
2815267	1
2815315	1
2815339	1
2815377	1
2815382	1
2815520	1
2815622	1
2815654	1
2815742	1
2815824	1
2815872	1
2815891	1
2816011	1
2816083	1
2816143	1
2816194	1
2816293	1
2816306	1
2816365	1
2816440	1
2816512	1
2816537	1
2816601	1
2816613	1
2816652	1
2816667	1
2816676	1
2816699	1
2816724	1
2816769	1
2816819	1
2816878	2
2816890	1
2816968	1
2816984	1
2817047	1
2817065	1
2817092	1
2817124	1
2817148	1
2817172	1
2817212	1
2817325	1
2817413	1
2817428	1
2817434	1
2817445	1
2817452	1
2817532	1
2817640	1
2817802	1
2817851	1
2817873	2
2817963	1
2817990	1
2818036	1
2818133	1
2818171	1
2818283	1
2818370	1
2818484	1
2818504	1
2818540	1
2818562	1
2818754	1
2818828	1
2818845	1
2818908	1
2818950	1
2819016	1
2819068	1
2819073	1
2819084	1
2819208	1
2819215	1
2819282	1
2819301	1
2819376	1
2819469	1
2819472	1
2819563	1
2819620	1
2819704	1
2819718	1
2819785	1
2819796	1
2819812	1
2820099	1
2820118	1
2820123	1
2820140	1
2820157	1
2820222	1
2820327	1
2820414	1
2820420	1
2820488	1
2820492	1
2820672	1
2820838	1
2820883	1
2820905	1
2820941	2
2820953	1
2820998	1
2821044	1
2821089	1
2821116	1
2821151	1
2821213	1
2821276	1
2821343	1
2821350	1
2821429	1
2821464	1
2821654	1
2821678	1
2821756	1
2821803	1
2821810	1
2821824	1
2821923	1
2822073	1
2822208	1
2822221	1
2822282	1
2822367	1
2822519	1
2822535	1
2822581	1
2822841	1
2822853	1
2822886	1
2823010	1
2823036	1
2823048	1
2823238	1
2823283	1
2823495	1
2823540	1
2823562	1
2823626	1
2823675	1
2823693	1
2823778	1
2823899	1
2823939	1
2824031	1
2824057	1
2824096	1
2824273	1
2824322	1
2824503	1
2824510	1
2824548	1
2824555	1
2824677	1
2824764	1
2824786	1
2824859	1
2824888	1
2824892	1
2825086	1
2825107	1
2825135	1
2825178	1
2825240	1
2825303	1
2825310	1
2825417	1
2825461	1
2825509	1
2825511	1
2825525	1
2825556	1
2825574	1
2825583	1
2825668	1
2825747	1
2825765	1
2825788	1
2825894	1
2825952	1
2825999	1
2826006	1
2826103	1
2826136	1
2826148	1
2826212	1
2826264	1
2826298	1
2826383	1
2826413	1
2826452	1
2826476	1
2826499	1
2826517	1
2826532	1
2826604	1
2826623	1
2826631	1
2826657	1
2826794	1
2826827	1
2826851	1
2826919	1
2826935	1
2826954	1
2826963	1
2826978	1
2827083	2
2827097	1
2827143	1
2827166	1
2827182	1
2827275	1
2827306	1
2827347	1
2827359	1
2827365	1
2827431	1
2827553	1
2827645	1
2827676	1
2827890	1
2827984	1
2828015	1
2828050	1
2828138	1
2828220	1
2828326	1
2828332	1
2828358	1
2828481	1
2828490	1
2828629	1
2828641	1
2828686	1
2828730	1
2828751	1
2828903	1
2828991	1
2829054	1
2829078	1
2829090	1
2829186	1
2829236	1
2829248	1
2829269	1
2829318	1
2829396	1
2829443	1
2829516	1
2829595	1
2829713	1
2829745	1
2829826	1
2829858	1
2829914	1
2829959	1
2830211	1
2830312	1
2830370	1
2830386	1
2830468	1
2830504	1
2830518	1
2830562	1
2830778	1
2830790	1
2830880	1
2830899	1
2830915	1
2830939	1
2830950	1
2831019	1
2831063	1
2831078	1
2831129	1
2831141	1
2831224	1
2831287	1
2831291	1
2831323	1
2831331	1
2831396	1
2831482	1
2831549	1
2831595	1
2831609	1
2831611	1
2831642	1
2831674	1
2831697	1
2831752	1
2831826	1
2831844	1
2831965	1
2831971	1
2832119	1
2832163	1
2832181	1
2832279	1
2832369	1
2832400	1
2832444	1
2832493	1
2832630	2
2832651	1
2832720	1
2832839	2
2832894	1
2832934	1
2832967	1
2833000	1
2833044	1
2833058	1
2833168	1
2833173	1
2833195	1
2833201	1
2833350	1
2833520	1
2833565	1
2833654	1
2833678	1
2833803	1
2833891	1
2834047	1
2834172	1
2834187	1
2834191	1
2834356	1
2834383	1
2834434	1
2834445	1
2834558	1
2834794	1
2834868	1
2834946	1
2834963	1
2835015	1
2835125	1
2835174	1
2835214	1
2835247	1
2835300	1
2835326	1
2835344	1
2835481	1
2835534	1
2835545	1
2835612	1
2835730	1
2835804	1
2835840	1
2835862	1
2835879	1
2835903	1
2835910	1
2835948	1
2835987	1
2836002	1
2836073	1
2836144	1
2836193	1
2836243	2
2836313	1
2836403	1
2836448	1
2836590	1
2836718	1
2836812	1
2836864	1
2836942	1
2836956	1
2837013	1
2837045	1
2837196	1
2837263	1
2837302	1
2837414	1
2837459	1
2837488	1
2837577	1
2837582	1
2837700	1
2837761	1
2837809	1
2837856	1
2837953	1
2838004	1
2838031	1
2838062	1
2838134	1
2838202	1
2838230	1
2838273	1
2838319	1
2838346	1
2838555	1
2838587	1
2838712	1
2838737	1
2838764	1
2838806	1
2838814	1
2838892	1
2838989	1
2839011	1
2839060	1
2839074	1
2839097	1
2839108	1
2839139	1
2839177	1
2839200	1
2839293	1
2839314	1
2839371	1
2839440	1
2839457	1
2839479	1
2839564	1
2839628	1
2839703	1
2839807	1
2839822	1
2839881	1
2839902	1
2839973	1
2840005	1
2840037	1
2840181	1
2840218	1
2840231	2
2840348	1
2840387	1
2840444	1
2840489	1
2840509	1
2840525	1
2840649	1
2840684	1
2840706	1
2840882	1
2841006	1
2841033	1
2841071	1
2841088	1
2841124	1
2841205	1
2841229	1
2841241	1
2841264	1
2841311	1
2841413	1
2841679	1
2841802	1
2841816	1
2841895	1
2841981	1
2842003	1
2842069	1
2842106	1
2842171	1
2842192	1
2842211	1
2842238	1
2842305	1
2842353	1
2842364	1
2842416	1
2842484	1
2842523	1
2842540	1
2842689	1
2842693	1
2842719	1
2842763	1
2842801	1
2842852	2
2842908	1
2842915	1
2843016	1
2843221	1
2843239	1
2843301	1
2843345	1
2843367	1
2843399	1
2843436	1
2843455	1
2843487	1
2843554	2
2843590	1
2843671	1
2843688	1
2843723	1
2843762	1
2843886	1
2843974	1
2844019	1
2844035	1
2844078	1
2844112	1
2844137	1
2844153	1
2844170	1
2844304	1
2844318	1
2844357	1
2844421	1
2844466	1
2844482	1
2844530	1
2844551	1
2844780	1
2844861	1
2844914	1
2845099	1
2845196	1
2845254	1
2845368	1
2845395	1
2845406	1
2845433	1
2845471	1
2845577	1
2845636	1
2845655	1
2845687	1
2845717	1
2845775	1
2845789	1
2845793	1
2845842	1
2845929	1
2846151	1
2846213	1
2846234	1
2846245	1
2846280	1
2846308	1
2846350	1
2846437	1
2846533	1
2846547	1
2846646	1
2846678	1
2846681	1
2846690	1
2846738	1
2846742	1
2846824	1
2846836	1
2846848	1
2846872	1
2846891	1
2847015	1
2847021	1
2847066	1
2847326	1
2847389	1
2847454	1
2847490	1
2847513	1
2847534	1
2847612	1
2847664	1
2847670	1
2847702	1
2847727	1
2847749	1
2847768	1
2847955	1
2848038	1
2848074	1
2848166	1
2848200	1
2848244	1
2848261	1
2848289	1
2848423	1
2848440	1
2848479	1
2848541	1
2848598	1
2848652	1
2848755	1
2848951	1
2848968	1
2848995	1
2849145	1
2849152	1
2849249	1
2849335	1
2849378	1
2849409	1
2849438	1
2849497	1
2849503	1
2849650	1
2849694	1
2849712	1
2849764	1
2849798	1
2849806	1
2849820	1
2849932	1
2849944	1
2849958	1
2849975	1
2849989	1
2850144	1
2850161	1
2850266	1
2850376	1
2850491	1
2850590	1
2850620	1
2850633	1
2850647	1
2850671	1
2850723	1
2850757	1
2850837	1
2850841	2
2850853	1
2850898	1
2850938	1
2851018	1
2851057	1
2851152	1
2851176	1
2851180	1
2851227	1
2851230	1
2851251	1
2851268	1
2851295	1
2851346	1
2851438	1
2851503	2
2851524	1
2851548	1
2851591	1
2851621	1
2851639	1
2851737	1
2851753	1
2851798	1
2851820	1
2851958	1
2852001	1
2852045	1
2852235	1
2852351	1
2852406	1
2852447	1
2852655	1
2852793	1
2852825	1
2852842	1
2852856	1
2852937	1
2852970	1
2852986	1
2852998	1
2853047	1
2853065	1
2853136	1
2853212	1
2853311	1
2853342	1
2853467	1
2853480	1
2853499	1
2853558	1
2853561	1
2853631	1
2853696	1
2853708	1
2853739	1
2853750	1
2853766	1
2853777	1
2853816	1
2853873	1
2853922	1
2853954	1
2854026	1
2854044	1
2854061	1
2854184	1
2854195	1
2854201	1
2854228	1
2854245	1
2854299	1
2854382	1
2854437	1
2854441	1
2854498	1
2854592	1
2854619	1
2854681	1
2854760	1
2854918	1
2855139	1
2855150	1
2855275	1
2855289	1
2855306	1
2855359	1
2855365	1
2855440	1
2855485	1
2855819	1
2855927	1
2855949	1
2855995	1
2856010	1
2856147	1
2856159	1
2856192	1
2856238	1
2856256	1
2856312	1
2856329	1
2856337	2
2856370	1
2856398	1
2856416	1
2856427	1
2856468	1
2856658	1
2856707	1
2856834	1
2856899	1
2856921	1
2857012	1
2857029	1
2857064	1
2857070	1
2857107	1
2857257	1
2857279	1
2857336	1
2857355	1
2857369	1
2857493	2
2857538	1
2857556	1
2857583	1
2857597	1
2857668	1
2857720	1
2857747	1
2857759	1
2857808	1
2857815	1
2857928	1
2857999	1
2858007	1
2858019	1
2858105	1
2858137	1
2858291	1
2858362	1
2858396	1
2858439	1
2858450	1
2858466	1
2858551	1
2858568	1
2858625	1
2858697	1
2858832	1
2858861	1
2858959	1
2859109	1
2859138	1
2859271	1
2859288	1
2859326	1
2859358	1
2859375	1
2859534	1
2859698	1
2859730	1
2859751	1
2859773	1
2859885	1
2859903	1
2859955	1
2860014	1
2860033	1
2860065	1
2860092	1
2860136	1
2860148	1
2860212	1
2860342	1
2860360	1
2860413	1
2860517	1
2860575	1
2860593	1
2860604	1
2860640	1
2860657	1
2860679	1
2860715	2
2860851	1
2860963	1
2860981	1
2861015	1
2861021	1
2861050	1
2861174	1
2861183	1
2861220	1
2861265	1
2861454	1
2861599	1
2861605	1
2861641	1
2861716	1
2861730	1
2861804	1
2861831	1
2861903	1
2861969	1
2861987	1
2862074	1
2862320	1
2862333	1
2862404	1
2862541	1
2862680	1
2862703	1
2862755	1
2862769	1
2862787	1
2862819	1
2862890	2
2862902	1
2862916	1
2862949	1
2862951	1
2863085	1
2863096	1
2863145	1
2863180	1
2863227	1
2863378	1
2863411	1
2863425	1
2863483	1
2863587	1
2863621	1
2863677	1
2863712	1
2863729	1
2863847	2
2863865	1
2863871	1
2863892	1
2863958	1
2864010	1
2864024	1
2864072	1
2864106	1
2864114	1
2864147	1
2864305	1
2864337	1
2864540	1
2864557	1
2864617	1
2864626	1
2864746	1
2864790	1
2864801	1
2864921	1
2864939	1
2864966	1
2864977	1
2865022	1
2865035	1
2865078	1
2865112	1
2865137	1
2865153	1
2865164	1
2865210	1
2865269	1
2865625	1
2865734	1
2865767	1
2865799	1
2865844	2
2865861	1
2865875	1
2865947	1
2865965	1
2866013	1
2866076	1
2866219	1
2866235	1
2866433	1
2866447	1
2866521	1
2866539	1
2866577	1
2866594	1
2866700	1
2866842	1
2866883	1
2866912	1
2866964	1
2866998	1
2867144	1
2867161	1
2867239	1
2867266	1
2867277	1
2867399	1
2867472	1
2867522	1
2867535	1
2867563	1
2867633	1
2867911	1
2867925	1
2867942	1
2867956	1
2867983	1
2868017	1
2868026	1
2868058	1
2868061	1
2868075	1
2868127	1
2868184	1
2868201	1
2868280	1
2868339	1
2868350	1
2868366	1
2868377	2
2868453	1
2868498	1
2868520	1
2868533	1
2868547	1
2868588	1
2868607	1
2868619	1
2868663	1
2868797	1
2868872	1
2868923	1
2869064	1
2869070	1
2869146	1
2869178	1
2869279	1
2869310	1
2869336	1
2869369	1
2869432	2
2869461	1
2869511	1
2869542	1
2869597	1
2869616	1
2869651	1
2869706	1
2869720	1
2869759	2
2869765	1
2869788	1
2869821	1
2869839	1
2869843	1
2870044	1
2870102	1
2870116	1
2870130	1
2870252	1
2870339	2
2870343	1
2870366	1
2870394	1
2870453	1
2870464	1
2870498	1
2870533	1
2870619	1
2870654	1
2870690	1
2870742	1
2870760	1
2870918	1
2871011	1
2871056	1
2871139	1
2871177	1
2871314	1
2871359	1
2871423	1
2871512	1
2871541	1
2871613	1
2871736	1
2871748	1
2871807	1
2871854	1
2871863	1
2872142	1
2872214	1
2872233	1
2872326	1
2872393	1
2872435	1
2872490	1
2872501	1
2872641	1
2872670	1
2872751	1
2872773	1
2872804	1
2872823	1
2872924	1
2872969	1
2872972	1
2873007	1
2873186	1
2873198	1
2873203	1
2873224	1
2873269	1
2873291	1
2873396	1
2873466	1
2873530	1
2873573	1
2873595	1
2873638	2
2873660	1
2873780	1
2873799	1
2873817	1
2873844	1
2873858	1
2873875	1
2873889	1
2873893	1
2873914	1
2873992	1
2874073	1
2874158	1
2874175	1
2874193	1
2874215	1
2874221	1
2874301	1
2874352	1
2874376	1
2874403	1
2874410	1
2874487	1
2874606	1
2874633	1
2874671	1
2874718	1
2874731	1
2874740	1
2874762	1
2874925	1
2874983	1
2874997	1
2875004	2
2875216	1
2875273	1
2875378	1
2875438	1
2875456	1
2875483	1
2875510	1
2875536	1
2875639	1
2875643	1
2875737	1
2875770	1
2875786	2
2875814	1
2875917	1
2875958	1
2875961	1
2876064	1
2876146	1
2876154	1
2876181	1
2876223	1
2876231	1
2876310	1
2876369	1
2876372	1
2876387	1
2876432	1
2876649	1
2876651	1
2876684	1
2876714	1
2876901	2
2877003	1
2877010	1
2877024	1
2877048	1
2877147	1
2877165	1
2877337	1
2877370	1
2877430	1
2877540	1
2877562	1
2877596	1
2877644	1
2877675	1
2877693	1
2877754	1
2877763	1
2877790	1
2877834	1
2877867	1
2877939	1
2877943	1
2878033	1
2878110	1
2878212	1
2878241	1
2878253	1
2878342	1
2878356	1
2878374	1
2878428	1
2878526	1
2878561	1
2878575	1
2878640	2
2878696	1
2878766	1
2878802	1
2878827	1
2878851	1
2878868	1
2878873	1
2878907	1
2878919	1
2878935	1
2878954	1
2879104	1
2879162	1
2879351	1
2879384	1
2879406	1
2879433	1
2879492	1
2879577	1
2879582	1
2879655	1
2879669	1
2879775	1
2879793	1
2879897	1
2879937	1
2880035	1
2880046	1
2880129	1
2880137	1
2880141	1
2880210	1
2880255	1
2880396	1
2880466	1
2880482	1
2880551	1
2880573	1
2880595	1
2880625	1
2880660	1
2880697	1
2880713	1
2880745	1
2880767	1
2880858	1
2880875	1
2880906	1
2880920	1
2880959	1
2880971	1
2881001	1
2881080	2
2881118	1
2881185	1
2881235	1
2881254	1
2881330	1
2881349	1
2881384	1
2881488	1
2881492	1
2881515	1
2881550	1
2881610	1
2881655	1
2881732	1
2881811	1
2881838	1
2881998	1
2882023	1
2882057	1
2882079	1
2882176	1
2882199	1
2882230	1
2882251	1
2882268	1
2882284	1
2882319	1
2882381	1
2882474	1
2882682	1
2882729	1
2882737	1
2882741	1
2882764	1
2882798	1
2882865	1
2882892	1
2882975	1
2883074	1
2883194	1
2883244	1
2883289	1
2883293	1
2883347	1
2883365	1
2883440	1
2883496	1
2883699	1
2883703	1
2884012	1
2884070	1
2884154	1
2884178	1
2884181	1
2884262	1
2884324	1
2884432	1
2884489	1
2884556	1
2884574	1
2884651	1
2884771	1
2884894	1
2885006	1
2885088	1
2885187	1
2885356	1
2885467	1
2885662	1
2885830	1
2885868	1
2885907	1
2885919	1
2885954	1
2886015	1
2886039	1
2886043	1
2886138	1
2886142	1
2886214	1
2886389	1
2886454	1
2886501	1
2886552	1
2886576	1
2886612	1
2886653	1
2886664	1
2886716	1
2886751	1
2886804	2
2886896	1
2887061	1
2887116	1
2887213	1
2887252	1
2887321	1
2887339	1
2887350	1
2887382	1
2887453	1
2887464	1
2887520	1
2887559	1
2887783	1
2887957	2
2887996	1
2888002	1
2888117	1
2888193	1
2888239	1
2888250	1
2888266	1
2888282	1
2888313	1
2888352	1
2888436	1
2888578	1
2888659	1
2888688	1
2888704	1
2888740	1
2888779	1
2888785	1
2888796	1
2888870	1
2888938	1
2888960	1
2889072	1
2889091	1
2889120	1
2889225	1
2889242	1
2889260	1
2889430	1
2889449	1
2889468	1
2889523	1
2889626	1
2889632	1
2889661	1
2889746	1
2889813	1
2889828	1
2889834	1
2889867	1
2889939	1
2889966	1
2889994	1
2890009	1
2890025	1
2890143	1
2890182	1
2890200	1
2890226	1
2890232	1
2890244	1
2890293	1
2890306	1
2890333	1
2890485	1
2890512	1
2890598	1
2890613	1
2890676	1
2890755	1
2890769	1
2890772	1
2890878	1
2890890	1
2890995	1
2891192	1
2891256	1
2891274	1
2891283	1
2891402	1
2891675	1
2891722	1
2891735	1
2891781	1
2891828	1
2891845	1
2891982	1
2892014	1
2892059	1
2892172	1
2892212	1
2892253	1
2892264	1
2892342	1
2892383	1
2892499	1
2892589	1
2892657	1
2892685	1
2892782	1
2892802	2
2892827	1
2892873	1
2892907	1
2892954	1
2893104	2
2893118	1
2893278	1
2893316	1
2893330	1
2893406	1
2893447	1
2893465	1
2893508	1
2893669	1
2893732	1
2893838	1
2893874	1
2893941	1
2893998	1
2894021	1
2894077	1
2894111	1
2894142	1
2894220	1
2894259	1
2894271	1
2894422	1
2894501	1
2894513	1
2894545	1
2894552	2
2894653	1
2894670	1
2894749	1
2894818	1
2894885	1
2894903	1
2894969	1
2895002	1
2895100	1
2895117	1
2895282	1
2895455	1
2895554	1
2895563	1
2895590	1
2895620	1
2895633	1
2895692	1
2895837	1
2895909	1
2895956	1
2896018	1
2896023	1
2896062	1
2896079	1
2896085	1
2896101	1
2896128	2
2896199	2
2896284	1
2896346	1
2896411	1
2896425	1
2896536	1
2896587	1
2896608	1
2896639	1
2896694	1
2896729	1
2896737	2
2896741	1
2896770	1
2896833	1
2896865	1
2896917	1
2897022	1
2897081	1
2897198	1
2897340	1
2897379	1
2897450	1
2897482	1
2897494	1
2897549	1
2897551	1
2897642	1
2897713	1
2897826	1
2897861	1
2897947	1
2897965	1
2897971	1
2897988	1
2898041	1
2898053	1
2898064	1
2898070	1
2898086	2
2898119	1
2898122	1
2898163	1
2898178	1
2898218	1
2898240	1
2898303	1
2898310	1
2898369	1
2898426	1
2898444	1
2898461	1
2898493	1
2898511	1
2898525	1
2898560	1
2898574	1
2898597	1
2898673	1
2898759	1
2898765	1
2898839	1
2898850	1
2898877	1
2898913	1
2899000	1
2899017	1
2899058	1
2899102	1
2899173	1
2899213	1
2899321	1
2899339	1
2899412	1
2899514	1
2899565	1
2899678	1
2899690	1
2899711	1
2899803	1
2899855	1
2899891	1
2899923	1
2899957	1
2899996	1
2900028	1
2900034	1
2900045	1
2900067	1
2900080	1
2900123	2
2900131	1
2900157	1
2900219	1
2900222	1
2900278	1
2900316	1
2900433	1
2900465	1
2900488	1
2900515	1
2900594	1
2900655	1
2900793	1
2900838	1
2900883	1
2900941	1
2900998	1
2901127	1
2901149	1
2901151	1
2901168	1
2901173	1
2901184	1
2901201	1
2901228	1
2901252	1
2901315	1
2901366	1
2901429	1
2901441	1
2901464	1
2901470	1
2901506	1
2901520	1
2901547	1
2901559	1
2901607	1
2901654	1
2901681	1
2901725	1
2901760	1
2901803	1
2901872	1
2901918	2
2901940	1
2902030	1
2902117	1
2902215	1
2902266	1
2902301	1
2902563	1
2902581	1
2902606	1
2902647	1
2902723	1
2902837	1
2902864	1
2902870	1
2902942	1
2902983	1
2903120	1
2903242	1
2903260	1
2903274	1
2903305	1
2903329	1
2903337	1
2903353	1
2903364	1
2903370	1
2903430	1
2903449	1
2903518	1
2903557	1
2903585	1
2903626	1
2903632	1
2903658	1
2903661	1
2903754	1
2903828	1
2903876	1
2903880	1
2903977	1
2904040	1
2904062	1
2904128	1
2904134	1
2904152	1
2904176	1
2904180	1
2904251	2
2904346	2
2904378	1
2904587	1
2904591	1
2904639	1
2904682	1
2904737	1
2904944	1
2905005	1
2905064	1
2905223	1
2905257	1
2905296	1
2905324	1
2905387	1
2905391	1
2905489	1
2905616	1
2905673	1
2905934	1
2906110	1
2906148	1
2906169	1
2906187	1
2906229	1
2906237	1
2906286	1
2906298	1
2906356	1
2906374	1
2906413	1
2906445	1
2906499	1
2906575	1
2906618	1
2906679	1
2906708	1
2906830	1
2906895	1
2906907	1
2906946	1
2907038	1
2907056	1
2907097	1
2907139	1
2907166	1
2907177	1
2907194	1
2907261	1
2907306	1
2907314	1
2907418	1
2907431	1
2907457	1
2907496	1
2907512	1
2907553	1
2907613	1
2907628	1
2907634	1
2907667	1
2907676	1
2907787	1
2907807	1
2907949	1
2908066	2
2908111	1
2908138	1
2908160	1
2908206	1
2908259	1
2908358	1
2908361	1
2908422	1
2908481	1
2908545	1
2908641	1
2908653	1
2908686	1
2908702	1
2908831	1
2908896	1
2908903	1
2908936	1
2908948	1
2909019	1
2909081	1
2909141	1
2909170	1
2909203	1
2909224	1
2909323	1
2909421	1
2909443	1
2909466	1
2909477	1
2909551	1
2909611	1
2909660	1
2909701	1
2909713	1
2909767	1
2909858	1
2909875	1
2910009	1
2910011	1
2910083	1
2910121	1
2910314	1
2910404	1
2910496	1
2910529	1
2910541	1
2910564	1
2910628	1
2910710	1
2910736	1
2910748	1
2910755	1
2910769	1
2910807	1
2910902	1
2910968	1
2911048	1
2911133	1
2911238	1
2911260	1
2911305	1
2911329	1
2911341	1
2911386	1
2911504	1
2911540	1
2911579	1
2911689	1
2911693	1
2911735	1
2911781	1
2911880	1
2911921	1
2911943	1
2911966	1
2912103	1
2912124	1
2912155	2
2912172	1
2912205	1
2912212	1
2912237	1
2912270	1
2912383	1
2912397	1
2912445	1
2912517	1
2912544	1
2912623	1
2912685	1
2912750	1
2912766	1
2912816	1
2912954	1
2912990	1
2913001	1
2913196	1
2913219	2
2913235	1
2913254	1
2913263	1
2913330	1
2913521	1
2913610	1
2913636	1
2913655	1
2913687	1
2913700	1
2913793	1
2913825	1
2913883	2
2913912	1
2913941	1
2913970	1
2914050	1
2914214	1
2914220	1
2914247	1
2914265	1
2914271	1
2914292	1
2914300	1
2914407	1
2914419	1
2914481	1
2914528	1
2914552	1
2914702	1
2914784	1
2914862	1
2914936	1
2914972	1
2914987	1
2914991	1
2915095	1
2915132	1
2915250	1
2915282	1
2915294	1
2915334	1
2915403	1
2915507	1
2915563	1
2915581	1
2915633	1
2915688	1
2915805	1
2915829	1
2915837	1
2915864	1
2916018	1
2916040	1
2916096	1
2916145	1
2916268	1
2916354	1
2916438	1
2916555	1
2916572	1
2916770	1
2916798	1
2916871	1
2916917	1
2916961	1
2916993	1
2917022	1
2917035	1
2917046	1
2917129	1
2917137	1
2917153	1
2917203	1
2917248	1
2917318	1
2917331	1
2917439	1
2917477	1
2917549	1
2917660	1
2917701	1
2917776	1
2917817	1
2917826	1
2917858	1
2917861	1
2917988	1
2918012	1
2918122	1
2918135	1
2918296	1
2918348	1
2918432	1
2918525	1
2918602	1
2918695	1
2918747	1
2918771	1
2918788	1
2918815	1
2918901	1
2918980	1
2919017	1
2919058	1
2919093	1
2919130	1
2919213	1
2919280	1
2919308	1
2919321	1
2919377	1
2919394	1
2919405	1
2919498	1
2919547	1
2919559	1
2919756	1
2919872	1
2919887	1
2919931	1
2919985	1
2920008	1
2920043	1
2920050	1
2920077	1
2920109	1
2920183	1
2920220	1
2920265	1
2920292	1
2920389	1
2920478	1
2920567	1
2920576	1
2920599	1
2920818	1
2920857	1
2920879	1
2920885	1
2920910	1
2920936	1
2921002	1
2921016	1
2921030	1
2921189	1
2921215	1
2921221	1
2921243	1
2921352	1
2921469	1
2921491	1
2921535	1
2921578	1
2921659	1
2921665	1
2921718	1
2921723	1
2921785	1
2921805	1
2921938	1
2922044	1
2922149	1
2922151	1
2922234	1
2922252	1
2922299	1
2922308	1
2922339	1
2922343	1
2922350	1
2922366	1
2922429	1
2922441	1
2922486	1
2922498	1
2922520	1
2922622	1
2922678	1
2922681	1
2922690	1
2922803	1
2922836	1
2922940	1
2922979	1
2923053	1
2923107	1
2923204	1
2923223	1
2923279	1
2923387	1
2923400	1
2923426	1
2923444	1
2923461	1
2923538	1
2923616	1
2923649	1
2923673	1
2923684	1
2923720	1
2923928	2
2923980	1
2923999	1
2924009	1
2924011	1
2924097	1
2924115	1
2924139	1
2924150	1
2924200	1
2924226	1
2924275	1
2924496	1
2924512	1
2924541	1
2924553	2
2924703	1
2924755	1
2924822	1
2924835	1
2924902	1
2924916	1
2924927	1
2924951	1
2924968	1
2925010	1
2925072	1
2925114	1
2925120	1
2925165	1
2925171	1
2925192	1
2925225	1
2925274	1
2925305	1
2925341	1
2925416	1
2925427	1
2925449	2
2925484	1
2925579	1
2925746	1
2925801	1
2925834	1
2925939	1
2925982	1
2926063	1
2926105	1
2926112	1
2926170	1
2926248	1
2926255	1
2926323	1
2926415	1
2926443	1
2926450	1
2926549	1
2926551	1
2926584	1
2926595	1
2926728	1
2926734	1
2926767	1
2926776	1
2926817	1
2926920	1
2927057	1
2927085	1
2927152	1
2927202	1
2927227	1
2927319	1
2927335	1
2927378	1
2927411	1
2927438	1
2927460	1
2927621	1
2927798	1
2927917	1
2927932	1
2928162	1
2928471	1
2928624	1
2928687	1
2928744	1
2928789	1
2928809	1
2928929	1
2928964	1
2928986	1
2928998	1
2929014	1
2929088	1
2929212	1
2929342	1
2929356	1
2929452	1
2929544	1
2929640	1
2929743	1
2929766	1
2929827	1
2929851	1
2929978	1
2929990	1
2930012	1
2930070	1
2930181	1
2930240	1
2930285	1
2930296	1
2930310	1
2930324	1
2930432	1
2930538	1
2930616	1
2930630	1
2930668	1
2930815	1
2930850	1
2930866	1
2930882	1
2931033	1
2931237	1
2931270	1
2931311	1
2931325	1
2931360	2
2931383	1
2931452	1
2931532	1
2931593	1
2931631	1
2931662	1
2931739	1
2931766	1
2931919	1
2931935	1
2932036	1
2932055	1
2932147	2
2932211	1
2932283	1
2932430	1
2932484	1
2932523	1
2932562	1
2932579	1
2932617	1
2932661	1
2932693	1
2932813	1
2932828	1
2932845	1
2933027	1
2933068	1
2933208	1
2933239	1
2933266	1
2933277	1
2933376	1
2933410	1
2933424	1
2933590	1
2933665	1
2933718	1
2933829	1
2933898	1
2933909	1
2933983	1
2934105	1
2934112	1
2934137	1
2934153	1
2934203	1
2934224	1
2934331	1
2934450	1
2934494	1
2934530	1
2934549	1
2934568	1
2934573	1
2934595	1
2934656	1
2934683	1
2934701	1
2934734	1
2934752	1
2934844	1
2934947	1
2935034	1
2935045	1
2935052	1
2935104	1
2935157	1
2935179	1
2935278	1
2935281	1
2935368	1
2935406	1
2935550	1
2935566	1
2935758	1
2935775	1
2935811	1
2935897	1
2935986	1
2936044	2
2936075	1
2936089	1
2936130	1
2936195	1
2936245	1
2936343	1
2936453	1
2936547	1
2936592	1
2936619	1
2936622	1
2936663	1
2936709	1
2936760	1
2936810	1
2936836	1
2936872	1
2937094	1
2937197	1
2937233	1
2937247	1
2937265	1
2937317	1
2937332	1
2937422	1
2937481	1
2937490	1
2937567	1
2937749	1
2937751	1
2937784	1
2937818	1
2937831	1
2937896	1
2938038	1
2938115	1
2938121	1
2938143	1
2938150	1
2938166	1
2938177	1
2938217	1
2938306	1
2938392	1
2938404	1
2938423	1
2938505	1
2938553	1
2938564	1
2938570	1
2938613	1
2938628	1
2938634	1
2938680	1
2938699	1
2938890	1
2938916	1
2939040	1
2939096	1
2939152	1
2939199	1
2939216	1
2939249	1
2939251	1
2939381	1
2939390	1
2939438	1
2939497	1
2939591	1
2939615	1
2939621	1
2939729	1
2939786	1
2939814	1
2939871	1
2940003	1
2940010	1
2940048	1
2940069	1
2940133	1
2940147	2
2940209	1
2940260	1
2940468	1
2940531	1
2940557	1
2940735	1
2940908	1
2941063	1
2941081	1
2941248	1
2941272	1
2941287	1
2941323	2
2941340	1
2941362	1
2941421	1
2941482	1
2941516	2
2941527	1
2941595	1
2941656	1
2941674	1
2941713	1
2941799	1
2941959	1
2941965	1
2942070	1
2942119	1
2942163	1
2942231	1
2942257	1
2942279	1
2942369	1
2942475	1
2942695	1
2942759	1
2942792	1
2942850	1
2942980	1
2943026	1
2943044	1
2943061	1
2943173	1
2943184	1
2943377	1
2943441	1
2943470	1
2943547	1
2943690	1
2943738	1
2943756	1
2943803	1
2943810	1
2943824	1
2943848	1
2943855	1
2944020	2
2944071	1
2944124	1
2944229	1
2944309	1
2944325	1
2944374	1
2944413	1
2944526	1
2944532	1
2944544	1
2944575	1
2944657	1
2944679	1
2944715	1
2944830	1
2944851	1
2944895	1
2944919	1
2944990	1
2945111	1
2945138	1
2945259	1
2945292	1
2945332	1
2945344	1
2945393	1
2945513	1
2945702	1
2945879	1
2946049	1
2946073	1
2946126	1
2946221	1
2946266	1
2946345	1
2946352	1
2946380	1
2946399	1
2946410	1
2946507	1
2946546	1
2946590	1
2946723	1
2946740	1
2946779	1
2946785	1
2946886	1
2946911	1
2946956	1
2946974	1
2947034	1
2947067	1
2947076	1
2947123	1
2947157	1
2947179	1
2947207	1
2947254	1
2947395	1
2947406	1
2947465	1
2947492	1
2947610	1
2947672	1
2947687	1
2947726	1
2947775	1
2947838	1
2947912	1
2947937	1
2948031	1
2948134	1
2948152	1
2948216	1
2948319	2
2948378	1
2948411	2
2948497	1
2948536	1
2948548	1
2948608	1
2948639	1
2948677	1
2948694	1
2948770	1
2948806	1
2948820	1
2948833	2
2948859	1
2948900	1
2948917	1
2948989	1
2949150	1
2949182	1
2949347	1
2949440	1
2949529	1
2949601	1
2949645	1
2949652	1
2949680	1
2949755	1
2949973	1
2950075	1
2950093	1
2950151	1
2950168	1
2950201	1
2950245	1
2950267	1
2950276	1
2950405	1
2950429	1
2950437	1
2950498	1
2950742	1
2950760	1
2950797	1
2950824	1
2950985	1
2951115	1
2951121	1
2951139	1
2951166	1
2951306	1
2951320	1
2951359	1
2951418	1
2951601	1
2951676	1
2951822	1
2951854	1
2951916	1
2952125	1
2952206	1
2952220	1
2952317	1
2952435	1
2952463	1
2952478	1
2952481	1
2952528	1
2952552	1
2952567	1
2952599	1
2952629	1
2952664	1
2952686	1
2952730	1
2952773	1
2952784	1
2952795	1
2952910	1
2953007	1
2953046	1
2953137	1
2953153	1
2953248	1
2953291	1
2953408	1
2953421	1
2953466	1
2953611	1
2953642	1
2953683	2
2953767	1
2953799	1
2953826	1
2953844	1
2953858	1
2953889	1
2953906	1
2953914	1
2953933	1
2953988	1
2954144	1
2954175	1
2954277	1
2954410	1
2954436	1
2954606	1
2954688	1
2954723	1
2954829	1
2954864	1
2954870	1
2954886	1
2954938	1
2954956	1
2954960	1
2955018	1
2955057	1
2955062	1
2955101	1
2955167	1
2955569	1
2955587	1
2955643	1
2955682	1
2955694	1
2955729	1
2955814	1
2955900	1
2955989	1
2956037	1
2956041	1
2956070	1
2956146	1
2956218	1
2956231	1
2956257	1
2956310	1
2956355	1
2956387	1
2956400	1
2956542	1
2956574	1
2956684	2
2956733	1
2956771	1
2956792	1
2956808	1
2956839	1
2956843	1
2956894	1
2956928	1
2956934	1
2957106	1
2957147	1
2957165	1
2957171	1
2957188	1
2957225	1
2957238	1
2957242	1
2957305	1
2957370	1
2957398	1
2957427	1
2957562	1
2957579	1
2957585	1
2957626	1
2957661	1
2957735	1
2957754	1
2957778	1
2957790	1
2957939	2
2957982	1
2958047	1
2958092	1
2958136	1
2958229	1
2958264	1
2958286	1
2958309	1
2958360	1
2958383	1
2958428	1
2958544	1
2958589	1
2958685	2
2958715	1
2958739	1
2958743	1
2958851	1
2958978	1
2958981	1
2959013	1
2959034	1
2959052	1
2959254	1
2959316	1
2959351	1
2959433	1
2959508	1
2959521	1
2959543	1
2959648	1
2959775	1
2959860	1
2959883	1
2959970	1
2960081	1
2960129	1
2960203	1
2960224	1
2960248	1
2960269	1
2960304	1
2960340	1
2960385	1
2960396	1
2960482	1
2960502	1
2960530	1
2960551	1
2960609	1
2960817	1
2960889	1
2960920	1
2961013	1
2961067	1
2961131	1
2961157	1
2961196	1
2961219	1
2961327	1
2961351	1
2961406	1
2961414	1
2961459	1
2961550	1
2961669	1
2961700	1
2961732	1
2961761	1
2961860	1
2961897	2
2961941	1
2961953	1
2962004	1
2962085	1
2962128	1
2962322	1
2962346	1
2962503	1
2962510	1
2962548	1
2962587	1
2962643	1
2962650	1
2962694	1
2962712	1
2962741	1
2962764	1
2962798	1
2962926	1
2963139	1
2963217	1
2963232	1
2963244	1
2963289	1
2963365	1
2963392	1
2963404	1
2963418	1
2963423	1
2963431	1
2963440	1
2963537	1
2963570	1
2963601	1
2963645	1
2963676	1
2963822	1
2963863	1
2963927	1
2963968	1
2964005	1
2964064	1
2964146	1
2964204	1
2964262	1
2964296	1
2964391	1
2964458	1
2964714	1
2964747	1
2964850	1
2964945	1
2964976	1
2965020	1
2965047	1
2965092	1
2965187	1
2965212	1
2965311	1
2965413	1
2965452	1
2965526	1
2965593	1
2965708	1
2965766	1
2965802	1
2965954	2
2965963	1
2966021	1
2966043	2
2966050	2
2966066	1
2966077	1
2966082	1
2966125	1
2966138	1
2966233	1
2966300	1
2966317	1
2966332	1
2966435	1
2966454	1
2966490	1
2966501	1
2966552	1
2966670	1
2966698	1
2966818	1
2966840	1
2966857	1
2966948	1
2967075	1
2967093	1
2967213	1
2967321	1
2967470	1
2967646	1
2967678	1
2967756	1
2967760	1
2967872	1
2967957	1
2967979	1
2968051	1
2968068	1
2968073	1
2968158	1
2968282	1
2968294	1
2968345	1
2968380	1
2968399	1
2968424	1
2968519	1
2968546	1
2968606	1
2968665	1
2968762	1
2968779	1
2968911	1
2968960	1
2968983	1
2969024	1
2969069	1
2969114	1
2969147	1
2969159	1
2969188	1
2969211	1
2969242	1
2969260	1
2969283	1
2969297	1
2969364	1
2969370	1
2969416	1
2969449	1
2969484	1
2969626	1
2969632	1
2969689	1
2969719	1
2969722	1
2969781	1
2969908	1
2970002	1
2970027	1
2970049	1
2970051	1
2970175	1
2970189	1
2970208	2
2970294	1
2970424	1
2970472	1
2970491	1
2970519	1
2970554	1
2970606	1
2970665	1
2970723	1
2970864	1
2970886	1
2970909	1
2970911	1
2970925	1
2970938	1
2970974	1
2970997	1
2971057	1
2971096	1
2971199	1
2971249	1
2971268	1
2971284	1
2971381	1
2971425	1
2971621	1
2971643	1
2971650	1
2971729	1
2971833	1
2971847	1
2971859	1
2971865	1
2971871	1
2971961	1
2972034	1
2972045	2
2972076	1
2972104	1
2972118	1
2972162	1
2972219	1
2972246	1
2972327	1
2972395	1
2972521	1
2972539	1
2972543	1
2972550	1
2972566	1
2972577	1
2972655	1
2972672	1
2972811	1
2972883	1
2972929	1
2972953	1
2972998	1
2973065	1
2973264	1
2973325	1
2973356	1
2973397	1
2973401	1
2973434	1
2973467	2
2973517	1
2973558	1
2973662	1
2973721	1
2973895	2
2974075	1
2974093	1
2974168	1
2974228	1
2974299	1
2974366	1
2974405	2
2974486	1
2974520	1
2974533	1
2974547	1
2974559	1
2974592	1
2974619	1
2974797	1
2974848	1
2974940	1
2975060	1
2975121	1
2975139	1
2975150	1
2975166	1
2975177	1
2975226	1
2975258	1
2975365	1
2975392	1
2975457	1
2975479	1
2975505	1
2975512	1
2975553	1
2975598	1
2975645	1
2975755	1
2975878	1
2975881	1
2975890	2
2975951	1
2975968	1
2975984	1
2976147	1
2976225	1
2976274	1
2976312	1
2976398	1
2976451	1
2976531	1
2976585	1
2976596	1
2976600	1
2976778	1
2976915	1
2976921	1
2977005	1
2977119	1
2977181	1
2977204	1
2977218	1
2977262	1
2977303	2
2977355	1
2977372	1
2977387	1
2977489	1
2977509	1
2977597	1
2977668	1
2977673	1
2977695	1
2977815	1
2977901	1
2977952	1
2977967	1
2977976	1
2977980	1
2977999	1
2978019	1
2978090	2
2978186	1
2978248	1
2978272	2
2978408	1
2978443	1
2978568	1
2978611	1
2978656	1
2978683	1
2978697	1
2978767	1
2978920	1
2978971	1
2979021	1
2979039	1
2979082	1
2979111	1
2979174	1
2979233	1
2979247	1
2979271	1
2979463	1
2979481	1
2979490	1
2979513	1
2979567	1
2979702	1
2979727	2
2979857	1
2979862	1
2980047	1
2980103	1
2980124	1
2980155	1
2980172	1
2980264	1
2980270	1
2980311	1
2980413	1
2980428	1
2980467	2
2980480	1
2980575	1
2980593	1
2980640	1
2980657	1
2980715	1
2980739	1
2980777	1
2980816	1
2980851	1
2981094	1
2981142	1
2981156	1
2981214	1
2981220	1
2981265	1
2981292	1
2981375	1
2981393	1
2981407	1
2981422	1
2981534	1
2981545	1
2981567	1
2981605	1
2981629	1
2981637	1
2981686	1
2981727	1
2981784	1
2981804	1
2981972	1
2981987	1
2982074	1
2982083	1
2982097	1
2982115	1
2982226	1
2982232	1
2982261	1
2982289	1
2982365	1
2982371	1
2982479	1
2982505	1
2982586	1
2982598	1
2982601	1
2982769	1
2982822	1
2982835	1
2982863	1
2982973	1
2983018	1
2983031	1
2983128	1
2983134	1
2983227	1
2983251	1
2983381	1
2983409	1
2983425	1
2983456	2
2983460	1
2983510	1
2983536	1
2983615	1
2983770	1
2983917	1
2983993	1
2984003	1
2984069	1
2984120	1
2984256	1
2984283	1
2984337	1
2984364	1
2984504	1
2984523	1
2984540	1
2984557	1
2984600	1
2984626	1
2984693	1
2984719	1
2984746	1
2984852	1
2984876	1
2984880	1
2985141	1
2985198	1
2985255	2
2985269	1
2985362	1
2985439	1
2985443	1
2985466	1
2985656	1
2985660	1
2985674	1
2985701	1
2985734	1
2985767	1
2985776	1
2985817	1
2985933	1
2986123	1
2986157	1
2986207	1
2986539	1
2986603	2
2986700	1
2986726	1
2986732	1
2986744	1
2986758	1
2986775	2
2986793	1
2986809	1
2986883	1
2986929	1
2986998	1
2987016	1
2987030	1
2987068	1
2987095	1
2987158	2
2987215	1
2987221	1
2987313	1
2987472	1
2987578	1
2987671	1
2987704	1
2987723	1
2987731	1
2987757	1
2987805	1
2987886	1
2987983	1
2988026	1
2988032	1
2988168	1
2988184	2
2988201	1
2988245	1
2988321	1
2988343	1
2988366	1
2988377	1
2988533	1
2988588	1
2988592	1
2988635	1
2988810	1
2988869	2
2988918	1
2988923	1
2988931	1
2989037	1
2989041	1
2989053	1
2989086	1
2989154	1
2989296	1
2989324	1
2989387	1
2989444	1
2989458	1
2989525	1
2989649	1
2989720	1
2989733	1
2989866	2
2989882	1
2990230	1
2990284	1
2990307	1
2990409	1
2990483	1
2990621	1
2990639	1
2990650	1
2990677	1
2990682	1
2990705	1
2990712	1
2990764	1
2990770	1
2990820	1
2990847	1
2990865	1
2990888	1
2990932	1
2990989	1
2991064	1
2991146	1
2991154	1
2991163	1
2991190	1
2991223	1
2991296	1
2991336	1
2991348	1
2991391	1
2991475	1
2991525	1
2991649	1
2991684	1
2991788	1
2992035	1
2992046	1
2992081	1
2992170	1
2992236	1
2992379	1
2992385	1
2992502	1
2992609	1
2992638	1
2992642	1
2992656	1
2992674	1
2992683	1
2992817	1
2992933	1
2993008	1
2993043	1
2993050	1
2993160	1
2993220	1
2993265	1
2993419	1
2993422	1
2993446	1
2993490	1
2993599	1
2993686	1
2993749	1
2993784	1
2993910	1
2993969	1
2993987	1
2994080	1
2994185	1
2994196	2
2994254	2
2994281	1
2994290	1
2994327	1
2994368	1
2994414	1
2994433	1
2994459	1
2994465	1
2994687	1
2994775	1
2994811	1
2994838	1
2994856	1
2994874	1
2994897	1
2994970	1
2995000	1
2995026	1
2995127	1
2995173	1
2995195	1
2995201	1
2995228	1
2995234	1
2995299	1
2995308	1
2995321	1
2995366	1
2995498	1
2995514	1
2995520	1
2995565	1
2995588	1
2995635	1
2995646	1
2995709	1
2995711	1
2995738	1
2995742	1
2995760	1
2995855	1
2995869	1
2995904	1
2996060	1
2996314	1
2996347	1
2996371	1
2996423	1
2996703	1
2996819	1
2996930	1
2996984	1
2997014	1
2997059	1
2997071	1
2997237	1
2997325	1
2997517	1
2997526	1
2997575	1
2997623	1
2997640	1
2997662	1
2997679	1
2997715	1
2997739	1
2997766	1
2997777	1
2997802	1
2997851	1
2997963	1
2998036	1
2998171	2
2998337	1
2998449	2
2998557	1
2998617	1
2998632	1
2998719	1
2998735	1
2998778	1
2998790	1
2998813	1
2998834	1
2998867	2
2998908	1
2998921	1
2998966	1
2999002	1
2999016	1
2999158	1
2999282	1
2999313	1
2999345	1
2999403	1
2999455	2
2999469	1
2999491	1
2999718	1
2999779	1
2999805	1
2999837	1
2999956	2
3000042	1
3000115	1
3000121	1
3000177	1
3000258	1
3000261	1
3000289	1
3000371	1
3000431	1
3000496	1
3000505	1
3000613	1
3000652	1
3000703	1
3000724	1
3000791	1
3000819	1
3000863	1
3000890	1
3000916	1
3000927	1
3000949	1
3001114	1
3001165	1
3001171	1
3001274	1
3001341	1
3001416	1
3001468	1
3001504	1
3001579	1
3001644	1
3001661	1
3001834	1
3001915	1
3001950	1
3002014	1
3002124	2
3002191	1
3002205	1
3002229	1
3002270	1
3002356	1
3002413	1
3002445	1
3002526	1
3002544	1
3002618	1
3002657	1
3002685	1
3002708	1
3002743	1
3002750	1
3002777	1
3002851	1
3002895	1
3002954	1
3003028	1
3003045	1
3003052	1
3003076	1
3003099	1
3003140	1
3003157	1
3003235	1
3003395	1
3003406	1
3003447	1
3003465	1
3003672	1
3003744	1
3003761	1
3003789	1
3003809	1
3003825	1
3003874	1
3003883	1
3003905	1
3004021	1
3004050	1
3004125	1
3004156	1
3004160	1
3004183	1
3004247	1
3004265	1
3004332	1
3004358	1
3004446	1
3004545	1
3004629	1
3004641	1
3004702	1
3004768	1
3004857	1
3004896	1
3004910	1
3004924	1
3004948	1
3004955	1
3004972	1
3004991	1
3005049	1
3005051	1
3005073	1
3005250	1
3005294	1
3005301	1
3005313	1
3005345	1
3005376	1
3005424	1
3005581	1
3005620	1
3005688	1
3005837	1
3005960	1
3005974	2
3006062	1
3006085	1
3006096	1
3006128	1
3006216	1
3006227	1
3006319	1
3006322	1
3006381	1
3006409	1
3006411	1
3006497	1
3006510	1
3006587	1
3006833	1
3006859	1
3006900	1
3006958	1
3007035	1
3007046	1
3007063	1
3007078	1
3007081	1
3007198	1
3007236	1
3007291	1
3007323	1
3007357	1
3007362	1
3007379	1
3007396	1
3007482	1
3007516	1
3007584	1
3007697	1
3007728	1
3007767	1
3007780	1
3007893	1
3007933	1
3008005	1
3008296	1
3008303	1
3008387	1
3008444	1
3008509	1
3008511	1
3008525	1
3008556	1
3008560	1
3008720	1
3008733	1
3008788	1
3008808	1
3008850	1
3008894	1
3008901	1
3008999	1
3009151	1
3009321	1
3009343	1
3009412	1
3009571	2
3009678	1
3009709	1
3009836	1
3009985	1
3010035	2
3010081	1
3010090	1
3010105	1
3010137	2
3010269	1
3010385	1
3010396	1
3010443	1
3010466	1
3010527	1
3010573	1
3010595	1
3010660	1
3010780	1
3010826	1
3010832	1
3010914	1
3010959	1
3010965	1
3011001	1
3011131	2
3011140	1
3011179	1
3011219	1
3011290	1
3011433	1
3011459	1
3011465	1
3011582	1
3011594	1
3011655	1
3011687	1
3011691	1
3011744	1
3011758	1
3011789	1
3011953	1
3011986	1
3012031	1
3012273	1
3012307	1
3012322	1
3012497	1
3012536	2
3012555	1
3012572	1
3012608	1
3012621	1
3012705	1
3012798	1
3012833	1
3012871	1
3012958	1
3012989	1
3013060	1
3013097	1
3013244	1
3013275	1
3013347	1
3013440	1
3013485	1
3013553	1
3013570	1
3013586	1
3013628	1
3013667	1
3013676	1
3013703	1
3013807	1
3013846	1
3013881	1
3013902	1
3013951	1
3014012	1
3014037	1
3014098	1
3014190	1
3014303	1
3014391	1
3014417	1
3014458	1
3014511	1
3014525	1
3014556	1
3014560	1
3014583	1
3014627	1
3014668	1
3014706	1
3014765	2
3014850	1
3014928	1
3014952	1
3015033	1
3015065	1
3015088	1
3015110	1
3015155	1
3015212	1
3015309	1
3015325	1
3015413	1
3015434	1
3015500	1
3015526	1
3015544	1
3015589	1
3015631	1
3015657	1
3015696	1
3015782	1
3015802	1
3015868	1
3015978	1
3015990	1
3016043	1
3016082	1
3016094	1
3016138	1
3016206	1
3016265	1
3016332	1
3016358	1
3016375	1
3016478	1
3016481	1
3016513	1
3016528	1
3016567	1
3016670	1
3016773	1
3016795	1
3016857	1
3016987	1
3017102	1
3017151	1
3017168	1
3017201	1
3017234	1
3017276	1
3017339	1
3017350	1
3017498	1
3017533	1
3017738	1
3017783	1
3017824	1
3017869	1
3017872	1
3017887	1
3017891	1
3017940	1
3017996	1
3018002	1
3018068	1
3018095	1
3018100	1
3018144	1
3018193	1
3018215	1
3018301	1
3018345	1
3018410	1
3018424	1
3018469	2
3018472	1
3018633	1
3018659	1
3018762	1
3018812	1
3018829	1
3018853	1
3018911	1
3019024	1
3019036	1
3019055	1
3019159	1
3019165	1
3019171	1
3019260	1
3019297	1
3019353	1
3019484	1
3019579	1
3019675	1
3019693	1
3019778	1
3019790	1
3019828	1
3019834	1
3019915	1
3019939	1
3019943	1
3020053	1
3020086	1
3020296	1
3020444	1
3020458	1
3020475	1
3020525	1
3020574	1
3020602	1
3020616	1
3020668	1
3020720	1
3020733	1
3020771	1
3020792	1
3020808	1
3020999	1
3021033	1
3021092	1
3021205	1
3021253	1
3021311	1
3021342	1
3021413	1
3021640	1
3021662	1
3021739	1
3021895	1
3021907	1
3021919	1
3022048	1
3022069	1
3022072	1
3022120	1
3022188	1
3022209	1
3022225	1
3022484	1
3022504	1
3022523	1
3022531	1
3022707	1
3022719	1
3022754	1
3022781	1
3022790	1
3022801	1
3022908	1
3022921	1
3022943	1
3023016	1
3023030	1
3023161	1
3023189	1
3023215	1
3023277	1
3023301	1
3023403	1
3023410	1
3023448	1
3023563	1
3023578	1
3023590	1
3023659	1
3023665	1
3023688	1
3023731	1
3023870	1
3023909	1
3023942	1
3023960	1
3023983	1
3024019	1
3024224	1
3024269	1
3024272	1
3024291	1
3024340	1
3024396	1
3024439	1
3024450	1
3024482	1
3024527	1
3024595	1
3024611	1
3024674	1
3024767	1
3024799	1
3025131	1
3025196	1
3025290	1
3025327	1
3025433	1
3025515	1
3025521	1
3025550	1
3025672	1
3025761	2
3025883	1
3025929	1
3026000	1
3026044	1
3026116	1
3026127	1
3026173	1
3026228	1
3026234	1
3026252	1
3026276	1
3026299	1
3026339	1
3026366	1
3026405	1
3026592	1
3026654	1
3026678	1
3026760	1
3026797	1
3026836	1
3026848	1
3026962	1
3026979	1
3026996	1
3027008	1
3027015	1
3027066	1
3027233	1
3027265	1
3027361	1
3027435	1
3027446	1
3027478	1
3027501	1
3027605	1
3027686	1
3027698	1
3027702	1
3027730	1
3027768	1
3027831	1
3027857	1
3027936	1
3028074	1
3028097	1
3028177	1
3028244	1
3028392	1
3028423	1
3028570	1
3028634	1
3028676	1
3028951	1
3028984	1
3028995	1
3029101	1
3029134	1
3029176	1
3029199	1
3029227	1
3029284	1
3029335	1
3029354	1
3029411	1
3029460	1
3029639	1
3029682	1
3029770	1
3029798	1
3029820	1
3030189	1
3030243	1
3030659	1
3030671	1
3030853	1
3030886	1
3031004	1
3031101	1
3031113	1
3031145	1
3031167	1
3031180	1
3031307	1
3031319	1
3031363	1
3031378	1
3031425	1
3031474	1
3031639	1
3031666	1
3031705	1
3031737	1
3031859	1
3031865	1
3031900	1
3031961	1
3031975	1
3031993	1
3032076	1
3032118	1
3032131	2
3032157	1
3032179	1
3032185	1
3032222	1
3032278	1
3032302	1
3032420	1
3032465	1
3032488	1
3032603	1
3032648	1
3032700	1
3032732	1
3032761	2
3032793	1
3032937	1
3032970	1
3033014	1
3033071	2
3033088	1
3033148	1
3033237	1
3033270	1
3033397	1
3033401	1
3033526	1
3033623	1
3033696	1
3033708	1
3033851	1
3033895	1
3034044	1
3034127	1
3034321	1
3034339	1
3034377	1
3034470	1
3034514	1
3034547	1
3034635	1
3034678	1
3034681	1
3034797	1
3034810	1
3034836	1
3034957	1
3034979	1
3034985	1
3034996	1
3035056	1
3035139	1
3035166	1
3035226	1
3035232	1
3035371	1
3035388	1
3035392	1
3035496	1
3035505	1
3035537	1
3035736	1
3035787	1
3035878	1
3035881	1
3035916	1
3035968	1
3036120	1
3036133	1
3036159	1
3036171	1
3036242	1
3036256	1
3036312	1
3036337	1
3036484	1
3036495	1
3036504	1
3036518	1
3036523	1
3036540	1
3036562	1
3036585	1
3036626	1
3036675	1
3036689	1
3036707	1
3036722	1
3036778	1
3036828	1
3036845	1
3036852	1
3036899	1
3036950	1
3036977	1
3036994	1
3037037	1
3037135	1
3037178	1
3037262	1
3037279	1
3037310	1
3037417	1
3037444	1
3037461	1
3037616	1
3037630	1
3037684	1
3037839	1
3037850	1
3037976	1
3037999	1
3038170	1
3038198	1
3038210	1
3038287	1
3038291	1
3038385	1
3038415	1
3038466	1
3038642	1
3038734	1
3038780	1
3038893	1
3038959	1
3038988	1
3039066	1
3039077	1
3039109	1
3039247	1
3039259	1
3039265	1
3039271	1
3039300	1
3039317	1
3039358	1
3039528	1
3039653	1
3039768	1
3039773	1
3039804	1
3039818	1
3039823	1
3039896	1
3039910	1
3040013	1
3040045	1
3040076	1
3040162	1
3040185	1
3040196	1
3040327	1
3040330	1
3040351	1
3040539	1
3040610	1
3041127	1
3041149	1
3041173	1
3041201	1
3041343	1
3041350	1
3041498	1
3041547	1
3041711	1
3041738	1
3041756	1
3041760	1
3041918	1
3042049	1
3042051	1
3042144	1
3042158	1
3042161	1
3042352	1
3042399	1
3042410	1
3042448	1
3042469	1
3042578	1
3042614	1
3042647	1
3042659	1
3042704	1
3042757	1
3042785	1
3042812	1
3042870	1
3042886	1
3042942	1
3042960	1
3043003	1
3043069	1
3043072	1
3043087	1
3043171	1
3043238	1
3043341	1
3043386	2
3043484	1
3043531	1
3043617	1
3043658	1
3043675	1
3043801	1
3043867	1
3043880	2
3043908	1
3043921	1
3043982	1
3043994	1
3044079	1
3044096	1
3044113	1
3044202	1
3044227	2
3044346	1
3044378	1
3044438	1
3044643	1
3044677	1
3044737	1
3044764	1
3044770	1
3044798	1
3044806	1
3044820	1
3044865	1
3044888	1
3044892	1
3044932	1
3044958	1
3044989	1
3045005	1
3045098	1
3045122	1
3045146	1
3045178	1
3045204	1
3045262	1
3045296	1
3045324	1
3045355	1
3045458	1
3045542	1
3045574	1
3045597	1
3045602	1
3045651	1
3045771	1
3045788	1
3045821	1
3045850	1
3045866	1
3045980	1
3046148	1
3046253	1
3046286	1
3046309	1
3046397	1
3046428	1
3046561	1
3046589	1
3046623	1
3046631	1
3046657	1
3046766	1
3046873	1
3046895	1
3046907	1
3046919	1
3046981	1
3047074	1
3047139	1
3047150	1
3047217	1
3047226	1
3047275	1
3047333	1
3047404	1
3047423	1
3047586	1
3047645	1
3047772	1
3047787	1
3047822	1
3047854	1
3047984	1
3048043	1
3048066	1
3048142	1
3048174	1
3048183	1
3048206	1
3048326	2
3048422	1
3048463	1
3048513	1
3048605	1
3048670	1
3048818	1
3049046	1
3049054	1
3049141	1
3049186	2
3049203	1
3049236	1
3049272	1
3049450	1
3049527	1
3049568	1
3049625	1
3049697	1
3049858	1
3049914	1
3049988	1
3050024	1
3050036	1
3050072	1
3050159	1
3050165	1
3050370	1
3050416	1
3050562	1
3050596	1
3050722	1
3050735	1
3050754	1
3050778	1
3050828	1
3050834	1
3050915	1
3050939	1
3050950	1
3051007	1
3051046	1
3051112	1
3051198	1
3051224	1
3051255	1
3051269	1
3051287	1
3051362	1
3051385	1
3051408	1
3051415	1
3051443	1
3051466	1
3051482	1
3051573	1
3051638	1
3051697	1
3051858	1
3051914	1
3051920	1
3051965	1
3052012	1
3052223	1
3052240	1
3052279	1
3052369	1
3052372	1
3052391	1
3052493	1
3052525	1
3052538	1
3052560	1
3052673	1
3052684	1
3052695	1
3052706	1
3052771	1
3052815	1
3052850	1
3052877	1
3052882	1
3053017	1
3053061	1
3053168	1
3053173	1
3053339	1
3053486	1
3053654	1
3053663	1
3053738	1
3053742	1
3053760	1
3053797	1
3053855	1
3053891	1
3053904	1
3053962	1
3054006	2
3054033	1
3054088	1
3054110	1
3054136	1
3054155	1
3054169	1
3054187	1
3054311	1
3054338	1
3054360	1
3054445	1
3054517	1
3054544	1
3054558	1
3054575	1
3054657	1
3054679	1
3054715	1
3054721	1
3054802	1
3054849	1
3054851	1
3054873	1
3054922	1
3055008	1
3055021	1
3055066	1
3055094	1
3055111	1
3055138	1
3055160	1
3055206	1
3055288	1
3055300	1
3055389	1
3055435	1
3055501	1
3055513	1
3055545	1
3055664	1
3055702	1
3055795	1
3055831	1
3055903	1
3055936	1
3056027	1
3056030	1
3056068	1
3056117	1
3056144	1
3056266	1
3056294	1
3056367	1
3056424	1
3056448	1
3056455	1
3056688	1
3056704	1
3056723	1
3056837	1
3056853	1
3056886	1
3056938	1
3056942	1
3056956	1
3057052	1
3057131	1
3057162	1
3057179	1
3057185	1
3057222	1
3057246	1
3057281	1
3057302	2
3057368	1
3057373	1
3057447	1
3057465	1
3057508	1
3057515	1
3057539	1
3057577	1
3057582	1
3057594	1
3057691	1
3057717	1
3057726	1
3057758	1
3057789	1
3057856	1
3057998	1
3058128	1
3058167	1
3058199	1
3058307	1
3058354	1
3058569	1
3058572	1
3058587	1
3058650	1
3058666	1
3058677	1
3058806	1
3058814	1
3058865	1
3058892	1
3058917	1
3058932	1
3058975	1
3059060	1
3059108	1
3059139	1
3059232	1
3059261	1
3059365	1
3059431	1
3059496	1
3059505	1
3059628	1
3059724	1
3059835	1
3059973	1
3060058	1
3060061	2
3060093	1
3060234	1
3060276	1
3060350	1
3060377	1
3060394	1
3060437	1
3060619	1
3060635	1
3060646	1
3060681	1
3060690	1
3061038	1
3061056	1
3061097	1
3061139	1
3061150	1
3061217	1
3061226	1
3061258	1
3061306	1
3061320	1
3061359	1
3061457	1
3061505	1
3061564	1
3061570	1
3061680	1
3061703	1
3061736	1
3061772	1
3061787	1
3061854	1
3061863	1
3061881	1
3061902	1
3061951	1
3061968	1
3062206	1
3062220	2
3062288	1
3062358	1
3062419	1
3062599	1
3062637	1
3062653	1
3062749	1
3062768	1
3062818	1
3062823	1
3062857	1
3062903	2
3062936	1
3062948	1
3062969	2
3062991	1
3063081	1
3063105	1
3063137	1
3063141	1
3063210	1
3063255	1
3063304	1
3063362	1
3063385	1
3063477	1
3063494	1
3063527	1
3063568	1
3063609	1
3063611	1
3063642	1
3063656	1
3063697	1
3063799	1
3063844	1
3063861	1
3063914	1
3064051	1
3064068	1
3064144	1
3064158	1
3064161	1
3064239	1
3064334	1
3064410	1
3064472	1
3064578	1
3064581	1
3064614	1
3064633	1
3064688	1
3064740	1
3064757	1
3064837	1
3064853	1
3064864	1
3064942	1
3065085	1
3065152	1
3065216	1
3065268	1
3065284	1
3065319	1
3065346	1
3065381	1
3065390	1
3065497	1
3065503	1
3065536	1
3065615	1
3065705	1
3065712	1
3065770	1
3065798	1
3065806	1
3065814	1
3065892	1
3065900	1
3065917	1
3065932	1
3065993	1
3066005	1
3066037	1
3066041	1
3066053	1
3066119	1
3066163	1
3066223	1
3066257	1
3066348	1
3066355	1
3066673	1
3066759	1
3066765	1
3066877	1
3066901	1
3066928	1
3067069	1
3067087	1
3067106	1
3067147	2
3067171	1
3067225	1
3067238	1
3067242	1
3067312	1
3067416	1
3067430	1
3067468	1
3067473	1
3067579	1
3067644	1
3067658	1
3067689	1
3067735	1
3067845	1
3067943	1
3067950	1
3067994	1
3068006	1
3068092	1
3068148	1
3068298	1
3068434	1
3068445	1
3068476	1
3068499	1
3068685	1
3068766	1
3068777	1
3068782	1
3068954	1
3068963	1
3068981	1
3069013	1
3069034	1
3069179	1
3069185	1
3069254	1
3069281	1
3069349	1
3069406	1
3069459	1
3069465	1
3069521	1
3069594	1
3069603	1
3069655	1
3069700	1
3069744	1
3069775	1
3069838	1
3069842	1
3069897	1
3069912	1
3069953	1
3070014	1
3070033	1
3070047	1
3070172	1
3070212	1
3070428	1
3070561	1
3070623	1
3070679	1
3070696	1
3070715	1
3070750	1
3070766	1
3070802	1
3070816	1
3070895	1
3070946	1
3070978	1
3071015	1
3071138	1
3071247	1
3071265	1
3071422	1
3071435	1
3071528	1
3071567	1
3071580	1
3071637	1
3071716	1
3071768	1
3071773	1
3071784	1
3071804	1
3071823	1
3071924	1
3071936	1
3072042	1
3072056	1
3072060	1
3072200	1
3072306	1
3072347	1
3072440	1
3072462	1
3072541	1
3072564	1
3072601	1
3072628	1
3072822	1
3072846	1
3072890	1
3072916	1
3072968	1
3072973	1
3073113	1
3073199	1
3073202	1
3073227	1
3073319	1
3073474	1
3073483	1
3073497	1
3073510	1
3073621	1
3073677	1
3073729	1
3073741	1
3073753	1
3073770	1
3073798	1
3073900	1
3073975	1
3074024	1
3074091	1
3074211	1
3074274	1
3074353	1
3074402	1
3074416	2
3074518	1
3074540	1
3074562	1
3074600	1
3074693	1
3074707	1
3074763	1
3074790	1
3074801	1
3074876	1
3074915	1
3074966	1
3074982	1
3075035	1
3075112	1
3075153	1
3075164	1
3075287	1
3075408	1
3075573	1
3075595	1
3075660	1
3075674	1
3075697	1
3075713	1
3075776	1
3075844	1
3075875	1
3075906	1
3075959	1
3075971	1
3075992	1
3076013	1
3076045	1
3076099	1
3076118	1
3076207	1
3076278	1
3076316	1
3076327	1
3076368	1
3076594	2
3076624	1
3076672	1
3076700	1
3076744	1
3076789	1
3076793	1
3076809	1
3076856	1
3076905	1
3077313	1
3077436	1
3077554	1
3077723	1
3077938	1
3078000	1
3078032	1
3078058	1
3078075	1
3078201	1
3078252	1
3078276	1
3078321	1
3078350	1
3078394	1
3078412	1
3078464	1
3078506	1
3078533	1
3078547	1
3078622	1
3078690	1
3078760	1
3078774	1
3078869	1
3078918	1
3078962	1
3078979	1
3078985	1
3079086	1
3079122	1
3079223	1
3079432	1
3079475	1
3079511	1
3079597	1
3079616	1
3079668	1
3079788	1
3079792	1
3079808	1
3079821	1
3079952	1
3079976	1
3080040	1
3080062	1
3080085	1
3080101	1
3080113	1
3080145	2
3080319	2
3080346	1
3080425	1
3080456	1
3080460	1
3080474	1
3080587	1
3080615	1
3080650	1
3080694	1
3080741	1
3080770	1
3080859	1
3080888	1
3080892	1
3080958	1
3081029	2
3081041	1
3081053	1
3081064	1
3081086	2
3081178	1
3081181	1
3081190	1
3081372	1
3081511	1
3081597	1
3081668	1
3081771	1
3081808	1
3081821	1
3081894	1
3081934	1
3081952	1
3081976	1
3081980	1
3081999	1
3082112	1
3082255	1
3082340	1
3082357	1
3082450	1
3082494	1
3082551	1
3082568	1
3082683	1
3082697	1
3082701	1
3082713	1
3082752	1
3082767	1
3082800	1
3082844	1
3082861	1
3082893	1
3082971	2
3082992	1
3083015	1
3083021	1
3083043	1
3083077	1
3083138	1
3083174	1
3083206	2
3083214	1
3083247	1
3083300	1
3083389	1
3083407	1
3083481	1
3083513	1
3083534	1
3083567	1
3083599	1
3083629	2
3083641	1
3083698	1
3083831	1
3083857	1
3083896	1
3084034	1
3084045	1
3084118	1
3084131	1
3084157	2
3084368	1
3084471	1
3084488	1
3084543	1
3084566	1
3084603	1
3084672	1
3084700	1
3084726	1
3084744	2
3084789	1
3084825	1
3084905	1
3084937	1
3084986	1
3085032	1
3085102	1
3085130	1
3085173	1
3085252	1
3085315	1
3085437	1
3085470	1
3085565	1
3085756	1
3085760	1
3085803	1
3085872	1
3085923	1
3085979	1
3086097	1
3086121	1
3086200	1
3086226	1
3086347	1
3086392	1
3086479	1
3086512	1
3086529	1
3086553	1
3086564	1
3086601	1
3086645	1
3086680	1
3086807	1
3086819	1
3086835	1
3086984	1
3087020	1
3087065	1
3087110	1
3087124	1
3087136	1
3087148	1
3087155	1
3087241	1
3087270	1
3087311	1
3087325	1
3087445	1
3087532	1
3087558	1
3087575	1
3087739	1
3087816	1
3087830	1
3087851	1
3087884	1
3087907	1
3087990	1
3088010	1
3088048	1
3088091	1
3088114	1
3088147	1
3088188	1
3088211	1
3088242	1
3088283	1
3088353	1
3088364	1
3088430	1
3088449	1
3088451	2
3088484	1
3088504	1
3088557	1
3088585	1
3088626	1
3088632	1
3088719	1
3088722	1
3088852	1
3088982	1
3088994	1
3089027	1
3089126	1
3089144	1
3089189	1
3089277	1
3089282	1
3089294	1
3089403	1
3089472	1
3089546	1
3089554	1
3089659	1
3089718	1
3089731	1
3089779	1
3089796	1
3089886	1
3089898	1
3090082	1
3090183	1
3090233	1
3090358	1
3090375	1
3090422	1
3090545	1
3090567	2
3090576	1
3090605	1
3090653	1
3090664	1
3090686	1
3090773	1
3090831	1
3090840	1
3090896	1
3090936	1
3090955	1
3091049	1
3091132	1
3091193	1
3091243	1
3091367	1
3091424	1
3091491	1
3091519	1
3091535	1
3091563	1
3091578	1
3091590	1
3091659	1
3091688	1
3091841	1
3091938	1
3092032	1
3092195	1
3092228	1
3092267	1
3092366	1
3092394	1
3092506	1
3092514	1
3092607	1
3092619	1
3092663	1
3092738	1
3092797	1
3092931	1
3093178	1
3093181	1
3093204	1
3093218	1
3093223	1
3093231	1
3093417	1
3093458	1
3093475	2
3093489	1
3093493	1
3093556	1
3093583	1
3093602	1
3093649	1
3093695	1
3093759	1
3093821	1
3093839	1
3093976	1
3094060	1
3094150	1
3094529	1
3094628	1
3094634	1
3094645	1
3094652	1
3094676	1
3094769	1
3094916	1
3094951	1
3095010	1
3095036	1
3095114	1
3095192	1
3095242	1
3095337	1
3095341	1
3095370	1
3095402	1
3095427	1
3095451	1
3095495	1
3095531	1
3095557	1
3095675	1
3095689	1
3095845	1
3096054	1
3096081	1
3096210	1
3096287	1
3096379	1
3096385	1
3096450	1
3096466	1
3096595	1
3096674	1
3096697	1
3096745	1
3096767	1
3096817	1
3096875	1
3096889	1
3096906	1
3096933	1
3096965	1
3097249	1
3097273	1
3097307	1
3097381	1
3097587	1
3097621	1
3097639	1
3097741	1
3097806	1
3097814	1
3097820	1
3097917	1
3098001	1
3098013	1
3098076	1
3098263	1
3098290	1
3098330	1
3098368	1
3098414	1
3098433	1
3098550	1
3098577	1
3098594	1
3098700	1
3098775	1
3098874	1
3098897	1
3098929	1
3098953	1
3099014	1
3099237	1
3099311	1
3099397	1
3099499	1
3099526	1
3099532	1
3099618	1
3099777	1
3099782	2
3099851	1
3099868	1
3099919	1
3099954	1
3099990	1
3100018	1
3100023	1
3100062	1
3100079	1
3100085	1
3100134	1
3100145	1
3100202	1
3100230	1
3100268	1
3100295	1
3100354	1
3100390	1
3100503	1
3100524	1
3100555	1
3100621	1
3100729	1
3100737	1
3100961	1
3101037	1
3101107	1
3101204	1
3101231	1
3101279	1
3101296	1
3101336	1
3101372	1
3101400	1
3101417	1
3101432	1
3101542	1
3101556	1
3101714	1
3101980	1
3102022	1
3102112	1
3102129	1
3102153	1
3102272	1
3102287	1
3102304	1
3102331	1
3102385	1
3102396	1
3102421	1
3102439	1
3102530	1
3102549	1
3102780	1
3102906	1
3102959	1
3103015	1
3103021	1
3103138	1
3103375	1
3103393	1
3103422	1
3103599	1
3103727	1
3103795	1
3103840	1
3103910	1
3103969	1
3103991	1
3104001	1
3104034	1
3104052	1
3104080	1
3104179	1
3104254	1
3104290	1
3104302	1
3104384	1
3104406	1
3104459	1
3104492	1
3104636	1
3104691	1
3104726	1
3104825	1
3104986	1
3105061	1
3105201	1
3105234	1
3105299	1
3105315	1
3105520	1
3105588	1
3105711	1
3105797	1
3105810	1
3105824	1
3105855	1
3105887	1
3106009	1
3106011	1
3106074	1
3106097	1
3106108	1
3106293	1
3106314	1
3106320	1
3106392	1
3106462	1
3106553	1
3106570	1
3106598	1
3106613	1
3106680	1
3106791	1
3106846	1
3106890	2
3106916	1
3106927	1
3107065	1
3107071	1
3107172	1
3107205	1
3107237	1
3107476	1
3107561	1
3107715	1
3107750	1
3107782	1
3107963	1
3107981	1
3108010	1
3108036	2
3108069	1
3108209	1
3108211	1
3108242	1
3108297	1
3108329	1
3108449	2
3108523	1
3108540	1
3108661	1
3108707	1
3108790	1
3108852	1
3108899	1
3108950	1
3108982	1
3109030	1
3109051	1
3109068	1
3109239	1
3109243	1
3109250	1
3109277	1
3109410	1
3109522	1
3109614	1
3109671	1
3109731	1
3109886	1
3109960	1
3110110	1
3110237	1
3110253	1
3110374	1
3110383	1
3110397	1
3110434	1
3110499	1
3110604	1
3110743	1
3110766	1
3110802	1
3110873	1
3110919	1
3110963	1
3111015	1
3111160	1
3111214	1
3111332	1
3111407	1
3111435	2
3111454	1
3111481	1
3111501	1
3111513	1
3111545	1
3111730	1
3111749	1
3111804	1
3111818	1
3111831	1
3111924	1
3112038	1
3112108	1
3112143	1
3112177	2
3112200	1
3112232	1
3112261	1
3112275	1
3112289	1
3112347	1
3112365	1
3112392	1
3112423	1
3112462	1
3112479	1
3112598	1
3112634	1
3112645	1
3112680	2
3112748	1
3112822	1
3112854	2
3112902	1
3113004	1
3113031	1
3113079	1
3113101	1
3113128	1
3113145	1
3113202	1
3113230	1
3113268	1
3113346	1
3113381	1
3113438	1
3113503	1
3113587	1
3113591	1
3113621	1
3113639	1
3113770	1
3113833	1
3113892	1
3113900	1
3113932	1
3114003	1
3114069	1
3114120	1
3114225	1
3114312	1
3114386	1
3114430	1
3114531	1
3114579	1
3114596	1
3114626	1
3114719	1
3114754	1
3114763	1
3114781	1
3114790	1
3114867	1
3114977	1
3115063	1
3115078	1
3115081	1
3115129	1
3115198	1
3115210	1
3115236	1
3115318	1
3115415	1
3115494	1
3115697	1
3115728	1
3115752	1
3115875	1
3115965	1
3116028	1
3116045	1
3116099	1
3116162	1
3116179	1
3116219	1
3116222	1
3116327	1
3116330	1
3116351	1
3116384	1
3116406	1
3116414	1
3116420	1
3116471	1
3116582	1
3116655	2
3116700	1
3116809	1
3116842	1
3116941	1
3116998	1
3117016	1
3117239	1
3117250	1
3117277	1
3117313	1
3117328	1
3117376	1
3117472	1
3117491	1
3117659	1
3117692	1
3117740	1
3117829	1
3117841	2
3117909	1
3117983	1
3118127	1
3118252	1
3118299	1
3118315	1
3118453	1
3118506	1
3118520	1
3118742	1
3118803	1
3118810	1
3118869	1
3118887	1
3118918	1
3118931	1
3118985	1
3119064	1
3119070	1
3119098	1
3119223	1
3119257	2
3119279	1
3119310	1
3119458	1
3119489	1
3119574	1
3119602	1
3119649	1
3119759	1
3119771	1
3119788	1
3119815	2
3119843	1
3119976	1
3120133	1
3120165	2
3120225	2
3120274	1
3120518	1
3120562	1
3120661	1
3120845	1
3120943	1
3121007	1
3121081	1
3121210	1
3121269	1
3121362	1
3121421	1
3121439	1
3121466	1
3121584	1
3121642	1
3121656	1
3121660	1
3121674	1
3121697	1
3121734	1
3121745	1
3121752	1
3121826	1
3121858	1
3121893	1
3121933	1
3122037	1
3122053	1
3122122	1
3122218	2
3122231	1
3122240	1
3122257	1
3122310	1
3122369	1
3122475	1
3122509	1
3122511	1
3122556	1
3122597	1
3122616	2
3122651	1
3122673	1
3122808	1
3122866	1
3122913	1
3122952	1
3122976	1
3123130	1
3123151	1
3123173	1
3123343	1
3123405	1
3123429	1
3123437	2
3123470	2
3123498	1
3123520	1
3123571	1
3123588	1
3123622	1
3123635	1
3123678	1
3123738	1
3123824	1
3123836	1
3123848	1
3123918	1
3123931	1
3123985	1
3124059	1
3124169	1
3124241	1
3124286	1
3124325	1
3124342	1
3124360	1
3124374	1
3124397	1
3124401	1
3124452	1
3124476	2
3124480	1
3124499	1
3124532	1
3124561	1
3124589	1
3124623	1
3124777	1
3124802	1
3124884	1
3124907	1
3124946	1
3124990	1
3125021	1
3125082	1
3125206	1
3125247	1
3125358	1
3125393	1
3125419	1
3125454	1
3125478	1
3125534	1
3125545	1
3125552	1
3125576	1
3125599	1
3125653	1
3125686	1
3125702	1
3125716	1
3125784	1
3125896	1
3125924	1
3125955	1
3126051	1
3126126	1
3126277	1
3126301	1
3126328	1
3126345	1
3126352	1
3126399	1
3126436	1
3126507	1
3126581	1
3126659	1
3126909	1
3126925	1
3126974	1
3126983	1
3127001	1
3127028	1
3127099	1
3127118	1
3127263	1
3127327	1
3127420	1
3127539	1
3127603	1
3127687	1
3127789	1
3127793	1
3127856	1
3127897	1
3127905	1
3127941	1
3128176	1
3128227	1
3128307	1
3128322	1
3128363	2
3128425	1
3128497	1
3128510	1
3128569	1
3128694	1
3128737	1
3128741	2
3128820	1
3128865	1
3128917	2
3128958	1
3129009	1
3129038	1
3129042	1
3129056	1
3129121	1
3129261	1
3129392	1
3129418	1
3129423	1
3129479	1
3129505	1
3129553	1
3129564	1
3129586	1
3129645	1
3129680	1
3129769	1
3129835	1
3129878	1
3130102	1
3130116	1
3130213	1
3130276	1
3130343	1
3130377	1
3130382	1
3130514	1
3130533	1
3130559	1
3130709	1
3130725	1
3130738	1
3130783	1
3130848	1
3130855	1
3130887	1
3130931	1
3131011	1
3131177	1
3131217	1
3131226	1
3131371	1
3131388	1
3131462	1
3131505	1
3131570	1
3131628	1
3131710	1
3131787	1
3131822	1
3131878	1
3131916	1
3131951	1
3131995	1
3132043	1
3132050	1
3132138	1
3132300	1
3132326	1
3132358	1
3132389	1
3132407	1
3132478	1
3132513	1
3132545	1
3132580	1
3132702	1
3132768	1
3132804	1
3132857	1
3132936	1
3132991	1
3133046	1
3133078	2
3133141	1
3133450	1
3133482	1
3133502	1
3133549	1
3133551	1
3133568	1
3133656	1
3133752	1
3133875	1
3133893	1
3133914	1
3133947	1
3133992	1
3134027	1
3134095	1
3134175	1
3134215	1
3134239	1
3134266	1
3134282	1
3134399	1
3134424	1
3134507	1
3134554	1
3134590	1
3134606	1
3134659	1
3134671	1
3134704	2
3134762	1
3134870	1
3134898	1
3134911	1
3134938	1
3135004	1
3135040	1
3135134	1
3135152	1
3135167	1
3135319	1
3135354	1
3135438	1
3135474	1
3135569	1
3135608	1
3135639	1
3135682	1
3135741	1
3135786	1
3135833	1
3135892	1
3136005	1
3136086	1
3136154	1
3136204	1
3136324	1
3136417	1
3136493	1
3136542	1
3136574	1
3136673	1
3136733	1
3136759	1
3136792	1
3136808	1
3136821	1
3136928	1
3137048	1
3137055	1
3137087	1
3137091	1
3137133	1
3137159	1
3137305	1
3137329	1
3137370	1
3137386	1
3137518	1
3137523	1
3137557	1
3137562	1
3137596	1
3137790	1
3137880	1
3137899	1
3137915	1
3137977	1
3137982	1
3137994	1
3138006	1
3138014	1
3138033	1
3138103	1
3138110	1
3138155	1
3138325	1
3138739	2
3138830	1
3138884	1
3138895	1
3138963	1
3138990	1
3139013	1
3139067	1
3139196	1
3139207	1
3139278	1
3139316	1
3139414	1
3139459	1
3139508	1
3139543	1
3139582	1
3139624	1
3139636	1
3139744	1
3139789	1
3139793	1
3139838	1
3140021	1
3140066	1
3140156	1
3140160	1
3140247	1
3140344	1
3140393	1
3140435	1
3140501	1
3140513	1
3140545	1
3140670	1
3140716	1
3140773	1
3140879	1
3140910	1
3140948	1
3140991	1
3141132	1
3141239	1
3141243	1
3141376	1
3141519	1
3141554	1
3141581	1
3141633	2
3141647	1
3141671	1
3141740	1
3141757	1
3141841	1
3141886	1
3141938	1
3141983	1
3142032	1
3142058	1
3142201	1
3142280	1
3142299	1
3142321	1
3142350	1
3142366	1
3142412	1
3142470	1
3142663	1
3142681	1
3142855	1
3142891	1
3142923	1
3142962	1
3143107	1
3143146	1
3143190	1
3143296	1
3143391	1
3143509	1
3143542	1
3143583	1
3143616	1
3143684	1
3143706	1
3143747	1
3143765	1
3143815	1
3143928	1
3144108	1
3144139	1
3144143	1
3144347	1
3144404	1
3144529	1
3144613	1
3144652	1
3144710	1
3144748	1
3144819	1
3144890	1
3144968	1
3144995	1
3145048	1
3145072	1
3145087	1
3145106	1
3145120	1
3145133	1
3145192	1
3145209	1
3145211	1
3145283	1
3145305	1
3145329	2
3145341	1
3145364	1
3145402	1
3145449	1
3145451	1
3145473	1
3145484	1
3145540	1
3145600	1
3145617	1
3145632	1
3145689	1
3145746	1
3145754	1
3145778	1
3145921	1
3146022	1
3146035	1
3146105	2
3146137	1
3146304	1
3146323	1
3146357	1
3146379	1
3146450	1
3146516	1
3146568	1
3146611	1
3146625	1
3146660	1
3146776	1
3146780	1
3146875	1
3147057	1
3147145	1
3147268	1
3147273	1
3147307	1
3147363	1
3147378	1
3147438	1
3147460	1
3147474	1
3147548	1
3147666	1
3147729	1
3147741	1
3147820	1
3147917	1
3148045	1
3148140	1
3148222	1
3148316	1
3148351	1
3148373	1
3148465	1
3148471	1
3148687	1
3148691	1
3148744	1
3148775	1
3148789	1
3148809	1
3148811	1
3148929	1
3149006	1
3149020	1
3149110	1
3149155	1
3149169	1
3149253	1
3149264	1
3149286	1
3149360	1
3149383	1
3149413	1
3149480	1
3149604	1
3149631	1
3149743	1
3149777	1
3149794	1
3149802	1
3149830	1
3149851	1
3149935	2
3150029	1
3150107	1
3150190	1
3150204	1
3150400	1
3150417	1
3150426	1
3150511	1
3150538	1
3150583	1
3150630	1
3150673	1
3150684	1
3150808	1
3150815	1
3150843	1
3150850	1
3150877	1
3151033	1
3151047	1
3151065	1
3151169	1
3151187	1
3151212	1
3151286	1
3151325	2
3151401	1
3151428	1
3151500	1
3151589	1
3151640	1
3151657	1
3151721	1
3151827	1
3151884	1
3151895	1
3152036	1
3152072	1
3152133	1
3152147	1
3152188	1
3152260	1
3152297	1
3152353	1
3152449	1
3152562	1
3152596	1
3152626	1
3152834	1
3152915	1
3152921	1
3152977	1
3153161	1
3153208	1
3153215	1
3153345	1
3153487	1
3153519	1
3153606	1
3153614	1
3153740	1
3153779	1
3153853	1
3153864	1
3154007	1
3154046	1
3154137	1
3154153	1
3154291	1
3154439	1
3154450	1
3154516	1
3154530	1
3154611	1
3154674	1
3154817	1
3154875	1
3154889	1
3155080	1
3155104	1
3155118	1
3155162	1
3155196	1
3155278	1
3155351	1
3155395	1
3155459	1
3155488	1
3155539	1
3155543	2
3155577	1
3155636	1
3155717	1
3155726	1
3155758	1
3155793	1
3155809	1
3155874	1
3155883	1
3155964	1
3156017	1
3156026	1
3156168	1
3156184	1
3156234	1
3156245	1
3156276	1
3156280	1
3156308	1
3156343	1
3156565	1
3156588	1
3156663	1
3156783	1
3156797	1
3156803	1
3156923	1
3156957	1
3156962	2
3157008	1
3157039	1
3157077	1
3157109	1
3157160	1
3157183	1
3157214	1
3157233	1
3157271	1
3157288	1
3157300	1
3157389	2
3157407	1
3157422	1
3157446	1
3157513	1
3157545	1
3157567	1
3157580	1
3157605	1
3157727	1
3157730	1
3157773	1
3157784	1
3157804	1
3157879	1
3157896	1
3158121	1
3158226	1
3158320	1
3158457	1
3158634	1
3158645	1
3158667	1
3158703	1
3158710	1
3158772	1
3158787	1
3158822	1
3158863	1
3158951	2
3159031	1
3159040	1
3159113	1
3159145	1
3159152	1
3159268	1
3159335	1
3159411	1
3159483	1
3159510	1
3159536	1
3159591	1
3159677	1
3159729	1
3159737	1
3159770	1
3159859	1
3159865	1
3159888	1
3159892	1
3159926	1
3159944	2
3160002	1
3160030	1
3160073	1
3160132	1
3160144	1
3160158	1
3160161	1
3160175	1
3160208	2
3160239	1
3160455	1
3160491	1
3160590	1
3160614	1
3160671	1
3160688	2
3160853	1
3160942	1
3160960	1
3160997	1
3161040	1
3161062	1
3161128	1
3161251	1
3161307	1
3161378	1
3161442	1
3161497	1
3161510	1
3161524	1
3161548	1
3161591	1
3161639	1
3161650	1
3161677	1
3161729	1
3161764	1
3161847	1
3161865	1
3161888	1
3161917	1
3161993	1
3162099	1
3162123	1
3162157	1
3162219	1
3162235	1
3162373	1
3162406	1
3162447	1
3162515	1
3162603	1
3162636	1
3162669	1
3162732	1
3162789	1
3162842	1
3162874	1
3162883	1
3162905	1
3162953	1
3162986	1
3163014	1
3163047	1
3163059	1
3163065	1
3163110	1
3163191	1
3163237	1
3163311	1
3163342	1
3163360	1
3163374	1
3163467	1
3163480	1
3163589	1
3163618	1
3163640	1
3163685	1
3163766	1
3163816	1
3163827	1
3163830	1
3163851	1
3163907	1
3163919	1
3163963	1
3164017	1
3164089	1
3164245	1
3164276	2
3164315	1
3164377	1
3164382	1
3164470	1
3164520	1
3164559	1
3164725	1
3164824	1
3164848	1
3165009	1
3165038	2
3165060	1
3165108	1
3165150	1
3165194	1
3165200	1
3165289	1
3165347	1
3165371	1
3165586	1
3165676	1
3165822	1
3165835	1
3165902	1
3165927	1
3165949	1
3165984	1
3166024	1
3166036	1
3166106	1
3166171	1
3166312	1
3166337	1
3166370	1
3166427	1
3166540	1
3166689	1
3166834	1
3166867	1
3166880	1
3166921	1
3166982	1
3167041	1
3167146	1
3167204	1
3167310	1
3167387	1
3167426	2
3167489	1
3167538	1
3167556	1
3167574	1
3167602	1
3167616	1
3167759	1
3167808	1
3167850	1
3167913	1
3167999	1
3168019	1
3168141	1
3168198	1
3168203	1
3168291	1
3168396	1
3168494	1
3168516	1
3168551	1
3168568	1
3168595	1
3168799	1
3168826	1
3168844	2
3168861	1
3168947	1
3168959	1
3169043	1
3169066	1
3169125	1
3169156	1
3169174	1
3169220	1
3169265	1
3169344	1
3169393	1
3169422	1
3169567	1
3169576	1
3169580	1
3169605	1
3169637	1
3169653	1
3169664	1
3169698	1
3169702	1
3169727	1
3169773	1
3169885	1
3169910	1
3170035	1
3170054	1
3170063	1
3170105	1
3170170	1
3170198	1
3170210	1
3170224	1
3170287	1
3170357	1
3170396	1
3170408	1
3170443	1
3170466	1
3170638	1
3170642	1
3170697	1
3170734	1
3170799	2
3170889	1
3170959	1
3170965	1
3170971	1
3170992	1
3171052	1
3171104	1
3171179	1
3171196	1
3171235	1
3171278	1
3171515	1
3171603	1
3171691	1
3171732	1
3171761	1
3171789	1
3171986	1
3172040	1
3172113	1
3172134	1
3172145	1
3172152	1
3172273	1
3172295	1
3172335	1
3172363	1
3172381	1
3172411	1
3172456	2
3172503	1
3172621	1
3172694	1
3172944	1
3172975	1
3172993	1
3173009	1
3173042	1
3173083	1
3173200	1
3173232	1
3173333	1
3173359	1
3173365	1
3173371	1
3173392	1
3173457	1
3173485	1
3173505	1
3173512	1
3173676	1
3173710	1
3173748	1
3173835	1
3173878	1
3174053	1
3174098	1
3174163	1
3174190	1
3174223	1
3174296	1
3174310	1
3174461	1
3174538	1
3174597	1
3174627	1
3174668	1
3174684	1
3174714	1
3174733	1
3174771	1
3174808	1
3174866	1
3174928	1
3174952	1
3174999	1
3175136	1
3175148	1
3175309	1
3175356	1
3175397	1
3175434	1
3175480	1
3175526	1
3175589	1
3175657	1
3175868	1
3175946	1
3175981	1
3176039	1
3176138	1
3176233	2
3176271	1
3176292	1
3176454	1
3176528	2
3176612	1
3176664	1
3176716	1
3176749	1
3176751	1
3176823	1
3176840	1
3176972	1
3177026	1
3177058	1
3177102	1
3177234	1
3177245	1
3177280	1
3177429	1
3177470	1
3177506	1
3177514	1
3177592	1
3177622	1
3177711	1
3177869	1
3177891	1
3177931	1
3177979	1
3178132	1
3178158	1
3178175	1
3178208	1
3178239	1
3178277	1
3178352	1
3178380	1
3178487	1
3178491	1
3178563	1
3178704	1
3178762	1
3178841	1
3178938	1
3179010	1
3179036	2
3179055	1
3179188	1
3179305	1
3179329	1
3179353	1
3179427	1
3179451	1
3179523	1
3179531	1
3179617	1
3179626	1
3179661	1
3179675	1
3179693	1
3179763	1
3179778	1
3179908	1
3180083	1
3180115	1
3180177	1
3180226	1
3180423	1
3180512	1
3180699	1
3180787	1
3180930	1
3180951	1
3181087	1
3181114	1
3181159	1
3181209	1
3181238	1
3181427	1
3181430	1
3181451	1
3181504	1
3181523	1
3181600	1
3181763	1
3181790	1
3181828	1
3181845	1
3181876	1
3181880	1
3181921	1
3182014	1
3182088	1
3182136	1
3182212	1
3182229	1
3182237	1
3182241	1
3182264	1
3182298	1
3182342	1
3182452	1
3182500	1
3182517	1
3182623	1
3182782	1
3182794	1
3182816	1
3182873	1
3182946	1
3182963	1
3183001	1
3183099	1
3183316	1
3183351	1
3183414	1
3183624	1
3183672	1
3183717	1
3183793	1
3183842	1
3183883	1
3183929	1
3184015	1
3184077	1
3184111	1
3184174	1
3184214	1
3184247	2
3184259	1
3184265	1
3184389	1
3184435	1
3184463	1
3184478	1
3184641	2
3184664	1
3184702	1
3184818	1
3184862	1
3184955	1
3184972	1
3185016	1
3185068	1
3185095	1
3185158	1
3185175	1
3185250	1
3185277	1
3185282	1
3185367	1
3185399	1
3185410	1
3185455	1
3185620	1
3185688	1
3185762	1
3185829	1
3185942	1
3185956	1
3185974	1
3186096	1
3186152	1
3186227	1
3186322	1
3186442	1
3186456	1
3186474	1
3186510	1
3186555	1
3186615	1
3186639	1
3186694	1
3186705	1
3186764	1
3186833	1
3186989	1
3187090	1
3187112	1
3187291	2
3187379	1
3187502	1
3187516	1
3187609	1
3187625	1
3187674	1
3187683	1
3187697	1
3187776	1
3187780	1
3187858	1
3187875	1
3187889	1
3187933	1
3188135	1
3188146	1
3188154	1
3188369	1
3188432	1
3188444	1
3188458	1
3188597	1
3188695	1
3188733	1
3188765	1
3188821	1
3188894	1
3188934	1
3188999	1
3189044	1
3189130	1
3189168	1
3189173	1
3189213	1
3189245	1
3189252	1
3189276	1
3189366	1
3189382	1
3189394	1
3189453	1
3189470	1
3189498	1
3189506	1
3189520	1
3189559	1
3189592	1
3189619	1
3189646	1
3189681	1
3189742	1
3189774	1
3189783	1
3189803	1
3189824	1
3189836	1
3189848	1
3189872	1
3189940	1
3189962	1
3190123	1
3190219	1
3190488	1
3190515	1
3190636	1
3190761	1
3190789	1
3190811	1
3190897	1
3190937	1
3190970	1
3191026	1
3191032	1
3191058	1
3191075	1
3191116	1
3191127	1
3191213	1
3191252	1
3191280	1
3191339	1
3191343	1
3191377	1
3191382	1
3191441	1
3191464	1
3191654	2
3191709	1
3191891	1
3191904	1
3192117	1
3192126	1
3192208	1
3192313	1
3192455	1
3192563	1
3192614	1
3192688	1
3192692	1
3192796	1
3192898	1
3192983	1
3193010	1
3193106	1
3193120	1
3193133	1
3193242	1
3193305	1
3193312	1
3193341	1
3193402	1
3193427	1
3193430	1
3193523	1
3193531	1
3193540	1
3193600	1
3193626	1
3193644	1
3193658	1
3193693	1
3193707	1
3193735	1
3193781	1
3193801	1
3193845	1
3193852	1
3193867	1
3193939	1
3194004	1
3194023	1
3194062	1
3194085	1
3194134	1
3194230	1
3194295	1
3194460	1
3194497	1
3194524	1
3194536	1
3194555	1
3194572	1
3194591	1
3194770	1
3194814	1
3194888	1
3195064	1
3195178	1
3195231	1
3195391	1
3195461	1
3195475	1
3195511	1
3195627	1
3195651	1
3195733	1
3195765	1
3195821	1
3195866	1
3195894	1
3196014	1
3196088	1
3196124	1
3196187	1
3196298	1
3196311	1
3196356	1
3196360	1
3196374	1
3196401	1
3196445	1
3196467	1
3196589	1
3196657	1
3196679	1
3196685	1
3196782	1
3196868	1
3196919	1
3197011	1
3197060	1
3197074	1
3197083	1
3197121	1
3197139	1
3197143	1
3197182	1
3197226	1
3197306	1
3197333	1
3197359	1
3197388	1
3197392	1
3197404	1
3197505	1
3197601	1
3197676	1
3197699	1
3197710	1
3197724	1
3197748	1
3197772	1
3197787	1
3197791	1
3197822	1
3197835	1
3197846	1
3197854	1
3197878	1
3198015	1
3198021	1
3198050	1
3198109	1
3198288	1
3198375	1
3198407	1
3198422	1
3198463	1
3198534	1
3198580	1
3198653	1
3198686	1
3198716	1
3198727	1
3198749	1
3198751	1
3198768	1
3198818	1
3198948	1
3198987	1
3199063	1
3199186	1
3199255	2
3199272	1
3199415	1
3199527	1
3199549	1
3199551	1
3199584	1
3199642	1
3199713	1
3199776	1
3199844	1
3199933	1
3200047	1
3200071	1
3200136	1
3200148	1
3200187	1
3200191	1
3200205	1
3200229	1
3200264	1
3200356	1
3200360	1
3200401	1
3200499	1
3200532	1
3200618	1
3200743	1
3200895	1
3200935	1
3200978	1
3201066	1
3201111	1
3201292	1
3201375	1
3201407	1
3201478	1
3201534	1
3201605	1
3201612	1
3201686	1
3201716	1
3201749	1
3201831	1
3201857	1
3201936	1
3201948	1
3201955	1
3202011	1
3202121	1
3202143	1
3202150	1
3202289	1
3202347	1
3202365	1
3202541	1
3202570	1
3202652	1
3202680	1
3202748	1
3202772	1
3202787	1
3202890	1
3202902	1
3202916	1
3202949	1
3202984	1
3203040	1
3203216	1
3203295	1
3203307	1
3203322	1
3203474	1
3203497	1
3203536	1
3203608	1
3203615	1
3203729	1
3203806	1
3203859	1
3203892	1
3203917	1
3204003	1
3204010	1
3204087	1
3204114	1
3204133	1
3204147	1
3204225	1
3204238	1
3204341	1
3204416	1
3204473	1
3204600	1
3204644	1
3204689	1
3204781	1
3204790	1
3204867	1
3204876	1
3204966	1
3205007	1
3205022	1
3205186	1
3205203	1
3205379	1
3205385	1
3205494	1
3205573	1
3205584	1
3205642	1
3205683	1
3205697	1
3205800	1
3205988	2
3205992	1
3206157	1
3206162	1
3206179	1
3206185	1
3206263	1
3206368	1
3206414	1
3206492	1
3206550	1
3206582	1
3206610	1
3206655	1
3206672	1
3206726	1
3206809	1
3206825	1
3206838	1
3206874	1
3206905	1
3206964	1
3206986	1
3207002	1
3207027	2
3207126	1
3207158	1
3207208	1
3207215	1
3207250	1
3207277	1
3207376	1
3207424	1
3207469	1
3207522	2
3207554	1
3207633	1
3207692	1
3207718	1
3207731	1
3207762	1
3207805	1
3207853	1
3207886	1
3207909	1
3207960	1
3207974	1
3207997	1
3208058	1
3208061	1
3208089	1
3208093	1
3208102	1
3208116	1
3208245	1
3208267	1
3208315	1
3208453	1
3208470	1
3208498	1
3208547	1
3208565	1
3208571	1
3208635	2
3208654	2
3208725	1
3208756	1
3208760	1
3208803	1
3208836	1
3208848	1
3208962	1
3208985	1
3209135	1
3209154	1
3209223	1
3209324	1
3209336	1
3209372	1
3209391	1
3209458	1
3209489	1
3209668	1
3209673	1
3209684	1
3209695	1
3209733	1
3209747	1
3209759	1
3209765	1
3209771	1
3209839	1
3209894	1
3209901	1
3209934	1
3209976	1
3210002	1
3210016	1
3210073	1
3210117	1
3210132	1
3210158	1
3210193	2
3210208	1
3210215	1
3210239	1
3210282	1
3210334	1
3210614	1
3210757	1
3210864	1
3210886	2
3210911	1
3210974	1
3211023	1
3211062	1
3211096	1
3211113	1
3211202	1
3211249	1
3211251	1
3211307	1
3211335	1
3211411	1
3211425	1
3211591	1
3211608	1
3211615	1
3211621	1
3211682	1
3211786	1
3211833	1
3211900	1
3211932	1
3211975	1
3212001	1
3212028	1
3212034	1
3212052	1
3212118	1
3212281	1
3212316	1
3212373	1
3212384	2
3212610	1
3212669	1
3212672	1
3212758	1
3212825	1
3212856	1
3212874	1
3213092	1
3213124	2
3213205	1
3213383	1
3213452	1
3213558	1
3213679	1
3213685	1
3213816	1
3213830	1
3213895	1
3213919	1
3213922	1
3213978	1
3214000	1
3214173	1
3214195	1
3214201	1
3214245	1
3214315	1
3214339	1
3214343	1
3214607	2
3214663	1
3214681	1
3214725	1
3214742	1
3214756	1
3214774	1
3214904	2
3215011	1
3215083	1
3215139	1
3215166	1
3215244	1
3215258	1
3215289	1
3215314	1
3215371	1
3215440	1
3215485	1
3215529	1
3215564	1
3215601	1
3215652	1
3215703	1
3215710	1
3215736	1
3215807	1
3215881	1
3215916	1
3216087	1
3216091	1
3216120	1
3216297	1
3216353	1
3216386	1
3216416	1
3216430	1
3216495	1
3216579	1
3216617	1
3216707	1
3216719	1
3216845	1
3216880	1
3216921	1
3216950	1
3216994	1
3217041	1
3217119	1
3217231	1
3217262	1
3217279	1
3217336	1
3217511	2
3217556	1
3217627	1
3217651	1
3217684	1
3217695	1
3217733	1
3217843	1
3217877	1
3217913	1
3217952	1
3217999	1
3218054	1
3218090	1
3218105	1
3218137	1
3218141	1
3218153	1
3218164	1
3218248	1
3218291	1
3218318	1
3218357	1
3218443	1
3218466	1
3218477	1
3218502	1
3218595	1
3218660	1
3218713	1
3218745	2
3218800	1
3218817	1
3218832	1
3218844	1
3218858	1
3218965	1
3219015	1
3219039	1
3219077	1
3219109	1
3219125	1
3219138	2
3219156	1
3219160	1
3219183	1
3219206	1
3219332	1
3219358	1
3219393	1
3219407	1
3219435	1
3219501	2
3219534	1
3219567	1
3219612	1
3219686	1
3219730	1
3219773	1
3219784	1
3219804	1
3219903	1
3220116	1
3220127	1
3220234	1
3220280	1
3220308	1
3220394	1
3220470	1
3220506	1
3220559	1
3220565	1
3220619	1
3220622	1
3220681	1
3220869	1
3220904	1
3220931	1
3221074	1
3221177	1
3221232	1
3221244	1
3221293	1
3221306	1
3221601	1
3221652	1
3221755	1
3221890	1
3222008	1
3222066	1
3222156	1
3222183	1
3222233	1
3222247	1
3222463	1
3222605	1
3222629	1
3222698	1
3222716	1
3222773	1
3222795	1
3222831	1
3222857	1
3222991	1
3223046	1
3223198	1
3223236	1
3223248	1
3223272	1
3223291	1
3223318	1
3223450	1
3223494	1
3223530	1
3223611	1
3223660	1
3223683	1
3223697	1
3223713	1
3223745	1
3223800	1
3223889	1
3223893	1
3223906	1
3224158	1
3224175	1
3224193	1
3224243	1
3224250	1
3224282	1
3224301	1
3224313	1
3224352	1
3224376	1
3224491	1
3224507	1
3224659	1
3224671	1
3224688	1
3224692	1
3224812	1
3224864	1
3224870	1
3224911	1
3224956	1
3225018	1
3225031	1
3225079	1
3225096	1
3225101	1
3225145	1
3225227	1
3225319	1
3225322	1
3225346	1
3225354	1
3225378	1
3225425	1
3225474	1
3225621	1
3225643	1
3225737	1
3225847	1
3225865	1
3226005	1
3226029	1
3226053	1
3226086	1
3226163	1
3226181	1
3226279	1
3226296	1
3226324	1
3226348	1
3226417	1
3226426	1
3226458	1
3226538	1
3226583	1
3226616	1
3226706	1
3226720	1
3226733	1
3226759	1
3226788	1
3227036	1
3227055	1
3227072	2
3227091	1
3227114	1
3227225	1
3227329	1
3227370	1
3227427	1
3227449	1
3227540	1
3227600	1
3227632	1
3227707	1
3227754	1
3227763	1
3227781	1
3227801	1
3227813	1
3227834	1
3227867	1
3227908	1
3228006	1
3228020	1
3228065	1
3228155	1
3228172	1
3228187	1
3228270	1
3228286	1
3228298	1
3228383	1
3228401	1
3228561	1
3228662	1
3228696	1
3228708	1
3228715	1
3228782	1
3228827	1
3228884	1
3228935	1
3228981	1
3228990	1
3229123	1
3229219	1
3229302	1
3229351	1
3229368	1
3229459	1
3229492	1
3229508	1
3229582	1
3229594	1
3229648	1
3229672	1
3229717	1
3229732	1
3229744	1
3229793	1
3229838	1
3229856	1
3229905	1
3229929	1
3230019	1
3230022	1
3230078	1
3230081	1
3230164	1
3230236	1
3230304	1
3230357	1
3230385	1
3230439	1
3230530	1
3230674	1
3230697	1
3230701	1
3230776	1
3230875	1
3230914	1
3230920	1
3230933	1
3230971	1
3230988	1
3231013	1
3231045	1
3231080	1
3231118	1
3231185	1
3231246	1
3231254	1
3231349	1
3231368	1
3231447	1
3231471	1
3231515	1
3231669	1
3231717	1
3231732	1
3231856	1
3231883	1
3231937	1
3232180	1
3232216	1
3232227	1
3232251	1
3232284	1
3232378	1
3232425	1
3232442	1
3232536	1
3232548	1
3232587	1
3232615	1
3232741	1
3232806	1
3232892	1
3233011	1
3233025	1
3233121	1
3233143	1
3233200	1
3233347	1
3233462	1
3233505	1
3233529	1
3233541	1
3233598	1
3233628	1
3233645	1
3233748	1
3233819	1
3233968	1
3234041	1
3234053	1
3234086	1
3234218	1
3234279	1
3234336	1
3234387	1
3234391	1
3234417	1
3234426	1
3234432	1
3234509	1
3234556	2
3234574	1
3234765	1
3234877	1
3234894	1
3234934	1
3234952	1
3234980	1
3235006	1
3235020	1
3235110	1
3235172	1
3235237	1
3235253	1
3235286	1
3235298	1
3235325	1
3235338	1
3235445	1
3235499	1
3235517	1
3235526	1
3235657	1
3235696	1
3235715	1
3235743	1
3235766	2
3235827	1
3235868	1
3235873	1
3235922	1
3235935	1
3235946	1
3236109	1
3236197	1
3236259	1
3236292	1
3236422	1
3236435	1
3236513	1
3236576	1
3236580	1
3236599	1
3236686	1
3236730	1
3236896	1
3236972	1
3237044	1
3237130	1
3237149	1
3237195	1
3237213	1
3237234	1
3237280	1
3237308	1
3237339	1
3237382	1
3237464	1
3237498	1
3237559	1
3237678	1
3237709	1
3237711	2
3237738	1
3237836	1
3237869	1
3237872	2
3237904	1
3237957	1
3237979	1
3237985	1
3237996	1
3238027	1
3238126	1
3238175	1
3238277	1
3238282	1
3238313	1
3238328	1
3238472	1
3238507	1
3238581	1
3238614	1
3238647	1
3238659	1
3238688	1
3238704	1
3238723	1
3238740	1
3238796	1
3238812	1
3238837	1
3239003	1
3239048	1
3239055	1
3239133	1
3239147	1
3239165	1
3239209	1
3239238	1
3239305	1
3239329	1
3239337	1
3239353	1
3239427	1
3239449	1
3239518	1
3239557	1
3239834	1
3239852	1
3239950	1
3240096	1
3240101	1
3240167	1
3240227	1
3240249	1
3240335	1
3240460	1
3240497	1
3240587	1
3240682	2
3240729	1
3240753	1
3240865	1
3240926	1
3240989	1
3241012	1
3241037	1
3241053	1
3241107	1
3241163	2
3241181	1
3241190	1
3241285	1
3241324	1
3241336	1
3241348	1
3241369	1
3241400	1
3241444	1
3241627	1
3241747	1
3241901	1
3241952	1
3241980	1
3241999	1
3242019	1
3242236	1
3242396	1
3242595	1
3242660	1
3242745	1
3242832	1
3242914	1
3243008	1
3243082	1
3243109	1
3243142	1
3243214	1
3243288	1
3243344	1
3243463	1
3243534	1
3243545	1
3243653	1
3243702	1
3243773	1
3243784	1
3243823	1
3243831	1
3243969	1
3244080	1
3244196	1
3244207	1
3244278	1
3244281	1
3244373	1
3244465	2
3244603	1
3244624	1
3244744	1
3244809	1
3244856	1
3244941	1
3244970	1
3245032	1
3245116	1
3245184	1
3245228	1
3245339	1
3245366	1
3245412	1
3245486	1
3245514	1
3245533	1
3245646	1
3245654	1
3245681	1
3245738	1
3245918	1
3246025	1
3246083	1
3246121	1
3246306	1
3246512	1
3246553	1
3246564	1
3246598	1
3246628	1
3246634	1
3246652	1
3246680	1
3246736	1
3246846	1
3246949	1
3247071	1
3247124	1
3247237	1
3247311	1
3247342	1
3247476	2
3247589	1
3247685	1
3247715	1
3247750	1
3247777	1
3247919	1
3247935	1
3247946	1
3247963	1
3247990	1
3248010	1
3248072	1
3248106	1
3248147	1
3248256	1
3248337	1
3248364	1
3248386	1
3248398	1
3248495	1
3248585	1
3248626	1
3248644	1
3248880	1
3248908	1
3248915	1
3248921	1
3249027	2
3249030	1
3249117	1
3249158	1
3249193	1
3249215	1
3249352	1
3249522	1
3249659	1
3249718	1
3249762	1
3249812	1
3249841	1
3249983	1
3250039	1
3250077	1
3250160	1
3250214	1
3250220	1
3250300	1
3250344	1
3250361	1
3250422	1
3250435	1
3250481	1
3250513	1
3250528	1
3250534	1
3250576	1
3250903	2
3250924	1
3250936	1
3251016	1
3251027	1
3251100	1
3251175	1
3251266	1
3251313	1
3251376	1
3251519	1
3251535	1
3251581	1
3251606	1
3251665	1
3251718	1
3251762	1
3251909	1
3251942	1
3251960	1
3252026	1
3252032	1
3252201	1
3252299	1
3252308	1
3252350	1
3252377	1
3252429	2
3252559	1
3252607	1
3252635	1
3252738	1
3252774	1
3252848	1
3252891	1
3252904	1
3252918	1
3252957	1
3252962	1
3252979	1
3252985	1
3253119	1
3253181	1
3253204	1
3253262	1
3253391	1
3253538	1
3253649	1
3253651	1
3253695	1
3253706	1
3253733	1
3253967	1
3254038	1
3254139	1
3254143	1
3254226	1
3254423	1
3254431	1
3254440	1
3254479	1
3254485	1
3254564	1
3254703	1
3254787	1
3254819	1
3254822	1
3254863	1
3254916	1
3254968	1
3254973	1
3255036	1
3255048	1
3255055	1
3255114	1
3255192	1
3255242	1
3255260	1
3255364	1
3255402	1
3255468	1
3255484	1
3255495	1
3255540	1
3255585	1
3255600	1
3255644	1
3255707	1
3255781	1
3255828	1
3255876	1
3255908	1
3255915	1
3256046	1
3256090	1
3256210	1
3256323	1
3256357	1
3256379	1
3256408	1
3256415	1
3256421	1
3256450	1
3256466	1
3256482	1
3256516	1
3256549	1
3256745	1
3256800	1
3256875	1
3256959	1
3256971	1
3257057	1
3257062	1
3257113	1
3257322	1
3257442	1
3257456	1
3257460	1
3257483	1
3257503	1
3257572	1
3257677	1
3257712	1
3257741	1
3257859	1
3257888	1
3257892	1
3258028	1
3258076	1
3258080	1
3258263	1
3258420	1
3258471	1
3258488	1
3258539	1
3258566	1
3258648	1
3258655	1
3258687	1
3258809	1
3258811	1
3258842	1
3258856	1
3258897	1
3258905	1
3259103	1
3259169	1
3259237	1
3259264	1
3259325	1
3259338	1
3259452	1
3259499	1
3259532	1
3259544	1
3259561	1
3259589	1
3259816	1
3259873	1
3260012	1
3260037	1
3260041	1
3260070	1
3260190	1
3260231	1
3260262	1
3260296	1
3260303	1
3260391	1
3260444	1
3260475	1
3260556	1
3260720	1
3260771	1
3260850	1
3261110	1
3261187	1
3261241	1
3261286	1
3261325	1
3261401	1
3261434	1
3261445	1
3261593	1
3261604	1
3261750	1
3261782	2
3261802	1
3261830	1
3261884	1
3261919	1
3261954	1
3261963	1
3261981	1
3262069	1
3262091	1
3262165	1
3262225	1
3262242	1
3262260	1
3262283	1
3262364	1
3262430	1
3262504	1
3262557	1
3262562	1
3262579	1
3262632	1
3262644	1
3262675	2
3262719	1
3262754	1
3262778	1
3262781	1
3262801	1
3262845	1
3262899	1
3262977	1
3262994	1
3263030	1
3263084	1
3263095	1
3263117	1
3263132	1
3263175	1
3263215	1
3263239	1
3263266	1
3263282	1
3263294	2
3263554	1
3263578	1
3263581	1
3263620	1
3263647	1
3263671	1
3263704	1
3263837	1
3263942	1
3263960	1
3263997	1
3264022	1
3264035	1
3264164	1
3264248	1
3264272	1
3264318	1
3264421	1
3264439	2
3264477	1
3264527	1
3264530	1
3264568	1
3264660	1
3264728	1
3264826	1
3264906	1
3264971	1
3265104	1
3265162	1
3265179	1
3265196	1
3265207	1
3265235	1
3265263	1
3265330	1
3265406	1
3265414	1
3265465	1
3265775	1
3265793	1
3265874	1
3265970	1
3266000	1
3266201	1
3266267	1
3266276	1
3266299	1
3266308	1
3266315	1
3266412	1
3266437	1
3266565	1
3266635	1
3266654	1
3266678	1
3266711	1
3266803	1
3266855	1
3266869	1
3266979	1
3266996	1
3267008	1
3267039	1
3267077	1
3267160	1
3267197	1
3267220	1
3267288	1
3267358	1
3267422	1
3267454	1
3267490	1
3267576	1
3267629	1
3267637	1
3267653	1
3267879	1
3267885	1
3267896	1
3267924	1
3268060	1
3268074	1
3268115	1
3268200	1
3268314	1
3268320	1
3268371	1
3268418	1
3268423	1
3268564	1
3268570	1
3268628	1
3268755	1
3268791	2
3268854	1
3268890	1
3268902	1
3268927	1
3268951	1
3268973	1
3268984	1
3269113	1
3269128	1
3269134	1
3269145	1
3269176	1
3269202	1
3269284	1
3269390	1
3269411	1
3269442	1
3269497	1
3269572	1
3269786	1
3269820	1
3269833	1
3270042	1
3270056	1
3270097	2
3270320	1
3270371	1
3270392	1
3270462	1
3270485	1
3270628	1
3270676	1
3270787	1
3270807	1
3270846	1
3270878	1
3270927	1
3270973	1
3270984	1
3271024	1
3271055	1
3271165	1
3271329	1
3271337	1
3271386	1
3271658	1
3271675	1
3271689	1
3271707	1
3271746	1
3271763	1
3271813	1
3271939	1
3271966	1
3272020	1
3272033	1
3272103	1
3272110	1
3272136	1
3272148	1
3272264	1
3272270	1
3272383	1
3272413	1
3272428	1
3272499	1
3272558	1
3272623	1
3272708	1
3272766	1
3272851	1
3272895	1
3272946	1
3273045	1
3273076	1
3273080	1
3273099	1
3273123	1
3273157	1
3273246	2
3273281	1
3273395	1
3273471	1
3273515	1
3273539	1
3273566	1
3273594	1
3273655	2
3273842	1
3273897	1
3273905	1
3273937	1
3273953	1
3273964	1
3274077	1
3274156	1
3274160	1
3274197	1
3274206	1
3274214	1
3274247	1
3274265	1
3274358	1
3274361	1
3274389	1
3274419	2
3274422	1
3274481	1
3274513	1
3274545	1
3274552	1
3274629	1
3274637	1
3274664	1
3274686	1
3274727	1
3274751	1
3274840	1
3274885	1
3275016	1
3275073	1
3275175	1
3275250	1
3275313	1
3275367	1
3275376	1
3275472	1
3275563	1
3275647	1
3275688	1
3275796	1
3275829	1
3275864	1
3275911	1
3276040	1
3276249	1
3276295	1
3276307	1
3276335	1
3276346	1
3276354	1
3276409	1
3276442	2
3276456	1
3276503	1
3276524	1
3276536	1
3276572	1
3276621	1
3276770	1
3276786	1
3276814	1
3276900	1
3276975	1
3277046	1
3277054	1
3277105	1
3277198	1
3277396	1
3277494	1
3277527	1
3277611	1
3277683	1
3277697	1
3277799	1
3277858	1
3277906	1
3277947	1
3277988	1
3278098	1
3278146	1
3278296	1
3278324	1
3278489	1
3278574	1
3278630	1
3278695	1
3278706	1
3278720	1
3278788	1
3278792	1
3278808	1
3278839	1
3278866	1
3278877	1
3278999	1
3279000	1
3279044	1
3279213	1
3279245	1
3279276	1
3279343	1
3279429	1
3279464	1
3279565	1
3279592	1
3279619	1
3279663	1
3279690	1
3279711	1
3279803	1
3279848	1
3279979	1
3280028	2
3280034	1
3280045	1
3280067	1
3280076	1
3280157	1
3280290	1
3280330	1
3280515	1
3280521	1
3280603	1
3280624	1
3280687	1
3280700	1
3280811	1
3280937	1
3280970	1
3280998	1
3281017	1
3281195	1
3281321	1
3281382	1
3281437	1
3281470	1
3281486	1
3281588	1
3281607	1
3281663	1
3281678	1
3281681	1
3281690	1
3281711	1
3281742	1
3281756	1
3281774	1
3281803	1
3281836	1
3281872	1
3281918	1
3281931	1
3281962	1
3282095	1
3282132	1
3282144	1
3282158	1
3282175	1
3282301	1
3282328	1
3282380	1
3282399	1
3282519	1
3282535	1
3282704	1
3282785	1
3282796	1
3282960	1
3283036	1
3283055	1
3283312	1
3283353	1
3283398	1
3283626	1
3283632	1
3283722	1
3283763	1
3283801	1
3283834	1
3283867	1
3283908	1
3283915	1
3284510	1
3284569	1
3284572	1
3284643	1
3284705	1
3284770	1
3284806	1
3285029	1
3285070	1
3285154	1
3285178	1
3285204	1
3285231	1
3285310	1
3285336	1
3285391	1
3285556	1
3285627	1
3285668	1
3285714	1
3285788	1
3285808	1
3285821	1
3285850	1
3286136	1
3286169	1
3286191	1
3286237	2
3286253	1
3286270	1
3286298	1
3286338	1
3286397	1
3286452	1
3286476	1
3286499	1
3286593	1
3286604	1
3286662	1
3286679	1
3286685	1
3286743	1
3286802	1
3286830	1
3287097	1
3287143	1
3287166	1
3287200	1
3287217	1
3287261	1
3287388	2
3287431	1
3287496	1
3287601	1
3287667	1
3287710	1
3287769	1
3287854	1
3287878	1
3287916	1
3287995	1
3288021	1
3288039	1
3288077	1
3288094	1
3288233	1
3288288	1
3288375	1
3288435	1
3288446	1
3288454	1
3288463	1
3288478	1
3288513	1
3288629	1
3288749	1
3288751	1
3288896	1
3289022	1
3289078	1
3289153	1
3289198	1
3289248	1
3289340	1
3289443	1
3289516	2
3289530	1
3289611	1
3289656	1
3289752	1
3289780	1
3289832	1
3289914	1
3289965	1
3289971	1
3290024	1
3290036	1
3290091	1
3290147	1
3290159	1
3290192	1
3290209	1
3290283	1
3290337	1
3290370	1
3290449	1
3290451	1
3290658	1
3290661	1
3290675	1
3290693	1
3290719	1
3290778	1
3290801	1
3290876	1
3290899	1
3290921	1
3290943	1
3290966	1
3291137	1
3291269	1
3291272	1
3291304	1
3291466	1
3291482	1
3291568	1
3291625	1
3291697	1
3291728	1
3291752	1
3291780	1
3291799	1
3291832	1
3291906	1
3291947	1
3292064	1
3292107	1
3292146	1
3292163	1
3292181	1
3292231	1
3292285	1
3292391	1
3292400	1
3292525	1
3292556	1
3292583	1
3292684	1
3292821	1
3292894	1
3292913	1
3292934	1
3293017	1
3293058	1
3293093	1
3293184	1
3293321	1
3293412	1
3293437	1
3293559	1
3293592	1
3293654	1
3293742	1
3293904	1
3293940	1
3293957	1
3293996	1
3294205	1
3294253	1
3294298	1
3294342	1
3294476	1
3294631	1
3294679	1
3294721	1
3294766	1
3294802	1
3294827	1
3294849	1
3294919	1
3294963	1
3294990	1
3295050	1
3295082	1
3295111	1
3295300	1
3295332	1
3295407	1
3295534	1
3295580	1
3295599	1
3295670	1
3295698	1
3295727	1
3295749	1
3295768	1
3295804	1
3295823	1
3295936	1
3295991	1
3296016	1
3296243	1
3296277	1
3296436	2
3296448	1
3296522	1
3296554	1
3296590	1
3296620	1
3296665	1
3296762	1
3297013	1
3297034	1
3297052	1
3297076	1
3297185	1
3297669	2
3297687	1
3297726	1
3297838	1
3297856	1
3297953	1
3298134	1
3298202	1
3298273	1
3298354	1
3298378	1
3298460	1
3298510	1
3298569	1
3298639	1
3298677	1
3298712	1
3298737	1
3298741	1
3298770	1
3298859	1
3298871	1
3298900	1
3298961	1
3299042	1
3299074	1
3299115	1
3299150	1
3299182	1
3299200	1
3299365	1
3299431	1
3299457	1
3299496	1
3299529	1
3299537	1
3299645	1
3299791	1
3299835	1
3299930	1
3299968	1
3299984	1
3300053	1
3300107	1
3300122	1
3300218	1
3300240	1
3300279	1
3300296	1
3300303	1
3300372	1
3300391	1
3300432	1
3300461	1
3300583	1
3300630	1
3300668	1
3300901	1
3300913	1
3300945	1
3300976	1
3301110	1
3301155	1
3301229	1
3301241	1
3301298	1
3301342	1
3301374	1
3301452	1
3301544	1
3301575	1
3301604	1
3301743	1
3301750	1
3301766	1
3301827	1
3301851	1
3301868	1
3301981	1
3302036	1
3302072	1
3302087	1
3302091	1
3302188	1
3302274	1
3302283	1
3302312	1
3302341	1
3302402	1
3302427	1
3302523	1
3302540	1
3302626	1
3302644	1
3302722	1
3302754	1
3302763	1
3302790	1
3302801	1
3302845	1
3302852	1
3302915	2
3302966	1
3302977	1
3303016	1
3303030	1
3303068	1
3303073	1
3303084	1
3303352	1
3303399	1
3303487	1
3303522	1
3303614	1
3303633	1
3303688	1
3303779	1
3303805	1
3303853	1
3303870	1
3303909	1
3303925	1
3303997	1
3304022	1
3304081	1
3304112	1
3304210	1
3304272	1
3304287	1
3304291	1
3304379	1
3304443	1
3304494	1
3304595	1
3304780	1
3304799	1
3304844	1
3304858	1
3304965	1
3305034	1
3305045	1
3305123	1
3305179	1
3305327	1
3305368	1
3305508	1
3305610	1
3305775	1
3305905	1
3305986	1
3306017	1
3306075	1
3306116	1
3306234	1
3306252	1
3306267	1
3306280	1
3306299	1
3306343	1
3306366	1
3306377	1
3306382	1
3306394	1
3306429	1
3306506	1
3306571	1
3306756	1
3306783	1
3306918	1
3306931	1
3307015	1
3307039	1
3307077	1
3307111	1
3307138	1
3307156	1
3307220	1
3307344	1
3307375	1
3307407	1
3307605	1
3307629	1
3307637	1
3307702	1
3307749	1
3307910	1
3307955	1
3307969	1
3307991	1
3308025	1
3308097	1
3308166	1
3308232	1
3308320	1
3308371	1
3308505	1
3308570	1
3308586	1
3308628	1
3308676	1
3308699	1
3308769	1
3308819	1
3308835	1
3308854	1
3308878	1
3309004	1
3309057	1
3309085	1
3309096	1
3309319	1
3309346	1
3309378	1
3309425	1
3309639	1
3309677	1
3309694	1
3309729	1
3309753	1
3309770	1
3309806	1
3309820	2
3309865	1
3309871	1
3309888	1
3309944	1
3310039	1
3310094	1
3310183	1
3310214	1
3310233	1
3310259	1
3310292	1
3310393	1
3310422	1
3310490	1
3310641	1
3310716	1
3310773	1
3310804	1
3310903	1
3310972	1
3311027	1
3311068	1
3311158	1
3311243	1
3311266	1
3311380	1
3311785	1
3311909	1
3312032	1
3312058	1
3312102	1
3312149	1
3312201	1
3312252	1
3312299	1
3312394	1
3312506	1
3312514	1
3312592	1
3312607	1
3312622	1
3312654	1
3312738	1
3312872	1
3312891	1
3312957	1
3313369	1
3313444	1
3313525	1
3313602	1
3313651	1
3313684	1
3313695	1
3313706	1
3313759	1
3313815	1
3313877	1
3313928	1
3313945	1
3313999	1
3314182	1
3314226	2
3314261	1
3314293	1
3314359	1
3314371	1
3314388	1
3314404	1
3314541	1
3314598	2
3314601	1
3314710	1
3314748	1
3314791	1
3314890	1
3314930	1
3315055	1
3315072	1
3315114	1
3315133	2
3315188	1
3315256	1
3315364	1
3315430	1
3315451	1
3315473	1
3315540	1
3315617	1
3315632	1
3315722	1
3315813	1
3315921	1
3315950	1
3315966	1
3316063	1
3316112	1
3316170	1
3316236	1
3316248	1
3316255	1
3316357	1
3316408	1
3316415	1
3316466	1
3316551	1
3316609	1
3316638	1
3316642	1
3316683	1
3316697	1
3316752	1
3316817	1
3316832	1
3316861	1
3316889	1
3316906	1
3316971	1
3317085	1
3317167	1
3317199	1
3317251	1
3317273	1
3317381	1
3317536	1
3317591	1
3317608	1
3317621	1
3317682	1
3317729	1
3317814	1
3317917	1
3317926	1
3317961	1
3318013	1
3318052	1
3318131	1
3318140	1
3318157	1
3318254	1
3318263	1
3318316	1
3318384	1
3318447	1
3318488	1
3318492	1
3318648	1
3318700	1
3318726	1
3318732	1
3318758	1
3318838	1
3318905	1
3318986	1
3319103	1
3319136	1
3319169	1
3319212	1
3319325	1
3319342	1
3319397	1
3319428	1
3319480	1
3319575	1
3319657	1
3319708	1
3319715	2
3319750	1
3319830	1
3319946	1
3319978	1
3320009	1
3320011	1
3320038	1
3320083	1
3320097	1
3320143	1
3320194	1
3320226	1
3320232	2
3320306	1
3320333	1
3320440	1
3320570	1
3320586	1
3320613	1
3320634	1
3320676	1
3320680	1
3320710	1
3320748	2
3320878	1
3320927	1
3320951	1
3320968	1
3321072	1
3321091	1
3321159	1
3321256	1
3321274	1
3321353	1
3321386	1
3321402	1
3321468	1
3321473	1
3321518	1
3321632	1
3321658	1
3321661	1
3321693	1
3321778	1
3321828	1
3321834	1
3321939	1
3321950	1
3322020	1
3322033	1
3322103	1
3322155	1
3322253	1
3322360	1
3322428	1
3322499	1
3322526	1
3322544	1
3322662	1
3322696	1
3322743	1
3322750	1
3322777	1
3322816	2
3322851	1
3322907	1
3322922	1
3322981	1
3323140	1
3323157	1
3323263	1
3323278	1
3323316	1
3323327	1
3323351	1
3323384	1
3323406	2
3323521	1
3323539	1
3323582	1
3323610	1
3323691	1
3323905	1
3323937	1
3324008	1
3324039	2
3324109	1
3324393	1
3324490	1
3324545	1
3324698	1
3324749	1
3324804	1
3324896	1
3324910	1
3325016	1
3325027	1
3325132	1
3325144	1
3325243	1
3325345	1
3325367	1
3325399	1
3325469	1
3325491	1
3325704	1
3325731	1
3325740	1
3325757	1
3325762	1
3325829	1
3326128	1
3326134	2
3326319	1
3326409	1
3326474	1
3326524	1
3326536	1
3326621	1
3326639	1
3326712	1
3326871	1
3327137	1
3327141	1
3327164	1
3327323	1
3327439	1
3327466	1
3327482	1
3327494	1
3327530	1
3327734	1
3327780	1
3327800	1
3327875	1
3327889	1
3327906	1
3327988	1
3327992	1
3328053	1
3328122	1
3328135	1
3328181	1
3328240	1
3328262	1
3328348	1
3328372	1
3328426	1
3328444	1
3328651	1
3328843	1
3328877	1
3329032	1
3329089	1
3329116	1
3329184	1
3329213	1
3329252	1
3329571	1
3329711	1
3329725	1
3329742	1
3329760	1
3329783	1
3329797	1
3329918	1
3329962	1
3329985	1
3330099	1
3330162	1
3330196	1
3330254	1
3330384	1
3330406	1
3330582	1
3330717	1
3330726	1
3330842	1
3330874	1
3331127	1
3331213	1
3331299	1
3331315	1
3331343	1
3331394	1
3331437	1
3331441	1
3331506	1
3331547	1
3331559	1
3331646	1
3331654	1
3331678	1
3331690	1
3331742	1
3331760	1
3331774	1
3331855	1
3331923	1
3332016	1
3332027	1
3332049	1
3332095	1
3332100	1
3332239	1
3332282	1
3332294	1
3332367	1
3332448	1
3332535	1
3332563	1
3332581	1
3332614	1
3332620	1
3332757	1
3332785	1
3332796	1
3332805	1
3332853	1
3332886	1
3332997	1
3333010	1
3333091	1
3333133	1
3333192	1
3333225	1
3333274	1
3333297	1
3333341	1
3333402	1
3333416	1
3333427	1
3333504	1
3333518	1
3333523	1
3333585	1
3333632	1
3333644	1
3333693	1
3333790	1
3333867	1
3333915	1
3333950	1
3333977	1
3333982	1
3334031	1
3334040	1
3334062	1
3334128	1
3334199	1
3334202	1
3334227	1
3334251	1
3334307	1
3334378	1
3334460	1
3334474	1
3334503	1
3334548	1
3334555	1
3334591	1
3334764	1
3334798	1
3334833	1
3334917	1
3334958	1
3334989	1
3334993	1
3335122	1
3335154	1
3335218	1
3335303	1
3335369	1
3335372	1
3335458	1
3335461	1
3335489	1
3335509	1
3335511	1
3335556	1
3335684	1
3335747	1
3335765	1
3335792	1
3335901	1
3335976	1
3335999	1
3336020	1
3336088	1
3336103	1
3336124	1
3336148	1
3336172	1
3336229	1
3336286	1
3336309	1
3336325	1
3336397	1
3336413	1
3336500	1
3336631	1
3336679	1
3336750	1
3336777	1
3336816	1
3336873	1
3336922	1
3336954	1
3336978	1
3337009	1
3337042	1
3337060	1
3337143	1
3337150	1
3337177	1
3337194	1
3337217	1
3337320	1
3337365	1
3337371	1
3337431	1
3337440	1
3337537	1
3337564	1
3337613	1
3337645	1
3338043	1
3338094	1
3338111	1
3338142	1
3338259	1
3338317	1
3338375	1
3338407	2
3338446	1
3338481	1
3338612	1
3338702	2
3338730	1
3338751	1
3338857	1
3338903	1
3338972	1
3339078	1
3339081	1
3339141	1
3339153	1
3339164	1
3339198	1
3339210	1
3339255	1
3339291	1
3339379	1
3339396	1
3339415	1
3339482	1
3339494	1
3339502	1
3339516	1
3339584	1
3339683	1
3339701	1
3339734	1
3339776	1
3339832	1
3339858	1
3339861	1
3339906	1
3339920	1
3339947	1
3339959	1
3339965	1
3339971	1
3340027	1
3340193	1
3340221	1
3340243	1
3340294	1
3340448	1
3340620	1
3340731	1
3340853	1
3341040	1
3341057	1
3341079	1
3341101	1
3341176	1
3341216	1
3341335	1
3341378	1
3341442	1
3341460	1
3341555	1
3341608	1
3341639	1
3341741	1
3341764	1
3341865	1
3341989	1
3342001	1
3342067	1
3342076	1
3342254	1
3342281	1
3342368	1
3342384	1
3342433	1
3342447	1
3342471	1
3342539	1
3342566	1
3342648	1
3342726	1
3342811	1
3342905	1
3342941	1
3342953	1
3342964	1
3343047	1
3343124	1
3343187	1
3343229	1
3343237	1
3343270	1
3343467	1
3343532	1
3343544	1
3343708	1
3343715	1
3343782	1
3343827	1
3343849	1
3343895	1
3343981	1
3344000	1
3344093	1
3344116	1
3344201	1
3344308	1
3344350	1
3344412	1
3344437	1
3344498	1
3344506	1
3344559	1
3344565	2
3344571	1
3344588	1
3344607	1
3344738	1
3344783	1
3344797	1
3344891	1
3344923	1
3344979	1
3345009	1
3345194	1
3345347	1
3345418	1
3345512	1
3345586	1
3345634	1
3345645	1
3345652	1
3345787	1
3345791	1
3345854	2
3345863	1
3345927	1
3346024	1
3346048	1
3346069	1
3346072	1
3346091	2
3346106	1
3346188	1
3346260	1
3346337	1
3346540	1
3346562	1
3346585	1
3346617	1
3346763	1
3346867	1
3347037	1
3347064	1
3347070	1
3347163	1
3347190	1
3347204	1
3347223	1
3347231	1
3347285	1
3347426	1
3347458	1
3347493	1
3347511	1
3347538	1
3347542	1
3347556	1
3347684	1
3347952	1
3348081	1
3348090	1
3348105	1
3348186	1
3348236	1
3348318	1
3348450	1
3348477	1
3348502	1
3348656	1
3348701	1
3348728	1
3348800	1
3348861	1
3348906	1
3348947	1
3348988	1
3349043	1
3349066	1
3349082	1
3349174	1
3349288	1
3349422	1
3349490	1
3349501	1
3349653	1
3349686	1
3349862	1
3349948	1
3349955	1
3350103	1
3350264	1
3350338	1
3350360	1
3350374	1
3350517	1
3350575	1
3350604	1
3350662	1
3350708	1
3350782	1
3350816	1
3350868	2
3350873	1
3350919	1
3350935	1
3351015	1
3351094	1
3351271	1
3351288	1
3351375	1
3351422	1
3351478	1
3351528	1
3351653	1
3351686	1
3351716	1
3351795	1
3351818	1
3351879	1
3352011	1
3352025	1
3352038	1
3352121	1
3352150	1
3352177	1
3352200	1
3352226	1
3352244	1
3352275	1
3352306	1
3352320	1
3352333	1
3352347	1
3352418	1
3352479	1
3352553	1
3352564	1
3352667	1
3352699	1
3352772	1
3352835	1
3352846	1
3352916	1
3352951	1
3353101	2
3353113	1
3353180	1
3353199	1
3353273	1
3353381	1
3353615	1
3353666	1
3353741	1
3353764	1
3353833	1
3353859	1
3353926	1
3353944	1
3353975	1
3354165	1
3354171	1
3354209	1
3354211	1
3354337	1
3354416	1
3354707	1
3354908	1
3354915	1
3354921	1
3354939	1
3354977	1
3355007	1
3355137	1
3355164	1
3355396	1
3355408	1
3355450	1
3355734	1
3355776	1
3355844	1
3355889	1
3355992	1
3356013	1
3356034	1
3356162	1
3356222	1
3356235	1
3356302	1
3356327	1
3356488	1
3356624	1
3356687	1
3356726	1
3356744	1
3356825	1
3356856	1
3356860	1
3356986	1
3357030	1
3357073	1
3357117	1
3357367	1
3357403	1
3357410	1
3357472	1
3357487	1
3357606	1
3357614	1
3357671	1
3357757	1
3357886	1
3357898	1
3357956	1
3358017	1
3358026	1
3358061	1
3358075	1
3358102	1
3358116	1
3358127	1
3358149	1
3358299	1
3358339	1
3358343	1
3358412	1
3358559	1
3358565	1
3358783	1
3358803	1
3358836	1
3358848	1
3358940	1
3358957	1
3358985	1
3358996	1
3359029	1
3359064	1
3359086	1
3359178	1
3359181	1
3359231	1
3359296	1
3359303	1
3359372	1
3359400	1
3359461	1
3359511	1
3359583	1
3359597	1
3359616	1
3359630	1
3359684	1
3359759	1
3359792	1
3359839	1
3359945	1
3360018	1
3360031	1
3360079	1
3360096	1
3360101	1
3360167	1
3360180	1
3360230	1
3360284	1
3360295	1
3360346	1
3360354	1
3360390	1
3360425	1
3360438	1
3360460	1
3360503	1
3360510	1
3360650	1
3360682	1
3360741	1
3360814	1
3360871	1
3360926	1
3361053	1
3361223	1
3361369	1
3361509	1
3361542	1
3361560	1
3361597	2
3361651	1
3361792	1
3361808	1
3361815	1
3361821	1
3361839	1
3361882	1
3361928	1
3361967	1
3362019	1
3362203	1
3362272	1
3362331	1
3362357	1
3362379	1
3362385	1
3362450	1
3362516	1
3362573	1
3362625	1
3362642	1
3362674	1
3362728	1
3362767	1
3362832	1
3362861	2
3363008	1
3363021	1
3363050	1
3363077	1
3363094	1
3363111	1
3363156	1
3363197	1
3363220	1
3363247	1
3363259	1
3363288	1
3363332	1
3363361	1
3363375	1
3363393	1
3363422	1
3363454	1
3363751	1
3363804	1
3363840	1
3363896	1
3363936	1
3363991	1
3364131	1
3364235	1
3364278	1
3364290	1
3364373	1
3364384	1
3364414	1
3364459	1
3364515	1
3364543	1
3364550	1
3364582	1
3364648	1
3364761	1
3364793	1
3364883	1
3364912	1
3364941	1
3365044	1
3365149	1
3365173	1
3365234	1
3365267	1
3365280	1
3365321	1
3365377	1
3365441	1
3365470	1
3365486	1
3365533	1
3365592	1
3365678	1
3365774	1
3365848	1
3365891	1
3365904	1
3365931	1
3366009	1
3366025	1
3366074	1
3366083	1
3366108	1
3366115	1
3366139	1
3366166	2
3366200	1
3366217	1
3366244	1
3366359	1
3366365	1
3366404	1
3366431	1
3366496	1
3366512	1
3366586	1
3366613	1
3366645	1
3366652	1
3366680	1
3366710	1
3366724	1
3366787	1
3366930	1
3366949	1
3367033	1
3367092	1
3367110	1
3367172	2
3367187	1
3367205	1
3367229	1
3367309	1
3367360	1
3367383	1
3367476	1
3367517	1
3367696	1
3367739	1
3367743	1
3367777	1
3367794	1
3367849	1
3367868	1
3368091	1
3368114	1
3368133	1
3368147	1
3368188	1
3368209	1
3368211	1
3368238	1
3368242	1
3368274	1
3368297	1
3368386	1
3368562	1
3368644	1
3368735	1
3368754	1
3368801	1
3368939	1
3368943	1
3368977	1
3368994	1
3369016	1
3369068	1
3369117	1
3369215	1
3369243	1
3369277	1
3369313	1
3369472	1
3369519	1
3369522	1
3369554	1
3369563	1
3369578	1
3369671	1
3369704	1
3369731	1
3369812	1
3369864	1
3369870	1
3369911	1
3369925	1
3369938	1
3370010	1
3370106	1
3370171	1
3370192	1
3370211	1
3370242	1
3370274	1
3370283	1
3370312	1
3370337	1
3370364	1
3370427	1
3370451	1
3370468	1
3370473	1
3370484	1
3370495	1
3370707	1
3370828	1
3371035	1
3371137	1
3371153	1
3371170	1
3371186	1
3371248	1
3371304	1
3371396	2
3371595	1
3371638	1
3371642	1
3371728	1
3371734	1
3371745	1
3371752	1
3371893	1
3371965	1
3372086	1
3372107	1
3372135	1
3372181	1
3372223	1
3372262	1
3372336	1
3372369	1
3372372	1
3372475	1
3372574	1
3372649	1
3372695	1
3372714	1
3372808	1
3372821	1
3373044	1
3373093	1
3373252	1
3373315	1
3373366	1
3373486	1
3373559	1
3373635	1
3373690	1
3373711	1
3373756	1
3373810	1
3373869	1
3373887	1
3374006	1
3374014	1
3374110	1
3374136	1
3374212	1
3374241	1
3374253	1
3374286	1
3374325	1
3374342	1
3374374	1
3374401	1
3374500	1
3374517	1
3374558	1
3374618	1
3374631	1
3374721	1
3374739	1
3374868	1
3374922	1
3375109	2
3375142	1
3375156	1
3375317	1
3375344	1
3375358	1
3375422	1
3375454	1
3375637	1
3375795	1
3375840	1
3375903	1
3375924	1
3375936	1
3376027	1
3376117	1
3376175	1
3376301	1
3376399	1
3376491	1
3376522	1
3376554	1
3376563	1
3376647	1
3376692	1
3376704	1
3376740	1
3376757	1
3376829	1
3376841	1
3376925	1
3377013	1
3377034	1
3377080	1
3377099	1
3377207	1
3377290	1
3377373	1
3377433	1
3377471	1
3377515	1
3377550	1
3377566	1
3377610	1
3377624	1
3377655	1
3377669	1
3377775	1
3377874	1
3377905	1
3377941	1
3377998	1
3378018	1
3378101	1
3378202	1
3378227	1
3378249	1
3378354	1
3378378	1
3378409	1
3378474	1
3378572	1
3378608	1
3378682	1
3378694	2
3378865	1
3378932	1
3378958	1
3379038	1
3379060	1
3379108	1
3379139	1
3379143	2
3379226	1
3379306	1
3379314	1
3379347	2
3379479	1
3379496	1
3379505	1
3379613	1
3379667	1
3379676	1
3379755	1
3379791	1
3379822	1
3379902	1
3379949	1
3379951	1
3379973	1
3380000	1
3380017	1
3380026	1
3380276	1
3380350	1
3380559	1
3380565	1
3380797	1
3380887	1
3380931	1
3380996	1
3381083	1
3381115	1
3381166	1
3381182	1
3381200	1
3381275	1
3381289	1
3381320	1
3381457	1
3381496	1
3381505	1
3381628	1
3381676	1
3381699	1
3381736	2
3381916	1
3381984	1
3382015	1
3382039	1
3382111	1
3382142	1
3382174	1
3382197	1
3382206	1
3382220	2
3382233	1
3382259	1
3382300	1
3382326	1
3382344	1
3382454	1
3382501	1
3382599	1
3382605	1
3382612	1
3382629	1
3382664	1
3382686	1
3382698	1
3382768	1
3382840	1
3382857	1
3382948	1
3383035	1
3383081	1
3383105	1
3383129	1
3383164	1
3383170	1
3383224	1
3383269	1
3383304	1
3383357	1
3383385	1
3383415	1
3383466	1
3383502	1
3383611	1
3383660	1
3383728	1
3383817	1
3383844	1
3383893	1
3383906	1
3383959	1
3384030	1
3384051	1
3384100	1
3384117	1
3384266	1
3384282	1
3384301	1
3384590	1
3384620	1
3384841	1
3384853	1
3384911	1
3384960	1
3384997	1
3385128	1
3385134	1
3385295	1
3385346	1
3385381	1
3385411	1
3385438	1
3385474	1
3385555	1
3385770	1
3385798	1
3385847	1
3385865	1
3386218	1
3386223	1
3386240	1
3386285	1
3386426	1
3386493	1
3386556	1
3386583	1
3386602	1
3386627	1
3386630	1
3386673	1
3386866	1
3386877	1
3386928	1
3386934	1
3386952	1
3386967	1
3386980	1
3387055	2
3387072	1
3387106	1
3387133	1
3387165	1
3387171	1
3387274	2
3387283	1
3387312	1
3387341	1
3387416	1
3387427	1
3387518	2
3387523	1
3387562	1
3387596	1
3387617	1
3387707	1
3387735	1
3387746	1
3387778	1
3387790	1
3387867	1
3387908	1
3387939	1
3387977	1
3387982	1
3388103	1
3388172	1
3388191	1
3388270	1
3388309	1
3388374	1
3388476	1
3388500	1
3388631	2
3388685	1
3388750	1
3388777	1
3388990	1
3389028	1
3389207	1
3389327	1
3389406	1
3389459	1
3389488	1
3389521	1
3389610	1
3389636	1
3389672	1
3389726	1
3389758	1
3389842	1
3390007	1
3390035	1
3390137	1
3390153	1
3390224	1
3390269	2
3390287	1
3390331	1
3390340	1
3390362	2
3390466	1
3390482	1
3390551	1
3390584	1
3390745	1
3390826	1
3390858	1
3391131	1
3391140	1
3391207	1
3391246	1
3391254	1
3391330	1
3391349	1
3391351	1
3391459	1
3391492	1
3391515	1
3391577	1
3391582	1
3391624	1
3391636	1
3391672	1
3391717	1
3391726	1
3391825	1
3391905	1
3391937	1
3392023	1
3392057	1
3392113	1
3392145	1
3392216	1
3392227	1
3392284	1
3392295	1
3392322	1
3392460	1
3392483	1
3392524	1
3392548	1
3392587	1
3392643	1
3392677	1
3392694	2
3392741	1
3392753	1
3392764	2
3392786	1
3392833	1
3392871	1
3392917	1
3392989	1
3393011	1
3393056	1
3393182	1
3393194	1
3393306	1
3393365	1
3393570	1
3393598	1
3393628	1
3393667	1
3393699	1
3393748	1
3393835	1
3393890	1
3393949	1
3393973	1
3394223	1
3394279	1
3394303	1
3394336	1
3394444	1
3394489	1
3394538	1
3394616	1
3394668	1
3394733	1
3394759	1
3394843	1
3395059	1
3395092	1
3395103	1
3395148	1
3395155	1
3395187	1
3395241	1
3395342	1
3395374	1
3395383	1
3395401	1
3395428	1
3395532	1
3395561	1
3395575	1
3395685	1
3395739	1
3395750	1
3395954	1
3396039	1
3396050	1
3396109	1
3396138	1
3396214	1
3396220	2
3396271	1
3396288	1
3396317	1
3396326	1
3396358	1
3396478	1
3396481	1
3396490	1
3396501	1
3396567	1
3396629	1
3396773	1
3396818	1
3396910	1
3396936	1
3396955	1
3397093	1
3397127	1
3397267	1
3397315	1
3397321	1
3397339	1
3397559	1
3397571	1
3397725	1
3397774	1
3397797	1
3397904	1
3397931	1
3398049	1
3398095	1
3398100	1
3398117	1
3398175	1
3398208	1
3398221	1
3398266	1
3398282	1
3398352	1
3398455	1
3398487	1
3398507	1
3398546	1
3398578	1
3398606	1
3398614	1
3398620	1
3398647	1
3398723	1
3398762	1
3398805	1
3398997	1
3399091	1
3399133	1
3399242	1
3399312	1
3399557	1
3399562	1
3399596	1
3399719	1
3399735	1
3399790	1
3399880	1
3399966	1
3400026	1
3400173	1
3400213	1
3400267	1
3400321	1
3400470	1
3400533	1
3400547	1
3400588	1
3400654	1
3400738	1
3400783	1
3400836	1
3400918	1
3400923	1
3400940	1
3400962	1
3401097	1
3401150	1
3401194	1
3401200	1
3401388	1
3401440	1
3401537	1
3401553	1
3401564	1
3401645	1
3401652	1
3401772	1
3401791	1
3401854	1
3402015	1
3402111	1
3402142	1
3402174	1
3402233	1
3402265	1
3402292	1
3402358	1
3402435	1
3402528	1
3402545	1
3402552	1
3402576	1
3402670	1
3402727	1
3402749	1
3402862	1
3402903	1
3403105	1
3403141	1
3403272	2
3403287	1
3403304	1
3403482	1
3403494	1
3403502	1
3403568	1
3403595	1
3403611	1
3403660	1
3403674	1
3403767	1
3403826	1
3403920	1
3404049	1
3404117	1
3404189	1
3404250	1
3404282	1
3404328	1
3404352	1
3404455	1
3404472	1
3404563	1
3404723	1
3404757	1
3404805	1
3404812	1
3405040	1
3405062	1
3405085	1
3405101	1
3405319	1
3405378	1
3405460	1
3405524	1
3405587	1
3405643	1
3405712	1
3405798	1
3405820	1
3405888	1
3405892	1
3405900	1
3405958	1
3405989	1
3406005	1
3406029	1
3406107	1
3406135	1
3406163	1
3406181	1
3406218	1
3406257	1
3406336	1
3406461	1
3406616	1
3406630	1
3406651	1
3406733	1
3406928	1
3406967	2
3407003	1
3407048	1
3407055	1
3407114	1
3407225	1
3407274	1
3407402	1
3407449	1
3407484	1
3407746	1
3407790	1
3407834	1
3407921	1
3408033	1
3408065	1
3408071	1
3408136	1
3408148	1
3408191	1
3408311	1
3408499	1
3408517	1
3408526	1
3408532	1
3408631	1
3408679	1
3408715	1
3408777	1
3408802	1
3408816	1
3408827	1
3408895	1
3408919	1
3408946	1
3408981	1
3409045	1
3409104	1
3409140	1
3409302	1
3409330	1
3409414	1
3409550	1
3409825	1
3409912	1
3409986	1
3410069	1
3410087	1
3410091	1
3410133	1
3410632	1
3410644	1
3410675	1
3410735	1
3410845	1
3410867	1
3410994	1
3411105	1
3411186	1
3411198	1
3411248	1
3411304	1
3411379	1
3411408	1
3411415	1
3411421	1
3411443	1
3411450	1
3411477	1
3411530	1
3411642	1
3411674	1
3411734	1
3411799	1
3411914	1
3411971	1
3412070	1
3412086	1
3412119	1
3412204	1
3412218	1
3412223	1
3412257	1
3412279	1
3412310	1
3412348	1
3412369	1
3412372	1
3412387	1
3412511	1
3412560	1
3412597	1
3412602	1
3412649	1
3412747	1
3412821	1
3412894	1
3412976	1
3412980	1
3413058	1
3413130	1
3413168	1
3413184	1
3413308	1
3413377	1
3413382	1
3413453	1
3413654	1
3413690	1
3413738	1
3413931	1
3413957	1
3413962	1
3413985	1
3414006	1
3414103	1
3414136	1
3414205	1
3414237	1
3414338	1
3414452	1
3414480	1
3414526	1
3414721	1
3414743	1
3414782	1
3414802	1
3414868	1
3414895	1
3414907	1
3414935	2
3414954	1
3414978	1
3415039	1
3415125	1
3415214	1
3415265	1
3415344	1
3415375	1
3415419	1
3415463	1
3415528	1
3415534	1
3415605	1
3415686	1
3415702	1
3415749	1
3415784	1
3415857	1
3415885	1
3415991	1
3416051	1
3416100	1
3416144	1
3416161	1
3416215	1
3416221	1
3416313	1
3416507	1
3416522	1
3416535	1
3416614	1
3416620	1
3416633	1
3416665	1
3416779	1
3416805	1
3417001	1
3417052	1
3417080	1
3417351	1
3417406	1
3417447	1
3417488	1
3417492	1
3417603	1
3417624	1
3417672	2
3417726	1
3417744	1
3417912	1
3417929	1
3417937	1
3417941	1
3417964	1
3418101	1
3418128	1
3418202	1
3418273	1
3418322	1
3418363	1
3418425	2
3418460	1
3418572	1
3418729	1
3418806	1
3418847	1
3418865	1
3418917	1
3418958	1
3419083	1
3419097	1
3419108	1
3419166	1
3419182	1
3419232	1
3419261	1
3419320	1
3419333	1
3419388	1
3419529	1
3419570	1
3419755	1
3419890	1
3419930	1
3419973	1
3419984	1
3419995	1
3420059	1
3420110	1
3420136	1
3420237	1
3420270	1
3420325	1
3420360	1
3420476	1
3420499	1
3420526	1
3420558	1
3420589	1
3420593	1
3420685	1
3420708	1
3420794	1
3420873	1
3420963	1
3420990	1
3421125	1
3421138	1
3421247	1
3421265	1
3421288	1
3421317	1
3421407	1
3421422	1
3421513	1
3421528	1
3421534	2
3421567	1
3421653	1
3421698	1
3421716	1
3421749	1
3421768	1
3421795	1
3421823	1
3421840	1
3422042	1
3422097	1
3422182	1
3422217	1
3422261	1
3422333	1
3422392	1
3422485	1
3422537	1
3422645	1
3422680	2
3422748	1
3422791	1
3422807	1
3422881	1
3422949	1
3423023	1
3423040	1
3423057	1
3423202	1
3423295	1
3423307	1
3423335	2
3423483	1
3423497	1
3423536	2
3423569	1
3423608	1
3423621	1
3423677	1
3423712	1
3423833	1
3423865	1
3423892	1
3423944	1
3423958	1
3424087	1
3424188	1
3424238	1
3424305	1
3424337	1
3424562	1
3424579	1
3424585	1
3424675	1
3424693	1
3424828	1
3424867	1
3424977	1
3425019	1
3425022	1
3425035	1
3425112	1
3425137	1
3425224	1
3425443	1
3425466	1
3425502	1
3425527	2
3425573	1
3425609	1
3425752	1
3425875	1
3425893	1
3425947	1
3425992	1
3426028	1
3426099	1
3426118	1
3426222	1
3426263	1
3426550	1
3426655	1
3426691	1
3426726	1
3426905	1
3426929	1
3426941	1
3426986	1
3427002	1
3427051	1
3427117	1
3427158	1
3427208	1
3427221	1
3427352	1
3427448	1
3427659	1
3427671	1
3427829	1
3427925	1
3427956	1
3427997	1
3428044	1
3428195	1
3428201	1
3428213	1
3428321	1
3428350	1
3428588	1
3428760	1
3428774	1
3428783	1
3428836	1
3428940	1
3429029	1
3429098	1
3429154	1
3429178	1
3429223	1
3429324	1
3429525	1
3429597	1
3429602	1
3429627	1
3429630	1
3429649	1
3429668	1
3429765	1
3429788	2
3429866	1
3429999	1
3430128	1
3430134	1
3430199	1
3430346	1
3430378	1
3430381	1
3430555	2
3430572	2
3430753	1
3430833	1
3430871	1
3431119	1
3431204	1
3431231	1
3431257	1
3431417	1
3431475	1
3431509	1
3431511	1
3431597	1
3431792	1
3431815	1
3431976	1
3432054	1
3432081	1
3432090	1
3432105	1
3432137	1
3432198	1
3432248	1
3432291	1
3432323	1
3432331	1
3432357	1
3432396	1
3432421	1
3432443	1
3432450	1
3432502	1
3432516	1
3432527	1
3432611	1
3432713	1
3432800	1
3432832	2
3432947	1
3432959	1
3433043	2
3433066	1
3433094	1
3433142	1
3433183	1
3433214	2
3433265	1
3433288	1
3433375	1
3433393	1
3433446	1
3433513	1
3433534	1
3433567	1
3433580	1
3433751	1
3433773	1
3433823	1
3433910	1
3433936	1
3434028	1
3434067	1
3434185	1
3434207	1
3434254	1
3434263	1
3434281	1
3434316	2
3434384	1
3434395	1
3434582	1
3434594	1
3434744	1
3434761	1
3434860	1
3434883	1
3434929	1
3435017	1
3435044	1
3435089	1
3435127	1
3435151	1
3435173	2
3435184	1
3435252	1
3435377	1
3435412	1
3435565	1
3435646	1
3435711	1
3435725	1
3435836	1
3435923	1
3435962	2
3436056	1
3436060	1
3436097	1
3436115	1
3436194	1
3436289	1
3436306	1
3436333	1
3436388	1
3436404	1
3436496	1
3436598	1
3436772	1
3436846	1
3436902	1
3436949	1
3436951	1
3436984	1
3437014	2
3437059	1
3437065	1
3437148	1
3437172	1
3437253	1
3437309	1
3437604	1
3437657	1
3437777	1
3437794	1
3437830	1
3437849	1
3437873	1
3437919	1
3437946	1
3437981	1
3438003	2
3438010	1
3438024	1
3438087	1
3438133	1
3438147	1
3438238	1
3438242	1
3438305	1
3438312	1
3438341	1
3438402	1
3438504	1
3438518	1
3438632	1
3438658	1
3438735	1
3438746	1
3438763	1
3438876	1
3438899	1
3438950	1
3438994	1
3439051	1
3439068	1
3439084	1
3439117	1
3439126	1
3439144	1
3439215	1
3439250	1
3439301	1
3439328	1
3439410	1
3439491	1
3439723	1
3439870	1
3439942	1
3439956	1
3439983	1
3440186	1
3440236	1
3440248	1
3440502	1
3440530	1
3440573	1
3440625	1
3440638	1
3440656	1
3440674	1
3440767	1
3440817	1
3440875	1
3440920	1
3440992	2
3441001	1
3441034	1
3441099	2
3441123	1
3441131	1
3441157	1
3441162	1
3441207	1
3441316	1
3441373	1
3441508	1
3441543	1
3441648	1
3441732	1
3441789	1
3441970	1
3442057	1
3442152	1
3442227	1
3442354	1
3442442	1
3442524	1
3442555	1
3442591	1
3442650	1
3442847	1
3442859	1
3442871	1
3442993	1
3443042	1
3443166	1
3443261	1
3443365	1
3443392	1
3443423	1
3443479	1
3443512	1
3443529	1
3443564	1
3443634	1
3443676	1
3443699	1
3443881	1
3443951	1
3444029	1
3444037	1
3444122	2
3444154	1
3444163	1
3444369	1
3444458	1
3444493	1
3444511	1
3444627	1
3444706	1
3444720	1
3444839	1
3445020	1
3445148	1
3445237	1
3445241	1
3445270	1
3445338	1
3445342	1
3445374	1
3445445	1
3445467	1
3445544	1
3445618	1
3445662	1
3445685	1
3445721	1
3445739	1
3445777	1
3445816	1
3445827	1
3445922	2
3446015	1
3446050	1
3446138	1
3446206	1
3446247	1
3446259	1
3446288	1
3446317	1
3446332	1
3446435	1
3446686	1
3446730	1
3446751	1
3446795	1
3446924	1
3447000	1
3447151	1
3447234	1
3447276	1
3447280	1
3447350	1
3447547	1
3447565	1
3447592	1
3447742	1
3447774	1
3447797	1
3447855	1
3448073	1
3448100	1
3448117	1
3448126	1
3448132	1
3448161	1
3448208	1
3448294	1
3448328	1
3448345	1
3448367	1
3448546	1
3448614	1
3448633	1
3448692	1
3448779	1
3448796	1
3448805	1
3448938	1
3449329	1
3449337	1
3449364	1
3449370	1
3449451	1
3449596	1
3449644	1
3449693	1
3449722	2
3449754	1
3449801	1
3449834	1
3449845	1
3449852	1
3449880	1
3450011	1
3450025	1
3450038	1
3450056	1
3450074	1
3450108	1
3450139	1
3450177	1
3450182	1
3450258	1
3450293	1
3450320	1
3450512	1
3450613	1
3450755	1
3450791	1
3450822	1
3450973	1
3451010	1
3451120	1
3451147	1
3451165	1
3451209	1
3451341	1
3451364	1
3451386	1
3451451	1
3451495	1
3451585	1
3451644	1
3451707	1
3451719	1
3451746	1
3451754	1
3451790	2
3451813	1
3451867	1
3451921	1
3451943	1
3451950	1
3452033	1
3452065	1
3452172	1
3452187	1
3452374	1
3452401	1
3452499	1
3452500	1
3452517	1
3452526	1
3452558	1
3452618	1
3452623	1
3452657	1
3452662	1
3452679	1
3452794	1
3452922	1
3452946	1
3452981	1
3453013	1
3453067	1
3453076	1
3453196	1
3453219	1
3453263	1
3453281	1
3453330	1
3453349	1
3453384	1
3453406	1
3453433	1
3453492	1
3453515	1
3453566	1
3453577	1
3453636	1
3453648	1
3453669	1
3453761	1
3453793	1
3453809	1
3453842	1
3453929	1
3454008	1
3454021	1
3454077	1
3454082	1
3454094	1
3454183	1
3454247	1
3454259	1
3454326	1
3454407	1
3454576	1
3454612	1
3454641	1
3454664	1
3454686	1
3454818	1
3454823	1
3454862	1
3454955	1
3454987	1
3455068	1
3455073	1
3455095	1
3455277	1
3455294	1
3455403	1
3455487	1
3455507	1
3455519	1
3455578	1
3455581	1
3455718	1
3455731	1
3455909	1
3455974	1
3456031	1
3456040	1
3456057	1
3456113	1
3456128	1
3456152	1
3456167	1
3456230	1
3456322	1
3456363	1
3456438	1
3456474	1
3456536	1
3456569	2
3456682	1
3456729	1
3456926	1
3456993	1
3457022	1
3457063	1
3457141	1
3457210	2
3457236	1
3457331	1
3457466	1
3457530	1
3457551	1
3457568	1
3457625	1
3457660	1
3457674	1
3457713	1
3457734	1
3457844	1
3458012	1
3458029	1
3458037	1
3458064	1
3458070	1
3458086	1
3458154	1
3458181	1
3458204	2
3458231	1
3458262	1
3458458	1
3458461	1
3458511	1
3458560	1
3458602	1
3458747	1
3458759	1
3458866	1
3458967	1
3458976	1
3458999	1
3459026	1
3459032	1
3459044	1
3459151	1
3459228	1
3459339	1
3459377	1
3459559	1
3459607	1
3459709	1
3459797	1
3459855	1
3459872	1
3459979	1
3459985	1
3459996	1
3460001	1
3460013	1
3460034	1
3460099	1
3460196	1
3460254	1
3460290	1
3460302	1
3460351	1
3460373	1
3460384	1
3460406	1
3460433	2
3460447	1
3460521	1
3460594	1
3460636	1
3460669	1
3460672	1
3460775	1
3460874	1
3460897	1
3460964	1
3461061	1
3461184	1
3461245	1
3461276	1
3461280	1
3461394	1
3461405	1
3461486	1
3461514	1
3461520	1
3461592	1
3461690	1
3461711	1
3461725	1
3461738	1
3461760	1
3461836	2
3461848	1
3461872	1
3461931	1
3461962	1
3462016	1
3462117	2
3462132	1
3462144	1
3462189	1
3462487	1
3462671	1
3462688	1
3462731	1
3462740	1
3462909	1
3462911	1
3462983	1
3463024	1
3463072	1
3463297	1
3463305	1
3463312	1
3463329	1
3463398	1
3463449	1
3463468	1
3463484	1
3463504	1
3463531	1
3463579	1
3463585	1
3463658	1
3463801	1
3463834	1
3463867	1
3463899	1
3464004	1
3464085	1
3464101	1
3464113	1
3464134	1
3464180	1
3464268	1
3464295	1
3464381	1
3464411	1
3464456	1
3464555	1
3464591	1
3464639	1
3464643	1
3464666	1
3464737	1
3464741	1
3464786	1
3464833	1
3464865	1
3464888	1
3465053	1
3465146	1
3465218	1
3465231	1
3465355	1
3465493	1
3465511	1
3465556	1
3465616	1
3465673	1
3465684	1
3465792	1
3465952	1
3466071	1
3466124	1
3466169	1
3466191	1
3466237	1
3466270	1
3466286	1
3466374	1
3466401	1
3466452	1
3466532	1
3466558	1
3466640	1
3466715	1
3466743	1
3466777	1
3466827	1
3467011	1
3467121	1
3467200	1
3467306	1
3467479	1
3467512	1
3467529	1
3467537	1
3467570	1
3467724	1
3467772	1
3467791	1
3467807	1
3467819	1
3467822	1
3467835	1
3467878	1
3467930	1
3467984	1
3468015	1
3468292	1
3468317	1
3468326	1
3468361	1
3468393	1
3468478	1
3468481	1
3468490	1
3468513	1
3468641	1
3468730	1
3468818	1
3468823	1
3468879	1
3468896	1
3468910	1
3468955	1
3468969	1
3468972	1
3468987	1
3469022	1
3469046	1
3469081	1
3469141	1
3469164	1
3469198	1
3469255	2
3469272	1
3469291	1
3469304	1
3469318	2
3469331	1
3469340	1
3469443	1
3469450	1
3469466	1
3469494	1
3469551	1
3469625	1
3469660	1
3469858	1
3469875	1
3469889	1
3469914	1
3469947	1
3469971	1
3469988	1
3470077	1
3470082	1
3470156	1
3470220	1
3470288	1
3470300	1
3470344	1
3470419	1
3470435	1
3470446	1
3470534	1
3470629	1
3470641	1
3470702	1
3470716	1
3470751	1
3470804	1
3470831	1
3470955	1
3471051	1
3471095	1
3471239	1
3471334	1
3471380	1
3471403	1
3471448	1
3471455	1
3471522	1
3471606	1
3471659	1
3471805	2
3471812	1
3471886	1
3471942	1
3471956	1
3471974	1
3471997	1
3472032	1
3472089	1
3472173	1
3472267	1
3472308	1
3472350	1
3472405	1
3472437	1
3472520	1
3472588	1
3472592	1
3472824	1
3472887	1
3472891	1
3472904	1
3473146	1
3473204	1
3473262	1
3473279	1
3473303	1
3473336	1
3473355	1
3473372	1
3473461	1
3473489	1
3473556	1
3473651	1
3473765	1
3473839	1
3473877	1
3473894	1
3473913	1
3473999	1
3474074	1
3474166	1
3474226	1
3474232	2
3474275	1
3474306	1
3474359	1
3474457	1
3474462	1
3474479	1
3474570	1
3474645	1
3474699	1
3474822	1
3474835	1
3474902	1
3474916	1
3475024	1
3475091	1
3475159	1
3475225	1
3475297	1
3475337	1
3475341	1
3475370	1
3475398	1
3475531	1
3475617	1
3475675	1
3475707	1
3475778	1
3475801	1
3475867	1
3475876	1
3475880	1
3475921	1
3475994	1
3476007	1
3476019	1
3476046	1
3476105	1
3476112	1
3476153	1
3476186	1
3476248	1
3476331	1
3476362	1
3476396	1
3476443	1
3476494	1
3476609	1
3476625	1
3476642	1
3476674	1
3476701	1
3476734	1
3476745	1
3476799	1
3476844	1
3476971	1
3477152	1
3477216	1
3477251	1
3477307	1
3477319	1
3477363	1
3477460	1
3477474	1
3477503	1
3477572	1
3477608	1
3477639	1
3477694	1
3477764	1
3477770	1
3477806	1
3477859	1
3477892	1
3477900	1
3478001	1
3478028	1
3478080	1
3478140	1
3478196	1
3478207	1
3478219	1
3478235	1
3478263	1
3478281	1
3478349	1
3478414	1
3478433	1
3478447	2
3478624	1
3478655	1
3478726	1
3478744	1
3478856	1
3478929	1
3478964	1
3479006	1
3479059	1
3479191	1
3479205	1
3479212	1
3479237	1
3479264	1
3479270	1
3479298	1
3479338	1
3479356	1
3479360	1
3479374	1
3479476	1
3479499	1
3479589	1
3479623	1
3479721	1
3479739	1
3479802	1
3479827	1
3480012	1
3480037	1
3480204	1
3480240	1
3480279	1
3480310	1
3480400	1
3480417	1
3480444	1
3480458	1
3480542	1
3480583	1
3480602	1
3480788	1
3480792	1
3480839	1
3480945	1
3480967	1
3480980	1
3481033	1
3481187	1
3481229	1
3481237	1
3481241	1
3481264	1
3481500	1
3481526	1
3481662	1
3481721	1
3481802	1
3481851	1
3481981	1
3482274	1
3482297	1
3482451	1
3482518	1
3482540	1
3482600	1
3482626	1
3482722	1
3482735	1
3482778	1
3482828	1
3483068	1
3483221	1
3483250	1
3483294	1
3483352	1
3483399	1
3483410	1
3483436	1
3483487	1
3483519	1
3483671	1
3483688	1
3483723	1
3483805	1
3483864	1
3483870	1
3484090	1
3484137	1
3484153	1
3484331	1
3484362	1
3484379	1
3484573	1
3484752	1
3484767	1
3484800	1
3484832	1
3484914	1
3484965	1
3485034	1
3485080	1
3485219	1
3485281	1
3485302	1
3485327	1
3485349	1
3485368	1
3485447	1
3485471	1
3485488	1
3485508	1
3485566	1
3485636	1
3485672	2
3485912	1
3485937	1
3486026	1
3486032	1
3486173	1
3486184	1
3486201	1
3486382	2
3486405	1
3486412	1
3486565	1
3486738	1
3486760	1
3486774	1
3486824	1
3486848	2
3486962	1
3487008	1
3487043	1
3487066	1
3487156	1
3487160	1
3487197	1
3487220	1
3487247	1
3487259	1
3487300	2
3487358	1
3487375	1
3487419	1
3487463	1
3487534	1
3487637	1
3487751	1
3487818	1
3487823	1
3487840	1
3487857	1
3487903	1
3488121	1
3488200	1
3488217	1
3488258	1
3488306	2
3488314	1
3488359	1
3488365	1
3488418	1
3488423	1
3488496	1
3488505	1
3488512	1
3488553	1
3488634	1
3488807	1
3488878	1
3488881	1
3488916	1
3488951	1
3488968	1
3488984	1
3489018	1
3489031	1
3489101	1
3489134	1
3489227	1
3489249	1
3489273	1
3489284	1
3489363	1
3489425	1
3489442	1
3489587	1
3489608	1
3489615	1
3489694	1
3489712	1
3489741	1
3489871	1
3489932	1
3489993	1
3490016	1
3490049	1
3490051	1
3490084	1
3490161	1
3490277	1
3490352	1
3490367	1
3490424	1
3490519	1
3490535	1
3490614	1
3490620	1
3490723	1
3490785	1
3490829	1
3490853	1
3491004	1
3491062	1
3491134	1
3491251	1
3491284	1
3491319	1
3491456	1
3491694	1
3491729	1
3491786	1
3491847	1
3491871	1
3491926	1
3492001	1
3492067	1
3492099	1
3492157	1
3492219	1
3492263	1
3492290	1
3492316	1
3492349	1
3492373	1
3492384	1
3492582	1
3492603	1
3492624	1
3492655	1
3492672	1
3492700	1
3492929	1
3492953	1
3492964	1
3493006	1
3493020	1
3493071	1
3493148	1
3493187	1
3493270	1
3493360	1
3493500	1
3493526	1
3493558	1
3493604	1
3493618	1
3493631	1
3493679	1
3493743	1
3493766	1
3493868	1
3493907	1
3493922	1
3494026	1
3494058	1
3494127	1
3494213	1
3494252	1
3494267	1
3494366	1
3494377	1
3494429	1
3494514	1
3494547	1
3494571	1
3494619	1
3494646	2
3494663	1
3494681	1
3494742	1
3494774	1
3494803	1
3494810	1
3494887	1
3494985	1
3494996	1
3495056	1
3495060	1
3495143	1
3495182	1
3495200	1
3495289	1
3495306	1
3495404	1
3495418	1
3495564	2
3495652	1
3495676	1
3495787	1
3495791	2
3495822	1
3495927	1
3495968	1
3495995	1
3496036	1
3496087	1
3496192	1
3496238	2
3496242	1
3496297	1
3496312	1
3496370	1
3496473	1
3496484	1
3496504	1
3496617	1
3496626	1
3496661	1
3496675	1
3496722	1
3496754	1
3496828	1
3496876	1
3496943	1
3496950	1
3496966	1
3497005	1
3497029	1
3497053	1
3497064	1
3497086	1
3497135	1
3497231	1
3497240	1
3497336	1
3497355	1
3497372	1
3497525	1
3497630	1
3497651	1
3497668	1
3497714	1
3497765	1
3497821	1
3497882	1
3498022	1
3498137	1
3498164	1
3498170	1
3498248	1
3498269	1
3498291	1
3498323	1
3498331	1
3498385	1
3498502	2
3498584	1
3498595	1
3498638	1
3498642	1
3498656	1
3498701	1
3498767	1
3498875	1
3498889	1
3498933	1
3499008	1
3499094	1
3499156	1
3499183	1
3499206	1
3499259	1
3499361	1
3499407	1
3499463	1
3499528	1
3499567	1
3499702	1
3499818	1
3499862	1
3499896	1
3499924	1
3499936	1
3500015	1
3500174	1
3500206	1
3500220	1
3500288	1
3500393	1
3500435	1
3500454	1
3500478	1
3500528	1
3500580	1
3500612	1
3500637	1
3500730	1
3500768	1
3500857	2
3500862	1
3500885	1
3500972	1
3500991	1
3501002	1
3501049	1
3501073	1
3501084	1
3501100	1
3501189	1
3501193	1
3501239	1
3501243	1
3501250	1
3501282	1
3501334	1
3501352	1
3501380	1
3501403	1
3501472	1
3501507	1
3501606	1
3501812	1
3501864	1
3501870	1
3501898	1
3502026	1
3502032	1
3502149	1
3502213	1
3502405	1
3502486	1
3502635	1
3502654	1
3502756	1
3502957	1
3503064	1
3503070	1
3503146	1
3503154	2
3503231	1
3503324	1
3503387	1
3503509	1
3503542	1
3503560	1
3503649	1
3503668	1
3503684	1
3503695	1
3503720	1
3503733	1
3503788	1
3503882	1
3503928	1
3504011	1
3504038	1
3504143	1
3504217	1
3504261	1
3504388	1
3504418	1
3504703	1
3504791	1
3504819	1
3504835	1
3504881	1
3504890	1
3504973	1
3504995	1
3505120	1
3505147	1
3505188	1
3505274	1
3505305	1
3505337	1
3505416	1
3505468	1
3505523	1
3505557	1
3505579	1
3505585	1
3505600	1
3505626	2
3505801	1
3505845	1
3505908	1
3505939	1
3506022	1
3506078	1
3506090	1
3506105	1
3506186	1
3506198	1
3506269	1
3506287	1
3506304	1
3506379	1
3506415	1
3506421	1
3506527	1
3506551	1
3506660	1
3506701	1
3506752	1
3506858	1
3506906	1
3506992	1
3507018	1
3507057	1
3507113	1
3507180	1
3507251	1
3507335	1
3507390	1
3507456	1
3507510	1
3507591	1
3507608	1
3507650	1
3507666	1
3507682	1
3507705	1
3507741	1
3508052	1
3508104	1
3508219	1
3508316	1
3508433	2
3508488	1
3508669	1
3508758	1
3508793	1
3508809	1
3508953	1
3508986	1
3509047	1
3509124	1
3509136	1
3509172	1
3509191	1
3509253	1
3509286	1
3509413	1
3509480	1
3509499	1
3509517	1
3509544	1
3509558	1
3509589	1
3509721	1
3509743	1
3509830	1
3509873	1
3509919	1
3509990	1
3510004	1
3510023	1
3510031	1
3510096	1
3510152	1
3510251	1
3510295	1
3510411	1
3510442	1
3510460	1
3510483	1
3510587	1
3510615	1
3510643	1
3510729	1
3510737	1
3510753	1
3510859	1
3510975	1
3511070	1
3511190	1
3511262	1
3511303	1
3511355	1
3511649	1
3511684	1
3511720	1
3511765	1
3511934	1
3512019	1
3512078	1
3512081	1
3512153	1
3512170	1
3512248	1
3512272	1
3512287	1
3512331	1
3512450	1
3512477	1
3512482	1
3512527	1
3512549	1
3512568	1
3512638	1
3512660	1
3512745	1
3512776	2
3512780	1
3512826	1
3512861	1
3512875	1
3512959	1
3513082	1
3513138	1
3513197	1
3513265	1
3513344	1
3513545	1
3513567	1
3513580	1
3513605	1
3513686	1
3513716	1
3513749	1
3513795	1
3513862	1
3513924	1
3513955	1
3514001	1
3514028	1
3514034	1
3514076	1
3514140	1
3514162	1
3514254	1
3514465	1
3514488	1
3514508	2
3514550	1
3514610	1
3514636	1
3514691	1
3514726	1
3514811	1
3514856	1
3514929	1
3514937	1
3514941	1
3514986	1
3515130	2
3515151	1
3515173	1
3515195	1
3515245	1
3515252	1
3515321	1
3515343	1
3515437	1
3515441	1
3515559	1
3515607	1
3515619	1
3515622	1
3515760	1
3515783	1
3515824	1
3515848	1
3515918	2
3515957	1
3515962	1
3515985	1
3516108	1
3516121	1
3516143	1
3516431	1
3516496	1
3516586	1
3516667	1
3516676	1
3516699	1
3516710	1
3516772	1
3516854	1
3516890	1
3516984	1
3517212	1
3517253	1
3517286	1
3517298	1
3517360	1
3517383	2
3517445	1
3517452	1
3517499	1
3517532	1
3517816	1
3517849	1
3517868	1
3517895	1
3517919	1
3517935	1
3518055	1
3518091	1
3518165	1
3518192	1
3518225	1
3518256	2
3518274	1
3518297	1
3518329	1
3518402	1
3518430	1
3518484	1
3518557	1
3518600	1
3518626	1
3518746	1
3518763	1
3518778	1
3518781	1
3518790	1
3518876	1
3518994	1
3519002	1
3519027	1
3519030	1
3519084	1
3519144	1
3519266	1
3519352	1
3519399	1
3519436	1
3519546	1
3519606	1
3519762	1
3519853	1
3519925	1
3520028	1
3520045	1
3520052	1
3520067	1
3520076	1
3520104	1
3520131	1
3520157	1
3520196	1
3520235	1
3520263	1
3520278	1
3520351	1
3520406	1
3520433	1
3520465	1
3520488	1
3520515	1
3520539	1
3520543	1
3520648	1
3520687	1
3520691	1
3520726	1
3520883	1
3520905	1
3520970	1
3521032	1
3521093	1
3521130	1
3521168	1
3521195	1
3521252	1
3521315	1
3521377	1
3521470	1
3521506	1
3521663	1
3521709	1
3521756	1
3521923	1
3521957	1
3521996	1
3522002	1
3522068	1
3522095	1
3522126	1
3522144	1
3522175	1
3522221	1
3522266	1
3522277	1
3522282	1
3522380	1
3522399	1
3522403	1
3522554	1
3522606	1
3522665	1
3522688	1
3522731	1
3522785	1
3522829	2
3522853	1
3522909	1
3522911	1
3522956	1
3523003	1
3523010	1
3523069	1
3523072	1
3523087	1
3523091	1
3523120	1
3523133	1
3523225	1
3523242	1
3523305	1
3523329	1
3523398	1
3523416	1
3523531	1
3523562	1
3523626	1
3523834	1
3523852	1
3523966	1
3523977	1
3523994	1
3524031	1
3524040	1
3524128	1
3524249	1
3524460	1
3524483	1
3524524	1
3524572	1
3524591	1
3524666	1
3524737	1
3524770	2
3524806	1
3524833	1
3524865	1
3524892	1
3524900	2
3524975	1
3525012	1
3525070	1
3525086	1
3525107	1
3525135	1
3525181	1
3525223	1
3525240	1
3525257	1
3525348	1
3525355	1
3525391	1
3525458	1
3525461	1
3525489	1
3525542	1
3525556	1
3525597	1
3525616	1
3525714	1
3525733	1
3525759	1
3525788	1
3525815	1
3525894	1
3525934	1
3525952	1
3525980	1
3526014	1
3526413	1
3526428	1
3526589	1
3526623	1
3526662	1
3526802	1
3526830	1
3526849	1
3526851	1
3526873	1
3526946	1
3526963	1
3526981	1
3526990	1
3527108	1
3527226	1
3527289	1
3527320	1
3527371	1
3527418	1
3527479	1
3527529	1
3527553	1
3527601	1
3527634	1
3527652	1
3527676	1
3527680	2
3527772	1
3527791	1
3527819	1
3527916	1
3527927	1
3528233	1
3528292	2
3528446	1
3528463	1
3528501	1
3528513	1
3528612	1
3528686	1
3528727	1
3528784	1
3528818	1
3528879	1
3528896	1
3528955	1
3528991	1
3529022	1
3529054	1
3529112	2
3529198	1
3529236	1
3529248	1
3529255	1
3529272	1
3529318	1
3529323	1
3529340	1
3529408	1
3529450	1
3529494	1
3529530	1
3529573	1
3529584	1
3529595	1
3529642	1
3529683	2
3529713	1
3529745	1
3529752	1
3529776	1
3529826	1
3529844	1
3529906	1
3529914	1
3529947	1
3529959	1
3530010	1
3530114	1
3530188	2
3530364	1
3530449	1
3530451	1
3530468	1
3530473	1
3530495	1
3530600	1
3530617	1
3530644	1
3530658	1
3530707	1
3530722	1
3530790	1
3530880	1
3530939	2
3530982	1
3530994	1
3531019	1
3531046	1
3531081	1
3531224	1
3531379	1
3531421	1
3531527	1
3531549	1
3531551	1
3531609	1
3531656	1
3531683	1
3531776	2
3531858	1
3531861	1
3531988	1
3532163	1
3532336	1
3532400	1
3532525	1
3532538	2
3532542	1
3532668	2
3532720	1
3532792	1
3532815	1
3532894	1
3532945	1
3533058	1
3533061	1
3533075	1
3533116	1
3533201	1
3533228	1
3533234	1
3533343	1
3533405	1
3533453	1
3533520	1
3533533	1
3533571	1
3533824	1
3533904	1
3533940	1
3533957	1
3533962	1
3534071	1
3534172	1
3534309	1
3534325	1
3534338	1
3534356	1
3534777	1
3534851	1
3534907	1
3534946	1
3535050	1
3535142	1
3535160	1
3535206	1
3535233	1
3535265	1
3535344	1
3535389	1
3535490	1
3535534	1
3535580	1
3535698	1
3535716	1
3535818	1
3535831	1
3535862	2
3536049	1
3536068	1
3536084	1
3536100	1
3536126	1
3536175	1
3536301	1
3536313	1
3536403	1
3536522	1
3536578	1
3536590	1
3536647	1
3536665	1
3536692	1
3536757	1
3536870	1
3536909	1
3536956	1
3537013	1
3537067	1
3537179	1
3537384	1
3537447	1
3537521	1
3537603	1
3537648	1
3537726	1
3537856	1
3537905	1
3537937	1
3538040	1
3538079	1
3538096	1
3538113	1
3538180	2
3538202	1
3538319	1
3538363	1
3538390	1
3538411	1
3538503	1
3538510	1
3538548	1
3538643	1
3538753	1
3538798	1
3538820	1
3538833	1
3538859	1
3538871	1
3538888	2
3538900	1
3538926	1
3538961	1
3539166	1
3539200	1
3539226	1
3539293	1
3539347	1
3539392	1
3539404	1
3539457	2
3539479	1
3539564	1
3539598	1
3539676	1
3539680	1
3539769	1
3539968	1
3539984	1
3539995	2
3540053	1
3540064	1
3540135	2
3540146	1
3540285	1
3540303	1
3540372	1
3540387	1
3540400	1
3540475	1
3540556	1
3540627	1
3540706	1
3540714	1
3540747	1
3540839	1
3540901	1
3540934	2
3540945	1
3541006	1
3541110	1
3541136	1
3541169	1
3541191	1
3541253	1
3541311	1
3541325	1
3541401	1
3541561	1
3541589	1
3541708	1
3541907	1
3541978	1
3542010	1
3542087	1
3542114	1
3542211	1
3542260	1
3542274	1
3542283	1
3542329	1
3542495	1
3542504	1
3542596	1
3542658	1
3542722	2
3542801	1
3542915	1
3542939	1
3543002	1
3543030	1
3543132	1
3543144	1
3543161	1
3543221	1
3543243	1
3543266	1
3543334	1
3543403	1
3543455	1
3543614	1
3543647	1
3543659	1
3543731	1
3543762	1
3543779	1
3543785	1
3543841	1
3543853	1
3543911	1
3544007	1
3544112	1
3544129	1
3544186	1
3544272	1
3544304	1
3544318	1
3544385	1
3544415	1
3544625	2
3544638	1
3544745	1
3544776	1
3544800	1
3544832	2
3544844	1
3544906	1
3544920	1
3544959	1
3544971	1
3544988	1
3545013	1
3545045	1
3545076	1
3545104	1
3545118	1
3545123	1
3545179	1
3545246	1
3545263	1
3545349	1
3545351	1
3545515	1
3545521	1
3545543	1
3545566	1
3545672	1
3545758	1
3545775	1
3545789	1
3545811	1
3545929	2
3545937	1
3545941	1
3546151	1
3546184	1
3546201	1
3546245	1
3546276	1
3546321	1
3546343	1
3546382	1
3546635	1
3546824	1
3546848	1
3546855	1
3546887	1
3546904	1
3546985	1
3547050	1
3547077	1
3547094	1
3547111	1
3547214	1
3547247	1
3547463	1
3547478	1
3547545	1
3547599	1
3547653	1
3547716	1
3547773	1
3547804	1
3547862	1
3547972	1
3548038	1
3548150	1
3548166	1
3548200	1
3548275	1
3548293	1
3548306	1
3548392	1
3548529	1
3548553	1
3548634	1
3548769	1
3548791	1
3548835	1
3548846	1
3548890	1
3548930	1
3549101	1
3549438	1
3549483	1
3549587	1
3549639	1
3549666	1
3549682	1
3549712	1
3549833	1
3549859	1
3549865	1
3549871	1
3549989	1
3550030	1
3550051	1
3550068	1
3550100	1
3550126	1
3550243	1
3550266	1
3550334	1
3550367	1
3550380	1
3550399	1
3550424	1
3550472	1
3550487	1
3550519	1
3550522	1
3550757	1
3551023	1
3551040	1
3551085	1
3551216	1
3551249	1
3551284	1
3551346	1
3551442	1
3551456	1
3551503	1
3551587	1
3551608	1
3551615	1
3551677	1
3551682	1
3551712	1
3551753	1
3551820	1
3551871	1
3551888	1
3551917	1
3552013	1
3552045	1
3552067	1
3552131	1
3552222	1
3552351	1
3552420	1
3552433	1
3552465	1
3552471	1
3552488	1
3552550	1
3552624	1
3552717	1
3552732	1
3552744	1
3552874	1
3552905	1
3553047	1
3553124	1
3553187	1
3553360	1
3553401	1
3553589	1
3553593	1
3553623	1
3553631	1
3553685	1
3553696	1
3553721	1
3553777	1
3553849	1
3553868	1
3553884	1
3553919	1
3553978	1
3554000	1
3554061	1
3554089	1
3554116	1
3554267	1
3554308	1
3554339	1
3554366	1
3554429	1
3554742	1
3554760	1
3554872	1
3554904	1
3554962	1
3555038	1
3555115	1
3555217	1
3555244	1
3555293	1
3555320	1
3555496	1
3555564	1
3555676	2
3555724	1
3555772	1
3555787	1
3555819	1
3555878	1
3555890	1
3555968	1
3555995	1
3556003	1
3556036	1
3556048	1
3556133	1
3556256	1
3556260	1
3556402	2
3556449	1
3556557	1
3556579	1
3556600	1
3556661	1
3556675	1
3556689	1
3556707	1
3556813	1
3556921	1
3556950	1
3557037	1
3557064	1
3557086	1
3557107	1
3557190	1
3557204	1
3557336	1
3557355	1
3557391	1
3557432	1
3557475	1
3557616	1
3557759	1
3557843	1
3557894	1
3557913	1
3557934	1
3558090	1
3558105	1
3558170	1
3558318	1
3558362	1
3558385	1
3558439	1
3558482	1
3558502	2
3558683	1
3558745	1
3558858	1
3558889	1
3558893	1
3558971	1
3558992	1
3559111	1
3559142	1
3559174	1
3559206	1
3559214	1
3559300	1
3559317	1
3559490	1
3559513	1
3559599	1
3559641	1
3559730	1
3559879	1
3559903	1
3559948	1
3560006	1
3560088	1
3560124	1
3560136	1
3560155	1
3560205	1
3560264	1
3560270	1
3560360	1
3560374	1
3560397	1
3560476	1
3560500	1
3560657	1
3560715	1
3560946	1
3561077	1
3561109	1
3561111	2
3561142	1
3561214	1
3561265	1
3561271	1
3561300	1
3561358	1
3561478	1
3561545	1
3561567	1
3561670	1
3561727	1
3561751	1
3561862	1
3561955	1
3562009	1
3562011	1
3562025	1
3562194	1
3562200	1
3562226	1
3562232	1
3562261	1
3562293	1
3562347	1
3562404	1
3562479	1
3562529	1
3562570	2
3562652	1
3562699	1
3562724	1
3562769	1
3562807	1
3562846	1
3562881	1
3562930	2
3562984	1
3562995	1
3563079	1
3563128	1
3563134	1
3563145	1
3563167	1
3563230	1
3563249	1
3563251	1
3563268	1
3563346	1
3563378	1
3563409	1
3563411	1
3563524	1
3563569	1
3563650	1
3563682	1
3563694	1
3563705	1
3563729	1
3563786	1
3563820	1
3563975	1
3564055	1
3564072	1
3564087	1
3564188	1
3564274	1
3564364	1
3564449	1
3564504	1
3564531	1
3564540	1
3564579	1
3564600	1
3564617	1
3564644	1
3564658	1
3564693	1
3564746	1
3564845	1
3564880	1
3564899	1
3564915	1
3564939	1
3565035	1
3565198	1
3565255	1
3565304	1
3565443	1
3565516	1
3565551	1
3565728	1
3565745	1
3565861	1
3565875	1
3565893	1
3565933	1
3565947	1
3565988	1
3566052	1
3566076	1
3566080	1
3566099	1
3566131	1
3566157	1
3566263	1
3566290	1
3566373	1
3566406	1
3566414	1
3566459	1
3566508	1
3566669	1
3566758	1
3566761	1
3566842	1
3566883	1
3566905	1
3566953	1
3566986	1
3567051	1
3567126	1
3567243	1
3567266	1
3567313	1
3567448	1
3567455	1
3567469	1
3567491	1
3567535	1
3567578	1
3567620	1
3567665	1
3567870	1
3567942	1
3567983	1
3568017	1
3568026	1
3568044	1
3568089	1
3568437	1
3568470	1
3568486	1
3568498	1
3568547	1
3568588	1
3568592	1
3568635	1
3568654	1
3568725	1
3568797	1
3568848	1
3568855	1
3568996	1
3569053	1
3569098	1
3569122	1
3569178	1
3569231	1
3569310	1
3569336	1
3569391	1
3569489	1
3569733	1
3569792	1
3569808	1
3569821	1
3569850	1
3569877	1
3569894	1
3569934	1
3570032	1
3570252	1
3570321	1
3570350	1
3570382	1
3570441	1
3570514	1
3570520	1
3570607	1
3570646	1
3570654	1
3570709	1
3570711	1
3570725	1
3570738	1
3570774	1
3570848	2
3570855	1
3570931	1
3570962	1
3571056	1
3571139	1
3571194	1
3571226	1
3571275	1
3571347	1
3571388	1
3571423	1
3571440	1
3571462	1
3571496	1
3571645	1
3571667	1
3571680	2
3571755	1
3571769	1
3571835	2
3571878	1
3571902	1
3571949	1
3571951	1
3572021	1
3572094	1
3572156	1
3572160	1
3572174	1
3572326	1
3572375	1
3572478	1
3572534	1
3572664	1
3572702	1
3572716	1
3572730	1
3572840	1
3572879	1
3572903	1
3573063	1
3573112	1
3573198	1
3573203	1
3573291	1
3573385	1
3573421	1
3573439	2
3573527	1
3573573	1
3573780	1
3573947	1
3573959	2
3574073	1
3574117	1
3574126	1
3574158	1
3574215	1
3574266	1
3574294	1
3574367	1
3574448	1
3574614	1
3574659	1
3574665	1
3574740	1
3574779	1
3574796	1
3574864	1
3574886	1
3574898	1
3574942	1
3574956	1
3575381	1
3575442	1
3575536	1
3575569	1
3575587	1
3575615	1
3575643	1
3575705	1
3575806	1
3575888	1
3575993	1
3576154	1
3576178	1
3576190	1
3576387	1
3576426	1
3576444	1
3576493	1
3576525	1
3576583	1
3576602	1
3576649	1
3576706	1
3576747	1
3576808	1
3576815	1
3576952	1
3576999	1
3577036	1
3577091	1
3577133	1
3577225	1
3577242	1
3577449	1
3577600	1
3577617	1
3577693	1
3577735	1
3577790	1
3577813	1
3577939	1
3578006	1
3578033	1
3578309	1
3578397	1
3578413	1
3578476	1
3578640	1
3578657	1
3578679	1
3578743	1
3578777	1
3578816	1
3578946	1
3578978	1
3578981	1
3579052	1
3579076	1
3579080	1
3579219	1
3579302	1
3579406	1
3579539	1
3579577	1
3579582	1
3579761	1
3579789	1
3579856	1
3579897	1
3579929	1
3579953	1
3579964	1
3579986	2
3580019	1
3580022	1
3580090	1
3580112	1
3580164	1
3580186	1
3580198	1
3580248	1
3580269	1
3580287	1
3580385	1
3580443	1
3580450	1
3580494	1
3580502	1
3580551	1
3580584	1
3580728	1
3580745	1
3580780	1
3580817	1
3580844	1
3580861	2
3580933	2
3580959	1
3581052	1
3581080	1
3581104	1
3581140	1
3581281	1
3581471	1
3581566	1
3581636	1
3581648	1
3581732	1
3581874	1
3581897	1
3581929	1
3582018	1
3582101	1
3582145	1
3582202	1
3582319	1
3582411	1
3582615	2
3582621	1
3582677	1
3582729	1
3582764	1
3582859	1
3582944	1
3582989	1
3583011	1
3583025	1
3583074	1
3583083	1
3583194	1
3583293	1
3583314	1
3583365	1
3583423	1
3583431	1
3583479	1
3583496	1
3583529	1
3583598	1
3583628	1
3583634	1
3583755	1
3583772	1
3583835	1
3583846	1
3583878	1
3584012	1
3584204	1
3584223	1
3584285	1
3584348	1
3584391	1
3584400	1
3584426	1
3584489	1
3584509	1
3584583	1
3584649	1
3584668	1
3584720	1
3584747	1
3584788	1
3584894	1
3584913	1
3584928	1
3584999	1
3585006	1
3585047	1
3585059	1
3585092	1
3585103	1
3585229	1
3585253	1
3585286	1
3585298	1
3585721	1
3585802	1
3585827	1
3585895	1
3585919	2
3585935	1
3585963	1
3586039	1
3586142	1
3586197	1
3586265	1
3586288	1
3586358	1
3586389	1
3586419	1
3586552	1
3586567	1
3586664	1
3586686	1
3586698	1
3586730	1
3586773	1
3586795	1
3586969	1
3586987	1
3586991	1
3587017	1
3587044	1
3587061	1
3587089	1
3587184	1
3587213	1
3587245	1
3587339	1
3587441	1
3587520	1
3587559	1
3587571	1
3587678	1
3587774	1
3587803	1
3587891	1
3587985	1
3588068	1
3588095	1
3588161	1
3588193	1
3588266	1
3588294	1
3588376	1
3588399	1
3588472	1
3588522	1
3588692	1
3588704	1
3588723	1
3588779	1
3588909	1
3588983	1
3588997	1
3589010	1
3589055	1
3589133	1
3589188	1
3589364	1
3589398	1
3589402	1
3589451	1
3589562	1
3589632	1
3589658	1
3589790	1
3589845	2
3590108	1
3590121	1
3590166	1
3590177	1
3590232	1
3590347	1
3590404	1
3590440	1
3590462	1
3590479	2
3590512	1
3590680	1
3590699	1
3590724	1
3590854	1
3590881	1
3590984	1
3591069	1
3591087	1
3591133	1
3591147	1
3591192	1
3591242	1
3591297	1
3591386	1
3591523	1
3591562	1
3591600	1
3591632	1
3591658	1
3591719	1
3591722	1
3591735	1
3591778	1
3591790	1
3591801	1
3591994	1
3592014	1
3592033	1
3592088	1
3592172	1
3592187	1
3592270	1
3592311	1
3592338	1
3592383	1
3592397	1
3592401	1
3592413	1
3592467	1
3592480	1
3592499	1
3592500	1
3592544	1
3592575	1
3592721	1
3592743	1
3592782	1
3592827	1
3592830	1
3592849	1
3592907	1
3592954	1
3592963	1
3593067	1
3593076	1
3593118	1
3593123	1
3593140	1
3593162	1
3593281	1
3593316	1
3593368	1
3593447	1
3593577	1
3593603	1
3593610	1
3593789	1
3593842	1
3593998	1
3594021	1
3594220	1
3594265	1
3594389	2
3594446	1
3594490	1
3594513	1
3594612	1
3594637	1
3594686	1
3594716	1
3594768	2
3594784	1
3594879	1
3594903	1
3594910	1
3594955	1
3595030	1
3595117	1
3595161	1
3595189	1
3595193	1
3595239	1
3595277	1
3595367	1
3595380	1
3595399	1
3595436	1
3595535	1
3595812	1
3596023	1
3596057	1
3596251	1
3596346	1
3596378	1
3596409	1
3596483	1
3596503	1
3596510	1
3596536	1
3596555	1
3596569	1
3596643	1
3596666	1
3596737	1
3596917	1
3597164	1
3597170	2
3597210	1
3597236	1
3597272	1
3597385	1
3597421	1
3597466	1
3597477	1
3597494	1
3597516	1
3597568	1
3597674	1
3597713	1
3597734	1
3597800	1
3597875	1
3597947	1
3597988	1
3598012	1
3598098	1
3598178	1
3598223	1
3598310	1
3598355	1
3598458	1
3598489	1
3598493	1
3598538	1
3598627	1
3598651	1
3598684	1
3598706	1
3598714	1
3598850	1
3598866	1
3598877	1
3598999	1
3599149	1
3599267	1
3599276	1
3599437	1
3599453	1
3599470	1
3599520	1
3599588	1
3599678	1
3599681	1
3599738	1
3599756	1
3599904	1
3599962	1
3600001	1
3600045	1
3600099	1
3600157	1
3600196	1
3600219	1
3600327	1
3600349	1
3600351	1
3600414	1
3600447	1
3600508	1
3600515	1
3600636	1
3600726	1
3600761	1
3600775	1
3600811	1
3600856	1
3600860	1
3600874	1
3600912	1
3600937	1
3600941	1
3600986	1
3601127	1
3601151	1
3601201	1
3601213	1
3601228	1
3601280	1
3601308	1
3601429	1
3601498	1
3601533	1
3601690	1
3601711	1
3601756	1
3601824	1
3601869	1
3601996	1
3602049	1
3602132	1
3602221	1
3602243	1
3602376	1
3602469	1
3602491	1
3602563	1
3602578	1
3602606	1
3602620	1
3602659	1
3602671	1
3602692	1
3602762	1
3602841	1
3602911	1
3602938	1
3602997	1
3603048	1
3603072	1
3603106	1
3603159	2
3603209	1
3603305	1
3603312	1
3603329	1
3603416	1
3603430	1
3603518	1
3603596	1
3603632	1
3603658	1
3603834	1
3603880	1
3603899	1
3603921	1
3604079	1
3604113	1
3604251	1
3604273	1
3604295	1
3604335	1
3604411	1
3604503	1
3604572	1
3604587	1
3604608	1
3604621	1
3604639	1
3604677	1
3604705	1
3604859	1
3604865	1
3604892	1
3604975	1
3604993	1
3605029	2
3605064	1
3605070	1
3605086	1
3605098	1
3605107	2
3605122	1
3605178	1
3605204	1
3605296	1
3605417	1
3605651	1
3605714	1
3605765	1
3605877	1
3605882	1
3605894	1
3605976	1
3606014	1
3606088	1
3606092	1
3606124	1
3606191	1
3606428	1
3606500	1
3606517	1
3606657	1
3606743	1
3606777	1
3606802	1
3606830	1
3606849	1
3607083	1
3607306	1
3607359	1
3607371	1
3607418	1
3607431	1
3607496	1
3607553	1
3607586	1
3607863	1
3608015	1
3608050	1
3608082	1
3608094	1
3608220	1
3608375	1
3608422	1
3608463	1
3608478	1
3608567	1
3608580	1
3608653	1
3608670	1
3608702	1
3608727	1
3608818	1
3608823	1
3608987	1
3609248	1
3609340	1
3609362	1
3609408	1
3609584	1
3609611	1
3609642	1
3609656	1
3609701	1
3609752	1
3609826	1
3609920	1
3609933	1
3609959	1
3609988	1
3610042	1
3610083	1
3610121	1
3610139	1
3610217	1
3610226	1
3610244	1
3610258	1
3610306	1
3610333	1
3610359	2
3610479	1
3610553	1
3610564	1
3610634	2
3610676	1
3610881	1
3610951	1
3611036	1
3611091	1
3611171	1
3611211	1
3611238	1
3611283	1
3611337	1
3611341	1
3611449	1
3611495	1
3611523	1
3611540	1
3611585	1
3611632	1
3611693	1
3611746	1
3611778	1
3611845	1
3611899	1
3611943	1
3611966	1
3612006	1
3612033	1
3612136	1
3612229	1
3612434	1
3612499	1
3612532	1
3612593	1
3612640	1
3612685	1
3612708	1
3612777	1
3612849	1
3613001	1
3613067	1
3613076	1
3613080	2
3613099	1
3613179	1
3613219	1
3613222	1
3613235	1
3613254	1
3613316	1
3613330	1
3613395	1
3613406	1
3613420	1
3613459	1
3613465	1
3613582	1
3613655	1
3613761	2
3613809	1
3613929	1
3613970	1
3613986	1
3614021	1
3614039	1
3614094	1
3614358	1
3614407	1
3614463	1
3614513	1
3614545	1
3614576	1
3614653	1
3614664	1
3614670	1
3614936	1
3614972	1
3615068	1
3615084	1
3615100	1
3615117	1
3615158	1
3615239	1
3615243	1
3615250	2
3615277	1
3615410	1
3615436	1
3615554	1
3615590	1
3615606	1
3615647	1
3615841	1
3615974	1
3616004	1
3616018	1
3616057	1
3616273	1
3616295	1
3616378	1
3616390	1
3616474	1
3616497	1
3616503	1
3616524	1
3616548	2
3616615	1
3616694	1
3616712	1
3616729	2
3616814	1
3616888	1
3616944	1
3617112	1
3617129	1
3617153	1
3617164	1
3617287	1
3617331	1
3617357	1
3617362	1
3617408	1
3617415	1
3617466	1
3617549	1
3617551	1
3617638	1
3617660	1
3617728	1
3617776	1
3617780	1
3617800	1
3617817	1
3617933	1
3618041	1
3618098	1
3618119	1
3618231	1
3618296	2
3618336	1
3618387	1
3618400	1
3618475	1
3618509	1
3618583	1
3618602	1
3618616	1
3618673	1
3618695	1
3618765	1
3618882	1
3618934	1
3618980	1
3619032	1
3619102	1
3619127	1
3619130	1
3619151	1
3619173	1
3619201	1
3619280	1
3619315	1
3619382	1
3619394	1
3619412	1
3619429	1
3619470	1
3619547	1
3619559	1
3619607	1
3619635	1
3619654	1
3619756	1
3619891	1
3620233	1
3620247	2
3620292	1
3620393	1
3620552	1
3620576	1
3620664	1
3620686	1
3620716	1
3620840	1
3620896	1
3620924	1
3621002	1
3621084	1
3621117	1
3621144	1
3621208	1
3621239	1
3621277	1
3621282	1
3621313	1
3621328	1
3621380	1
3621410	1
3621436	1
3621554	1
3621620	1
3621633	1
3621671	1
3621688	1
3621762	1
3621785	1
3621796	1
3622075	1
3622089	1
3622093	1
3622149	1
3622195	1
3622234	1
3622453	1
3622514	1
3622559	1
3622635	1
3622663	1
3622738	1
3622756	1
3622810	1
3622848	1
3622891	1
3623005	1
3623029	1
3623086	1
3623119	1
3623146	1
3623154	1
3623190	1
3623262	1
3623303	1
3623355	1
3623400	1
3623461	1
3623525	1
3623538	1
3623560	1
3623673	1
3623850	1
3623894	1
3623901	1
3623976	1
3624009	1
3624074	1
3624275	1
3624320	1
3624347	1
3624423	1
3624479	1
3624485	1
3624613	1
3624667	1
3624680	1
3624703	1
3624736	1
3624819	1
3624822	1
3624881	1
3624930	1
3624949	1
3624968	1
3624973	1
3625055	1
3625091	1
3625329	1
3625341	1
3625353	1
3625468	1
3625531	1
3625585	1
3625689	1
3625693	1
3625778	1
3625834	1
3625908	1
3625915	1
3625921	1
3626007	1
3626054	1
3626090	1
3626153	1
3626527	1
3626745	2
3626780	1
3626861	1
3626906	1
3626920	1
3626933	1
3626965	1
3626988	1
3627023	1
3627128	1
3627152	1
3627202	1
3627273	1
3627295	1
3627307	1
3627322	1
3627456	1
3627587	1
3627608	1
3627643	1
3627677	1
3627944	1
3627975	1
3628013	1
3628028	1
3628052	1
3628067	1
3628157	1
3628330	1
3628395	1
3628414	1
3628521	1
3628539	1
3628655	1
3628717	1
3628732	1
3628793	1
3628897	1
3628937	1
3629006	1
3629065	1
3629088	1
3629241	1
3629298	2
3629325	1
3629356	1
3629397	1
3629499	1
3629708	1
3629715	1
3629739	1
3629816	1
3629830	1
3629849	1
3629884	1
3629954	1
3630029	1
3630053	1
3630064	1
3630098	2
3630204	1
3630218	1
3630279	1
3630285	1
3630310	1
3630372	1
3630387	1
3630458	1
3630489	1
3630509	1
3630574	1
3630583	1
3630616	1
3630627	1
3630706	1
3630720	1
3630747	1
3630788	1
3630792	1
3630815	1
3630882	1
3630945	1
3630952	1
3631006	1
3631033	1
3631047	1
3631059	1
3631172	1
3631187	1
3631229	1
3631298	1
3631434	1
3631445	1
3631715	1
3631816	1
3631981	1
3631990	1
3632003	1
3632010	1
3632091	1
3632171	1
3632209	1
3632297	2
3632312	1
3632386	1
3632427	1
3632473	1
3632484	1
3632540	1
3632579	1
3632596	1
3632658	1
3632746	1
3632778	1
3632834	1
3632908	1
3632943	1
3633016	1
3633027	1
3633117	1
3633126	1
3633277	1
3633345	1
3633469	1
3633620	1
3633659	1
3633671	1
3633731	1
3633909	1
3633925	1
3633997	1
3634081	1
3634112	1
3634129	1
3634141	1
3634153	1
3634323	1
3634439	1
3634443	1
3634527	1
3634549	2
3634568	1
3634638	1
3634767	1
3634780	1
3634844	1
3634875	1
3634971	1
3635052	1
3635076	1
3635118	1
3635254	1
3635508	1
3635539	1
3635636	1
3635732	1
3635793	1
3635856	1
3635905	1
3635986	1
3636000	1
3636026	1
3636032	1
3636089	1
3636234	1
3636245	1
3636267	2
3636280	1
3636308	1
3636339	1
3636405	1
3636498	1
3636622	1
3636646	1
3636654	1
3636709	1
3636957	1
3636962	1
3637111	1
3637142	1
3637247	1
3637271	1
3637292	1
3637326	1
3637407	1
3637435	1
3637501	1
3637534	1
3637545	1
3637576	1
3637637	1
3637698	1
3637784	1
3637910	1
3637969	1
3637972	1
3637987	1
3638060	1
3638083	1
3638108	1
3638139	1
3638166	1
3638194	1
3638306	1
3638347	1
3638564	1
3638570	1
3638634	2
3638676	1
3638772	1
3638878	1
3639018	1
3639040	1
3639227	1
3639251	1
3639335	1
3639425	1
3639497	1
3639536	1
3639643	1
3639682	1
3639705	1
3639764	1
3639770	1
3639944	1
3639961	1
3639975	1
3639993	1
3640055	1
3640256	1
3640626	1
3640632	1
3640675	1
3640693	1
3640707	1
3640778	1
3640801	1
3640813	1
3640834	1
3640876	1
3640977	1
3641063	1
3641112	1
3641203	1
3641269	1
3641396	1
3641408	1
3641415	1
3641466	1
3641660	1
3641799	1
3641861	1
3641889	1
3641906	1
3641920	1
3642098	1
3642146	1
3642178	1
3642190	1
3642240	1
3642432	1
3642574	1
3642602	1
3642668	1
3642695	1
3642706	1
3642733	1
3642788	1
3642821	1
3642843	1
3642952	1
3642967	1
3643075	1
3643339	2
3643343	1
3643520	1
3643588	1
3643607	1
3643635	1
3643690	1
3643709	1
3643725	1
3643774	1
3643872	1
3643904	1
3643985	1
3643996	1
3644014	1
3644059	1
3644172	1
3644187	1
3644191	1
3644253	1
3644309	1
3644342	1
3644356	1
3644413	1
3644428	1
3644500	1
3644544	1
3644561	1
3644589	1
3644662	1
3644679	1
3644696	1
3644802	1
3644868	1
3644884	1
3644935	1
3645094	1
3645138	1
3645183	1
3645233	1
3645292	2
3645317	1
3645332	1
3645358	1
3645361	1
3645419	2
3645501	1
3645528	1
3645534	1
3645580	1
3645637	1
3645641	1
3645702	1
3645727	1
3645823	1
3645862	1
3645991	1
3646049	1
3646068	1
3646095	1
3646239	1
3646250	1
3646294	1
3646328	1
3646399	1
3646403	1
3646436	1
3646535	1
3646554	1
3646633	1
3646659	1
3646688	1
3646796	2
3646812	1
3646853	1
3646909	1
3647067	1
3647080	1
3647246	1
3647278	1
3647351	1
3647465	1
3647471	1
3647577	1
3647624	1
3647929	1
3647953	1
3647970	1
3648180	1
3648227	1
3648346	1
3648497	1
3648510	1
3648536	1
3648682	1
3648712	1
3648729	1
3648753	1
3648798	1
3648847	1
3648888	1
3648917	1
3648958	1
3648961	1
3648975	1
3649083	1
3649097	1
3649108	1
3649115	1
3649121	1
3649150	1
3649371	1
3649404	1
3649423	1
3649440	1
3649485	1
3649512	1
3649598	1
3649601	1
3649652	1
3649680	1
3649703	1
3649769	1
3649772	1
3649787	1
3649973	1
3649995	1
3650017	1
3650093	1
3650127	1
3650173	1
3650201	1
3650267	1
3650276	1
3650280	1
3650321	1
3650366	1
3650405	1
3650547	1
3650635	1
3650663	1
3650760	1
3650783	1
3650855	1
3650869	1
3650904	1
3650957	1
3651056	1
3651121	1
3651150	1
3651182	1
3651200	1
3651289	1
3651314	1
3651347	1
3651457	1
3651462	1
3651598	1
3651769	1
3651772	1
3651807	1
3651822	1
3651835	1
3651881	1
3651916	1
3651968	1
3651973	1
3652039	1
3652082	1
3652138	1
3652142	1
3652160	1
3652247	1
3652265	1
3652326	1
3652361	1
3652375	1
3652389	1
3652422	1
3652481	1
3652528	1
3652552	1
3652605	1
3652612	1
3652637	1
3652804	1
3652857	1
3652948	1
3652991	1
3653046	1
3653081	1
3653210	1
3653272	1
3653323	1
3653396	1
3653439	1
3653482	1
3653568	1
3653656	1
3653713	1
3653776	1
3653826	1
3653832	1
3653914	1
3653988	1
3653992	1
3654027	1
3654161	1
3654282	1
3654345	1
3654436	1
3654472	1
3654535	1
3654554	1
3654578	1
3654614	1
3654731	1
3654853	1
3654942	1
3655023	1
3655167	1
3655249	1
3655273	1
3655335	1
3655381	1
3655442	1
3655474	1
3655569	1
3655712	1
3655764	1
3655770	1
3655833	1
3655989	1
3656005	1
3656070	1
3656355	1
3656391	1
3656400	1
3656432	1
3656493	1
3656542	1
3656574	1
3656616	1
3656627	1
3656747	1
3656839	1
3656850	1
3656913	1
3657055	1
3657114	1
3657171	1
3657188	1
3657242	1
3657312	1
3657495	1
3657523	1
3657585	1
3657763	1
3657781	1
3657845	1
3657939	1
3657950	1
3657966	1
3658020	1
3658059	2
3658092	1
3658155	1
3658169	1
3658172	1
3658212	1
3658270	1
3658298	1
3658311	1
3658325	1
3658338	1
3658356	1
3658517	1
3658526	1
3658618	1
3658631	1
3658696	1
3658708	1
3658739	1
3658777	1
3658782	1
3658816	1
3658830	1
3659157	1
3659185	1
3659196	1
3659219	1
3659254	1
3659316	1
3659330	1
3659406	1
3659420	1
3659447	1
3659465	1
3659508	1
3659539	1
3659543	1
3659582	1
3659610	1
3659691	1
3659700	1
3659726	1
3659758	1
3659761	1
3659809	1
3659811	1
3659825	1
3659953	1
3659964	1
3660105	1
3660236	1
3660272	1
3660362	1
3660439	1
3660443	1
3660450	1
3660477	1
3660494	2
3660516	1
3660625	1
3660638	1
3660697	1
3660947	1
3661001	1
3661028	1
3661034	1
3661099	1
3661118	1
3661140	1
3661207	1
3661414	1
3661420	1
3661447	2
3661492	1
3661521	1
3661539	1
3661594	1
3661636	1
3661744	1
3661793	1
3661811	1
3661838	1
3661874	1
3661883	1
3661929	1
3661964	1
3662128	1
3662167	1
3662176	1
3662180	1
3662307	1
3662322	1
3662381	1
3662497	1
3662764	1
3662820	1
3662833	1
3662961	1
3663074	1
3663166	1
3663194	1
3663217	1
3663586	1
3663645	1
3663667	1
3663699	1
3663724	1
3663772	1
3663807	1
3663854	1
3663890	1
3663916	1
3664070	1
3664135	1
3664190	1
3664303	1
3664369	1
3664372	1
3664432	1
3664616	1
3664627	1
3664651	1
3664765	1
3664792	1
3664815	1
3664877	1
3664928	1
3664934	1
3664967	1
3665006	1
3665020	1
3665148	1
3665229	1
3665286	1
3665338	1
3665356	1
3665374	1
3665428	1
3665480	1
3665631	1
3665657	1
3665679	1
3665685	1
3665816	1
3665827	1
3665849	1
3665954	1
3665981	1
3666043	1
3666077	1
3666138	1
3666160	1
3666214	1
3666247	1
3666259	1
3666288	1
3666300	1
3666358	1
3666454	2
3666552	1
3666605	1
3666664	1
3666795	1
3666818	1
3666823	1
3666948	1
3666955	1
3666972	1
3666991	1
3667000	1
3667116	1
3667151	1
3667168	1
3667184	1
3667195	1
3667213	1
3667245	1
3667412	1
3667429	1
3667437	1
3667486	1
3667533	1
3667559	1
3667607	1
3667635	1
3667663	1
3667738	1
3667742	1
3667774	1
3667869	1
3667872	1
3667904	1
3667931	1
3668016	1
3668027	1
3668049	1
3668095	1
3668175	1
3668221	2
3668277	1
3668282	1
3668367	1
3668403	1
3668424	1
3668578	1
3668718	1
3668723	1
3668796	1
3668812	1
3668829	1
3668841	1
3668853	1
3668956	1
3669337	1
3669402	1
3669416	1
3669504	1
3669562	1
3669596	1
3669644	1
3669915	1
3669994	1
3670208	1
3670215	2
3670277	1
3670294	1
3670301	1
3670328	1
3670352	1
3670367	1
3670472	1
3670487	1
3670507	1
3670554	1
3670606	1
3670614	1
3670692	1
3670805	1
3670812	1
3670829	1
3670870	1
3670898	1
3670956	1
3670960	1
3670997	1
3671023	1
3671085	1
3671134	1
3671273	1
3671409	1
3671483	1
3671503	1
3671524	1
3671536	1
3671555	1
3671572	1
3671591	1
3671639	1
3671666	1
3671764	1
3672001	1
3672045	1
3672067	1
3672123	1
3672219	1
3672263	1
3672290	1
3672351	1
3672368	1
3672395	1
3672433	1
3672447	1
3672465	1
3672521	1
3672543	1
3672550	1
3672672	1
3672687	1
3672691	1
3672700	1
3672732	1
3672761	2
3672874	1
3672897	1
3673033	1
3673191	1
3673253	1
3673298	1
3673325	1
3673434	1
3673526	1
3673558	1
3673618	1
3673696	1
3673721	1
3673743	1
3673794	1
3673827	1
3673851	1
3673919	1
3673954	1
3673978	1
3674017	1
3674075	1
3674093	1
3674127	1
3674151	1
3674168	1
3674280	1
3674321	1
3674382	1
3674514	1
3674520	1
3674559	1
3674571	1
3674635	1
3674709	1
3674774	1
3674797	1
3674962	1
3675038	1
3675042	1
3675143	1
3675182	1
3675200	1
3675226	1
3675232	1
3675314	1
3675320	1
3675404	1
3675423	1
3675457	1
3675541	1
3675570	1
3675601	1
3675628	1
3675645	1
3675710	1
3675748	1
3675791	1
3675819	1
3675822	1
3675854	1
3675984	1
3676048	1
3676072	1
3676087	1
3676114	1
3676120	1
3676211	1
3676312	1
3676337	1
3676473	1
3676781	1
3676790	1
3676834	1
3676876	1
3676950	1
3676977	1
3677037	1
3677041	1
3677231	1
3677257	1
3677285	1
3677336	1
3677391	1
3677400	1
3677444	1
3677574	1
3677583	1
3677616	1
3677630	1
3677771	1
3677866	1
3677913	1
3677980	1
3678019	1
3678141	1
3678153	1
3678186	1
3678198	1
3678331	1
3678340	1
3678362	1
3678530	1
3678767	1
3678832	1
3678914	1
3678947	1
3678988	1
3678992	1
3679050	1
3679077	1
3679094	1
3679156	1
3679160	1
3679247	2
3679375	1
3679407	1
3679501	1
3679528	1
3679576	1
3679599	1
3679641	1
3679768	1
3679804	1
3679903	1
3679924	1
3679955	1
3680006	1
3680047	1
3680071	1
3680092	1
3680103	1
3680124	1
3680298	1
3680342	1
3680413	2
3680434	1
3680467	1
3680532	1
3680631	1
3680662	1
3680708	1
3680739	1
3680873	1
3680922	1
3680946	1
3681109	1
3681111	1
3681142	2
3681156	1
3681292	1
3681300	1
3681435	1
3681446	1
3681501	1
3681545	1
3681567	1
3681605	1
3681612	1
3681629	1
3681637	1
3681664	1
3681698	1
3681716	1
3681730	1
3681823	1
3681862	1
3681924	1
3681948	1
3682009	1
3682038	1
3682042	1
3682143	1
3682217	1
3682275	1
3682289	1
3682306	1
3682333	1
3682347	1
3682371	1
3682418	1
3682440	1
3682457	1
3682541	1
3682564	1
3682613	1
3682680	1
3682748	1
3682807	1
3682902	1
3682968	1
3683079	1
3683128	1
3683134	1
3683176	1
3683202	1
3683319	1
3683378	1
3683409	1
3683608	1
3683650	1
3683682	1
3683694	1
3683753	1
3683806	1
3684055	1
3684087	1
3684305	1
3684364	1
3684430	1
3684495	1
3684504	1
3684518	1
3684689	1
3684693	1
3684735	1
3684778	1
3684845	1
3684876	1
3684966	1
3685022	1
3685081	1
3685129	1
3685186	1
3685203	1
3685323	1
3685443	1
3685502	1
3685551	1
3685609	1
3685611	1
3685697	1
3685799	1
3685861	1
3685959	1
3685988	1
3686028	1
3686067	1
3686104	1
3686123	1
3686278	1
3686302	1
3686327	1
3686433	1
3686447	1
3686492	1
3686610	1
3686655	1
3686744	1
3686775	1
3686897	1
3686937	1
3686998	1
3687002	1
3687073	1
3687117	1
3687126	1
3687158	1
3687193	1
3687334	1
3687448	1
3687455	1
3687487	1
3687546	1
3687554	1
3687581	1
3687692	1
3687740	1
3687812	1
3687911	1
3687997	1
3688017	1
3688116	1
3688276	1
3688350	1
3688394	1
3688412	1
3688470	1
3688533	1
3688678	1
3688690	1
3688709	2
3688725	1
3688760	1
3688797	1
3688803	1
3688869	1
3688872	1
3688918	1
3688979	1
3688985	1
3689012	1
3689190	1
3689218	1
3689262	1
3689303	1
3689372	1
3689387	1
3689426	1
3689432	1
3689542	1
3689651	1
3689668	1
3689673	1
3689695	1
3689815	1
3689850	1
3690085	1
3690101	1
3690145	1
3690176	1
3690346	1
3690363	1
3690409	1
3690456	1
3690510	1
3690536	1
3690569	1
3690737	1
3690770	1
3690932	1
3691012	1
3691086	1
3691122	1
3691146	1
3691240	1
3691262	1
3691310	1
3691458	1
3691475	1
3691583	1
3691627	1
3691668	1
3691706	1
3691733	1
3691839	1
3691901	2
3691913	1
3691934	1
3691976	1
3691980	2
3691999	2
3692019	1
3692081	1
3692137	1
3692210	1
3692224	1
3692248	1
3692318	1
3692331	1
3692466	1
3692502	1
3692713	1
3692752	1
3692776	1
3692861	1
3693050	1
3693077	1
3693082	1
3693094	1
3693111	1
3693142	1
3693300	1
3693361	1
3693389	1
3693393	1
3693478	1
3693481	1
3693534	1
3693567	1
3693698	1
3693751	2
3693784	1
3693862	1
3693969	1
3694001	1
3694034	1
3694067	1
3694162	1
3694254	1
3694349	1
3694384	1
3694406	1
3694610	1
3694648	1
3694761	1
3694775	1
3694811	1
3694825	1
3694842	1
3694912	1
3694953	1
3694998	1
3695000	1
3695017	1
3695032	1
3695149	1
3695321	1
3695339	1
3695394	1
3695464	1
3695486	1
3695498	1
3695622	1
3695738	1
3695756	1
3695931	1
3696038	1
3696108	2
3696139	1
3696150	1
3696166	1
3696194	1
3696261	1
3696320	1
3696333	1
3696388	1
3696404	1
3696601	1
3696634	1
3696748	1
3696807	1
3696878	1
3696890	1
3696930	1
3697071	1
3697103	1
3697110	1
3697264	1
3697467	1
3697476	1
3697532	1
3697561	1
3697589	1
3697739	1
3697743	1
3697750	1
3697766	1
3697827	1
3697851	1
3697873	1
3698024	1
3698048	1
3698120	1
3698159	1
3698274	1
3698297	1
3698370	1
3698430	1
3698495	1
3698557	1
3698617	1
3698644	1
3698689	1
3698693	1
3698876	1
3698880	1
3698982	1
3699027	1
3699073	1
3699126	1
3699189	1
3699282	1
3699294	1
3699328	2
3699403	1
3699491	1
3699581	1
3699757	1
3699829	1
3699864	1
3699925	1
3700010	1
3700055	1
3700133	1
3700147	1
3700283	1
3700484	1
3700675	1
3700781	1
3700828	1
3700908	1
3700921	1
3701022	1
3701063	1
3701105	1
3701164	1
3701304	1
3701340	1
3701408	1
3701584	1
3701611	1
3701638	1
3701642	1
3701734	1
3701767	1
3701947	2
3701965	1
3701988	1
3702029	1
3702064	1
3702181	1
3702190	1
3702324	1
3702391	2
3702493	1
3702511	1
3702695	1
3702747	1
3702843	1
3702901	1
3702967	2
3703000	1
3703017	1
3703201	1
3703267	1
3703350	1
3703441	1
3703547	1
3703774	1
3703783	1
3703810	1
3703855	1
3703931	1
3703957	1
3703962	1
3703996	1
3704124	1
3704148	1
3704169	1
3704212	1
3704237	1
3704253	1
3704325	1
3704413	1
3704526	1
3704532	1
3704631	1
3704679	1
3704708	1
3704743	1
3704782	1
3704802	1
3704868	1
3704919	1
3705008	1
3705039	1
3705066	1
3705077	1
3705174	1
3705206	1
3705214	1
3705292	1
3705344	1
3705446	1
3705454	1
3705463	1
3705490	1
3705567	1
3705605	1
3705612	1
3705641	1
3705653	1
3705924	1
3705936	1
3705948	2
3706161	1
3706175	1
3706193	1
3706334	1
3706376	1
3706424	1
3706507	1
3706563	1
3706718	1
3706762	2
3706853	1
3706886	1
3706983	1
3707099	1
3707327	1
3707349	1
3707406	1
3707414	1
3707515	1
3707521	1
3707582	1
3707691	1
3707700	1
3707717	1
3707789	1
3707905	1
3707986	1
3707998	1
3708101	1
3708180	1
3708202	1
3708249	1
3708322	1
3708335	2
3708390	1
3708438	1
3708442	1
3708497	1
3708555	1
3708587	1
3708694	1
3708712	1
3708859	1
3708932	1
3709108	1
3709177	1
3709200	1
3709232	1
3709371	2
3709388	2
3709404	1
3709431	1
3709440	1
3709462	1
3709505	1
3709586	1
3709755	1
3709846	1
3709881	1
3709902	1
3710045	1
3710099	1
3710162	1
3710179	1
3710196	1
3710254	1
3710420	1
3710459	1
3710471	1
3710521	1
3710577	1
3710669	1
3710717	1
3710732	1
3710811	1
3710825	1
3710856	1
3710860	1
3710929	1
3710986	1
3711093	1
3711102	1
3711127	1
3711195	1
3711228	1
3711234	1
3711280	1
3711437	1
3711453	1
3711464	1
3711486	1
3711506	1
3711533	1
3711635	1
3711709	1
3711711	1
3711756	1
3711810	1
3711836	1
3711904	1
3711918	1
3712030	1
3712073	1
3712084	1
3712095	1
3712100	1
3712175	1
3712250	1
3712328	1
3712334	1
3712367	1
3712546	1
3712554	1
3712633	1
3712785	1
3712812	1
3712938	1
3712942	1
3713072	1
3713114	1
3713188	1
3713238	1
3713274	1
3713297	2
3713305	1
3713329	1
3713353	1
3713427	1
3713451	1
3713495	1
3713504	1
3713579	1
3713596	1
3713617	1
3713632	1
3713675	1
3713689	1
3713719	1
3713722	1
3713754	1
3713790	1
3713828	1
3713915	1
3713939	1
3714040	1
3714134	1
3714167	1
3714176	1
3714390	1
3714483	1
3714741	1
3714770	1
3714847	1
3715070	1
3715146	1
3715355	1
3715417	1
3715426	1
3715489	1
3715574	1
3715651	2
3715684	1
3715706	1
3715759	1
3715765	1
3715792	1
3715821	1
3715866	1
3715913	1
3715934	1
3715976	1
3716014	1
3716065	1
3716088	1
3716110	1
3716136	1
3716148	1
3716169	1
3716172	1
3716264	1
3716270	1
3716401	1
3716445	1
3716589	1
3716708	1
3716721	1
3716849	1
3716919	1
3716922	1
3716978	1
3717121	1
3717150	1
3717194	1
3717232	1
3717347	1
3717365	1
3717440	1
3717570	1
3717586	1
3717601	1
3717628	1
3717680	1
3717710	1
3717748	1
3717769	1
3717822	1
3717890	1
3717927	1
3717968	1
3718015	1
3718109	1
3718292	1
3718332	1
3718361	1
3718419	1
3718545	1
3718599	1
3718605	1
3718641	1
3718664	1
3718773	1
3718784	1
3718885	1
3718924	2
3718948	1
3718987	1
3719078	1
3719081	1
3719137	1
3719164	1
3719170	1
3719186	1
3719236	1
3719287	1
3719323	1
3719340	1
3719379	1
3719482	1
3719494	1
3719584	1
3719625	1
3719674	1
3719683	1
3719713	1
3719780	1
3719861	1
3719914	1
3719959	1
3719965	1
3719971	1
3720018	1
3720040	1
3720057	1
3720134	1
3720152	1
3720216	1
3720307	1
3720335	1
3720381	1
3720390	1
3720442	1
3720460	1
3720548	1
3720569	1
3720591	1
3720639	1
3720643	1
3720650	1
3720705	1
3720737	1
3720814	1
3720900	1
3720917	1
3720932	1
3721005	1
3721053	1
3721098	1
3721122	1
3721218	1
3721257	1
3721285	1
3721387	1
3721391	1
3721489	1
3721525	1
3721556	1
3721616	1
3721684	1
3721747	1
3721765	1
3721788	1
3721821	1
3721866	1
3721877	1
3721913	1
3721952	1
3722112	1
3722137	1
3722248	1
3722304	1
3722323	1
3722357	1
3722379	1
3722466	1
3722568	1
3722713	1
3722728	1
3722914	1
3722920	1
3722947	1
3722965	1
3722971	1
3723021	1
3723039	1
3723043	1
3723183	1
3723317	1
3723332	1
3723358	1
3723463	1
3723513	1
3723534	1
3723552	1
3723599	1
3723664	1
3723686	1
3723698	1
3723730	1
3723804	1
3723818	1
3723987	1
3724013	1
3724028	1
3724034	1
3724045	1
3724104	1
3724140	1
3724196	1
3724207	1
3724222	1
3724235	1
3724263	1
3724316	1
3724414	1
3724465	1
3724566	1
3724758	1
3724775	1
3724825	1
3724838	1
3724912	1
3724998	1
3725026	1
3725127	1
3725184	1
3725213	1
3725252	1
3725394	1
3725453	1
3725622	1
3725635	1
3725711	1
3725797	1
3725810	1
3725836	1
3725918	1
3725979	1
3726025	1
3726042	1
3726056	2
3726060	2
3726150	1
3726182	1
3726200	1
3726306	1
3726359	1
3726496	1
3726505	1
3726586	1
3726613	1
3726634	1
3726736	1
3726755	1
3726863	1
3726878	1
3726927	1
3727006	1
3727020	1
3727110	1
3727155	1
3727205	1
3727264	1
3727309	1
3727476	1
3727517	1
3727589	1
3727593	1
3727618	1
3727623	1
3727679	1
3727715	1
3727907	1
3727963	1
3728024	1
3728209	1
3728211	1
3728242	1
3728329	1
3728644	1
3728689	1
3728746	1
3728790	1
3728801	1
3728828	1
3728880	1
3728939	1
3729002	1
3729030	1
3729049	1
3729084	1
3729161	1
3729266	1
3729282	1
3729436	1
3729448	1
3729491	1
3729535	1
3729546	1
3729614	1
3729647	1
3729659	1
3729718	1
3729757	1
3729812	1
3729898	1
3730050	1
3730111	1
3730125	1
3730206	1
3730214	1
3730220	1
3730271	1
3730292	1
3730300	1
3730326	1
3730419	1
3730528	1
3730545	1
3730552	1
3730599	1
3730730	1
3730818	1
3730823	1
3730896	1
3730969	1
3731002	1
3731068	1
3731073	1
3731095	1
3731117	1
3731132	1
3731403	1
3731448	1
3731469	1
3731507	1
3731522	1
3731554	2
3731563	1
3731620	1
3731671	2
3731740	1
3731757	2
3731853	1
3731886	1
3731909	1
3731925	1
3731938	1
3731974	1
3732017	1
3732032	1
3732089	1
3732102	1
3732116	1
3732173	1
3732276	1
3732280	1
3732470	1
3732514	1
3732646	1
3732678	1
3732738	1
3732824	1
3732887	1
3733037	1
3733070	1
3733107	1
3733146	1
3733154	1
3733178	1
3733190	1
3733262	1
3733285	1
3733391	1
3733493	1
3733574	1
3733627	1
3733695	1
3733720	1
3733792	1
3733821	1
3733843	1
3733976	1
3734025	1
3734056	1
3734074	1
3734097	1
3734139	1
3734232	1
3734261	1
3734359	1
3734365	1
3734388	1
3734431	1
3734529	1
3734634	1
3734807	1
3734835	1
3734854	1
3734878	1
3734927	1
3734949	1
3735010	1
3735114	1
3735238	1
3735274	1
3735370	1
3735398	1
3735416	1
3735427	1
3735430	1
3735504	1
3735557	1
3735562	1
3735596	1
3735617	1
3735644	1
3735746	1
3735754	1
3735899	1
3735943	2
3735977	1
3736022	1
3736054	1
3736063	1
3736153	1
3736210	1
3736248	1
3736272	1
3736287	1
3736291	1
3736415	1
3736502	1
3736638	1
3736656	1
3736660	2
3736713	1
3736734	1
3736767	1
3736844	1
3736861	1
3736933	1
3737018	1
3737031	1
3737145	1
3737216	1
3737230	1
3737273	1
3737335	1
3737409	1
3737474	1
3737524	1
3737572	1
3737591	1
3737615	1
3737705	1
3737764	1
3737820	1
3737892	1
3737975	1
3738045	1
3738076	1
3738080	1
3738207	1
3738246	1
3738349	1
3738384	1
3738414	1
3738488	1
3738539	1
3738543	1
3738700	1
3738717	2
3738860	2
3738897	1
3738912	1
3738929	1
3738941	1
3738964	1
3738970	1
3739014	2
3739065	1
3739088	1
3739092	1
3739103	1
3739155	1
3739191	1
3739270	1
3739434	1
3739480	1
3739499	1
3739500	1
3739561	1
3739575	1
3739604	1
3739640	2
3739715	1
3739739	1
3739782	1
3739802	1
3739827	1
3739868	1
3739919	1
3739963	1
3739990	1
3740032	1
3740061	1
3740075	1
3740151	1
3740195	1
3740201	1
3740299	1
3740412	1
3740453	1
3740533	1
3740588	1
3740619	1
3740654	1
3740760	1
3740797	1
3741009	1
3741150	1
3741258	1
3741289	1
3741388	1
3741418	1
3741496	1
3741529	1
3741601	1
3741652	1
3741676	1
3741807	1
3741854	2
3741927	1
3741984	1
3742050	1
3742082	1
3742109	1
3742111	1
3742125	1
3742142	1
3742233	1
3742265	1
3742288	1
3742361	1
3742419	1
3742612	1
3742716	1
3742730	1
3742804	1
3742823	1
3742991	1
3743105	1
3743137	1
3743198	1
3743269	1
3743362	1
3743443	1
3743494	1
3743502	1
3743527	1
3743595	1
3743745	1
3743767	1
3743780	1
3743858	1
3743889	1
3743920	1
3743933	1
3743959	1
3743965	1
3744002	1
3744095	1
3744117	1
3744126	1
3744175	1
3744208	1
3744282	1
3744328	1
3744352	1
3744403	1
3744469	1
3744491	1
3744578	1
3744581	1
3744590	1
3744665	1
3744671	1
3744812	1
3744886	1
3744938	1
3744960	1
3744983	1
3745031	1
3745057	1
3745079	1
3745085	1
3745180	1
3745199	1
3745202	1
3745307	1
3745354	1
3745411	1
3745456	1
3745483	1
3745524	1
3745548	1
3745555	1
3745572	1
3745682	1
3745705	1
3745770	1
3745926	1
3746037	1
3746041	1
3746135	1
3746204	1
3746231	1
3746372	1
3746391	1
3746432	1
3746511	1
3746542	1
3746673	1
3746759	1
3746788	1
3746815	1
3746866	1
3746882	1
3746901	1
3746945	1
3746999	1
3747003	1
3747069	1
3747087	2
3747192	1
3747225	1
3747260	1
3747305	1
3747398	1
3747427	1
3747473	1
3747523	1
3747661	1
3747707	1
3747845	1
3747852	1
3748059	1
3748124	1
3748191	1
3748298	1
3748309	1
3748360	1
3748544	1
3748558	1
3748575	1
3748623	1
3748657	1
3748679	1
3748849	1
3748907	1
3748954	1
3748981	1
3749028	1
3749080	1
3749118	1
3749235	1
3749254	1
3749278	1
3749373	1
3749459	1
3749471	1
3749594	2
3749636	1
3749761	1
3749809	1
3749825	1
3749905	1
3749953	1
3749970	1
3750019	1
3750035	1
3750129	1
3750236	1
3750287	1
3750396	1
3750408	1
3750439	1
3750502	1
3750516	1
3750527	1
3750549	1
3750573	1
3750713	1
3750893	1
3750920	1
3750933	1
3751045	1
3751222	1
3751246	1
3751368	1
3751373	1
3751447	1
3751459	1
3751508	1
3751543	1
3751550	1
3751610	1
3751691	1
3751700	1
3751732	1
3751744	1
3751860	1
3751905	1
3751941	1
3751953	1
3752040	1
3752101	1
3752227	1
3752230	1
3752251	1
3752284	1
3752322	1
3752354	1
3752411	1
3752438	1
3752460	1
3752503	1
3752510	1
3752729	1
3752737	1
3752820	1
3752932	1
3753042	1
3753060	1
3753097	1
3753121	1
3753177	1
3753194	1
3753423	1
3753431	1
3753512	1
3753601	1
3753748	1
3753772	1
3753819	1
3753846	1
3753881	1
3753890	1
3753927	1
3753949	1
3753951	1
3753968	1
3753984	1
3754012	1
3754053	1
3754086	1
3754122	1
3754146	1
3754154	1
3754204	1
3754223	1
3754324	1
3754458	1
3754560	1
3754627	1
3754630	1
3754668	1
3754733	1
3755020	1
3755059	1
3755155	1
3755169	1
3755187	1
3755264	1
3755270	1
3755325	1
3755342	1
3755356	1
3755434	1
3755593	1
3755623	1
3755631	1
3755640	2
3755696	1
3755766	1
3755919	1
3755981	1
3756066	1
3756125	1
3756138	1
3756142	1
3756233	1
3756265	1
3756292	1
3756358	1
3756389	1
3756393	2
3756552	1
3756664	1
3756686	1
3756716	1
3756730	1
3756823	2
3756896	1
3756936	1
3756948	1
3756969	1
3756991	1
3757032	2
3757102	1
3757130	1
3757168	1
3757173	1
3757213	1
3757234	1
3757315	2
3757506	1
3757514	1
3757588	1
3757646	1
3757681	1
3757711	1
3757738	1
3757742	1
3757887	1
3757891	1
3757985	1
3758084	1
3758132	1
3758144	1
3758161	1
3758189	1
3758243	1
3758334	1
3758410	2
3758723	1
3758785	1
3758909	1
3758911	1
3758938	1
3758956	1
3758974	1
3758983	1
3758997	1
3759024	1
3759114	1
3759449	1
3759658	1
3759661	2
3759675	1
3759693	1
3759707	1
3759722	1
3759763	1
3759781	1
3760009	1
3760011	1
3760139	1
3760143	1
3760261	1
3760289	1
3760320	1
3760485	1
3760512	1
3760537	1
3760772	1
3760787	1
3760878	1
3761036	1
3761242	1
3761256	1
3761504	1
3761585	1
3761596	1
3761632	1
3761689	1
3761943	1
3761950	1
3761966	1
3762020	1
3762059	1
3762110	1
3762155	1
3762191	1
3762205	2
3762229	1
3762298	1
3762356	1
3762467	1
3762500	1
3762589	1
3762696	1
3762935	1
3762990	1
3763001	1
3763034	1
3763045	1
3763076	1
3763123	1
3763140	1
3763281	1
3763349	1
3763384	1
3763414	1
3763465	1
3763539	1
3763550	1
3763577	1
3763582	1
3763687	1
3763691	1
3763825	1
3763860	1
3763912	1
3763970	1
3764050	1
3764233	1
3764259	1
3764407	1
3764419	1
3764478	2
3764481	1
3764599	1
3764670	1
3764686	1
3764730	1
3764879	1
3765016	1
3765027	1
3765049	1
3765068	1
3765117	1
3765144	1
3765215	1
3765352	1
3765424	1
3765436	1
3765620	1
3765633	1
3765659	1
3765665	1
3765757	1
3765796	1
3765853	1
3765925	1
3765997	1
3766031	1
3766152	1
3766180	1
3766202	1
3766216	1
3766249	1
3766251	1
3766273	1
3766284	1
3766411	1
3766483	1
3766510	1
3766587	1
3766639	1
3766650	1
3766806	1
3766833	1
3766865	1
3766900	1
3766944	1
3766958	1
3767035	1
3767105	1
3767137	1
3767186	1
3767198	1
3767331	1
3767385	1
3767443	1
3767477	1
3767482	1
3767609	1
3767625	1
3767713	1
3767728	1
3767767	1
3767776	1
3767800	1
3767826	1
3767832	1
3767844	1
3767965	1
3767971	1
3767992	1
3768204	1
3768372	1
3768417	1
3768426	1
3768475	1
3768668	1
3768673	1
3768706	1
3768759	1
3768866	1
3768877	1
3769075	1
3769089	1
3769267	1
3769350	1
3769382	1
3769394	1
3769429	1
3769441	1
3769498	1
3769506	1
3769514	1
3769533	1
3769547	1
3769678	1
3769783	1
3769824	1
3769836	1
3769931	1
3770012	1
3770041	1
3770135	1
3770204	1
3770285	1
3770372	1
3770391	1
3770417	1
3770489	1
3770630	1
3770714	1
3770720	1
3770877	1
3770913	1
3770928	2
3770934	1
3770967	1
3771014	1
3771059	1
3771169	1
3771229	1
3771253	1
3771270	1
3771286	1
3771311	1
3771356	1
3771428	1
3771685	1
3771708	1
3771721	1
3771739	1
3771827	1
3771907	1
3771981	1
3772024	1
3772106	1
3772120	1
3772386	1
3772398	1
3772449	1
3772468	1
3772644	1
3772689	2
3772735	1
3772746	1
3772950	1
3772982	1
3773027	1
3773049	1
3773073	1
3773189	1
3773193	1
3773266	1
3773472	1
3773554	1
3773590	1
3773620	1
3773704	1
3773829	1
3774046	1
3774054	1
3774078	1
3774090	1
3774129	1
3774198	1
3774287	1
3774304	1
3774318	1
3774323	1
3774408	1
3774494	1
3774734	1
3774817	1
3774858	1
3774914	1
3774920	1
3774965	1
3775076	2
3775123	1
3775222	1
3775302	1
3775395	1
3775420	1
3775447	1
3775550	2
3775636	1
3775726	1
3775744	1
3775874	1
3775953	1
3776058	1
3776061	1
3776127	1
3776130	1
3776339	1
3776470	1
3776498	1
3776506	1
3776520	1
3776635	1
3776663	1
3776709	1
3776725	1
3776797	1
3776957	1
3777066	1
3777077	1
3777082	1
3777156	1
3777197	1
3777247	1
3777259	1
3777463	1
3777528	1
3777545	1
3777612	1
3777637	1
3777653	1
3777773	1
3777862	1
3777903	1
3777910	2
3778009	1
3778177	1
3778261	1
3778388	1
3778392	1
3778462	1
3778553	1
3778724	1
3778769	1
3778854	1
3778878	1
3778927	1
3779096	1
3779101	1
3779113	1
3779134	1
3779152	1
3779216	1
3779249	1
3779307	1
3779319	1
3779460	1
3779503	1
3779572	1
3779587	1
3779682	1
3779712	1
3779820	1
3779833	1
3779859	1
3779926	1
3779993	1
3780016	1
3780030	1
3780084	1
3780144	1
3780208	1
3780277	1
3780313	1
3780399	1
3780469	1
3780487	1
3780546	1
3780581	1
3780606	1
3780647	1
3780659	1
3780718	1
3780731	1
3780796	1
3780886	1
3781018	1
3781040	1
3781062	1
3781152	1
3781216	1
3781273	1
3781354	1
3781378	1
3781460	1
3781555	1
3781737	1
3781753	1
3781770	1
3781814	1
3781944	1
3782185	1
3782235	1
3782246	2
3782254	1
3782278	1
3782330	2
3782349	1
3782550	1
3782577	1
3782610	1
3782636	1
3782687	1
3782744	1
3782789	1
3782793	2
3782811	1
3782998	1
3783033	1
3783103	1
3783136	1
3783191	1
3783229	1
3783309	1
3783338	1
3783360	1
3783397	1
3783467	1
3783480	1
3783500	1
3783593	1
3783604	1
3783657	1
3783715	1
3783816	2
3783868	1
3783895	1
3783954	2
3784116	1
3784127	1
3784130	1
3784173	1
3784234	1
3784280	1
3784299	1
3784343	2
3784377	1
3784394	1
3784429	1
3784470	1
3784592	1
3784619	1
3784635	1
3784681	1
3784711	1
3784760	1
3784797	1
3784803	1
3784824	1
3784923	1
3785108	1
3785115	1
3785121	1
3785232	1
3785244	1
3785293	1
3785365	1
3785404	1
3785423	1
3785431	1
3785496	1
3785512	1
3785541	1
3785553	1
3785564	1
3785601	1
3785634	1
3785787	1
3785822	2
3785854	2
3785916	1
3785930	1
3786114	1
3786120	1
3786188	1
3786192	1
3786274	1
3786364	1
3786402	2
3786449	1
3786518	1
3786600	1
3786675	1
3786707	1
3786778	1
3786790	1
3786828	1
3786834	1
3786880	1
3786921	1
3786939	1
3787012	1
3787041	1
3787053	2
3787098	2
3787154	1
3787204	1
3787262	1
3787279	1
3787303	1
3787310	1
3787348	1
3787538	1
3787556	1
3787649	1
3787747	1
3787788	1
3787792	1
3787866	1
3787882	1
3787934	1
3787976	1
3788035	1
3788224	1
3788287	1
3788318	1
3788439	1
3788494	1
3788502	1
3788609	1
3788625	1
3788683	1
3788701	1
3788776	1
3788799	1
3788893	1
3788947	1
3789043	1
3789174	1
3789344	1
3789358	1
3789490	1
3789768	1
3789795	1
3789804	1
3789823	1
3789840	1
3789924	1
3789987	1
3790020	1
3790033	1
3790205	1
3790286	1
3790309	1
3790383	1
3790401	1
3790434	1
3790445	1
3790575	1
3790589	1
3790593	1
3790618	1
3790715	1
3790721	1
3790827	1
3790922	1
3790946	1
3790963	1
3791109	1
3791727	1
3791773	1
3791804	1
3791840	1
3792011	1
3792074	1
3792083	1
3792115	1
3792150	1
3792177	2
3792275	1
3792293	1
3792306	1
3792347	1
3792392	1
3792404	1
3792457	1
3792485	1
3792496	1
3792505	1
3792541	1
3792613	1
3792676	1
3792769	1
3792822	1
3792846	1
3793004	1
3793249	1
3793411	2
3793438	1
3793497	1
3793591	1
3793608	1
3793677	1
3793737	1
3793806	1
3793847	1
3793871	1
3793892	1
3793917	1
3793944	1
3794036	1
3794069	1
3794171	1
3794211	1
3794242	1
3794274	1
3794337	1
3794402	1
3794427	1
3794449	1
3794495	1
3794504	1
3794523	1
3794626	1
3794632	1
3794675	1
3794719	1
3794834	1
3794876	1
3794921	1
3794943	1
3794950	1
3795054	1
3795063	1
3795105	1
3795112	1
3795141	1
3795287	1
3795323	1
3795568	1
3795656	1
3795728	1
3795734	1
3795752	1
3795767	1
3795799	1
3796067	1
3796140	1
3796179	1
3796254	1
3796327	1
3796349	1
3796368	1
3796433	1
3796582	1
3796603	1
3796610	1
3796809	1
3796860	1
3796905	1
3796998	1
3797208	1
3797239	1
3797282	1
3797376	1
3797448	1
3797491	1
3797563	1
3797606	1
3797659	1
3797665	1
3797671	1
3797757	1
3797779	1
3797853	1
3798195	1
3798201	1
3798245	1
3798252	1
3798394	1
3798565	1
3798646	1
3798654	1
3798756	1
3798824	1
3798985	1
3799012	1
3799146	1
3799204	2
3799218	1
3799223	1
3799296	1
3799355	1
3799372	1
3799387	1
3799509	1
3799574	1
3799684	1
3799913	1
3800002	1
3800027	1
3800049	1
3800175	1
3800239	1
3800250	1
3800266	1
3800345	1
3800424	1
3800436	1
3800519	1
3800671	1
3800688	1
3800704	1
3800731	1
3800757	1
3800805	1
3800870	1
3800886	1
3801004	1
3801018	1
3801062	1
3801079	1
3801199	1
3801227	1
3801249	1
3801251	1
3801268	1
3801284	1
3801346	1
3801363	1
3801510	1
3801944	1
3801975	1
3802076	1
3802080	1
3802140	1
3802162	1
3802219	1
3802254	1
3802302	1
3802327	1
3802349	1
3802351	1
3802368	1
3802384	1
3802687	1
3802691	1
3802700	1
3802726	1
3802744	1
3802758	1
3802761	1
3802789	1
3802793	1
3802809	1
3802874	1
3802912	1
3803047	1
3803110	1
3803172	1
3803205	2
3803229	1
3803237	1
3803253	1
3803445	1
3803589	1
3803618	1
3803657	1
3803679	1
3803708	1
3803802	1
3803827	1
3803830	1
3803946	1
3803981	1
3804032	1
3804044	1
3804149	2
3804173	1
3804308	1
3804339	1
3804343	1
3804350	1
3804394	1
3804437	1
3804441	1
3804470	1
3804533	1
3804559	1
3804588	1
3804607	1
3804654	1
3804711	1
3804742	1
3804918	1
3804940	1
3804957	1
3805042	1
3805056	1
3805074	1
3805226	1
3805258	1
3805275	1
3805306	1
3805388	1
3805392	1
3805462	1
3805512	1
3805537	1
3805564	1
3805755	1
3805791	1
3805835	1
3805927	1
3805930	1
3805984	1
3805995	1
3806072	1
3806106	1
3806451	1
3806562	1
3806596	1
3806689	1
3806719	1
3806778	1
3806845	1
3806939	1
3806982	2
3807070	1
3807135	1
3807218	1
3807285	1
3807355	1
3807369	1
3807475	1
3807511	1
3807597	1
3807630	1
3807695	1
3807815	1
3807839	1
3807882	1
3807928	1
3807952	1
3808090	1
3808112	1
3808164	1
3808269	1
3808318	1
3808323	1
3808357	2
3808408	1
3808421	1
3808494	1
3808549	1
3808573	1
3808776	1
3808826	2
3808861	1
3809050	1
3809066	1
3809094	1
3809125	2
3809233	1
3809317	1
3809332	1
3809358	1
3809361	1
3809393	1
3809481	1
3809545	1
3809612	1
3809727	1
3809784	1
3809795	1
3809823	1
3809896	1
3809903	1
3809948	1
3810012	1
3810029	1
3810041	1
3810135	1
3810324	1
3810493	1
3810511	1
3810538	1
3810542	1
3810574	1
3810630	1
3810649	1
3810720	1
3810733	1
3810759	1
3810771	1
3810843	1
3810934	1
3811047	1
3811148	1
3811187	1
3811205	1
3811264	1
3811286	1
3811434	1
3811476	1
3811480	1
3811499	1
3811618	1
3811623	1
3811919	1
3811954	1
3811963	1
3811978	2
3812048	1
3812106	1
3812188	1
3812242	1
3812274	1
3812305	1
3812341	1
3812402	1
3812427	1
3812531	1
3812540	1
3812693	1
3812719	1
3812778	1
3813126	1
3813132	1
3813189	1
3813243	1
3813250	1
3813367	1
3813519	1
3813535	1
3813554	1
3813779	1
3813829	1
3814090	1
3814129	1
3814198	1
3814203	1
3814210	1
3814340	1
3814357	1
3814362	1
3814415	1
3814477	1
3814482	1
3814573	1
3814584	1
3814638	1
3814713	1
3814800	1
3814817	1
3814893	1
3814988	1
3815123	1
3815140	1
3815157	1
3815316	1
3815406	1
3815492	1
3815521	1
3815603	1
3815610	1
3815648	1
3815691	1
3815726	1
3815761	1
3815825	1
3815860	1
3815912	1
3815986	1
3816058	1
3816075	1
3816116	1
3816252	1
3816299	1
3816321	1
3816350	1
3816366	1
3816377	1
3816394	1
3816437	1
3816533	1
3816547	1
3816607	1
3816622	1
3816681	1
3816760	1
3816810	1
3816824	1
3816869	1
3816872	1
3816985	1
3817094	2
3817109	1
3817292	1
3817317	1
3817358	1
3817393	1
3817446	1
3817463	1
3817478	1
3817545	1
3817637	1
3817730	1
3817751	1
3817879	1
3818009	2
3818083	1
3818139	1
3818143	1
3818166	1
3818232	1
3818320	1
3818359	1
3818388	1
3818553	1
3818613	1
3818634	1
3818703	1
3818916	1
3819004	1
3819018	1
3819031	1
3819101	1
3819113	1
3819134	1
3819268	1
3819295	1
3819456	1
3819460	1
3819569	1
3819591	1
3819608	1
3819729	1
3819820	1
3819859	1
3819917	1
3819926	1
3819993	1
3820137	1
3820198	1
3820415	1
3820494	1
3820573	1
3820584	1
3820595	1
3820625	1
3820861	1
3820947	1
3820988	1
3821001	1
3821028	1
3821067	1
3821157	1
3821185	1
3821278	1
3821302	1
3821395	1
3821471	1
3821566	1
3821577	1
3821825	1
3821860	1
3821897	1
3821986	1
3822062	1
3822128	1
3822134	1
3822145	1
3822227	1
3822390	1
3822474	1
3822483	1
3822608	2
3822621	1
3822694	1
3822786	1
3822806	1
3822975	1
3823060	1
3823108	1
3823143	1
3823232	1
3823359	1
3823423	1
3823564	1
3823601	1
3823634	1
3823724	1
3823807	1
3823846	1
3823854	1
3823890	1
3823902	1
3823916	1
3824012	1
3824086	1
3824119	1
3824163	1
3824190	1
3824223	1
3824336	1
3824355	1
3824369	1
3824461	1
3824560	1
3824602	1
3824630	1
3824821	1
3824877	1
3824928	1
3825092	1
3825155	1
3825241	1
3825264	1
3825342	1
3825383	1
3825401	1
3825428	1
3825434	1
3825476	1
3825499	1
3825526	1
3825532	1
3825544	1
3825589	1
3825640	1
3825685	1
3825830	1
3825895	1
3825907	1
3825919	1
3825981	1
3826156	1
3826288	1
3826358	1
3826567	1
3826641	1
3826698	1
3826702	1
3826749	1
3827058	1
3827061	1
3827089	1
3827102	1
3827234	1
3827252	1
3827276	1
3827308	1
3827366	1
3827377	1
3827547	1
3827635	2
3827663	1
3827681	1
3827783	1
3827810	1
3827836	1
3827872	1
3827891	1
3827931	1
3828068	1
3828215	1
3828403	1
3828448	1
3828522	1
3828546	1
3828554	1
3828647	1
3828671	1
3828740	1
3828805	1
3828841	1
3828983	1
3829010	1
3829024	1
3829133	1
3829159	1
3829188	1
3829192	1
3829329	1
3829337	1
3829370	1
3829398	1
3829402	1
3829531	1
3829540	1
3829626	1
3829644	1
3829693	1
3829754	1
3829781	1
3829801	1
3829845	1
3829880	1
3829899	1
3829939	1
3829994	1
3830139	1
3830177	1
3830261	1
3830289	1
3830293	1
3830392	1
3830529	1
3830598	1
3830628	1
3830634	1
3830676	1
3830680	1
3830769	1
3830878	1
3830927	1
3830995	2
3831010	1
3831072	1
3831087	1
3831091	1
3831114	1
3831427	1
3831449	1
3831451	1
3831468	1
3831523	1
3831735	1
3831801	1
3831845	1
3831867	1
3832092	1
3832136	1
3832169	1
3832187	1
3832191	1
3832311	1
3832401	1
3832532	1
3832618	1
3832715	1
3832750	1
3832873	1
3833052	1
3833123	1
3833157	1
3833263	1
3833327	1
3833330	1
3833373	1
3833406	1
3833433	1
3833447	1
3833492	1
3833508	1
3833539	1
3833648	1
3833655	1
3833811	1
3833838	1
3833860	1
3833874	1
3833912	1
3833970	1
3834214	1
3834247	1
3834265	1
3834271	1
3834446	1
3834478	1
3834490	1
3834501	1
3834580	1
3834605	1
3834612	1
3834641	1
3834670	1
3834730	1
3834751	1
3834784	1
3834831	1
3834857	1
3835030	1
3835073	1
3835095	1
3835126	1
3835132	1
3835161	1
3835175	1
3835250	1
3835277	1
3835334	1
3835403	1
3835436	1
3835507	1
3835535	1
3835633	1
3835671	1
3835688	1
3835692	1
3836023	1
3836031	1
3836079	1
3836152	1
3836230	1
3836438	1
3836442	1
3836639	1
3836666	1
3836682	1
3836712	1
3836741	1
3836798	1
3836806	2
3836888	1
3836900	1
3836989	1
3837112	1
3837129	1
3837153	1
3837164	1
3837291	1
3837304	1
3837323	1
3837340	1
3837357	1
3837379	1
3837443	1
3837642	1
3837656	1
3837674	1
3837745	1
3837776	1
3837858	1
3837920	1
3837933	1
3837947	1
3837959	1
3837971	1
3838037	1
3838086	1
3838098	1
3838146	1
3838223	1
3838355	1
3838432	1
3838458	1
3838509	1
3838525	1
3838556	1
3838574	1
3838583	1
3838649	2
3838714	1
3838747	1
3838771	1
3838808	1
3838839	1
3838882	1
3838952	1
3838999	1
3839026	1
3839075	1
3839280	1
3839308	1
3839377	1
3839382	1
3839405	1
3839533	1
3839547	1
3839565	1
3839622	1
3839654	1
3839725	1
3839824	1
3839855	1
3839904	1
3840020	1
3840253	1
3840264	1
3840445	1
3840480	1
3840561	1
3840685	1
3840830	1
3840895	1
3841015	1
3841043	1
3841094	1
3841109	1
3841142	1
3841156	1
3841160	1
3841174	1
3841233	1
3841358	1
3841419	1
3841435	1
3841446	1
3841454	1
3841534	1
3841545	1
3841552	1
3841580	1
3841629	1
3841751	1
3841784	1
3841857	1
3841879	1
3841991	1
3842025	1
3842060	1
3842143	1
3842182	1
3842194	1
3842200	1
3842217	1
3842333	1
3842371	1
3842388	1
3842392	1
3842423	1
3842553	1
3842586	1
3842645	1
3842680	1
3842710	1
3842819	1
3842835	1
3842854	1
3842863	1
3842930	1
3842951	1
3843018	1
3843023	1
3843031	1
3843335	1
3843460	1
3843569	1
3843591	1
3843677	1
3843712	1
3843770	1
3843786	1
3843865	1
3843917	1
3844055	1
3844147	1
3844626	1
3844735	1
3844781	1
3844790	1
3844852	1
3844899	1
3844943	1
3844977	1
3845007	1
3845078	1
3845210	1
3845236	1
3845291	1
3845385	1
3845477	1
3845516	1
3845527	1
3845609	1
3845611	1
3845625	1
3845642	1
3845660	1
3845683	1
3845745	1
3845844	1
3845920	1
3845933	1
3845965	1
3845971	1
3845988	1
3846140	1
3846157	1
3846179	1
3846254	1
3846263	1
3846281	1
3846492	1
3846508	1
3846624	1
3846648	1
3846758	1
3846809	1
3846897	1
3846905	1
3846953	1
3846970	1
3847049	1
3847084	1
3847095	1
3847117	1
3847132	1
3847221	1
3847313	1
3847399	1
3847455	1
3847519	1
3847563	1
3847606	1
3847692	1
3847757	1
3847762	1
3847938	1
3847997	1
3848044	1
3848089	1
3848116	1
3848213	1
3848234	1
3848276	1
3848350	1
3848382	1
3848394	1
3848412	1
3848498	1
3848506	1
3848520	1
3848619	1
3848622	1
3848663	1
3848742	1
3848774	1
3848783	1
3848797	1
3848803	1
3848810	1
3848872	1
3849135	1
3849163	1
3849231	1
3849336	1
3849387	1
3849426	1
3849597	1
3849630	1
3849706	1
3849765	1
3849839	1
3849945	1
3849967	1
3849976	1
3850004	1
3850023	1
3850128	1
3850249	1
3850319	1
3850354	1
3850536	1
3850569	1
3850705	1
3850712	1
3850770	1
3850786	1
3850814	1
3850892	1
3850926	1
3850958	1
3850961	1
3850975	1
3851012	1
3851041	1
3851053	1
3851070	1
3851107	1
3851204	1
3851348	1
3851355	1
3851372	1
3851391	1
3851426	1
3851444	1
3851597	1
3851627	1
3851673	1
3851684	1
3851714	1
3851733	1
3851765	1
3851788	1
3851839	1
3851877	1
3851928	1
3851945	1
3851952	1
3852035	1
3852105	1
3852129	1
3852137	1
3852170	2
3852198	1
3852236	1
3852269	1
3852272	1
3852304	1
3852340	1
3852385	1
3852396	1
3852421	1
3852439	1
3852494	1
3852549	1
3852595	1
3852625	1
3852642	1
3852660	1
3852683	1
3852767	1
3852799	1
3852889	1
3852920	1
3852947	1
3853043	1
3853066	1
3853082	1
3853142	1
3853206	1
3853214	2
3853220	1
3853259	1
3853265	1
3853629	1
3853686	1
3853698	1
3853716	1
3853831	1
3853903	1
3853991	1
3854131	1
3854196	1
3854254	1
3854368	1
3854539	1
3854717	1
3854726	1
3854761	1
3854809	1
3854811	1
3854825	1
3854874	1
3854897	1
3854998	1
3855201	1
3855228	1
3855276	1
3855453	1
3855565	1
3855571	1
3855592	1
3855681	1
3855709	1
3855725	1
3855760	1
3855824	1
3855855	1
3855869	1
3855923	1
3855979	1
3856009	1
3856074	1
3856177	1
3856244	1
3856289	1
3856306	1
3856314	1
3856320	1
3856404	1
3856423	1
3856457	1
3856479	1
3856485	1
3856667	1
3856724	1
3856878	1
3856881	1
3856930	1
3856968	1
3856995	1
3857006	1
3857014	1
3857033	1
3857065	1
3857071	1
3857155	1
3857241	1
3857325	1
3857500	1
3857589	1
3857657	1
3857708	1
3857715	1
3857794	1
3857802	1
3857922	1
3857935	1
3857946	1
3858024	1
3858087	1
3858091	1
3858159	1
3858225	1
3858238	1
3858256	1
3858337	1
3858398	1
3858468	1
3858523	1
3858585	1
3858661	1
3858689	1
3858778	1
3858790	1
3858813	1
3858834	1
3858845	1
3858943	1
3858994	1
3859016	1
3859068	1
3859132	1
3859189	1
3859243	1
3859250	1
3859266	1
3859313	1
3859367	1
3859424	1
3859436	1
3859522	1
3859535	1
3859581	1
3859614	1
3859692	2
3859757	1
3859796	1
3859911	1
3859983	1
3859997	1
3860015	1
3860039	1
3860066	1
3860082	1
3860094	1
3860197	1
3860220	1
3860247	1
3860265	1
3860332	1
3860419	1
3860446	1
3860454	1
3860463	1
3860698	1
3860784	1
3860840	1
3860862	1
3860955	1
3861051	1
3861068	1
3861158	1
3861161	1
3861175	1
3861193	1
3861208	1
3861221	1
3861239	1
3861266	1
3861376	1
3861410	1
3861455	1
3861507	1
3861554	1
3861590	1
3861620	1
3861647	1
3861723	1
3861740	1
3861841	1
3861909	1
3861911	2
3861942	1
3862000	1
3862017	1
3862032	1
3862044	1
3862127	1
3862245	1
3862308	1
3862405	1
3862429	1
3862559	1
3862619	1
3862725	1
3862797	1
3862904	1
3862940	1
3863012	1
3863190	1
3863369	1
3863417	1
3863616	1
3863788	1
3863792	1
3863815	1
3863839	1
3863850	1
3864011	1
3864060	1
3864083	1
3864097	1
3864217	1
3864232	1
3864388	2
3864404	1
3864553	1
3864586	1
3864628	1
3864699	1
3864769	1
3864863	1
3864890	1
3864949	1
3865036	1
3865238	1
3865260	1
3865283	1
3865297	1
3865305	1
3865364	1
3865473	1
3865540	1
3865600	1
3865617	1
3865661	1
3865693	1
3865746	1
3865790	1
3865899	1
3865921	1
3865939	1
3866046	2
3866081	1
3866224	1
3866318	1
3866331	1
3866340	1
3866396	1
3866450	1
3866551	1
3866638	1
3866642	1
3866660	1
3866817	1
3866826	1
3866992	1
3867230	1
3867268	1
3867307	1
3867390	1
3867456	1
3867524	1
3867548	1
3867729	1
3867737	1
3867741	1
3867806	1
3867820	1
3867847	1
3867871	1
3867917	1
3868028	1
3868052	1
3868076	1
3868104	1
3868263	1
3868278	1
3868316	1
3868349	1
3868406	1
3868447	2
3868488	1
3868515	1
3868550	1
3868594	1
3868717	1
3868761	1
3868793	1
3868970	1
3868986	1
3869071	1
3869136	1
3869148	1
3869191	1
3869205	1
3869253	1
3869270	1
3869401	1
3869445	1
3869476	1
3869480	1
3869561	1
3869593	1
3869623	1
3869640	1
3869715	1
3869827	1
3870013	1
3870045	1
3870099	1
3870104	1
3870207	1
3870281	1
3870327	1
3870368	1
3870433	1
3870447	1
3870603	1
3870610	1
3870669	1
3870758	1
3870811	1
3870874	1
3870937	1
3871000	1
3871017	1
3871044	1
3871061	1
3871075	1
3871093	1
3871130	1
3871151	1
3871173	1
3871195	1
3871252	1
3871339	1
3871437	1
3871486	1
3871559	1
3871571	1
3871607	1
3871783	1
3871848	1
3871931	1
3871940	1
3872002	1
3872117	1
3872158	1
3872282	1
3872334	1
3872352	1
3872436	1
3872455	1
3872469	1
3872487	1
3872507	1
3872578	1
3872620	1
3872671	1
3872692	1
3872723	1
3872762	1
3872829	1
3872837	1
3872898	1
3872925	1
3872942	1
3872956	1
3872974	1
3873069	1
3873087	1
3873260	1
3873312	1
3873416	1
3873596	1
3873617	1
3873644	1
3873661	1
3873778	1
3873790	1
3873813	1
3873899	1
3873908	1
3873915	1
3873921	1
3873977	1
3874004	1
3874023	1
3874096	1
3874176	1
3874202	1
3874268	1
3874284	1
3874319	1
3874378	1
3874390	1
3874411	1
3874460	1
3874591	1
3874650	1
3874741	1
3874753	1
3874820	1
3874847	1
3874871	1
3874900	1
3874917	1
3874993	1
3875037	1
3875086	1
3875122	1
3875146	1
3875231	1
3875279	1
3875303	1
3875461	1
3875493	1
3875560	1
3875627	1
3875714	1
3875720	1
3875747	1
3875877	1
3876033	1
3876092	1
3876253	1
3876342	1
3876428	1
3876445	1
3876467	1
3876589	1
3876593	1
3876604	1
3876662	1
3876685	1
3876715	1
3876721	1
3876739	1
3876750	1
3876827	1
3876830	1
3876895	1
3876946	1
3876990	1
3877011	1
3877042	1
3877074	1
3877166	1
3877177	1
3877226	1
3877232	1
3877261	1
3877457	1
3877570	1
3877613	1
3877645	1
3877667	1
3877680	1
3877769	1
3877927	1
3877995	1
3878094	1
3878317	1
3878326	1
3878344	1
3878422	1
3878478	1
3878513	1
3878599	1
3878605	1
3878686	1
3878795	1
3878804	1
3878903	1
3879054	1
3879081	1
3879105	1
3879112	1
3879153	1
3879236	1
3879287	1
3879331	1
3879362	1
3879450	1
3879477	1
3879549	1
3879595	1
3879728	1
3879767	1
3879826	1
3879844	1
3879893	1
3879906	1
3879947	1
3879959	1
3879971	1
3880106	2
3880147	1
3880192	1
3880211	1
3880242	1
3880386	1
3880398	1
3880495	1
3880562	1
3880644	1
3880689	1
3880693	1
3880778	1
3880828	1
3880880	2
3880899	1
3880982	1
3881046	1
3881063	1
3881502	1
3881527	1
3881530	1
3881568	1
3881625	1
3881638	1
3881734	1
3881745	1
3881800	1
3881920	1
3882163	1
3882231	1
3882279	1
3882303	1
3882324	1
3882336	1
3882387	1
3882509	1
3882511	1
3882525	1
3882574	1
3882815	1
3882850	1
3882877	1
3882894	1
3882980	1
3883017	1
3883061	1
3883093	1
3883116	1
3883151	1
3883168	1
3883234	1
3883437	1
3883453	1
3883470	1
3883486	1
3883547	1
3883646	1
3883654	1
3883663	1
3883681	1
3883709	1
3883760	1
3883774	1
3883783	1
3883803	1
3883836	1
3883891	1
3883940	1
3884020	1
3884047	1
3884110	2
3884148	1
3884205	2
3884356	1
3884452	1
3884802	1
3884830	1
3884851	1
3884873	1
3884895	1
3884963	1
3885043	1
3885050	1
3885082	1
3885138	1
3885174	1
3885183	1
3885206	1
3885358	1
3885422	1
3885513	1
3885528	1
3885727	1
3885773	1
3885857	1
3885903	1
3885924	1
3885936	1
3885972	1
3885991	1
3886126	1
3886294	1
3886301	1
3886491	1
3886578	1
3886853	1
3886942	1
3886997	1
3887034	1
3887052	1
3887080	1
3887123	1
3887179	1
3887222	1
3887246	1
3887254	1
3887349	1
3887384	1
3887459	1
3887508	1
3887577	1
3887624	1
3887669	1
3887691	1
3887700	1
3887761	1
3887842	1
3887905	1
3888004	1
3888040	1
3888057	1
3888085	1
3888101	1
3888145	1
3888199	1
3888307	1
3888319	1
3888354	1
3888381	1
3888524	1
3888555	1
3888591	1
3888666	1
3888677	1
3888737	1
3888833	1
3888865	1
3888993	1
3889074	1
3889289	1
3889320	1
3889505	1
3889529	1
3889570	1
3889601	1
3889628	1
3889710	1
3889755	1
3889863	1
3889878	1
3889927	1
3889930	1
3889968	1
3890032	1
3890195	1
3890201	1
3890267	1
3890343	1
3890377	1
3890506	1
3890533	1
3890565	1
3890678	1
3890709	2
3890742	1
3890760	1
3890810	1
3890855	1
3890940	1
3890985	1
3891025	1
3891056	1
3891177	1
3891182	1
3891244	1
3891258	1
3891289	1
3891404	1
3891431	1
3891457	1
3891505	1
3891529	1
3891601	1
3891680	1
3891703	1
3891748	2
3891755	1
3891791	1
3891902	1
3891951	1
3891995	1
3892008	1
3892015	1
3892021	1
3892125	1
3892197	1
3892259	1
3892326	1
3892358	1
3892419	2
3892605	1
3892818	1
3892831	1
3892885	1
3892896	1
3892903	1
3892910	1
3892936	1
3893019	1
3893022	1
3893046	1
3893078	1
3893137	1
3893164	1
3893379	1
3893396	1
3893415	1
3893482	1
3893502	1
3893638	1
3893660	1
3893701	1
3893752	1
3893858	1
3893914	1
3893992	1
3894084	1
3894126	2
3894158	1
3894161	1
3894175	1
3894189	1
3894221	1
3894277	1
3894399	1
3894403	1
3894424	1
3894469	1
3894491	2
3894519	1
3894554	1
3894671	1
3894779	1
3894837	1
3894870	1
3894909	1
3894911	1
3894942	1
3894960	1
3895062	2
3895079	1
3895134	1
3895216	1
3895227	1
3895381	1
3895438	1
3895442	1
3895460	2
3895474	1
3895497	1
3895503	1
3895536	1
3895555	1
3895650	1
3895666	1
3895694	1
3895729	1
3895786	1
3895806	1
3895888	1
3895900	2
3896012	1
3896178	1
3896181	1
3896336	1
3896348	1
3896556	1
3896560	1
3896616	1
3896630	1
3896714	1
3896747	1
3896759	1
3896765	1
3896815	1
3896866	1
3896980	1
3897024	2
3897055	1
3897211	1
3897283	1
3897297	1
3897353	1
3897451	1
3897468	1
3897579	1
3897617	1
3897626	1
3897632	1
3897644	1
3897707	1
3897763	1
3897781	1
3897867	1
3898047	1
3898065	1
3898374	1
3898401	1
3898480	1
3898517	1
3898575	1
3898708	1
3898721	1
3898868	1
3898907	1
3899104	1
3899118	1
3899123	1
3899140	1
3899179	1
3899278	1
3899290	1
3899349	1
3899414	1
3899459	1
3899492	1
3899508	1
3899543	1
3899550	1
3899672	1
3899691	1
3899717	1
3899744	1
3899761	1
3899775	1
3899897	1
3899912	2
3900019	1
3900078	1
3900090	1
3900112	1
3900141	1
3900164	1
3900379	1
3900408	1
3900439	1
3900450	1
3900482	1
3900502	1
3900530	1
3900584	1
3900595	1
3900674	1
3900713	1
3900752	1
3900776	1
3900920	1
3900971	1
3901001	1
3901045	1
3901067	1
3901140	1
3901281	1
3901316	1
3901327	1
3901373	1
3901488	1
3901550	1
3901732	1
3901758	1
3901761	1
3901793	1
3901825	1
3901883	1
3901953	1
3901964	2
3902145	1
3902167	1
3902176	1
3902202	1
3902411	1
3902548	1
3902729	1
3902737	1
3902770	1
3902806	1
3902820	1
3902833	1
3902958	1
3902975	1
3902989	1
3903166	1
3903258	1
3903275	1
3903365	1
3903505	1
3903553	1
3903570	1
3903634	1
3903645	1
3903724	1
3903748	1
3903819	1
3903902	1
3903916	1
3903951	1
3904107	1
3904119	1
3904154	1
3904218	1
3904279	1
3904369	1
3904391	1
3904417	1
3904458	1
3904542	1
3904630	1
3904673	1
3904815	1
3904945	1
3904999	1
3905059	1
3905088	1
3905136	1
3905172	1
3905241	1
3905264	2
3905270	1
3905286	1
3905383	1
3905452	1
3905467	1
3905526	1
3905532	1
3905618	1
3905696	1
3905830	1
3905919	1
3905990	1
3906111	1
3906317	1
3906419	1
3906454	1
3906463	1
3906501	1
3906513	1
3906664	1
3906749	1
3906751	1
3906831	1
3906840	1
3906885	1
3907017	1
3907102	1
3907130	1
3907234	1
3907245	1
3907276	1
3907280	1
3907343	1
3907429	1
3907520	1
3907571	1
3907619	1
3907654	1
3907690	1
3907797	1
3907803	1
3907810	1
3907887	1
3907891	1
3907979	1
3908002	1
3908049	1
3908117	1
3908277	1
3908313	1
3908367	1
3908403	1
3908469	1
3908507	1
3908620	1
3908704	1
3908740	1
3908762	1
3908960	1
3909010	1
3909091	1
3909209	1
3909238	1
3909242	1
3909274	1
3909473	1
3909754	1
3909778	1
3909801	1
3909813	1
3909939	1
3909950	1
3910061	1
3910075	1
3910149	1
3910184	1
3910245	1
3910308	1
3910343	1
3910437	1
3910441	1
3910533	1
3910571	1
3910619	1
3910646	1
3910774	1
3910797	1
3910810	1
3910855	1
3910869	1
3910872	1
3910918	1
3911060	1
3911150	1
3911258	1
3911275	1
3911289	1
3911293	1
3911404	1
3911418	1
3911634	1
3911652	1
3911676	1
3911703	1
3911710	1
3911791	1
3911863	1
3911890	1
3911930	1
3911984	1
3912077	1
3912206	1
3912214	1
3912317	1
3912375	1
3912422	1
3912435	1
3912463	1
3912501	1
3912545	1
3912576	1
3912664	1
3912768	1
3912795	1
3912823	1
3912885	1
3912991	1
3913054	1
3913304	1
3913340	1
3913494	1
3913584	1
3913611	1
3913697	1
3913752	1
3913780	1
3913832	1
3913893	1
3913965	1
3914016	1
3914068	1
3914132	1
3914193	1
3914266	1
3914345	1
3914376	1
3914507	1
3914522	1
3914563	1
3914578	1
3914740	1
3914757	1
3914779	1
3914864	1
3914898	1
3914911	1
3914942	1
3915023	1
3915057	1
3915085	1
3915096	1
3915145	1
3915176	1
3915199	1
3915249	1
3915251	1
3915273	1
3915409	1
3915442	1
3915474	1
3915497	1
3915591	1
3915608	1
3915737	1
3915764	1
3915814	1
3915900	1
3915932	1
3915961	1
3916086	1
3916122	1
3916190	1
3916279	1
3916372	1
3916391	1
3916489	1
3916511	2
3916542	1
3916597	1
3916720	1
3916815	1
3916866	1
3917003	1
3917120	1
3917171	1
3917523	1
3917531	1
3917596	1
3917600	1
3917790	1
3917828	1
3917852	1
3918033	1
3918047	1
3918172	2
3918187	1
3918241	1
3918383	1
3918397	1
3918401	1
3918445	1
3918499	2
3918561	1
3918685	1
3918739	1
3918802	1
3918873	1
3918895	1
3918919	1
3918922	1
3918935	1
3919001	1
3919013	1
3919067	1
3919162	1
3919219	1
3919222	1
3919246	1
3919263	1
3919278	1
3919395	1
3919471	1
3919508	1
3919610	1
3919624	2
3919648	1
3919669	1
3919700	1
3919761	1
3919856	1
3919874	1
3919897	1
3919970	1
3920016	1
3920027	1
3920161	1
3920243	1
3920277	1
3920282	1
3920448	1
3920507	1
3920522	1
3920535	1
3920620	1
3920688	1
3920785	1
3920898	1
3920997	1
3921031	1
3921062	1
3921096	1
3921128	1
3921167	1
3921199	1
3921227	1
3921273	1
3921378	1
3921390	1
3921425	1
3921524	1
3921569	1
3921572	1
3921615	1
3921639	1
3921643	1
3921694	1
3921737	1
3921753	1
3921798	1
3921859	1
3921888	1
3921900	1
3922001	1
3922045	1
3922076	1
3922263	1
3922327	2
3922330	1
3922368	1
3922395	1
3922459	1
3922669	1
3922691	1
3922732	1
3922775	1
3922825	1
3922874	1
3922937	1
3922970	1
3923014	1
3923033	1
3923059	1
3923071	1
3923092	1
3923124	1
3923229	1
3923237	1
3923270	1
3923342	1
3923374	1
3923499	1
3923623	1
3923679	1
3923849	1
3923963	1
3924058	1
3924102	1
3924149	1
3924276	1
3924486	1
3924514	1
3924592	1
3924678	2
3924783	1
3924797	1
3924855	1
3924891	1
3924918	1
3924923	1
3924979	1
3925060	1
3925182	1
3925217	1
3925226	1
3925232	1
3925258	2
3925289	1
3925371	1
3925479	1
3925485	1
3925529	1
3925570	1
3925586	1
3925645	2
3925710	1
3925769	1
3925902	1
3925949	1
3926010	1
3926048	1
3926114	1
3926165	1
3926171	1
3926260	1
3926341	1
3926504	1
3926518	1
3926562	1
3926617	1
3926644	1
3926658	1
3926778	1
3926899	1
3926982	1
3927119	1
3927163	1
3927190	1
3927204	1
3927218	1
3927223	1
3927391	1
3927432	1
3927695	1
3927759	1
3927765	1
3928007	1
3928063	1
3928078	1
3928137	1
3928203	1
3928224	1
3928269	1
3928272	1
3928304	1
3928357	1
3928415	1
3928494	1
3928549	1
3928595	1
3928609	1
3928660	1
3928728	1
3928799	1
3928826	1
3928914	1
3928959	1
3928965	1
3929008	1
3929082	1
3929197	1
3929214	1
3929247	1
3929265	1
3929288	1
3929407	1
3929481	1
3929513	1
3929528	1
3929545	1
3929576	1
3929605	1
3929686	1
3929879	1
3929972	1
3930020	1
3930033	1
3930136	1
3930148	1
3930155	1
3930311	1
3930338	1
3930342	1
3930445	1
3930499	1
3930526	1
3930558	1
3930657	1
3930679	1
3930777	1
3930830	1
3930851	1
3930919	1
3930946	1
3930954	1
3930990	1
3931077	1
3931094	1
3931111	1
3931160	1
3931265	1
3931288	1
3931361	1
3931407	2
3931446	1
3931481	1
3931730	1
3931784	1
3931795	1
3931840	1
3931862	1
3931910	1
3931924	1
3931955	1
3932009	1
3932025	1
3932074	1
3932097	1
3932115	1
3932139	1
3932166	1
3932232	1
3932261	1
3932275	1
3932289	1
3932392	1
3932418	1
3932440	1
3932505	1
3932537	1
3932564	1
3932601	1
3932676	1
3933096	1
3933101	1
3933134	1
3933152	2
3933180	1
3933249	1
3933591	1
3933682	1
3933705	1
3933764	1
3933871	1
3933917	1
3933975	1
3934024	1
3934048	1
3934055	1
3934072	1
3934159	1
3934165	1
3934171	1
3934209	1
3934211	1
3934364	1
3934430	1
3934473	1
3934518	1
3934562	1
3934600	1
3934626	1
3934661	1
3934689	1
3934719	1
3934735	1
3934828	1
3934939	1
3934982	1
3935063	1
3935137	1
3935210	1
3935224	1
3935331	1
3935421	1
3935439	1
3935443	1
3935450	1
3935595	1
3935683	1
3935701	1
3935713	1
3935745	1
3935826	1
3935861	1
3935875	1
3935933	1
3935947	1
3935971	1
3935988	1
3936099	1
3936185	1
3936196	1
3936219	1
3936263	1
3936281	1
3936316	1
3936327	1
3936351	1
3936433	1
3936508	1
3936582	1
3936603	1
3936672	1
3936717	1
3936732	1
3936761	1
3936789	1
3936874	1
3936905	1
3936912	1
3936929	1
3936941	1
3936964	1
3936970	1
3937049	1
3937051	1
3937221	1
3937277	1
3937282	1
3937301	2
3937455	1
3937472	1
3937633	1
3937647	1
3937723	1
3937731	1
3937740	1
3937785	1
3937864	1
3937870	1
3937911	1
3937925	1
3937956	1
3937974	1
3938061	1
3938184	1
3938195	1
3938267	1
3938366	1
3938377	1
3938382	1
3938394	1
3938412	1
3938681	1
3938711	1
3938725	1
3938774	1
3938855	1
3938869	1
3938918	1
3938940	1
3938979	1
3939041	1
3939053	1
3939218	1
3939257	1
3939296	1
3939303	1
3939391	1
3939574	1
3939649	1
3939714	1
3939720	2
3939839	1
3939945	1
3939952	1
3939967	1
3939976	1
3939999	1
3940108	1
3940121	1
3940166	1
3940182	1
3940232	2
3940275	1
3940314	1
3940505	1
3940512	1
3940570	1
3940652	1
3940680	1
3940724	1
3940755	1
3940822	1
3940863	1
3940881	1
3940949	1
3941036	1
3941087	1
3941159	1
3941211	1
3941242	1
3941256	1
3941297	1
3941305	1
3941337	1
3941341	1
3941370	1
3941473	1
3941504	1
3941518	1
3941579	1
3941585	1
3941600	1
3941661	1
3941675	1
3941719	1
3941801	1
3941908	1
3941950	1
3942187	1
3942191	1
3942212	1
3942237	1
3942264	1
3942270	2
3942356	1
3942428	1
3942526	1
3942618	1
3942623	1
3942640	1
3942743	1
3942766	1
3942802	1
3942849	1
3942981	1
3943080	1
3943123	1
3943140	1
3943290	1
3943327	1
3943330	1
3943395	1
3943550	1
3943566	1
3943624	1
3943648	1
3943726	1
3943732	1
3943793	1
3943825	1
3943842	1
3943874	1
3943937	1
3944138	1
3944142	1
3944156	1
3944271	1
3944292	1
3944326	1
3944361	1
3944422	1
3944463	1
3944481	1
3944528	1
3944552	1
3944629	1
3944641	1
3944653	1
3944831	1
3944896	1
3944936	1
3944948	1
3945051	1
3945175	1
3945282	1
3945313	1
3945352	1
3945455	1
3945507	1
3945546	1
3945620	1
3945633	1
3945647	1
3945665	1
3945779	1
3945785	1
3945805	1
3945841	1
3945853	1
3945864	1
3945886	1
3945956	1
3945960	1
3946101	1
3946128	1
3946134	1
3946230	1
3946251	1
3946322	1
3946346	1
3946572	1
3946615	1
3946729	1
3946753	1
3946820	1
3946847	1
3946961	1
3947019	1
3947035	1
3947081	1
3947090	1
3947170	1
3947198	1
3947236	1
3947287	1
3947439	1
3947494	1
3947527	1
3947573	1
3947595	2
3947609	1
3947611	1
3947697	1
3947767	1
3947776	1
3947799	1
3947875	1
3947959	1
3947965	1
3947971	1
3948029	1
3948037	1
3948053	1
3948122	1
3948163	1
3948190	1
3948204	1
3948231	1
3948296	1
3948324	1
3948387	1
3948489	1
3948511	1
3948556	1
3948627	1
3948651	1
3948788	1
3948792	1
3948866	1
3949000	2
3949026	1
3949032	1
3949075	1
3949234	1
3949276	2
3949308	1
3949464	1
3949506	1
3949514	1
3949533	1
3949565	1
3949646	1
3949756	1
3949869	1
3949887	1
3949918	1
3949996	1
3950076	1
3950131	1
3950222	1
3950235	1
3950395	2
3950420	1
3950447	1
3950465	1
3950471	1
3950624	1
3950648	1
3950700	1
3950758	1
3950793	1
3950905	1
3951026	1
3951127	1
3951130	1
3951195	1
3951234	1
3951267	1
3951280	1
3951343	2
3951437	1
3951498	1
3951520	1
3951646	1
3951738	1
3951797	1
3951869	1
3951923	1
3951985	1
3952084	1
3952158	1
3952266	1
3952294	1
3952301	1
3952345	1
3952399	1
3952424	1
3952448	1
3952554	1
3952563	1
3952633	1
3952740	1
3952785	1
3952796	1
3952829	1
3952898	1
3952909	1
3952997	1
3953024	1
3953048	1
3953114	1
3953211	1
3953430	1
3953540	1
3953661	1
3953675	1
3953689	1
3953719	1
3953735	1
3953778	1
3953950	1
3953982	1
3954004	1
3954031	1
3954079	1
3954202	1
3954284	1
3954319	1
3954363	1
3954390	1
3954442	1
3954503	1
3954548	1
3954677	1
3954729	1
3954786	1
3954833	1
3954958	1
3955107	1
3955122	1
3955135	1
3955262	1
3955303	1
3955372	1
3955444	1
3955509	1
3955556	2
3955602	1
3955651	1
3955720	1
3955747	1
3955765	1
3955808	1
3955901	1
3955928	1
3955976	1
3956020	1
3956059	1
3956103	1
3956169	2
3956187	1
3956205	1
3956241	1
3956253	1
3956270	1
3956298	1
3956311	1
3956374	1
3956428	1
3956434	1
3956517	1
3956544	1
3956604	1
3956631	1
3956657	1
3956849	1
3956873	1
3956919	1
3956963	1
3957009	1
3957056	1
3957143	1
3957182	1
3957194	1
3957275	1
3957306	1
3957365	1
3957392	1
3957496	1
3957505	1
3957512	1
3957570	1
3957601	1
3957645	1
3957680	1
3957699	1
3957854	1
3957863	1
3957878	1
3957902	1
3957995	1
3958082	1
3958094	1
3958174	1
3958292	1
3958358	1
3958422	1
3958528	1
3958545	1
3958580	1
3958637	1
3958768	1
3958823	2
3958910	1
3959153	1
3959210	1
3959287	1
3959331	1
3959357	1
3959443	1
3959450	1
3959638	1
3959745	1
3959800	1
3959817	1
3959844	2
3959875	1
3959933	1
3959971	1
3959988	1
3960036	1
3960192	1
3960242	1
3960473	1
3960585	1
3960596	1
3960693	1
3960746	1
3960754	1
3960813	2
3960845	1
3960939	1
3960966	1
3960994	1
3961019	1
3961063	1
3961090	1
3961112	1
3961129	1
3961137	1
3961153	1
3961170	1
3961415	1
3961584	1
3961656	1
3961776	1
3961780	1
3961800	1
3961844	1
3961933	1
3961965	1
3962012	1
3962029	1
3962178	1
3962223	1
3962369	1
3962372	1
3962432	1
3962444	1
3962542	1
3962583	1
3962602	1
3962616	1
3962649	1
3962668	1
3962821	1
3962843	1
3962901	1
3962945	1
3963195	1
3963252	1
3963276	1
3963405	1
3963437	1
3963441	1
3963514	1
3963565	1
3963622	1
3963646	1
3963690	1
3963742	1
3963774	1
3963797	2
3963836	1
3963985	1
3964047	1
3964065	1
3964136	1
3964325	1
3964342	1
3964356	1
3964360	1
3964428	1
3964452	1
3964467	1
3964500	1
3964558	1
3964679	1
3964739	1
3964830	1
3964919	2
3964935	1
3965082	1
3965197	1
3965292	1
3965358	1
3965375	1
3965389	1
3965478	1
3965481	1
3965534	1
3965545	1
3965716	2
3965727	1
3965751	1
3965795	1
3965885	1
3965903	1
3965969	1
3965987	1
3965991	1
3966030	1
3966144	1
3966189	1
3966367	1
3966424	1
3966472	1
3966535	1
3966606	1
3966762	1
3966812	1
3966870	1
3966956	1
3967034	1
3967131	2
3967162	1
3967281	1
3967316	1
3967330	1
3967521	1
3967550	1
3967610	1
3967672	1
3967700	1
3967732	1
3967758	1
3967838	1
3967897	1
3967905	1
3967912	1
3967970	1
3968040	1
3968128	1
3968145	1
3968216	1
3968230	1
3968268	1
3968284	1
3968295	1
3968363	1
3968442	1
3968615	1
3968621	1
3968677	1
3968712	1
3968753	1
3968764	1
3968806	1
3969009	1
3969042	1
3969056	1
3969108	1
3969143	1
3969177	1
3969226	1
3969261	1
3969392	1
3969564	1
3969570	1
3969586	1
3969598	1
3969634	1
3969645	1
3969748	1
3969787	1
3969881	1
3970096	1
3970180	1
3970202	1
3970249	1
3970425	1
3970474	1
3970483	1
3970503	1
3970524	1
3970591	1
3970621	1
3970677	1
3970737	1
3970798	1
3970820	1
3970932	1
3970958	1
3970989	1
3971005	1
3971012	1
3971098	1
3971178	1
3971240	1
3971324	1
3971369	1
3971417	1
3971461	1
3971489	1
3971493	1
3971542	1
3971684	2
3971706	1
3971839	1
3971934	1
3971976	1
3972019	1
3972022	2
3972203	1
3972318	1
3972477	1
3972573	1
3972584	1
3972625	1
3972638	1
3972752	1
3972776	2
3972832	1
3972959	1
3972988	1
3973008	1
3973039	1
3973066	1
3973077	1
3973082	1
3973109	1
3973247	1
3973288	1
3973292	1
3973446	1
3973454	1
3973641	1
3973664	1
3973698	1
3973727	1
3973730	1
3973768	1
3973823	1
3973857	1
3973903	1
3973910	1
3973991	1
3974045	1
3974099	1
3974104	1
3974123	1
3974157	1
3974278	1
3974290	1
3974302	1
3974447	1
3974465	1
3974471	1
3974508	1
3974521	1
3974550	1
3974594	1
3974610	1
3974811	1
3974897	1
3974941	1
3975000	1
3975032	1
3975093	1
3975201	1
3975267	1
3975377	1
3975382	1
3975453	1
3975486	1
3975506	1
3975571	1
3975742	1
3975760	1
3975836	1
3976056	1
3976097	1
3976115	1
3976166	1
3976182	1
3976333	2
3976359	1
3976365	1
3976440	1
3976479	1
3976537	1
3976570	1
3976598	1
3976613	1
3976676	1
3976710	1
3976769	1
3976863	1
3976890	1
3976951	1
3976973	1
3976984	1
3977047	1
3977059	1
3977148	1
3977172	1
3977191	1
3977286	1
3977325	1
3977374	1
3977401	1
3977413	1
3977428	1
3977500	1
3977544	1
3977708	1
3977750	1
3977766	1
3977922	1
3977981	1
3978106	1
3978238	1
3978398	1
3978416	1
3978518	1
3978523	1
3978531	2
3978600	1
3978644	2
3978675	1
3978746	1
3978790	1
3978801	1
3978845	1
3978852	1
3978915	1
3979117	1
3979126	1
3979277	1
3979367	1
3979455	1
3979606	1
3979647	1
3979779	1
3979796	1
3979942	1
3980082	1
3980174	1
3980206	1
3980214	1
3980233	1
3980288	1
3980326	1
3980375	1
3980407	1
3980419	1
3980446	1
3980463	2
3980534	1
3980567	1
3980580	1
3980612	1
3980686	1
3980727	1
3980795	1
3980831	1
3980903	1
3980936	1
3980948	1
3980969	1
3981100	1
3981208	1
3981266	1
3981282	1
3981563	2
3981614	1
3981633	1
3981853	1
3982017	1
3982026	1
3982044	2
3982151	1
3982213	1
3982412	1
3982437	1
3982453	1
3982486	1
3982514	1
3982533	1
3982559	1
3982619	1
3982663	1
3982725	1
3982760	1
3982803	1
3982855	1
3982872	1
3982887	1
3982891	1
3982940	1
3983064	1
3983070	1
3983107	1
3983122	1
3983163	1
3983240	1
3983324	1
3983387	1
3983458	1
3983630	1
3983759	1
3983788	1
3983843	1
3983877	1
3983967	1
3984009	1
3984166	1
3984200	1
3984217	1
3984365	1
3984388	1
3984423	1
3984440	1
3984586	1
3984598	1
3984601	1
3984710	1
3984772	1
3984791	1
3984807	1
3984822	1
3984854	1
3984949	1
3984968	1
3985003	1
3985055	1
3985159	1
3985211	1
3985225	1
3985238	1
3985256	1
3985364	1
3985416	1
3985449	1
3985451	1
3985557	1
3985585	1
3985596	1
3985834	1
3985921	1
3985939	1
3985977	1
3986054	1
3986078	1
3986090	1
3986137	1
3986164	1
3986224	1
3986291	1
3986304	1
3986527	1
3986568	1
3986609	2
3986656	1
3986660	1
3986826	1
3986844	1
3986988	1
3987113	1
3987230	1
3987335	1
3987390	1
3987474	1
3987497	1
3987510	1
3987569	1
3987572	1
3987814	1
3987888	1
3987900	1
3987932	1
3987961	1
3988118	1
3988222	2
3988290	1
3988330	1
3988384	1
3988471	1
3988492	1
3988687	1
3988732	1
3988775	1
3988811	1
3988825	1
3988912	1
3988953	1
3989172	1
3989229	1
3989264	1
3989356	2
3989397	1
3989413	1
3989467	1
3989544	1
3989558	1
3989696	1
3989739	1
3989794	1
3989816	1
3989827	1
3989830	1
3989849	1
3989873	1
3989884	1
3989935	1
3989946	1
3990146	1
3990310	1
3990348	1
3990391	1
3990400	1
3990461	1
3990574	1
3990706	1
3990733	1
3990765	1
3990792	1
3990928	1
3990980	1
3991205	1
3991229	1
3991264	1
3991270	1
3991298	1
3991360	1
3991401	1
3991413	1
3991452	1
3991532	1
3991593	1
3991715	2
3991721	1
3991782	1
3991922	1
3991954	1
3991990	1
3992010	1
3992048	1
3992055	1
3992256	1
3992305	1
3992353	1
3992430	1
3992484	1
3992518	1
3992790	1
3992801	1
3993095	1
3993117	1
3993144	1
3993158	1
3993313	1
3993403	1
3993410	1
3993448	1
3993472	1
3993519	1
3993535	1
3993606	1
3993633	1
3993911	1
3994112	1
3994137	1
3994186	1
3994362	1
3994421	1
3994443	1
3994482	1
3994611	1
3994660	1
3994713	1
3994844	1
3994861	1
3994893	1
3995076	1
3995179	2
3995207	1
3995219	1
3995349	1
3995351	1
3995368	1
3995406	1
3995582	1
3995700	1
3995860	1
3995874	1
3995905	1
3995941	1
3995998	1
3996000	1
3996044	1
3996058	1
3996061	1
3996093	1
3996245	1
3996267	1
3996299	1
3996315	1
3996394	1
3996429	1
3996437	1
3996441	1
3996470	1
3996533	1
3996742	1
3996803	1
3996810	1
3996962	1
3996985	1
3997066	1
3997206	1
3997214	1
3997220	1
3997247	1
3997288	1
3997358	1
3997446	1
3997481	1
3997534	1
3997641	1
3997664	1
3997670	1
3997730	1
3997857	1
3997987	1
3997991	1
3998038	1
3998115	1
3998261	1
3998289	1
3998306	1
3998314	1
3998365	1
3998404	1
3998440	1
3998457	1
3998479	1
3998496	1
3998541	1
3998553	1
3998634	1
3998676	1
3998703	1
3998772	1
3998878	1
3998973	1
3998995	1
3999004	1
3999031	1
3999062	1
3999079	1
3999101	1
3999216	1
3999319	1
3999335	1
3999346	1
3999363	1
3999409	1
3999411	1
3999460	1
3999524	1
3999650	1
3999729	1
3999798	1
3999820	1
3999892	1
3999932	1
4000017	1
4000075	1
4000089	1
4000116	1
4000127	1
4000149	1
4000195	2
4000201	1
4000228	1
4000245	1
4000280	1
4000308	1
4000339	1
4000382	1
4000437	1
4000453	1
4000678	1
4000690	1
4000738	1
4000760	1
4000869	1
4000940	1
4000996	2
4001042	1
4001166	1
4001217	1
4001289	1
4001404	1
4001423	1
4001570	1
4001628	1
4001634	1
4001652	1
4001680	1
4001724	1
4001748	1
4001791	1
4001807	1
4001854	1
4001863	1
4001968	1
4001973	1
4002015	1
4002077	1
4002082	1
4002109	1
4002156	1
4002214	1
4002259	1
4002317	1
4002407	1
4002419	1
4002446	1
4002481	1
4002545	2
4002576	1
4002580	1
4002599	1
4002686	1
4002702	1
4002727	1
4002768	1
4002840	1
4002885	1
4002896	1
4002936	1
4002969	1
4003046	1
4003090	1
4003105	1
4003203	1
4003255	1
4003318	1
4003323	1
4003385	1
4003421	1
4003477	1
4003482	1
4003502	1
4003656	1
4003683	1
4003697	1
4003701	1
4003767	1
4003780	1
4003799	1
4003832	1
4003875	1
4003906	1
4003959	1
4004002	1
4004030	1
4004068	1
4004158	1
4004175	1
4004208	1
4004239	1
4004250	1
4004301	1
4004328	1
4004554	1
4004578	1
4004692	1
4004718	1
4004796	1
4004805	1
4004812	1
4004864	1
4004925	1
4004942	1
4004956	1
4004960	1
4005134	1
4005167	2
4005199	1
4005251	1
4005346	1
4005354	1
4005363	1
4005456	1
4005497	1
4005555	1
4005569	1
4005932	1
4005975	1
4006041	1
4006064	1
4006086	1
4006107	1
4006146	1
4006218	1
4006336	1
4006355	1
4006369	1
4006417	1
4006475	2
4006509	1
4006511	1
4006538	2
4006788	1
4007003	1
4007072	2
4007087	1
4007159	1
4007209	1
4007211	1
4007312	1
4007329	1
4007386	1
4007416	1
4007430	1
4007449	1
4007451	1
4007504	1
4007518	1
4007719	1
4007813	1
4007834	1
4007939	1
4007977	1
4007994	1
4008311	1
4008360	1
4008374	1
4008480	1
4008558	1
4008593	1
4008685	1
4008739	1
4008743	1
4008802	1
4008830	1
4008849	1
4008907	1
4008954	1
4008981	1
4009099	1
4009118	1
4009123	1
4009131	1
4009157	1
4009162	1
4009196	1
4009246	1
4009263	1
4009281	1
4009368	1
4009384	1
4009406	1
4009433	1
4009459	1
4009515	1
4009860	1
4009874	1
4009929	1
4009941	1
4010010	1
4010091	1
4010114	1
4010147	1
4010238	1
4010305	1
4010312	1
4010329	1
4010353	1
4010416	1
4010473	1
4010484	1
4010523	2
4010557	1
4010579	1
4010596	1
4010600	1
4010644	2
4010689	1
4010722	1
4010763	1
4010828	1
4010939	1
4010977	1
4011198	1
4011269	1
4011272	1
4011408	1
4011551	1
4011609	1
4011625	1
4011642	1
4011745	1
4011906	1
4012012	1
4012064	1
4012178	1
4012190	1
4012223	1
4012240	1
4012262	1
4012279	1
4012417	1
4012426	1
4012461	1
4012630	1
4012747	1
4012821	1
4012866	1
4012877	1
4012967	1
4013032	1
4013044	1
4013102	1
4013151	1
4013299	2
4013339	1
4013394	1
4013437	1
4013470	1
4013514	1
4013607	1
4013622	1
4013646	1
4013709	1
4013774	1
4013836	1
4014110	1
4014136	1
4014187	1
4014205	1
4014241	1
4014342	1
4014397	1
4014445	1
4014517	1
4014526	1
4014623	1
4014685	1
4014954	1
4014963	1
4014981	1
4014990	1
4015021	1
4015077	1
4015109	1
4015174	1
4015206	1
4015361	1
4015389	1
4015419	1
4015513	1
4015552	1
4015567	1
4015637	1
4015670	1
4015818	1
4015857	1
4015948	1
4015972	1
4015987	1
4016027	1
4016073	1
4016117	1
4016277	1
4016282	1
4016301	1
4016424	1
4016563	1
4016581	1
4016590	1
4016659	1
4016704	1
4016762	1
4016898	1
4016938	1
4016942	1
4016974	1
4016997	1
4017045	1
4017099	1
4017131	1
4017162	1
4017263	1
4017316	1
4017349	1
4017384	1
4017508	1
4017515	1
4017543	1
4017610	1
4017624	1
4017687	1
4017883	1
4017912	1
4017929	1
4017937	1
4017941	1
4017970	1
4017986	1
4017998	1
4018113	1
4018145	1
4018180	1
4018230	1
4018295	1
4018307	1
4018390	1
4018438	1
4018483	2
4018510	1
4018591	1
4018639	1
4018737	1
4018847	1
4018871	1
4018917	1
4018961	1
4019009	1
4019108	1
4019150	1
4019306	1
4019314	1
4019371	1
4019418	1
4019512	1
4019598	1
4019676	1
4019680	1
4019748	1
4019755	1
4019819	1
4019881	1
4019902	1
4019916	1
4019927	1
4020020	1
4020059	1
4020241	1
4020270	1
4020360	1
4020434	1
4020452	1
4020500	1
4020526	1
4020561	1
4020618	1
4020685	1
4020739	1
4020794	1
4020830	1
4020851	1
4020978	1
4021142	1
4021160	1
4021197	1
4021233	1
4021259	1
4021358	1
4021375	1
4021419	1
4021463	1
4021567	1
4021637	1
4021936	1
4022025	1
4022038	1
4022108	2
4022115	1
4022150	1
4022200	1
4022258	1
4022275	1
4022347	1
4022365	1
4022388	1
4022392	1
4022457	1
4022462	1
4022485	1
4022529	1
4022748	1
4022846	1
4022902	2
4022995	1
4023018	1
4023023	1
4023040	1
4023152	1
4023176	1
4023230	1
4023273	1
4023295	1
4023319	1
4023335	1
4023363	1
4023378	1
4023438	1
4023460	1
4023503	1
4023677	1
4023682	1
4023705	1
4023712	1
4023737	1
4023820	1
4023859	1
4024024	1
4024048	1
4024087	1
4024091	1
4024106	1
4024114	1
4024225	1
4024238	1
4024256	1
4024341	1
4024353	1
4024451	1
4024504	1
4024531	1
4024754	1
4024880	1
4024915	1
4024939	1
4024994	1
4025063	1
4025362	1
4025379	1
4025408	1
4025527	1
4025573	1
4025611	1
4025625	1
4025642	1
4025697	1
4025826	1
4025889	1
4025893	1
4025906	1
4025914	1
4025933	1
4025959	1
4026001	1
4026076	1
4026246	1
4026327	1
4026351	1
4026395	1
4026521	1
4026543	1
4026582	1
4026636	1
4026672	1
4026732	1
4026856	1
4026883	1
4026998	1
4027117	1
4027189	1
4027301	1
4027328	1
4027367	1
4027399	1
4027472	1
4027519	1
4027522	1
4027614	1
4027659	1
4027731	1
4027785	1
4027805	1
4027829	1
4027837	1
4027925	1
4027956	1
4027983	1
4028000	1
4028017	1
4028032	1
4028061	1
4028201	2
4028343	1
4028377	1
4028394	1
4028437	1
4028441	1
4028464	1
4028565	1
4028622	1
4028646	1
4028663	1
4028678	1
4028681	1
4028923	1
4029064	1
4029070	1
4029146	1
4029154	1
4029223	1
4029231	1
4029279	1
4029336	1
4029417	1
4029509	1
4029695	1
4029733	1
4029850	1
4029913	1
4029976	1
4030062	1
4030113	1
4030145	1
4030176	1
4030249	1
4030335	1
4030442	1
4030503	2
4030621	1
4030859	1
4030944	1
4031029	1
4031296	1
4031303	1
4031372	1
4031400	1
4031417	1
4031475	1
4031616	1
4031668	1
4031714	1
4031733	1
4031765	1
4031808	2
4031815	1
4032063	1
4032078	1
4032090	1
4032198	1
4032323	1
4032331	1
4032415	1
4032439	1
4032502	1
4032568	1
4032609	1
4032701	1
4032713	1
4032776	1
4032861	1
4032889	1
4032914	1
4032933	1
4032947	1
4032965	1
4033008	1
4033015	1
4033082	1
4033156	1
4033271	1
4033317	1
4033435	1
4033545	1
4033567	1
4033599	1
4033612	1
4033641	1
4033879	1
4033903	1
4033955	1
4033991	1
4034028	1
4034045	1
4034131	1
4034140	1
4034207	1
4034648	1
4034726	1
4034789	1
4034809	1
4034856	1
4034874	1
4034941	1
4034953	1
4034964	1
4034998	1
4035026	1
4035130	1
4035173	1
4035184	1
4035195	1
4035228	1
4035299	1
4035315	1
4035350	1
4035377	1
4035429	1
4035437	1
4035498	1
4035565	1
4035646	1
4035654	1
4035690	1
4035709	1
4035797	1
4035803	1
4035848	1
4035869	1
4035904	1
4035918	1
4036038	1
4036042	1
4036108	1
4036143	1
4036226	1
4036244	1
4036261	1
4036306	1
4036392	1
4036418	1
4036462	1
4036496	1
4036512	1
4036537	1
4036570	1
4036703	1
4036755	1
4036916	1
4037148	1
4037205	1
4037241	1
4037253	1
4037264	1
4037338	1
4037428	1
4037445	2
4037500	1
4037558	1
4037679	1
4037696	1
4037715	1
4037782	1
4037794	1
4037895	1
4038147	1
4038192	1
4038211	1
4038256	1
4038260	1
4038297	1
4038416	1
4038427	1
4038449	1
4038451	1
4038579	1
4038644	1
4038689	1
4038693	1
4038746	1
4038834	1
4038880	1
4038908	1
4038915	1
4038921	1
4038966	1
4039073	1
4039084	1
4039126	1
4039144	1
4039189	1
4039193	1
4039472	1
4039590	1
4039704	1
4039740	1
4039812	1
4039837	1
4039853	1
4039942	1
4039960	1
4040019	1
4040046	1
4040105	1
4040269	1
4040287	1
4040450	1
4040551	1
4040674	1
4040728	1
4040826	1
4040832	1
4040844	1
4040858	1
4040875	1
4040947	1
4041034	1
4041045	1
4041067	1
4041118	1
4041219	1
4041222	1
4041281	1
4041330	1
4041459	1
4041582	1
4041672	1
4041775	2
4041897	1
4041998	1
4042004	1
4042057	1
4042113	1
4042180	1
4042202	1
4042307	1
4042346	1
4042354	1
4042378	1
4042442	1
4042456	1
4042483	1
4042548	1
4042555	1
4042569	1
4042639	1
4042650	1
4042666	1
4042712	1
4042753	1
4042806	1
4042944	1
4043009	1
4043011	2
4043038	1
4043056	1
4043074	1
4043108	1
4043115	1
4043150	1
4043182	1
4043244	1
4043261	1
4043289	2
4043306	1
4043418	1
4043512	1
4043628	1
4043645	1
4043748	1
4043822	1
4043846	2
4043927	1
4043951	1
4043968	1
4043973	1
4044029	1
4044037	1
4044041	1
4044098	1
4044163	1
4044279	1
4044303	1
4044475	1
4044574	1
4044602	1
4044673	1
4044684	1
4044839	1
4044901	1
4044952	1
4045020	1
4045047	1
4045065	1
4045136	1
4045155	1
4045169	1
4045298	1
4045309	1
4045338	1
4045428	1
4045452	1
4045575	1
4045618	1
4045679	1
4045851	1
4046021	2
4046050	1
4046066	1
4046082	1
4046109	1
4046111	1
4046142	1
4046156	1
4046206	1
4046214	1
4046247	1
4046265	1
4046407	1
4046534	2
4046576	1
4046580	1
4046629	1
4046702	1
4046751	1
4046773	1
4046784	1
4046857	1
4046862	1
4046903	1
4046936	1
4046969	1
4047058	1
4047061	1
4047168	1
4047201	1
4047213	1
4047321	1
4047547	1
4047571	1
4047592	1
4047654	1
4047742	1
4047756	1
4047824	1
4047848	1
4047923	1
4047931	1
4047979	1
4048002	1
4048084	1
4048126	1
4048161	1
4048208	1
4048282	1
4048448	1
4048469	1
4048614	1
4048659	1
4048665	1
4048718	1
4048723	1
4048757	1
4048841	1
4048853	1
4048864	1
4048938	1
4049072	1
4049120	1
4049133	1
4049242	1
4049274	1
4049402	1
4049468	1
4049504	1
4049596	2
4049658	1
4049675	1
4049689	1
4049746	1
4049763	1
4049867	1
4049880	1
4049899	1
4049908	1
4049943	1
4049966	1
4049977	1
4049982	1
4050025	1
4050121	1
4050293	1
4050320	1
4050564	1
4050634	1
4050699	1
4050755	1
4050769	1
4050846	1
4050951	1
4050968	1
4050984	1
4051036	1
4051087	1
4051114	1
4051120	1
4051165	1
4051398	1
4051427	1
4051473	1
4051495	1
4051531	1
4051596	1
4051600	1
4051644	1
4051675	1
4051689	1
4051763	1
4051781	1
4051790	1
4051801	1
4051908	1
4051915	1
4051939	1
4051950	1
4051982	1
4052014	1
4052088	1
4052092	1
4052229	1
4052264	1
4052397	1
4052413	1
4052445	1
4052526	1
4052662	1
4052679	1
4052708	1
4052750	1
4052794	1
4052851	1
4052873	1
4052935	1
4052978	1
4053028	1
4053196	1
4053207	1
4053263	1
4053384	1
4053395	1
4053406	1
4053447	1
4053459	1
4053492	1
4053543	1
4053582	1
4053624	1
4053648	1
4053775	1
4053856	1
4053874	1
4054008	1
4054039	1
4054138	1
4054160	1
4054174	1
4054197	1
4054332	1
4054375	1
4054389	1
4054513	1
4054576	1
4054612	1
4054653	1
4054664	1
4054896	1
4054955	1
4055016	1
4055073	1
4055095	1
4055126	1
4055144	1
4055208	1
4055221	1
4055301	1
4055334	2
4055376	1
4055507	1
4055519	1
4055546	1
4055590	1
4055659	1
4055688	1
4055805	1
4055853	1
4055864	1
4055898	1
4055909	1
4055956	1
4056004	1
4056018	1
4056040	1
4056152	1
4056307	1
4056335	1
4056346	1
4056411	1
4056425	1
4056587	1
4056650	1
4056682	1
4056753	1
4056820	1
4056932	1
4057046	1
4057105	1
4057210	1
4057255	1
4057304	1
4057415	1
4057728	1
4057875	1
4057893	1
4057920	1
4057971	1
4058037	1
4058064	1
4058086	1
4058107	1
4058154	1
4058231	1
4058257	1
4058285	1
4058303	1
4058369	1
4058387	1
4058400	1
4058417	1
4058426	1
4058458	1
4058461	1
4058511	1
4058560	1
4058602	1
4058616	1
4058668	1
4058706	1
4058714	1
4058733	1
4058771	1
4058976	1
4059000	1
4059017	1
4059032	1
4059149	1
4059168	1
4059195	1
4059228	1
4059343	2
4059366	2
4059382	1
4059394	1
4059405	1
4059429	1
4059464	1
4059678	1
4059690	1
4059709	1
4059760	1
4059836	1
4059872	1
4059887	1
4059891	1
4060034	1
4060196	1
4060207	1
4060235	1
4060263	1
4060327	1
4060368	1
4060384	1
4060414	1
4060459	1
4060508	1
4060603	1
4060610	1
4060691	1
4060700	1
4060717	1
4060775	1
4060856	1
4060860	1
4060897	1
4060929	1
4060964	1
4061032	1
4061195	1
4061245	1
4061321	1
4061350	1
4061366	1
4061377	1
4061405	1
4061470	1
4061486	1
4061559	1
4061588	1
4061607	1
4061622	1
4061709	1
4061711	1
4061725	1
4061891	1
4061904	1
4061940	1
4061962	1
4061985	1
4062068	1
4062158	1
4062175	1
4062221	1
4062239	1
4062410	1
4062424	1
4062448	1
4062469	1
4062522	1
4062554	1
4062578	1
4062665	1
4062688	1
4062692	2
4062837	1
4062960	1
4062997	1
4063048	1
4063091	1
4063114	1
4063147	1
4063165	1
4063225	1
4063585	1
4063658	1
4063735	1
4063790	1
4063813	1
4063834	1
4063950	2
4063966	1
4064004	1
4064031	1
4064096	1
4064101	1
4064180	1
4064268	1
4064284	1
4064295	1
4064307	1
4064319	1
4064363	1
4064381	1
4064411	1
4064483	1
4064770	1
4064798	1
4064806	1
4064820	1
4064859	1
4064871	1
4064892	1
4064993	1
4065053	1
4065086	1
4065122	1
4065146	1
4065154	1
4065303	1
4065369	1
4065426	1
4065432	1
4065489	1
4065509	1
4065597	1
4065684	1
4065695	1
4065843	1
4065894	1
4065934	1
4065945	1
4065976	2
4065999	1
4066047	1
4066092	1
4066124	1
4066136	1
4066205	1
4066241	1
4066264	1
4066270	1
4066338	1
4066452	1
4066685	1
4066794	1
4066851	1
4066990	1
4067011	1
4067025	1
4067097	1
4067121	1
4067392	1
4067423	1
4067601	1
4067613	1
4067645	1
4067652	2
4067667	1
4067676	1
4067736	1
4067769	2
4067787	1
4067916	1
4067930	1
4068008	1
4068043	1
4068082	1
4068247	1
4068288	1
4068344	1
4068389	1
4068407	1
4068490	1
4068534	1
4068599	1
4068653	1
4068664	1
4068749	1
4068751	1
4068987	1
4069022	1
4069078	1
4069090	1
4069105	1
4069153	1
4069186	1
4069224	1
4069287	2
4069421	1
4069549	1
4069595	1
4069609	1
4069642	1
4069701	1
4069893	1
4069992	1
4070039	1
4070160	1
4070375	1
4070446	1
4070534	1
4070545	1
4070670	1
4070716	2
4070749	1
4070831	1
4070862	1
4070910	1
4070955	1
4071221	1
4071266	1
4071277	1
4071345	1
4071399	1
4071455	1
4071491	1
4071590	1
4071659	1
4071688	1
4071718	1
4071785	1
4071841	2
4071864	1
4071925	1
4071942	1
4071974	1
4071997	1
4072044	1
4072093	1
4072149	1
4072151	1
4072195	1
4072252	1
4072339	1
4072366	1
4072429	1
4072520	1
4072571	1
4072681	1
4072709	1
4072711	1
4072760	1
4072803	1
4072810	1
4072891	1
4072918	1
4072923	1
4072940	1
4072996	1
4073037	1
4073181	1
4073223	1
4073391	1
4073444	1
4073511	1
4073627	1
4073684	1
4073714	1
4073821	1
4073952	1
4073999	1
4074011	1
4074025	1
4074056	2
4074121	1
4074150	1
4074166	1
4074293	1
4074388	1
4074404	1
4074457	1
4074512	1
4074529	1
4074652	1
4074699	1
4074724	1
4074755	1
4074819	1
4074822	1
4074846	1
4074973	1
4074995	1
4075003	1
4075069	1
4075312	1
4075337	1
4075364	1
4075402	1
4075451	1
4075644	1
4075658	1
4075899	1
4075950	1
4075982	1
4076035	1
4076078	1
4076164	1
4076224	1
4076248	1
4076272	1
4076439	1
4076584	1
4076683	1
4076780	1
4076826	1
4076858	1
4076889	1
4076906	1
4076933	1
4076965	1
4077023	1
4077085	1
4077134	1
4077176	1
4077180	2
4077202	1
4077230	1
4077249	1
4077319	1
4077378	1
4077381	1
4077510	1
4077524	1
4077548	1
4077555	1
4077569	1
4077591	1
4077639	1
4077650	1
4077705	1
4077741	1
4077770	1
4077814	1
4077944	1
4077961	1
4077989	1
4077993	1
4078067	1
4078235	1
4078246	1
4078254	1
4078278	1
4078302	2
4078327	1
4078349	1
4078465	1
4078471	1
4078521	1
4078732	1
4078758	1
4078825	1
4079006	1
4079033	1
4079047	1
4079092	1
4079103	1
4079212	1
4079241	1
4079298	1
4079342	1
4079517	1
4079657	1
4079739	1
4079849	1
4079873	1
4079895	1
4079954	1
4080178	1
4080190	1
4080204	1
4080218	1
4080303	1
4080417	1
4080461	1
4080493	1
4080509	1
4080542	1
4080583	1
4080673	1
4080821	1
4080882	1
4080945	1
4080967	1
4080976	1
4080980	1
4080999	1
4081006	1
4081020	1
4081071	1
4081169	1
4081205	1
4081241	1
4081270	1
4081311	1
4081428	1
4081445	1
4081500	1
4081532	1
4081544	1
4081589	1
4081618	1
4081721	1
4081777	1
4081827	1
4081849	1
4081895	1
4082010	1
4082242	1
4082329	1
4082398	1
4082416	1
4082504	1
4082557	1
4082661	1
4082693	1
4082778	1
4082845	1
4082939	1
4083016	1
4083030	1
4083051	1
4083221	1
4083277	1
4083313	1
4083367	1
4083472	1
4083522	1
4083546	1
4083578	1
4083590	1
4083647	1
4083671	1
4083692	1
4083731	1
4083805	1
4083837	1
4083841	1
4083864	1
4084046	1
4084090	1
4084362	1
4084396	1
4084439	1
4084482	1
4084502	1
4084638	1
4084683	1
4084697	1
4084752	1
4084832	1
4084844	1
4084858	1
4084906	1
4085001	1
4085052	1
4085118	1
4085140	1
4085157	1
4085207	1
4085222	1
4085235	1
4085254	1
4085278	1
4085465	1
4085515	1
4085521	1
4085603	1
4085636	1
4085856	1
4085905	1
4085953	1
4086026	1
4086058	1
4086093	1
4086195	1
4086234	1
4086470	1
4086533	1
4086635	1
4086709	1
4086725	1
4086756	1
4086774	1
4086783	1
4086797	1
4086803	2
4086855	1
4086985	1
4086996	1
4087039	1
4087077	1
4087082	1
4087160	1
4087214	1
4087292	1
4087317	1
4087670	1
4087686	1
4087903	1
4087991	2
4088074	1
4088177	1
4088333	1
4088365	1
4088371	1
4088462	1
4088485	1
4088505	1
4088512	2
4088541	1
4088564	1
4088791	1
4088854	1
4088984	1
4088995	1
4089101	1
4089268	1
4089295	1
4089322	1
4089442	1
4089572	1
4089786	1
4089798	1
4089833	1
4089888	1
4089926	2
4089975	1
4090208	1
4090328	1
4090345	1
4090403	1
4090448	1
4090507	1
4090620	1
4090633	1
4090671	1
4090785	1
4090864	1
4090974	1
4090983	1
4091023	1
4091057	1
4091230	1
4091346	1
4091381	1
4091442	1
4091483	1
4091587	1
4091621	1
4091677	1
4091712	1
4091737	1
4091741	1
4091753	1
4091770	1
4091833	1
4091888	1
4091892	1
4091900	1
4091961	1
4091975	1
4092207	1
4092235	1
4092263	2
4092384	1
4092406	1
4092539	2
4092543	1
4092550	1
4092603	1
4092648	1
4092809	1
4092856	1
4092860	1
4092905	1
4092941	1
4093014	1
4093103	1
4093172	1
4093264	1
4093286	1
4093309	1
4093338	1
4093383	1
4093397	1
4093452	1
4093480	1
4093561	1
4093589	1
4093623	1
4093685	1
4093715	1
4093739	1
4093766	1
4093777	1
4093816	1
4093895	1
4093922	1
4093981	1
4094017	1
4094089	1
4094102	1
4094173	1
4094366	1
4094394	1
4094412	1
4094533	1
4094635	1
4094654	1
4094678	1
4094711	1
4094810	1
4094872	1
4094918	1
4094979	1
4095289	1
4095457	1
4095462	1
4095537	1
4095553	1
4095564	1
4095613	1
4095628	1
4095680	1
4095769	1
4095772	1
4095807	1
4095819	1
4096069	1
4096114	1
4096159	1
4096171	1
4096364	1
4096398	1
4096562	1
4096693	2
4096801	1
4096813	1
4096828	1
4096943	2
4097005	1
4097070	1
4097098	1
4097107	1
4097218	1
4097240	1
4097310	2
4097525	1
4097574	1
4097583	1
4097616	1
4097649	1
4097695	1
4097747	1
4097792	1
4097843	1
4097913	1
4097928	1
4097952	1
4097967	1
4097976	1
4098019	1
4098035	1
4098081	1
4098112	1
4098153	1
4098323	1
4098331	1
4098357	2
4098379	1
4098408	1
4098502	1
4098549	1
4098551	1
4098609	1
4098611	1
4098674	1
4098728	1
4098767	1
4098776	1
4098800	1
4098844	1
4098858	1
4098875	1
4098889	1
4098893	1
4098959	1
4098992	1
4099015	1
4099021	1
4099039	1
4099109	1
4099156	1
4099259	1
4099326	1
4099389	1
4099393	1
4099419	1
4099422	1
4099435	1
4099454	1
4099528	1
4099552	1
4099637	1
4099702	1
4099768	1
4099784	2
4099795	1
4099955	1
4100005	1
4100053	1
4100154	1
4100178	1
4100223	1
4100257	1
4100369	1
4100372	1
4100426	1
4100461	1
4100475	1
4100511	1
4100788	1
4100967	1
4100976	1
4101071	1
4101155	1
4101172	1
4101241	1
4101360	1
4101428	1
4101434	1
4101561	1
4101575	1
4101604	1
4101696	1
4101739	1
4101794	1
4101827	1
4101868	1
4101954	2
4101978	1
4102036	1
4102072	1
4102192	1
4102238	1
4102256	1
4102260	1
4102283	1
4102341	1
4102398	1
4102416	1
4102430	1
4102484	1
4102523	1
4102557	1
4102585	1
4102693	1
4102722	1
4102828	1
4102880	1
4102908	1
4102994	1
4103049	1
4103100	1
4103117	1
4103175	1
4103328	1
4103376	1
4103399	1
4103487	1
4103535	1
4103563	1
4103659	1
4103718	1
4103723	1
4103740	1
4103911	1
4103938	1
4104022	1
4104035	1
4104054	1
4104078	1
4104340	1
4104385	1
4104408	1
4104415	1
4104439	1
4104443	1
4104494	1
4104527	1
4104611	1
4104713	1
4104826	1
4104844	1
4104947	1
4104959	1
4104965	1
4104988	2
4105104	1
4105162	1
4105246	1
4105263	1
4105349	1
4105384	1
4105420	1
4105447	1
4105508	1
4105582	1
4105610	1
4105636	1
4105669	1
4105732	1
4105842	1
4105860	1
4105874	1
4105897	1
4105912	1
4105964	1
4106058	1
4106116	1
4106168	1
4106267	1
4106276	1
4106299	1
4106350	1
4106405	1
4106429	1
4106514	1
4106619	1
4106681	1
4106725	1
4106738	1
4106756	1
4106891	1
4106918	1
4106931	1
4106957	1
4107015	1
4107021	1
4107039	1
4107156	1
4107174	2
4107247	1
4107344	1
4107361	1
4107419	1
4107422	1
4107490	1
4107567	1
4107605	1
4107664	1
4107670	1
4107749	1
4107768	1
4107818	1
4107885	1
4107903	1
4107910	1
4107955	1
4107991	1
4108042	1
4108056	1
4108108	1
4108217	1
4108275	1
4108306	1
4108388	1
4108479	1
4108529	1
4108537	1
4108553	1
4108586	1
4108645	1
4108680	1
4108703	1
4108736	1
4108902	1
4108916	1
4108984	1
4108995	1
4109057	1
4109085	1
4109128	1
4109134	1
4109176	1
4109199	1
4109202	1
4109381	1
4109390	1
4109438	1
4109460	1
4109497	1
4109524	2
4109572	1
4109650	1
4109677	1
4109786	1
4109859	1
4109865	1
4109892	1
4110043	1
4110111	1
4110160	1
4110247	1
4110292	1
4110300	1
4110326	1
4110481	1
4110552	1
4110567	1
4110599	1
4110670	1
4110686	1
4110730	1
4110751	1
4110818	1
4110857	1
4110910	1
4110936	1
4111016	1
4111084	1
4111294	1
4111328	1
4111403	1
4111436	1
4111507	1
4111665	1
4111723	1
4111757	1
4111829	1
4111853	1
4111886	1
4111938	1
4111942	1
4112089	1
4112149	1
4112245	1
4112276	1
4112321	1
4112394	2
4112470	1
4112498	1
4112565	1
4112663	1
4112711	1
4112725	1
4112738	1
4112742	1
4112756	1
4112774	1
4112887	1
4112985	1
4113070	1
4113279	1
4113387	1
4113391	1
4113602	1
4113616	1
4113630	1
4113673	1
4113684	1
4113808	1
4113882	1
4113976	1
4113980	1
4114009	1
4114038	1
4114074	1
4114097	1
4114166	1
4114200	1
4114289	1
4114306	1
4114359	1
4114418	1
4114423	1
4114431	1
4114598	1
4114724	1
4114736	1
4114755	1
4115010	1
4115036	2
4115048	1
4115297	1
4115337	1
4115386	1
4115473	1
4115531	1
4115626	1
4115644	1
4115719	1
4115880	1
4115899	1
4115977	1
4116063	1
4116129	2
4116137	1
4116164	1
4116170	1
4116236	1
4116287	1
4116323	1
4116396	1
4116415	1
4116502	1
4116568	1
4116642	1
4116660	1
4116683	1
4116701	1
4116734	1
4116858	1
4117031	1
4117057	1
4117062	1
4117176	1
4117202	1
4117411	1
4117503	1
4117555	1
4117569	1
4117572	1
4117666	1
4117770	1
4117833	1
4117900	1
4117917	1
4117926	1
4118140	1
4118278	1
4118290	1
4118316	1
4118433	1
4118515	1
4118648	1
4118687	1
4118726	1
4118744	1
4118793	1
4118809	1
4118825	1
4118838	1
4118905	1
4118912	1
4119006	1
4119033	1
4119191	1
4119270	1
4119374	1
4119413	1
4119452	1
4119480	1
4119499	1
4119532	1
4119618	1
4119679	1
4119743	1
4119802	1
4119851	1
4119873	1
4119895	1
4119954	1
4119981	1
4120009	1
4120025	1
4120042	1
4120056	1
4120074	1
4120083	1
4120139	1
4120143	1
4120182	1
4120226	1
4120261	1
4120293	1
4120306	1
4120333	1
4120365	1
4120371	1
4120388	1
4120392	1
4120404	1
4120710	1
4121024	1
4121091	1
4121256	1
4121353	1
4121364	1
4121579	1
4121596	1
4121693	1
4121801	1
4121813	1
4121828	1
4121845	1
4121867	1
4121899	1
4121921	1
4121939	1
4121943	1
4121977	1
4122006	1
4122191	1
4122205	1
4122241	1
4122342	1
4122374	1
4122434	1
4122604	2
4122657	1
4122662	1
4122739	1
4122851	1
4122907	1
4122919	1
4122946	1
4123001	1
4123045	1
4123052	1
4123140	1
4123157	1
4123246	1
4123254	1
4123351	1
4123368	1
4123384	1
4123433	1
4123447	1
4123471	1
4123488	1
4123515	1
4123521	1
4123582	1
4123655	1
4123691	1
4123860	1
4123905	1
4123929	1
4123937	1
4123986	1
4124015	1
4124082	1
4124156	1
4124233	2
4124247	1
4124300	2
4124344	1
4124389	1
4124393	1
4124446	1
4124490	1
4124534	2
4124552	1
4124605	1
4124768	1
4124818	1
4124885	1
4125239	1
4125424	1
4125455	1
4125563	1
4125581	1
4125692	1
4125757	1
4125837	1
4125898	1
4125942	1
4125974	1
4125983	1
4126031	1
4126040	1
4126062	1
4126284	2
4126319	1
4126335	1
4126390	1
4126438	1
4126524	1
4126591	1
4126682	1
4126694	1
4126712	2
4126737	1
4126770	1
4126806	1
4126820	1
4126871	1
4126932	1
4126944	1
4127007	1
4127022	1
4127054	1
4127090	1
4127141	1
4127210	1
4127323	1
4127502	1
4127573	1
4127595	1
4127609	1
4127625	1
4127683	1
4127701	1
4127920	1
4128029	1
4128041	1
4128053	1
4128086	1
4128135	1
4128146	1
4128154	1
4128279	1
4128310	1
4128458	1
4128574	1
4128616	1
4128706	1
4128765	1
4128788	1
4128808	1
4128815	1
4128821	1
4128850	1
4129130	1
4129149	1
4129151	1
4129228	1
4129405	1
4129412	1
4129437	1
4129441	1
4129470	1
4129520	1
4129533	1
4129622	1
4129635	1
4129654	1
4129663	1
4129742	1
4129783	1
4129891	1
4129940	1
4129979	1
4130013	1
4130099	1
4130219	1
4130373	1
4130406	1
4130566	1
4130577	1
4130582	1
4130594	1
4130636	1
4130672	1
4130717	1
4130789	1
4130793	1
4130811	1
4130897	1
4131017	1
4131102	1
4131201	1
4131213	1
4131252	1
4131267	1
4131308	1
4131321	1
4131350	1
4131405	1
4131619	1
4131725	1
4131738	1
4131783	1
4131803	1
4131848	1
4131979	1
4131985	1
4131996	1
4132027	1
4132049	1
4132117	1
4132132	1
4132175	1
4132250	1
4132345	1
4132367	1
4132436	1
4132487	1
4132546	1
4132633	1
4132688	1
4132704	1
4132779	1
4132785	1
4132841	2
4132898	1
4132909	1
4132938	1
4133055	1
4133091	1
4133171	1
4133225	1
4133238	1
4133398	1
4133416	1
4133449	1
4133518	1
4133531	1
4133579	1
4133626	1
4133763	1
4133790	1
4133876	1
4133950	1
4133982	1
4133994	2
4134004	1
4134040	1
4134101	1
4134346	1
4134474	1
4134503	1
4134510	1
4134548	1
4134587	1
4134650	1
4134677	1
4134729	1
4134888	1
4134917	1
4134926	1
4134944	1
4135029	1
4135064	1
4135107	1
4135204	1
4135218	1
4135310	1
4135444	1
4135493	1
4135556	1
4135560	1
4135597	2
4135747	1
4135771	1
4135877	1
4135894	1
4135901	1
4135976	1
4135980	1
4136020	1
4136124	1
4136169	2
4136191	1
4136253	1
4136286	1
4136298	1
4136338	1
4136374	1
4136401	1
4136500	1
4136604	1
4136623	1
4136631	1
4136715	1
4136750	1
4136794	1
4136895	1
4136922	2
4136935	1
4136954	1
4136963	1
4137011	1
4137038	1
4137042	1
4137074	1
4137139	1
4137194	1
4137258	1
4137418	1
4137457	1
4137512	1
4137564	1
4137570	1
4137634	1
4137699	1
4137819	1
4137863	1
4137927	1
4137951	1
4137973	1
4137984	1
4138077	1
4138183	1
4138259	2
4138265	1
4138271	1
4138288	1
4138326	1
4138332	1
4138419	1
4138435	1
4138576	1
4138641	1
4138702	1
4138768	1
4138818	1
4138831	1
4138903	1
4138969	1
4139035	1
4139105	1
4139198	1
4139291	1
4139304	1
4139357	1
4139396	1
4139408	1
4139450	1
4139494	1
4139625	1
4139638	1
4139674	1
4139683	1
4139701	1
4139728	1
4139780	1
4139861	1
4139965	1
4139971	1
4140030	1
4140084	1
4140095	1
4140100	1
4140132	1
4140144	1
4140239	1
4140243	1
4140455	1
4140472	1
4140659	1
4140692	1
4140704	1
4140718	1
4140785	1
4140796	1
4140812	1
4140829	1
4140853	1
4140898	1
4140909	1
4140960	1
4140983	1
4141018	1
4141057	1
4141085	1
4141128	1
4141145	1
4141180	1
4141199	1
4141284	1
4141307	1
4141322	1
4141363	1
4141425	1
4141438	1
4141474	1
4141569	1
4141615	1
4141705	1
4141833	1
4141944	1
4142067	1
4142118	1
4142235	1
4142246	1
4142263	1
4142316	1
4142351	1
4142459	1
4142539	1
4142566	1
4142624	1
4142775	1
4142811	1
4142856	1
4142912	1
4142953	1
4143006	1
4143092	1
4143253	2
4143383	1
4143428	1
4143476	1
4143544	1
4143575	1
4143593	1
4143739	1
4143766	1
4143884	1
4143895	1
4143946	1
4144017	2
4144075	1
4144173	1
4144234	1
4144366	1
4144405	1
4144547	1
4144619	1
4144622	1
4144709	1
4144725	1
4144760	1
4144918	1
4144996	1
4145217	1
4145232	1
4145261	1
4145289	1
4145314	1
4145365	1
4145457	1
4145462	1
4145512	1
4145529	1
4145628	1
4145667	1
4145748	1
4145769	1
4145787	1
4145949	1
4145973	1
4146010	1
4146055	1
4146133	1
4146225	1
4146238	1
4146260	1
4146473	1
4146484	1
4146504	1
4146562	1
4146644	1
4146661	1
4146754	1
4146778	1
4146828	1
4146845	1
4146880	1
4146950	2
4147029	1
4147041	1
4147064	1
4147086	1
4147098	1
4147240	1
4147257	1
4147303	1
4147310	1
4147348	1
4147426	1
4147574	1
4147649	1
4147695	1
4147714	1
4147821	1
4147843	1
4147866	1
4147934	1
4147967	1
4147976	1
4147980	1
4148141	1
4148198	1
4148203	1
4148248	1
4148287	1
4148304	1
4148362	1
4148477	1
4148527	1
4148530	1
4148609	1
4148638	1
4148642	1
4148683	1
4148701	1
4148858	1
4148906	1
4148920	1
4148992	1
4149008	1
4149021	1
4149039	1
4149050	1
4149109	1
4149125	2
4149206	1
4149259	1
4149271	1
4149288	1
4149419	1
4149478	1
4149804	1
4149818	1
4149840	1
4149879	1
4149903	1
4149948	1
4149972	1
4150020	1
4150124	1
4150169	1
4150229	1
4150270	1
4150298	1
4150360	1
4150434	1
4150499	1
4150500	1
4150696	1
4150715	1
4150739	1
4150802	1
4150827	1
4150868	1
4150954	1
4150978	1
4151008	1
4151094	1
4151109	1
4151393	1
4151513	1
4151528	1
4151629	1
4151653	1
4151664	1
4151751	1
4151795	1
4151823	1
4151857	1
4151896	1
4151987	1
4152009	1
4152011	1
4152108	1
4152314	1
4152496	1
4152564	1
4152703	1
4152710	1
4152769	1
4152772	1
4152791	1
4152863	1
4152927	1
4152984	1
4153004	1
4153057	1
4153101	1
4153113	1
4153134	1
4153152	1
4153176	1
4153199	1
4153216	1
4153273	1
4153284	1
4153295	1
4153354	1
4153411	1
4153438	1
4153474	1
4153497	1
4153741	1
4153865	1
4154010	1
4154048	1
4154087	1
4154091	1
4154192	1
4154209	1
4154283	1
4154353	1
4154370	1
4154402	1
4154427	1
4154449	1
4154484	1
4154504	1
4154585	1
4154600	1
4154626	1
4154675	1
4154763	1
4154781	1
4154828	1
4154915	1
4155054	1
4155137	1
4155153	1
4155210	1
4155248	1
4155269	1
4155379	1
4155385	1
4155482	1
4155494	1
4155502	1
4155549	1
4155568	1
4155638	1
4155776	1
4155933	1
4155992	1
4156013	1
4156028	1
4156045	1
4156080	1
4156118	1
4156131	1
4156162	1
4156316	1
4156459	1
4156508	1
4156515	1
4156566	1
4156594	1
4156636	1
4156655	1
4156669	1
4156672	1
4156717	1
4156758	1
4156775	2
4156897	1
4156941	1
4156986	1
4157016	1
4157084	1
4157132	1
4157161	1
4157193	1
4157221	1
4157277	1
4157367	1
4157469	1
4157472	1
4157519	1
4157546	1
4157563	1
4157606	1
4157718	1
4157731	1
4157837	1
4157886	1
4157956	1
4157983	1
4158032	1
4158149	1
4158173	1
4158184	1
4158195	1
4158267	2
4158280	1
4158308	1
4158315	1
4158339	1
4158343	1
4158437	1
4158453	1
4158547	1
4158565	1
4158607	1
4158635	1
4158725	1
4158783	1
4158891	1
4158918	1
4158923	1
4159029	1
4159053	1
4159122	1
4159163	1
4159240	1
4159285	1
4159348	1
4159387	2
4159511	1
4159574	1
4159627	1
4159733	1
4159759	1
4159765	1
4159792	1
4159815	1
4159850	1
4159866	1
4159882	1
4159894	1
4159980	1
4160004	1
4160018	1
4160085	1
4160176	1
4160284	1
4160295	1
4160335	1
4160381	1
4160411	1
4160555	1
4160569	1
4160608	1
4160615	1
4160621	1
4160639	1
4160694	1
4160705	1
4160741	2
4160847	1
4160975	1
4161037	1
4161041	1
4161086	1
4161190	1
4161257	1
4161391	1
4161493	1
4161509	1
4161511	1
4161525	2
4161560	1
4161574	1
4161597	1
4161627	1
4161649	1
4161733	1
4161815	1
4161850	1
4161877	1
4161945	2
4162112	1
4162269	1
4162323	1
4162357	1
4162362	1
4162408	1
4162439	1
4162466	1
4162549	1
4162568	1
4162584	1
4162595	1
4162745	1
4162752	1
4162799	1
4162800	1
4162844	1
4162858	1
4162861	1
4162893	1
4163125	1
4163183	1
4163214	1
4163265	1
4163292	1
4163454	1
4163534	1
4163545	1
4163567	1
4163727	1
4163730	1
4163773	1
4163784	1
4163857	1
4163862	1
4163969	1
4164013	1
4164052	1
4164196	1
4164278	1
4164330	1
4164351	1
4164406	1
4164414	1
4164433	1
4164543	1
4164566	1
4164624	1
4164655	1
4164700	1
4164761	1
4164775	1
4164842	1
4164883	1
4164929	1
4164964	1
4164998	1
4165058	1
4165228	1
4165280	1
4165339	1
4165405	1
4165412	1
4165441	1
4165559	1
4165607	1
4165619	1
4165681	1
4165690	1
4165756	1
4165760	1
4165774	1
4165872	1
4165887	1
4165891	1
4165985	1
4166025	1
4166097	1
4166194	1
4166289	1
4166423	1
4166440	1
4166479	1
4166485	1
4166512	1
4166541	1
4166601	1
4166634	1
4166769	1
4166791	1
4166819	1
4166835	1
4166854	1
4166890	1
4166995	1
4167014	1
4167059	1
4167088	1
4167187	1
4167253	1
4167264	1
4167270	1
4167342	1
4167383	1
4167428	1
4167544	1
4167558	1
4167575	1
4167604	1
4167794	1
4167895	1
4167922	1
4167946	1
4167954	1
4167963	1
4167981	1
4168024	1
4168048	1
4168055	1
4168260	1
4168305	1
4168329	1
4168364	1
4168449	2
4168596	1
4168600	1
4168644	1
4168658	1
4168781	1
4168834	1
4168845	1
4168876	1
4168915	1
4168966	1
4168994	1
4169117	1
4169221	1
4169266	1
4169282	1
4169294	1
4169399	1
4169469	1
4169487	1
4169507	1
4169519	1
4169535	1
4169554	1
4169563	1
4169578	1
4169671	1
4169704	2
4169740	1
4170036	1
4170072	1
4170087	1
4170165	1
4170225	1
4170274	1
4170283	1
4170312	1
4170341	1
4170416	1
4170504	1
4170557	1
4170585	1
4170693	1
4170746	1
4170763	2
4170880	1
4171007	1
4171248	1
4171287	1
4171362	1
4171439	1
4171494	1
4171551	1
4171568	1
4171584	1
4171728	2
4171745	1
4171780	1
4171988	1
4171992	1
4172119	1
4172135	1
4172257	1
4172310	1
4172324	1
4172348	1
4172391	1
4172538	1
4172602	1
4172668	1
4172673	2
4172706	1
4172771	1
4172792	1
4172843	1
4172877	1
4172882	1
4172980	1
4173026	1
4173032	1
4173058	1
4173184	2
4173213	1
4173228	1
4173267	1
4173315	1
4173321	1
4173350	1
4173429	1
4173470	1
4173486	1
4173547	1
4173559	1
4173565	1
4173571	1
4173635	1
4173654	1
4173783	1
4173824	1
4173872	1
4173891	1
4173985	1
4174006	1
4174047	1
4174065	1
4174092	1
4174212	1
4174237	1
4174325	1
4174342	1
4174374	1
4174544	1
4174593	1
4174618	1
4174657	1
4174696	1
4174743	1
4174816	1
4174849	1
4174868	1
4174935	1
4174946	1
4175077	1
4175125	1
4175183	1
4175265	1
4175292	1
4175463	1
4175513	1
4175599	1
4175664	1
4175686	1
4175698	1
4175716	1
4175795	1
4175885	1
4175910	2
4176051	1
4176073	1
4176144	1
4176189	1
4176215	1
4176239	1
4176294	2
4176328	1
4176334	1
4176403	1
4176487	1
4176614	1
4176620	1
4176647	1
4176659	1
4176688	1
4176796	1
4176841	1
4176853	1
4176898	1
4176938	1
4176942	1
4177034	1
4177080	1
4177099	1
4177290	1
4177395	1
4177420	1
4177447	1
4177492	1
4177594	1
4177655	1
4177775	1
4177809	1
4178031	1
4178216	1
4178295	1
4178319	1
4178363	1
4178378	1
4178390	1
4178438	1
4178524	1
4178536	1
4178666	1
4178806	1
4178820	1
4178865	1
4178917	1
4178932	1
4179025	1
4179108	1
4179115	1
4179143	1
4179226	1
4179289	1
4179320	1
4179371	1
4179457	1
4179505	1
4179512	1
4179586	1
4179634	1
4179652	1
4179854	1
4180000	1
4180017	1
4180061	1
4180075	1
4180151	1
4180168	1
4180339	1
4180382	1
4180405	1
4180429	1
4180453	1
4180565	1
4180588	1
4180681	1
4180690	1
4180738	1
4180760	1
4180810	1
4180985	1
4181042	1
4181056	1
4181108	1
4181143	1
4181232	1
4181314	1
4181404	1
4181440	1
4181485	1
4181505	1
4181512	1
4181601	1
4181652	1
4181699	1
4181748	1
4181863	1
4181973	1
4181984	1
4182008	1
4182039	1
4182094	1
4182125	1
4182160	1
4182214	1
4182233	1
4182271	1
4182317	1
4182454	1
4182580	1
4182637	1
4182773	1
4182831	1
4182896	1
4182948	1
4182955	1
4182987	1
4183081	1
4183137	1
4183153	1
4183186	1
4183203	1
4183568	1
4183625	1
4183638	1
4183734	1
4184016	1
4184100	1
4184158	1
4184277	1
4184282	1
4184367	1
4184424	1
4184455	1
4184507	1
4184554	1
4184659	1
4184718	1
4184731	1
4184757	1
4184841	2
4184853	1
4184864	1
4185004	1
4185101	1
4185134	1
4185176	1
4185202	1
4185363	1
4185381	1
4185483	1
4185536	1
4185705	1
4185729	1
4185798	1
4185820	1
4185871	1
4185892	1
4185961	1
4185975	1
4185989	1
4186005	1
4186070	1
4186146	1
4186178	1
4186223	1
4186285	1
4186387	1
4186432	1
4186489	1
4186574	1
4186616	1
4186720	1
4186733	1
4186771	1
4186815	1
4186839	1
4186843	1
4186928	1
4187069	1
4187120	1
4187133	2
4187147	1
4187171	1
4187192	1
4187209	1
4187341	1
4187386	1
4187504	1
4187596	1
4187617	1
4187735	1
4187778	1
4187867	1
4187939	1
4187966	1
4188071	1
4188155	1
4188187	1
4188212	1
4188311	1
4188383	1
4188476	2
4188499	1
4188517	1
4188526	1
4188532	1
4188589	1
4188685	1
4188743	1
4188782	1
4189001	1
4189028	1
4189045	1
4189118	1
4189157	1
4189162	1
4189414	1
4189447	1
4189488	1
4189521	1
4189550	1
4189566	1
4189624	1
4189672	1
4189761	1
4189809	1
4189856	1
4189874	1
4189883	1
4189912	1
4190007	1
4190063	1
4190112	1
4190287	1
4190396	1
4190408	1
4190421	1
4190443	1
4190549	1
4190609	1
4190701	1
4190752	1
4190844	1
4190920	1
4190965	1
4191028	1
4191034	2
4191045	1
4191140	1
4191162	1
4191254	1
4191263	1
4191278	1
4191290	1
4191351	1
4191384	1
4191414	1
4191465	1
4191471	1
4191809	1
4191811	1
4191874	1
4191937	1
4192018	1
4192023	1
4192079	1
4192145	1
4192251	1
4192295	1
4192307	1
4192354	1
4192425	1
4192438	1
4192524	1
4192555	1
4192591	1
4192615	2
4192650	1
4192677	1
4192682	1
4192814	1
4192847	1
4192859	1
4192958	1
4192975	1
4193150	1
4193200	1
4193359	1
4193371	1
4193418	1
4193505	1
4193537	1
4193541	1
4193601	1
4193680	1
4193736	1
4193769	1
4193791	1
4193807	1
4193854	1
4193878	1
4193916	1
4193949	1
4193968	1
4194029	1
4194070	1
4194107	1
4194190	1
4194204	1
4194231	1
4194296	2
4194336	1
4194348	1
4194369	1
4194461	1
4194475	1
4194493	1
4194509	1
4194616	1
4194649	1
4194668	1
4194684	1
4194733	1
4194759	1
4194765	1
4195059	1
4195071	1
4195124	1
4195237	1
4195286	1
4195428	1
4195480	1
4195500	1
4195526	1
4195532	1
4195640	1
4195685	1
4195922	1
4195963	1
4195978	1
4195981	1
4196039	1
4196050	1
4196094	1
4196109	1
4196233	1
4196247	1
4196361	1
4196389	1
4196463	2
4196478	1
4196641	1
4196936	1
4196948	1
4197061	1
4197089	1
4197116	1
4197168	1
4197201	1
4197234	1
4197245	1
4197267	1
4197315	1
4197394	1
4197470	1
4197533	1
4197646	1
4197663	2
4197678	1
4197681	2
4197709	1
4197836	1
4198016	1
4198030	1
4198051	1
4198073	1
4198158	1
4198189	1
4198243	1
4198294	1
4198301	1
4198328	1
4198448	1
4198487	1
4198522	1
4198554	2
4198590	1
4198620	1
4198723	1
4198829	1
4198886	1
4198938	1
4199106	1
4199120	1
4199165	2
4199297	1
4199386	1
4199416	1
4199523	1
4199644	1
4199675	1
4199781	1
4199876	1
4199921	1
4199943	1
4200021	1
4200220	1
4200271	1
4200300	1
4200534	1
4200576	1
4200605	1
4200637	1
4200784	1
4200831	1
4201049	1
4201126	1
4201193	1
4201250	1
4201277	1
4201294	1
4201403	1
4201633	1
4201731	1
4201740	1
4201779	1
4201805	1
4201886	1
4201909	1
4201911	1
4201925	1
4201956	1
4201997	1
4202061	1
4202201	1
4202252	1
4202267	1
4202276	1
4202280	1
4202321	1
4202412	1
4202429	1
4202453	1
4202486	1
4202520	1
4202547	1
4202559	1
4202619	1
4202824	1
4202869	1
4203070	1
4203154	1
4203178	1
4203181	1
4203296	1
4203324	1
4203355	1
4203369	1
4203391	1
4203417	1
4203458	1
4203542	1
4203684	1
4203759	1
4203866	1
4204060	1
4204115	1
4204121	1
4204143	1
4204359	1
4204365	1
4204440	1
4204457	1
4204601	1
4204652	1
4204676	1
4204699	1
4204755	1
4204787	2
4204819	1
4204878	1
4204951	1
4205003	1
4205036	1
4205091	1
4205133	1
4205398	1
4205473	1
4205495	1
4205557	1
4205600	1
4205763	2
4205834	1
4205852	1
4205908	1
4206081	1
4206164	1
4206170	1
4206236	1
4206269	1
4206385	1
4206408	1
4206494	1
4206527	1
4206625	1
4206728	1
4206734	1
4206776	1
4206826	1
4206844	1
4206858	1
4206959	1
4206988	1
4207031	1
4207057	1
4207096	1
4207167	1
4207249	1
4207268	1
4207390	1
4207411	1
4207474	1
4207572	1
4207615	1
4207666	1
4207694	1
4207705	1
4207741	1
4207847	1
4207917	1
4207958	1
4207975	1
4207993	1
4208080	1
4208327	1
4208330	1
4208373	1
4208492	1
4208789	1
4208809	1
4208825	1
4208842	1
4208998	1
4209059	1
4209065	1
4209148	1
4209155	1
4209169	1
4209241	1
4209397	1
4209452	1
4209532	1
4209895	1
4209919	1
4210085	1
4210101	1
4210145	1
4210227	1
4210268	1
4210319	1
4210460	1
4210608	1
4210650	1
4210677	1
4210798	1
4210865	1
4210917	1
4211070	1
4211154	1
4211223	1
4211336	1
4211372	1
4211509	1
4211511	1
4211525	1
4211616	1
4211815	1
4211877	1
4211901	1
4212081	1
4212112	1
4212203	1
4212210	1
4212236	1
4212269	1
4212287	1
4212304	1
4212323	1
4212340	1
4212357	1
4212568	1
4212584	1
4212595	1
4212609	1
4212800	1
4212826	1
4212920	1
4212971	1
4213015	1
4213043	1
4213050	2
4213109	1
4213142	1
4213326	1
4213393	1
4213446	1
4213513	1
4213599	1
4213612	1
4213629	1
4213641	1
4213670	1
4213773	1
4213818	1
4213879	1
4213936	1
4214034	1
4214067	1
4214080	1
4214099	1
4214104	1
4214162	1
4214196	1
4214235	1
4214246	1
4214316	1
4214351	1
4214420	1
4214465	1
4214508	1
4214761	1
4214789	1
4214811	1
4214838	1
4214842	1
4214856	1
4214905	1
4215026	1
4215116	1
4215149	1
4215151	1
4215315	1
4215366	1
4215377	1
4215382	1
4215429	1
4215486	1
4215619	1
4215622	1
4215690	1
4215783	1
4216056	1
4216166	1
4216289	1
4216293	1
4216347	1
4216365	1
4216418	1
4216457	1
4216462	1
4216529	1
4216613	1
4216634	1
4216772	1
4216819	1
4216930	1
4216984	1
4217020	1
4217059	1
4217155	1
4217187	1
4217264	1
4217383	1
4217434	1
4217467	1
4217526	1
4217558	1
4217575	1
4217589	1
4217715	1
4217816	1
4217851	1
4217922	1
4218048	1
4218091	1
4218192	1
4218209	1
4218370	1
4218468	1
4218495	1
4218531	1
4218562	1
4218596	1
4218626	1
4218632	1
4218658	1
4218735	1
4218746	1
4218977	1
4219095	1
4219100	1
4219144	1
4219221	1
4219282	1
4219334	1
4219352	1
4219436	1
4219448	1
4219487	1
4219507	1
4219522	1
4219563	1
4219671	1
4219796	1
4219841	1
4219960	1
4219974	1
4219997	1
4220001	1
4220099	1
4220131	1
4220140	1
4220162	1
4220179	1
4220196	1
4220207	1
4220278	1
4220395	1
4220447	1
4220521	1
4220610	2
4220636	1
4220687	1
4220732	1
4220793	1
4220809	1
4220874	1
4220883	1
4220937	1
4220941	1
4220970	1
4221032	1
4221044	1
4221201	1
4221276	1
4221280	1
4221299	1
4221470	1
4221520	1
4221565	1
4221588	1
4221635	1
4221709	1
4221725	1
4221783	1
4221803	1
4221855	2
4221918	1
4222002	1
4222027	1
4222126	1
4222132	1
4222175	1
4222221	2
4222266	1
4222313	1
4222472	1
4222491	1
4222606	1
4222692	1
4222805	1
4222925	1
4222956	1
4222960	1
4223069	1
4223072	1
4223192	1
4223305	1
4223337	1
4223398	1
4223540	2
4223562	1
4223600	1
4223617	2
4223626	1
4223661	1
4223754	1
4223801	1
4223828	1
4223977	1
4224230	1
4224268	1
4224322	1
4224425	1
4224456	1
4224548	1
4224555	1
4224677	1
4224764	1
4224900	1
4224926	1
4224932	1
4224961	2
4224975	1
4225041	1
4225107	1
4225135	1
4225154	1
4225204	1
4225324	1
4225372	1
4225391	1
4225426	1
4225444	1
4225475	1
4225630	1
4225695	1
4225934	1
4225967	1
4226088	1
4226309	1
4226311	1
4226383	1
4226428	1
4226445	1
4226696	1
4226708	1
4226777	1
4226794	1
4226849	1
4226851	1
4227009	1
4227038	1
4227056	1
4227083	1
4227143	1
4227150	1
4227232	1
4227347	1
4227440	1
4227457	1
4227512	1
4227537	1
4227541	1
4227553	1
4227710	1
4227724	1
4227791	2
4227835	1
4227863	1
4227949	1
4227973	1
4227995	1
4228043	1
4228109	1
4228220	1
4228389	1
4228407	1
4228422	1
4228454	1
4228528	1
4228534	1
4228567	1
4228612	1
4228664	1
4228686	1
4228716	1
4228749	1
4228773	1
4228831	1
4228885	1
4228924	1
4228936	1
4228969	1
4228987	2
4228991	1
4229141	1
4229153	1
4229170	1
4229210	1
4229304	1
4229323	1
4229379	2
4229415	1
4229466	1
4229494	1
4229584	1
4229625	1
4229713	1
4229767	1
4229861	1
4229875	1
4229992	1
4230024	1
4230072	1
4230114	1
4230188	2
4230256	1
4230341	1
4230364	1
4230495	1
4230518	1
4230523	1
4230557	1
4230617	1
4230778	1
4230834	1
4230943	1
4231046	1
4231078	1
4231255	1
4231331	1
4231439	1
4231516	1
4231568	1
4231584	1
4231625	1
4231642	1
4231683	1
4231713	1
4231826	1
4231832	2
4231875	1
4231889	1
4231893	1
4231965	1
4231971	1
4232041	1
4232122	1
4232154	1
4232387	1
4232417	1
4232489	1
4232583	1
4232649	2
4232651	1
4232747	1
4232765	1
4232788	1
4232843	2
4232928	1
4232952	1
4232976	1
4232999	1
4233000	1
4233044	1
4233093	1
4233151	1
4233213	1
4233252	1
4233315	1
4233343	1
4233622	1
4233678	1
4233725	1
4233848	1
4233872	1
4233940	1
4233962	1
4234020	1
4234033	2
4234155	1
4234270	1
4234286	1
4234298	1
4234356	1
4234360	2
4234499	2
4234526	1
4234544	1
4234593	1
4234631	1
4234721	1
4234739	1
4234802	1
4234830	1
4234895	1
4234981	1
4235015	1
4235050	1
4235066	1
4235125	1
4235183	1
4235326	1
4235576	1
4235629	1
4235653	1
4235670	1
4235702	1
4235857	1
4235903	1
4235936	1
4235969	1
4235987	1
4236016	1
4236126	1
4236158	1
4236282	1
4236399	1
4236424	1
4236546	1
4236590	1
4236688	1
4236757	1
4236805	1
4236812	1
4236870	1
4236911	1
4236983	1
4236997	1
4237013	1
4237080	1
4237157	1
4237330	1
4237459	1
4237488	1
4237515	1
4237691	1
4237717	1
4237905	1
4237970	1
4238023	1
4238096	1
4238101	1
4238113	1
4238176	1
4238216	1
4238319	1
4238378	1
4238409	1
4238483	1
4238524	1
4238569	1
4238608	1
4238677	1
4238705	1
4238741	1
4238814	1
4239011	1
4239060	1
4239074	1
4239139	1
4239166	1
4239182	1
4239306	1
4239314	1
4239347	1
4239359	1
4239365	1
4239388	1
4239392	1
4239485	1
4239667	1
4239755	1
4239772	1
4239791	1
4239819	1
4239902	1
4239930	1
4239984	1
4240053	1
4240107	1
4240178	1
4240218	1
4240310	2
4240372	1
4240400	1
4240417	1
4240461	1
4240556	1
4240560	1
4240771	1
4240815	1
4240850	1
4240999	1
4241047	1
4241103	1
4241191	1
4241253	2
4241264	1
4241383	1
4241401	1
4241480	1
4241657	1
4241685	1
4241750	1
4241766	1
4241830	1
4241851	1
4241873	1
4241907	1
4241963	1
4242003	1
4242048	1
4242171	1
4242225	1
4242242	1
4242256	1
4242260	1
4242283	1
4242341	1
4242364	1
4242386	1
4242531	1
4242562	1
4242600	1
4242626	1
4242852	1
4242880	1
4243002	1
4243084	1
4243126	1
4243266	1
4243334	1
4243376	1
4243380	1
4243399	2
4243403	1
4243487	1
4243546	1
4243665	1
4243704	1
4243723	1
4243841	1
4243909	1
4244090	1
4244112	1
4244129	1
4244291	1
4244318	1
4244385	1
4244494	1
4244502	1
4244527	1
4244609	1
4244611	1
4244625	1
4244638	1
4244697	1
4244701	1
4244817	1
4244861	1
4244933	1
4245045	1
4245185	1
4245222	1
4245246	1
4245254	1
4245278	1
4245327	1
4245395	1
4245459	1
4245515	1
4245521	1
4245566	1
4245577	1
4245717	1
4245732	1
4245825	1
4245860	1
4245937	1
4246130	1
4246168	1
4246184	1
4246195	1
4246228	1
4246276	1
4246308	1
4246394	1
4246520	1
4246533	1
4246588	1
4246635	1
4246646	1
4246678	1
4246725	1
4246783	1
4246797	1
4246891	1
4246918	1
4246940	1
4246962	1
4246979	1
4247008	1
4247039	1
4247077	2
4247082	1
4247094	1
4247138	1
4247160	1
4247271	1
4247332	1
4247389	1
4247478	1
4247545	1
4247612	1
4247629	1
4247641	1
4247653	1
4247664	1
4247716	1
4247862	1
4247896	1
4247910	1
4247969	1
4248011	1
4248150	1
4248217	1
4248320	1
4248347	1
4248371	1
4248496	1
4248505	1
4248537	1
4248541	1
4248553	2
4248699	1
4248736	1
4248755	1
4248835	1
4248854	1
4248927	1
4248968	1
4248995	1
4249004	1
4249040	1
4249057	1
4249101	1
4249113	1
4249134	2
4249145	1
4249176	1
4249202	1
4249230	1
4249251	1
4249273	1
4249322	1
4249354	1
4249442	1
4249483	1
4249555	1
4249643	1
4249650	1
4249712	1
4249741	1
4249770	1
4249859	1
4249888	1
4249961	1
4250027	1
4250030	1
4250073	1
4250189	1
4250193	1
4250328	1
4250376	1
4250403	1
4250424	1
4250448	1
4250554	1
4250718	1
4250785	1
4250841	1
4250974	1
4250983	1
4250997	1
4251004	1
4251079	1
4251134	1
4251249	1
4251307	1
4251319	1
4251363	1
4251390	1
4251409	1
4251510	1
4251524	1
4251615	1
4251712	1
4251892	1
4251993	1
4252118	1
4252140	1
4252196	1
4252219	1
4252235	1
4252263	1
4252281	1
4252290	1
4252330	1
4252433	1
4252459	1
4252515	1
4252550	1
4252825	1
4252838	1
4252937	1
4253006	1
4253014	1
4253020	2
4253124	1
4253155	1
4253191	1
4253229	1
4253270	1
4253325	1
4253604	1
4253623	1
4253640	1
4253750	1
4253766	1
4253777	1
4253827	1
4253963	1
4253981	1
4253990	1
4254026	1
4254102	2
4254234	1
4254412	1
4254437	1
4254486	1
4254498	1
4254607	1
4254738	1
4254996	1
4255115	1
4255143	1
4255194	1
4255258	1
4255371	1
4255418	1
4255423	1
4255440	1
4255564	1
4255586	1
4255601	1
4255667	1
4255710	1
4255772	2
4255787	1
4255819	1
4256010	1
4256087	1
4256171	1
4256188	1
4256209	1
4256341	1
4256416	1
4256449	1
4256557	1
4256661	1
4256722	1
4256735	1
4256867	1
4256876	1
4256899	1
4256943	1
4256966	1
4257064	1
4257154	1
4257178	1
4257285	1
4257372	1
4257387	1
4257509	1
4257574	1
4257673	1
4257684	1
4257733	1
4257808	1
4257839	1
4257843	1
4257877	1
4257928	1
4257976	1
4258046	1
4258054	1
4258081	1
4258236	1
4258269	1
4258272	1
4258323	1
4258340	1
4258357	1
4258362	1
4258379	1
4258408	1
4258516	1
4258568	1
4258674	1
4258745	1
4258752	1
4258776	1
4258800	1
4258817	1
4258826	1
4258947	1
4259050	1
4259174	1
4259220	1
4259446	1
4259501	1
4259576	1
4259641	1
4259653	1
4259730	1
4259862	1
4260014	1
4260103	1
4260148	1
4260169	1
4260172	1
4260187	1
4260325	1
4260342	1
4260397	1
4260428	1
4260434	1
4260476	1
4260544	1
4260558	1
4260593	1
4260604	1
4260623	1
4260739	1
4260802	1
4260816	1
4260849	1
4260990	1
4261082	1
4261094	1
4261111	1
4261142	1
4261174	1
4261206	1
4261214	1
4261220	2
4261288	1
4261344	1
4261389	1
4261545	1
4261599	1
4261605	1
4261612	1
4261629	1
4261751	1
4261910	1
4261924	1
4261948	1
4261987	1
4262009	1
4262025	1
4262115	1
4262440	1
4262541	1
4262553	1
4262676	1
4262710	1
4262724	1
4262863	1
4262878	1
4263031	1
4263057	1
4263079	1
4263273	1
4263319	1
4263335	1
4263354	1
4263442	1
4263456	1
4263483	1
4263555	1
4263569	1
4263572	1
4263591	1
4263621	1
4263639	1
4263650	1
4263712	1
4263753	1
4263786	1
4263888	1
4263958	1
4264106	1
4264114	1
4264159	1
4264242	1
4264260	1
4264305	1
4264398	1
4264402	1
4264416	1
4264427	1
4264504	1
4264596	1
4264600	1
4264661	1
4264689	1
4264735	1
4264763	1
4264778	2
4264790	1
4264880	1
4264939	1
4265019	1
4265022	1
4265054	1
4265081	1
4265198	1
4265318	1
4265527	1
4265549	1
4265551	1
4265701	1
4265734	1
4265767	1
4265800	1
4265844	1
4265858	1
4265875	1
4265988	2
4265992	1
4266045	1
4266080	1
4266179	1
4266196	1
4266263	1
4266290	1
4266373	1
4266420	1
4266433	1
4266543	1
4266566	1
4266687	1
4266691	1
4266758	1
4266811	1
4266905	1
4266929	1
4267002	1
4267049	1
4267100	1
4267175	1
4267193	1
4267301	1
4267313	1
4267328	1
4267472	1
4267522	2
4267581	1
4267671	1
4267718	1
4267731	1
4267812	1
4267829	1
4267898	1
4267911	1
4267956	1
4267983	1
4268102	1
4268252	1
4268315	1
4268343	1
4268350	1
4268412	1
4268622	1
4268646	1
4268654	1
4268678	1
4268738	1
4268774	1
4268783	1
4268848	1
4268904	1
4268931	1
4269053	1
4269070	1
4269190	1
4269204	1
4269296	1
4269475	1
4269489	1
4269649	1
4269668	1
4269684	1
4269759	1
4269765	1
4269771	1
4269821	1
4269843	1
4269999	1
4270075	1
4270245	1
4270350	1
4270405	1
4270429	1
4270486	1
4270506	1
4270520	1
4270571	1
4270592	1
4270607	1
4270690	1
4270803	1
4270848	1
4270887	1
4270904	1
4271011	1
4271139	1
4271150	1
4271320	1
4271371	1
4271388	1
4271404	1
4271418	1
4271423	1
4271496	1
4271541	1
4271628	1
4271787	1
4271791	1
4271890	1
4271968	1
4272039	1
4272050	1
4272077	1
4272109	1
4272142	1
4272197	1
4272214	1
4272220	1
4272300	1
4272567	1
4272576	1
4272580	1
4272716	1
4272727	2
4272784	1
4272795	1
4272969	1
4273007	1
4273019	1
4273022	1
4273054	1
4273090	1
4273112	1
4273186	1
4273255	1
4273323	1
4273408	1
4273494	1
4273551	1
4273642	1
4273683	1
4273745	1
4273817	1
4273844	1
4273965	1
4274049	1
4274068	1
4274132	1
4274239	1
4274282	1
4274334	1
4274469	1
4274535	1
4274578	1
4274581	1
4274606	1
4274762	1
4274925	1
4275101	1
4275167	1
4275199	1
4275249	1
4275284	1
4275322	1
4275335	1
4275409	1
4275460	1
4275548	1
4275569	1
4275608	1
4275643	1
4275847	1
4275871	1
4275961	1
4275993	1
4276005	1
4276053	1
4276107	1
4276119	1
4276231	1
4276279	1
4276387	1
4276493	1
4276542	1
4276574	1
4276597	1
4276602	1
4276733	1
4276894	1
4276967	1
4277048	1
4277114	1
4277133	1
4277147	1
4277188	1
4277211	1
4277370	1
4277427	1
4277430	1
4277451	1
4277557	1
4277562	1
4277585	1
4277617	1
4277661	1
4277693	1
4277722	1
4277735	1
4277754	1
4277834	1
4277921	1
4278014	1
4278088	1
4278270	1
4278298	1
4278383	1
4278434	2
4278517	1
4278526	1
4278715	1
4278782	1
4278849	1
4278978	1
4279076	1
4279118	1
4279131	1
4279140	1
4279179	1
4279185	1
4279196	1
4279235	1
4279406	1
4279414	1
4279420	1
4279433	1
4279648	1
4279669	1
4279691	1
4279717	1
4279856	1
4279937	1
4280022	1
4280105	1
4280137	1
4280141	1
4280153	1
4280269	1
4280272	1
4280291	1
4280323	1
4280450	1
4280642	1
4280683	1
4280697	1
4280701	1
4280861	1
4280893	1
4280965	1
4280971	1
4280992	1
4281067	1
4281099	1
4281131	1
4281196	1
4281349	1
4281395	1
4281465	1
4281488	2
4281577	1
4281700	1
4281732	1
4281758	1
4281929	1
4281964	1
4282023	1
4282202	1
4282295	1
4282319	2
4282346	1
4282390	1
4282524	1
4282729	1
4282820	1
4283009	1
4283011	1
4283097	1
4283200	1
4283217	1
4283275	1
4283293	1
4283418	1
4283457	1
4283613	1
4283755	1
4283769	1
4283951	1
4283995	1
4284098	1
4284107	1
4284146	1
4284178	1
4284181	1
4284231	1
4284426	1
4284574	1
4284649	1
4284651	1
4284668	1
4284684	1
4284934	1
4285092	1
4285136	1
4285229	1
4285286	1
4285342	1
4285401	1
4285413	1
4285428	1
4285500	1
4285517	1
4285561	1
4285575	1
4285623	1
4285631	1
4285640	1
4285662	1
4285715	1
4285827	1
4285873	1
4285895	1
4285954	1
4286039	1
4286066	1
4286082	2
4286288	1
4286389	1
4286478	1
4286605	1
4286612	1
4286653	1
4286773	1
4286857	1
4286903	1
4286955	1
4287044	1
4287089	1
4287093	1
4287168	1
4287201	1
4287299	1
4287315	1
4287429	1
4287437	1
4287619	1
4287810	1
4287848	1
4287869	1
4287957	1
4287985	1
4288095	1
4288144	1
4288239	1
4288345	1
4288380	1
4288519	1
4288581	1
4288590	1
4288659	1
4288757	1
4288762	1
4288779	1
4288805	1
4288829	1
4288837	1
4288870	1
4288974	1
4288997	1
4289087	1
4289147	1
4289159	1
4289171	1
4289312	1
4289416	1
4289518	1
4289531	1
4289557	1
4289661	1
4289813	1
4289899	1
4289943	1
4290025	1
4290042	1
4290108	1
4290182	1
4290217	2
4290314	1
4290404	1
4290462	1
4290512	1
4290541	1
4290553	1
4290634	1
4290652	1
4290699	1
4290703	2
4290724	1
4290787	1
4290902	1
4290930	2
4290949	1
4291106	1
4291133	1
4291238	1
4291260	1
4291398	1
4291430	1
4291451	1
4291518	1
4291596	1
4291661	1
4291689	1
4291693	1
4291939	1
4291950	1
4291982	1
4292006	1
4292136	1
4292205	1
4292237	1
4292264	1
4292309	1
4292360	1
4292413	1
4292467	1
4292517	1
4292532	1
4292593	1
4292604	1
4292696	1
4292739	1
4292766	1
4292777	1
4292782	1
4292830	1
4292895	1
4293034	1
4293067	1
4293080	1
4293157	1
4293219	1
4293373	1
4293447	1
4293566	1
4293636	1
4293717	1
4293789	1
4293793	1
4293825	1
4293838	1
4293856	1
4293874	1
4293905	1
4293912	1
4293986	1
4294015	1
4294050	1
4294111	1
4294156	1
4294174	1
4294214	2
4294292	1
4294534	1
4294545	1
4294576	1
4294612	1
4294629	1
4294637	1
4294664	1
4294795	1
4294804	1
4294831	1
4294969	1
4295002	1
4295095	1
4295100	1
4295126	1
4295144	1
4295161	1
4295175	1
4295215	1
4295239	1
4295250	1
4295282	1
4295367	1
4295376	1
4295410	1
4295436	1
4295671	1
4295796	1
4295812	1
4295853	1
4296040	1
4296113	1
4296134	1
4296202	1
4296284	1
4296322	1
4296363	1
4296381	1
4296409	1
4296483	1
4296510	1
4296548	1
4296572	1
4296591	1
4296639	2
4296682	1
4296737	1
4296786	1
4296798	1
4296814	1
4296820	1
4296871	1
4296900	1
4296932	1
4297063	1
4297090	1
4297129	1
4297137	1
4297170	1
4297224	1
4297287	1
4297291	1
4297318	1
4297362	1
4297385	1
4297502	1
4297595	1
4297638	1
4297713	1
4297799	1
4297800	1
4297861	1
4297933	1
4298053	1
4298070	1
4298163	1
4298181	1
4298240	1
4298369	1
4298461	1
4298493	1
4298583	1
4298649	1
4298720	1
4298765	1
4298771	1
4298788	1
4298882	1
4298976	1
4299044	1
4299061	1
4299089	1
4299173	1
4299228	1
4299276	1
4299321	1
4299366	1
4299377	1
4299382	1
4299394	1
4299412	1
4299441	1
4299690	1
4299711	1
4299810	1
4299836	1
4299887	1
4299979	1
4300047	1
4300065	1
4300088	1
4300110	1
4300264	1
4300311	1
4300325	1
4300356	1
4300428	1
4300452	1
4300544	1
4300575	1
4300715	1
4300739	1
4300816	1
4300954	1
4300981	1
4301021	1
4301077	1
4301082	1
4301138	1
4301206	1
4301332	1
4301446	1
4301576	1
4301612	1
4301629	1
4301637	1
4301727	1
4301784	1
4301804	1
4301818	1
4301903	1
4301991	1
4302038	1
4302108	1
4302139	1
4302166	1
4302371	1
4302479	1
4302496	1
4302505	1
4302667	1
4302736	1
4302787	1
4302854	2
4302902	1
4302916	1
4302984	1
4303004	1
4303062	1
4303113	1
4303199	1
4303227	1
4303268	1
4303284	1
4303378	2
4303409	1
4303483	1
4303510	1
4303548	1
4303639	1
4303650	1
4303677	1
4303729	2
4303741	1
4303892	1
4303900	1
4303926	1
4303993	1
4304024	1
4304036	1
4304147	1
4304242	1
4304364	1
4304427	1
4304495	1
4304504	1
4304523	1
4304661	1
4304693	1
4304828	1
4304845	1
4304876	1
4304880	1
4304908	1
4304939	1
4305081	1
4305141	1
4305236	1
4305304	1
4305340	1
4305357	1
4305516	2
4305660	1
4305701	1
4305745	1
4305752	1
4305844	1
4305889	1
4305933	1
4305971	1
4306045	1
4306099	1
4306123	1
4306179	1
4306219	1
4306550	1
4306577	1
4306610	1
4306655	1
4306732	1
4306758	1
4306789	1
4306842	1
4306905	1
4307051	1
4307132	1
4307161	1
4307215	1
4307239	1
4307403	1
4307614	1
4307718	1
4307723	1
4307731	1
4307805	1
4307841	1
4307864	1
4307956	1
4307974	1
4308058	1
4308061	1
4308093	1
4308184	1
4308339	1
4308366	1
4308394	1
4308506	1
4308514	1
4308533	1
4308571	1
4308678	1
4308797	1
4308869	1
4308940	1
4308957	1
4309005	1
4309012	1
4309064	1
4309135	1
4309146	1
4309178	1
4309204	1
4309257	1
4309279	1
4309369	1
4309458	1
4309461	1
4309493	1
4309627	1
4309673	1
4309706	1
4309733	1
4309765	1
4309808	1
4309850	1
4309877	1
4309882	1
4309901	1
4309934	1
4310016	1
4310208	1
4310301	1
4310352	1
4310399	1
4310424	1
4310487	1
4310535	1
4310633	1
4310723	1
4310785	1
4310805	1
4310864	1
4310956	1
4310960	1
4311096	1
4311167	1
4311268	1
4311273	1
4311322	1
4311363	1
4311378	1
4311460	1
4311497	1
4311608	1
4311621	1
4311639	1
4311666	1
4311682	1
4311729	1
4311753	1
4311786	1
4311798	1
4311847	1
4311917	1
4312001	1
4312302	1
4312316	1
4312368	1
4312459	1
4312515	1
4312577	1
4312610	1
4312655	1
4312726	1
4312761	1
4312838	1
4312883	1
4312905	1
4312986	1
4313033	1
4313124	1
4313148	1
4313169	1
4313253	1
4313309	1
4313342	1
4313356	1
4313413	1
4313428	1
4313499	1
4313532	1
4313604	1
4313631	1
4313696	1
4313750	1
4313782	1
4313794	1
4313816	1
4313830	1
4313873	1
4313895	1
4313935	1
4313981	1
4314000	1
4314075	1
4314130	1
4314299	1
4314321	1
4314520	1
4314622	1
4314635	1
4314663	1
4314690	1
4314709	1
4314760	1
4315060	1
4315150	1
4315166	1
4315194	1
4315200	1
4315258	1
4315261	1
4315289	1
4315293	1
4315314	1
4315418	1
4315457	1
4315496	1
4315601	1
4315703	2
4315772	1
4315791	1
4315819	1
4315822	1
4315902	1
4315930	1
4315973	1
4316133	1
4316165	1
4316171	1
4316188	1
4316305	1
4316337	1
4316341	1
4316370	1
4316398	1
4316416	1
4316484	1
4316540	1
4316600	1
4316689	1
4316735	1
4316746	1
4316801	1
4316880	1
4316950	1
4316977	1
4317070	1
4317107	1
4317163	1
4317257	1
4317279	1
4317285	1
4317391	1
4317417	1
4317444	1
4317493	1
4317509	1
4317556	1
4317649	1
4317714	1
4317808	1
4317866	1
4317913	1
4317980	1
4317999	1
4318007	1
4318198	1
4318248	1
4318287	1
4318443	1
4318466	1
4318494	1
4318516	1
4318527	1
4318568	1
4318584	1
4318674	1
4318776	1
4318799	1
4318800	1
4318826	1
4318914	1
4318947	1
4318959	1
4318965	2
4319015	2
4319039	1
4319138	1
4319160	1
4319220	1
4319375	1
4319393	1
4319422	1
4319481	1
4319567	1
4319580	1
4319612	1
4319670	1
4319795	1
4319862	1
4319879	1
4319910	1
4319924	1
4319955	1
4320026	1
4320058	1
4320102	1
4320127	1
4320245	1
4320267	1
4320280	1
4320321	1
4320366	1
4320470	1
4320565	1
4320690	1
4320810	1
4320869	1
4320887	1
4320931	1
4321074	1
4321083	1
4321115	1
4321226	1
4321244	1
4321320	1
4321333	1
4321440	1
4321496	1
4321512	1
4321553	1
4321564	1
4321628	1
4321748	1
4321927	1
4321951	1
4321968	1
4322008	1
4322066	1
4322077	1
4322094	1
4322138	1
4322156	1
4322160	1
4322220	1
4322233	1
4322358	1
4322393	1
4322435	1
4322454	1
4322528	1
4322605	1
4322664	1
4322749	1
4322795	1
4322804	1
4322823	1
4322987	1
4323007	1
4323137	1
4323153	1
4323248	1
4323379	1
4323443	1
4323477	1
4323527	1
4323530	1
4323549	1
4323573	1
4323609	1
4323734	1
4323920	1
4323959	1
4324068	1
4324073	1
4324158	1
4324161	1
4324189	1
4324243	1
4324294	1
4324403	1
4324436	2
4324487	1
4324590	1
4324614	1
4324688	1
4324841	1
4324997	1
4325004	1
4325031	1
4325079	1
4325113	1
4325295	1
4325335	1
4325378	1
4325390	1
4325409	1
4325411	1
4325497	1
4325510	1
4325569	1
4325587	1
4325608	1
4325621	1
4325650	1
4325737	1
4325741	1
4325770	1
4325814	1
4325888	2
4325892	1
4325932	1
4325961	1
4325989	1
4325993	1
4326041	1
4326119	1
4326146	1
4326231	1
4326257	1
4326336	1
4326400	1
4326432	1
4326542	1
4326602	1
4326630	1
4326882	1
4327003	1
4327055	2
4327106	1
4327114	1
4327147	1
4327165	1
4327305	1
4327329	1
4327416	1
4327451	1
4327504	1
4327531	1
4327585	1
4327617	1
4327658	1
4327675	2
4327693	1
4327763	1
4327778	1
4327828	1
4327876	1
4327880	1
4327908	1
4327915	1
4327939	1
4327982	1
4328047	1
4328092	1
4328124	1
4328136	1
4328205	1
4328237	1
4328253	1
4328270	1
4328499	1
4328604	1
4328708	1
4328739	1
4328851	1
4328963	1
4329179	1
4329207	1
4329222	1
4329278	1
4329290	1
4329373	1
4329433	1
4329655	1
4329700	1
4329732	1
4329758	1
4329775	1
4329793	1
4329842	1
4329897	1
4329941	1
4330035	1
4330129	2
4330186	1
4330198	1
4330248	1
4330318	1
4330323	1
4330385	1
4330477	1
4330527	1
4330573	1
4330656	1
4330683	1
4330728	1
4330767	1
4330893	1
4330906	1
4330933	1
4331045	1
4331196	1
4331330	1
4331420	1
4331459	2
4331488	1
4331492	1
4331508	1
4331521	1
4331603	1
4331687	1
4331717	1
4331744	1
4331789	1
4331856	1
4331941	1
4332031	1
4332062	1
4332101	1
4332249	1
4332273	2
4332284	1
4332425	1
4332442	1
4332460	1
4332510	1
4332569	1
4332591	1
4332608	1
4332643	1
4332650	1
4332694	1
4332705	1
4332753	1
4332820	1
4332975	1
4333025	1
4333108	1
4333143	1
4333194	1
4333200	1
4333217	1
4333289	1
4333293	1
4333333	1
4333423	1
4333462	1
4333537	1
4333541	1
4333613	1
4333755	1
4333769	1
4333772	1
4333787	1
4333822	1
4333902	1
4333949	1
4333973	1
4334005	1
4334041	1
4334122	1
4334135	1
4334146	1
4334163	1
4334178	1
4334218	1
4334231	1
4334285	1
4334336	1
4334475	1
4334511	1
4334560	2
4334574	1
4334583	1
4334627	2
4334630	1
4334668	1
4334673	1
4334747	1
4334765	1
4334877	1
4334882	1
4334945	1
4334967	1
4335020	1
4335033	1
4335088	1
4335148	2
4335191	1
4335212	1
4335311	1
4335342	1
4335413	1
4335526	1
4335777	1
4335794	1
4335827	1
4335873	1
4335884	1
4335922	1
4335946	1
4335978	1
4335990	1
4336015	1
4336039	1
4336043	1
4336125	1
4336156	1
4336233	1
4336317	1
4336389	1
4336419	1
4336454	1
4336490	1
4336567	1
4336702	1
4336716	2
4336749	1
4336924	1
4337213	1
4337267	1
4337276	1
4337382	1
4337394	1
4337498	1
4337571	1
4337681	1
4337690	1
4337711	1
4337756	1
4337783	1
4337836	1
4337887	1
4337923	1
4338051	1
4338117	1
4338132	1
4338221	1
4338334	1
4338345	1
4338376	1
4338491	1
4338590	1
4338606	1
4338614	1
4338671	1
4338812	1
4338841	1
4338864	1
4338925	1
4339024	1
4339055	1
4339091	1
4339133	1
4339159	2
4339165	1
4339209	1
4339283	1
4339312	1
4339402	1
4339416	1
4339495	1
4339504	1
4339626	1
4339644	1
4339719	1
4339778	1
4339982	1
4340031	1
4340128	1
4340307	1
4340319	1
4340438	1
4340456	1
4340460	1
4340474	1
4340524	1
4340555	1
4340569	1
4340643	1
4340682	1
4340764	1
4340770	1
4340806	1
4340820	1
4340859	1
4340888	1
4340932	1
4340989	1
4341098	1
4341146	1
4341181	1
4341240	1
4341387	1
4341400	1
4341426	1
4341444	1
4341509	1
4341525	1
4341542	1
4341597	1
4341616	1
4341720	1
4341765	1
4341792	1
4341808	1
4341815	1
4341843	1
4341850	1
4341882	1
4341945	1
4341952	1
4341999	1
4342224	1
4342379	1
4342396	1
4342421	1
4342568	1
4342674	1
4342697	1
4342776	1
4342832	1
4342947	1
4343094	1
4343206	1
4343220	1
4343259	1
4343271	1
4343332	1
4343393	1
4343407	1
4343528	2
4343567	1
4343580	1
4343629	1
4343664	1
4343686	1
4343698	1
4343795	2
4343818	1
4343823	1
4343955	1
4343987	1
4344028	2
4344034	1
4344099	1
4344207	1
4344222	1
4344246	1
4344414	1
4344515	1
4344539	1
4344594	1
4344624	1
4344700	1
4344717	1
4344825	1
4344856	1
4344929	1
4345026	1
4345252	1
4345299	1
4345339	1
4345350	1
4345366	1
4345405	1
4345453	1
4345464	1
4345520	1
4345533	1
4345547	1
4345571	1
4345663	1
4345678	1
4345681	1
4345783	1
4345887	1
4345904	1
4345923	1
4345940	1
4345957	1
4346009	1
4346025	1
4346060	1
4346097	1
4346258	1
4346479	1
4346505	1
4346570	1
4346645	1
4346680	1
4346703	1
4346748	1
4346755	1
4346769	1
4346819	1
4346822	1
4346854	1
4346890	1
4346951	1
4347071	1
4347155	1
4347169	1
4347191	1
4347212	1
4347229	1
4347286	1
4347342	1
4347383	1
4347476	1
4347480	1
4347558	1
4347623	1
4347662	1
4347715	1
4347743	1
4347830	1
4347935	1
4347946	1
4347978	1
4348010	1
4348036	1
4348048	1
4348069	1
4348072	1
4348087	1
4348120	1
4348133	2
4348188	1
4348192	1
4348260	1
4348449	2
4348451	1
4348531	1
4348596	1
4348617	1
4348644	1
4348707	1
4348719	1
4348735	1
4348778	1
4348781	1
4349158	1
4349175	1
4349239	1
4349380	1
4349399	1
4349424	1
4349487	1
4349522	1
4349578	1
4349590	1
4349740	1
4349841	1
4349974	1
4349983	1
4350077	1
4350109	1
4350125	1
4350220	1
4350233	1
4350265	1
4350271	1
4350300	1
4350422	1
4350576	1
4350580	1
4350599	1
4350637	1
4350664	1
4350727	1
4350751	1
4350795	1
4350936	1
4350972	1
4351027	1
4351051	1
4351073	1
4351126	1
4351215	1
4351266	1
4351367	1
4351403	1
4351436	1
4351491	1
4351665	1
4351718	1
4351731	1
4351757	1
4351785	1
4351796	1
4351812	1
4351864	1
4351909	1
4352061	1
4352093	1
4352315	1
4352405	1
4352453	1
4352498	1
4352810	1
4353122	1
4353135	1
4353223	1
4353240	1
4353257	1
4353262	1
4353369	1
4353391	1
4353426	1
4353538	1
4353714	1
4353759	1
4353771	1
4353843	1
4353976	1
4354139	1
4354150	1
4354166	1
4354177	1
4354194	1
4354200	1
4354258	1
4354261	1
4354289	1
4354423	1
4354529	1
4354564	2
4354598	1
4354601	1
4354613	1
4354634	1
4354652	1
4354667	1
4354787	1
4354822	1
4354835	1
4354927	1
4354951	1
4354968	1
4354984	2
4355072	1
4355188	1
4355256	1
4355283	1
4355297	1
4355341	1
4355416	1
4355468	1
4355495	1
4355557	1
4355585	1
4355719	1
4355722	1
4355735	1
4355852	1
4355921	1
4355943	1
4356063	1
4356105	1
4356137	1
4356141	1
4356198	1
4356236	1
4356269	1
4356415	1
4356439	1
4356482	1
4356516	1
4356551	1
4356611	1
4356697	2
4356701	1
4356728	1
4356745	1
4356776	1
4356914	1
4356933	1
4356971	1
4357018	1
4357031	1
4357062	1
4357307	1
4357438	1
4357497	1
4357524	1
4357694	1
4357712	1
4357741	1
4357786	1
4357798	1
4357865	1
4357888	1
4357932	1
4358052	1
4358076	1
4358118	1
4358162	1
4358254	1
4358263	1
4358327	1
4358330	1
4358384	1
4358395	1
4358406	1
4358414	1
4358543	2
4358726	1
4358758	1
4358761	1
4358929	1
4359014	1
4359092	1
4359110	1
4359229	1
4359338	1
4359397	1
4359401	2
4359434	1
4359452	1
4359499	1
4359558	1
4359618	1
4359849	1
4359873	1
4359895	1
4360086	1
4360163	1
4360240	1
4360262	1
4360336	1
4360391	1
4360426	1
4360444	1
4360458	1
4360461	1
4360574	1
4360808	1
4360882	1
4360913	1
4361047	1
4361092	1
4361155	1
4361205	1
4361229	1
4361241	2
4361428	1
4361480	1
4361532	1
4361575	1
4361715	1
4361721	1
4361802	1
4361816	1
4361907	1
4361946	1
4361981	1
4362010	1
4362159	1
4362260	1
4362274	1
4362337	1
4362341	1
4362495	1
4362626	1
4362632	1
4362754	1
4362790	1
4362813	1
4362876	1
4363051	1
4363100	2
4363161	1
4363175	1
4363215	1
4363243	1
4363277	1
4363294	1
4363328	1
4363352	1
4363376	1
4363403	1
4363410	1
4363424	2
4363614	2
4363633	1
4363671	1
4363688	1
4363718	1
4363841	1
4363864	1
4363925	1
4364035	1
4364046	1
4364090	1
4364112	1
4364137	1
4364236	1
4364323	1
4364408	1
4364482	1
4364683	1
4364697	1
4364734	1
4364745	1
4364780	1
4364799	1
4364800	1
4364906	1
4364965	1
4365080	1
4365099	1
4365123	1
4365131	1
4365196	1
4365222	1
4365235	1
4365281	1
4365302	1
4365492	1
4365550	1
4365577	1
4365648	1
4365687	1
4365691	1
4365726	1
4365744	1
4365789	1
4365811	1
4365860	1
4365970	1
4366017	1
4366089	1
4366102	1
4366130	1
4366173	1
4366267	1
4366394	1
4366412	1
4366429	1
4366470	1
4366559	1
4366565	1
4366635	1
4366646	1
4366678	1
4366760	1
4366774	1
4366824	1
4366836	1
4366904	1
4366940	1
4366979	1
4367008	1
4367043	1
4367094	1
4367125	1
4367317	1
4367393	1
4367407	1
4367419	1
4367446	1
4367612	1
4367818	1
4368009	1
4368042	2
4368139	1
4368258	1
4368314	1
4368457	1
4368553	1
4368645	1
4368652	1
4368680	1
4368710	1
4368769	1
4368787	1
4368854	1
4368881	1
4368951	1
4368968	1
4369113	1
4369134	1
4369152	1
4369176	1
4369216	1
4369251	1
4369268	1
4369354	1
4369381	1
4369442	1
4369456	1
4369770	1
4369806	1
4369859	1
4369900	1
4369926	1
4370083	1
4370143	1
4370150	1
4370166	1
4370182	1
4370392	1
4370485	1
4370529	1
4370553	1
4370601	1
4370628	1
4370634	1
4370724	1
4370791	1
4370890	1
4370902	1
4370949	1
4371147	1
4371260	1
4371274	1
4371312	1
4371364	1
4371430	1
4371495	1
4371562	1
4371585	1
4371617	1
4371658	1
4371693	1
4371845	1
4371921	1
4371950	1
4372136	1
4372172	1
4372229	1
4372241	1
4372338	1
4372374	1
4372434	1
4372452	1
4372500	1
4372517	1
4372589	2
4372685	1
4372766	1
4372782	1
4373028	1
4373076	1
4373131	1
4373207	1
4373246	1
4373254	1
4373420	1
4373550	1
4373610	1
4373687	1
4373761	1
4373809	1
4373937	1
4374008	1
4374111	1
4374156	1
4374160	1
4374197	1
4374233	1
4374247	1
4374271	1
4374288	1
4374407	1
4374637	1
4374716	1
4374768	1
4374773	1
4374784	1
4374857	1
4374948	1
4375030	1
4375100	2
4375193	2
4375239	1
4375352	1
4375367	1
4375546	1
4375606	1
4375633	1
4375665	1
4375757	1
4375853	1
4375909	1
4375938	1
4376023	1
4376062	1
4376152	1
4376199	1
4376251	1
4376273	1
4376295	1
4376354	1
4376390	1
4376409	1
4376536	1
4376569	1
4376591	1
4376615	1
4376764	1
4376917	1
4377022	1
4377078	2
4377105	1
4377129	1
4377170	1
4377224	1
4377291	1
4377331	1
4377357	1
4377477	1
4377516	1
4377530	1
4377625	1
4377697	1
4377817	1
4377914	1
4377959	1
4377988	1
4378146	1
4378163	1
4378240	1
4378336	1
4378369	1
4378432	1
4378493	1
4378538	1
4378574	1
4378627	1
4378651	1
4378714	1
4378839	1
4378850	1
4378901	1
4378945	1
4379075	1
4379089	1
4379127	1
4379130	1
4379168	1
4379280	1
4379299	1
4379321	1
4379339	1
4379343	1
4379377	1
4379470	1
4379559	1
4379607	1
4379918	1
4379979	1
4379996	1
4380034	1
4380118	1
4380162	1
4380235	1
4380316	1
4380330	1
4380349	1
4380508	1
4380543	1
4380594	1
4380636	1
4380687	1
4380717	1
4380775	1
4380793	1
4380842	1
4380883	1
4380953	1
4380964	1
4380986	1
4381026	1
4381168	1
4381276	1
4381377	1
4381405	1
4381533	1
4381565	1
4381663	1
4381803	1
4381891	1
4381957	1
4382002	1
4382051	1
4382144	1
4382175	1
4382215	1
4382221	1
4382328	1
4382345	1
4382399	1
4382403	1
4382647	1
4382779	1
4382785	1
4382837	1
4382942	1
4382956	1
4382997	1
4383003	1
4383114	1
4383165	2
4383329	1
4383353	1
4383364	1
4383495	1
4383540	1
4383585	1
4383596	1
4383661	1
4383746	1
4383876	1
4383943	1
4383966	1
4384004	1
4384018	1
4384023	1
4384057	1
4384062	1
4384101	1
4384227	1
4384346	1
4384425	1
4384442	1
4384503	1
4384524	1
4384548	1
4384569	1
4384712	1
4384729	1
4384770	1
4384798	1
4384814	1
4384871	1
4384900	1
4385005	1
4385012	1
4385029	1
4385119	1
4385190	1
4385296	1
4385310	1
4385324	1
4385426	1
4385747	2
4385771	1
4385821	1
4385882	1
4385967	1
4386006	1
4386071	1
4386148	1
4386237	1
4386253	1
4386270	1
4386356	1
4386360	1
4386428	1
4386561	1
4386623	1
4386640	1
4386739	1
4386830	1
4386851	1
4386868	1
4386922	1
4386935	2
4386978	2
4387097	1
4387232	1
4387244	1
4387314	1
4387371	1
4387418	1
4387529	1
4387598	1
4387769	1
4387890	1
4388077	1
4388094	1
4388109	1
4388183	1
4388247	1
4388288	1
4388454	1
4388513	1
4388545	1
4388576	1
4388637	1
4388641	1
4388784	1
4388862	1
4388910	1
4388955	2
4389022	1
4389063	1
4389078	1
4389112	1
4389170	1
4389203	1
4389210	1
4389287	1
4389331	1
4389357	1
4389477	1
4389494	1
4389767	1
4389776	1
4389858	1
4389920	1
4389965	1
4389971	1
4390209	1
4390211	1
4390238	1
4390256	1
4390364	1
4390416	1
4390427	1
4390430	1
4390518	1
4390585	1
4390632	1
4390735	1
4390943	1
4390966	1
4391022	1
4391203	2
4391291	1
4391340	1
4391385	1
4391443	1
4391502	1
4391549	1
4391611	1
4391638	1
4391660	1
4391745	1
4391817	1
4391826	1
4391861	1
4391889	1
4391906	1
4391914	1
4391971	1
4392005	1
4392037	1
4392064	1
4392098	1
4392107	1
4392135	1
4392146	1
4392204	1
4392231	1
4392257	1
4392336	1
4392489	1
4392511	1
4392538	1
4392560	1
4392583	1
4392668	1
4392673	1
4392720	1
4392808	1
4392815	1
4392882	1
4392901	1
4392928	1
4392945	1
4392952	1
4393026	1
4393032	1
4393044	1
4393061	1
4393149	1
4393429	1
4393453	1
4393486	1
4393559	1
4393571	1
4393592	1
4393619	1
4393646	1
4393654	1
4393681	1
4393774	1
4393797	1
4393810	1
4393848	1
4393869	1
4393872	1
4393979	1
4394006	1
4394088	1
4394092	1
4394124	1
4394172	1
4394229	1
4394241	1
4394286	1
4394311	1
4394325	1
4394360	1
4394374	1
4394413	1
4394428	1
4394467	1
4394499	1
4394526	1
4394593	1
4394623	1
4394766	1
4394777	1
4394802	1
4394830	1
4394954	1
4395021	1
4395160	2
4395174	1
4395197	1
4395220	1
4395259	1
4395332	1
4395344	1
4395358	1
4395454	1
4395528	1
4395534	1
4395670	1
4395730	1
4395751	1
4395784	1
4395795	1
4395885	1
4395955	1
4396027	1
4396073	1
4396084	1
4396208	1
4396221	1
4396266	1
4396282	1
4396294	1
4396352	1
4396424	1
4396436	1
4396448	1
4396606	1
4396723	1
4396779	1
4396942	1
4397013	2
4397028	1
4397045	1
4397140	1
4397185	1
4397395	1
4397459	1
4397471	1
4397515	1
4397577	1
4397603	1
4397655	1
4397811	1
4397874	1
4397953	1
4397986	1
4398023	1
4398057	1
4398062	1
4398227	1
4398249	1
4398319	1
4398335	1
4398354	1
4398438	1
4398524	1
4398572	1
4398587	1
4398650	1
4398737	1
4398865	1
4399038	1
4399139	1
4399150	1
4399182	1
4399232	1
4399258	1
4399371	1
4399496	1
4399512	1
4399652	1
4399710	1
4399787	1
4399819	1
4399822	1
4399835	1
4399973	1
4400045	1
4400076	1
4400104	1
4400118	1
4400123	1
4400162	1
4400263	1
4400384	1
4400433	1
4400521	1
4400594	1
4400603	1
4400648	1
4400726	1
4400732	1
4400809	1
4400811	1
4400897	1
4400970	1
4401151	1
4401245	1
4401276	1
4401315	1
4401377	1
4401486	1
4401571	1
4401588	1
4401622	1
4401690	1
4401742	1
4401760	1
4401783	1
4401810	1
4401891	1
4401904	2
4401918	1
4402002	1
4402016	1
4402051	1
4402239	1
4402367	1
4402376	1
4402399	1
4402410	2
4402424	1
4402436	1
4402455	1
4402581	1
4402606	1
4402620	1
4402633	1
4402659	1
4402723	2
4402762	1
4402785	1
4402853	1
4403036	1
4403159	1
4403165	1
4403209	1
4403225	1
4403260	1
4403297	1
4403416	1
4403468	1
4403617	1
4403658	1
4403693	1
4403719	1
4403754	1
4404202	1
4404230	1
4404295	1
4404378	1
4404438	1
4404442	1
4404460	1
4404497	1
4404503	1
4404591	1
4404639	1
4404682	1
4404694	1
4404729	1
4404798	1
4404806	1
4404820	1
4404833	1
4404859	1
4404865	1
4404926	1
4404932	1
4405107	1
4405190	1
4405240	1
4405257	1
4405310	1
4405324	2
4405369	1
4405417	1
4405509	1
4405651	1
4405788	1
4405839	1
4405850	1
4405877	1
4405934	1
4405952	1
4405976	1
4406065	1
4406110	1
4406172	1
4406187	1
4406212	1
4406241	1
4406325	1
4406374	1
4406383	1
4406413	1
4406428	1
4406467	1
4406480	1
4406526	1
4406532	1
4406575	1
4406593	1
4406618	1
4406657	1
4406777	1
4406884	1
4406895	1
4406978	1
4407025	1
4407038	1
4407177	1
4407289	1
4407306	1
4407388	1
4407392	1
4407431	1
4407505	1
4407598	1
4407710	1
4407769	1
4407951	1
4407968	1
4407973	1
4408015	1
4408021	1
4408050	1
4408066	1
4408206	1
4408259	1
4408344	1
4408389	1
4408419	1
4408478	1
4408481	1
4408513	1
4408567	1
4408749	1
4408795	1
4409035	1
4409112	1
4409170	1
4409210	1
4409269	1
4409323	1
4409357	1
4409379	1
4409385	1
4409396	1
4409482	1
4409494	1
4409502	1
4409573	1
4409713	1
4409752	1
4409767	2
4409776	1
4409799	1
4409861	1
4409875	1
4409920	1
4409971	1
4410074	1
4410097	1
4410143	1
4410232	1
4410261	1
4410359	1
4410423	1
4410634	1
4410645	1
4410835	1
4410863	1
4410878	1
4410902	1
4410930	1
4410968	1
4411055	1
4411120	1
4411133	1
4411188	1
4411211	1
4411364	1
4411430	1
4411557	1
4411579	1
4411596	1
4411658	1
4411754	1
4411781	1
4412071	1
4412187	1
4412191	1
4412311	1
4412342	1
4412356	1
4412374	2
4412428	1
4412476	1
4412532	1
4412575	1
4412604	1
4412623	1
4412919	1
4412954	1
4413076	1
4413104	1
4413162	1
4413185	1
4413235	1
4413254	1
4413327	1
4413384	1
4413414	2
4413447	1
4413492	1
4413508	1
4413543	1
4413775	1
4413809	1
4413838	1
4413912	1
4414021	1
4414082	1
4414109	1
4414160	1
4414220	1
4414233	1
4414513	1
4414528	1
4414545	1
4414576	1
4414612	1
4414702	1
4414716	1
4414749	1
4414795	1
4414857	1
4414885	1
4414924	1
4414936	1
4415144	1
4415208	1
4415215	1
4415239	1
4415282	1
4415345	1
4415352	2
4415410	1
4415472	1
4415563	1
4415614	1
4415659	1
4415688	1
4415692	1
4415723	1
4415731	1
4415829	1
4415909	1
4415925	1
4415938	1
4416062	1
4416096	1
4416134	1
4416152	1
4416249	1
4416319	1
4416378	1
4416425	1
4416474	1
4416587	1
4416591	1
4416608	1
4416615	2
4416643	1
4416677	1
4416729	2
4416764	1
4416888	1
4416932	1
4416961	1
4416989	1
4417035	1
4417255	1
4417291	1
4417396	1
4417408	1
4417439	1
4417551	1
4417697	1
4417701	1
4417734	1
4417965	1
4418012	1
4418122	1
4418135	1
4418146	1
4418178	1
4418310	1
4418432	1
4418597	1
4418649	1
4418720	1
4418771	1
4418788	1
4418815	1
4418821	1
4418866	1
4418901	1
4419017	1
4419058	1
4419061	1
4419127	1
4419245	1
4419339	2
4419607	1
4419635	1
4419690	1
4419742	1
4419803	1
4419855	1
4419872	1
4419904	1
4420043	1
4420125	1
4420138	1
4420300	1
4420393	1
4420576	1
4420670	1
4420686	1
4420730	1
4420784	1
4420795	1
4420879	1
4420969	1
4420991	1
4421193	1
4421403	1
4421424	1
4421487	1
4421491	1
4421535	1
4421554	1
4421620	1
4421659	1
4421723	1
4421740	1
4421757	1
4421812	1
4421925	1
4422058	1
4422089	1
4422116	1
4422151	1
4422245	1
4422308	1
4422315	1
4422321	2
4422429	1
4422470	1
4422520	1
4422654	1
4422690	1
4422760	1
4422774	1
4422848	1
4422887	1
4422918	1
4423037	1
4423107	2
4423146	1
4423163	1
4423190	1
4423218	1
4423400	1
4423417	1
4423458	1
4423475	1
4423597	1
4423602	1
4423651	1
4423684	1
4423733	1
4423894	1
4423952	1
4424056	1
4424097	1
4424121	1
4424150	1
4424244	1
4424258	1
4424457	1
4424512	1
4424628	1
4424772	1
4424881	1
4424930	1
4424968	1
4425003	1
4425055	1
4425120	1
4425225	1
4425305	1
4425312	1
4425495	1
4425504	1
4425644	1
4425719	1
4425813	1
4425828	2
4425834	1
4425939	1
4425977	1
4426081	1
4426170	1
4426186	1
4426198	1
4426210	1
4426224	1
4426287	1
4426318	1
4426362	1
4426379	1
4426466	1
4426477	1
4426482	1
4426494	1
4426527	1
4426573	1
4426625	1
4426656	1
4426674	1
4426745	1
4426767	2
4426906	1
4426933	1
4427057	1
4427176	1
4427180	2
4427273	1
4427442	1
4427474	1
4427497	1
4427510	2
4427587	1
4427643	1
4427847	1
4427989	1
4428099	1
4428123	1
4428140	1
4428290	1
4428488	1
4428508	1
4428515	1
4428543	1
4428603	1
4428610	1
4428648	1
4428691	1
4428700	1
4428758	1
4428811	1
4428874	1
4428937	1
4428998	1
4429006	1
4429020	1
4429103	1
4429148	1
4429212	1
4429253	1
4429298	1
4429360	1
4429397	1
4429401	1
4429413	1
4429428	1
4429452	1
4429558	1
4429561	1
4429618	1
4429657	1
4429721	1
4429743	1
4429794	1
4429873	1
4429884	1
4429954	1
4429963	1
4430122	1
4430190	1
4430303	1
4430369	1
4430432	1
4430461	1
4430475	1
4430525	1
4430542	1
4430668	1
4430684	1
4430695	1
4430714	1
4430771	1
4430788	1
4430815	1
4430850	1
4430913	1
4430928	1
4431059	1
4431088	1
4431103	1
4431191	1
4431253	1
4431356	2
4431374	1
4431532	1
4431593	1
4431604	1
4431640	1
4431662	1
4431708	2
4431743	1
4431794	1
4431873	1
4431935	1
4431963	1
4432165	1
4432256	1
4432274	1
4432353	1
4432386	1
4432402	1
4432449	1
4432468	1
4432523	1
4432557	1
4432596	1
4432617	1
4432632	1
4432675	1
4432754	1
4432834	1
4432845	1
4432867	1
4432908	1
4432950	1
4433161	1
4433301	1
4433403	1
4433455	1
4433554	1
4433614	1
4433665	1
4433688	1
4433692	1
4433779	1
4433886	1
4433938	1
4433974	1
4433983	1
4433997	1
4434090	1
4434137	1
4434198	1
4434224	1
4434304	1
4434331	1
4434379	1
4434385	1
4434421	1
4434443	1
4434638	1
4434642	1
4434745	1
4434832	1
4434920	1
4434933	1
4435001	1
4435099	1
4435185	1
4435222	1
4435278	1
4435327	1
4435368	1
4435406	1
4435508	2
4435521	1
4435543	1
4435610	1
4435655	1
4435744	1
4435789	1
4435793	1
4435811	1
4435825	1
4435838	1
4435912	1
4435929	1
4435953	1
4435964	2
4435970	1
4436093	1
4436149	1
4436213	1
4436234	2
4436252	1
4436299	1
4436321	1
4436464	1
4436565	1
4436571	1
4436619	1
4436635	1
4436738	1
4436742	1
4436855	1
4436887	1
4436891	1
4436904	1
4436940	1
4436957	1
4437015	1
4437043	1
4437174	1
4437326	1
4437332	1
4437490	1
4437528	1
4437552	1
4437567	1
4437580	1
4437664	1
4437698	1
4437862	1
4437885	1
4438083	1
4438150	1
4438244	1
4438258	1
4438306	1
4438320	2
4438440	1
4438485	1
4438570	1
4438598	1
4438667	1
4438819	1
4438863	1
4438878	1
4438881	1
4438916	2
4438930	1
4438951	1
4439101	1
4439113	1
4439145	2
4439251	1
4439335	1
4439425	1
4439483	1
4439524	1
4439536	1
4439548	1
4439555	1
4439621	1
4439639	1
4439643	1
4439741	1
4439786	1
4439814	1
4439847	1
4440171	1
4440192	1
4440209	1
4440329	1
4440416	1
4440596	1
4440658	1
4440675	1
4440689	1
4440763	1
4440834	1
4440939	1
4440982	1
4441019	1
4441054	1
4441090	1
4441137	1
4441141	1
4441210	1
4441323	1
4441385	1
4441530	2
4441551	1
4441697	1
4441728	1
4441734	1
4441893	1
4442037	1
4442146	1
4442257	1
4442262	1
4442279	1
4442285	1
4442310	1
4442324	1
4442509	1
4442583	1
4442627	1
4442706	1
4442733	1
4442759	1
4442976	1
4442999	1
4443168	1
4443184	1
4443276	1
4443339	1
4443343	1
4443377	1
4443592	1
4443663	1
4443783	1
4443810	1
4443836	1
4443869	1
4443923	1
4443940	1
4443985	1
4443996	1
4444071	1
4444110	1
4444155	1
4444172	1
4444191	1
4444229	1
4444253	1
4444270	1
4444342	1
4444397	1
4444428	1
4444467	1
4444476	1
4444500	1
4444575	1
4444640	1
4444782	2
4444816	1
4444981	1
4444990	1
4445015	1
4445066	1
4445077	1
4445082	1
4445094	1
4445109	1
4445125	1
4445220	1
4445247	1
4445259	1
4445288	1
4445446	1
4445478	1
4445481	1
4445490	1
4445552	1
4445670	1
4445702	1
4445727	1
4445749	1
4445840	1
4445903	1
4445924	1
4446239	1
4446250	1
4446282	1
4446301	1
4446367	1
4446376	1
4446424	1
4446436	1
4446448	1
4446522	1
4446563	1
4446620	1
4446647	1
4446812	1
4446853	1
4446960	1
4446997	1
4447001	1
4447067	1
4447179	1
4447246	1
4447414	1
4447447	1
4447691	1
4447883	1
4447912	1
4447929	1
4447970	1
4447986	1
4448057	1
4448134	1
4448249	2
4448335	1
4448643	1
4448666	1
4448729	1
4448786	1
4448847	1
4448888	1
4448917	1
4448975	1
4448989	1
4449009	1
4449097	1
4449115	1
4449139	1
4449166	1
4449261	1
4449289	1
4449306	1
4449314	1
4449418	1
4449505	1
4449529	1
4449537	1
4449564	1
4449835	1
4449902	1
4449927	1
4450075	1
4450280	1
4450299	1
4450339	1
4450343	1
4450394	1
4450437	1
4450514	1
4450520	1
4450681	1
4450742	1
4450810	1
4450904	1
4450918	1
4450923	1
4450931	1
4450957	1
4451139	1
4451143	1
4451166	1
4451177	1
4451226	1
4451244	1
4451289	1
4451371	1
4451388	1
4451423	1
4451505	1
4451537	1
4451680	1
4451748	1
4451787	1
4451807	2
4451881	1
4451951	1
4451968	1
4452050	1
4452109	1
4452156	1
4452197	1
4452317	1
4452332	1
4452454	1
4452463	1
4452552	1
4452567	1
4452629	1
4452664	1
4452686	1
4452773	1
4452818	1
4452862	1
4452991	1
4453035	1
4453063	1
4453105	1
4453112	1
4453210	1
4453287	1
4453291	1
4453408	1
4453439	1
4453477	1
4453551	1
4453611	1
4453858	1
4453920	1
4453933	1
4453971	1
4454027	1
4454073	1
4454144	1
4454175	1
4454208	1
4454250	1
4454436	1
4454590	1
4454620	1
4454659	1
4454704	1
4454805	1
4454829	1
4455128	1
4455134	1
4455180	1
4455199	1
4455284	1
4455335	1
4455378	1
4455409	1
4455497	1
4455569	1
4455587	1
4455591	1
4455621	1
4455639	1
4455737	1
4455741	1
4455814	1
4455820	1
4455975	1
4455993	1
4456154	1
4456285	1
4456324	1
4456348	1
4456461	1
4456542	1
4456556	1
4456574	2
4456684	1
4456733	1
4456759	2
4456839	1
4456866	1
4456913	1
4456945	1
4456967	2
4457003	1
4457024	1
4457048	1
4457055	1
4457069	2
4457072	1
4457091	1
4457114	1
4457133	1
4457171	1
4457297	1
4457449	1
4457504	1
4457632	1
4457661	1
4457689	1
4457707	1
4457813	1
4457908	1
4457966	1
4457977	1
4457982	1
4457994	1
4458014	1
4458092	1
4458110	1
4458155	1
4458169	1
4458187	1
4458205	1
4458241	1
4458397	1
4458575	1
4458618	1
4458631	1
4458657	1
4458685	2
4458827	1
4458830	1
4458907	1
4459052	1
4459118	1
4459140	1
4459157	1
4459162	1
4459219	1
4459254	1
4459281	1
4459492	1
4459577	1
4459717	1
4459775	1
4459842	1
4459860	1
4459929	1
4460090	1
4460287	1
4460291	1
4460357	1
4460408	1
4460421	1
4460466	1
4460516	1
4460551	1
4460568	1
4460595	1
4460625	1
4460656	1
4460745	1
4460752	1
4460776	1
4460780	1
4460800	1
4460844	1
4461045	1
4461076	1
4461179	1
4461207	1
4461235	1
4461254	1
4461278	1
4461316	1
4461368	1
4461373	1
4461384	1
4461406	1
4461465	1
4461492	1
4461566	1
4461594	1
4461789	1
4461793	1
4461874	1
4461905	1
4461912	1
4461941	1
4461964	1
4461970	1
4462057	1
4462134	1
4462176	1
4462249	1
4462268	1
4462295	1
4462319	1
4462378	1
4462409	1
4462474	1
4462569	1
4462591	1
4462786	1
4462847	1
4462865	1
4462917	1
4462975	1
4463038	1
4463042	1
4463074	1
4463097	1
4463108	1
4463200	1
4463261	1
4463306	1
4463392	1
4463537	1
4463652	1
4463791	1
4463846	1
4463949	1
4464119	1
4464285	1
4464303	1
4464400	1
4464493	1
4464511	1
4464574	1
4464583	1
4464815	1
4464843	1
4464882	1
4464934	1
4464999	1
4465092	1
4465253	1
4465342	1
4465434	1
4465480	1
4465526	1
4465544	1
4465593	1
4465849	1
4465895	1
4465919	1
4465978	1
4466008	1
4466043	1
4466138	1
4466160	1
4466214	1
4466300	1
4466332	1
4466389	1
4466407	1
4466419	1
4466435	1
4466501	1
4466641	1
4466831	1
4466862	1
4466910	1
4466924	1
4466991	1
4467017	1
4467026	1
4467075	1
4467130	1
4467234	1
4467339	1
4467343	1
4467405	1
4467486	1
4467506	2
4467520	1
4467635	1
4467690	1
4467725	1
4467742	1
4467869	1
4467918	1
4467979	1
4468016	1
4468158	1
4468215	1
4468424	1
4468436	1
4468448	1
4468455	1
4468522	1
4468535	1
4468563	1
4468578	1
4468633	1
4468647	1
4468688	1
4468692	1
4468785	1
4468974	1
4469024	1
4469069	1
4469133	1
4469192	1
4469211	1
4469370	1
4469449	1
4469600	1
4469689	1
4469719	1
4469722	1
4469763	1
4469852	1
4469880	1
4469908	1
4469921	1
4470030	1
4470073	1
4470243	1
4470301	1
4470410	1
4470424	1
4470469	1
4470487	1
4470519	1
4470522	1
4470563	1
4470581	1
4470614	1
4470671	1
4470688	1
4470805	1
4470898	1
4470942	1
4471057	1
4471096	1
4471227	1
4471295	1
4471307	1
4471378	1
4471409	1
4471677	1
4471712	1
4471741	1
4471871	1
4471888	1
4471944	1
4472013	1
4472067	1
4472099	1
4472104	1
4472118	1
4472222	1
4472327	1
4472349	1
4472384	1
4472420	1
4472492	1
4472515	1
4472717	1
4472726	1
4472789	1
4472809	1
4472905	1
4473020	1
4473047	1
4473110	1
4473136	1
4473237	1
4473270	1
4473360	1
4473383	1
4473413	1
4473476	1
4473544	1
4473558	1
4473708	1
4473782	1
4473830	1
4473884	2
4473922	1
4473946	1
4473981	1
4474017	1
4474026	1
4474061	1
4474093	1
4474102	1
4474130	1
4474228	1
4474267	1
4474308	1
4474315	1
4474321	1
4474464	1
4474506	1
4474514	1
4474520	1
4474654	2
4474678	1
4474725	1
4474760	1
4474797	1
4474824	1
4474872	1
4474904	1
4474940	1
4474985	1
4475009	1
4475121	1
4475166	1
4475306	1
4475359	1
4475365	1
4475392	1
4475496	1
4475529	1
4475598	1
4475613	2
4475628	1
4475667	1
4475736	1
4475748	1
4475769	1
4475787	1
4475835	1
4475927	1
4475949	1
4475984	1
4476010	1
4476036	1
4476055	1
4476069	1
4476072	1
4476087	1
4476114	1
4476617	1
4476658	1
4476675	1
4476781	1
4476834	1
4476899	1
4477005	1
4477119	1
4477231	1
4477310	1
4477387	1
4477400	1
4477417	1
4477444	1
4477616	1
4477673	1
4477934	1
4477945	1
4478035	1
4478112	1
4478164	1
4478186	1
4478269	1
4478396	1
4478477	1
4478516	1
4478527	1
4478530	1
4478568	1
4478584	1
4478611	1
4478674	1
4478734	1
4478780	1
4478799	1
4479008	2
4479021	1
4479039	1
4479066	2
4479094	1
4479109	2
4479142	1
4479174	1
4479197	1
4479214	1
4479247	1
4479358	1
4479419	1
4479545	1
4479730	1
4479784	1
4479818	1
4479862	1
4479936	1
4479969	1
4480014	1
4480047	1
4480136	1
4480311	1
4480356	1
4480374	1
4480428	1
4480575	1
4480631	1
4480696	1
4480827	1
4480830	1
4480919	1
4481015	1
4481094	1
4481288	1
4481326	1
4481407	1
4481478	1
4481501	1
4481580	1
4481670	1
4481686	1
4481749	1
4481768	1
4481795	1
4481804	1
4481857	1
4481879	1
4482009	1
4482011	1
4482056	1
4482074	1
4482166	1
4482182	1
4482217	1
4482388	1
4482462	1
4482529	1
4482564	1
4482570	1
4482634	1
4482645	1
4482863	1
4482881	1
4483057	1
4483145	1
4483152	1
4483216	1
4483230	1
4483295	1
4483335	1
4483390	1
4483425	1
4483438	1
4483442	1
4483569	1
4483639	1
4483705	1
4483806	1
4483865	1
4483926	1
4484010	1
4484036	1
4484087	1
4484091	1
4484114	1
4484147	1
4484159	1
4484312	1
4484329	1
4484353	1
4484540	1
4484626	1
4484722	1
4484735	1
4484801	1
4484845	1
4484915	1
4485078	1
4485129	1
4485137	1
4485203	1
4485323	1
4485408	1
4485450	1
4485482	1
4485595	1
4485656	1
4485780	1
4485800	1
4485933	1
4486185	1
4486207	1
4486263	1
4486278	1
4486281	1
4486316	1
4486327	1
4486351	1
4486368	1
4486384	1
4486414	1
4486492	1
4486508	1
4486726	1
4486838	1
4486842	1
4486912	1
4486929	1
4486941	1
4486964	1
4486986	1
4486998	1
4487002	1
4487095	2
4487132	1
4487158	1
4487161	1
4487243	1
4487410	1
4487469	1
4487578	1
4487723	2
4487779	1
4487785	1
4487796	1
4487805	1
4488000	1
4488093	1
4488116	1
4488195	1
4488228	1
4488315	1
4488366	1
4488377	1
4488412	1
4488470	1
4488498	1
4488559	1
4488607	1
4488646	1
4488681	1
4488711	1
4488797	1
4488810	1
4488848	1
4488923	1
4488957	1
4488985	1
4489005	1
4489146	1
4489163	1
4489178	1
4489204	1
4489372	1
4489556	1
4489651	1
4489673	1
4489771	1
4489839	1
4489877	1
4489945	1
4489999	1
4490031	1
4490227	1
4490230	1
4490322	1
4490346	1
4490474	1
4490555	1
4490608	1
4490712	1
4490737	1
4491037	1
4491070	1
4491119	1
4491122	1
4491135	1
4491154	1
4491204	1
4491296	1
4491372	1
4491417	1
4491426	1
4491556	1
4491616	1
4491684	1
4491714	1
4491720	1
4491850	1
4491901	1
4491999	1
4492007	1
4492035	1
4492046	1
4492063	1
4492081	1
4492236	2
4492379	1
4492439	2
4492466	1
4492494	1
4492502	1
4492611	1
4492638	1
4492683	2
4492752	1
4492780	1
4492799	1
4492906	1
4492933	1
4492965	1
4493077	1
4493109	1
4493247	1
4493358	1
4493361	1
4493446	1
4493501	1
4493513	1
4493545	1
4493580	1
4493605	1
4493637	1
4493686	1
4493910	1
4493948	1
4493991	1
4494001	1
4494196	1
4494207	1
4494219	1
4494222	1
4494316	1
4494406	1
4494433	2
4494521	1
4494543	1
4494669	1
4494761	1
4494838	1
4494929	1
4494986	1
4495026	1
4495116	1
4495168	1
4495276	1
4495339	1
4495382	1
4495405	1
4495429	1
4495464	1
4495506	1
4495520	1
4495654	1
4495709	1
4495738	1
4495848	1
4495872	1
4495923	1
4495931	1
4495940	2
4495979	1
4496042	1
4496097	1
4496182	1
4496217	1
4496314	1
4496418	1
4496586	1
4496601	1
4496667	1
4496699	1
4496748	1
4496822	1
4496881	1
4496968	1
4496973	1
4496984	2
4497014	2
4497155	1
4497187	1
4497205	1
4497237	1
4497325	1
4497360	1
4497374	1
4497397	1
4497476	1
4497618	1
4497679	1
4497743	1
4497777	1
4497827	1
4497919	1
4497978	1
4498010	1
4498069	1
4498120	1
4498133	2
4498159	1
4498165	1
4498192	1
4498211	1
4498386	1
4498430	1
4498504	1
4498626	1
4498661	1
4498813	1
4498828	1
4498845	1
4498943	1
4498982	1
4498994	1
4499002	1
4499051	1
4499158	1
4499380	1
4499403	1
4499507	1
4499522	1
4499581	1
4499740	2
4499841	1
4499974	1
4499997	1
4500193	1
4500334	1
4500403	1
4500633	1
4500731	1
4500740	1
4500762	1
4500956	1
4500960	1
4500983	1
4501113	1
4501145	1
4501295	1
4501307	1
4501319	1
4501346	1
4501442	1
4501456	1
4501460	1
4501483	1
4501677	1
4501786	1
4501975	1
4502001	1
4502067	1
4502118	1
4502123	1
4502185	1
4502207	1
4502222	1
4502263	1
4502278	1
4502290	1
4502302	1
4502488	1
4502508	1
4502515	1
4502521	1
4502603	1
4502691	1
4502744	1
4502842	1
4502937	1
4502986	1
4503006	1
4503071	1
4503088	1
4503172	1
4503229	1
4503237	1
4503241	1
4503298	1
4503360	1
4503397	1
4503434	1
4503445	1
4503480	1
4503532	1
4503558	1
4503662	1
4503868	1
4503884	1
4503895	1
4503907	2
4503981	1
4504032	1
4504102	1
4504127	1
4504149	1
4504213	1
4504245	1
4504252	1
4504350	2
4504366	1
4504405	1
4504470	1
4504498	1
4504533	1
4504588	1
4504635	1
4504783	1
4504797	1
4504824	1
4504855	1
4504940	1
4504962	1
4505009	1
4505056	1
4505347	1
4505365	1
4505423	1
4505479	1
4505512	1
4505541	1
4505613	1
4505703	1
4505736	1
4505890	1
4506003	1
4506188	1
4506305	1
4506416	1
4506427	1
4506495	1
4506540	1
4506562	1
4506579	1
4506661	1
4506790	1
4506908	1
4507037	1
4507119	1
4507146	1
4507231	1
4507262	1
4507336	1
4507387	1
4507444	1
4507525	1
4507597	1
4507651	1
4507673	1
4507765	1
4507882	1
4507976	1
4508022	1
4508063	1
4508112	1
4508137	1
4508331	1
4508385	1
4508396	1
4508477	1
4508530	1
4508674	1
4508701	1
4508728	1
4508734	1
4508767	1
4508889	1
4508959	2
4508965	1
4508971	1
4509043	1
4509109	1
4509174	1
4509220	1
4509233	1
4509375	2
4509393	1
4509407	1
4509545	1
4509567	1
4509612	1
4509702	1
4509955	1
4510012	1
4510029	1
4510086	1
4510262	1
4510303	1
4510372	1
4510391	1
4510400	1
4510509	1
4510560	1
4510597	1
4510602	1
4510649	1
4510684	1
4510720	1
4510747	1
4510788	1
4510821	1
4510866	1
4510945	1
4510952	1
4511103	1
4511110	1
4511124	1
4511155	1
4511172	1
4511264	1
4511270	1
4511342	1
4511356	1
4511517	1
4511589	1
4511618	1
4511827	1
4511849	1
4511981	1
4512024	1
4512120	1
4512133	1
4512165	1
4512188	1
4512211	1
4512305	1
4512353	1
4512402	1
4512484	1
4512495	1
4512579	1
4512600	1
4512632	1
4512735	1
4512763	1
4512828	2
4512834	1
4512880	1
4512994	1
4513016	1
4513126	1
4513193	1
4513239	1
4513294	1
4513301	1
4513424	1
4513519	1
4513578	1
4513692	1
4513704	1
4513718	1
4513779	1
4513785	1
4513805	1
4513829	1
4513911	1
4514035	1
4514112	1
4514153	1
4514304	1
4514494	1
4514502	1
4514611	1
4514638	1
4514728	1
4514745	1
4514752	1
4514826	1
4514988	1
4515045	1
4515118	1
4515140	1
4515157	1
4515162	1
4515196	1
4515278	1
4515290	1
4515368	1
4515373	1
4515420	1
4515447	1
4515521	1
4515566	1
4515577	1
4515582	1
4515655	1
4515732	1
4515758	1
4515883	1
4515929	1
4515937	1
4515941	1
4515953	1
4515970	1
4515998	1
4516116	1
4516184	1
4516276	1
4516405	1
4516412	1
4516486	1
4516506	1
4516514	1
4516533	1
4516592	1
4516646	1
4516663	1
4516836	1
4516855	1
4516872	1
4516979	1
4517174	1
4517271	1
4517288	1
4517332	1
4517344	1
4517358	1
4517389	1
4517393	1
4517419	1
4517454	2
4517501	1
4517751	1
4517773	1
4517823	1
4517831	1
4517840	1
4517862	1
4517924	1
4517969	1
4517972	1
4518009	1
4518025	1
4518038	1
4518108	1
4518150	1
4518275	1
4518293	1
4518306	1
4518537	1
4518601	1
4518628	1
4518699	1
4518819	1
4518902	1
4518916	1
4518927	1
4518973	1
4518995	1
4519004	1
4519023	1
4519079	1
4519202	1
4519216	1
4519230	1
4519390	1
4519438	1
4519510	1
4519524	1
4519572	1
4519591	1
4519608	1
4519666	1
4519677	1
4519753	1
4519806	1
4519814	1
4519847	1
4519892	1
4519958	1
4519989	1
4520137	1
4520141	2
4520170	1
4520224	1
4520255	1
4520287	1
4520304	1
4520357	1
4520443	1
4520494	1
4520502	1
4520713	1
4520752	1
4520767	1
4520826	1
4520858	1
4520861	1
4520971	1
4520992	1
4521067	1
4521140	1
4521157	1
4521219	1
4521278	1
4521302	1
4521420	1
4521433	1
4521550	1
4521566	1
4521594	1
4521691	1
4521905	1
4522004	1
4522018	1
4522128	1
4522145	1
4522152	1
4522227	1
4522295	1
4522322	1
4522390	1
4522425	1
4522608	1
4522621	1
4522712	1
4522786	1
4522798	1
4522814	1
4522859	2
4522888	1
4522917	1
4523139	1
4523150	1
4523226	2
4523258	1
4523289	1
4523320	1
4523388	1
4523392	1
4523423	1
4523431	1
4523479	1
4523564	1
4523676	1
4523755	1
4523863	1
4523878	1
4523890	1
4524005	1
4524029	1
4524070	1
4524146	1
4524348	1
4524426	1
4524461	1
4524509	1
4524525	1
4524560	1
4524714	1
4524733	1
4524808	1
4524894	1
4524952	1
4525014	1
4525065	1
4525088	1
4525155	1
4525172	1
4525205	1
4525229	2
4525286	1
4525342	1
4525383	1
4525401	1
4525413	1
4525480	1
4525526	1
4525544	1
4525561	1
4525640	1
4525715	1
4525750	1
4525777	1
4525782	1
4525851	1
4525978	1
4525981	1
4526050	1
4526082	1
4526300	1
4526332	1
4526422	1
4526454	1
4526490	1
4526501	1
4526545	1
4526637	1
4526641	1
4526716	1
4526768	1
4526773	1
4526784	1
4526823	1
4526831	1
4526903	1
4526936	1
4526987	1
4527026	1
4527075	1
4527116	1
4527201	1
4527245	1
4527280	1
4527321	1
4527366	1
4527377	1
4527382	1
4527412	1
4527464	1
4527756	1
4527872	1
4527918	1
4527931	2
4527979	1
4528239	1
4528328	1
4528380	1
4528399	1
4528448	1
4528455	1
4528491	1
4528546	1
4528578	1
4528590	1
4528606	1
4528620	1
4528665	1
4528671	1
4528718	1
4528723	1
4528757	1
4529024	1
4529036	1
4529055	1
4529106	1
4529188	1
4529211	1
4529283	1
4529297	1
4529305	1
4529495	1
4529557	1
4529562	2
4529658	1
4529689	1
4529746	1
4529781	1
4529876	1
4529899	1
4529915	1
4529943	1
4530025	1
4530097	1
4530108	1
4530200	1
4530293	1
4530314	1
4530359	1
4530365	1
4530431	1
4530457	1
4530462	1
4530479	1
4530505	1
4530529	1
4530570	1
4530652	1
4530667	1
4530769	1
4530819	1
4531024	2
4531069	1
4531072	1
4531091	1
4531147	1
4531192	1
4531260	1
4531274	1
4531353	1
4531386	1
4531596	1
4531600	1
4531658	1
4531689	1
4531722	1
4531852	1
4531908	1
4531977	1
4532033	1
4532071	1
4532088	1
4532103	1
4532110	1
4532191	1
4532229	1
4532241	1
4532325	1
4532397	1
4532445	1
4532526	1
4532544	2
4532604	1
4532631	2
4532696	1
4532782	2
4532802	1
4532830	1
4532851	1
4532895	1
4532963	1
4533013	1
4533028	1
4533118	1
4533140	1
4533179	1
4533278	1
4533281	1
4533316	1
4533406	1
4533566	1
4533582	1
4533603	1
4533648	1
4533717	1
4533761	1
4533842	1
4533937	1
4533986	1
4533998	1
4534015	1
4534050	1
4534160	1
4534183	1
4534197	1
4534271	1
4534292	1
4534422	1
4534435	1
4534478	1
4534612	1
4534637	1
4534664	1
4534686	1
4534795	1
4534831	1
4534857	1
4534924	1
4534969	1
4534972	1
4534991	1
4535016	1
4535117	2
4535126	1
4535161	1
4535189	1
4535277	1
4535328	1
4535424	1
4535487	2
4535614	1
4535633	1
4535731	1
4535909	1
4535925	1
4535974	1
4536057	1
4536128	1
4536152	1
4536268	1
4536335	1
4536363	1
4536409	1
4536438	1
4536474	1
4536621	1
4536666	1
4536741	2
4536814	1
4536989	1
4536993	1
4537046	1
4537170	1
4537236	1
4537269	2
4537408	1
4537421	1
4537450	1
4537527	1
4537530	1
4537584	1
4537595	1
4537609	1
4537656	1
4537697	1
4537728	1
4537734	1
4537799	1
4537861	1
4537893	1
4538037	1
4538064	1
4538070	1
4538107	1
4538231	1
4538285	1
4538369	1
4538538	1
4538616	1
4538630	1
4538673	1
4538788	1
4538850	1
4538882	1
4538913	1
4539026	1
4539102	1
4539130	1
4539308	1
4539377	1
4539437	1
4539441	1
4539464	1
4539486	1
4539571	1
4539588	1
4539592	1
4539690	1
4539872	1
4539940	1
4539979	1
4540047	1
4540205	2
4540356	1
4540413	1
4540452	1
4540476	1
4540526	1
4540532	1
4540657	1
4540662	1
4540679	1
4540685	1
4540696	1
4540708	1
4540743	1
4540750	1
4540766	1
4540777	1
4540816	1
4540849	1
4540868	1
4540895	1
4541066	1
4541142	1
4541183	1
4541259	1
4541326	1
4541478	1
4541513	1
4541545	1
4541629	1
4541670	1
4541751	1
4541795	1
4541885	1
4541936	1
4542011	1
4542060	1
4542177	1
4542258	1
4542261	1
4542275	1
4542293	1
4542333	1
4542371	1
4542388	1
4542586	2
4542598	1
4542676	1
4542724	1
4542769	1
4542819	1
4542846	1
4542916	1
4542968	1
4542984	1
4543085	2
4543128	1
4543167	1
4543176	1
4543180	1
4543335	1
4543378	1
4543411	1
4543438	1
4543510	1
4543548	1
4543621	1
4543677	1
4543682	1
4543764	1
4543820	1
4543888	1
4543961	1
4544003	1
4544010	1
4544072	1
4544120	1
4544133	1
4544159	1
4544192	1
4544283	1
4544305	1
4544312	1
4544353	1
4544402	1
4544427	1
4544430	1
4544451	1
4544495	1
4544562	1
4544579	1
4544596	1
4544722	1
4544754	1
4544763	1
4544899	2
4544915	1
4544939	1
4544950	1
4544994	1
4545019	1
4545046	1
4545054	1
4545210	1
4545248	1
4545269	1
4545287	1
4545304	1
4545362	1
4545408	1
4545415	1
4545450	1
4545466	1
4545516	1
4545611	1
4545638	1
4545660	1
4545713	1
4545767	1
4545799	1
4545832	1
4545861	1
4545914	1
4545988	1
4546013	1
4546196	1
4546254	1
4546290	1
4546302	1
4546316	1
4546330	1
4546349	1
4546384	1
4546420	1
4546447	1
4546603	1
4546636	1
4546758	1
4546789	1
4546793	1
4546912	1
4546964	1
4547002	1
4547051	1
4547117	2
4547126	1
4547132	1
4547250	1
4547301	1
4547313	1
4547328	1
4547345	1
4547410	1
4547424	1
4547436	1
4547614	1
4547779	1
4547805	1
4547864	1
4547870	1
4548017	1
4548026	1
4548044	1
4548102	1
4548127	1
4548228	1
4548412	1
4548533	1
4548588	1
4548592	1
4548619	1
4548622	1
4548663	1
4548678	1
4548738	1
4548869	1
4548891	1
4548957	1
4548985	1
4549029	1
4549086	1
4549122	1
4549154	1
4549240	1
4549262	1
4549310	1
4549391	1
4549426	1
4549509	1
4549525	1
4549560	1
4549574	1
4549649	1
4549651	1
4549765	1
4549808	1
4550004	1
4550062	1
4550079	1
4550176	1
4550249	1
4550273	1
4550284	1
4550295	1
4550319	1
4550354	1
4550390	1
4550438	1
4550483	1
4550737	1
4550753	1
4550865	1
4550888	1
4550926	1
4550958	1
4551029	1
4551053	1
4551107	2
4551154	1
4551204	1
4551240	1
4551279	1
4551336	1
4551369	1
4551387	1
4551432	1
4551597	2
4551651	1
4551668	1
4551673	1
4551714	1
4551765	1
4551815	1
4551821	1
4551843	1
4551928	1
4552078	1
4552081	1
4552129	1
4552170	1
4552186	1
4552255	1
4552340	1
4552396	1
4552573	1
4552728	1
4552799	1
4552826	1
4552844	1
4552858	1
4552861	1
4552875	1
4553039	1
4553082	1
4553197	2
4553206	1
4553233	1
4553259	1
4553265	1
4553463	1
4553534	1
4553653	1
4553664	1
4553698	1
4553773	1
4553823	1
4553857	1
4553955	1
4553969	1
4554052	1
4554104	1
4554140	1
4554196	1
4554246	1
4554254	1
4554330	1
4554349	1
4554459	1
4554515	1
4554543	1
4554577	1
4554603	1
4554761	1
4554775	1
4554825	1
4554883	1
4554953	1
4554964	1
4554998	1
4555168	1
4555173	1
4555228	1
4555252	1
4555267	1
4555321	1
4555571	1
4555592	1
4555756	1
4555848	1
4555869	1
4555891	1
4555962	1
4556042	1
4556083	1
4556166	1
4556182	1
4556289	1
4556347	1
4556392	1
4556431	2
4556440	1
4556537	1
4556634	1
4556676	1
4556699	1
4556927	1
4556951	1
4557033	1
4557065	1
4557088	1
4557124	1
4557253	1
4557264	1
4557270	1
4557374	1
4557544	1
4557816	1
4557851	1
4557919	1
4558087	1
4558192	1
4558209	1
4558225	1
4558256	1
4558495	1
4558579	1
4558596	1
4558661	1
4558722	1
4558763	1
4558834	1
4558943	1
4559051	1
4559073	1
4559215	1
4559239	1
4559266	1
4559491	1
4559535	1
4559578	1
4559614	1
4559620	1
4559633	1
4559688	1
4559757	1
4559909	1
4559956	1
4559960	1
4559983	1
4560082	1
4560142	1
4560156	1
4560174	1
4560220	1
4560271	1
4560332	1
4560358	1
4560389	1
4560481	1
4560490	1
4560552	1
4560653	1
4560686	1
4560784	1
4560857	1
4560885	1
4560910	1
4560991	1
4561030	1
4561158	1
4561193	1
4561243	1
4561334	1
4561367	1
4561436	1
4561472	1
4561522	1
4561578	1
4561659	1
4561762	2
4561837	1
4561898	1
4561925	1
4561942	1
4561956	1
4562000	1
4562026	1
4562044	1
4562058	1
4562149	1
4562173	1
4562252	1
4562343	1
4562437	1
4562470	1
4562486	1
4562588	1
4562607	1
4562622	1
4562678	1
4562824	1
4562891	1
4562957	1
4563012	1
4563070	1
4563119	1
4563122	1
4563154	1
4563190	1
4563218	1
4563303	1
4563355	1
4563417	1
4563493	1
4563556	1
4563630	1
4563765	1
4563771	1
4563877	1
4563894	1
4563928	1
4563934	1
4563976	1
4564025	1
4564038	1
4564060	1
4564108	1
4564200	1
4564258	1
4564314	1
4564388	1
4564404	1
4564423	1
4564462	2
4564529	1
4564598	1
4564634	1
4564667	1
4564835	1
4564951	1
4565048	1
4565087	1
4565114	1
4565416	1
4565473	1
4565484	1
4565596	1
4565876	1
4565880	1
4565915	1
4565939	1
4565982	1
4566019	1
4566022	1
4566046	1
4566186	1
4566203	1
4566210	1
4566255	1
4566362	1
4566379	1
4566396	1
4566482	1
4566494	1
4566611	1
4566697	1
4566713	1
4566734	1
4566875	1
4566889	1
4566893	1
4566971	1
4566988	1
4567004	1
4567113	1
4567152	1
4567176	1
4567249	1
4567378	1
4567555	1
4567615	1
4567917	1
4567926	1
4568013	1
4568045	1
4568067	1
4568080	1
4568123	1
4568185	1
4568222	1
4568235	1
4568263	1
4568327	1
4568433	1
4568447	1
4568603	1
4568672	1
4568744	1
4568789	1
4568793	1
4568897	1
4568929	1
4568941	1
4568953	1
4569006	1
4569088	1
4569172	1
4569212	1
4569241	1
4569374	1
4569383	1
4569499	1
4569589	1
4569657	1
4569685	1
4569721	1
4569766	1
4569946	1
4570001	1
4570052	1
4570080	1
4570263	1
4570302	1
4570368	1
4570459	1
4570515	1
4570550	1
4570577	1
4570648	1
4570655	1
4570669	1
4570672	1
4570717	1
4570726	1
4570912	1
4570964	1
4570998	1
4571089	1
4571149	1
4571234	1
4571245	1
4571252	1
4571276	1
4571280	1
4571308	1
4571343	1
4571350	1
4571470	1
4571565	1
4571709	1
4571742	1
4571774	1
4571803	1
4571985	1
4572068	1
4572158	2
4572161	1
4572193	1
4572266	1
4572277	1
4572334	1
4572367	1
4572380	1
4572403	1
4572424	1
4572455	1
4572554	1
4572665	1
4572688	1
4572692	1
4572704	1
4572762	1
4572829	2
4572911	1
4572942	1
4573024	1
4573036	1
4573120	1
4573165	1
4573171	1
4573188	1
4573209	1
4573211	1
4573312	1
4573329	1
4573341	1
4573386	1
4573504	1
4573531	1
4573557	1
4573632	1
4573658	1
4573661	1
4573719	1
4573790	1
4573852	1
4573880	1
4573939	1
4573950	1
4574004	1
4574101	1
4574199	1
4574227	1
4574230	1
4574268	1
4574322	1
4574346	1
4574354	1
4574409	1
4574425	1
4574608	1
4574643	1
4574712	1
4574770	1
4574786	1
4574814	1
4574961	1
4574975	1
4575005	1
4575070	1
4575135	1
4575178	1
4575181	1
4575190	1
4575296	2
4575303	1
4575348	1
4575461	1
4575489	1
4575509	1
4575511	1
4575542	1
4575560	1
4575602	1
4575668	1
4575720	1
4575747	1
4575765	1
4575850	1
4575901	1
4575976	2
4575999	1
4576006	1
4576065	1
4576092	1
4576172	1
4576229	1
4576241	1
4576413	1
4576476	1
4576631	1
4576679	1
4576721	1
4576794	1
4576802	1
4576851	1
4576895	1
4576978	1
4576990	1
4577139	1
4577182	1
4577418	1
4577440	1
4577479	1
4577529	1
4577601	1
4577645	1
4577676	1
4577710	1
4577736	1
4577772	1
4577854	1
4577863	1
4577927	1
4577930	1
4578050	1
4578111	1
4578160	1
4578214	1
4578422	1
4578463	1
4578481	1
4578576	1
4578641	1
4578773	1
4578818	1
4578831	1
4578862	1
4578972	1
4579046	1
4579112	1
4579186	1
4579248	1
4579287	1
4579357	1
4579502	1
4579625	1
4579642	1
4579660	1
4579683	1
4579826	2
4579861	1
4579965	1
4580055	1
4580192	1
4580225	2
4580238	1
4580256	1
4580398	1
4580523	1
4580661	1
4580719	1
4580790	1
4580828	1
4580977	1
4581007	1
4581019	1
4581141	1
4581164	1
4581331	1
4581379	1
4581421	1
4581443	1
4581482	1
4581609	1
4581826	1
4581844	1
4581861	2
4581889	1
4581906	1
4581971	1
4582053	1
4582122	1
4582257	1
4582279	1
4582296	1
4582310	1
4582355	1
4582426	1
4582444	1
4582509	1
4582542	1
4582560	1
4582597	1
4582602	1
4582651	1
4582673	1
4582695	1
4582759	1
4582808	1
4582815	1
4582821	1
4582866	1
4582980	1
4583044	1
4583075	1
4583093	1
4583201	1
4583228	1
4583405	1
4583486	1
4583547	1
4583559	1
4583565	1
4583607	1
4583646	1
4583654	1
4583742	1
4583756	1
4583869	1
4583887	1
4584006	1
4584020	1
4584033	1
4584065	1
4584071	1
4584155	1
4584191	1
4584241	1
4584264	1
4584325	1
4584500	1
4584532	1
4584544	1
4584851	1
4584873	1
4584922	1
4584935	1
4584981	1
4585039	1
4585066	1
4585138	1
4585206	1
4585271	1
4585435	1
4585454	1
4585481	1
4585528	2
4585534	1
4585727	1
4585768	1
4585784	1
4585910	1
4585969	1
4586016	1
4586126	1
4586132	1
4586144	1
4586243	1
4586487	1
4586519	1
4586581	1
4586692	1
4586704	1
4586718	1
4586805	1
4586864	1
4586983	1
4587052	1
4587123	1
4587219	1
4587222	2
4587235	1
4587349	1
4587373	1
4587384	1
4587543	1
4587550	1
4587603	1
4587687	1
4587912	1
4587929	1
4587953	1
4587970	1
4588096	1
4588134	1
4588230	1
4588390	1
4588411	1
4588572	1
4588587	1
4588682	1
4588712	1
4588786	2
4588900	1
4588961	2
4588989	1
4589011	1
4589200	1
4589289	1
4589333	1
4589347	1
4589365	1
4589388	1
4589479	1
4589485	1
4589512	2
4589613	1
4589710	1
4589787	1
4589822	1
4589863	1
4589878	1
4590026	1
4590058	1
4590093	1
4590168	1
4590195	1
4590252	1
4590339	1
4590486	1
4590498	1
4590533	1
4590565	1
4590797	1
4590891	1
4590979	1
4591011	1
4591166	1
4591261	1
4591275	1
4591333	1
4591359	1
4591371	1
4591418	1
4591496	1
4591769	1
4591807	1
4591822	1
4591835	1
4591890	1
4591951	1
4592015	1
4592050	1
4592142	1
4592183	1
4592197	1
4592233	1
4592317	1
4592344	1
4592393	1
4592481	1
4592528	1
4592629	1
4592653	1
4592664	1
4592885	1
4592910	1
4592924	1
4592987	1
4593054	1
4593081	1
4593287	1
4593304	1
4593331	1
4593340	1
4593362	1
4593450	1
4593494	1
4593527	1
4593568	1
4593638	1
4593701	1
4593713	1
4593776	1
4593832	1
4593858	1
4593889	1
4593914	1
4593920	1
4593933	1
4594027	1
4594117	1
4594158	1
4594250	1
4594328	1
4594410	1
4594563	1
4594578	1
4594590	1
4594665	1
4594779	1
4594864	1
4594886	1
4594938	1
4594942	1
4594956	1
4594960	1
4595018	1
4595284	1
4595442	1
4595460	1
4595548	1
4595569	1
4595572	1
4595587	1
4595705	1
4595753	1
4595806	1
4595847	1
4595917	1
4595975	1
4596005	1
4596012	1
4596041	1
4596257	1
4596310	1
4596444	1
4596511	1
4596651	1
4596684	1
4596695	1
4596714	1
4596747	1
4596765	1
4596839	1
4596866	1
4596877	1
4596894	1
4596913	1
4596928	1
4596999	1
4597048	1
4597055	1
4597114	1
4597165	1
4597188	1
4597211	1
4597312	1
4597370	1
4597398	1
4597416	1
4597495	1
4597531	1
4597540	1
4597626	1
4597746	1
4597778	1
4597921	1
4598047	1
4598264	1
4598356	1
4598428	1
4598434	1
4598445	1
4598467	1
4598544	1
4598558	1
4598589	1
4598708	1
4598782	1
4598794	1
4598816	1
4598919	1
4598978	1
4599080	1
4599118	1
4599207	1
4599278	1
4599281	1
4599330	1
4599368	1
4599395	1
4599420	1
4599471	1
4599488	1
4599655	1
4599669	1
4599691	1
4599726	1
4599905	1
4600007	1
4600054	1
4600170	1
4600203	1
4600210	1
4600224	1
4600408	1
4600443	1
4600494	1
4600516	1
4600584	1
4600625	1
4600728	1
4600776	1
4600800	1
4600861	1
4600889	1
4600971	1
4601052	1
4601118	1
4601207	1
4601219	1
4601281	1
4601384	1
4601465	1
4601582	1
4601594	1
4601610	1
4601726	1
4601744	1
4601809	1
4601856	1
4601905	1
4601937	1
4602134	1
4602167	1
4602227	1
4602268	1
4602438	1
4602442	1
4602548	1
4602555	1
4602608	1
4602729	1
4602764	1
4602770	1
4602814	1
4602888	1
4602944	1
4602993	2
4603038	1
4603182	1
4603261	1
4603275	1
4603479	1
4603570	1
4603586	1
4603676	1
4603769	1
4603930	1
4603984	1
4604041	1
4604070	1
4604122	1
4604324	1
4604400	1
4604426	1
4604432	1
4604444	1
4604458	1
4604489	1
4604630	1
4604684	1
4604771	1
4604913	1
4604952	1
4605071	1
4605092	1
4605124	1
4605155	1
4605169	1
4605172	1
4605187	1
4605356	2
4605360	1
4605374	1
4605499	1
4605500	1
4605558	1
4605561	1
4605589	1
4605685	1
4605766	1
4605782	1
4605802	1
4605849	1
4605868	1
4605884	1
4606021	1
4606077	1
4606220	1
4606247	1
4606375	1
4606435	1
4606454	1
4606605	1
4606612	1
4606686	1
4606818	1
4606840	1
4606903	1
4606910	1
4606955	1
4607017	1
4607026	1
4607093	1
4607127	1
4607184	1
4607213	1
4607245	1
4607280	1
4607299	1
4607382	1
4607405	1
4607498	1
4607533	1
4607592	1
4607646	1
4607760	1
4607774	1
4607783	1
4607810	1
4607824	1
4607855	1
4607891	1
4607923	1
4607996	1
4608027	1
4608313	1
4608376	1
4608410	1
4608455	1
4608491	1
4608522	1
4608578	1
4608590	1
4608718	1
4608740	1
4608757	1
4608812	1
4608870	1
4608997	1
4609003	1
4609114	1
4609159	1
4609211	1
4609225	1
4609305	1
4609341	1
4609402	1
4609473	1
4609484	1
4609531	1
4609585	1
4609707	1
4609834	1
4609899	1
4609908	1
4609921	1
4609982	1
4610017	1
4610026	1
4610127	1
4610151	1
4610195	1
4610201	1
4610252	1
4610267	1
4610276	1
4610308	1
4610343	1
4610350	1
4610437	1
4610559	1
4610592	1
4610619	1
4610635	1
4610646	1
4610681	1
4610709	1
4610891	1
4610904	2
4610957	1
4610962	1
4611025	1
4611121	1
4611293	1
4611314	1
4611320	1
4611365	1
4611485	1
4611512	1
4611890	1
4611930	1
4611949	1
4611973	1
4612050	1
4612125	1
4612142	1
4612292	1
4612300	1
4612393	1
4612422	1
4612463	1
4612481	1
4612545	1
4612612	1
4612641	1
4612686	1
4612698	1
4612823	1
4612896	1
4612936	1
4612972	1
4612991	1
4613035	1
4613063	1
4613105	1
4613141	1
4613186	1
4613224	1
4613269	1
4613379	1
4613396	1
4613549	1
4613573	1
4613642	1
4613861	2
4613906	1
4613988	1
4614016	1
4614030	1
4614126	1
4614158	1
4614243	1
4614277	1
4614294	1
4614367	1
4614403	1
4614620	1
4614659	1
4614692	1
4614731	1
4614757	1
4614837	1
4614898	1
4614938	1
4615023	1
4615040	1
4615057	1
4615167	1
4615230	1
4615354	1
4615409	1
4615438	1
4615460	1
4615510	1
4615643	1
4615729	1
4615820	1
4615932	1
4615944	1
4616098	1
4616135	1
4616178	1
4616257	1
4616303	1
4616310	1
4616336	1
4616400	1
4616426	1
4616458	1
4616493	1
4616602	1
4616651	1
4616714	1
4616733	1
4616771	1
4616877	1
4617003	1
4617055	1
4617072	1
4617159	1
4617188	1
4617312	2
4617329	1
4617398	1
4617427	1
4617451	1
4617473	1
4617557	1
4617562	1
4617579	1
4617585	1
4617661	1
4617693	1
4617722	1
4617781	1
4617801	1
4617813	1
4617834	1
4617852	1
4617867	1
4617950	1
4618071	1
4618103	1
4618124	1
4618148	1
4618383	1
4618500	1
4618532	1
4618589	1
4618618	1
4618743	1
4618777	1
4618946	1
4619001	1
4619076	1
4619099	1
4619104	1
4619330	1
4619368	1
4619373	1
4619543	1
4619550	1
4619655	1
4619672	1
4619761	1
4619811	1
4619860	1
4619883	1
4619929	1
4619937	1
4619953	1
4620030	1
4620049	1
4620051	1
4620193	1
4620277	1
4620328	1
4620352	1
4620403	1
4620455	1
4620487	1
4620563	1
4620606	1
4620740	1
4620812	1
4620898	1
4620942	1
4620983	1
4621018	1
4621167	1
4621180	1
4621199	1
4621319	1
4621346	1
4621354	1
4621381	1
4621409	1
4621536	1
4621569	1
4621572	1
4621729	1
4621741	1
4621806	1
4621900	1
4621961	1
4622076	1
4622099	1
4622104	1
4622157	1
4622254	1
4622290	1
4622330	1
4622349	1
4622603	1
4622687	1
4622744	1
4622789	1
4622860	1
4622937	1
4622953	1
4622970	1
4623065	2
4623071	1
4623155	1
4623205	1
4623264	1
4623309	1
4623338	1
4623374	1
4623413	1
4623428	1
4623434	1
4623452	1
4623593	1
4623604	1
4623696	1
4623794	1
4623981	1
4624000	1
4624017	1
4624089	1
4624116	2
4624228	1
4624405	1
4624412	1
4624437	1
4624470	1
4624559	1
4624663	1
4624690	1
4624725	1
4624783	1
4624872	1
4624904	1
4624940	1
4624962	1
4625009	1
4625025	1
4625108	1
4625139	1
4625182	1
4625200	1
4625217	1
4625275	1
4625293	1
4625314	1
4625320	1
4625371	1
4625392	1
4625457	1
4625479	1
4625529	1
4625537	1
4625628	1
4625676	1
4625724	1
4625791	1
4625835	1
4625846	1
4625951	1
4626069	1
4626120	1
4626171	1
4626192	1
4626209	1
4626305	1
4626370	1
4626518	1
4626596	1
4626707	1
4626746	1
4626763	1
4626828	1
4626899	1
4627154	1
4627178	1
4627190	1
4627218	1
4627231	1
4627262	1
4627369	1
4627489	1
4627509	1
4627511	1
4627542	1
4627560	1
4627583	1
4627630	1
4627649	1
4627788	1
4627839	1
4627945	2
4628090	1
4628112	1
4628129	1
4628186	1
4628362	1
4628396	1
4628415	1
4628443	1
4628466	1
4628516	1
4628595	1
4628660	1
4628734	1
4628767	1
4628799	1
4628959	1
4629066	1
4629361	1
4629454	1
4629513	1
4629545	1
4629580	1
4629727	1
4629818	1
4629831	1
4629896	1
4629969	1
4629972	1
4629991	1
4630014	1
4630110	1
4630148	1
4630187	1
4630311	1
4630374	1
4630452	1
4630499	1
4630558	1
4630561	1
4630604	1
4630618	1
4630679	1
4630715	1
4630721	1
4630777	2
4630794	1
4630849	1
4630907	1
4630919	1
4630981	1
4631015	1
4631050	1
4631174	1
4631183	1
4631247	1
4631326	1
4631361	1
4631481	1
4631490	1
4631513	1
4631580	1
4631641	1
4631670	1
4631831	1
4631857	1
4631885	1
4631955	1
4631972	1
4632097	1
4632115	1
4632150	1
4632177	1
4632217	1
4632423	1
4632755	1
4632787	1
4632791	1
4632846	1
4632863	1
4632973	1
4633004	1
4633023	1
4633031	1
4633040	1
4633167	1
4633180	1
4633251	1
4633268	1
4633363	1
4633409	1
4633425	1
4633442	1
4633460	1
4633474	1
4633497	1
4633555	1
4633591	1
4633621	1
4633650	1
4633682	1
4633694	1
4633770	1
4633798	1
4633871	1
4633958	1
4633975	1
4634133	1
4634192	1
4634274	1
4634449	1
4634473	1
4634484	1
4634518	1
4634540	1
4634626	1
4634693	1
4634707	2
4634722	1
4634801	1
4634852	1
4634966	1
4634977	1
4634982	1
4635081	1
4635141	1
4635170	1
4635198	1
4635255	1
4635385	1
4635439	1
4635502	1
4635642	1
4635734	1
4635780	1
4635844	1
4635947	1
4635971	1
4636001	1
4636028	1
4636185	1
4636246	1
4636302	1
4636406	1
4636433	1
4636488	1
4636672	1
4636691	1
4636732	1
4636811	1
4636964	1
4636970	1
4637016	1
4637049	1
4637084	1
4637132	1
4637161	1
4637215	1
4637221	1
4637424	1
4637469	1
4637472	1
4637491	1
4637578	1
4637590	1
4637606	1
4637614	1
4637633	1
4637671	1
4637704	1
4637779	1
4637805	1
4637812	1
4637837	1
4637909	1
4637938	1
4638017	1
4638044	1
4638173	1
4638234	1
4638299	2
4638308	1
4638339	1
4638366	1
4638382	1
4638405	1
4638437	1
4638441	1
4638453	1
4638498	1
4638619	2
4638622	1
4638654	1
4638738	1
4638742	1
4638855	1
4638923	1
4638979	1
4638996	1
4639053	1
4639122	1
4639135	1
4639190	1
4639262	1
4639279	1
4639372	1
4639417	1
4639489	1
4639511	1
4639525	1
4639668	1
4639695	1
4639714	1
4639747	1
4639792	1
4639821	1
4639866	1
4639928	1
4639945	1
4639967	1
4640060	1
4640115	1
4640217	1
4640261	1
4640306	1
4640359	1
4640404	1
4640418	1
4640423	1
4640496	2
4640553	1
4640564	1
4640667	1
4640736	1
4640772	1
4640878	1
4640927	1
4641010	2
4641072	1
4641087	1
4641106	1
4641133	1
4641192	1
4641209	1
4641260	1
4641451	1
4641518	1
4641562	1
4641661	1
4641693	1
4641763	1
4641778	1
4641801	1
4641813	1
4641845	1
4641950	1
4641966	1
4642020	1
4642071	1
4642088	1
4642103	1
4642136	1
4642191	1
4642237	1
4642311	1
4642325	1
4642338	1
4642397	1
4642413	1
4642428	1
4642480	1
4642558	1
4642604	1
4642782	1
4642849	1
4642868	1
4642895	1
4642978	1
4643034	1
4643131	1
4643185	1
4643459	1
4643488	1
4643508	1
4643687	1
4643691	1
4643789	1
4644015	1
4644082	1
4644156	1
4644247	1
4644259	1
4644292	1
4644326	1
4644435	1
4644463	1
4644576	1
4644702	1
4644727	1
4644857	1
4644969	1
4645095	1
4645100	1
4645158	1
4645189	2
4645215	1
4645221	1
4645250	1
4645294	1
4645301	1
4645380	1
4645399	1
4645469	1
4645472	1
4645487	1
4645522	1
4645535	1
4645647	1
4645665	1
4645731	1
4645805	1
4645864	1
4645974	1
4645983	1
4646031	1
4646062	1
4646085	1
4646101	1
4646128	1
4646180	1
4646202	1
4646216	1
4646284	1
4646354	1
4646456	1
4646483	1
4646536	1
4646621	1
4646753	1
4646770	1
4646798	1
4646900	1
4646926	1
4647078	1
4647141	1
4647210	1
4647291	1
4647304	1
4647482	1
4647527	1
4647573	1
4647638	1
4647642	1
4647734	1
4647752	1
4647826	2
4647933	1
4647965	1
4647988	1
4647992	1
4648005	1
4648029	1
4648041	1
4648053	1
4648070	1
4648135	1
4648296	1
4648310	1
4648324	1
4648336	1
4648426	1
4648444	1
4648511	1
4648616	1
4648630	1
4648759	1
4648850	1
4648976	1
4648980	1
4649075	1
4649382	1
4649464	1
4649533	1
4649588	1
4649622	1
4649678	1
4649725	1
4649756	2
4649760	2
4649783	1
4649797	2
4649824	1
4649848	1
4649855	1
4649904	1
4649931	1
4649957	1
4650080	1
4650099	1
4650162	1
4650235	1
4650351	1
4650368	1
4650373	1
4650384	1
4650488	1
4650566	1
4650577	1
4650582	1
4650691	1
4650744	1
4650775	1
4650912	1
4650929	1
4650964	1
4650998	1
4651102	1
4651116	1
4651184	1
4651201	1
4651213	1
4651228	1
4651234	1
4651245	1
4651315	1
4651343	1
4651394	1
4651412	1
4651441	1
4651681	1
4651738	1
4651855	1
4651887	1
4651940	1
4651962	1
4652016	1
4652051	1
4652068	1
4652126	1
4652158	1
4652161	1
4652221	1
4652301	1
4652380	1
4652633	1
4652757	1
4652762	1
4652812	1
4652829	1
4652870	1
4652909	1
4652942	1
4652974	1
4653055	1
4653106	1
4653133	1
4653260	1
4653274	1
4653283	1
4653329	1
4653449	1
4653523	1
4653540	1
4653617	1
4653658	1
4653675	1
4653880	1
4653921	1
4653966	1
4654023	1
4654057	1
4654113	1
4654128	1
4654180	2
4654230	1
4654354	1
4654390	1
4654411	1
4654456	1
4654483	1
4654497	1
4654591	1
4654608	1
4654682	1
4654705	1
4654729	1
4654786	1
4654806	1
4654820	1
4654833	1
4654865	1
4654871	1
4654944	1
4654975	1
4655122	1
4655240	1
4655262	1
4655303	1
4655336	1
4655391	1
4655417	2
4655432	1
4655475	1
4655509	1
4655542	1
4655616	1
4655673	1
4655747	1
4655788	1
4655882	1
4655894	1
4655980	1
4655999	1
4656092	1
4656103	1
4656148	1
4656264	1
4656286	1
4656325	1
4656338	1
4656360	1
4656383	1
4656476	1
4656499	1
4656561	1
4656575	1
4656604	1
4656623	1
4656708	1
4656777	1
4656868	1
4656873	1
4656895	1
4656981	1
4657177	1
4657359	1
4657418	1
4657529	1
4657628	1
4657680	1
4657699	1
4657748	1
4657791	1
4657835	1
4657854	1
4657890	1
4657930	2
4657973	1
4658050	1
4658066	1
4658125	1
4658197	1
4658259	1
4658288	1
4658300	1
4658358	1
4658361	1
4658375	1
4658446	1
4658513	1
4658567	1
4658576	1
4658605	1
4658664	1
4658716	1
4658730	1
4658804	1
4658910	1
4658972	1
4659035	1
4659153	1
4659203	1
4659408	1
4659482	1
4659527	1
4659530	1
4659551	1
4659568	1
4659683	1
4659701	1
4659752	1
4659875	1
4659889	1
4659914	1
4660003	1
4660114	1
4660211	1
4660238	1
4660256	1
4660337	1
4660449	1
4660473	2
4660540	1
4660557	1
4660562	1
4660596	1
4660675	1
4660722	1
4660754	1
4660763	1
4660828	2
4660943	1
4660977	1
4661054	1
4661198	1
4661357	1
4661450	1
4661494	1
4661568	1
4661573	1
4661595	1
4661611	1
4661697	1
4661767	1
4661844	1
4661875	1
4661906	1
4661920	1
4661971	1
4662064	1
4662154	1
4662190	1
4662303	1
4662310	1
4662324	1
4662400	1
4662417	1
4662493	1
4662556	1
4662602	1
4662765	1
4662771	1
4662788	1
4662882	1
4662934	1
4663000	1
4663026	1
4663032	1
4663168	1
4663195	1
4663201	1
4663299	1
4663366	1
4663470	1
4663571	1
4663663	1
4663738	1
4663774	1
4663996	1
4664014	1
4664033	1
4664124	1
4664264	1
4664286	1
4664298	1
4664397	1
4664428	2
4664434	1
4664558	1
4664657	1
4664662	1
4664685	1
4664802	1
4664873	1
4664946	1
4664954	1
4664978	1
4664990	1
4665160	2
4665220	1
4665435	1
4665534	1
4665552	1
4665580	1
4665599	1
4665605	1
4665702	2
4665716	1
4665749	1
4665795	1
4665924	1
4665987	1
4666030	1
4666068	1
4666250	1
4666282	1
4666294	1
4666352	1
4666399	1
4666535	1
4666647	1
4666704	1
4666779	1
4666812	1
4666841	1
4666864	1
4666909	1
4666911	1
4666925	1
4667099	1
4667104	1
4667118	1
4667290	1
4667349	1
4667368	1
4667384	1
4667395	1
4667577	1
4667582	1
4667655	1
4667732	1
4667744	1
4667809	1
4667905	1
4667964	1
4667986	1
4668057	1
4668128	1
4668134	1
4668322	1
4668335	1
4668363	1
4668378	1
4668381	1
4668390	1
4668425	1
4668524	1
4668712	1
4668729	1
4668753	1
4668871	1
4668900	1
4668917	1
4668932	1
4669074	1
4669177	1
4669371	1
4669462	1
4669479	1
4669541	1
4669564	1
4669676	1
4669755	1
4669819	1
4669881	1
4670079	1
4670085	1
4670113	1
4670128	1
4670381	1
4670411	2
4670524	1
4670548	1
4670555	1
4670569	1
4670608	1
4670615	1
4670859	1
4670892	1
4670989	1
4671005	1
4671041	2
4671064	1
4671070	1
4671154	1
4671190	2
4671240	1
4671336	1
4671426	1
4671630	1
4671668	1
4671695	1
4671706	1
4671765	1
4671788	1
4671821	1
4671839	1
4671882	1
4672046	1
4672141	2
4672170	1
4672186	1
4672203	1
4672287	1
4672379	1
4672385	1
4672530	1
4672656	1
4672674	1
4672697	1
4672844	1
4672875	1
4672959	1
4672988	1
4672992	1
4673021	1
4673077	1
4673156	1
4673317	1
4673393	1
4673478	1
4673528	1
4673576	1
4673698	1
4673727	2
4673768	1
4673784	1
4673903	1
4673936	1
4674001	1
4674045	1
4674052	1
4674080	1
4674099	2
4674104	1
4674179	1
4674185	1
4674254	1
4674290	1
4674349	1
4674351	1
4674395	1
4674459	2
4674465	1
4674508	1
4674700	1
4674842	1
4674860	1
4674970	1
4675184	1
4675343	1
4675394	1
4675520	1
4675635	1
4675711	1
4675774	1
4675797	1
4675810	1
4675836	1
4675848	1
4675855	1
4675904	1
4675996	1
4676074	1
4676083	1
4676182	1
4676194	1
4676457	1
4676485	1
4676512	1
4676601	1
4676613	1
4676634	1
4676645	1
4676710	1
4676835	1
4676902	1
4676930	1
4677014	1
4677047	1
4677092	1
4677148	1
4677445	1
4677623	1
4677657	1
4677662	1
4677685	1
4677794	1
4677868	1
4678010	1
4678036	1
4678133	1
4678192	1
4678209	1
4678260	1
4678283	1
4678297	1
4678312	1
4678402	2
4678416	1
4678427	1
4678495	1
4678518	1
4678531	1
4678540	1
4678579	1
4678617	1
4678626	1
4678689	1
4678719	1
4678801	1
4678813	1
4678828	1
4678845	1
4678876	1
4678899	1
4678921	1
4679027	1
4679068	1
4679073	1
4679100	1
4679250	1
4679266	1
4679282	1
4679399	1
4679410	1
4679554	1
4679692	1
4679757	1
4679805	1
4679870	1
4679911	1
4679938	1
4680021	1
4680082	1
4680111	1
4680138	1
4680292	1
4680300	1
4680422	1
4680435	1
4680481	1
4680567	1
4680599	1
4680749	1
4680804	1
4680818	1
4680823	1
4680857	1
4680885	1
4680903	1
4680955	2
4680987	1
4681027	1
4681030	1
4681095	2
4681208	1
4681294	1
4681367	1
4681448	1
4681455	1
4681469	1
4681554	1
4681633	1
4681671	1
4681909	1
4682000	1
4682093	1
4682168	1
4682184	1
4682228	1
4682280	1
4682321	1
4682339	1
4682498	1
4682514	1
4682663	1
4682711	1
4682824	1
4682848	1
4682869	1
4682962	1
4682996	1
4683012	2
4683107	1
4683355	1
4683372	1
4683400	1
4683475	1
4683493	1
4683509	1
4683511	1
4683538	1
4683597	1
4683651	1
4683808	2
4683901	1
4683934	1
4683945	1
4684011	1
4684025	1
4684056	2
4684060	1
4684200	1
4684392	1
4684462	1
4684505	1
4684553	1
4684564	1
4684601	1
4684652	1
4684807	1
4684846	1
4684927	1
4685091	1
4685159	2
4685242	1
4685283	1
4685329	1
4685402	1
4685540	1
4685557	1
4685632	1
4685722	1
4685746	1
4685754	1
4685899	1
4685982	1
4686153	1
4686287	1
4686331	1
4686357	1
4686385	1
4686415	1
4686439	1
4686494	1
4686516	1
4686573	1
4686638	1
4686728	1
4686780	1
4686800	1
4686959	1
4686971	1
4686992	2
4687145	1
4687152	1
4687202	1
4687335	1
4687363	1
4687409	1
4687411	1
4687460	1
4687510	1
4687621	1
4687712	1
4687770	1
4687786	1
4687806	1
4687859	1
4687871	1
4687932	2
4687961	1
4688001	1
4688013	2
4688196	1
4688302	1
4688349	1
4688414	1
4688433	1
4688539	1
4688550	1
4688672	1
4688726	1
4688761	1
4688874	1
4688912	1
4689006	1
4689014	1
4689059	1
4689088	1
4689110	1
4689309	1
4689383	1
4689401	1
4689476	1
4689532	1
4689715	1
4689750	1
4689907	1
4689922	1
4689963	1
4689990	1
4690005	1
4690163	1
4690262	1
4690400	1
4690493	1
4690509	1
4690542	2
4690560	1
4690574	1
4690583	1
4690651	2
4690673	1
4690684	1
4690771	1
4690815	1
4690850	2
4690928	1
4691020	1
4691148	1
4691155	1
4691264	1
4691270	1
4691309	1
4691325	1
4691356	1
4691413	1
4691445	1
4691544	1
4691561	1
4691679	2
4691715	1
4691721	1
4691884	1
4691922	1
4691946	2
4691963	1
4692069	1
4692159	1
4692274	1
4692297	1
4692305	1
4692364	1
4692416	1
4692451	1
4692473	1
4692484	1
4692531	1
4692585	1
4692626	1
4692644	1
4692746	1
4692754	1
4692778	1
4692845	1
4692899	1
4692908	1
4692994	1
4693002	1
4693016	1
4693027	1
4693068	1
4693100	1
4693161	1
4693215	1
4693294	1
4693313	1
4693410	1
4693424	1
4693472	1
4693507	1
4693554	1
4693590	1
4693614	1
4693853	1
4693938	1
4693974	1
4694063	1
4694105	1
4694164	1
4694357	1
4694362	1
4694379	1
4694408	1
4694551	1
4694609	1
4694660	1
4694745	1
4694832	1
4694861	1
4694914	1
4694959	1
4695140	1
4695179	1
4695327	1
4695349	1
4695465	1
4695488	1
4695492	1
4695508	1
4695539	1
4695594	1
4695636	1
4695700	1
4695856	1
4695874	1
4695941	1
4696032	1
4696102	1
4696130	1
4696173	1
4696267	1
4696280	1
4696308	1
4696350	1
4696377	1
4696437	1
4696453	1
4696470	1
4696559	2
4696635	1
4696709	1
4696725	1
4696760	1
4696803	1
4696824	1
4696855	1
4696918	1
4696940	1
4697015	2
4697138	1
4697156	1
4697214	1
4697259	1
4697265	1
4697292	1
4697344	1
4697361	1
4697375	1
4697419	1
4697501	1
4697552	1
4697567	1
4697629	1
4697641	1
4697768	1
4697840	1
4697857	1
4697903	1
4698060	1
4698097	1
4698226	1
4698505	1
4698570	1
4698586	1
4698598	1
4698680	1
4698819	1
4698835	1
4698854	1
4698878	1
4698927	1
4698930	1
4699023	1
4699040	1
4699101	1
4699167	1
4699251	1
4699268	1
4699284	1
4699363	1
4699390	1
4699621	1
4699682	1
4699705	1
4699729	1
4699888	1
4699892	1
4699932	1
4699958	1
4700060	1
4700097	1
4700217	1
4700244	1
4700293	1
4700431	1
4700457	1
4700598	1
4700601	1
4700652	1
4700710	1
4700819	1
4700863	1
4701087	1
4701114	1
4701165	1
4701188	1
4701209	1
4701238	1
4701242	1
4701329	1
4701416	1
4701430	1
4701468	1
4701473	1
4701504	1
4701523	1
4701579	1
4701600	1
4701626	1
4701644	1
4701689	1
4701722	1
4701754	1
4701790	1
4701852	1
4701876	1
4701977	1
4702103	1
4702253	1
4702532	2
4702631	1
4702662	1
4702743	1
4702827	1
4702919	1
4702954	1
4702978	1
4702981	1
4703067	1
4703080	1
4703118	1
4703140	1
4703162	1
4703179	1
4703207	1
4703316	1
4703351	1
4703488	1
4703508	1
4703603	1
4703655	1
4703687	1
4703717	1
4703964	1
4704015	1
4704039	1
4704043	1
4704066	1
4704082	1
4704094	1
4704156	1
4704247	1
4704271	1
4704326	1
4704358	2
4704422	1
4704446	1
4704545	1
4704599	1
4704664	1
4704698	1
4704716	1
4704751	1
4704773	1
4704885	1
4705049	1
4705073	1
4705100	1
4705132	1
4705161	1
4705243	1
4705328	1
4705334	1
4705352	1
4705399	1
4705554	1
4705614	1
4705659	2
4705692	1
4705829	1
4705841	1
4705909	1
4705938	1
4705942	1
4706167	1
4706180	1
4706230	1
4706273	1
4706438	1
4706483	1
4706497	1
4706510	1
4706536	1
4706569	1
4706639	1
4706682	1
4706729	1
4706786	1
4706833	1
4706865	1
4706932	1
4707129	1
4707186	1
4707203	1
4707224	1
4707236	1
4707255	1
4707269	1
4707396	1
4707466	1
4707551	1
4707573	1
4707584	1
4707609	1
4707611	1
4707889	1
4707988	1
4708064	1
4708122	1
4708146	1
4708190	1
4708204	1
4708262	1
4708285	2
4708391	1
4708489	1
4708493	1
4708509	1
4708574	1
4708706	1
4708839	1
4709026	1
4709061	1
4709089	1
4709195	1
4709280	1
4709405	1
4709412	1
4709464	1
4709486	1
4709498	1
4709520	1
4709654	1
4709824	1
4710129	1
4710164	1
4710248	1
4710255	1
4710408	1
4711001	1
4711034	1
4711045	1
4711118	1
4711179	1
4711235	1
4711278	1
4711316	1
4711349	1
4711395	1
4711543	1
4711582	1
4711594	1
4711655	1
4711758	1
4711842	1
4711860	1
4711941	1
4711964	1
4711970	1
4712018	1
4712145	1
4712335	1
4712378	1
4712381	1
4712456	1
4712524	1
4712536	1
4712591	1
4712639	1
4712705	1
4712786	1
4712847	1
4712926	1
4712993	1
4713025	1
4713042	1
4713108	1
4713143	1
4713166	1
4713226	1
4713258	1
4713314	1
4713347	1
4713365	2
4713404	1
4713440	1
4713485	2
4713537	1
4713586	1
4713634	1
4713645	1
4713699	1
4713835	1
4713846	1
4713902	1
4713927	1
4713949	1
4713968	1
4713973	1
4714146	1
4714223	1
4714391	1
4714673	1
4714684	2
4714695	1
4714706	1
4714765	1
4714815	1
4714821	1
4714843	1
4714866	1
4714901	1
4714913	1
4715033	1
4715065	1
4715092	1
4715191	1
4715241	1
4715253	1
4715342	2
4715383	1
4715480	1
4715544	1
4715604	1
4715679	1
4715743	1
4715750	1
4715777	1
4715816	1
4715873	1
4715963	1
4716039	1
4716050	1
4716233	1
4716259	1
4716300	1
4716344	1
4716358	1
4716393	1
4716463	1
4716501	1
4716552	1
4716664	1
4716686	1
4716795	1
4716804	1
4716823	1
4716862	1
4716936	1
4717000	1
4717075	1
4717168	1
4717184	1
4717234	1
4717267	1
4717280	1
4717343	1
4717470	1
4717498	1
4717506	1
4717514	1
4717588	1
4717592	1
4717619	1
4717810	1
4717918	1
4718002	1
4718027	1
4718084	1
4718208	1
4718215	1
4718221	1
4718301	1
4718313	1
4718334	1
4718436	1
4718455	1
4718472	1
4718487	1
4718535	1
4718620	1
4718647	1
4718671	1
4718688	1
4718718	1
4718796	1
4718805	1
4718829	1
4718864	1
4718942	1
4718974	1
4719010	1
4719036	1
4719133	1
4719159	1
4719171	1
4719188	1
4719209	1
4719211	1
4719238	1
4719242	1
4719283	1
4719305	1
4719364	1
4719504	1
4719518	1
4719531	1
4719585	1
4719644	1
4719781	1
4719880	1
4719921	1
4719994	1
4720041	1
4720285	1
4720348	1
4720432	1
4720511	1
4720616	1
4720627	1
4720706	1
4720759	1
4720792	1
4721059	1
4721187	1
4721253	1
4721311	1
4721338	1
4721342	1
4721428	1
4721445	1
4721499	1
4721500	1
4721640	1
4721662	1
4721679	1
4721685	1
4721715	1
4721816	1
4721868	1
4721884	1
4721963	1
4722024	1
4722069	1
4722147	1
4722165	1
4722171	1
4722312	1
4722341	1
4722473	1
4722523	1
4722531	1
4722600	1
4722617	1
4722632	2
4722644	1
4722658	1
4722661	1
4722689	1
4722735	1
4722828	1
4722834	1
4722867	1
4722915	1
4722966	1
4723030	1
4723051	1
4723073	1
4723117	1
4723132	1
4723239	1
4723352	1
4723380	1
4723424	1
4723448	1
4723507	1
4723546	1
4723671	1
4723762	1
4723812	1
4723853	1
4723870	1
4724054	2
4724081	1
4724224	1
4724248	1
4724255	1
4724287	1
4724323	1
4724439	1
4724502	1
4724516	1
4724584	1
4724609	1
4724826	1
4724893	1
4724906	1
4724914	1
4725052	1
4725104	1
4725185	1
4725384	1
4725406	1
4725420	1
4725433	1
4725515	1
4725610	1
4725648	1
4725655	1
4725717	1
4725761	1
4725874	1
4725883	1
4725905	1
4725986	1
4726044	1
4726127	1
4726201	1
4726299	1
4726315	1
4726321	1
4726366	1
4726377	1
4726437	1
4726453	1
4726498	1
4726559	1
4726592	1
4726654	1
4726711	1
4726756	1
4726855	1
4726979	1
4727142	1
4727197	1
4727259	1
4727288	1
4727389	1
4727419	1
4727490	1
4727528	1
4727534	1
4727552	1
4727567	1
4727612	1
4727686	1
4727727	1
4727795	1
4727818	1
4727857	1
4727862	1
4727896	1
4728042	1
4728056	1
4728121	1
4728177	1
4728306	1
4728314	1
4728333	1
4728431	1
4728541	1
4728564	1
4728586	1
4728613	1
4728703	1
4728710	1
4728748	1
4728769	1
4728819	1
4728835	1
4728878	1
4728930	1
4728951	1
4729023	1
4729040	1
4729134	1
4729216	1
4729378	1
4729425	1
4729536	1
4729650	1
4729666	1
4729682	1
4729712	1
4729729	1
4729764	1
4729859	1
4729871	1
4729892	1
4729926	1
4729989	1
4730126	1
4730161	1
4730208	1
4730345	1
4730376	1
4730403	1
4730410	1
4730472	1
4730487	1
4730519	1
4730554	1
4730740	1
4730757	1
4730805	1
4730829	1
4731004	1
4731031	1
4731113	1
4731128	1
4731180	1
4731230	1
4731273	1
4731322	1
4731346	1
4731442	1
4731460	1
4731483	1
4731753	1
4731814	1
4731820	1
4731847	1
4731888	1
4731892	1
4731944	1
4732034	1
4732080	1
4732222	1
4732368	1
4732373	1
4732384	1
4732406	1
4732488	1
4732492	1
4732566	1
4732624	1
4732726	1
4732838	2
4732860	1
4732897	1
4732937	1
4733020	1
4733092	1
4733124	1
4733155	1
4733264	1
4733286	1
4733356	1
4733383	1
4733434	1
4733452	1
4733500	1
4733517	1
4733526	1
4733544	1
4733623	1
4733685	1
4733708	1
4733794	1
4733963	1
4733978	1
4734000	2
4734017	1
4734058	1
4734201	1
4734228	1
4734315	1
4734382	1
4734441	1
4734453	1
4734622	1
4734760	1
4734774	1
4734803	1
4734872	1
4735074	1
4735182	1
4735200	1
4735232	1
4735392	1
4735431	1
4735440	1
4735479	1
4735553	1
4735699	1
4735724	1
4735748	1
4735755	1
4735787	1
4735835	1
4735854	1
4735949	1
4735973	1
4736072	1
4736087	1
4736171	1
4736209	1
4736211	1
4736274	1
4736297	1
4736329	1
4736353	1
4736370	1
4736416	1
4736468	1
4736495	1
4736600	1
4736675	1
4736707	1
4736763	1
4736828	1
4736867	1
4736921	1
4736939	1
4737012	1
4737070	1
4737086	1
4737178	1
4737231	1
4737348	1
4737461	1
4737542	1
4737560	1
4737602	1
4737616	1
4737668	1
4737714	1
4737733	1
4737821	1
4737882	1
4737913	1
4737928	1
4737945	1
4738019	1
4738063	1
4738137	1
4738141	1
4738186	1
4738272	1
4738304	1
4738318	1
4738323	1
4738660	1
4738674	1
4738701	1
4738713	1
4738752	1
4738844	1
4738875	1
4738889	1
4738959	1
4738988	1
4739050	1
4739066	1
4739077	1
4739082	1
4739174	1
4739197	1
4739247	1
4739300	1
4739389	1
4739481	1
4739490	1
4739637	1
4739686	1
4739698	1
4739702	1
4739727	1
4739730	1
4739795	1
4739823	1
4739840	1
4739903	1
4739987	1
4740052	1
4740123	1
4740157	1
4740207	1
4740246	1
4740330	1
4740433	1
4740488	1
4740521	1
4740669	1
4740789	1
4740825	1
4740860	1
4740874	1
4740941	1
4740970	1
4740986	1
4741075	1
4741093	1
4741149	1
4741429	1
4741437	1
4741453	1
4741506	1
4741547	1
4741622	1
4741690	1
4741848	1
4742100	1
4742352	2
4742403	1
4742519	1
4742535	1
4742665	1
4742841	1
4742864	1
4742870	1
4742898	1
4742942	1
4742974	1
4743024	1
4743048	1
4743192	1
4743225	1
4743274	1
4743312	1
4743337	1
4743451	1
4743557	1
4743596	1
4743719	1
4743754	1
4743899	1
4743921	1
4743966	1
4744227	1
4744295	1
4744322	2
4744335	1
4744354	1
4744381	1
4744456	1
4744503	1
4744510	1
4744572	1
4744621	1
4744712	1
4744729	1
4744786	1
4744847	1
4744892	1
4744926	1
4744944	1
4744961	1
4745119	1
4745231	1
4745240	1
4745336	1
4745372	1
4745511	1
4745771	1
4745792	1
4745843	1
4745877	1
4745882	1
4745945	1
4746033	1
4746047	1
4746059	1
4746148	1
4746325	1
4746342	1
4746401	1
4746445	1
4746480	1
4746500	1
4746526	1
4746679	1
4746685	1
4746696	1
4746721	1
4746750	1
4746782	1
4746794	1
4746816	1
4746830	1
4746851	1
4746884	1
4746907	1
4746922	1
4746954	1
4747009	1
4747011	1
4747371	1
4747431	1
4747457	1
4747496	1
4747652	1
4747755	1
4747854	1
4747927	1
4748015	1
4748206	1
4748332	1
4748393	1
4748422	1
4748454	1
4748490	1
4748552	1
4748612	1
4748637	1
4748670	1
4748698	1
4748702	1
4748730	1
4748879	1
4748885	1
4748896	1
4748987	1
4749019	1
4749054	1
4749198	2
4749203	1
4749236	1
4749272	1
4749466	1
4749494	1
4749549	1
4749638	1
4749642	1
4749660	1
4749817	1
4749844	1
4749992	1
4750087	1
4750106	1
4750133	1
4750171	1
4750225	1
4750337	1
4750364	1
4750386	1
4750449	1
4750531	1
4750540	1
4750557	1
4750579	1
4750632	1
4750661	1
4750689	1
4750746	1
4750828	1
4750939	1
4750966	2
4750982	1
4751137	1
4751236	1
4751248	1
4751269	1
4751291	1
4751415	1
4751494	1
4751530	1
4751625	1
4751713	1
4751734	1
4751745	1
4751776	1
4751844	1
4751893	1
4751906	1
4752005	1
4752041	1
4752178	1
4752190	1
4752432	1
4752493	1
4752684	1
4752706	1
4752733	1
4752815	1
4752913	1
4752945	1
4753058	1
4753252	1
4753267	1
4753299	1
4753343	1
4753366	1
4753437	1
4753441	1
4753520	1
4753565	1
4753588	1
4753635	1
4753663	1
4753678	1
4753725	1
4753810	1
4753824	1
4753887	1
4753957	1
4753962	1
4753979	1
4753985	1
4753996	1
4754020	1
4754110	1
4754124	1
4754205	1
4754212	1
4754311	1
4754401	1
4754413	1
4754434	1
4754476	1
4754532	1
4754558	1
4754561	1
4754575	1
4754623	1
4754631	1
4754657	1
4754662	1
4754739	1
4754794	1
4754802	1
4754946	1
4755015	1
4755050	1
4755082	1
4755109	1
4755233	1
4755259	1
4755300	2
4755332	1
4755361	1
4755435	1
4755446	1
4755463	1
4755501	1
4755605	1
4755795	1
4755879	1
4755972	1
4756030	1
4756049	1
4756144	2
4756175	1
4756250	1
4756399	1
4756522	1
4756590	1
4756633	1
4756665	1
4756812	1
4756864	1
4756925	1
4756942	1
4757028	2
4757045	1
4757179	1
4757196	1
4757207	1
4757254	1
4757384	1
4757447	1
4757471	1
4757655	1
4757669	1
4757687	1
4757860	1
4757883	1
4758062	1
4758096	1
4758268	1
4758284	1
4758335	1
4758363	1
4758409	1
4758425	1
4758483	1
4758497	1
4758555	1
4758591	1
4758677	1
4758682	1
4758833	1
4758865	1
4759011	1
4759038	1
4759074	1
4759083	1
4759108	1
4759115	1
4759150	1
4759244	1
4759275	1
4759371	1
4759431	2
4759457	1
4759479	1
4759570	1
4759724	1
4759863	1
4759878	1
4759951	1
4760058	1
4760093	1
4760130	1
4760173	1
4760201	1
4760234	1
4760245	1
4760308	1
4760437	1
4760607	1
4760678	1
4760848	1
4760887	1
4761083	1
4761194	1
4761200	1
4761244	1
4761261	1
4761320	1
4761392	1
4761457	1
4761512	2
4761676	1
4761755	1
4761772	1
4761807	1
4761863	1
4761881	1
4761916	1
4761973	1
4762008	1
4762015	1
4762039	1
4762111	1
4762125	1
4762142	1
4762197	1
4762206	1
4762259	1
4762288	1
4762361	1
4762419	1
4762545	1
4762552	1
4762599	1
4762664	1
4762698	1
4762955	1
4762969	1
4762991	1
4763046	1
4763081	1
4763090	1
4763170	1
4763291	1
4763385	1
4763477	1
4763625	1
4763638	1
4763674	1
4763799	1
4763817	1
4763893	1
4763914	1
4763971	1
4764100	1
4764175	1
4764215	1
4764266	1
4764352	1
4764367	1
4764469	1
4764472	1
4764581	1
4764590	1
4764606	1
4764614	1
4764659	1
4764731	2
4764740	1
4764796	1
4764812	1
4764853	1
4765079	1
4765128	1
4765180	1
4765273	1
4765737	1
4765847	1
4765917	2
4765932	1
4766029	1
4766041	1
4766053	1
4766119	1
4766190	1
4766240	1
4766257	1
4766279	1
4766296	1
4766387	1
4766475	1
4766489	1
4766583	2
4766733	1
4766821	1
4766999	1
4767010	1
4767024	1
4767036	1
4767238	1
4767274	1
4767353	1
4767449	1
4767518	1
4767617	1
4767661	1
4767689	1
4767790	1
4767908	1
4767939	1
4767950	1
4767966	1
4767982	1
4768065	1
4768088	1
4768124	1
4768136	1
4768169	1
4768212	1
4768309	1
4768383	1
4768434	1
4768480	1
4768526	1
4768558	1
4768561	1
4768623	1
4768777	1
4768873	1
4768919	1
4768935	1
4769076	1
4769157	1
4769219	1
4769263	1
4769281	1
4769316	1
4769327	1
4769349	1
4769459	1
4769471	1
4769488	1
4769594	1
4769610	1
4769648	1
4769687	1
4769793	1
4769912	1
4769937	1
4769986	1
4770006	1
4770059	1
4770103	1
4770169	1
4770187	1
4770191	1
4770264	1
4770270	1
4770360	1
4770428	1
4770434	1
4770445	1
4770467	1
4770623	1
4770657	1
4770679	1
4770739	1
4770743	1
4770935	1
4771050	1
4771094	1
4771156	1
4771206	1
4771214	1
4771332	1
4771375	1
4771419	1
4771435	1
4771490	1
4771545	1
4771686	1
4771727	1
4771857	1
4771910	1
4772009	1
4772060	2
4772083	1
4772194	1
4772258	1
4772320	1
4772423	1
4772457	1
4772505	1
4772529	1
4772564	1
4772703	1
4772710	1
4772724	1
4772736	1
4772755	1
4772772	1
4772835	1
4772890	1
4772902	1
4773018	1
4773085	1
4773096	1
4773152	1
4773167	1
4773180	1
4773199	1
4773322	1
4773378	1
4773483	1
4773536	1
4773591	1
4773608	1
4773820	1
4773833	1
4773847	1
4773900	1
4774072	1
4774159	1
4774188	1
4774329	1
4774341	1
4774398	1
4774430	1
4774495	1
4774540	1
4774562	1
4774596	1
4774600	1
4774658	1
4774661	1
4774693	1
4774707	1
4774852	1
4774876	1
4774939	1
4774943	1
4774950	2
4774982	1
4774994	1
4775141	1
4775269	1
4775287	1
4775304	1
4775323	1
4775408	1
4775516	1
4775568	1
4775595	1
4775625	1
4775642	2
4775697	1
4775728	1
4775799	1
4775844	1
4775906	1
4775920	1
4776052	1
4776099	1
4776123	1
4776196	1
4776246	1
4776263	1
4776281	1
4776302	1
4776368	1
4776406	1
4776515	1
4776539	1
4776543	1
4776594	1
4776636	1
4776669	1
4776842	1
4776883	1
4776929	1
4777084	1
4777100	1
4777126	1
4777403	1
4777448	1
4777455	1
4777487	1
4777519	1
4777522	1
4777614	1
4777659	1
4777665	1
4777692	1
4777731	1
4777796	1
4777870	1
4777898	1
4777911	1
4777983	1
4778026	2
4778127	1
4778151	1
4778184	1
4778195	1
4778201	1
4778267	1
4778382	1
4778429	1
4778486	1
4778514	1
4778547	1
4778559	1
4778571	1
4778588	1
4778592	1
4778619	1
4778654	1
4778663	1
4778678	1
4778711	1
4778742	1
4778803	1
4778957	1
4779119	1
4779135	1
4779190	1
4779262	1
4779279	1
4779369	1
4779372	1
4779387	1
4779616	1
4779627	1
4779630	1
4779673	1
4779684	1
4779714	1
4779913	1
4779967	1
4779980	2
4780040	1
4780113	1
4780128	1
4780202	1
4780227	1
4780230	1
4780307	1
4780322	1
4780363	1
4780378	1
4780442	1
4780456	1
4780536	1
4780548	1
4780587	1
4780621	1
4780643	1
4780798	1
4780806	1
4780847	1
4781012	1
4781041	1
4781086	1
4781135	1
4781181	1
4781279	1
4781296	1
4781355	1
4781400	1
4781426	1
4781458	1
4781538	1
4781574	1
4781630	1
4781684	1
4781706	1
4781747	1
4781850	1
4781866	1
4781901	1
4781945	1
4781976	1
4781980	1
4781999	1
4782022	1
4782035	2
4782153	1
4782186	1
4782198	1
4782272	1
4782304	1
4782408	1
4782415	1
4782421	1
4782549	1
4782609	1
4782625	1
4782683	1
4782697	1
4782799	1
4782832	1
4782893	1
4782933	1
4783082	2
4783111	1
4783138	1
4783142	1
4783481	1
4783545	1
4783567	1
4783576	1
4783641	1
4783670	1
4783716	1
4783795	1
4783903	1
4783972	1
4784034	1
4784123	1
4784131	1
4784196	1
4784207	1
4784219	1
4784246	1
4784278	2
4784316	1
4784373	1
4784395	1
4784420	1
4784433	1
4784471	1
4784488	1
4784492	1
4784508	1
4784515	1
4784594	1
4784624	1
4784655	1
4784691	1
4784717	1
4784809	1
4784883	1
4784897	1
4784912	1
4784937	1
4785102	1
4785228	1
4785412	2
4785441	2
4785514	1
4785622	1
4785654	1
4785725	1
4785742	1
4785774	2
4785810	1
4785904	1
4785940	1
4786258	1
4786289	1
4786293	1
4786314	1
4786347	1
4786371	1
4786388	1
4786404	1
4786586	1
4786628	1
4786652	1
4786667	1
4786676	1
4786699	1
4786710	1
4786791	1
4786822	1
4786835	1
4786881	1
4786949	1
4787059	1
4787092	1
4787110	1
4787124	1
4787155	1
4787169	1
4787397	1
4787413	1
4787452	1
4787467	1
4787589	1
4787618	1
4787631	1
4787657	1
4787777	1
4787794	1
4787827	1
4787849	1
4787895	1
4787935	2
4787963	1
4788069	1
4788114	1
4788211	1
4788238	1
4788416	1
4788449	1
4788557	2
4788626	1
4788661	1
4788834	1
4788950	2
4789002	1
4789068	1
4789132	1
4789175	1
4789239	1
4789277	1
4789313	1
4789328	1
4789436	1
4789522	1
4789659	1
4789665	1
4789671	1
4789688	1
4789704	1
4789723	1
4789779	1
4789805	1
4789812	1
4789841	1
4789898	1
4789909	1
4789911	1
4789960	1
4790008	1
4790082	1
4790156	1
4790247	1
4790265	1
4790332	1
4790375	1
4790407	1
4790454	1
4790481	1
4790612	1
4790727	1
4790784	1
4790896	1
4790948	1
4791016	1
4791073	1
4791144	1
4791161	1
4791266	1
4791282	1
4791294	1
4791301	1
4791328	1
4791334	1
4791403	1
4791410	1
4791424	1
4791469	1
4791491	1
4791507	1
4791563	1
4791614	1
4791633	1
4791688	1
4791704	1
4791805	1
4791886	1
4791898	1
4791909	1
4791938	1
4791983	1
4792017	1
4792044	1
4792075	1
4792173	1
4792195	1
4792201	1
4792213	1
4792280	1
4792441	1
4792514	1
4792520	1
4792891	1
4792940	1
4792957	1
4792979	1
4792985	1
4793107	1
4793146	1
4793231	1
4793296	2
4793303	1
4793310	1
4793355	1
4793387	1
4793417	1
4793426	1
4793461	1
4793493	1
4793597	1
4793630	1
4793673	1
4793695	1
4793706	1
4793714	1
4793747	1
4793792	1
4793821	1
4793894	1
4793967	1
4794056	1
4794083	1
4794121	1
4794139	1
4794217	1
4794258	1
4794261	1
4794306	1
4794320	1
4794347	1
4794392	1
4794423	1
4794485	1
4794512	1
4794564	1
4794628	1
4794634	1
4794676	1
4794724	1
4794736	1
4794748	1
4794854	1
4794902	1
4794927	2
4794949	1
4795003	1
4795024	1
4795114	1
4795260	1
4795274	1
4795297	1
4795341	1
4795449	1
4795523	2
4795531	1
4795540	1
4795562	1
4795600	1
4795693	1
4795707	1
4795852	1
4795880	1
4795950	1
4795966	1
4796007	1
4796170	1
4796224	1
4796248	1
4796318	1
4796362	1
4796385	1
4796482	1
4796549	1
4796595	1
4796660	1
4796745	1
4796752	1
4796893	1
4797031	1
4797101	1
4797152	2
4797176	1
4797202	1
4797227	1
4797230	1
4797251	1
4797295	1
4797363	1
4797381	1
4797409	1
4797411	1
4797438	1
4797456	1
4797510	1
4797737	1
4797741	1
4797770	1
4797847	1
4797932	1
4797944	1
4797989	1
4798001	1
4798034	1
4798052	1
4798080	1
4798099	1
4798123	1
4798207	1
4798254	1
4798263	1
4798459	1
4798508	1
4798543	1
4798577	1
4798636	1
4798655	1
4798793	1
4798811	1
4798860	1
4798883	1
4798912	1
4798998	1
4799065	1
4799092	1
4799103	1
4799136	1
4799155	1
4799360	1
4799428	1
4799445	1
4799476	1
4799532	2
4799715	1
4799802	1
4800167	1
4800230	1
4800249	1
4800295	1
4800378	1
4800409	1
4800483	1
4800510	1
4800536	1
4800694	1
4800705	1
4800729	1
4800741	1
4800833	1
4800865	1
4800944	1
4800961	1
4800993	1
4801070	1
4801122	1
4801336	1
4801387	1
4801458	1
4801493	2
4801560	1
4801583	1
4801714	1
4801945	1
4802022	1
4802186	1
4802210	2
4802272	1
4802304	1
4802318	1
4802439	1
4802516	1
4802527	1
4802573	1
4802595	1
4802609	1
4802611	1
4802713	1
4802734	1
4802799	1
4802861	1
4802933	1
4802971	1
4802992	1
4803015	1
4803077	1
4803138	1
4803142	1
4803197	1
4803233	1
4803259	1
4803292	1
4803375	1
4803454	1
4803501	1
4803605	1
4803612	1
4803629	1
4803641	1
4803686	1
4803784	2
4803804	1
4803818	1
4803831	1
4803879	1
4803885	1
4803910	1
4804034	1
4804045	1
4804222	1
4804263	1
4804351	1
4804373	1
4804471	1
4804492	1
4804508	1
4804521	1
4804582	1
4804669	1
4804793	1
4804953	1
4805032	1
4805058	1
4805102	1
4805151	1
4805234	1
4805252	1
4805276	1
4805441	1
4805498	1
4805588	1
4805592	1
4805681	1
4805690	1
4805709	1
4805774	1
4805855	1
4805962	1
4805996	1
4806042	1
4806097	1
4806177	1
4806261	1
4806289	1
4806314	1
4806371	1
4806404	1
4806440	1
4806496	1
4806537	1
4806598	1
4806628	1
4806645	1
4806680	1
4806699	1
4806724	1
4806835	1
4806890	1
4806930	1
4806949	1
4806968	1
4806995	1
4807103	2
4807110	1
4807191	1
4807325	1
4807338	1
4807383	2
4807428	1
4807445	1
4807476	1
4807480	1
4807623	1
4807696	1
4807766	1
4807794	1
4807827	1
4807922	1
4807978	1
4808069	1
4808072	1
4808087	1
4808106	1
4808260	1
4808283	1
4808337	1
4808370	1
4808451	1
4808484	1
4808557	1
4808596	1
4808689	1
4808707	1
4808754	1
4808763	1
4808828	1
4808834	1
4808899	1
4808966	1
4809100	1
4809221	1
4809367	1
4809399	1
4809403	1
4809436	1
4809519	1
4809522	1
4809546	1
4809578	1
4809704	1
4809785	1
4809796	1
4809853	1
4809870	2
4809911	1
4809960	1
4809974	1
4810059	1
4810205	1
4810237	1
4810264	1
4810298	1
4810338	1
4810356	1
4810476	1
4810662	1
4810715	1
4810794	1
4810873	1
4810884	1
4810919	1
4810946	1
4810954	1
4811021	1
4811050	1
4811111	1
4811125	1
4811156	1
4811197	1
4811220	1
4811317	1
4811481	1
4811501	1
4811513	1
4811545	1
4811612	1
4811641	1
4811686	1
4811698	1
4811823	1
4811840	1
4811885	1
4811896	1
4811955	1
4811991	1
4812009	1
4812217	1
4812232	1
4812496	1
4812570	1
4812598	1
4812601	1
4812613	1
4812634	1
4812787	1
4812807	1
4812846	1
4812902	1
4813101	1
4813134	1
4813199	1
4813227	1
4813249	1
4813295	1
4813322	1
4813442	1
4813587	1
4813643	1
4813694	1
4813712	2
4813729	1
4813814	1
4813926	1
4814069	1
4814072	1
4814114	1
4814133	1
4814147	1
4814165	1
4814209	1
4814256	1
4814305	1
4814386	1
4814484	1
4814644	1
4814707	1
4814763	1
4814813	1
4814834	1
4814943	1
4815081	1
4815164	1
4815255	1
4815584	1
4815697	1
4815800	1
4815959	1
4815965	1
4815988	1
4816001	1
4816162	1
4816235	1
4816281	1
4816368	1
4816447	1
4816508	1
4816539	1
4816566	1
4816687	1
4816744	1
4816838	1
4816874	1
4816929	1
4817068	1
4817126	1
4817175	1
4817193	1
4817334	1
4817352	1
4817469	1
4817491	1
4817563	1
4817606	1
4817647	1
4817779	1
4817796	1
4817837	1
4817853	1
4817909	1
4817942	1
4817983	1
4818044	1
4818089	1
4818102	1
4818173	1
4818184	1
4818195	1
4818394	1
4818588	1
4818681	1
4818709	1
4818725	1
4818738	1
4818824	1
4819119	1
4819285	1
4819303	1
4819348	1
4819444	1
4819509	1
4819525	1
4819765	1
4819792	1
4819815	1
4819894	1
4819901	1
4819928	1
4819952	1
4819967	1
4820003	1
4820048	1
4820069	1
4820087	1
4820114	1
4820120	1
4820159	1
4820242	1
4820329	1
4820364	1
4820386	1
4820416	1
4820449	1
4820451	2
4820495	1
4820579	1
4820658	1
4820754	1
4820834	1
4821022	1
4821090	1
4821141	1
4821272	1
4821357	1
4821408	1
4821611	1
4821642	1
4821683	1
4821861	1
4821947	1
4821971	1
4821988	1
4822041	1
4822107	1
4822178	1
4822218	1
4822444	1
4822538	1
4822560	1
4822574	1
4822583	1
4822714	1
4822771	1
4823061	1
4823151	1
4823228	1
4823276	1
4823280	1
4823299	1
4823308	1
4823350	1
4823405	1
4823412	1
4823464	1
4823486	1
4823547	1
4823592	1
4823725	2
4823797	1
4823836	1
4823855	1
4823962	1
4823996	1
4824155	1
4824212	1
4824356	1
4824452	1
4824480	1
4824500	1
4824604	1
4824739	1
4824743	1
4824750	1
4824766	1
4824794	1
4824830	1
4824907	1
4824990	2
4825015	1
4825197	1
4825271	1
4825317	1
4825344	1
4825576	1
4825612	1
4825629	1
4825730	1
4825784	1
4825862	1
4825936	1
4825969	1
4826132	1
4826144	1
4826161	1
4826328	1
4826399	1
4826491	1
4826522	1
4826581	1
4826606	1
4826614	1
4826853	1
4827076	1
4827131	1
4827140	1
4827196	1
4827207	1
4827290	1
4827316	1
4827373	1
4827488	1
4827515	1
4827811	1
4827883	1
4827897	1
4827905	1
4827970	1
4828057	1
4828062	1
4828128	1
4828145	1
4828202	1
4828249	1
4828273	1
4828295	1
4828322	1
4828346	1
4828390	1
4828411	1
4828438	1
4828442	1
4828536	1
4828555	1
4828639	1
4828650	1
4828677	1
4828770	1
4828820	1
4828892	1
4828917	1
4828926	1
4828989	1
4829011	1
4829097	1
4829121	1
4829143	1
4829177	1
4829293	1
4829306	1
4829314	1
4829333	1
4829404	1
4829418	1
4829440	1
4829462	1
4829496	1
4829755	1
4829772	1
4829791	1
4829930	1
4829949	1
4830184	1
4830195	1
4830201	1
4830245	1
4830276	1
4830350	1
4830366	2
4830405	1
4830412	1
4830565	1
4830678	1
4830797	1
4831011	1
4831115	1
4831217	1
4831244	1
4831365	1
4831371	1
4831404	1
4831457	1
4831462	1
4831529	1
4831553	1
4831564	1
4831586	1
4831628	1
4831634	1
4831645	1
4831676	1
4831699	1
4831791	1
4831863	1
4831902	1
4831951	1
4832039	1
4832109	1
4832111	1
4832206	1
4832271	1
4832288	1
4832419	1
4832501	1
4832528	1
4832552	1
4832653	1
4832804	1
4832910	1
4832955	1
4833019	1
4833022	1
4833141	2
4833164	1
4833210	1
4833248	1
4833385	1
4833415	1
4833421	1
4833573	1
4833584	1
4833701	1
4833933	2
4834126	1
4834175	1
4834221	1
4834250	1
4834294	1
4834410	1
4834491	1
4834519	1
4834522	1
4834535	1
4834614	1
4834671	1
4834898	1
4834911	1
4834974	1
4835023	1
4835134	1
4835145	1
4835230	1
4835322	1
4835346	1
4835460	1
4835536	1
4835555	1
4835705	1
4835764	2
4835847	1
4835888	1
4836005	1
4836070	1
4836154	1
4836163	2
4836218	1
4836257	1
4836279	1
4836310	1
4836369	1
4836489	1
4836542	1
4836556	1
4836649	1
4836668	1
4836733	1
4836815	1
4836821	1
4836901	1
4837087	1
4837159	1
4837225	1
4837242	1
4837274	1
4837283	1
4837329	1
4837337	1
4837353	1
4837427	1
4837430	1
4837504	1
4837540	1
4837562	1
4837626	1
4837644	1
4837689	1
4837977	1
4837994	1
4838014	1
4838071	1
4838172	1
4838241	1
4838270	1
4838298	1
4838309	1
4838374	1
4838428	1
4838445	1
4838467	1
4838499	1
4838532	1
4838558	1
4838575	1
4838708	1
4838851	1
4838868	1
4838919	1
4838954	1
4839013	1
4839034	1
4839099	1
4839118	1
4839123	1
4839131	1
4839162	1
4839207	1
4839281	1
4839384	1
4839420	1
4839508	1
4839655	1
4839672	1
4839700	1
4839732	1
4839964	1
4840043	1
4840050	1
4840109	1
4840206	1
4840247	1
4840375	1
4840389	1
4840419	2
4840435	1
4840478	1
4840534	1
4840545	1
4840576	1
4840599	1
4840612	1
4840670	1
4840686	1
4840862	1
4841002	1
4841016	1
4841189	1
4841266	1
4841277	1
4841313	1
4841328	1
4841448	1
4841469	1
4841522	1
4841535	1
4841546	1
4841554	1
4841590	1
4841659	1
4841731	1
4841762	1
4841853	1
4842116	1
4842184	1
4842339	1
4842366	1
4842405	1
4842506	1
4842742	1
4842760	1
4842836	1
4842904	1
4842918	1
4842923	1
4842931	1
4842962	1
4842979	1
4843037	1
4843041	1
4843064	1
4843070	2
4843098	1
4843135	1
4843190	1
4843240	1
4843391	1
4843458	1
4843461	1
4843489	1
4843556	1
4843583	1
4843843	1
4843934	1
4844025	1
4844166	1
4844314	1
4844462	1
4844512	1
4844634	1
4844645	1
4844772	1
4844819	1
4844822	1
4844854	1
4844863	1
4844951	1
4845003	1
4845024	1
4845069	1
4845072	2
4845274	1
4845370	1
4845386	1
4845416	1
4845449	1
4845473	1
4845504	1
4845585	1
4845735	1
4845763	1
4845790	1
4846035	1
4846170	1
4846385	1
4846421	1
4846443	1
4846527	1
4846568	1
4846595	1
4846625	1
4846660	1
4846674	1
4846701	1
4846713	1
4846752	1
4846799	1
4846832	2
4846875	1
4846893	1
4846914	1
4846959	1
4847018	1
4847040	1
4847057	1
4847101	1
4847167	1
4847295	1
4847442	1
4847497	1
4847503	1
4847555	1
4847615	1
4847650	1
4847705	1
4847859	1
4847900	1
4847917	1
4847975	1
4847989	1
4848076	1
4848099	1
4848278	1
4848290	1
4848349	1
4848395	1
4848447	1
4848471	1
4848521	1
4848577	1
4848669	1
4848672	1
4848717	1
4848732	1
4848793	1
4849071	1
4849092	1
4849191	1
4849205	1
4849229	1
4849264	1
4849325	1
4849342	1
4849374	1
4849428	1
4849480	1
4849499	1
4849558	1
4849604	1
4849657	2
4849679	1
4849739	1
4850064	1
4850163	1
4850240	1
4850262	1
4850279	1
4850303	1
4850461	1
4850489	1
4850583	1
4850602	1
4850630	1
4850673	1
4850684	1
4850771	1
4850843	1
4850877	1
4850882	2
4850894	1
4850928	1
4850999	1
4851006	1
4851047	1
4851088	1
4851124	1
4851169	1
4851241	1
4851360	1
4851517	1
4851618	2
4851679	1
4851777	1
4851827	1
4851851	1
4851919	1
4851946	1
4852165	1
4852225	1
4852260	1
4852329	1
4852353	1
4852370	1
4852398	1
4852504	1
4852557	1
4852939	1
4853027	1
4853051	1
4853239	2
4853352	1
4853380	1
4853399	1
4853424	1
4853519	1
4853563	1
4853614	1
4853659	1
4853692	1
4853723	1
4853796	1
4853805	1
4853829	1
4853853	1
4853983	1
4854081	1
4854112	1
4854141	1
4854255	1
4854272	1
4854362	1
4854415	1
4854450	1
4854482	1
4854502	1
4854527	1
4854568	1
4854625	1
4854642	1
4854660	1
4854674	1
4854683	1
4854767	2
4854776	1
4854780	1
4854826	1
4854844	1
4854920	1
4854992	1
4855013	1
4855052	1
4855076	1
4855104	2
4855179	1
4855185	1
4855222	1
4855263	1
4855302	2
4855414	1
4855447	1
4855465	1
4855582	1
4855700	1
4855789	1
4855793	1
4855842	1
4855860	1
4855986	1
4855998	1
4856061	1
4856130	1
4856149	1
4856184	1
4856276	1
4856339	1
4856559	1
4856592	1
4856646	1
4856663	1
4856678	1
4856711	1
4856756	1
4856760	1
4856848	1
4856869	1
4856985	1
4857066	1
4857111	1
4857183	1
4857271	1
4857292	1
4857300	1
4857407	1
4857641	1
4857670	1
4857716	1
4857727	1
4857730	1
4857768	1
4857804	1
4858200	1
4858217	1
4858306	1
4858359	1
4858404	1
4858537	1
4858570	1
4858586	1
4858628	1
4858680	1
4858755	1
4858854	1
4859101	1
4859145	1
4859176	1
4859295	1
4859307	1
4859409	1
4859483	1
4859677	1
4859806	1
4859833	1
4860051	1
4860068	1
4860250	1
4860352	1
4860376	1
4860410	1
4860448	1
4860487	1
4860647	1
4860723	1
4860829	1
4860841	1
4860898	1
4860997	1
4861018	1
4861096	1
4861113	1
4861145	1
4861335	1
4861346	1
4861363	1
4861381	1
4861460	1
4861569	1
4861591	1
4861608	1
4861650	1
4861682	1
4861737	1
4861770	1
4861847	1
4861871	1
4861900	1
4861932	1
4862067	1
4862196	1
4862465	1
4862508	1
4862521	1
4862603	1
4862669	1
4862691	1
4862717	1
4862809	1
4862856	1
4862912	1
4862929	1
4862937	1
4862964	1
4862986	1
4863006	1
4863155	1
4863205	1
4863270	1
4863356	2
4863401	1
4863413	1
4863452	1
4863499	1
4863575	1
4863618	1
4863721	1
4863849	1
4863884	1
4863907	1
4863935	1
4863954	1
4863990	1
4864061	1
4864130	1
4864184	1
4864201	1
4864252	1
4864280	1
4864308	1
4864315	1
4864412	1
4864520	1
4864559	1
4864565	1
4864592	1
4864690	1
4864709	1
4864797	1
4864872	1
4864962	1
4864979	1
4864985	1
4865150	1
4865182	1
4865258	1
4865306	1
4865320	1
4865359	1
4865404	1
4865485	1
4865505	1
4865537	1
4865541	1
4865586	1
4865628	1
4865645	1
4865822	1
4865863	1
4866010	1
4866036	1
4866048	1
4866072	1
4866106	1
4866147	1
4866329	1
4866337	1
4866341	2
4866402	1
4866430	1
4866449	1
4866495	1
4866540	1
4866585	1
4866596	1
4866626	1
4866632	1
4866658	1
4866722	1
4866735	1
4866790	1
4866834	1
4866845	1
4866899	1
4866921	1
4866939	1
4866982	1
4866994	1
4867037	1
4867119	1
4867324	1
4867400	1
4867461	1
4867511	1
4867542	1
4867556	1
4867627	1
4867684	1
4867720	2
4867843	1
4867866	1
4867877	1
4867928	1
4867952	1
4867967	1
4867976	1
4867980	1
4868081	1
4868090	1
4868105	1
4868164	1
4868186	1
4868236	1
4868269	1
4868450	1
4868530	1
4868595	1
4868638	1
4868734	1
4868776	1
4868861	1
4868875	1
4868988	2
4869082	1
4869197	1
4869271	1
4869300	1
4869317	1
4869332	1
4869567	1
4869576	1
4869653	1
4869804	1
4869885	1
4870035	1
4870141	1
4870203	1
4870304	1
4870331	1
4870396	1
4870415	1
4870494	1
4870551	1
4870568	1
4870584	1
4870595	1
4870660	1
4870767	1
4870799	1
4870800	1
4870893	1
4870965	1
4871045	1
4871052	1
4871222	1
4871235	1
4871368	1
4871492	1
4871515	1
4871543	1
4871582	1
4871691	1
4871793	1
4871856	1
4871912	1
4872023	1
4872031	1
4872085	1
4872113	1
4872176	2
4872227	1
4872268	1
4872346	1
4872363	1
4872548	1
4872677	1
4872705	1
4872770	1
4872786	1
4872798	1
4872814	1
4872888	1
4872900	1
4872917	1
4872926	1
4873060	1
4873121	1
4873258	1
4873392	1
4873423	1
4873457	1
4873485	1
4873505	1
4873586	2
4873598	1
4873667	1
4873822	1
4873927	1
4874064	1
4874163	1
4874369	1
4874461	1
4874493	1
4874560	1
4874574	1
4874630	1
4874649	1
4874733	1
4874771	1
4874877	1
4875047	1
4875059	2
4875124	1
4875169	1
4875253	1
4875298	1
4875309	1
4875311	1
4875401	1
4875467	1
4875589	1
4875708	1
4875739	2
4875743	1
4875816	1
4875827	1
4875868	1
4875978	1
4876233	1
4876292	1
4876332	1
4876422	1
4876513	1
4876528	1
4876545	1
4876576	1
4876612	1
4876730	1
4876784	1
4876818	1
4876823	1
4876910	2
4877093	1
4877151	1
4877168	1
4877213	1
4877321	1
4877382	1
4877486	1
4877498	2
4877592	1
4877654	1
4877760	1
4877824	1
4877962	1
4877979	1
4877996	1
4878084	1
4878175	1
4878193	1
4878221	1
4878301	1
4878376	1
4878399	1
4878410	1
4878436	1
4878448	1
4878519	1
4878581	1
4878665	1
4878731	1
4878785	1
4878841	1
4878864	1
4879024	1
4879036	1
4879087	1
4879147	1
4879242	1
4879353	1
4879386	1
4879402	1
4879518	1
4879562	1
4879596	1
4879813	1
4879876	1
4879880	1
4879943	1
4880009	1
4880060	1
4880083	1
4880115	1
4880139	1
4880150	1
4880166	1
4880182	1
4880226	1
4880359	1
4880553	1
4880564	2
4880586	1
4880598	1
4880652	1
4880736	1
4880748	1
4880878	1
4880927	1
4881010	1
4881069	1
4881297	1
4881312	1
4881353	1
4881402	2
4881416	1
4881468	1
4881484	1
4881540	1
4881562	1
4881579	1
4881644	1
4881801	1
4881813	2
4881828	1
4881852	1
4881966	1
4881994	1
4882006	1
4882014	1
4882212	2
4882237	1
4882311	1
4882397	1
4882480	1
4882500	1
4882517	1
4882532	1
4882679	1
4882685	1
4882696	1
4882750	1
4882802	1
4882868	1
4882935	1
4883118	1
4883162	1
4883219	1
4883330	1
4883351	1
4883395	1
4883447	1
4883465	1
4883492	1
4883610	1
4883717	1
4883732	1
4883761	1
4883842	1
4883912	1
4883941	1
4883970	1
4884021	1
4884050	1
4884066	1
4884206	1
4884265	1
4884326	1
4884344	1
4884361	1
4884375	1
4884435	1
4884454	1
4884528	1
4884641	1
4884653	1
4884716	1
4884751	1
4884773	1
4884818	1
4885068	2
4885095	1
4885117	2
4885144	1
4885161	1
4885189	1
4885193	1
4885208	1
4885282	1
4885313	1
4885352	1
4885376	1
4885399	1
4885403	1
4885563	1
4885731	1
4885740	2
4885886	1
4885911	1
4885942	1
4885974	1
4886040	1
4886096	1
4886167	1
4886176	1
4886199	1
4886202	1
4886227	1
4886268	1
4886295	1
4886438	1
4886555	1
4886608	1
4886900	1
4886958	1
4887078	1
4887153	1
4887164	1
4887170	1
4887186	1
4887203	2
4887255	1
4887362	1
4887379	1
4887494	1
4887595	1
4887638	1
4887674	1
4887713	1
4887734	1
4887780	1
4887799	1
4887800	1
4887817	1
4887893	1
4887914	1
4888012	1
4888029	1
4888037	1
4888098	1
4888119	1
4888146	1
4888163	1
4888181	1
4888223	1
4888240	1
4888489	1
4888493	1
4888538	1
4888602	1
4888616	1
4888630	1
4888673	1
4888808	1
4888843	1
4888882	1
4888928	1
4888945	1
4888967	1
4888999	1
4889032	1
4889149	1
4889343	1
4889394	1
4889441	1
4889453	1
4889470	1
4889520	1
4889592	1
4889725	1
4889742	1
4889803	1
4889957	1
4890028	1
4890080	1
4890131	1
4890162	1
4890384	1
4890406	1
4890414	1
4890420	1
4890543	1
4890700	1
4890726	1
4890744	1
4890789	1
4890860	1
4890874	1
4890905	1
4890964	1
4890970	1
4891017	1
4891032	1
4891061	1
4891075	1
4891201	1
4891267	1
4891299	1
4891321	1
4891382	1
4891437	1
4891520	1
4891533	1
4891742	1
4891962	1
4891985	1
4891996	1
4892016	1
4892095	1
4892100	1
4892117	2
4892208	1
4892352	1
4892403	1
4892436	1
4892554	1
4892578	1
4892704	1
4892718	1
4892723	1
4892805	1
4892853	1
4893165	1
4893188	1
4893225	1
4893242	1
4893329	1
4893337	1
4893364	1
4893370	1
4893449	1
4893451	1
4893468	1
4893495	1
4893531	1
4893579	1
4893600	1
4893644	1
4893661	1
4893693	1
4893719	1
4893722	1
4893876	1
4893915	1
4893966	1
4894079	1
4894176	1
4894202	1
4894322	1
4894510	1
4894650	1
4894753	1
4894764	1
4894820	1
4894865	1
4894871	1
4894888	1
4895070	1
4895218	1
4895296	1
4895509	1
4895511	1
4895525	1
4895630	1
4895649	1
4895882	1
4895934	1
4895976	1
4895999	1
4896136	1
4896155	1
4896172	1
4896187	1
4896205	1
4896212	1
4896253	1
4896264	1
4896286	1
4896309	1
4896360	1
4896476	1
4896480	1
4896526	1
4896575	1
4896618	1
4896623	1
4896662	1
4896708	1
4896721	1
4896743	1
4896766	1
4896849	1
4896935	1
4896946	1
4896954	1
4897060	1
4897108	1
4897371	1
4897431	1
4897645	1
4897680	1
4897699	1
4897703	1
4897710	1
4897736	1
4897748	1
4898142	1
4898259	1
4898271	1
4898317	1
4898344	2
4898358	1
4898528	1
4898534	1
4898576	1
4898612	1
4898637	1
4898670	1
4898751	1
4898768	1
4898840	1
4898857	1
4898879	1
4898948	1
4898955	1
4898969	1
4899054	1
4899236	1
4899269	1
4899331	1
4899439	1
4899482	1
4899549	1
4899568	1
4899584	1
4899638	1
4899713	1
4899734	1
4899776	1
4899826	1
4899858	1
4899933	1
4899959	1
4899965	1
4899988	1
4900010	1
4900024	1
4900048	1
4900091	1
4900165	1
4900209	1
4900312	1
4900504	1
4900579	1
4900585	1
4900707	1
4900719	1
4900763	1
4900828	1
4900921	1
4900939	1
4901063	1
4901129	1
4901153	1
4901287	1
4901291	1
4901304	1
4901340	1
4901357	1
4901482	1
4901494	1
4901551	1
4901752	1
4901767	1
4901799	1
4901826	1
4901858	1
4901889	1
4901906	1
4901947	1
4902135	1
4902181	1
4902426	1
4902461	1
4902511	1
4902538	1
4902542	1
4902821	1
4902850	1
4902866	1
4902967	2
4902976	1
4903032	1
4903058	1
4903075	1
4903089	1
4903116	1
4903184	1
4903228	1
4903276	1
4903412	1
4903520	1
4903547	1
4903607	1
4903635	1
4903663	1
4903711	2
4903742	1
4903756	1
4903774	1
4903855	1
4903996	1
4904155	1
4904172	1
4904229	1
4904253	1
4904264	1
4904356	1
4904397	1
4904604	1
4904657	1
4904696	1
4904777	1
4904827	1
4904830	1
4904907	1
4905008	1
4905109	1
4905156	1
4905292	1
4905361	1
4905393	1
4905419	1
4905463	1
4905501	1
4905629	1
4905637	1
4905641	1
4905653	1
4905702	1
4905784	1
4906193	1
4906208	2
4906313	1
4906367	1
4906403	1
4906436	1
4906448	1
4906522	1
4906578	1
4906581	1
4906590	1
4906633	1
4906647	1
4906740	1
4906805	1
4906911	1
4906956	1
4907001	1
4907104	1
4907157	1
4907254	1
4907302	1
4907330	2
4907349	1
4907414	1
4907433	1
4907447	1
4907459	1
4907471	1
4907521	1
4907550	1
4907687	1
4907744	1
4907941	1
4907970	1
4908057	1
4908085	1
4908145	1
4908227	1
4908251	1
4908268	1
4908319	1
4908411	1
4908483	1
4908497	1
4908591	1
4908705	1
4908737	1
4908741	1
4908786	1
4908892	1
4908926	2
4908944	1
4909025	1
4909083	1
4909097	1
4909166	1
4909226	1
4909293	1
4909306	1
4909333	1
4909423	1
4909479	1
4909505	1
4909598	1
4909680	1
4909710	1
4909748	1
4909755	1
4909835	1
4909846	1
4909916	1
4910034	2
4910099	1
4910118	1
4910207	1
4910330	1
4910373	1
4910447	1
4910465	1
4910543	1
4910582	1
4910636	1
4910775	1
4910811	1
4910897	1
4910998	1
4911000	1
4911017	1
4911127	1
4911151	1
4911267	2
4911315	1
4911412	1
4911437	1
4911464	1
4911486	1
4911498	1
4911533	1
4911742	1
4911848	1
4911872	1
4911923	1
4912002	1
4912016	1
4912030	1
4912095	1
4912100	1
4912193	1
4912367	1
4912403	1
4912410	1
4912424	1
4912436	1
4912519	1
4912535	1
4912546	1
4912563	1
4912812	1
4912864	1
4912898	1
4913003	1
4913048	1
4913114	1
4913165	1
4913192	1
4913209	1
4913211	1
4913518	1
4913523	1
4913596	1
4913617	1
4913626	1
4913632	1
4913661	1
4913778	1
4913828	1
4913943	1
4913966	1
4914040	2
4914079	1
4914113	1
4914199	1
4914354	1
4914497	1
4914503	1
4914615	1
4914741	1
4914753	1
4914786	1
4914798	1
4914833	1
4914859	2
4914932	1
4915053	1
4915064	1
4915107	1
4915146	1
4915204	1
4915279	1
4915348	1
4915400	1
4915432	1
4915475	1
4915602	1
4915616	1
4915627	1
4915747	1
4915999	1
4916033	1
4916047	2
4916065	1
4916088	1
4916187	1
4916237	1
4916264	1
4916428	1
4916452	1
4916480	1
4916517	1
4916532	1
4916657	1
4916685	1
4916696	1
4916777	1
4916849	1
4916919	1
4916922	1
4916935	1
4916954	1
4916978	1
4917060	1
4917115	1
4917150	1
4917232	1
4917275	1
4917289	1
4917333	1
4917365	1
4917418	1
4917457	1
4917479	1
4917564	1
4917570	1
4917652	1
4917769	1
4917927	1
4918008	1
4918082	1
4918111	1
4918156	1
4918174	1
4918292	1
4918361	1
4918389	1
4918419	1
4918653	1
4918686	1
4918768	1
4918896	1
4918924	1
4918948	1
4918987	1
4919035	1
4919054	1
4919105	1
4919137	1
4919170	1
4919224	1
4919248	1
4919291	1
4919318	1
4919331	1
4919362	1
4919396	1
4919443	1
4919530	1
4919609	1
4919656	1
4919752	2
4919780	1
4919817	1
4919906	1
4919920	1
4919988	1
4920004	1
4920031	1
4920040	1
4920057	1
4920128	1
4920134	1
4920176	1
4920227	1
4920230	1
4920322	1
4920363	1
4920411	1
4920456	1
4920524	1
4920569	1
4920608	1
4920705	1
4920712	1
4920741	1
4920892	1
4920917	1
4920932	1
4921037	1
4921041	1
4921070	1
4921135	1
4921154	1
4921178	1
4921223	1
4921231	1
4921257	1
4921296	1
4921310	1
4921426	1
4921493	1
4921649	1
4921651	1
4921747	1
4921792	1
4921928	1
4921945	1
4921980	1
4922046	1
4922081	1
4922170	1
4922198	1
4922255	1
4922357	1
4922408	1
4922439	1
4922502	1
4922530	1
4922609	1
4922625	1
4922656	1
4922674	1
4922826	1
4923039	1
4923183	1
4923197	1
4923214	1
4923463	1
4923528	1
4923534	1
4923552	1
4923567	1
4923580	1
4923670	1
4923716	1
4923751	1
4923795	1
4923804	1
4923969	1
4924140	1
4924278	1
4924368	1
4924373	1
4924406	1
4924433	1
4924515	1
4924539	1
4924577	1
4924636	1
4924717	1
4924744	1
4924809	1
4924883	1
4924964	1
4925044	1
4925093	1
4925130	1
4925228	1
4925245	1
4925470	1
4925486	1
4925520	1
4925619	1
4925654	1
4925681	1
4925931	1
4925957	1
4925979	1
4926042	1
4926060	1
4926108	1
4926182	1
4926194	2
4926200	1
4926258	1
4926392	1
4926537	1
4926667	1
4926703	1
4926772	1
4926846	1
4926863	1
4926878	1
4926881	1
4926890	1
4926995	1
4927020	1
4927155	1
4927169	1
4927264	1
4927434	1
4927452	1
4927623	1
4927662	1
4927679	1
4927750	1
4927873	1
4927919	1
4927946	1
4927954	1
4927981	1
4928114	1
4928120	1
4928188	1
4928211	1
4928238	1
4928297	1
4928370	1
4928402	1
4928449	1
4928484	1
4928562	1
4928579	1
4928596	1
4928626	1
4928707	1
4928722	1
4928781	1
4928834	1
4928852	1
4928867	1
4929002	1
4929095	1
4929144	1
4929175	1
4929328	1
4929334	1
4929345	1
4929352	1
4929399	1
4929448	1
4929455	1
4929472	1
4929487	1
4929491	1
4929535	1
4929665	1
4929723	1
4929779	1
4929796	1
4929805	1
4929853	1
4929870	1
4929898	1
4929909	1
4929997	1
4930008	1
4930050	1
4930094	1
4930156	1
4930160	1
4930197	1
4930220	1
4930233	1
4930288	1
4930361	1
4930534	1
4930552	1
4930599	1
4930664	1
4930670	1
4930795	2
4930879	1
4930896	2
4931002	1
4931282	1
4931313	1
4931352	1
4931367	1
4931376	1
4931659	1
4931665	1
4931671	1
4931688	1
4931692	1
4931704	1
4931740	1
4931762	2
4931956	1
4932075	1
4932093	1
4932127	1
4932130	1
4932173	1
4932267	1
4932280	1
4932343	2
4932377	1
4932437	1
4932441	1
4932635	1
4932646	1
4932663	1
4932709	1
4932711	1
4932797	1
4932855	1
4932891	1
4932957	1
4932962	1
4932996	1
4933107	1
4933336	1
4933400	1
4933444	1
4933475	1
4933493	1
4933509	1
4933556	1
4933602	1
4933673	1
4933695	1
4933843	1
4934011	1
4934060	1
4934097	2
4934108	1
4934121	1
4934166	1
4934462	1
4934505	1
4934553	1
4934570	1
4934598	1
4934667	1
4934680	1
4934703	1
4934769	1
4934835	1
4934949	1
4935010	1
4935087	1
4935312	2
4935370	1
4935416	1
4935495	1
4935557	2
4935617	2
4935658	1
4935661	2
4935813	1
4935834	1
4935876	1
4935943	1
4936019	1
4936035	1
4936063	1
4936078	1
4936186	1
4936224	1
4936357	1
4936439	1
4936466	1
4936494	2
4936502	1
4936527	2
4936875	1
4936971	1
4937023	1
4937096	1
4937176	1
4937199	1
4937216	1
4937346	1
4937363	1
4937378	1
4937456	1
4937460	1
4937524	1
4937548	1
4937615	1
4937705	1
4937737	1
4937798	1
4937865	1
4938013	1
4938045	1
4938157	1
4938246	1
4938302	1
4938471	1
4938488	1
4938515	1
4938577	1
4938594	1
4938610	1
4938717	1
4938761	1
4938809	1
4938842	1
4938883	1
4938929	1
4938953	1
4939110	1
4939124	1
4939172	1
4939212	1
4939229	1
4939342	1
4939383	1
4939401	1
4939428	1
4939526	1
4939575	1
4939589	1
4939593	1
4939685	1
4939721	1
4939816	1
4939827	2
4939981	1
4940168	1
4940184	1
4940280	1
4940366	1
4940437	2
4940464	1
4940498	1
4940506	1
4940514	1
4940520	1
4940565	1
4940592	1
4940678	1
4940709	1
4940783	1
4940836	1
4940904	1
4940940	1
4940985	1
4941060	1
4941097	1
4941143	1
4941226	1
4941320	1
4941365	1
4941371	1
4941392	1
4941404	1
4941418	1
4941479	1
4941496	1
4941505	1
4941601	1
4941634	1
4941645	1
4941667	1
4941787	1
4941927	1
4942138	1
4942214	1
4942288	1
4942317	1
4942332	1
4942375	1
4942490	1
4942664	1
4942686	1
4942698	1
4942840	1
4942987	1
4943019	1
4943137	1
4943170	1
4943236	1
4943304	1
4943408	1
4943439	1
4943568	1
4943642	1
4943683	1
4943713	1
4943861	1
4943971	1
4944030	1
4944068	1
4944126	1
4944221	1
4944367	1
4944376	1
4944399	1
4944403	2
4944410	1
4944472	1
4944507	1
4944590	1
4944647	1
4944692	1
4944723	2
4944762	1
4944841	1
4944870	1
4944911	1
4944938	1
4944960	1
4945004	1
4945134	1
4945273	1
4945354	1
4945483	1
4945524	1
4945621	1
4945694	1
4945764	1
4945798	1
4945806	1
4945859	1
4945892	1
4946037	1
4946181	1
4946257	1
4946262	1
4946296	1
4946369	1
4946461	1
4946475	1
4946489	1
4946511	1
4946542	1
4946630	1
4946651	1
4946733	1
4946788	1
4946815	1
4946877	1
4946882	1
4947024	1
4947106	1
4947114	1
4947188	1
4947211	1
4947242	1
4947305	1
4947386	1
4947427	1
4947430	1
4947449	1
4947468	1
4947504	1
4947585	1
4947596	1
4947707	1
4947746	1
4947899	1
4947939	1
4947977	1
4947982	1
4948006	1
4948014	1
4948033	1
4948092	1
4948241	1
4948374	1
4948401	1
4948452	1
4948623	1
4948715	1
4948750	1
4948884	1
4948907	1
4949001	1
4949028	1
4949099	1
4949118	1
4949131	1
4949140	1
4949179	1
4949316	1
4949414	1
4949521	1
4949594	1
4949648	1
4949726	1
4949793	1
4949811	1
4949912	1
4949941	1
4949998	1
4950090	1
4950112	1
4950129	1
4950141	1
4950164	1
4950340	1
4950385	2
4950477	1
4950502	1
4950551	1
4950609	1
4950683	1
4950728	1
4950752	1
4950906	1
4950933	1
4950992	2
4951013	1
4951028	1
4951034	1
4951080	1
4951099	1
4951104	1
4951118	1
4951131	1
4951219	1
4951235	1
4951263	1
4951384	1
4951420	1
4951508	1
4951603	1
4951691	1
4951758	1
4951809	1
4951874	1
4951941	1
4951986	1
4952031	1
4952079	1
4952145	1
4952307	1
4952346	1
4952411	1
4952460	1
4952474	1
4952639	1
4952737	1
4952798	1
4952859	1
4952888	1
4952958	1
4952961	1
4953025	1
4953139	1
4953143	1
4953258	1
4953293	1
4953314	1
4953333	1
4953365	1
4953388	1
4953423	1
4953462	1
4953479	1
4953541	1
4953667	1
4953699	1
4953710	1
4953755	1
4953846	1
4953863	1
4953890	1
4953930	1
4953984	1
4954005	1
4954135	1
4954154	1
4954178	1
4954303	1
4954310	1
4954444	1
4954493	1
4954542	1
4954602	1
4954651	1
4954714	1
4954733	1
4954759	1
4954771	1
4954792	1
4954901	1
4954952	1
4954980	1
4955124	1
4955136	1
4955148	1
4955237	1
4955397	1
4955401	1
4955480	1
4955532	1
4955558	1
4955561	1
4955623	1
4955782	1
4955794	1
4955802	1
4955849	1
4955884	1
4956008	1
4956077	1
4956082	1
4956111	1
4956138	1
4956160	1
4956174	1
4956197	1
4956220	1
4956361	1
4956435	1
4956513	1
4956534	1
4956552	1
4956567	1
4956924	1
4957061	1
4957093	1
4957173	1
4957195	1
4957201	1
4957299	1
4957339	1
4957464	1
4957486	1
4957520	1
4957571	1
4957635	1
4957663	1
4957738	1
4957760	1
4957824	1
4957869	1
4957891	1
4958002	1
4958095	1
4958126	1
4958144	1
4958161	1
4958193	1
4958208	1
4958345	1
4958403	1
4958410	1
4958472	1
4958554	1
4958688	1
4958704	1
4958796	1
4958870	1
4958898	1
4958960	1
4959003	1
4959072	1
4959192	1
4959242	1
4959353	1
4959370	1
4959402	1
4959430	1
4959596	1
4959626	1
4959632	1
4959707	1
4959813	1
4959852	1
4960056	1
4960083	1
4960217	1
4960232	1
4960289	1
4960359	1
4960388	1
4960431	1
4960479	1
4960485	2
4960496	1
4960564	1
4960613	1
4960703	1
4960772	1
4960951	1
4960968	1
4961106	1
4961147	1
4961188	1
4961209	1
4961353	1
4961427	1
4961430	1
4961523	1
4961596	1
4961675	1
4961689	1
4961867	1
4961908	1
4961966	1
4961994	1
4962020	2
4962033	1
4962148	1
4962298	1
4962374	1
4962401	1
4962500	1
4962604	1
4962623	1
4962640	1
4962685	1
4962708	1
4962777	1
4962830	1
4962849	1
4962851	1
4962884	1
4962922	1
4962935	1
4962963	1
4963052	1
4963067	1
4963080	1
4963123	1
4963140	1
4963207	1
4963219	1
4963222	1
4963235	1
4963278	1
4963316	1
4963368	1
4963384	1
4963420	1
4963488	1
4963603	1
4963610	1
4963672	1
4963687	1
4963717	1
4963726	1
4963775	1
4963789	1
4963998	1
4964015	1
4964156	1
4964259	1
4964265	1
4964389	1
4964463	1
4964478	1
4964534	1
4964567	1
4964599	1
4964605	1
4964751	1
4964823	1
4964840	1
4964885	1
4964969	1
4965448	1
4965455	1
4965647	1
4965671	1
4965757	1
4965805	1
4965829	1
4965864	1
4965898	1
4965911	1
4965956	1
4966079	1
4966176	1
4966249	1
4966335	1
4966354	1
4966378	1
4966409	1
4966524	1
4966591	1
4966764	1
4966833	1
4966888	1
4966993	1
4967063	1
4967078	1
4967153	1
4967203	1
4967236	1
4967443	1
4967516	1
4967530	1
4967549	1
4967656	1
4967674	1
4967701	2
4967817	1
4967832	1
4967858	1
4967875	1
4967933	1
4967988	1
4968041	1
4968086	1
4968119	1
4968178	1
4968257	1
4968262	1
4968296	1
4968493	1
4968556	1
4968602	1
4968733	1
4968788	1
4968894	1
4968901	1
4969089	1
4969093	1
4969168	1
4969350	1
4969498	1
4969559	1
4969592	1
4969607	2
4969681	1
4969725	1
4969738	1
4969783	1
4969803	1
4969810	1
4969962	1
4970053	1
4970098	1
4970107	1
4970178	1
4970181	1
4970231	1
4970296	1
4970336	1
4970348	1
4970372	1
4970391	1
4970542	1
4970673	1
4970765	1
4970788	1
4970894	1
4971006	1
4971020	1
4971071	1
4971124	1
4971136	1
4971191	1
4971298	1
4971374	1
4971413	1
4971428	1
4971561	1
4971604	1
4971657	1
4971685	1
4971708	1
4971816	1
4971830	1
4971895	1
4972048	1
4972072	1
4972225	1
4972256	1
4972260	1
4972370	1
4972402	1
4972427	1
4972451	1
4972484	1
4972585	1
4972617	1
4972675	1
4972746	1
4972828	1
4972880	1
4972908	1
4972977	1
4972994	1
4973049	1
4973084	1
4973100	1
4973132	1
4973161	1
4973208	1
4973436	1
4973469	1
4973535	2
4973578	1
4973606	1
4973665	1
4973718	1
4973757	1
4973762	1
4973785	1
4973841	1
4973960	1
4974007	1
4974022	1
4974063	1
4974078	1
4974090	1
4974186	1
4974272	1
4974450	1
4974466	1
4974477	1
4974494	1
4974611	1
4974674	1
4974701	1
4974992	1
4975001	1
4975013	1
4975045	1
4975052	1
4975080	1
4975104	1
4975196	1
4975235	1
4975302	1
4975330	1
4975488	1
4975508	1
4975539	1
4975636	1
4975732	1
4975789	1
4975838	1
4975856	1
4975860	1
4975970	1
4976044	1
4976089	1
4976213	1
4976228	1
4976343	1
4976350	1
4976377	1
4976437	1
4976470	1
4976506	2
4976565	1
4976571	1
4976678	1
4976681	1
4976711	1
4976803	1
4976869	1
4976904	1
4976940	1
4976985	1
4977077	1
4977082	1
4977111	1
4977247	1
4977271	1
4977361	1
4977375	1
4977389	1
4977393	1
4977528	1
4977534	1
4977599	1
4977653	1
4977751	1
4977969	1
4977987	1
4978009	1
4978011	1
4978060	1
4978083	1
4978108	1
4978143	1
4978166	1
4978306	1
4978320	1
4978359	1
4978404	1
4978586	1
4978598	1
4978680	1
4978699	1
4978710	1
4978755	1
4978927	1
4979004	1
4979031	1
4979085	1
4979096	1
4979145	1
4979180	1
4979230	1
4979354	1
4979497	1
4979503	1
4979548	1
4979555	1
4979591	1
4979608	1
4979615	1
4979888	1
4979993	1
4980068	1
4980126	1
4980161	1
4980215	1
4980239	1
4980328	1
4980491	1
4980507	1
4980546	1
4980620	1
4980633	1
4980688	1
4980731	1
4980779	1
4980812	1
4980925	1
4981085	1
4981113	1
4981199	1
4981227	1
4981335	1
4981346	1
4981503	1
4981536	1
4981548	1
4981591	1
4981753	1
4981926	1
4981944	1
4982052	1
4982080	1
4982123	1
4982196	1
4982207	1
4982290	1
4982316	2
4982327	1
4982406	1
4982465	1
4982550	1
4982582	1
4982655	1
4982669	1
4982717	1
4982789	1
4982793	1
4982825	1
4982860	1
4982929	1
4982941	1
4983088	1
4983092	1
4983103	1
4983187	1
4983229	1
4983241	1
4983270	1
4983342	1
4983356	1
4983360	1
4983445	2
4983480	1
4983500	1
4983526	1
4983532	1
4983544	1
4983575	1
4983589	1
4983662	1
4983777	1
4983830	1
4983978	1
4984000	1
4984149	1
4984151	1
4984195	1
4984276	1
4984382	1
4984453	1
4984565	1
4984619	1
4984646	1
4984654	1
4984711	1
4984725	1
4984742	1
4984803	1
4984904	1
4984918	2
4984957	1
4985108	1
4985139	1
4985182	1
4985217	1
4985232	1
4985244	1
4985261	1
4985275	1
4985289	1
4985306	1
4985359	1
4985541	1
4985564	1
4985634	1
4985755	1
4985769	1
4985772	1
4985807	1
4985916	1
4985949	1
4986069	1
4986114	1
4986188	1
4986260	1
4986329	1
4986402	1
4986427	1
4986518	1
4986632	1
4986722	1
4986899	1
4986943	1
4987029	1
4987053	1
4987064	1
4987122	1
4987204	1
4987223	1
4987257	1
4987262	1
4987285	1
4987310	1
4987324	1
4987336	1
4987391	1
4987432	1
4987444	1
4987525	2
4987583	1
4987706	1
4987843	1
4987913	1
4987952	2
4987967	1
4987980	1
4988019	1
4988063	1
4988170	1
4988203	1
4988385	1
4988713	1
4989111	1
4989156	1
4989174	1
4989183	2
4989206	1
4989214	1
4989358	1
4989463	1
4989490	1
4989580	1
4989612	1
4989664	1
4989716	1
4989751	1
4989784	1
4989804	1
4989823	1
4989857	1
4989862	2
4990020	1
4990033	1
4990311	1
4990374	1
4990499	1
4990544	1
4990662	1
4990750	1
4990782	1
4990802	2
4990895	1
4990907	1
4990919	1
4990946	1
4991043	1
4991094	1
4991125	1
4991160	1
4991292	1
4991358	1
4991375	1
4991393	1
4991435	1
4991501	1
4991528	1
4991534	1
4991576	1
4991629	1
4991784	1
4991840	1
4992011	1
4992060	1
4992097	1
4992108	1
4992139	1
4992182	1
4992217	1
4992258	1
4992293	1
4992320	1
4992423	2
4992462	1
4992537	1
4992634	1
4992645	1
4992748	1
4992791	1
4992927	1
4992930	1
4993031	2
4993085	1
4993101	1
4993227	1
4993273	1
4993295	1
4993335	1
4993438	1
4993510	1
4993548	1
4993587	1
4993615	2
4993666	1
4993833	1
4993926	1
4993944	1
4993975	1
4994003	1
4994024	1
4994072	1
4994188	1
4994225	1
4994283	1
4994305	1
4994353	1
4994540	1
4994585	1
4994644	1
4994707	1
4994754	1
4994845	1
4994852	1
4994899	1
4995019	1
4995112	1
4995224	1
4995255	1
4995272	2
4995287	1
4995304	1
4995396	1
4995595	1
4995642	1
4995683	1
4995697	1
4995832	1
4995844	1
4995992	1
4996076	1
4996351	2
4996368	1
4996414	1
4996433	1
4996566	1
4996582	2
4996636	1
4996732	1
4996775	1
4996811	1
4996842	1
4997030	1
4997403	1
4997424	1
4997455	1
4997469	2
4997519	1
4997620	1
4997692	1
4997718	2
4997762	1
4997841	1
4997853	1
4997956	1
4997983	1
4998061	1
4998075	1
4998116	1
4998252	1
4998377	1
4998382	1
4998429	1
4998437	1
4998453	1
4998533	1
4998559	1
4998622	1
4998711	1
4998742	1
4998887	1
4998940	1
4999098	1
4999146	1
4999181	1
4999303	1
4999355	1
4999695	1
4999771	1
4999792	1
4999850	1
4999945	1
4999980	1
5000262	1
5000303	1
5000336	1
5000391	1
5000542	1
5000649	1
5000651	1
5000684	1
5000850	1
5000882	1
5000999	1
5001006	1
5001014	1
5001059	1
5001065	1
5001103	1
5001110	1
5001212	1
5001229	1
5001356	1
5001526	1
5001640	1
5001685	1
5001721	1
5001750	1
5001802	1
5001827	1
5001849	1
5001851	1
5001895	1
5002003	1
5002010	1
5002048	1
5002072	1
5002114	1
5002165	1
5002256	1
5002416	1
5002484	1
5002504	1
5002518	1
5002531	1
5002675	1
5002693	1
5002719	1
5002722	1
5002754	1
5002790	1
5002828	1
5002852	1
5002943	1
5002977	1
5003030	1
5003068	1
5003073	1
5003132	1
5003175	1
5003215	1
5003250	1
5003277	2
5003301	1
5003328	1
5003352	1
5003487	1
5003491	1
5003507	1
5003519	1
5003554	1
5003578	1
5003633	1
5003723	1
5003731	1
5003762	1
5003805	1
5003837	1
5003956	1
5004022	1
5004054	1
5004090	1
5004141	1
5004170	1
5004287	1
5004291	1
5004443	1
5004502	1
5004530	2
5004551	1
5004568	1
5004713	1
5004752	1
5004959	1
5004965	1
5004988	1
5004992	1
5005028	1
5005045	1
5005118	1
5005179	1
5005222	1
5005278	1
5005373	1
5005384	1
5005465	1
5005471	1
5005488	1
5005515	1
5005726	1
5005789	1
5005825	1
5005842	1
5005883	1
5006017	1
5006173	1
5006276	1
5006280	1
5006315	1
5006321	1
5006382	1
5006559	1
5006836	2
5006957	1
5006996	1
5007008	2
5007039	1
5007043	1
5007271	1
5007326	1
5007332	1
5007407	1
5007463	1
5007490	1
5007501	1
5007528	1
5007641	1
5007686	1
5007768	1
5007795	1
5007862	1
5007910	1
5007924	1
5007948	1
5008025	2
5008097	1
5008177	1
5008182	1
5008289	1
5008293	1
5008306	1
5008333	1
5008431	1
5008457	1
5008462	1
5008505	1
5008586	1
5008598	1
5008634	1
5008652	1
5008676	1
5008703	1
5008710	1
5008736	1
5008755	1
5008769	1
5008791	1
5008819	1
5008835	1
5008881	1
5008902	1
5008930	1
5009057	1
5009085	1
5009152	1
5009216	1
5009273	1
5009284	1
5009411	1
5009460	1
5009497	1
5009510	1
5009569	1
5009712	1
5009729	1
5009814	1
5009833	1
5009865	1
5009989	1
5010043	1
5010109	1
5010160	1
5010300	1
5010332	1
5010375	1
5010435	1
5010528	1
5010580	1
5010629	1
5010670	1
5010698	1
5010804	1
5010818	1
5010885	2
5010972	1
5010991	1
5011027	1
5011051	1
5011117	1
5011158	1
5011189	1
5011221	1
5011250	1
5011282	1
5011301	1
5011334	1
5011410	1
5011448	1
5011620	1
5011718	1
5011909	1
5011911	1
5012032	1
5012089	1
5012116	1
5012149	1
5012168	1
5012343	1
5012405	1
5012571	1
5012663	1
5012709	1
5012783	1
5012848	1
5012872	1
5012962	1
5013053	1
5013240	1
5013324	1
5013426	1
5013538	1
5013560	1
5013684	1
5013733	1
5013808	1
5013815	1
5013850	1
5013928	1
5014011	1
5014060	1
5014166	1
5014217	1
5014404	1
5014431	1
5014479	1
5014496	1
5014667	1
5014680	1
5014699	1
5014736	1
5014822	1
5014927	1
5014951	1
5014973	1
5015010	2
5015048	1
5015055	1
5015106	1
5015329	1
5015468	1
5015644	1
5015689	1
5015746	1
5015778	1
5015813	1
5015908	1
5015915	1
5016035	1
5016046	1
5016105	1
5016164	1
5016236	1
5016248	1
5016272	1
5016331	1
5016340	1
5016482	1
5016584	1
5016625	1
5016642	1
5016674	1
5016701	1
5016728	1
5016780	1
5016920	1
5016933	1
5017096	1
5017134	1
5017145	1
5017152	1
5017249	1
5017307	1
5017381	1
5017409	1
5017411	1
5017460	1
5017483	1
5017572	1
5017587	1
5017694	1
5017764	1
5017770	1
5017932	2
5018123	1
5018157	1
5018162	1
5018207	1
5018222	1
5018290	1
5018349	1
5018447	1
5018465	1
5018488	1
5018566	1
5018577	1
5018603	1
5018648	1
5018672	1
5018717	1
5018775	1
5018789	1
5018874	1
5019124	1
5019136	1
5019148	1
5019191	1
5019212	1
5019264	1
5019325	1
5019356	1
5019517	1
5019604	1
5019631	1
5019679	1
5019696	1
5019708	1
5019715	1
5019721	1
5019777	1
5019782	1
5019922	1
5019990	1
5020038	2
5020143	1
5020306	1
5020347	1
5020392	1
5020496	2
5020537	1
5020553	1
5020676	1
5020854	1
5020995	1
5021048	1
5021069	1
5021171	1
5021192	1
5021211	1
5021329	1
5021473	1
5021557	1
5021675	1
5021746	1
5021763	1
5021994	1
5022020	1
5022047	1
5022124	1
5022187	1
5022264	1
5022298	1
5022338	1
5022342	1
5022374	1
5022445	1
5022476	1
5022480	1
5022499	1
5022500	1
5022517	1
5022685	1
5022696	1
5022721	1
5022782	1
5022802	1
5022830	1
5022851	1
5022919	1
5023104	1
5023131	1
5023246	1
5023327	1
5023330	1
5023395	1
5023414	1
5023492	1
5023594	1
5023655	1
5023669	1
5023732	1
5023775	1
5023811	1
5023856	1
5023941	1
5023964	1
5024109	1
5024125	1
5024160	1
5024206	1
5024220	1
5024389	1
5024612	1
5024641	2
5024727	1
5024730	1
5024768	1
5024831	1
5024969	2
5025002	1
5025073	1
5025189	1
5025193	1
5025239	1
5025367	1
5025403	1
5025546	1
5025692	1
5025704	1
5025785	1
5026018	1
5026062	1
5026079	2
5026096	1
5026128	1
5026134	1
5026145	1
5026284	1
5026497	1
5026608	2
5026705	1
5026753	1
5026814	1
5026888	1
5026917	1
5026926	1
5027007	1
5027078	1
5027255	1
5027340	1
5027379	1
5027466	1
5027584	1
5027660	1
5027701	1
5027767	1
5027800	1
5027914	1
5027965	1
5028005	1
5028041	1
5028070	1
5028098	1
5028190	1
5028231	1
5028262	1
5028493	1
5028542	1
5028866	1
5028999	1
5029026	1
5029127	1
5029228	1
5029299	1
5029315	1
5029321	1
5029339	1
5029382	1
5029394	1
5029405	1
5029437	1
5029441	1
5029470	1
5029498	1
5029520	1
5029533	1
5029646	1
5029663	1
5029678	1
5029711	1
5029760	1
5029836	1
5029887	1
5029891	1
5029923	1
5030001	1
5030099	1
5030349	1
5030384	1
5030459	1
5030465	1
5030488	1
5030577	1
5030726	1
5030758	1
5030761	1
5030789	1
5030793	1
5030860	1
5030897	1
5030905	1
5031000	1
5031044	1
5031089	1
5031116	1
5031127	1
5031276	2
5031308	1
5031429	1
5031441	2
5031498	1
5031506	1
5031571	1
5031607	2
5031711	1
5031725	1
5031742	1
5031797	1
5031940	1
5031979	1
5032030	1
5032051	1
5032095	1
5032117	1
5032144	1
5032193	1
5032215	1
5032313	1
5032328	1
5032345	1
5032410	1
5032424	1
5032436	1
5032507	1
5032535	1
5032546	1
5032590	1
5032614	1
5032633	1
5032779	1
5032785	1
5032796	1
5032805	1
5032960	1
5032974	1
5033069	1
5033072	1
5033106	1
5033147	1
5033209	1
5033211	1
5033238	1
5033256	1
5033283	1
5033337	1
5033398	1
5033427	1
5033430	1
5033451	2
5033473	1
5033495	1
5033504	1
5033518	1
5033540	1
5033557	2
5033617	1
5033661	1
5033813	1
5033867	1
5033876	1
5033939	1
5034057	1
5034079	1
5034101	1
5034128	1
5034152	1
5034180	1
5034202	1
5034354	1
5034460	1
5034524	1
5034548	1
5034587	1
5034712	1
5034820	1
5034900	1
5035064	1
5035122	1
5035257	1
5035310	1
5035348	1
5035391	1
5035458	1
5035509	1
5035525	1
5035560	1
5035583	1
5035627	1
5035706	1
5035945	1
5035976	1
5036020	1
5036071	1
5036124	1
5036136	1
5036148	1
5036155	2
5036191	1
5036286	1
5036325	1
5036342	1
5036397	1
5036413	1
5036499	1
5036517	1
5036696	1
5036708	1
5036766	1
5036777	1
5036816	1
5036873	1
5036895	2
5036954	1
5037025	1
5037115	1
5037182	1
5037232	1
5037261	1
5037293	1
5037314	1
5037320	1
5037333	1
5037347	1
5037371	1
5037496	1
5037541	1
5037598	1
5037613	1
5037791	1
5037807	1
5037916	1
5037930	1
5038082	1
5038142	1
5038183	1
5038259	1
5038317	1
5038375	1
5038389	1
5038490	1
5038513	1
5038534	1
5038576	1
5038664	1
5038702	1
5038768	1
5038795	1
5038896	1
5038924	2
5039046	1
5039078	1
5039112	1
5039198	1
5039210	1
5039331	2
5039379	1
5039385	1
5039494	1
5039584	1
5039683	1
5039745	1
5039780	1
5039817	1
5039858	1
5039914	1
5039971	1
5040002	1
5040027	1
5040051	1
5040117	1
5040132	1
5040175	1
5040193	1
5040266	1
5040376	1
5040491	1
5040546	1
5040647	1
5040659	1
5040718	1
5040779	1
5041057	1
5041199	1
5041268	1
5041319	1
5041425	1
5041460	1
5041483	1
5041705	1
5041753	1
5041798	1
5041847	1
5041871	1
5041900	1
5041926	1
5041989	1
5041993	1
5042099	1
5042131	1
5042162	1
5042330	1
5042351	1
5042465	1
5042539	1
5042566	1
5042610	1
5042691	1
5042793	1
5042842	1
5042874	1
5042883	1
5042998	1
5043006	1
5043033	1
5043059	1
5043065	1
5043110	1
5043148	1
5043253	1
5043374	1
5043499	1
5043517	1
5043532	1
5043685	1
5043715	1
5043830	1
5043919	1
5043935	1
5043963	1
5044058	1
5044127	1
5044151	1
5044213	1
5044234	1
5044267	1
5044280	1
5044308	1
5044315	1
5044394	1
5044429	1
5044437	1
5044571	1
5044635	1
5044711	2
5044725	1
5044738	1
5044742	1
5044962	1
5044979	1
5045038	1
5045083	1
5045182	1
5045217	1
5045244	1
5045289	1
5045359	1
5045388	1
5045496	1
5045505	1
5045541	1
5045570	1
5045680	1
5045769	1
5045835	1
5045973	1
5046120	1
5046209	1
5046297	1
5046329	1
5046353	1
5046370	1
5046468	1
5046504	1
5046557	1
5046585	1
5046644	1
5046658	1
5046707	1
5046719	1
5046735	1
5046790	1
5046876	1
5046880	1
5046899	1
5046939	1
5047005	1
5047012	1
5047119	1
5047204	1
5047223	1
5047240	1
5047257	1
5047279	1
5047303	1
5047324	1
5047387	1
5047391	1
5047400	1
5047458	1
5047489	1
5047630	1
5047765	1
5047821	1
5047934	1
5047980	1
5048019	1
5048198	1
5048287	1
5048340	1
5048362	1
5048482	1
5048609	1
5048625	1
5048701	1
5048713	1
5048734	1
5048767	1
5048817	1
5048826	1
5049039	1
5049077	1
5049156	1
5049288	1
5049490	1
5049501	1
5049567	1
5049576	1
5049599	1
5049637	1
5049727	1
5049749	1
5049784	1
5049857	1
5049955	1
5050059	1
5050065	1
5050071	1
5050136	1
5050172	1
5050264	1
5050374	1
5050434	1
5050452	1
5050499	1
5050500	1
5050517	1
5050532	1
5050604	1
5050640	1
5050679	1
5050715	1
5050750	1
5050766	1
5050782	1
5050794	1
5050802	1
5050827	1
5050990	1
5051109	1
5051111	1
5051265	1
5051326	1
5051344	1
5051361	1
5051567	1
5051862	1
5051879	1
5051969	1
5051972	1
5052232	1
5052244	2
5052388	1
5052479	1
5052541	1
5052564	1
5052613	1
5052628	1
5052791	1
5052916	1
5052968	1
5053023	1
5053096	1
5053134	1
5053145	1
5053202	1
5053216	1
5053354	1
5053460	1
5053497	1
5053650	1
5053682	1
5053694	1
5053705	1
5053820	1
5054072	1
5054114	1
5054147	1
5054225	1
5054283	1
5054341	1
5054430	1
5054449	1
5054473	1
5054562	1
5054632	1
5054693	1
5054735	1
5054763	1
5054801	1
5054813	1
5054908	1
5055007	1
5055019	2
5055022	1
5055063	1
5055105	1
5055153	1
5055198	1
5055248	1
5055287	1
5055291	1
5055396	1
5055421	1
5055439	1
5055443	1
5055494	1
5055530	1
5055551	1
5055611	1
5055701	1
5055752	1
5055780	1
5055817	1
5055858	1
5055992	1
5056104	1
5056157	1
5056235	1
5056290	1
5056302	1
5056316	1
5056330	1
5056349	1
5056384	1
5056447	1
5056471	1
5056515	1
5056550	1
5056687	1
5056691	1
5056726	1
5056744	1
5056761	1
5056809	1
5056825	1
5056929	1
5056941	1
5056953	1
5057016	1
5057144	1
5057215	1
5057239	2
5057277	1
5057403	1
5057448	1
5057535	1
5057581	1
5057590	1
5057718	1
5057757	1
5057853	1
5058075	1
5058151	1
5058195	1
5058267	1
5058308	1
5058315	1
5058339	1
5058412	1
5058453	1
5058486	1
5058498	1
5058547	1
5058619	1
5058725	1
5058742	1
5058783	1
5058869	1
5058887	1
5059204	1
5059303	2
5059336	1
5059461	1
5059560	1
5059574	1
5059630	1
5059673	1
5059714	1
5059720	1
5059808	1
5059815	1
5059839	1
5059945	1
5060062	2
5060128	1
5060273	1
5060284	1
5060307	1
5060335	1
5060363	1
5060381	1
5060409	1
5060510	1
5060524	1
5060536	1
5060694	1
5060737	1
5060847	1
5060961	1
5060975	1
5061163	1
5061223	1
5061369	1
5061372	1
5061426	1
5061461	1
5061493	1
5061511	1
5061602	1
5061630	1
5061684	1
5061843	1
5061952	1
5062078	1
5062112	1
5062164	1
5062255	1
5062323	1
5062331	1
5062340	1
5062408	1
5062439	1
5062466	1
5062482	1
5062527	1
5062817	1
5062826	1
5062844	1
5062875	1
5063271	1
5063501	2
5063576	1
5063605	1
5063629	1
5063641	1
5063653	1
5063664	1
5063686	1
5063698	1
5063784	1
5063862	1
5063879	1
5063885	1
5063936	1
5063972	1
5064001	1
5064034	1
5064099	1
5064278	1
5064290	1
5064406	1
5064636	1
5064669	1
5064700	1
5064732	1
5064761	1
5064793	1
5064970	1
5064998	1
5065032	1
5065058	1
5065245	1
5065299	1
5065321	1
5065339	1
5065441	1
5065470	1
5065486	1
5065607	1
5065622	1
5065678	1
5065681	1
5065690	1
5065783	1
5065797	1
5066011	1
5066038	1
5066060	1
5066083	1
5066217	1
5066275	1
5066306	1
5066392	1
5066431	1
5066652	1
5066710	1
5066736	1
5066748	1
5066807	1
5067092	1
5067187	1
5067241	1
5067270	1
5067286	1
5067298	1
5067342	1
5067413	1
5067467	1
5067480	1
5067532	1
5067589	1
5067593	1
5067631	1
5067715	1
5067739	1
5067884	1
5067954	1
5067981	1
5067990	1
5068036	1
5068114	1
5068120	1
5068147	1
5068402	1
5068416	1
5068484	1
5068557	1
5068579	1
5068596	1
5068632	1
5068675	1
5068763	1
5068778	1
5068845	1
5068852	1
5068876	1
5068915	1
5068950	1
5069073	1
5069100	1
5069189	1
5069208	1
5069243	1
5069328	1
5069380	1
5069507	1
5069563	1
5069620	1
5069659	1
5069671	1
5069704	1
5069740	1
5069829	1
5070087	1
5070120	1
5070159	1
5070165	1
5070209	1
5070260	1
5070312	2
5070398	2
5070402	1
5070557	1
5070719	1
5070876	1
5071022	1
5071046	1
5071153	1
5071164	1
5071210	1
5071236	1
5071248	1
5071272	1
5071318	1
5071362	1
5071408	1
5071421	1
5071516	1
5071573	1
5071660	1
5071728	1
5071745	1
5071826	1
5071844	1
5071875	1
5071965	1
5071988	1
5072154	1
5072324	1
5072426	1
5072461	1
5072509	1
5072538	1
5072602	1
5072668	1
5072714	1
5072747	1
5072792	1
5072821	1
5072850	1
5072866	1
5072877	1
5072894	1
5072952	1
5072976	1
5073000	1
5073089	1
5073102	1
5073168	1
5073195	1
5073201	1
5073245	1
5073267	1
5073339	1
5073343	1
5073377	1
5073498	1
5073533	1
5073565	1
5073588	1
5073663	1
5073690	1
5073725	1
5073848	1
5073869	1
5073923	1
5073979	1
5074006	1
5074033	1
5074270	1
5074360	1
5074397	1
5074452	1
5074604	1
5074662	1
5074708	1
5074777	1
5074884	1
5074919	1
5075008	1
5075050	1
5075111	1
5075156	1
5075197	1
5075214	1
5075233	1
5075271	1
5075317	1
5075326	1
5075358	1
5075393	1
5075419	1
5075490	1
5075545	1
5075552	1
5075716	1
5075768	1
5075784	1
5075804	1
5075896	1
5075924	1
5075991	1
5076002	1
5076027	1
5076095	1
5076161	1
5076221	1
5076243	1
5076277	1
5076294	1
5076328	1
5076352	1
5076399	1
5076410	1
5076614	1
5076704	1
5076718	1
5076829	1
5076853	1
5076864	1
5076870	1
5077034	1
5077045	1
5077067	1
5077080	1
5077278	1
5077302	1
5077395	1
5077420	1
5077582	1
5077687	1
5077789	1
5077842	1
5077970	1
5078023	1
5078031	1
5078057	1
5078079	1
5078167	1
5078216	1
5078335	1
5078483	1
5078503	1
5078548	1
5078569	1
5078591	1
5078608	1
5078621	1
5078677	1
5078764	1
5078786	1
5078798	1
5078814	1
5078859	1
5078888	1
5078917	1
5078989	1
5079038	1
5079074	1
5079097	1
5079177	1
5079200	1
5079226	1
5079244	1
5079289	1
5079314	1
5079505	1
5079512	1
5079570	1
5079680	1
5079835	1
5079951	1
5079995	1
5080075	1
5080149	1
5080151	1
5080173	1
5080228	1
5080245	1
5080276	1
5080350	1
5080547	1
5080565	1
5080635	1
5080646	1
5080725	1
5080985	1
5081038	1
5081074	1
5081108	1
5081177	1
5081275	1
5081359	1
5081418	1
5081505	1
5081529	1
5081564	1
5081586	1
5081613	1
5081628	1
5081667	1
5081724	1
5081819	1
5081822	1
5081973	1
5081984	1
5081995	1
5082015	1
5082082	1
5082094	1
5082138	1
5082174	1
5082206	1
5082214	1
5082247	1
5082317	1
5082375	1
5082454	1
5082612	1
5082653	1
5082670	1
5082768	1
5082804	1
5082936	1
5082948	1
5082987	1
5083022	2
5083046	1
5083081	1
5083090	1
5083186	1
5083248	1
5083318	1
5083396	1
5083415	1
5083494	1
5083573	1
5083595	1
5083625	1
5083656	1
5083674	1
5083683	1
5083745	1
5083767	1
5083817	1
5083844	1
5083858	1
5083889	1
5084016	1
5084100	1
5084117	1
5084132	1
5084175	1
5084221	1
5084239	1
5084250	1
5084313	1
5084328	1
5084345	1
5084367	1
5084507	1
5084590	1
5084614	1
5084633	1
5084659	1
5084665	1
5084785	1
5084812	1
5084870	1
5084898	1
5084925	1
5084960	1
5085023	1
5085268	1
5085409	1
5085460	1
5085572	1
5085932	1
5085961	1
5086029	1
5086037	1
5086279	1
5086324	1
5086348	1
5086509	1
5086574	1
5086649	1
5086651	1
5086668	1
5086673	1
5086765	1
5086808	1
5087048	1
5087091	1
5087120	1
5087147	1
5087192	1
5087225	1
5087297	1
5087337	1
5087341	1
5087364	1
5087449	1
5087468	1
5087523	1
5087557	1
5087562	1
5087644	1
5087693	1
5087722	1
5087828	1
5087876	1
5087908	1
5087994	1
5088020	1
5088212	1
5088229	1
5088270	1
5088309	1
5088342	1
5088356	1
5088360	1
5088383	1
5088397	1
5088445	1
5088604	1
5088640	1
5088715	1
5088766	1
5088849	1
5088851	1
5088873	1
5088884	1
5088895	1
5088907	1
5088935	1
5089052	1
5089185	1
5089235	1
5089254	1
5089302	1
5089395	1
5089414	1
5089433	1
5089459	1
5089566	1
5089582	1
5089648	1
5089687	1
5089717	1
5089838	1
5089874	1
5089897	1
5089941	1
5090046	1
5090112	1
5090210	1
5090269	1
5090357	1
5090362	1
5090396	1
5090408	1
5090443	1
5090450	1
5090466	1
5090482	1
5090568	1
5090595	1
5090660	1
5090674	1
5090745	1
5090799	1
5090858	1
5090875	1
5091013	1
5091052	1
5091157	1
5091185	1
5091207	2
5091263	1
5091278	1
5091281	1
5091290	1
5091349	1
5091384	1
5091459	1
5091515	1
5091603	1
5091610	1
5091669	1
5091732	1
5091744	1
5091758	1
5091789	1
5091838	1
5091883	1
5091941	1
5091953	1
5092023	1
5092079	1
5092085	1
5092113	1
5092167	1
5092199	1
5092216	1
5092322	1
5092346	1
5092497	1
5092503	1
5092548	1
5092591	1
5092639	2
5092650	1
5092677	1
5092694	1
5092729	1
5092786	1
5092806	1
5092814	1
5092833	1
5092900	1
5093083	1
5093289	1
5093371	1
5093423	1
5093564	1
5093586	1
5093628	2
5093634	1
5093699	1
5093736	1
5093835	1
5093890	1
5093984	1
5094053	1
5094070	1
5094178	1
5094231	1
5094240	1
5094262	1
5094296	1
5094303	1
5094391	1
5094560	1
5094616	1
5094627	1
5094630	1
5094668	1
5094733	1
5094765	1
5094771	1
5094815	1
5094894	1
5094928	1
5094934	1
5094976	1
5095033	1
5095047	1
5095136	1
5095169	1
5095187	2
5095229	1
5095264	1
5095360	1
5095374	1
5095452	1
5095476	1
5095480	1
5095500	1
5095657	1
5095721	1
5095743	1
5095766	1
5095794	1
5095868	2
5095946	1
5096015	1
5096138	1
5096142	1
5096160	1
5096259	1
5096358	1
5096375	1
5096605	1
5096773	1
5096795	1
5096896	1
5096987	1
5097000	1
5097026	1
5097058	2
5097102	1
5097116	1
5097149	1
5097151	1
5097321	1
5097441	1
5097547	1
5097559	1
5097592	1
5097607	1
5097690	1
5097756	2
5097760	1
5097848	1
5097891	1
5097985	1
5098002	1
5098117	1
5098215	1
5098243	1
5098334	1
5098380	1
5098455	1
5098487	1
5098620	1
5098704	1
5098796	1
5098837	1
5098911	1
5098925	1
5098960	1
5099024	1
5099036	2
5099072	1
5099283	1
5099341	1
5099449	1
5099626	1
5099632	1
5099658	1
5099675	1
5099719	1
5099722	1
5099778	1
5099801	1
5099834	1
5099867	1
5099899	1
5100017	1
5100116	1
5100168	1
5100184	1
5100213	1
5100228	1
5100252	1
5100280	1
5100308	1
5100315	1
5100339	1
5100350	1
5100377	1
5100405	1
5100441	1
5100547	1
5100565	1
5100592	1
5100622	1
5100848	1
5100904	1
5100940	1
5100996	1
5101009	1
5101139	1
5101150	1
5101261	1
5101314	1
5101371	1
5101423	1
5101505	1
5101512	1
5101628	1
5101755	1
5101772	1
5101787	1
5101846	1
5101878	1
5101916	1
5101951	1
5101995	1
5102050	1
5102066	1
5102138	1
5102174	2
5102206	1
5102265	1
5102288	1
5102375	1
5102446	1
5102490	1
5102545	1
5102567	1
5102576	1
5102702	1
5102795	1
5102823	1
5102840	1
5102885	1
5102948	1
5102955	1
5103007	1
5103022	1
5103046	1
5103304	1
5103450	1
5103466	1
5103502	1
5103625	1
5103683	1
5103745	1
5103752	1
5103861	1
5103971	1
5104002	1
5104051	1
5104084	1
5104095	1
5104126	1
5104175	1
5104294	1
5104352	1
5104403	1
5104410	1
5104424	1
5104448	1
5104469	1
5104633	1
5104647	1
5104659	1
5104704	1
5104740	1
5104757	1
5104779	1
5104796	1
5104841	1
5104853	1
5104997	1
5105096	1
5105113	1
5105134	1
5105216	1
5105284	1
5105295	1
5105319	1
5105442	1
5105474	1
5105497	1
5105555	1
5105569	1
5105591	1
5105621	1
5105712	1
5105814	1
5105871	1
5106005	1
5106086	1
5106107	1
5106122	1
5106257	1
5106348	2
5106417	1
5106475	1
5106493	1
5106583	1
5106616	1
5106747	1
5106788	1
5106976	1
5107003	1
5107147	1
5107188	1
5107242	1
5107260	1
5107274	2
5107337	1
5107596	1
5107617	1
5107661	1
5107689	1
5107828	1
5107852	1
5107982	1
5108169	1
5108187	1
5108264	1
5108311	1
5108526	1
5108532	1
5108589	1
5108830	1
5108868	1
5108873	1
5108884	1
5108895	1
5109140	1
5109246	1
5109263	1
5109327	1
5109368	1
5109420	1
5109447	1
5109636	1
5109758	1
5109825	1
5109897	1
5109998	1
5110036	1
5110069	1
5110159	1
5110171	1
5110209	1
5110238	1
5110312	1
5110370	1
5110644	1
5110658	1
5110790	1
5110899	1
5110982	1
5111137	1
5111291	2
5111318	1
5111340	1
5111396	1
5111477	1
5111549	1
5111611	1
5111638	1
5111697	1
5111728	1
5111767	1
5111780	1
5112005	1
5112012	1
5112146	2
5112163	1
5112190	1
5112231	1
5112257	1
5112432	1
5112458	1
5112525	1
5112597	1
5112684	1
5112714	1
5112771	1
5112877	1
5112882	1
5112980	1
5112999	1
5113017	1
5113026	1
5113149	1
5113173	1
5113339	1
5113343	1
5113405	1
5113619	1
5113635	1
5113810	1
5113824	1
5113962	1
5113985	1
5114020	1
5114033	1
5114136	1
5114148	1
5114191	1
5114237	1
5114264	1
5114311	1
5114413	1
5114445	1
5114517	1
5114532	1
5114544	1
5114558	1
5114561	1
5114593	1
5114640	1
5114766	1
5114777	1
5114794	1
5114802	1
5114851	2
5114935	1
5114946	2
5115039	1
5115082	1
5115111	1
5115156	1
5115197	1
5115220	1
5115292	1
5115332	1
5115358	1
5115361	1
5115446	1
5115478	1
5115501	1
5115513	1
5115567	1
5115599	1
5115653	1
5115686	1
5115698	1
5115716	1
5115804	1
5115823	1
5115903	1
5115955	1
5115969	1
5115972	1
5115987	1
5116049	1
5116073	1
5116100	1
5116117	1
5116158	1
5116221	1
5116301	1
5116410	1
5116554	1
5116578	1
5116633	1
5116688	1
5116762	1
5116785	1
5116812	1
5116853	1
5116898	1
5116938	1
5116956	1
5116974	1
5117045	1
5117118	1
5117179	1
5117196	1
5117207	1
5117246	1
5117263	1
5117278	1
5117330	1
5117420	1
5117459	1
5117465	1
5117521	1
5117543	1
5117636	1
5117691	1
5117700	1
5117717	1
5117732	1
5117744	1
5117758	1
5117789	1
5117809	1
5117825	1
5117883	1
5117941	1
5118079	1
5118176	1
5118199	1
5118202	1
5118284	1
5118335	1
5118378	1
5118497	1
5118555	1
5118572	1
5118615	1
5118694	1
5118737	1
5118814	1
5118888	1
5118900	1
5118932	1
5119009	2
5119143	1
5119150	1
5119217	1
5119289	1
5119306	1
5119392	1
5119423	1
5119485	1
5119505	1
5119586	1
5119652	1
5119949	1
5120110	1
5120124	1
5120148	1
5120237	1
5120325	1
5120413	1
5120480	1
5120499	1
5120561	1
5120618	1
5120623	1
5120708	1
5120739	1
5120766	1
5120794	1
5121015	1
5121021	1
5121043	1
5121082	1
5121111	1
5121142	1
5121160	1
5121317	1
5121361	1
5121435	1
5121463	1
5121552	1
5121580	1
5121730	1
5121773	1
5121831	1
5122038	1
5122083	1
5122115	1
5122217	1
5122289	1
5122333	1
5122431	1
5122440	1
5122564	1
5122586	1
5122601	1
5122645	1
5122667	1
5122710	1
5122755	1
5122835	1
5122881	1
5123004	1
5123079	1
5123085	1
5123167	1
5123180	1
5123199	1
5123227	1
5123284	1
5123335	2
5123354	2
5123425	1
5123456	1
5123460	1
5123474	1
5123503	1
5123524	1
5123548	1
5123555	1
5123569	1
5123587	1
5123608	1
5123705	1
5123729	1
5123900	1
5123926	1
5123944	1
5123958	1
5124024	1
5124055	1
5124106	1
5124147	1
5124165	1
5124238	1
5124364	1
5124416	1
5124430	1
5124468	1
5124504	1
5124585	1
5124600	1
5124626	1
5124661	1
5124707	1
5124735	1
5124763	1
5124852	1
5124915	1
5124921	1
5125090	1
5125105	1
5125203	1
5125236	1
5125255	1
5125385	1
5125415	1
5125450	1
5125656	1
5125713	1
5125728	1
5125776	1
5125800	1
5125875	1
5125893	1
5125906	1
5126099	1
5126118	1
5126219	1
5126263	1
5126351	1
5126414	1
5126566	1
5126594	1
5126636	1
5126648	1
5126744	1
5126758	1
5126793	1
5126941	1
5127030	1
5127049	1
5127051	1
5127084	1
5127117	1
5127277	1
5127376	1
5127410	1
5127424	1
5127436	1
5127469	1
5127535	1
5127578	1
5127688	1
5127704	1
5127731	1
5127812	1
5127864	1
5128017	1
5128026	1
5128127	1
5128130	1
5128234	2
5128339	1
5128343	1
5128366	1
5128377	1
5128429	1
5128441	1
5128470	1
5128486	1
5128498	1
5128506	1
5128559	1
5128571	1
5128622	1
5128646	1
5128654	1
5128678	1
5128690	1
5128760	1
5128774	1
5128810	1
5129012	1
5129037	1
5129146	1
5129163	1
5129223	1
5129231	1
5129324	1
5129348	1
5129509	1
5129597	1
5129733	1
5129747	1
5129808	1
5129901	1
5129913	1
5129952	1
5129967	1
5130128	1
5130273	1
5130284	1
5130307	1
5130319	1
5130335	1
5130363	1
5130390	1
5130438	1
5130474	1
5130615	1
5130770	1
5130786	1
5130798	1
5130926	1
5130944	2
5131012	1
5131037	1
5131064	1
5131122	1
5131135	1
5131204	1
5131262	1
5131324	1
5131372	1
5131387	1
5131475	1
5131493	1
5131511	1
5131602	1
5131651	1
5131673	1
5131695	1
5131747	1
5131788	1
5131792	1
5131843	1
5131894	1
5131945	1
5131967	1
5131999	1
5132019	2
5132035	1
5132081	1
5132141	1
5132164	1
5132198	1
5132318	1
5132331	1
5132379	1
5132396	1
5132477	1
5132482	1
5132502	1
5132527	1
5132530	1
5132584	1
5132611	1
5132625	1
5132713	1
5132745	1
5132776	1
5132800	1
5132875	1
5132914	1
5132959	1
5133008	1
5133138	1
5133174	1
5133292	1
5133463	1
5133481	1
5133513	1
5133727	1
5133749	1
5133784	1
5133857	1
5133910	1
5133948	1
5133991	1
5134179	1
5134185	1
5134246	1
5134281	1
5134327	1
5134368	1
5134471	1
5134508	1
5134521	1
5134539	1
5134550	1
5134669	1
5134726	1
5134825	1
5134860	1
5134874	1
5135017	1
5135044	1
5135058	1
5135116	1
5135130	1
5135184	1
5135228	1
5135280	1
5135382	1
5135412	1
5135429	1
5135453	1
5135464	1
5135520	1
5135533	1
5135571	1
5135588	1
5135760	1
5135869	1
5135872	1
5135904	1
5135962	1
5136025	1
5136038	2
5136042	1
5136074	1
5136108	1
5136182	1
5136232	1
5136261	1
5136289	1
5136333	1
5136462	1
5136601	1
5136676	1
5136703	1
5136748	1
5136769	1
5136772	1
5136822	1
5136835	1
5136927	1
5136968	1
5136973	1
5136984	1
5137136	1
5137205	1
5137270	1
5137309	2
5137356	1
5137401	1
5137445	1
5137452	1
5137499	1
5137517	1
5137558	1
5137561	1
5137575	1
5137618	1
5137631	1
5137679	1
5137685	1
5137750	1
5137782	1
5137827	1
5137830	1
5137922	1
5137935	1
5138072	1
5138091	1
5138133	1
5138159	1
5138171	1
5138211	1
5138260	1
5138329	1
5138337	1
5138416	1
5138596	2
5138632	1
5138644	1
5138735	1
5138746	1
5138778	1
5138790	1
5138813	1
5138852	1
5138880	1
5138939	1
5138966	1
5139132	1
5139158	1
5139189	1
5139208	1
5139239	1
5139352	1
5139367	1
5139399	1
5139455	1
5139519	1
5139581	1
5139633	1
5139647	1
5139692	1
5139757	1
5139796	2
5139864	1
5139870	1
5139886	1
5139909	1
5139983	1
5140035	1
5140046	1
5140164	1
5140170	1
5140318	1
5140323	1
5140408	1
5140415	1
5140549	1
5140573	1
5140674	1
5140800	1
5140906	1
5140914	1
5141028	1
5141185	1
5141254	1
5141327	2
5141384	1
5141515	1
5141539	1
5141624	1
5141655	1
5141732	1
5141744	1
5141860	1
5141883	1
5141941	1
5142004	1
5142018	1
5142040	1
5142062	1
5142085	1
5142128	1
5142273	1
5142411	1
5142456	1
5142497	1
5142524	1
5142621	1
5142729	1
5142833	2
5142892	1
5142932	1
5142975	1
5142993	1
5143009	1
5143074	1
5143139	1
5143177	1
5143194	1
5143320	1
5143529	1
5143570	1
5143601	1
5143703	1
5143787	1
5143791	1
5143846	1
5143984	1
5144064	1
5144181	1
5144355	2
5144372	1
5144400	1
5144542	1
5144556	1
5144616	1
5144673	1
5144695	1
5144714	1
5144759	1
5144877	1
5144934	1
5144967	1
5145059	1
5145092	1
5145110	1
5145169	1
5145356	1
5145532	1
5145575	1
5145593	2
5145623	1
5145640	1
5145794	1
5145816	1
5145849	1
5145868	1
5145946	1
5146015	1
5146050	1
5146094	1
5146109	1
5146142	1
5146220	1
5146259	1
5146292	1
5146300	1
5146317	1
5146358	1
5146446	2
5146481	1
5146501	1
5146534	1
5146580	1
5146605	1
5146818	1
5146910	2
5146936	1
5146969	1
5146991	1
5147032	1
5147173	1
5147228	1
5147308	1
5147394	1
5147412	1
5147533	1
5147559	1
5147592	1
5147654	1
5147678	1
5147681	2
5147742	1
5147756	1
5147803	1
5147887	1
5147979	1
5148084	1
5148095	1
5148117	1
5148175	1
5148189	1
5148243	1
5148282	1
5148294	1
5148410	1
5148436	1
5148469	1
5148535	1
5148546	1
5148614	1
5148620	1
5148740	1
5148864	1
5148956	1
5148960	1
5148974	2
5148983	1
5149055	1
5149188	1
5149225	1
5149238	1
5149242	1
5149274	1
5149283	1
5149386	1
5149449	1
5149484	1
5149540	1
5149562	1
5149626	1
5149632	1
5149644	1
5149689	1
5149722	1
5149852	1
5150011	1
5150060	1
5150074	1
5150200	1
5150289	1
5150365	2
5150392	1
5150440	1
5150457	1
5150505	1
5150512	1
5150537	1
5150564	1
5150634	1
5150667	1
5150676	1
5150680	1
5150699	1
5150724	1
5150769	1
5150772	1
5150835	1
5150854	1
5150878	1
5150890	1
5150916	1
5150973	1
5150984	1
5151055	1
5151087	1
5151159	1
5151188	2
5151242	1
5151274	1
5151370	1
5151416	1
5151531	1
5151596	1
5151644	1
5151735	1
5151746	1
5151867	1
5151880	1
5151943	1
5151950	1
5151982	1
5152088	1
5152092	1
5152155	1
5152229	1
5152374	1
5152397	1
5152434	1
5152499	1
5152500	1
5152544	1
5152662	2
5152685	1
5152715	1
5152739	1
5152830	1
5152963	1
5152978	1
5152981	1
5152990	1
5153067	1
5153080	1
5153123	1
5153327	1
5153373	1
5153414	1
5153459	1
5153488	1
5153543	1
5153655	1
5153687	1
5153825	2
5153905	1
5153937	1
5154043	1
5154094	1
5154160	1
5154206	1
5154214	1
5154220	1
5154271	1
5154407	1
5154422	1
5154501	1
5154513	1
5154641	1
5154686	1
5154698	1
5154773	1
5154795	1
5154831	1
5154955	1
5154987	1
5155002	1
5155117	1
5155189	1
5155239	1
5155313	1
5155334	1
5155380	1
5155410	1
5155436	2
5155563	1
5155581	1
5155614	1
5155620	1
5155659	1
5155723	2
5156018	1
5156062	1
5156085	1
5156273	1
5156319	1
5156346	1
5156555	1
5156608	1
5156888	1
5156944	1
5156961	1
5157022	1
5157331	1
5157408	1
5157450	1
5157477	1
5157595	1
5157683	1
5157844	1
5157875	1
5157893	1
5157914	1
5157920	1
5157965	1
5158098	1
5158163	1
5158178	1
5158231	1
5158262	1
5158355	1
5158369	1
5158458	1
5158509	1
5158574	1
5158627	1
5158771	1
5158808	1
5158839	1
5158999	1
5159000	1
5159267	1
5159280	2
5159321	1
5159350	1
5159514	1
5159619	1
5159635	1
5159681	2
5159810	1
5159855	1
5160076	1
5160104	1
5160118	1
5160157	1
5160185	1
5160222	1
5160290	1
5160349	1
5160368	1
5160420	1
5160433	1
5160488	1
5160603	1
5160700	1
5160789	2
5160793	1
5160825	1
5160856	1
5160883	1
5160897	1
5161058	1
5161151	1
5161195	1
5161213	2
5161267	1
5161299	1
5161308	1
5161321	1
5161350	1
5161377	1
5161382	1
5161470	1
5161619	1
5161690	1
5161709	1
5161756	1
5161783	1
5161855	1
5162068	1
5162100	1
5162239	1
5162294	1
5162507	1
5162546	1
5162563	1
5162665	1
5162718	1
5162723	1
5162731	1
5162757	1
5162841	1
5162870	1
5162909	1
5163010	1
5163055	1
5163087	1
5163209	1
5163305	1
5163398	1
5163468	1
5163473	2
5163504	1
5163661	1
5163689	1
5163735	1
5163852	1
5163867	1
5163908	1
5163982	1
5164096	1
5164101	1
5164145	1
5164176	1
5164216	1
5164411	1
5164460	1
5164483	1
5164587	1
5164643	1
5164677	1
5164712	1
5164729	1
5164786	1
5164806	1
5164820	1
5164961	1
5165029	1
5165041	1
5165098	1
5165119	1
5165262	1
5165336	1
5165348	1
5165372	1
5165387	1
5165417	1
5165511	1
5165525	1
5165542	1
5165649	1
5165747	1
5165882	1
5165901	1
5165952	1
5165967	1
5166047	1
5166092	1
5166110	1
5166124	1
5166155	1
5166191	1
5166241	1
5166309	1
5166325	1
5166342	1
5166428	1
5166434	1
5166467	1
5166500	1
5166558	1
5166623	1
5166721	1
5166739	1
5166750	1
5166802	1
5166919	1
5166963	1
5167009	1
5167038	1
5167042	1
5167056	1
5167074	1
5167115	2
5167150	1
5167182	1
5167289	1
5167333	1
5167359	1
5167371	1
5167423	1
5167431	1
5167440	2
5167496	1
5167512	1
5167537	1
5167553	1
5167736	1
5167772	1
5167863	1
5167881	1
5167927	1
5167984	1
5168156	1
5168197	1
5168259	1
5168317	1
5168326	1
5168358	1
5168435	1
5168501	1
5168545	1
5168567	1
5168637	1
5168686	1
5168751	1
5168773	1
5168795	2
5168823	1
5168831	1
5168885	1
5168903	1
5168969	1
5169007	1
5169035	1
5169112	1
5169287	1
5169291	1
5169323	2
5169357	1
5169379	1
5169477	1
5169482	1
5169530	1
5169573	1
5169584	1
5169660	1
5169826	1
5169933	1
5169947	1
5169992	1
5170082	1
5170111	1
5170138	1
5170389	1
5170407	1
5170419	1
5170481	1
5170490	1
5170545	1
5170605	1
5170641	1
5170698	1
5170804	1
5170831	1
5170840	1
5170924	1
5171016	1
5171100	1
5171117	1
5171158	1
5171161	1
5171193	1
5171376	1
5171448	1
5171554	1
5171606	1
5171620	1
5171731	1
5171796	1
5171898	1
5171997	2
5172026	2
5172061	1
5172089	1
5172228	1
5172276	1
5172299	1
5172308	1
5172533	1
5172588	1
5172681	1
5172725	1
5172797	1
5172891	1
5173041	1
5173070	1
5173098	1
5173163	1
5173204	1
5173231	1
5173426	1
5173511	1
5173538	1
5173542	2
5173583	1
5173771	1
5173788	1
5173808	1
5173839	1
5173850	1
5173866	1
5173877	1
5173894	1
5173928	1
5173934	2
5174056	1
5174083	1
5174115	1
5174194	1
5174258	1
5174371	1
5174462	1
5174479	1
5174505	1
5174537	1
5174541	1
5174564	1
5174570	1
5174628	1
5174645	1
5174748	1
5174755	1
5174787	1
5174881	1
5175024	1
5175048	1
5175072	1
5175087	1
5175159	1
5175225	1
5175242	1
5175274	1
5175353	1
5175484	1
5175523	2
5175540	1
5175596	1
5175617	1
5175658	1
5175661	1
5175689	1
5175693	1
5175880	1
5175966	1
5175994	1
5176090	1
5176210	1
5176255	1
5176362	1
5176443	1
5176568	1
5176609	1
5176625	1
5176638	1
5176734	2
5176752	1
5176767	1
5176858	1
5176959	1
5177023	1
5177031	1
5177057	1
5177199	1
5177230	1
5177268	1
5177295	1
5177319	1
5177335	1
5177409	1
5177442	1
5177456	2
5177474	1
5177503	1
5177510	1
5177587	1
5177643	1
5177764	1
5177871	1
5177892	1
5177932	1
5177989	1
5178045	1
5178099	1
5178140	1
5178157	1
5178196	1
5178246	1
5178263	1
5178281	1
5178349	1
5178384	1
5178414	1
5178508	1
5178539	1
5178550	1
5178636	1
5178669	1
5178672	1
5178691	1
5178717	1
5178825	1
5178856	1
5178953	1
5178964	1
5179014	1
5179020	1
5179136	1
5179172	1
5179212	1
5179229	1
5179253	1
5179657	1
5179696	1
5179708	1
5179777	1
5179868	1
5179873	1
5179884	1
5179895	1
5179935	1
5180012	1
5180041	1
5180119	1
5180122	1
5180154	1
5180163	1
5180218	1
5180597	1
5180616	1
5180630	1
5180668	1
5180720	1
5180850	1
5181124	1
5181155	1
5181325	1
5181338	1
5181356	1
5181428	1
5181452	1
5181499	1
5181517	1
5181593	1
5181604	1
5181685	1
5181919	1
5181922	1
5181935	1
5181954	1
5181978	1
5181981	1
5182087	1
5182147	1
5182192	1
5182341	1
5182353	1
5182416	1
5182468	1
5182557	1
5182596	1
5182600	1
5182632	1
5182644	1
5182722	1
5182754	1
5182790	1
5182801	1
5182828	1
5182899	1
5182939	1
5182943	1
5183002	1
5183100	1
5183144	1
5183208	1
5183266	1
5183403	1
5183620	1
5183647	1
5183665	1
5183671	1
5183688	1
5183812	1
5183898	1
5183925	2
5184105	1
5184112	1
5184137	1
5184224	1
5184291	1
5184318	1
5184323	1
5184331	1
5184408	1
5184443	1
5184530	1
5184595	1
5184609	1
5184638	1
5184656	1
5184734	1
5184800	1
5184858	1
5184920	1
5185045	1
5185099	1
5185104	1
5185131	1
5185140	1
5185207	1
5185219	1
5185278	1
5185302	1
5185351	1
5185368	1
5185373	1
5185459	1
5185471	1
5185492	1
5185636	1
5185655	1
5185744	1
5185761	1
5185775	1
5185883	1
5185897	1
5185905	1
5185937	1
5185986	1
5185998	1
5186044	1
5186061	1
5186075	1
5186168	2
5186195	1
5186201	1
5186377	1
5186405	1
5186514	1
5186619	1
5186663	1
5186690	1
5186725	1
5186742	1
5186756	1
5186774	2
5186824	1
5186848	1
5186887	1
5186979	1
5187008	1
5187043	1
5187183	1
5187259	1
5187300	1
5187317	1
5187545	1
5187612	1
5187637	1
5187670	1
5187727	1
5187768	1
5187784	1
5187831	1
5187840	1
5187969	1
5187987	1
5188056	1
5188074	1
5188121	1
5188232	1
5188275	1
5188462	1
5188479	1
5188512	1
5188553	1
5188564	1
5188586	1
5188791	1
5188951	1
5189004	1
5189031	1
5189040	2
5189085	1
5189167	1
5189216	1
5189273	1
5189378	1
5189438	1
5189503	1
5189548	1
5189569	1
5189587	1
5189666	1
5189694	1
5189753	1
5189764	1
5189892	1
5189989	1
5190030	1
5190215	1
5190266	1
5190403	1
5190424	1
5190448	1
5190455	1
5190546	1
5190665	1
5190718	1
5190762	1
5190779	1
5190785	1
5190805	1
5190841	1
5190886	1
5190938	1
5190960	1
5190983	1
5190997	1
5191040	1
5191113	1
5191145	1
5191199	1
5191295	1
5191307	1
5191319	1
5191346	1
5191363	1
5191381	1
5191411	1
5191425	1
5191536	1
5191737	1
5191753	1
5191900	1
5191917	1
5191944	1
5192013	1
5192045	1
5192076	1
5192099	1
5192123	1
5192162	1
5192219	1
5192327	1
5192349	1
5192508	2
5192582	1
5192636	1
5192648	1
5192758	1
5192789	1
5192811	1
5192941	1
5193020	1
5193059	1
5193065	1
5193169	2
5193229	1
5193237	1
5193270	1
5193360	1
5193397	1
5193401	1
5193476	1
5193561	1
5193662	1
5193696	1
5193739	1
5193777	1
5193849	1
5193884	1
5193919	1
5193935	1
5193978	1
5194032	1
5194093	1
5194168	1
5194234	1
5194429	1
5194441	1
5194486	1
5194533	1
5194588	1
5194709	1
5194725	1
5194760	1
5194824	1
5194836	1
5194848	1
5195060	1
5195258	1
5195333	1
5195347	1
5195365	1
5195529	1
5195541	1
5195645	1
5195652	1
5195667	1
5195787	1
5195807	1
5196003	1
5196238	1
5196242	1
5196305	1
5196341	1
5196398	1
5196449	1
5196468	1
5196523	1
5196540	1
5196661	1
5196689	1
5196834	1
5196876	1
5196908	1
5196943	1
5196982	1
5197029	2
5197064	1
5197086	1
5197303	1
5197458	1
5197616	1
5197651	1
5197720	1
5197733	1
5197788	1
5197815	1
5197843	1
5198090	1
5198164	1
5198287	1
5198331	1
5198340	1
5198408	1
5198527	1
5198584	1
5198674	1
5198697	1
5198701	1
5198728	1
5198734	1
5198776	1
5198832	1
5198875	1
5198893	1
5198906	1
5198914	1
5198933	1
5198947	1
5199039	1
5199043	1
5199174	1
5199214	1
5199233	1
5199288	1
5199292	1
5199446	1
5199454	1
5199463	1
5199629	1
5199653	1
5199664	1
5199698	1
5199768	1
5199818	1
5199840	1
5199885	1
5199903	1
5199910	1
5199936	1
5200024	1
5200055	1
5200087	1
5200133	1
5200171	1
5200297	1
5200484	1
5200504	1
5200781	1
5200790	1
5200852	1
5200876	1
5200915	1
5200921	1
5200939	1
5201112	1
5201170	1
5201186	1
5201224	1
5201357	1
5201549	1
5201568	1
5201595	2
5201638	1
5201683	1
5201752	1
5201826	1
5201889	1
5201947	1
5201959	1
5202135	1
5202190	1
5202262	2
5202310	1
5202475	1
5202489	1
5202574	1
5202602	1
5202684	1
5202850	1
5202901	1
5202928	1
5202967	1
5203044	1
5203061	1
5203089	1
5203093	1
5203201	1
5203405	1
5203412	1
5203470	1
5203565	1
5203571	1
5203622	1
5203738	1
5203756	1
5203891	1
5203904	1
5203940	1
5203957	1
5204020	1
5204047	1
5204092	1
5204155	1
5204169	1
5204191	1
5204264	1
5204325	1
5204338	1
5204452	1
5204480	1
5204500	1
5204526	1
5204544	1
5204561	1
5204589	1
5204657	1
5204715	1
5204777	1
5204873	1
5204895	1
5204919	1
5204922	1
5204963	1
5205021	1
5205077	1
5205142	1
5205156	1
5205214	2
5205332	1
5205361	1
5205393	1
5205422	1
5205501	1
5205534	1
5205612	1
5205730	1
5205773	1
5205879	2
5205885	1
5205896	1
5205972	1
5205991	1
5206049	1
5206051	1
5206073	1
5206084	1
5206208	1
5206215	1
5206239	1
5206376	1
5206487	1
5206507	1
5206546	1
5206590	1
5206633	1
5206647	1
5206671	1
5206779	1
5206837	1
5206853	1
5207045	1
5207123	1
5207162	1
5207179	1
5207219	1
5207246	1
5207263	1
5207290	1
5207406	1
5207488	1
5207672	1
5207726	1
5207758	1
5207838	1
5207856	1
5207860	1
5207941	1
5208202	1
5208378	1
5208381	1
5208409	1
5208442	1
5208497	1
5208524	1
5208572	1
5208608	1
5208737	1
5208814	1
5208820	1
5208859	1
5208892	1
5209025	1
5209038	1
5209143	2
5209217	1
5209244	1
5209293	1
5209333	1
5209365	1
5209371	1
5209418	1
5209423	1
5209485	1
5209564	1
5209613	1
5209628	1
5209645	1
5209863	1
5209878	1
5209902	1
5209968	1
5210034	1
5210123	1
5210157	1
5210185	1
5210207	1
5210219	1
5210263	1
5210395	1
5210406	1
5210459	1
5210672	1
5210717	1
5210761	1
5210809	1
5210856	1
5210937	1
5210941	1
5210986	1
5211201	1
5211453	1
5211565	1
5211619	1
5211681	1
5211690	1
5211756	1
5211810	1
5211848	1
5211869	1
5211872	1
5211891	1
5211918	1
5211931	1
5212215	1
5212277	1
5212367	1
5212380	1
5212403	1
5212410	1
5212436	1
5212472	1
5212606	1
5212837	1
5212925	1
5212938	1
5212942	1
5213036	1
5213069	1
5213171	1
5213192	1
5213209	1
5213242	1
5213283	1
5213312	1
5213600	1
5213626	1
5213719	1
5213754	1
5213763	1
5213790	1
5213867	1
5213876	1
5213899	1
5213915	1
5214152	1
5214202	1
5214322	1
5214503	1
5214737	1
5214741	1
5214798	1
5214806	1
5214820	1
5214859	1
5214892	1
5214926	1
5214958	1
5215005	1
5215053	1
5215064	1
5215098	1
5215154	1
5215279	1
5215387	1
5215493	1
5215509	1
5215597	1
5215627	1
5215765	1
5215771	1
5215815	1
5215901	1
5215928	1
5215945	1
5215999	1
5216124	1
5216172	1
5216212	1
5216270	2
5216397	1
5216445	1
5216589	1
5216604	1
5216631	1
5216640	1
5216708	1
5216721	1
5216830	1
5216919	1
5217009	1
5217038	1
5217056	1
5217108	1
5217121	1
5217258	1
5217293	1
5217347	1
5217359	1
5217388	1
5217418	1
5217423	1
5217431	1
5217505	1
5217537	1
5217564	2
5217628	1
5217645	1
5217772	1
5217902	1
5217949	1
5218050	1
5218138	1
5218142	1
5218160	1
5218206	1
5218233	1
5218265	1
5218332	1
5218358	1
5218361	1
5218375	1
5218653	1
5218664	1
5218768	1
5218804	1
5218879	1
5218896	1
5218969	1
5219112	1
5219153	1
5219164	1
5219198	1
5219203	1
5219477	1
5219482	1
5219674	1
5219697	1
5219734	1
5219745	1
5219800	1
5219826	1
5219832	1
5219914	1
5219933	1
5220004	2
5220018	1
5220085	1
5220134	1
5220176	1
5220216	1
5220319	1
5220363	1
5220390	1
5220438	1
5220497	1
5220510	1
5220524	1
5220536	1
5220555	1
5220587	1
5220621	1
5220643	1
5220650	1
5220737	1
5220806	1
5220820	1
5220871	1
5221053	1
5221135	1
5221231	1
5221310	1
5221324	1
5221372	1
5221560	1
5221695	1
5221747	1
5221771	1
5221788	1
5221866	2
5222007	1
5222019	1
5222035	1
5222164	1
5222272	1
5222287	1
5222323	1
5222379	1
5222408	1
5222443	1
5222482	1
5222638	1
5222656	1
5222728	1
5222745	1
5222776	1
5222875	1
5222920	1
5222933	1
5222988	1
5223021	1
5223039	1
5223050	1
5223094	1
5223160	1
5223214	1
5223361	1
5223375	1
5223422	1
5223454	1
5223463	1
5223637	1
5223641	1
5223698	1
5223823	2
5223831	1
5223857	1
5223924	1
5223972	1
5223991	1
5224013	1
5224067	1
5224118	1
5224131	1
5224157	1
5224207	1
5224254	2
5224278	1
5224327	1
5224330	1
5224471	1
5224508	1
5224515	1
5224566	1
5224624	2
5224672	1
5224744	1
5224793	1
5224941	1
5224986	1
5225195	1
5225228	1
5225234	1
5225276	1
5225299	1
5225453	1
5225506	1
5225571	1
5225622	1
5225635	1
5225663	1
5225681	2
5225869	1
5225918	1
5225962	1
5226166	1
5226177	1
5226194	1
5226226	1
5226261	1
5226359	1
5226365	1
5226418	1
5226479	1
5226541	1
5226570	1
5226586	1
5226613	1
5226772	1
5226791	1
5226995	1
5227110	2
5227191	1
5227237	1
5227264	1
5227325	1
5227401	1
5227434	1
5227452	1
5227517	1
5227544	1
5227696	1
5227739	1
5227777	1
5227868	1
5227935	1
5228048	1
5228147	1
5228171	1
5228192	1
5228297	1
5228370	1
5228473	1
5228484	1
5228596	1
5228600	1
5228617	1
5228658	1
5228675	1
5228693	1
5228746	1
5228754	1
5228790	1
5228908	1
5228915	1
5228921	1
5229144	1
5229215	1
5229250	1
5229301	1
5229410	1
5229436	1
5229487	1
5229507	1
5229546	1
5229578	1
5229606	1
5229659	1
5229812	1
5229870	1
5229909	1
5229942	1
5230050	1
5230066	1
5230094	1
5230160	1
5230206	1
5230214	1
5230292	1
5230435	1
5230528	1
5230612	1
5230702	1
5230749	1
5230795	1
5230804	1
5231095	1
5231132	1
5231193	1
5231243	1
5231399	1
5231472	1
5231487	1
5231519	2
5231522	1
5231590	1
5231665	1
5231671	1
5231762	2
5231796	1
5231805	1
5231829	1
5232000	1
5232184	1
5232213	1
5232234	1
5232350	1
5232405	1
5232441	1
5232520	1
5232565	1
5232607	1
5232709	1
5232774	1
5232803	1
5232848	1
5232869	1
5232904	1
5232931	1
5232940	1
5233053	1
5233086	1
5233098	1
5233154	1
5233181	1
5233204	1
5233218	1
5233240	1
5233257	1
5233303	1
5233432	1
5233560	1
5233574	1
5233602	1
5233627	1
5233630	1
5233747	1
5233765	1
5233788	1
5233792	1
5233934	1
5233967	1
5233999	1
5234121	1
5234143	1
5234166	1
5234365	1
5234496	1
5234512	1
5234529	1
5234564	1
5234570	1
5234598	1
5234822	1
5234846	1
5234854	1
5234881	1
5234968	1
5235003	1
5235069	1
5235133	1
5235297	1
5235337	1
5235341	1
5235386	1
5235449	1
5235473	1
5235495	1
5235518	1
5235617	1
5235644	1
5235693	1
5235707	1
5235801	1
5235813	1
5235834	1
5235867	1
5235876	1
5235966	1
5236105	1
5236141	1
5236153	1
5236164	1
5236287	1
5236304	1
5236331	1
5236421	1
5236439	1
5236450	1
5236502	1
5236516	1
5236701	1
5236728	1
5236752	1
5236776	1
5236893	1
5236906	1
5236965	1
5237249	1
5237273	1
5237284	1
5237346	1
5237425	1
5237456	1
5237548	2
5237608	1
5237621	1
5237639	1
5237833	1
5237859	1
5237900	1
5238045	1
5238099	1
5238118	1
5238131	1
5238222	1
5238316	1
5238351	1
5238373	1
5238384	1
5238447	1
5238471	1
5238508	1
5238539	1
5238577	1
5238582	1
5238610	1
5238624	1
5238636	1
5238669	1
5238691	1
5238717	1
5238838	1
5238964	1
5239033	1
5239172	1
5239360	1
5239544	1
5239593	1
5239657	1
5239679	1
5239685	1
5239827	1
5239873	1
5239895	1
5239907	1
5239919	1
5240061	1
5240116	1
5240228	1
5240280	1
5240441	1
5240453	1
5240514	1
5240663	1
5240709	1
5240869	1
5240923	1
5240957	1
5240962	1
5241009	1
5241074	1
5241150	1
5241182	1
5241320	1
5241371	1
5241392	1
5241418	1
5241457	1
5241505	1
5241564	1
5241601	1
5241667	1
5241710	1
5241755	1
5241772	1
5241846	1
5241902	1
5241951	1
5242050	1
5242082	1
5242174	1
5242183	1
5242206	1
5242233	1
5242247	1
5242300	1
5242317	1
5242552	1
5242637	1
5242784	1
5242885	1
5242896	1
5242955	1
5243007	1
5243090	1
5243137	1
5243164	1
5243186	1
5243255	1
5243269	1
5243323	1
5243408	1
5243494	1
5243527	1
5243530	1
5243595	1
5243656	1
5243701	1
5243745	1
5243858	1
5243971	1
5244049	1
5244100	1
5244266	1
5244376	1
5244436	1
5244487	1
5244546	1
5244671	1
5244692	1
5244864	1
5244870	1
5244898	1
5245085	1
5245101	1
5245145	1
5245180	1
5245216	1
5245251	1
5245295	1
5245319	1
5245555	1
5245587	1
5245639	1
5245643	1
5245650	1
5245847	1
5245975	1
5245993	1
5246005	1
5246029	1
5246122	1
5246163	1
5246231	1
5246348	1
5246355	1
5246461	1
5246511	1
5246714	1
5246759	1
5246866	1
5247003	1
5247106	1
5247188	1
5247238	1
5247305	1
5247449	1
5247473	1
5247518	1
5247596	1
5247661	1
5247801	1
5247834	1
5247845	1
5247950	1
5247966	1
5248006	1
5248014	1
5248033	1
5248065	1
5248103	1
5248205	1
5248237	1
5248253	1
5248286	1
5248298	1
5248309	1
5248428	1
5248476	1
5248526	1
5248766	1
5248849	1
5248907	1
5248919	1
5248978	1
5248981	1
5248990	1
5249123	1
5249185	1
5249351	1
5249459	2
5249488	1
5249515	1
5249521	1
5249793	2
5249842	1
5249986	1
5249998	1
5250022	1
5250046	1
5250304	1
5250331	1
5250415	1
5250421	1
5250502	1
5250530	1
5250549	1
5250683	1
5250697	1
5250701	1
5250734	1
5250889	1
5250920	1
5251076	1
5251104	1
5251219	1
5251235	1
5251263	1
5251278	1
5251406	1
5251465	2
5251577	1
5251603	1
5251726	1
5251758	1
5251789	1
5251825	1
5251912	1
5252018	1
5252079	1
5252085	1
5252176	1
5252227	1
5252268	1
5252378	1
5252411	1
5252503	1
5252524	1
5252650	1
5252770	1
5252871	1
5252989	1
5253121	1
5253232	1
5253261	1
5253347	1
5253388	1
5253392	1
5253512	1
5253553	1
5253598	1
5253601	1
5253613	1
5253645	1
5253667	2
5253676	1
5253680	1
5253807	1
5253822	1
5253878	1
5253881	1
5253949	1
5253951	1
5253968	1
5253973	1
5254064	1
5254070	1
5254122	1
5254181	1
5254204	1
5254231	1
5254296	1
5254348	1
5254417	1
5254493	1
5254556	1
5254627	1
5254673	1
5254720	1
5254771	1
5254792	1
5254843	1
5254928	1
5254952	1
5254976	1
5255103	1
5255110	1
5255124	1
5255205	1
5255229	1
5255241	1
5255309	1
5255325	1
5255383	1
5255428	1
5255480	1
5255561	1
5255618	1
5255679	1
5255766	1
5255777	1
5255794	1
5255849	1
5255868	1
5255873	1
5255922	1
5256015	1
5256043	1
5256082	1
5256125	1
5256160	1
5256206	1
5256233	1
5256545	1
5256629	1
5256637	1
5256641	1
5256686	1
5256749	1
5256773	1
5256795	1
5256896	1
5257058	1
5257116	1
5257127	1
5257195	1
5257267	1
5257276	1
5257315	1
5257321	1
5257464	1
5257506	1
5257619	1
5257646	1
5257663	1
5257760	1
5257803	1
5257855	1
5257869	1
5257979	1
5258016	1
5258100	1
5258117	2
5258126	1
5258161	1
5258175	1
5258189	1
5258215	1
5258266	1
5258282	1
5258294	1
5258301	1
5258313	1
5258424	1
5258563	1
5258606	1
5258812	1
5258837	1
5258864	1
5258974	1
5258997	1
5259010	1
5259192	1
5259209	1
5259337	1
5259341	1
5259386	2
5259468	1
5259540	1
5259557	1
5259579	1
5259585	1
5259600	1
5259626	1
5259689	1
5259693	1
5259707	1
5259828	1
5259921	1
5259943	1
5259977	1
5259982	1
5259994	1
5260060	1
5260108	1
5260115	1
5260177	1
5260194	1
5260261	1
5260289	1
5260314	1
5260371	1
5260388	1
5260537	2
5260570	1
5260676	1
5260854	1
5261024	1
5261069	1
5261072	1
5261159	1
5261211	1
5261274	1
5261370	1
5261449	1
5261579	1
5261644	1
5261735	1
5261845	1
5261977	1
5261994	1
5262033	1
5262047	1
5262110	1
5262155	1
5262264	1
5262311	1
5262434	1
5262445	1
5262476	1
5262480	1
5262544	1
5262561	1
5262593	1
5262623	1
5262696	1
5262721	1
5262802	1
5262935	1
5262978	1
5262990	1
5263034	1
5263067	1
5263131	1
5263207	1
5263219	1
5263222	1
5263246	1
5263263	1
5263278	1
5263316	1
5263373	1
5263420	1
5263465	1
5263636	1
5263669	2
5263732	1
5263970	1
5263986	1
5264008	1
5264111	1
5264160	1
5264233	1
5264271	1
5264332	1
5264419	1
5264481	1
5264605	1
5264773	1
5264784	1
5264885	1
5264955	1
5264991	1
5265027	1
5265068	1
5265158	1
5265282	1
5265352	1
5265403	1
5265647	1
5265665	1
5265671	1
5265692	1
5265757	1
5265864	1
5265898	2
5265956	1
5266023	1
5266199	1
5266227	1
5266273	1
5266284	1
5266442	1
5266483	1
5266548	1
5266555	1
5266569	1
5266643	1
5266650	1
5266666	1
5266682	1
5266741	1
5266798	1
5266806	1
5266847	1
5266865	1
5266888	1
5266917	1
5266961	1
5266993	1
5267035	1
5267054	1
5267105	1
5267137	1
5267272	2
5267291	1
5267323	1
5267340	1
5267385	1
5267396	1
5267415	1
5267443	1
5267516	1
5267527	1
5267551	1
5267568	1
5267697	1
5267875	1
5267971	1
5267992	1
5268041	1
5268070	1
5268107	1
5268135	1
5268257	1
5268324	1
5268369	1
5268387	1
5268400	1
5268444	1
5268597	1
5268616	1
5268627	1
5268706	1
5268733	1
5268771	1
5268815	1
5268882	1
5268945	1
5268976	1
5269044	1
5269151	1
5269184	1
5269201	1
5269267	1
5269315	1
5269405	1
5269437	1
5269607	1
5269635	1
5269797	1
5269803	1
5269904	1
5269979	1
5269985	1
5270037	1
5270070	2
5270279	1
5270355	1
5270369	1
5270387	1
5270400	1
5270458	1
5270475	1
5270489	1
5270509	1
5270525	1
5270542	1
5270649	1
5270714	1
5270771	2
5270808	1
5270839	1
5270882	1
5270928	1
5270980	1
5271047	1
5271065	1
5271103	1
5271187	2
5271191	1
5271205	1
5271397	1
5271575	1
5271604	1
5271679	1
5271794	1
5271868	1
5271884	1
5271907	1
5271935	1
5272024	1
5272036	1
5272072	1
5272159	1
5272165	1
5272171	1
5272211	1
5272225	1
5272238	1
5272398	1
5272402	1
5272449	1
5272468	1
5272562	1
5272617	1
5272644	1
5272661	2
5272675	1
5272689	1
5272693	1
5272707	1
5272722	1
5272746	1
5272781	1
5272828	1
5272845	1
5272876	1
5272982	1
5273027	1
5273049	1
5273117	1
5273158	1
5273313	1
5273578	1
5273659	1
5273692	1
5273812	1
5273870	1
5273911	1
5273938	1
5273956	1
5274186	1
5274210	1
5274248	1
5274396	1
5274421	1
5274443	1
5274502	1
5274609	1
5274625	1
5274660	1
5274844	1
5274861	1
5274906	1
5274947	1
5274965	1
5274992	2
5275013	1
5275052	1
5275076	1
5275080	1
5275157	1
5275219	1
5275327	1
5275384	1
5275447	1
5275465	1
5275492	1
5275577	1
5275672	2
5275687	2
5275700	1
5275744	1
5275775	1
5275838	1
5275953	1
5275970	1
5276017	1
5276308	1
5276321	1
5276429	1
5276464	1
5276486	1
5276520	1
5276547	1
5276607	1
5276622	1
5276681	1
5276725	1
5276756	1
5276855	1
5276869	1
5276872	1
5276904	1
5276962	1
5277008	1
5277050	1
5277138	1
5277220	1
5277233	1
5277271	1
5277358	1
5277422	1
5277446	1
5277599	1
5277768	1
5277818	1
5277936	1
5278060	1
5278083	1
5278166	1
5278177	1
5278200	1
5278244	1
5278261	1
5278293	1
5278333	1
5278462	1
5278505	1
5278512	1
5278553	1
5278645	1
5278703	1
5278724	1
5278755	1
5278835	1
5278968	1
5279031	1
5279057	1
5279101	1
5279134	1
5279176	1
5279202	1
5279227	1
5279295	1
5279346	1
5279381	1
5279456	1
5279591	1
5279677	1
5279729	1
5279806	1
5279993	1
5280049	1
5280051	1
5280073	1
5280126	1
5280250	1
5280472	1
5280590	1
5280606	1
5280779	1
5280841	1
5280864	1
5280974	1
5280983	1
5281031	1
5281057	1
5281101	1
5281152	1
5281199	1
5281227	1
5281249	1
5281273	1
5281284	1
5281524	1
5281548	1
5281555	1
5281621	1
5281682	1
5281741	1
5281871	1
5281932	1
5281961	1
5281989	1
5282076	1
5282123	1
5282131	1
5282508	1
5282515	1
5282539	1
5282603	1
5282691	1
5282700	1
5282744	1
5282842	1
5282883	1
5282953	1
5282970	1
5283033	1
5283071	1
5283124	1
5283169	1
5283212	1
5283264	1
5283467	1
5283480	1
5283499	1
5283526	2
5283544	1
5283561	1
5283631	1
5283679	1
5283766	1
5283777	1
5283782	1
5283827	1
5283868	1
5283873	1
5283884	1
5284026	1
5284075	1
5284350	1
5284377	1
5284405	1
5284547	1
5284635	1
5284678	1
5284803	1
5284824	1
5284979	1
5284985	1
5285150	1
5285258	1
5285293	1
5285359	1
5285371	1
5285431	1
5285479	1
5285553	1
5285570	1
5285645	1
5285652	1
5285755	1
5285807	1
5285819	1
5285863	1
5285878	1
5285916	1
5285984	1
5285995	1
5286036	2
5286091	1
5286133	1
5286209	1
5286211	1
5286329	1
5286341	2
5286364	1
5286386	1
5286398	1
5286427	1
5286449	1
5286468	1
5286484	1
5286495	1
5286504	1
5286540	1
5286617	1
5286658	1
5286778	1
5286828	1
5286880	1
5286950	1
5287310	1
5287355	1
5287400	1
5287475	1
5287525	1
5287556	1
5287583	1
5287771	1
5287894	1
5287934	1
5287952	1
5288063	1
5288090	1
5288105	1
5288203	1
5288331	1
5288340	1
5288357	1
5288379	1
5288477	1
5288482	1
5288502	1
5288516	1
5288530	1
5288595	1
5288660	1
5288697	1
5288713	1
5288858	1
5288893	1
5288906	1
5288914	1
5289015	1
5289021	1
5289077	2
5289082	1
5289125	1
5289160	1
5289197	1
5289233	1
5289247	1
5289292	1
5289375	1
5289393	1
5289407	1
5289478	1
5289534	1
5289567	1
5289612	1
5289653	1
5289664	1
5289670	1
5289768	1
5289823	1
5289885	1
5289910	2
5289936	1
5289948	1
5289987	1
5290088	1
5290229	1
5290309	1
5290476	1
5290517	1
5290604	1
5290623	1
5290631	2
5290657	1
5290802	1
5290827	1
5290963	1
5291039	1
5291050	1
5291183	1
5291206	1
5291300	1
5291358	1
5291419	1
5291422	1
5291446	1
5291478	1
5291513	1
5291534	1
5291552	1
5291567	1
5291580	1
5291773	1
5291784	1
5291804	1
5291924	1
5291936	1
5291948	1
5291987	1
5292074	1
5292150	1
5292261	1
5292485	1
5292529	1
5292645	1
5292680	1
5292703	1
5292769	1
5292822	1
5292854	1
5292863	1
5292881	1
5293152	1
5293227	1
5293307	1
5293381	1
5293390	1
5293572	1
5293643	1
5293764	1
5293814	1
5293820	1
5293892	1
5293926	2
5293944	1
5293961	1
5293975	1
5293989	1
5294003	1
5294010	1
5294114	1
5294147	1
5294209	1
5294283	1
5294312	1
5294329	1
5294364	1
5294386	1
5294398	1
5294430	1
5294449	1
5294518	1
5294540	1
5294562	1
5294617	1
5294658	1
5294781	1
5294813	1
5295090	1
5295186	1
5295210	1
5295272	1
5295318	1
5295331	1
5295551	1
5295625	1
5295728	1
5295776	1
5295800	1
5295844	1
5295959	1
5295971	1
5296076	1
5296140	1
5296196	1
5296219	1
5296246	1
5296278	1
5296316	1
5296373	1
5296414	1
5296433	1
5296465	2
5296687	1
5296717	1
5296809	1
5296811	1
5296842	1
5296912	1
5297100	1
5297158	1
5297472	1
5297487	1
5297522	1
5297812	1
5297853	1
5297942	1
5298127	1
5298195	1
5298228	1
5298280	1
5298308	1
5298366	1
5298520	1
5298592	1
5298619	1
5298690	1
5298797	1
5298824	2
5298869	1
5298887	1
5298923	1
5298957	1
5299053	1
5299070	1
5299181	1
5299223	1
5299285	1
5299355	1
5299372	1
5299475	1
5299489	1
5299668	2
5299765	1
5299792	1
5299928	1
5299934	1
5299952	1
5300097	1
5300217	1
5300388	1
5300462	1
5300512	1
5300652	1
5300748	1
5300791	1
5300890	1
5300968	2
5301069	1
5301087	1
5301106	1
5301171	1
5301209	1
5301211	1
5301225	1
5301312	1
5301337	1
5301386	1
5301473	1
5301495	1
5301504	1
5301523	1
5301531	1
5301658	1
5301746	1
5301834	1
5301908	1
5302047	1
5302059	1
5302065	1
5302191	1
5302229	1
5302253	1
5302264	1
5302311	1
5302383	1
5302397	1
5302452	1
5302476	1
5302558	1
5302593	1
5302640	1
5302766	1
5302777	1
5302794	1
5302802	1
5302868	1
5302946	1
5303118	1
5303162	1
5303207	1
5303222	1
5303246	1
5303351	1
5303368	1
5303433	2
5303550	1
5303566	1
5303700	1
5303717	2
5303744	1
5303809	1
5303874	1
5303937	1
5304050	1
5304066	1
5304156	1
5304214	1
5304247	1
5304300	1
5304419	1
5304435	1
5304446	1
5304605	1
5304641	1
5304686	1
5304773	1
5304795	1
5304903	1
5304991	1
5305016	1
5305208	1
5305277	1
5305345	1
5305380	1
5305469	1
5305491	1
5305507	1
5305546	1
5305578	1
5305590	1
5305633	1
5305659	1
5305718	1
5305796	1
5305812	1
5305841	1
5305864	1
5305942	1
5305974	1
5305983	1
5306062	1
5306101	1
5306128	1
5306251	1
5306460	1
5306474	1
5306536	1
5306608	1
5306621	1
5306694	1
5306705	1
5306786	1
5306814	1
5306871	1
5306892	1
5307236	1
5307248	1
5307287	1
5307340	1
5307362	1
5307396	1
5307408	1
5307477	1
5307660	1
5307701	1
5307826	1
5307889	1
5307947	1
5308053	1
5308086	1
5308231	1
5308240	1
5308285	1
5308296	1
5308303	1
5308426	1
5308509	1
5308511	1
5308556	1
5308574	1
5308627	1
5308651	1
5308714	1
5308733	1
5308788	1
5308894	1
5309058	1
5309102	1
5309234	1
5309276	1
5309280	1
5309299	1
5309464	1
5309470	1
5309520	1
5309565	1
5309588	1
5309592	1
5309635	1
5309646	1
5309725	1
5309887	1
5309923	1
5309940	1
5310035	1
5310046	1
5310081	1
5310129	1
5310141	1
5310153	1
5310198	1
5310272	1
5310396	1
5310415	1
5310609	1
5310728	1
5310780	1
5310889	2
5310893	1
5311118	2
5311140	1
5311254	1
5311316	1
5311368	1
5311471	1
5311521	1
5311539	1
5311594	1
5311624	1
5311672	1
5311700	1
5311717	1
5311744	1
5311758	1
5311825	1
5312096	1
5312101	1
5312227	1
5312409	1
5312442	1
5312503	1
5312536	1
5312555	1
5312572	1
5312615	1
5312650	1
5312705	1
5312932	1
5312961	1
5313038	1
5313056	1
5313121	2
5313139	1
5313143	1
5313200	1
5313232	1
5313289	1
5313423	1
5313462	1
5313485	1
5313541	1
5313553	1
5313601	1
5313724	1
5313755	1
5313772	1
5313787	1
5313819	1
5313835	1
5313930	1
5313949	2
5314146	1
5314336	1
5314538	1
5314560	2
5314765	1
5314808	1
5314821	1
5314866	1
5314877	2
5314882	1
5315014	1
5315172	1
5315205	1
5315618	1
5315631	1
5315657	1
5315679	1
5315708	1
5315802	1
5315981	1
5316008	1
5316109	1
5316259	1
5316271	1
5316317	1
5316326	1
5316361	1
5316435	1
5316552	1
5316629	1
5316664	1
5316702	1
5316727	1
5316730	1
5316751	1
5316823	1
5316879	1
5316910	1
5316987	1
5317102	1
5317116	1
5317130	1
5317149	1
5317366	1
5317405	2
5317429	1
5317441	1
5317498	1
5317514	1
5317559	1
5317622	1
5317690	1
5317711	1
5317738	1
5317742	1
5317783	1
5317824	1
5317848	1
5317904	1
5317940	1
5318051	1
5318073	1
5318215	1
5318282	1
5318334	1
5318380	1
5318399	1
5318410	1
5318469	1
5318522	1
5318578	1
5318614	1
5318659	1
5318731	1
5318796	1
5318829	1
5318870	1
5318909	1
5318911	1
5319024	1
5319048	1
5319114	1
5319147	1
5319171	1
5319256	1
5319329	2
5319386	1
5319449	2
5319557	1
5319600	1
5319632	1
5319658	1
5319675	1
5319707	1
5319746	1
5319754	1
5319778	1
5319790	1
5319867	1
5319899	1
5319908	1
5320257	1
5320303	1
5320372	1
5320400	1
5320417	1
5320525	1
5320542	1
5320556	1
5320560	1
5320574	1
5320597	1
5320651	1
5320733	1
5320839	1
5320850	1
5320877	1
5321014	1
5321020	1
5321169	1
5321172	1
5321356	1
5321413	1
5321500	1
5321544	1
5321558	1
5321631	1
5321679	2
5321794	1
5321849	1
5321963	1
5322147	1
5322159	1
5322225	1
5322274	1
5322416	1
5322518	1
5322540	1
5322579	1
5323049	1
5323126	1
5323132	1
5323144	1
5323175	1
5323328	1
5323380	1
5323399	1
5323436	1
5323472	1
5323491	1
5323507	1
5323633	1
5323762	1
5323779	1
5323796	1
5323812	1
5323898	1
5323938	1
5323983	1
5324007	1
5324063	1
5324090	1
5324203	1
5324248	1
5324304	1
5324530	1
5324734	1
5324800	1
5324826	1
5324889	1
5324893	1
5324959	1
5325001	1
5325045	1
5325104	1
5325330	1
5325351	1
5325406	1
5325471	1
5325539	1
5325594	1
5325636	1
5325691	1
5325732	1
5325761	1
5325912	1
5325964	1
5326017	1
5326032	1
5326058	1
5326093	1
5326116	1
5326201	1
5326213	1
5326299	1
5326308	1
5326321	1
5326366	1
5326498	1
5326506	1
5326533	1
5326588	1
5326622	1
5326760	1
5326797	1
5326810	1
5326887	1
5326918	1
5327050	1
5327142	1
5327156	1
5327197	1
5327220	1
5327247	1
5327300	1
5327393	1
5327419	1
5327454	1
5327490	1
5327534	1
5327605	1
5327612	1
5327629	1
5327641	1
5327749	1
5327840	1
5327879	1
5327936	1
5327991	1
5328042	1
5328056	1
5328083	1
5328121	1
5328143	1
5328182	1
5328258	1
5328371	1
5328423	1
5328440	1
5328512	1
5328598	1
5328652	1
5328772	1
5328854	1
5328863	1
5328881	1
5328916	1
5329023	1
5329096	1
5329101	1
5329128	1
5329268	1
5329284	1
5329354	1
5329390	1
5329524	1
5329548	1
5329621	1
5329820	1
5329833	1
5329989	1
5330027	1
5330068	1
5330073	1
5330084	1
5330100	1
5330221	1
5330243	1
5330301	1
5330328	1
5330345	1
5330352	1
5330380	1
5330399	1
5330403	1
5330563	1
5330590	1
5330704	1
5330718	1
5330805	1
5330837	1
5330938	1
5330956	1
5330983	1
5331128	1
5331176	1
5331216	1
5331230	1
5331354	1
5331497	1
5331510	1
5331591	1
5331741	1
5331786	1
5331814	1
5331820	1
5331847	1
5331865	1
5331892	1
5331989	1
5332013	1
5332118	1
5332157	1
5332207	1
5332246	1
5332281	1
5332351	1
5332433	1
5332465	1
5332515	1
5332566	1
5332624	1
5332648	2
5332655	1
5332838	1
5332860	1
5332905	1
5333148	1
5333229	1
5333264	1
5333270	1
5333286	1
5333342	1
5333383	1
5333397	1
5333401	1
5333428	1
5333476	1
5333589	1
5333604	1
5333618	1
5333816	1
5333868	1
5333873	1
5333919	1
5333990	1
5334026	1
5334127	1
5334130	1
5334168	1
5334201	1
5334315	1
5334453	1
5334514	1
5334520	1
5334533	1
5334571	1
5334646	1
5334836	1
5335042	1
5335056	1
5335074	1
5335108	1
5335121	1
5335139	1
5335143	1
5335232	1
5335314	1
5335359	1
5335388	1
5335564	1
5335586	1
5335613	1
5335652	1
5335699	1
5335703	1
5335736	1
5335846	1
5335916	1
5335930	1
5335973	1
5335984	1
5336024	1
5336036	1
5336055	1
5336072	1
5336087	1
5336133	1
5336165	1
5336238	1
5336242	1
5336274	1
5336283	1
5336473	1
5336523	1
5336540	1
5336600	1
5336707	1
5336719	1
5336921	1
5336939	1
5337005	1
5337122	1
5337369	1
5337511	1
5337542	1
5337630	1
5337695	1
5337759	1
5337771	1
5337808	1
5337976	1
5337999	1
5338007	1
5338304	1
5338450	1
5338494	1
5338502	1
5338568	1
5338638	1
5338656	1
5338745	1
5338826	1
5338832	1
5338988	1
5339015	2
5339111	1
5339197	1
5339206	1
5339220	1
5339259	1
5339361	1
5339389	1
5339407	1
5339463	1
5339478	1
5339576	1
5339580	1
5339653	1
5339686	1
5339751	1
5339818	1
5339840	1
5339857	1
5339885	1
5339910	1
5339936	1
5339972	1
5340123	1
5340131	1
5340140	1
5340219	1
5340351	1
5340368	1
5340373	1
5340420	1
5340447	1
5340488	1
5340508	1
5340515	1
5340648	1
5340669	2
5340811	1
5340897	1
5340937	1
5340941	1
5341089	1
5341093	1
5341173	1
5341195	1
5341213	1
5341405	1
5341453	1
5341464	1
5341470	1
5341506	1
5341533	1
5341547	1
5341592	1
5341607	1
5341635	1
5341760	1
5341869	1
5341872	1
5342002	1
5342030	1
5342051	1
5342084	1
5342095	1
5342158	1
5342221	1
5342266	1
5342294	1
5342313	1
5342334	1
5342345	1
5342352	1
5342376	1
5342380	1
5342399	1
5342487	1
5342491	1
5342507	1
5342522	1
5342535	1
5342606	1
5342671	1
5342841	1
5342853	1
5342886	1
5342925	1
5343010	1
5343188	1
5343238	1
5343260	1
5343283	1
5343337	1
5343427	1
5343449	1
5343451	1
5343495	1
5343504	1
5343531	1
5343585	1
5343693	1
5343801	1
5343813	1
5343880	1
5343899	1
5343915	1
5343939	1
5344018	1
5344096	1
5344152	1
5344363	1
5344503	1
5344536	1
5344548	1
5344694	1
5344737	1
5344786	1
5344871	1
5344917	1
5345005	1
5345029	1
5345064	1
5345086	1
5345119	1
5345122	1
5345135	1
5345163	1
5345204	1
5345223	1
5345240	1
5345257	1
5345262	1
5345303	1
5345310	1
5345324	1
5345432	1
5345556	1
5345602	1
5345651	1
5345733	1
5345771	1
5345808	1
5345821	1
5345913	1
5345928	1
5345976	1
5346014	1
5346059	1
5346124	1
5346205	1
5346241	1
5346286	1
5346311	1
5346342	1
5346356	1
5346383	1
5346452	1
5346499	1
5346544	1
5346618	1
5346623	1
5346750	1
5346827	1
5346884	1
5346907	1
5347009	1
5347056	1
5347143	1
5347150	1
5347314	1
5347404	1
5347440	1
5347529	1
5347553	1
5347586	1
5347613	1
5347676	1
5347710	1
5347736	1
5347819	1
5347835	1
5347878	1
5347930	1
5347984	1
5348142	1
5348233	1
5348247	1
5348259	1
5348288	1
5348361	1
5348389	1
5348419	1
5348463	1
5348513	1
5348545	1
5348567	1
5348629	1
5348653	1
5348698	1
5348727	1
5348784	1
5349105	1
5349112	1
5349170	1
5349255	1
5349291	1
5349357	1
5349408	1
5349421	1
5349439	1
5349502	1
5349697	1
5349844	1
5349893	1
5349920	1
5349947	1
5349965	1
5349988	1
5350010	1
5350048	1
5350055	1
5350225	1
5350518	1
5350801	1
5350876	1
5351019	1
5351054	1
5351063	1
5351081	1
5351224	1
5351323	1
5351408	1
5351421	1
5351443	1
5351530	1
5351611	1
5351625	1
5351713	1
5351745	1
5351752	1
5351776	1
5351780	1
5352005	1
5352098	1
5352107	1
5352146	1
5352218	1
5352285	1
5352296	1
5352336	1
5352426	1
5352458	1
5352509	1
5352542	1
5352597	1
5352627	1
5352673	1
5352695	1
5352808	1
5352843	1
5352850	1
5352901	1
5353026	1
5353151	1
5353168	1
5353195	1
5353228	1
5353321	1
5353405	1
5353429	1
5353437	1
5353506	1
5353520	1
5353588	1
5353622	1
5353681	1
5353690	1
5353760	1
5353797	1
5353824	1
5353848	1
5353872	2
5353887	1
5353891	1
5354169	1
5354191	1
5354205	1
5354237	1
5354452	1
5354558	1
5354640	1
5354766	1
5354816	1
5354907	1
5354990	1
5355015	1
5355021	1
5355111	1
5355125	1
5355138	1
5355142	1
5355393	1
5355422	1
5355481	1
5355528	1
5355885	1
5355936	1
5356095	1
5356158	1
5356193	1
5356221	1
5356455	1
5356692	1
5356731	1
5356740	1
5356841	1
5356870	1
5356911	1
5356938	1
5356956	1
5357076	1
5357140	1
5357235	1
5357263	1
5357515	1
5357550	1
5357577	1
5357648	1
5357860	1
5357874	1
5357897	1
5357998	1
5358062	1
5358085	1
5358101	1
5358128	1
5358180	1
5358268	1
5358354	1
5358409	1
5358456	1
5358524	1
5358608	1
5358615	1
5358677	1
5358737	1
5358786	1
5358865	1
5358989	1
5358993	1
5359115	1
5359121	1
5359150	1
5359275	1
5359485	1
5359564	1
5359570	1
5359586	1
5359699	1
5359736	1
5359755	1
5359772	1
5359835	1
5359846	1
5359878	1
5359951	1
5359968	1
5360102	1
5360168	1
5360173	1
5360184	1
5360201	1
5360366	1
5360405	1
5360453	1
5360464	1
5360565	1
5360622	1
5360678	1
5360711	1
5360797	1
5360957	1
5360985	1
5360996	1
5361025	1
5361056	1
5361060	1
5361083	1
5361115	1
5361226	1
5361232	1
5361388	1
5361392	1
5361404	1
5361479	1
5361512	1
5361541	1
5361570	1
5361598	1
5361645	1
5361676	1
5361680	1
5361769	1
5361807	1
5361822	1
5361846	1
5362008	1
5362050	1
5362077	1
5362109	1
5362174	1
5362197	1
5362233	1
5362407	1
5362419	1
5362422	1
5362446	1
5362454	1
5362501	1
5362552	1
5362580	1
5362599	1
5362773	1
5362795	1
5362818	1
5362857	1
5362955	1
5363007	1
5363054	1
5363063	1
5363137	1
5363210	1
5363323	1
5363421	1
5363443	1
5363573	1
5363734	1
5363800	1
5363832	1
5363893	1
5363906	1
5363988	1
5364215	1
5364282	1
5364301	1
5364376	1
5364436	1
5364522	1
5364535	1
5364578	1
5364620	1
5364757	1
5364841	1
5364898	1
5364942	1
5365062	1
5365101	1
5365249	1
5365268	1
5365510	1
5365524	1
5365572	1
5365615	1
5365712	1
5365729	1
5365753	2
5365786	1
5365833	1
5365865	1
5365871	1
5365917	1
5365958	1
5365961	1
5366029	1
5366135	1
5366163	1
5366178	1
5366240	2
5366324	1
5366336	1
5366417	1
5366426	1
5366458	1
5366509	1
5366574	1
5366651	1
5366668	2
5366733	2
5366843	1
5366913	1
5367055	1
5367091	1
5367133	1
5367165	1
5367209	1
5367305	1
5367337	1
5367341	1
5367364	1
5367370	1
5367468	1
5367675	1
5367801	1
5367813	1
5367867	2
5367908	1
5368088	1
5368187	1
5368237	1
5368286	1
5368338	1
5368356	1
5368383	1
5368401	1
5368428	1
5368467	1
5368500	1
5368526	1
5368544	1
5368561	1
5368604	1
5368618	1
5368662	1
5368766	1
5368802	1
5368868	1
5369001	1
5369080	1
5369099	1
5369207	1
5369235	1
5369349	1
5369368	1
5369414	1
5369515	1
5369543	1
5369550	1
5369582	1
5369636	1
5369687	1
5369691	1
5369732	1
5369744	1
5369775	1
5369838	1
5369897	1
5369912	1
5369929	1
5370033	1
5370088	1
5370092	1
5370172	1
5370191	1
5370212	1
5370360	1
5370452	1
5370480	1
5370517	1
5370782	1
5371050	1
5371111	1
5371156	1
5371160	1
5371206	1
5371233	1
5371292	1
5371326	1
5371393	1
5371407	1
5371419	1
5371435	1
5371446	1
5371552	1
5371599	1
5371670	1
5371831	1
5371862	1
5371948	1
5372200	1
5372226	1
5372306	1
5372314	1
5372347	1
5372365	1
5372388	1
5372431	1
5372485	1
5372564	1
5372680	1
5372710	1
5372736	1
5372819	1
5372854	1
5372863	1
5372995	1
5373018	1
5373101	1
5373199	1
5373268	1
5373363	1
5373438	1
5373456	1
5373608	1
5373643	1
5373712	1
5373764	1
5373786	1
5373798	1
5373865	1
5373871	1
5373888	2
5373900	1
5373917	1
5373975	1
5373989	1
5374003	1
5374024	1
5374069	1
5374087	1
5374159	1
5374165	1
5374192	1
5374274	1
5374329	1
5374353	1
5374370	1
5374427	1
5374451	1
5374504	1
5374540	1
5374596	1
5374626	1
5374746	1
5374828	1
5374915	1
5374921	1
5374939	1
5375035	1
5375129	1
5375137	1
5375210	1
5375340	1
5375362	1
5375450	1
5375466	1
5375530	1
5375625	1
5375660	1
5375674	1
5375858	1
5375914	1
5375971	1
5376028	1
5376052	1
5376067	1
5376104	1
5376123	1
5376302	1
5376368	1
5376395	1
5376433	1
5376515	1
5376550	1
5376577	1
5376669	2
5376700	1
5376744	1
5376789	1
5376842	1
5377027	1
5377073	1
5377084	1
5377095	1
5377250	1
5377313	1
5377380	1
5377403	1
5377436	1
5377448	1
5377519	1
5377590	1
5377633	1
5377692	1
5377704	1
5377762	1
5377886	1
5377956	2
5378089	1
5378127	1
5378173	1
5378276	1
5378308	1
5378394	1
5378441	1
5378588	1
5378592	1
5378635	1
5378663	1
5378678	1
5378742	1
5378783	1
5378797	1
5378810	1
5378848	2
5378855	1
5378985	1
5379012	1
5379053	1
5379086	1
5379122	2
5379190	1
5379444	1
5379461	1
5379493	1
5379651	1
5379821	1
5379850	1
5379952	1
5379999	1
5380018	1
5380085	1
5380128	2
5380268	1
5380307	1
5380425	1
5380456	1
5380536	1
5380621	1
5380677	1
5380705	1
5380871	1
5381012	1
5381053	1
5381107	1
5381135	1
5381163	1
5381181	1
5381223	1
5381240	1
5381348	1
5381432	1
5381489	1
5381538	1
5381574	1
5381583	1
5381627	1
5381668	1
5381684	1
5381714	1
5381771	1
5381792	1
5381821	1
5381843	1
5382112	1
5382129	1
5382137	1
5382170	1
5382186	1
5382210	1
5382269	2
5382272	1
5382304	2
5382318	1
5382385	1
5382450	1
5382477	2
5382527	1
5382551	1
5382625	1
5382656	1
5382752	1
5382780	1
5382826	1
5382920	1
5382933	1
5382992	1
5383008	1
5383021	1
5383066	1
5383077	1
5383082	2
5383174	1
5383206	1
5383214	1
5383375	1
5383389	1
5383478	1
5383612	1
5383653	1
5383702	1
5383749	1
5383862	1
5383936	1
5383955	1
5384001	1
5384080	1
5384131	1
5384290	1
5384459	1
5384508	1
5384521	1
5384669	1
5384860	1
5384883	1
5384937	1
5384941	1
5384970	1
5385058	1
5385061	1
5385089	1
5385102	1
5385168	1
5385195	1
5385276	1
5385366	1
5385377	1
5385429	1
5385514	1
5385533	1
5385622	1
5385646	1
5385654	1
5385678	1
5385681	1
5385824	1
5385855	1
5385872	1
5385891	1
5385904	1
5386056	1
5386108	1
5386258	1
5386293	1
5386320	1
5386333	1
5386347	1
5386388	1
5386586	1
5386680	1
5386769	1
5386772	1
5386787	1
5386819	1
5386863	1
5386890	1
5386902	1
5386916	1
5386973	1
5387020	1
5387065	1
5387270	1
5387309	1
5387445	1
5387544	1
5387589	1
5387593	1
5387679	1
5387685	1
5387721	1
5387739	1
5387766	1
5387849	1
5387907	1
5387935	1
5387990	1
5388106	1
5388165	1
5388171	1
5388329	1
5388353	1
5388430	1
5388484	1
5388531	1
5388579	1
5388675	1
5388746	1
5388845	1
5388982	1
5389221	1
5389266	1
5389380	1
5389455	1
5389472	2
5389522	1
5389590	1
5389665	1
5389740	1
5389796	1
5389870	1
5389909	1
5389911	1
5389938	1
5389956	1
5390015	1
5390043	1
5390183	1
5390233	1
5390247	1
5390300	1
5390326	1
5390435	1
5390463	1
5390481	1
5390501	1
5390545	1
5390567	1
5390599	1
5390768	1
5390879	1
5390948	1
5390969	1
5391144	1
5391215	1
5391282	1
5391334	1
5391380	1
5391581	1
5391606	1
5391633	1
5391688	1
5391740	1
5391762	1
5391785	1
5391812	1
5391829	1
5391925	1
5391942	1
5391960	1
5392093	1
5392102	1
5392151	2
5392168	1
5392201	1
5392321	1
5392520	1
5392533	1
5392565	1
5392646	1
5392709	1
5392711	1
5392872	1
5392887	1
5392931	1
5392985	1
5393029	1
5393163	1
5393178	1
5393285	1
5393458	1
5393489	1
5393525	1
5393583	1
5393695	1
5393733	1
5393771	1
5393808	1
5393821	1
5393952	1
5393976	1
5394038	1
5394056	1
5394320	1
5394431	1
5394586	1
5394598	1
5394680	1
5394699	1
5394736	2
5394769	1
5394863	1
5394902	1
5394916	1
5395312	1
5395402	1
5395632	1
5395754	1
5395867	1
5395915	1
5396007	1
5396046	1
5396090	1
5396112	1
5396129	1
5396153	1
5396248	1
5396439	1
5396466	1
5396502	1
5396516	1
5396584	1
5396611	1
5396642	1
5396674	1
5396844	1
5396889	1
5396893	1
5396906	1
5396914	1
5396920	1
5396933	2
5397004	1
5397031	1
5397101	1
5397227	1
5397251	1
5397273	1
5397322	1
5397438	1
5397497	1
5397503	1
5397555	1
5397591	1
5397608	1
5397621	1
5397694	1
5397729	1
5397764	1
5397806	1
5397833	1
5397892	1
5397917	1
5398001	1
5398099	1
5398162	1
5398179	1
5398196	1
5398222	1
5398254	1
5398290	1
5398330	1
5398349	1
5398351	1
5398373	1
5398459	1
5398465	1
5398492	1
5398543	1
5398550	1
5398582	1
5398603	1
5398672	1
5398732	1
5398744	1
5398758	1
5399092	1
5399103	1
5399298	1
5399311	1
5399338	1
5399342	1
5399467	1
5399476	1
5399480	1
5399517	1
5399558	1
5399640	1
5399679	1
5399708	1
5399794	1
5399895	1
5399907	1
5399946	1
5399954	1
5399981	1
5400018	1
5400057	1
5400085	1
5400113	1
5400180	1
5400202	1
5400249	1
5400295	1
5400307	1
5400363	1
5400378	1
5400483	1
5400524	1
5400548	1
5400712	1
5400753	1
5400786	1
5400814	1
5400820	1
5400917	2
5400958	1
5401098	1
5401122	1
5401231	1
5401240	1
5401310	1
5401369	1
5401400	1
5401444	1
5401509	1
5401556	1
5401560	1
5401616	1
5401649	1
5401733	1
5401747	1
5401843	1
5401913	1
5402007	1
5402164	1
5402210	1
5402224	1
5402291	1
5402304	1
5402340	1
5402362	1
5402396	1
5402415	1
5402584	1
5402660	1
5402674	1
5402776	1
5402780	1
5402799	1
5402992	1
5403043	1
5403156	1
5403317	1
5403463	2
5403534	1
5403599	1
5403612	1
5403641	1
5403698	1
5403727	1
5403751	1
5403795	1
5403903	1
5403910	1
5403972	1
5403991	1
5404080	1
5404207	1
5404246	1
5404302	1
5404373	1
5404414	1
5404420	1
5404447	1
5404515	1
5404566	1
5404624	1
5404744	1
5404825	1
5404838	1
5404860	1
5404874	1
5404883	1
5404937	1
5404941	1
5404986	1
5405102	1
5405151	1
5405315	1
5405321	1
5405339	1
5405366	1
5405405	1
5405514	1
5405547	1
5405742	1
5405756	1
5405783	1
5405803	1
5405810	1
5405957	1
5406025	1
5406074	1
5406182	1
5406293	1
5406333	1
5406440	1
5406512	2
5406529	1
5406564	1
5406570	1
5406791	1
5406835	1
5406863	1
5406949	1
5407020	1
5407033	1
5407088	1
5407110	1
5407124	1
5407155	1
5407169	1
5407187	1
5407241	1
5407270	1
5407325	1
5407360	1
5407452	1
5407517	1
5407561	1
5407604	2
5407631	1
5407708	1
5407777	1
5407782	1
5407794	1
5408106	1
5408114	1
5408274	1
5408312	1
5408337	1
5408427	1
5408430	1
5408518	1
5408585	1
5408596	1
5408626	1
5408632	1
5408707	1
5408781	1
5408834	1
5408867	1
5408966	1
5408977	1
5409027	1
5409126	1
5409352	1
5409472	1
5409554	1
5409590	1
5409614	1
5409620	1
5409647	1
5409740	1
5409841	1
5409911	1
5409960	1
5410047	1
5410088	1
5410092	1
5410136	1
5410237	1
5410270	1
5410298	1
5410413	1
5410467	1
5410500	1
5410532	1
5410589	1
5410604	1
5410662	1
5410708	1
5410715	1
5410743	1
5410816	1
5410919	1
5410954	1
5411015	1
5411050	1
5411138	1
5411156	1
5411206	1
5411247	1
5411259	1
5411271	1
5411332	1
5411419	1
5411422	1
5411463	1
5411576	1
5411599	1
5411686	1
5411702	1
5411749	1
5411768	1
5411857	1
5411896	1
5412244	1
5412314	1
5412601	1
5412634	1
5412667	1
5412680	1
5412699	1
5412710	1
5412772	1
5412807	1
5412819	1
5412854	1
5412902	1
5412949	1
5412984	1
5412995	1
5413085	1
5413425	1
5413442	1
5413456	1
5413510	1
5413608	1
5413639	1
5413753	1
5413888	1
5413892	1
5413975	1
5414010	1
5414069	1
5414072	1
5414171	1
5414238	1
5414242	1
5414341	1
5414353	1
5414427	1
5414451	1
5414473	1
5414557	1
5414579	1
5414585	1
5414600	1
5414746	1
5414790	1
5414828	1
5414982	1
5415170	1
5415304	1
5415477	1
5415527	1
5415551	1
5415752	1
5415844	1
5415914	1
5416080	1
5416099	1
5416118	1
5416131	1
5416368	1
5416406	1
5416433	1
5416488	1
5416521	1
5416566	1
5416594	1
5416669	1
5416717	1
5416732	1
5416809	1
5416842	1
5416883	1
5416929	1
5416937	1
5417084	1
5417095	1
5417100	1
5417132	1
5417221	1
5417282	1
5417294	1
5417455	1
5417472	1
5417487	1
5417554	1
5417563	1
5417581	1
5417723	1
5417837	1
5417841	1
5417853	1
5417938	1
5418017	1
5418075	1
5418093	1
5418116	1
5418184	1
5418195	1
5418228	1
5418366	1
5418453	1
5418464	1
5418498	1
5418607	1
5418619	1
5418681	1
5418738	1
5418923	1
5418996	1
5419098	1
5419119	1
5419190	1
5419262	1
5419324	1
5419336	1
5419475	1
5419597	1
5419673	1
5419866	1
5419913	1
5420171	1
5420192	1
5420256	1
5420398	1
5420523	1
5420562	1
5420585	1
5420600	1
5420617	1
5420675	1
5420707	1
5420754	1
5420778	1
5420790	1
5420845	1
5420908	1
5420915	2
5420943	1
5420982	1
5421022	1
5421046	1
5421164	1
5421170	1
5421203	1
5421210	1
5421269	1
5421272	1
5421304	1
5421584	1
5421609	1
5421728	1
5421799	1
5421844	1
5421889	1
5422070	2
5422154	1
5422190	1
5422223	1
5422400	1
5422475	1
5422511	1
5422574	1
5422714	1
5422759	1
5422843	1
5422866	1
5422901	1
5422928	1
5422980	1
5423017	1
5423058	1
5423130	1
5423151	1
5423276	1
5423412	1
5423437	1
5423486	1
5423498	1
5423559	1
5423565	1
5423588	1
5423663	1
5423742	1
5423783	1
5423887	2
5423923	1
5424020	2
5424148	1
5424187	1
5424360	1
5424383	1
5424413	1
5424434	1
5424467	1
5424499	1
5424662	1
5424715	1
5424743	1
5424873	1
5424884	1
5424919	1
5424922	1
5424981	1
5425156	1
5425160	1
5425174	1
5425197	1
5425422	1
5425545	1
5425612	1
5425653	1
5425818	1
5425896	1
5425910	1
5425972	1
5425987	1
5426027	1
5426030	1
5426051	1
5426084	1
5426158	1
5426239	1
5426266	1
5426403	1
5426578	1
5426581	1
5426614	1
5426659	1
5426829	1
5426853	1
5426864	1
5427001	2
5427028	1
5427076	1
5427123	1
5427157	1
5427222	1
5427330	1
5427349	1
5427492	1
5427539	1
5427543	1
5427566	1
5427603	1
5427669	1
5427732	1
5427811	1
5427941	1
5427953	1
5427970	1
5428031	1
5428096	1
5428101	1
5428145	1
5428152	1
5428202	1
5428249	1
5428284	1
5428319	1
5428425	1
5428497	1
5428555	1
5428591	1
5428639	1
5428888	1
5428892	1
5428917	1
5429011	1
5429074	1
5429115	1
5429143	1
5429275	1
5429359	1
5429570	1
5429586	1
5429645	1
5429680	1
5429699	1
5429822	1
5429968	1
5430184	1
5430201	1
5430252	1
5430308	1
5430315	1
5430437	1
5430453	1
5430464	1
5430506	1
5430514	1
5430520	1
5430533	1
5430654	1
5430663	1
5430678	1
5430756	1
5430891	1
5430918	1
5430996	1
5431060	1
5431139	1
5431359	1
5431392	1
5431404	1
5431431	1
5431462	1
5431724	1
5431819	1
5431930	1
5432015	1
5432094	1
5432361	1
5432407	1
5432481	1
5432513	1
5432528	1
5432552	1
5432605	1
5432670	1
5432727	1
5432730	1
5432823	1
5432840	1
5432885	1
5433019	1
5433105	2
5433129	1
5433248	1
5433340	1
5433439	1
5433443	1
5433450	1
5433527	1
5433638	1
5433713	1
5433728	1
5433776	1
5433799	1
5433826	1
5433947	1
5434002	1
5434208	1
5434294	1
5434328	1
5434380	1
5434472	1
5434522	1
5434718	1
5434796	1
5434805	1
5434864	1
5434870	1
5435145	1
5435216	1
5435251	1
5435273	1
5435295	1
5435307	1
5435425	1
5435456	1
5435460	1
5435536	1
5435572	1
5435621	1
5435705	1
5435806	1
5435847	1
5435871	2
5435944	1
5435961	1
5435975	1
5435989	1
5436098	1
5436154	1
5436218	1
5436223	1
5436257	1
5436296	1
5436336	1
5436387	1
5436475	1
5436630	1
5436733	1
5436843	1
5436850	1
5436866	1
5436882	1
5436901	1
5437048	1
5437087	1
5437120	1
5437274	1
5437341	1
5437370	1
5437468	1
5437585	1
5437658	1
5437675	1
5437943	1
5438169	1
5438325	1
5438338	1
5438413	1
5438428	1
5438467	1
5438500	1
5438662	1
5438715	1
5438739	1
5438777	1
5438884	1
5438978	1
5438981	1
5439001	1
5439123	1
5439140	1
5439330	1
5439420	1
5439543	1
5439582	1
5439655	1
5439672	1
5439700	1
5439726	1
5439744	1
5439789	1
5439842	1
5439860	1
5439937	1
5439941	1
5440015	1
5440077	1
5440082	1
5440094	1
5440174	1
5440206	1
5440214	1
5440233	2
5440265	1
5440271	1
5440300	1
5440545	1
5440686	1
5440702	1
5440727	1
5440773	1
5440862	1
5440879	1
5440903	1
5440936	1
5440991	1
5441016	1
5441100	1
5441117	1
5441126	1
5441175	1
5441193	1
5441221	1
5441243	1
5441266	1
5441277	1
5441352	1
5441469	1
5441546	1
5441590	1
5441665	1
5441688	2
5441837	1
5441864	1
5441898	1
5441983	1
5442075	1
5442149	1
5442195	1
5442234	1
5442377	1
5442412	1
5442464	1
5442520	1
5442571	1
5442607	1
5442619	1
5442690	1
5442848	1
5442872	1
5443053	1
5443086	1
5443122	1
5443204	1
5443231	1
5443262	1
5443336	1
5443651	1
5443673	1
5443684	1
5443714	1
5443720	1
5443747	1
5443792	1
5443808	1
5443866	1
5443894	2
5443901	1
5443980	1
5444121	1
5444177	1
5444226	1
5444244	1
5444306	2
5444479	1
5444512	1
5444541	1
5444699	1
5444703	1
5444787	1
5444822	1
5444984	1
5444995	1
5445072	1
5445114	1
5445209	1
5445238	1
5445297	1
5445312	1
5445427	1
5445430	1
5445495	1
5445523	1
5445596	1
5445658	1
5445735	1
5445763	1
5445908	1
5445921	1
5446236	1
5446439	1
5446502	1
5446638	1
5446674	1
5446683	1
5446799	1
5446826	1
5446889	1
5446920	1
5446959	1
5447018	1
5447023	1
5447040	1
5447057	1
5447062	1
5447227	1
5447354	1
5447524	1
5447548	1
5447621	1
5447682	1
5447737	1
5447753	1
5447764	1
5447798	1
5447814	1
5447888	1
5447900	1
5447917	1
5447944	1
5447993	1
5448034	1
5448104	1
5448118	1
5448162	2
5448196	1
5448219	1
5448290	1
5448302	1
5448406	1
5448488	1
5448543	1
5448655	1
5448687	1
5448726	1
5448744	1
5448761	1
5448809	1
5448825	1
5448874	1
5448941	1
5448986	1
5449014	1
5449020	1
5449033	1
5449092	1
5449237	1
5449253	1
5449309	1
5449311	1
5449356	1
5449476	1
5449827	1
5449830	1
5449851	1
5449907	1
5449935	1
5449954	1
5450005	1
5450041	1
5450163	1
5450348	1
5450369	1
5450372	1
5450475	1
5450583	1
5450649	1
5450668	1
5450684	1
5450747	1
5450759	1
5450765	1
5450808	1
5451047	1
5451124	1
5451191	1
5451237	1
5451298	1
5451374	1
5451383	1
5451452	1
5451480	1
5451500	1
5451558	1
5451575	1
5451604	1
5451685	1
5451721	1
5451739	1
5451743	1
5451849	1
5451884	1
5451922	1
5452010	1
5452072	1
5452087	1
5452171	1
5452188	1
5452225	1
5452242	1
5452329	1
5452468	1
5452504	1
5452531	1
5452585	1
5452626	1
5452632	1
5452689	1
5452746	1
5452801	1
5452828	1
5452834	1
5452908	1
5452943	1
5452977	1
5453030	1
5453073	1
5453126	1
5453144	1
5453208	1
5453221	1
5453266	1
5453282	1
5453313	1
5453352	1
5453436	1
5453448	1
5453886	1
5453898	1
5453911	1
5454022	1
5454035	1
5454078	1
5454112	1
5454203	1
5454210	1
5454224	1
5454255	1
5454287	1
5454331	1
5454340	1
5454385	1
5454396	1
5454466	1
5454477	1
5454656	1
5454701	1
5454767	1
5454844	1
5455162	1
5455246	1
5455254	1
5455290	1
5455330	1
5455349	1
5455373	1
5455384	1
5455414	1
5455433	1
5455447	1
5455465	1
5455471	1
5455672	1
5455687	1
5455775	1
5455874	1
5455897	1
5455941	1
5455986	1
5456032	1
5456044	1
5456102	1
5456116	1
5456151	1
5456184	1
5456213	1
5456280	1
5456315	1
5456321	1
5456339	1
5456394	1
5456514	1
5456607	1
5456681	1
5456797	1
5456803	1
5456836	1
5456887	1
5456904	1
5456931	1
5457021	1
5457043	1
5457066	1
5457125	1
5457160	1
5457247	1
5457344	1
5457407	1
5457454	1
5457481	1
5457545	1
5457552	1
5457576	1
5457641	1
5457784	1
5457840	1
5457857	1
5457903	1
5457948	1
5458038	1
5458083	1
5458097	1
5458261	2
5458320	1
5458365	1
5458388	1
5458485	1
5458601	1
5458680	1
5458772	1
5458807	1
5458984	1
5459023	1
5459113	1
5459145	1
5459152	1
5459268	2
5459322	1
5459378	1
5459381	1
5459456	1
5459555	1
5459729	1
5459871	1
5459961	1
5460002	1
5460051	2
5460126	1
5460243	1
5460266	1
5460294	1
5460455	2
5460507	1
5460535	1
5460581	1
5460620	1
5460723	1
5460909	2
5460911	1
5460960	1
5461040	1
5461284	1
5461381	1
5461442	1
5461474	1
5461497	1
5461536	1
5461587	1
5461737	1
5461958	1
5462001	1
5462013	1
5462162	1
5462196	1
5462207	1
5462459	1
5462492	1
5462508	1
5462539	1
5462550	1
5462624	1
5462669	1
5462775	1
5462789	1
5462793	2
5462838	1
5462860	1
5462874	1
5462912	1
5462986	1
5462998	1
5463103	1
5463169	1
5463229	1
5463270	1
5463311	1
5463356	1
5463374	1
5463383	1
5463452	1
5463476	1
5463480	1
5463623	1
5463662	1
5463685	1
5463739	1
5463766	1
5463782	1
5463794	1
5463907	1
5463946	1
5464026	1
5464044	1
5464058	1
5464061	1
5464116	1
5464127	1
5464173	1
5464195	1
5464201	1
5464234	1
5464267	1
5464299	1
5464339	1
5464350	1
5464394	1
5464405	1
5464498	1
5464514	1
5464681	1
5464690	1
5464824	1
5464869	1
5464887	1
5464957	1
5464996	1
5465025	1
5465056	1
5465083	1
5465139	1
5465194	1
5465314	1
5465440	1
5465505	1
5465541	1
5465553	1
5465564	1
5465570	1
5465634	1
5465807	1
5465819	1
5465878	1
5465949	1
5465995	1
5466036	1
5466048	1
5466087	1
5466106	1
5466133	1
5466159	1
5466188	1
5466337	1
5466370	1
5466398	2
5466484	1
5466531	1
5466540	1
5466617	1
5466658	1
5466661	1
5466693	1
5466834	1
5466852	1
5466921	1
5466966	1
5466977	1
5466982	1
5467107	1
5467190	1
5467262	1
5467324	1
5467444	1
5467560	1
5467759	1
5467866	1
5467980	1
5468105	1
5468186	1
5468224	1
5468236	1
5468362	1
5468415	1
5468421	1
5468443	1
5468466	1
5468568	1
5468573	1
5468584	1
5468595	1
5468642	1
5468776	1
5468780	1
5468826	1
5468861	1
5468906	1
5468992	1
5469050	1
5469094	1
5469111	1
5469156	1
5469247	1
5469292	1
5469326	1
5469407	1
5469490	1
5469501	1
5469528	1
5469664	1
5469716	1
5469768	1
5469831	1
5469936	1
5469987	1
5470007	1
5470287	1
5470318	1
5470331	1
5470379	1
5470450	2
5470477	1
5470502	1
5470660	1
5470697	1
5470752	1
5470780	1
5470817	1
5470889	1
5470933	1
5470988	1
5471067	2
5471162	1
5471207	1
5471219	1
5471222	1
5471290	1
5471351	1
5471672	1
5471717	1
5471726	1
5472004	1
5472018	1
5472085	1
5472128	1
5472176	2
5472202	1
5472378	1
5472456	1
5472712	1
5472888	1
5472900	1
5472958	1
5472961	1
5472975	1
5473009	1
5473042	1
5473074	1
5473108	1
5473143	1
5473166	1
5473200	1
5473258	1
5473261	1
5473275	1
5473320	1
5473388	1
5473462	1
5473496	1
5473541	1
5473570	1
5473613	1
5473769	1
5473819	1
5473854	1
5473890	1
5473916	1
5473949	1
5474005	1
5474086	1
5474119	1
5474285	1
5474324	1
5474426	1
5474458	1
5474461	1
5474475	1
5474525	1
5474706	1
5474720	1
5474733	1
5474821	1
5474901	1
5474952	1
5474999	1
5475092	1
5475124	1
5475212	1
5475311	1
5475374	1
5475544	1
5475561	1
5475618	2
5475623	1
5475631	1
5475640	1
5475657	1
5475715	1
5475766	1
5475816	1
5476111	1
5476156	1
5476206	1
5476233	1
5476271	1
5476344	1
5476389	1
5476419	1
5476435	1
5476490	1
5476528	1
5476599	1
5476605	1
5476612	1
5476641	1
5476716	1
5476727	1
5476823	1
5476924	1
5476987	1
5477149	1
5477234	1
5477350	1
5477394	2
5477412	1
5477470	1
5477514	1
5477520	1
5477547	1
5477559	1
5477571	1
5477622	1
5477738	1
5477810	1
5477836	1
5477979	1
5478068	1
5478132	1
5478161	1
5478175	1
5478208	1
5478215	1
5478243	1
5478328	1
5478376	1
5478410	1
5478487	1
5478578	1
5478614	1
5478620	1
5478647	1
5478688	1
5478731	1
5478740	1
5478762	1
5478785	1
5478837	1
5478864	1
5478886	1
5478983	2
5479106	1
5479120	1
5479165	1
5479238	1
5479274	1
5479312	1
5479353	1
5479386	1
5479427	1
5479473	1
5479484	1
5479523	1
5479562	1
5479579	1
5479585	1
5479596	1
5479644	1
5479661	1
5479707	1
5479790	1
5479813	1
5479834	1
5479921	1
5479939	1
5479994	2
5480011	1
5480038	1
5480060	1
5480115	1
5480244	1
5480418	1
5480553	1
5480586	1
5480652	1
5480699	1
5480755	1
5480769	1
5480916	1
5481024	1
5481091	1
5481106	1
5481133	1
5481188	1
5481256	1
5481370	1
5481468	1
5481531	1
5481617	1
5481644	1
5481707	1
5481790	1
5481828	1
5481845	1
5481977	1
5482065	1
5482155	1
5482205	1
5482270	1
5482383	1
5482467	1
5482618	1
5482631	1
5482640	1
5482657	1
5482679	1
5482935	1
5482963	1
5482990	1
5483034	1
5483067	1
5483104	1
5483246	1
5483263	1
5483290	1
5483351	1
5483539	1
5483566	1
5483610	1
5483624	1
5483744	1
5483758	1
5483811	1
5483838	1
5483883	1
5483905	1
5484138	1
5484220	1
5484422	2
5484567	1
5484605	2
5484641	1
5484670	1
5484686	1
5484795	1
5484804	1
5484885	1
5484955	1
5484972	2
5484991	1
5485002	1
5485051	1
5485132	1
5485193	1
5485345	1
5485352	1
5485399	1
5485424	1
5485472	1
5485606	1
5485688	1
5485731	1
5485812	1
5485829	1
5485911	1
5485942	1
5485983	1
5485997	1
5486023	1
5486031	1
5486128	1
5486152	1
5486176	1
5486180	1
5486230	1
5486284	1
5486346	1
5486354	1
5486425	1
5486442	1
5486460	1
5486483	1
5486497	1
5486569	2
5486615	1
5486621	1
5486677	1
5486682	1
5486729	1
5486786	1
5486847	1
5486917	1
5486975	1
5486989	1
5487046	1
5487054	1
5487198	1
5487323	1
5487362	1
5487379	1
5487408	1
5487450	2
5487477	1
5487502	2
5487551	1
5487713	1
5487745	1
5487752	1
5487920	2
5487933	1
5487959	1
5487965	1
5488012	1
5488041	1
5488053	1
5488119	1
5488178	1
5488181	1
5488240	1
5488303	1
5488355	1
5488372	1
5488400	1
5488444	1
5488511	1
5488556	1
5488574	2
5488602	1
5488651	1
5488733	1
5488928	1
5489032	1
5489102	1
5489149	1
5489151	1
5489267	1
5489299	2
5489405	1
5489429	1
5489559	1
5489622	1
5489887	1
5489904	1
5489923	1
5489931	1
5490067	1
5490099	1
5490196	1
5490263	1
5490420	1
5490543	1
5490691	1
5490717	1
5490789	1
5490874	1
5490964	1
5491000	1
5491127	1
5491168	1
5491213	1
5491234	1
5491276	1
5491315	1
5491382	2
5491441	1
5491464	1
5491470	1
5491663	1
5491709	1
5491725	1
5491848	1
5491869	1
5491940	1
5491962	1
5492068	1
5492126	1
5492161	1
5492239	1
5492266	1
5492334	1
5492367	1
5492399	1
5492487	1
5492665	1
5492723	1
5492757	1
5492805	1
5493171	1
5493238	1
5493305	1
5493402	1
5493468	1
5493484	1
5493600	1
5493626	1
5493632	1
5493689	1
5493735	1
5493813	1
5493867	1
5493880	1
5493939	1
5494057	1
5494134	1
5494319	1
5494378	2
5494381	1
5494409	1
5494425	1
5494497	1
5494510	1
5494770	1
5494961	1
5494975	1
5495122	1
5495135	1
5495181	1
5495240	1
5495296	1
5495348	1
5495355	1
5495475	1
5495493	1
5495684	1
5495695	1
5495934	1
5495999	1
5496110	1
5496136	2
5496172	1
5496241	1
5496309	1
5496325	1
5496356	1
5496374	1
5496480	1
5496526	1
5496532	1
5496558	1
5496589	2
5496631	1
5496685	1
5496739	1
5496750	1
5496782	1
5496816	1
5496827	1
5496830	1
5496935	1
5496963	1
5496978	1
5497038	1
5497042	1
5497143	1
5497200	1
5497258	1
5497320	1
5497333	1
5497365	1
5497388	1
5497496	1
5497512	1
5497586	1
5497822	1
5497846	1
5497881	1
5497930	1
5497968	2
5498015	1
5498043	1
5498247	1
5498271	1
5498300	1
5498326	1
5498375	1
5498435	1
5498481	1
5498567	2
5498702	1
5498716	1
5498727	1
5498730	1
5498795	1
5498804	1
5498831	1
5498862	1
5498885	1
5498910	1
5499129	1
5499153	1
5499198	1
5499236	1
5499255	1
5499269	1
5499287	1
5499385	1
5499408	1
5499439	1
5499502	1
5499551	1
5499573	1
5499625	1
5499660	1
5499780	1
5499826	1
5499889	1
5499933	1
5499947	2
5500022	1
5500046	1
5500063	1
5500105	1
5500129	1
5500224	1
5500236	1
5500304	1
5500318	1
5500331	1
5500340	1
5500396	1
5500439	1
5500443	1
5500502	1
5500584	1
5500611	1
5500660	1
5500674	1
5500776	1
5500780	1
5500800	1
5500817	1
5500826	1
5500947	1
5500965	1
5500971	1
5501001	1
5501034	1
5501140	1
5501157	1
5501515	1
5501582	1
5501726	1
5501775	1
5501856	1
5501874	1
5502101	1
5502180	1
5502199	1
5502202	1
5502216	1
5502249	1
5502390	1
5502442	1
5502510	1
5502587	1
5502615	1
5502639	1
5502682	1
5502694	1
5502753	1
5502798	1
5502806	1
5502932	1
5502993	1
5503042	1
5503108	1
5503143	1
5503150	1
5503261	1
5503423	1
5503479	1
5503570	1
5503598	1
5503680	2
5503710	1
5503748	1
5503807	1
5503968	1
5504012	1
5504070	1
5504119	1
5504122	1
5504154	1
5504178	1
5504190	1
5504391	1
5504432	1
5504493	1
5504542	1
5504556	1
5504651	1
5504668	1
5504673	1
5504714	1
5504733	1
5504765	1
5504815	1
5504839	1
5504850	1
5504894	1
5504913	2
5504980	1
5505103	1
5505124	1
5505205	1
5505253	1
5505342	1
5505356	1
5505397	1
5505413	1
5505434	1
5505589	1
5505618	1
5505721	1
5505782	1
5505851	1
5505922	1
5505981	1
5506039	1
5506050	1
5506094	1
5506156	1
5506183	1
5506259	1
5506389	1
5506576	1
5506605	1
5506637	1
5506702	1
5506730	1
5506749	1
5506768	1
5506804	1
5506818	1
5506831	1
5506903	1
5506972	1
5507058	1
5507168	1
5507173	1
5507276	1
5507299	1
5507429	1
5507464	1
5507520	1
5507565	1
5507619	1
5507663	1
5507742	1
5507756	1
5507783	1
5507836	1
5507931	1
5508016	1
5508068	1
5508073	1
5508158	1
5508193	1
5508221	1
5508266	1
5508277	1
5508491	1
5508554	1
5508578	1
5508581	1
5508659	1
5508665	1
5508671	1
5508692	1
5508731	1
5508837	1
5508841	1
5508870	1
5508886	1
5508898	1
5509091	1
5509114	1
5509165	1
5509238	1
5509283	1
5509329	1
5509353	1
5509473	1
5509632	1
5509658	1
5509719	1
5509722	1
5509834	1
5509876	1
5509915	1
5509939	1
5510017	1
5510075	1
5510093	1
5510102	1
5510116	1
5510184	1
5510252	1
5510315	1
5510350	1
5510382	1
5510394	1
5510405	1
5510412	1
5510429	1
5510441	1
5510464	1
5510486	1
5510619	1
5510654	1
5510690	1
5510760	1
5510855	1
5510996	1
5511038	1
5511121	1
5511139	1
5511226	1
5511261	1
5511333	1
5511347	1
5511431	1
5511485	1
5511724	1
5511791	1
5511854	1
5511890	1
5511968	1
5512021	1
5512050	1
5512109	1
5512125	1
5512300	1
5512358	2
5512407	1
5512435	1
5512446	1
5512454	1
5512481	1
5512552	1
5512576	1
5512605	1
5512637	1
5512831	1
5512857	1
5512862	1
5512910	1
5512948	1
5513019	1
5513090	1
5513236	1
5513248	1
5513272	1
5513340	1
5513379	1
5513439	1
5513482	1
5513516	1
5513527	1
5513551	1
5513625	1
5513674	1
5513697	1
5513701	1
5513734	1
5513799	1
5513817	1
5513826	1
5513832	1
5513858	1
5513988	1
5514030	1
5514161	1
5514175	1
5514239	1
5514243	1
5514282	1
5514367	2
5514376	1
5514424	1
5514436	1
5514472	1
5514487	1
5514519	1
5514522	1
5514546	1
5514578	1
5514665	1
5514671	1
5514723	1
5514762	1
5514779	1
5514983	1
5515085	1
5515096	1
5515152	1
5515167	1
5515230	1
5515249	1
5515251	1
5515268	1
5515346	1
5515390	1
5515438	1
5515460	1
5515510	1
5515572	1
5515621	1
5515639	1
5515650	1
5515666	1
5515712	1
5515770	1
5515806	1
5515814	1
5515859	1
5515888	1
5516070	1
5516231	1
5516240	1
5516285	1
5516538	1
5516651	1
5516792	1
5516850	1
5516976	1
5517010	1
5517091	1
5517192	1
5517242	1
5517364	1
5517427	1
5517449	1
5517473	1
5517495	1
5517504	1
5517562	1
5517600	1
5517658	1
5517722	1
5517801	1
5517845	1
5517880	1
5517915	1
5517921	1
5518006	1
5518020	1
5518033	2
5518092	1
5518148	1
5518187	1
5518270	2
5518309	1
5518434	1
5518467	1
5518480	1
5518526	1
5518575	1
5518631	1
5518657	1
5518721	1
5518739	1
5518743	1
5518830	1
5518873	1
5518895	1
5518981	1
5519034	1
5519045	1
5519067	1
5519080	1
5519131	1
5519290	1
5519603	1
5519744	1
5519842	1
5519883	1
5519905	1
5519970	1
5520100	1
5520117	1
5520193	1
5520215	1
5520399	1
5520424	2
5520436	1
5520469	2
5520519	1
5520546	1
5520581	1
5520606	1
5520671	1
5520796	1
5520864	1
5520925	1
5520983	1
5520997	1
5521004	1
5521040	1
5521152	1
5521199	1
5521251	1
5521425	1
5521536	1
5521572	1
5521591	1
5521694	2
5521741	1
5521786	1
5521859	1
5521865	1
5522001	1
5522045	1
5522140	1
5522162	1
5522196	1
5522235	1
5522281	1
5522459	1
5522465	1
5522508	1
5522521	1
5522543	1
5522550	1
5522566	1
5522582	1
5522672	1
5522717	1
5522732	1
5522761	1
5522874	1
5522941	1
5523006	1
5523071	1
5523088	1
5523148	1
5523155	1
5523191	1
5523205	1
5523325	1
5523374	1
5523500	1
5523558	1
5523631	1
5523640	1
5523657	1
5523685	1
5523708	2
5523715	1
5523721	1
5523739	1
5523750	1
5523802	1
5523849	1
5523873	1
5524127	2
5524130	1
5524151	1
5524184	2
5524201	1
5524377	1
5524565	1
5524622	1
5524756	1
5524797	1
5524855	1
5525009	1
5525042	1
5525115	1
5525365	1
5525371	1
5525457	1
5525479	1
5525553	1
5525570	1
5525613	1
5525645	1
5525680	1
5525710	1
5525787	1
5525791	1
5525846	1
5525951	1
5526072	1
5526087	1
5526114	1
5526165	1
5526211	1
5526225	1
5526256	1
5526312	1
5526329	1
5526364	1
5526386	1
5526484	1
5526540	1
5526658	1
5526707	1
5526845	1
5526908	1
5526915	1
5527012	1
5527119	1
5527163	1
5527262	1
5527574	1
5527714	1
5527980	1
5528054	1
5528081	1
5528105	1
5528170	1
5528210	1
5528291	1
5528318	1
5528331	1
5528357	1
5528385	1
5528396	1
5528466	1
5528516	1
5528638	1
5528683	1
5528713	1
5528734	1
5528800	1
5528861	1
5528988	1
5529156	1
5529183	1
5529317	1
5529326	1
5529332	1
5529576	1
5529599	1
5529605	1
5529641	1
5529698	1
5529784	1
5529823	1
5529862	1
5529896	1
5529903	1
5529948	1
5529972	1
5530014	1
5530047	1
5530059	1
5530071	1
5530088	1
5530092	1
5530169	1
5530270	1
5530286	1
5530298	1
5530445	1
5530467	1
5530476	1
5530526	1
5530561	1
5530604	1
5530623	1
5530657	1
5530750	1
5530782	1
5530827	1
5530884	1
5530919	1
5531039	1
5531077	1
5531265	1
5531528	1
5531576	1
5531580	1
5531605	1
5531727	1
5531972	1
5531987	1
5532115	1
5532150	1
5532217	1
5532244	1
5532258	1
5532365	1
5532418	1
5532485	1
5532505	1
5532598	1
5532645	1
5532676	1
5532680	1
5532835	1
5532846	1
5532854	1
5532949	1
5532995	1
5533113	1
5533167	1
5533199	1
5533227	1
5533249	1
5533268	1
5533390	1
5533411	1
5533425	1
5533569	1
5533587	1
5533643	1
5533677	1
5533729	1
5533859	1
5533926	1
5534072	1
5534312	1
5534329	1
5534364	1
5534495	1
5534596	1
5534707	1
5534719	1
5534735	1
5534754	1
5534828	1
5534977	1
5534994	1
5535007	1
5535105	1
5535170	1
5535186	1
5535198	1
5535291	1
5535385	2
5535396	1
5535502	1
5535573	1
5535638	1
5535656	1
5535800	1
5535826	1
5535914	1
5536131	1
5536140	1
5536179	1
5536219	1
5536278	1
5536290	1
5536316	1
5536384	1
5536488	1
5536492	1
5536624	1
5536655	1
5536691	1
5536700	1
5536811	1
5536856	1
5537002	1
5537193	1
5537399	1
5537554	1
5537665	1
5537704	1
5537757	1
5537762	1
5537925	1
5537938	1
5538093	1
5538130	1
5538201	1
5538267	1
5538412	1
5538453	1
5538464	1
5538470	1
5538559	1
5538607	1
5538619	1
5538635	1
5538654	1
5538824	1
5538869	1
5539070	1
5539231	1
5539257	1
5539303	1
5539324	1
5539391	1
5539461	1
5539538	1
5539556	1
5539616	1
5539759	1
5539815	1
5539882	1
5539901	1
5539934	1
5540009	1
5540150	1
5540177	1
5540182	1
5540232	1
5540320	1
5540392	1
5540462	1
5540564	1
5540586	1
5540628	1
5540878	1
5540881	1
5540984	1
5541055	1
5541120	1
5541188	1
5541274	1
5541364	1
5541386	2
5541523	1
5541562	1
5541579	1
5541626	1
5541689	1
5541754	1
5541778	1
5541781	1
5541790	1
5541845	1
5541943	1
5542006	1
5542014	1
5542047	1
5542397	1
5542480	1
5542558	1
5542679	1
5542696	1
5542766	1
5542777	1
5542816	1
5542849	1
5542978	1
5543013	1
5543052	1
5543104	1
5543162	1
5543235	1
5543246	1
5543368	2
5543373	1
5543465	1
5543488	1
5543648	1
5543655	1
5543775	1
5543793	1
5543809	1
5543874	1
5543964	1
5543998	1
5544008	1
5544021	1
5544050	1
5544111	1
5544247	1
5544389	1
5544478	1
5544702	1
5544857	1
5544896	1
5545030	1
5545049	1
5545073	1
5545144	1
5545455	2
5545554	1
5545606	1
5545665	1
5545723	1
5545829	1
5545841	1
5545898	1
5545925	1
5545938	1
5545974	1
5546128	1
5546216	1
5546227	1
5546251	1
5546319	1
5546322	1
5546335	1
5546438	1
5546460	1
5546548	1
5546587	1
5546639	1
5546729	1
5546741	1
5546764	1
5546786	1
5546806	1
5546820	1
5546847	1
5546871	1
5546900	1
5546932	1
5546958	1
5546961	1
5546993	1
5547090	1
5547112	1
5547137	1
5547203	1
5547224	1
5547291	1
5547331	1
5547362	1
5547450	1
5547466	1
5547502	1
5547516	1
5547551	1
5547568	1
5547609	1
5547611	1
5547674	1
5547745	1
5547780	1
5547817	1
5547844	1
5548012	1
5548070	1
5548122	1
5548154	1
5548204	1
5548218	1
5548303	1
5548310	1
5548348	1
5548369	1
5548426	1
5548475	1
5548493	1
5548538	1
5548556	1
5548616	1
5548630	1
5548673	1
5548695	1
5548706	1
5548808	1
5548815	1
5548866	1
5548967	1
5549017	1
5549343	1
5549547	1
5549588	1
5549654	1
5549681	1
5549711	1
5549742	1
5549855	1
5549891	1
5549918	1
5549985	1
5550028	1
5550052	1
5550076	1
5550131	1
5550185	1
5550196	1
5550207	1
5550219	1
5550395	1
5550672	1
5550874	1
5550937	1
5550970	1
5551000	1
5551058	1
5551093	1
5551102	1
5551280	1
5551308	1
5551339	1
5551382	1
5551412	1
5551470	1
5551498	1
5551607	1
5551681	1
5551742	1
5551760	1
5551774	1
5551824	1
5551904	1
5551923	1
5552049	1
5552144	1
5552158	1
5552367	1
5552554	1
5552614	1
5552647	2
5552659	1
5552911	1
5552942	1
5552974	1
5553003	1
5553048	1
5553159	1
5553260	1
5553364	1
5553370	1
5553430	1
5553484	1
5553557	1
5553735	1
5553781	1
5553790	1
5553813	1
5554018	1
5554040	1
5554134	1
5554180	1
5554284	1
5554322	1
5554587	1
5554591	1
5554608	1
5554621	1
5554729	1
5554770	1
5554833	1
5554900	1
5555086	1
5555296	1
5555324	1
5555369	1
5555391	1
5555489	1
5555597	1
5555651	1
5555765	1
5555788	1
5555792	1
5555839	1
5555850	1
5556187	1
5556241	1
5556253	1
5556286	1
5556338	1
5556499	1
5556517	1
5556558	1
5556631	1
5556662	2
5556696	1
5556873	1
5556935	1
5557074	1
5557139	1
5557182	1
5557217	1
5557232	1
5557306	1
5557333	1
5557388	1
5557570	1
5557601	1
5557645	1
5557736	1
5557835	2
5557863	1
5557881	1
5557927	1
5558174	1
5558247	1
5558271	1
5558375	1
5558419	1
5558435	1
5558490	1
5558534	1
5558612	1
5558637	1
5558641	1
5558670	1
5558686	1
5558727	1
5558795	1
5559019	1
5559078	1
5559210	1
5559323	1
5559551	1
5559568	1
5559701	1
5559776	1
5559780	1
5559875	1
5559889	1
5559920	1
5559933	1
5560072	1
5560225	1
5560305	1
5560329	1
5560341	1
5560658	1
5560661	1
5560693	1
5560754	1
5560763	1
5561081	1
5561129	1
5561141	1
5561203	1
5561236	1
5561269	1
5561450	1
5561482	1
5561549	1
5561573	1
5561858	1
5561875	1
5561893	1
5561933	1
5561971	1
5562005	1
5562064	1
5562122	1
5562163	1
5562190	1
5562257	1
5562262	1
5562285	1
5562296	1
5562310	1
5562372	1
5562387	1
5562432	1
5562475	1
5562538	1
5562597	1
5562630	1
5562651	2
5562673	2
5562695	1
5562747	1
5562765	1
5562815	1
5562839	1
5562877	1
5562882	1
5563026	1
5563032	1
5563130	1
5563149	1
5563168	1
5563195	1
5563213	1
5563245	1
5563276	1
5563299	1
5563343	1
5563350	1
5563506	1
5563646	1
5563678	1
5563797	1
5563803	1
5563918	1
5563979	1
5564124	1
5564229	1
5564237	1
5564309	1
5564311	1
5564338	1
5564342	1
5564383	1
5564401	1
5564428	1
5564467	1
5564480	1
5564526	1
5564640	1
5564715	2
5564782	1
5564851	1
5564919	1
5564963	1
5565015	1
5565021	1
5565039	1
5565066	1
5565082	1
5565156	1
5565183	1
5565197	1
5565271	1
5565326	1
5565501	1
5565545	1
5565552	1
5565629	1
5565637	1
5565653	1
5565896	1
5565910	1
5565936	1
5565987	1
5566030	1
5566068	1
5566095	1
5566126	1
5566132	1
5566158	1
5566193	1
5566221	1
5566334	1
5566367	1
5566535	1
5566581	1
5566647	1
5566718	1
5566731	1
5566740	2
5566909	1
5566925	1
5566956	1
5566960	1
5567123	1
5567185	1
5567219	1
5567263	1
5567327	1
5567349	1
5567395	1
5567471	1
5567543	1
5567624	1
5567655	1
5567669	1
5567687	1
5567726	1
5567825	1
5567842	1
5567937	1
5568018	1
5568062	1
5568128	1
5568249	1
5568307	1
5568319	1
5568354	1
5568409	1
5568456	1
5568503	1
5568536	1
5568555	1
5568572	1
5568621	1
5568677	1
5568847	1
5568865	1
5568932	1
5568961	1
5568975	1
5569011	1
5569074	1
5569115	1
5569244	1
5569275	1
5569371	1
5569418	1
5569423	1
5569462	1
5569529	1
5569613	1
5569916	1
5569951	1
5569968	1
5570004	1
5570023	1
5570031	1
5570062	1
5570079	1
5570167	1
5570268	1
5570295	1
5570409	1
5570411	1
5570524	1
5570536	1
5570555	1
5570666	1
5570705	1
5571122	1
5571146	1
5571163	1
5571218	1
5571240	1
5571324	1
5571372	1
5571426	1
5571432	1
5571489	1
5571542	1
5571616	1
5571627	1
5571630	1
5571673	1
5571695	1
5571720	1
5571759	1
5571839	1
5571866	1
5571877	1
5571901	1
5571945	1
5571999	1
5572035	1
5572046	1
5572153	1
5572164	1
5572186	1
5572236	1
5572291	1
5572304	1
5572318	1
5572385	1
5572568	1
5572674	1
5572844	1
5572858	1
5572861	1
5572893	1
5572933	1
5572965	1
5573050	1
5573125	1
5573214	1
5573233	1
5573271	1
5573300	1
5573332	1
5573490	1
5573534	1
5573576	1
5573580	1
5573599	1
5573612	1
5573653	1
5573773	1
5573804	1
5573972	1
5574235	1
5574254	1
5574281	1
5574327	2
5574349	1
5574414	1
5574566	1
5574624	1
5574726	1
5574793	1
5574912	1
5574941	1
5574970	1
5575184	1
5575195	1
5575276	1
5575315	1
5575321	1
5575429	1
5575486	1
5575498	1
5575760	1
5575774	2
5575810	1
5575824	1
5575887	1
5575918	1
5575923	1
5575957	1
5575979	1
5576009	1
5576011	1
5576060	2
5576143	1
5576217	1
5576289	1
5576293	1
5576388	1
5576418	2
5576505	1
5576537	1
5576586	1
5576601	1
5576613	1
5576667	1
5576699	1
5576787	1
5576902	1
5577014	1
5577237	1
5577311	1
5577325	1
5577374	1
5577428	1
5577445	1
5577517	1
5577561	1
5577589	1
5577604	1
5577750	1
5577816	1
5577884	1
5577935	1
5578091	1
5578238	1
5578260	1
5578312	1
5578398	1
5578430	1
5578473	1
5578504	1
5578600	1
5578617	1
5578658	1
5578828	1
5578876	1
5578908	1
5578915	1
5579243	1
5579367	1
5579424	1
5579436	1
5579455	1
5579546	1
5579554	1
5579620	1
5579665	2
5579731	1
5579837	2
5579938	1
5580050	1
5580109	1
5580197	1
5580214	1
5580344	1
5580446	1
5580490	1
5580501	1
5580534	1
5580545	1
5580567	1
5580605	1
5580664	1
5580702	1
5581002	1
5581132	1
5581208	1
5581221	1
5581367	1
5581519	1
5581535	1
5581546	1
5581578	1
5581581	1
5581590	1
5581606	1
5581671	1
5581692	1
5581718	1
5581723	1
5581785	1
5581812	1
5581909	1
5582044	1
5582116	1
5582168	1
5582228	1
5582308	1
5582366	1
5582377	1
5582412	2
5582486	1
5582533	1
5582547	1
5582619	1
5582622	1
5582663	1
5582709	1
5582810	1
5582836	1
5582931	1
5583041	1
5583348	1
5583475	1
5583489	1
5583542	1
5583597	1
5583630	1
5583651	1
5583684	1
5583747	1
5583815	1
5583866	1
5583901	1
5583945	1
5583976	1
5583999	1
5584083	1
5584244	1
5584289	1
5584365	1
5584371	1
5584388	1
5584431	1
5584462	1
5584537	1
5584601	1
5584628	1
5584667	1
5584676	1
5584835	1
5584846	1
5584878	1
5584890	1
5584902	1
5585024	1
5585133	1
5585165	1
5585171	1
5585192	1
5585211	1
5585312	1
5585386	1
5585427	1
5585430	1
5585495	1
5585518	1
5585585	1
5585790	1
5585828	1
5585845	1
5585908	1
5586007	1
5586078	1
5586105	1
5586210	1
5586236	1
5586304	1
5586340	1
5586357	1
5586379	1
5586415	1
5586421	1
5586502	1
5586527	1
5586573	1
5586595	1
5586611	1
5586625	1
5586638	1
5586701	1
5586734	1
5586767	1
5586800	1
5586861	1
5586875	1
5586893	1
5586906	1
5586933	1
5586965	1
5587096	1
5587145	2
5587152	1
5587167	1
5587176	1
5587202	1
5587216	1
5587249	1
5587251	1
5587307	1
5587335	1
5587354	1
5587390	1
5587497	1
5587510	1
5587555	1
5587608	1
5587786	1
5587833	1
5587871	1
5587892	1
5587900	1
5587926	1
5587958	1
5587993	1
5588013	1
5588076	1
5588140	1
5588219	1
5588235	1
5588349	1
5588420	1
5588672	1
5588883	1
5588929	1
5588986	1
5588998	1
5589092	1
5589237	1
5589342	1
5589360	1
5589561	2
5589604	1
5589618	1
5589657	1
5589743	1
5589777	1
5589782	1
5589849	1
5589873	1
5589922	1
5590041	1
5590053	2
5590135	1
5590163	1
5590218	1
5590257	1
5590336	1
5590348	1
5590542	1
5590556	1
5590574	1
5590583	1
5590651	1
5590668	1
5590706	1
5590759	1
5590788	1
5590792	2
5590808	1
5590877	1
5590901	1
5590976	1
5591071	1
5591172	1
5591360	1
5591374	1
5591401	1
5591499	1
5591868	1
5592055	1
5592069	2
5592106	1
5592114	1
5592283	1
5592329	1
5592337	1
5592341	1
5592370	1
5592449	1
5592451	1
5592473	1
5592531	1
5592557	2
5592790	1
5592828	1
5592834	1
5592899	1
5592939	1
5592994	1
5593016	1
5593051	1
5593126	1
5593239	1
5593352	1
5593376	1
5593436	1
5593491	1
5593519	1
5593563	1
5593590	1
5593647	1
5593731	1
5593785	1
5593909	1
5593911	1
5593925	1
5593956	1
5594063	1
5594137	1
5594224	1
5594318	1
5594340	1
5594357	1
5594466	1
5594494	1
5594573	1
5594609	1
5594625	1
5594638	1
5594660	1
5594683	2
5594701	1
5594734	1
5594776	1
5594858	1
5594906	1
5594947	1
5594959	1
5594965	1
5595013	1
5595157	1
5595179	1
5595222	2
5595330	1
5595351	1
5595373	1
5595414	1
5595471	1
5595550	1
5595603	1
5595687	1
5595717	1
5595793	2
5595809	1
5595811	1
5595842	1
5595856	1
5595897	1
5595941	1
5595953	1
5595964	1
5596017	1
5596032	1
5596127	1
5596149	1
5596168	1
5596184	1
5596252	1
5596321	1
5596350	1
5596377	1
5596394	1
5596470	1
5596533	1
5596592	1
5596619	1
5596646	1
5596690	1
5596742	1
5596810	1
5596887	1
5596931	1
5597008	1
5597043	1
5597066	1
5597125	1
5597265	1
5597332	1
5597375	1
5597393	1
5597407	2
5597481	1
5597545	1
5597552	1
5597599	1
5597751	1
5597795	1
5597831	1
5597857	1
5597862	1
5597885	1
5597903	1
5597910	1
5597969	1
5598232	1
5598392	1
5598440	1
5598822	1
5598846	1
5598878	1
5598902	1
5598930	1
5598995	1
5599004	1
5599018	1
5599167	1
5599251	1
5599268	1
5599295	1
5599307	1
5599322	1
5599438	1
5599456	1
5599497	1
5599536	1
5599591	1
5599643	1
5599682	1
5599753	1
5600126	1
5600189	1
5600243	1
5600266	1
5600282	1
5600487	1
5600491	1
5600554	1
5600606	1
5600785	1
5600870	1
5600974	1
5600997	1
5601031	1
5601249	1
5601251	2
5601319	1
5601322	1
5601354	1
5601425	1
5601456	1
5601591	1
5601650	1
5601753	1
5601814	1
5601865	2
5601871	1
5601892	1
5601993	1
5602045	1
5602076	1
5602222	1
5602278	1
5602384	1
5602420	2
5602433	1
5602465	1
5602543	1
5602594	1
5602838	1
5602937	1
5603006	1
5603033	1
5603092	1
5603191	1
5603237	1
5603253	1
5603298	1
5603311	1
5603360	1
5603374	1
5603383	2
5603413	2
5603618	1
5603631	1
5603750	1
5603782	1
5603816	1
5603827	1
5603935	1
5603954	1
5603963	1
5604149	1
5604173	1
5604267	1
5604377	1
5604382	1
5604429	1
5604441	1
5604453	1
5604464	1
5604486	1
5604506	1
5604565	1
5604592	1
5604622	1
5604635	1
5604678	1
5604711	1
5604725	1
5604756	2
5604783	1
5604797	1
5604979	1
5605042	1
5605108	1
5605166	1
5605365	1
5605404	1
5605423	1
5605699	1
5605791	1
5605846	1
5605881	1
5605916	2
5605927	1
5606048	1
5606147	1
5606159	1
5606211	1
5606225	1
5606238	1
5606274	1
5606312	1
5606364	1
5606518	1
5606531	1
5606540	1
5606585	1
5606626	1
5606658	1
5606661	1
5606707	1
5606908	1
5606950	1
5606966	1
5607053	2
5607064	1
5607070	1
5607119	1
5607135	1
5607223	1
5607285	1
5607310	1
5607324	1
5607348	1
5607391	1
5607444	1
5607475	1
5607556	1
5607602	1
5607649	1
5607668	1
5607706	1
5607771	1
5607808	1
5607882	1
5608019	1
5608054	1
5608105	1
5608186	1
5608203	1
5608236	1
5608255	1
5608340	1
5608396	1
5608408	1
5608439	1
5608683	1
5608701	1
5608799	1
5608800	1
5608817	1
5608933	1
5608992	1
5609015	1
5609050	1
5609066	1
5609109	1
5609125	1
5609160	1
5609183	1
5609214	1
5609233	1
5609259	1
5609271	1
5609326	1
5609389	1
5609422	1
5609513	1
5609552	1
5609599	1
5609730	1
5609773	1
5609818	1
5609862	1
5609987	1
5610098	1
5610218	1
5610262	1
5610310	1
5610336	1
5610369	1
5610432	1
5610538	1
5610560	1
5610627	1
5610695	1
5610843	1
5610952	1
5610967	1
5610980	1
5611006	1
5611088	1
5611103	2
5611124	1
5611191	1
5611298	1
5611342	1
5611500	1
5611532	1
5611558	1
5611679	1
5611685	1
5611739	1
5611766	1
5611777	1
5611794	1
5611802	1
5611851	1
5611873	1
5611907	1
5611919	1
5611935	1
5611946	1
5611978	1
5612010	1
5612072	1
5612171	1
5612238	1
5612274	1
5612283	1
5612312	1
5612364	1
5612504	1
5612518	1
5612557	1
5612596	1
5612600	1
5612661	1
5612693	1
5612722	1
5612754	1
5612790	1
5612828	1
5612915	1
5612950	1
5612966	1
5612982	1
5613027	1
5613126	1
5613144	1
5613243	1
5613250	1
5613345	1
5613376	1
5613380	1
5613507	1
5613563	1
5613688	1
5613757	1
5613805	1
5613870	1
5613925	1
5613938	1
5613974	2
5614090	1
5614129	1
5614137	1
5614198	1
5614236	1
5614287	1
5614291	1
5614323	1
5614573	1
5614609	1
5614701	1
5614832	1
5614875	1
5615080	1
5615395	1
5615471	1
5615488	1
5615582	1
5615691	1
5615860	1
5615986	1
5616032	1
5616044	1
5616058	1
5616075	1
5616151	1
5616339	1
5616382	1
5616437	1
5616498	1
5616520	1
5616607	1
5616622	1
5616635	1
5616742	1
5616783	1
5616848	1
5616904	1
5616940	1
5616985	1
5617039	1
5617066	1
5617138	1
5617247	1
5617259	1
5617265	1
5617271	1
5617332	1
5617375	1
5617463	1
5617552	1
5617702	1
5617751	1
5617857	1
5617987	1
5618289	1
5618306	1
5618359	1
5618479	1
5618496	1
5618505	1
5618512	1
5618529	1
5618667	1
5618676	1
5618787	1
5618807	1
5618863	1
5618916	1
5618973	1
5619023	1
5619101	1
5619227	1
5619295	1
5619411	1
5619474	1
5619503	1
5619524	1
5619536	1
5619555	1
5619591	1
5619639	1
5619694	1
5619741	1
5619753	1
5619764	1
5619770	1
5619820	1
5619871	1
5619989	1
5620007	1
5620054	1
5620105	1
5620129	1
5620186	1
5620255	1
5620287	1
5620379	1
5620439	1
5620595	1
5620656	1
5620728	1
5620734	1
5620965	1
5620971	1
5621028	1
5621099	1
5621140	1
5621157	1
5621207	1
5621254	1
5621263	1
5621327	1
5621330	1
5621543	1
5621566	1
5621672	1
5621717	1
5621726	1
5621732	1
5621744	1
5621761	1
5621811	1
5621825	1
5621860	1
5621874	1
5621897	1
5621912	1
5621964	1
5622085	1
5622134	1
5622176	1
5622199	1
5622230	1
5622335	1
5622346	1
5622378	1
5622456	1
5622460	1
5622483	1
5622555	1
5622572	1
5622615	1
5622650	1
5622677	1
5622712	1
5622741	1
5622806	1
5622871	1
5622926	1
5622944	1
5622993	1
5623038	1
5623074	1
5623115	1
5623150	1
5623293	1
5623365	1
5623371	1
5623418	1
5623431	1
5623462	1
5623479	1
5623512	1
5623529	1
5623537	1
5623601	1
5623628	1
5623645	1
5623680	1
5623703	1
5623736	1
5623772	1
5623791	1
5623835	1
5623881	1
5623902	1
5623968	1
5623995	1
5624012	1
5624029	1
5624070	1
5624146	1
5624204	1
5624279	1
5624493	1
5624511	1
5624560	1
5624574	1
5624630	2
5624866	1
5624894	1
5624934	1
5624967	1
5624980	1
5625033	1
5625110	1
5625187	1
5625212	1
5625229	1
5625253	1
5625264	1
5625311	1
5625575	1
5625589	1
5625696	1
5625721	1
5625794	1
5625922	1
5625946	1
5626111	1
5626206	1
5626361	1
5626446	1
5626481	1
5626552	1
5626576	1
5626664	1
5626727	1
5626804	1
5626885	1
5626903	1
5627058	2
5627151	1
5627195	1
5627201	1
5627245	1
5627252	1
5627267	1
5627280	1
5627308	1
5627506	1
5627565	1
5627824	1
5627887	1
5628002	1
5628027	1
5628126	1
5628144	1
5628158	1
5628403	1
5628410	1
5628448	1
5628614	1
5628620	1
5628723	1
5628740	1
5628805	1
5628898	1
5628960	1
5629024	1
5629072	1
5629147	1
5629211	1
5629225	1
5629256	1
5629305	1
5629312	1
5629329	1
5629402	1
5629449	1
5629531	1
5629557	1
5629658	1
5629845	1
5629950	1
5630042	1
5630232	1
5630320	1
5630347	1
5630392	1
5630457	1
5630553	1
5630628	1
5630645	1
5630703	1
5630772	1
5630930	1
5631024	1
5631114	1
5631242	1
5631283	1
5631370	1
5631430	1
5631562	1
5631585	1
5631617	1
5631735	1
5631754	1
5631781	1
5631813	1
5631828	1
5631908	1
5631915	1
5632059	1
5632148	1
5632172	1
5632264	1
5632434	1
5632476	1
5632517	1
5632631	1
5632662	1
5632721	1
5632990	1
5633013	1
5633034	1
5633067	1
5633099	1
5633123	1
5633157	1
5633179	1
5633185	1
5633207	1
5633222	1
5633349	1
5633368	1
5633384	1
5633406	2
5633447	1
5633492	1
5633508	1
5633566	1
5633582	2
5633594	1
5633624	1
5633726	1
5633775	1
5633789	1
5633838	1
5633860	1
5633998	1
5634021	1
5634066	1
5634138	1
5634206	1
5634233	1
5634271	1
5634292	1
5634317	1
5634332	1
5634358	1
5634513	1
5634670	1
5634730	1
5634879	1
5634896	1
5634924	1
5635002	1
5635016	1
5635068	1
5635221	1
5635277	1
5635328	1
5635367	1
5635376	1
5635469	1
5635606	1
5635805	1
5635812	1
5635829	1
5635837	1
5635870	1
5635911	1
5635997	1
5636018	1
5636023	1
5636079	1
5636202	1
5636322	1
5636354	1
5636363	1
5636381	1
5636442	1
5636456	1
5636572	1
5636587	1
5636682	1
5636741	1
5636753	1
5636814	2
5636847	1
5636859	1
5636989	1
5637019	1
5637022	1
5637141	1
5637203	1
5637210	1
5637255	1
5637331	1
5637362	1
5637379	1
5637408	1
5637443	1
5637466	1
5637482	1
5637584	1
5637638	1
5637683	1
5637734	1
5637780	1
5637800	1
5637914	1
5637947	1
5638005	1
5638041	1
5638070	1
5638086	1
5638178	1
5638296	1
5638336	1
5638372	1
5638426	1
5638489	1
5638493	1
5638525	1
5638542	1
5638560	1
5638649	2
5638843	1
5638967	1
5638976	1
5638980	1
5639280	1
5639315	1
5639350	1
5639382	1
5639437	1
5639486	1
5639571	1
5639711	1
5639742	1
5639774	1
5639797	1
5639810	1
5639836	1
5639855	1
5639904	2
5640065	1
5640110	1
5640148	1
5640270	1
5640356	2
5640360	1
5640383	1
5640452	1
5640467	1
5640593	1
5640640	1
5640679	2
5640827	1
5640884	1
5640907	1
5640946	1
5640963	1
5641008	1
5641050	1
5641082	1
5641094	1
5641174	1
5641317	1
5641419	1
5641435	1
5641463	1
5641490	1
5641501	1
5641552	1
5641605	1
5641784	2
5641818	1
5641910	1
5641955	1
5642115	1
5642150	1
5642166	1
5642306	1
5642404	1
5642431	1
5642496	1
5642652	1
5642676	1
5642807	1
5642819	1
5642863	1
5643018	1
5643040	1
5643062	1
5643079	1
5643101	1
5643113	1
5643128	1
5643176	1
5643284	1
5643319	1
5643378	1
5643411	1
5643548	1
5643587	1
5643677	1
5643814	1
5643820	1
5643865	1
5643871	1
5643958	1
5644003	1
5644010	1
5644106	1
5644120	1
5644171	1
5644209	1
5644312	1
5644398	1
5644427	1
5644430	1
5644451	1
5644579	1
5644675	1
5644845	1
5644880	1
5644921	1
5645035	1
5645046	1
5645112	1
5645164	1
5645362	1
5645415	1
5645439	1
5645443	1
5645482	1
5645502	1
5645527	1
5645549	1
5645568	1
5645660	1
5645734	1
5645767	1
5645800	1
5645893	1
5645988	1
5646131	1
5646219	2
5646222	1
5646290	1
5646330	2
5646420	1
5646465	1
5646543	1
5646603	2
5646624	1
5646636	1
5646717	1
5646726	1
5646732	1
5646744	1
5646897	1
5646941	1
5647117	1
5647126	1
5647144	1
5647277	1
5647294	1
5647546	1
5647554	1
5647692	1
5647704	1
5647796	1
5647837	1
5647841	1
5647911	1
5647942	1
5648044	1
5648093	1
5648201	1
5648245	1
5648299	1
5648350	1
5648547	1
5648559	1
5648678	1
5648709	1
5648797	1
5648810	1
5648848	1
5648931	1
5648957	1
5648979	1
5649119	2
5649178	1
5649231	1
5649240	1
5649262	1
5649303	1
5649336	1
5649348	1
5649387	1
5649426	1
5649444	1
5649458	1
5649493	1
5649538	1
5649556	1
5649597	1
5649616	1
5649649	1
5649651	1
5649720	1
5649866	1
5649945	1
5650057	1
5650062	1
5650096	1
5650101	1
5650152	1
5650251	1
5650284	1
5650335	1
5650354	1
5650442	1
5650474	1
5650524	1
5650753	1
5650798	1
5650806	1
5650859	1
5650944	1
5650989	1
5651163	1
5651262	1
5651348	1
5651372	1
5651426	1
5651560	1
5651630	1
5651706	1
5651720	1
5651733	1
5651839	1
5651850	1
5651894	1
5651980	1
5652019	1
5652054	1
5652137	1
5652272	1
5652304	1
5652323	1
5652421	1
5652443	1
5652568	2
5652584	1
5652595	1
5652638	1
5652697	2
5652713	1
5652752	1
5652767	1
5652858	1
5652933	1
5653039	1
5653082	1
5653214	1
5653247	1
5653259	1
5653265	1
5653375	1
5653393	1
5653612	1
5653637	1
5653910	1
5653924	1
5653936	1
5653969	1
5654067	1
5654131	1
5654157	1
5654162	1
5654219	2
5654254	1
5654263	1
5654368	1
5654414	1
5654433	1
5654471	1
5654521	2
5654539	1
5654543	1
5654610	1
5654717	1
5654758	1
5654809	1
5654860	1
5654897	1
5654964	1
5654998	1
5655026	1
5655075	1
5655228	1
5655315	1
5655321	1
5655350	1
5655464	1
5655486	1
5655559	1
5655588	1
5655663	1
5655678	1
5655738	1
5655836	1
5655848	1
5656009	1
5656038	2
5656060	1
5656115	1
5656143	2
5656166	1
5656194	1
5656333	1
5656365	1
5656440	1
5656479	1
5656505	2
5656570	1
5656586	1
5656601	2
5656613	1
5656748	1
5656819	1
5656835	1
5656846	1
5656951	1
5657103	1
5657205	1
5657237	1
5657342	1
5657374	1
5657526	1
5657575	1
5657593	1
5657618	1
5657685	1
5657708	1
5657721	1
5657766	1
5657782	1
5657827	1
5657868	1
5657922	1
5657954	2
5657981	1
5658036	1
5658069	1
5658087	1
5658120	1
5658165	1
5658242	1
5658256	1
5658260	1
5658329	1
5658337	1
5658353	1
5658364	1
5658370	1
5658495	1
5658523	1
5658626	1
5658707	1
5658735	1
5658778	1
5658790	1
5658908	1
5659051	1
5659084	1
5659239	2
5659282	1
5659345	1
5659352	1
5659436	1
5659448	1
5659522	1
5659535	1
5659554	1
5659606	1
5659665	1
5659723	1
5659779	1
5659960	1
5660160	1
5660197	1
5660288	1
5660361	1
5660407	1
5660435	1
5660552	1
5660576	1
5660605	1
5660629	1
5660784	1
5660804	1
5660862	1
5660910	1
5660936	1
5660955	1
5660969	1
5660991	1
5661016	1
5661030	1
5661126	1
5661239	1
5661313	1
5661376	1
5661424	1
5661436	1
5661448	1
5661487	1
5661581	1
5661633	1
5661659	1
5661757	1
5661853	1
5661886	1
5661925	1
5662102	1
5662350	1
5662377	1
5662514	1
5662559	1
5662738	1
5662774	1
5662783	1
5662824	1
5662869	1
5662887	1
5662891	1
5663107	1
5663146	1
5663181	1
5663190	1
5663257	1
5663310	1
5663324	1
5663511	1
5663542	1
5663556	1
5663560	1
5663747	1
5663759	1
5663771	1
5663877	1
5663901	1
5663934	1
5663945	1
5663980	1
5664139	1
5664150	1
5664217	1
5664232	1
5664293	1
5664347	1
5664440	1
5664457	1
5664479	1
5664496	1
5664537	1
5664553	1
5664586	1
5664628	1
5664652	1
5664699	1
5664748	1
5664787	1
5664791	1
5664822	1
5664930	1
5664951	1
5665036	1
5665114	1
5665341	1
5665386	1
5665427	1
5665449	1
5665484	1
5665600	1
5665617	1
5665763	1
5665790	1
5665915	1
5665921	1
5665994	1
5666105	2
5666248	1
5666357	1
5666396	1
5666439	1
5666530	1
5666713	1
5666734	1
5666800	1
5666826	1
5666965	1
5667018	1
5667040	1
5667062	1
5667113	1
5667167	1
5667180	1
5667216	1
5667227	1
5667230	1
5667284	1
5667319	1
5667346	1
5667378	1
5667381	1
5667569	1
5667572	1
5667677	1
5667993	1
5668076	1
5668099	1
5668104	1
5668196	1
5668207	1
5668222	1
5668263	1
5668395	1
5668471	1
5668655	1
5668687	1
5668732	1
5669059	1
5669338	1
5669342	1
5669356	1
5669374	1
5669383	1
5669397	1
5669428	1
5669544	1
5669777	1
5669782	1
5669830	1
5669873	1
5669907	1
5669978	1
5669990	1
5670028	1
5670045	1
5670052	1
5670067	1
5670140	1
5670384	1
5670465	1
5670488	1
5670543	1
5670610	1
5670669	1
5670691	1
5670726	1
5670912	1
5670941	2
5670964	1
5671149	1
5671151	1
5671201	1
5671228	1
5671276	1
5671437	1
5671453	1
5671533	1
5671547	2
5671678	1
5671709	1
5671756	1
5671810	1
5671848	1
5671872	1
5671887	1
5671918	1
5672002	1
5672073	1
5672193	1
5672266	1
5672448	1
5672491	1
5672665	1
5672757	1
5672864	1
5672870	1
5672911	1
5672956	1
5673069	1
5673072	1
5673106	1
5673209	1
5673312	1
5673386	1
5673430	1
5673484	1
5673518	1
5673540	1
5673557	1
5673626	1
5673644	1
5673658	1
5673675	1
5673722	1
5673746	1
5673763	1
5673778	1
5673790	1
5673828	1
5673852	1
5673876	1
5673939	1
5673943	1
5673950	1
5673977	1
5674176	1
5674202	1
5674307	1
5674322	1
5674378	1
5674409	1
5674442	1
5674456	1
5674510	1
5674524	1
5674572	1
5674650	1
5674666	1
5674705	1
5674770	1
5674786	1
5674806	1
5674814	1
5674847	1
5674958	2
5674961	1
5674989	1
5674993	1
5675204	1
5675218	1
5675223	1
5675372	1
5675461	1
5675493	1
5675556	1
5675616	1
5675695	1
5675714	1
5675850	1
5675894	1
5675913	1
5675945	1
5675999	1
5676088	1
5676103	1
5676110	1
5676124	1
5676169	1
5676452	1
5676544	1
5676604	1
5676662	1
5676685	1
5676777	1
5676946	1
5677056	1
5677108	1
5677150	1
5677226	1
5677244	1
5677529	1
5677564	1
5677645	1
5677680	1
5677769	1
5677807	1
5677819	1
5677846	1
5677951	1
5678039	1
5678043	1
5678160	1
5678174	1
5678214	1
5678407	1
5678552	1
5678567	1
5678576	1
5678612	1
5678653	1
5678823	1
5678840	1
5678857	1
5678903	1
5678955	1
5678987	1
5679007	1
5679129	1
5679137	1
5679153	1
5679164	1
5679186	1
5679477	1
5679530	1
5679683	1
5679734	1
5679906	1
5679965	1
5680036	1
5680048	1
5680055	1
5680072	1
5680087	1
5680171	1
5680211	1
5680260	1
5680283	1
5680364	1
5680427	1
5680430	1
5680495	1
5680540	1
5680557	1
5680600	1
5680689	1
5680801	1
5680834	1
5680852	1
5680899	1
5680908	1
5681007	1
5681022	1
5681035	1
5681090	1
5681105	1
5681236	1
5681248	1
5681255	1
5681287	1
5681291	1
5681439	1
5681527	1
5681832	1
5681858	1
5681906	1
5681914	1
5681920	1
5682005	1
5682086	1
5682098	1
5682190	1
5682218	1
5682257	1
5682417	1
5682493	1
5682597	1
5682706	1
5682759	1
5682808	1
5682877	1
5682928	1
5682967	1
5682999	2
5683195	1
5683321	1
5683350	1
5683382	1
5683514	1
5683520	1
5683588	1
5683654	1
5683824	2
5683891	1
5683940	1
5683957	1
5684071	1
5684155	1
5684264	1
5684298	1
5684325	1
5684374	2
5684397	1
5684413	1
5684445	1
5684532	1
5684575	1
5684589	1
5684657	1
5684679	1
5684685	1
5684743	1
5684782	1
5684830	1
5684868	1
5684919	1
5685008	1
5685050	1
5685094	1
5685138	1
5685183	1
5685197	1
5685288	1
5685300	1
5685478	1
5685490	1
5685513	1
5685528	1
5685576	1
5685599	1
5685641	1
5685702	1
5685749	1
5685879	1
5685896	1
5685903	1
5685910	1
5685972	1
5685991	1
5686016	1
5686027	1
5686030	1
5686126	1
5686161	1
5686250	1
5686282	1
5686301	1
5686352	1
5686380	1
5686403	1
5686455	1
5686472	1
5686606	2
5686614	1
5686647	1
5686659	1
5686704	1
5686731	1
5686805	1
5686837	1
5686870	1
5687099	1
5687196	1
5687330	1
5687488	1
5687492	1
5687539	1
5687577	1
5687624	1
5687648	1
5687726	1
5687758	1
5687809	1
5687838	1
5687856	1
5687905	1
5687929	1
5687964	1
5688023	1
5688031	1
5688040	1
5688096	1
5688101	1
5688113	1
5688128	1
5688216	2
5688284	1
5688409	1
5688411	1
5688456	1
5688474	1
5688548	1
5688555	1
5688569	1
5688572	1
5688814	1
5688820	1
5688926	1
5688932	1
5688958	1
5688975	1
5688989	1
5688993	1
5689011	1
5689097	1
5689226	1
5689289	1
5689333	1
5689359	1
5689388	1
5689667	1
5689676	1
5689699	1
5689736	1
5689807	1
5689854	1
5689890	1
5689927	1
5690044	1
5690093	1
5690339	1
5690405	1
5690681	1
5690783	1
5690836	1
5691038	1
5691060	1
5691139	1
5691177	1
5691194	1
5691200	1
5691347	1
5691371	1
5691485	1
5691570	1
5691628	1
5691703	1
5691772	1
5691787	1
5691791	1
5691822	1
5691854	1
5691863	1
5691968	1
5692039	1
5692043	1
5692050	1
5692138	1
5692332	1
5692501	1
5692513	1
5692580	1
5692686	1
5692749	1
5692751	1
5692804	1
5692879	1
5692936	1
5693035	1
5693081	1
5693137	1
5693141	1
5693164	1
5693186	1
5693362	1
5693477	1
5693516	1
5693568	1
5693584	2
5693625	1
5693660	1
5693683	1
5693734	1
5693826	1
5693858	2
5693947	1
5694016	1
5694215	1
5694282	1
5694301	1
5694352	1
5694448	1
5694487	1
5694491	1
5694723	1
5694740	1
5694779	1
5694796	1
5694864	1
5694909	1
5694911	1
5694983	1
5695062	1
5695096	1
5695145	1
5695202	1
5695249	1
5695510	1
5695524	1
5695555	1
5695639	1
5695694	1
5695764	1
5695847	1
5695871	1
5695888	2
5695892	1
5695900	1
5695989	1
5696053	1
5696064	1
5696154	1
5696163	1
5696218	1
5696285	1
5696303	1
5696355	1
5696400	1
5696426	1
5696489	1
5696538	1
5696821	1
5696850	1
5696882	1
5696928	1
5696976	1
5697010	1
5697091	1
5697165	1
5697211	1
5697242	1
5697256	1
5697283	1
5697337	1
5697531	1
5697562	1
5697689	1
5697707	1
5697763	1
5697845	1
5697852	1
5697880	1
5698020	1
5698033	1
5698148	1
5698191	1
5698298	1
5698311	1
5698342	1
5698532	1
5698575	1
5698589	1
5698618	1
5698739	2
5698802	1
5698830	1
5698935	1
5698978	1
5699001	1
5699104	1
5699196	1
5699278	1
5699281	1
5699316	1
5699349	1
5699351	1
5699414	1
5699420	1
5699433	1
5699471	1
5699508	1
5699550	1
5699610	1
5699672	1
5699856	1
5699860	1
5700065	1
5700169	1
5700311	1
5700342	1
5700413	1
5700467	1
5700480	1
5700868	1
5700907	1
5700954	1
5700978	1
5701050	1
5701142	1
5701220	1
5701326	1
5701332	1
5701407	1
5701435	1
5701528	1
5701637	1
5701670	1
5701749	1
5701804	1
5701823	1
5701857	1
5701862	1
5701879	1
5701924	1
5701972	1
5701991	1
5702011	1
5702038	1
5702097	1
5702121	1
5702194	1
5702232	1
5702258	1
5702289	1
5702320	1
5702347	1
5702371	1
5702418	1
5702423	1
5702440	1
5702457	1
5702496	1
5702553	1
5702564	1
5702586	1
5702710	1
5702772	1
5702822	1
5702835	1
5702863	1
5702930	1
5702949	1
5702968	1
5703023	1
5703096	1
5703128	1
5703134	1
5703307	1
5703346	1
5703409	2
5703438	1
5703474	1
5703524	2
5703536	1
5703650	1
5703705	1
5703814	1
5703865	1
5704024	1
5704048	1
5704072	1
5704225	1
5704260	1
5704297	1
5704305	1
5704353	1
5704416	1
5704518	1
5704523	1
5704600	1
5704658	1
5704689	1
5704754	1
5704790	1
5704834	1
5704943	1
5704982	1
5705022	1
5705063	1
5705105	1
5705112	1
5705129	1
5705153	1
5705340	1
5705385	1
5705396	1
5705573	1
5705595	1
5705611	1
5705767	1
5705780	1
5705933	1
5706034	1
5706162	1
5706219	1
5706263	1
5706316	1
5706384	1
5706395	1
5706433	1
5706521	1
5706582	1
5706594	1
5706603	1
5706744	1
5706825	1
5706838	1
5706860	1
5706874	1
5706912	1
5706937	1
5707002	1
5707073	1
5707084	1
5707193	1
5707266	1
5707294	1
5707328	1
5707380	1
5707436	1
5707469	1
5707535	1
5707554	1
5707590	1
5707606	1
5707647	1
5707864	1
5707942	1
5708339	2
5708506	1
5708619	1
5708622	1
5708663	1
5708681	1
5708709	1
5708756	1
5708855	1
5708887	1
5708940	1
5708962	1
5709070	1
5709135	1
5709154	1
5709190	1
5709204	1
5709223	1
5709310	1
5709355	1
5709444	1
5709511	1
5709556	1
5709684	1
5709720	1
5709821	1
5709839	1
5709894	1
5709913	1
5709945	1
5710049	1
5710117	1
5710144	1
5710175	1
5710193	1
5710221	1
5710243	1
5710367	1
5710448	1
5710688	1
5710723	1
5710785	1
5710938	1
5710956	1
5710974	1
5710983	1
5711307	1
5711346	1
5711442	1
5711572	1
5711587	1
5711621	1
5711643	1
5711705	1
5711753	1
5711764	1
5711786	1
5711806	1
5711820	1
5711847	1
5711859	1
5711865	1
5711871	1
5711888	1
5712045	1
5712076	1
5712123	1
5712131	1
5712179	1
5712246	1
5712278	1
5712316	1
5712327	1
5712349	1
5712395	1
5712433	1
5712577	1
5712648	1
5712655	1
5712726	1
5712744	1
5712758	1
5712761	1
5712793	1
5712825	1
5712929	1
5712953	1
5713155	1
5713169	1
5713172	1
5713187	1
5713397	1
5713401	1
5713413	1
5713434	1
5713500	1
5713575	1
5713589	1
5713623	2
5713657	1
5713715	1
5713777	1
5713851	1
5713895	1
5713935	1
5713990	1
5714044	1
5714061	1
5714093	1
5714116	1
5714234	1
5714245	1
5714252	1
5714343	1
5714350	1
5714405	1
5714412	1
5714559	1
5714565	1
5714607	1
5714619	1
5714681	1
5714824	1
5714891	1
5714904	1
5714985	1
5715011	1
5715060	1
5715115	1
5715258	1
5715289	1
5715333	1
5715462	1
5715537	1
5715601	1
5715652	1
5715667	1
5715699	1
5715710	1
5715748	1
5715863	2
5715951	1
5716087	1
5716147	1
5716171	2
5716188	1
5716386	1
5716416	1
5716468	1
5716523	1
5716557	1
5716617	1
5716722	1
5716852	1
5716876	1
5717041	1
5717303	1
5717348	1
5717391	1
5717458	1
5717509	1
5717511	1
5717538	1
5717627	1
5717649	1
5717651	1
5717668	1
5717928	1
5717952	1
5718022	1
5718081	1
5718153	1
5718272	1
5718291	1
5718466	1
5718530	1
5718568	1
5718611	1
5718625	1
5718683	1
5718920	1
5718933	1
5718971	1
5719039	1
5719109	1
5719156	1
5719174	1
5719183	1
5719344	1
5719407	1
5719435	1
5719481	1
5719567	1
5719641	1
5719670	1
5719730	1
5719823	1
5719857	1
5719885	2
5719987	1
5720017	1
5720089	1
5720093	1
5720299	2
5720315	1
5720321	1
5720394	1
5720514	1
5720520	1
5720565	1
5720622	1
5720678	1
5720742	1
5720797	1
5720996	1
5721042	1
5721121	1
5721139	1
5721182	1
5721226	1
5721423	1
5721457	1
5721485	2
5721496	1
5721541	1
5721598	1
5721652	1
5721680	1
5721846	2
5721863	1
5722050	1
5722111	1
5722125	1
5722138	1
5722259	1
5722292	1
5722317	1
5722344	1
5722407	1
5722422	1
5722641	1
5722773	1
5722795	1
5722823	1
5722948	1
5722972	1
5723007	1
5723105	1
5723112	1
5723137	1
5723153	1
5723170	1
5723186	1
5723236	1
5723269	1
5723304	1
5723331	1
5723443	1
5723450	1
5723477	1
5723551	1
5723609	1
5723656	1
5723713	1
5723752	1
5723826	1
5723947	1
5724051	1
5724117	1
5724158	1
5724193	1
5724221	1
5724328	1
5724345	1
5724367	1
5724376	1
5724469	1
5724546	1
5724647	1
5724718	1
5724779	1
5724938	1
5724942	1
5725113	1
5725227	1
5725230	1
5725251	2
5725268	1
5725319	1
5725335	1
5725425	1
5725460	1
5725497	1
5725524	1
5725608	1
5725643	1
5725741	1
5725753	1
5725764	1
5725917	1
5725926	1
5725961	1
5726041	1
5726119	1
5726146	1
5726262	1
5726296	1
5726432	1
5726458	1
5726509	1
5726511	1
5726560	1
5726574	1
5726630	1
5726673	1
5726747	1
5726815	1
5726882	1
5727003	1
5727010	1
5727114	1
5727133	1
5727147	1
5727165	1
5727256	1
5727260	1
5727341	1
5727364	1
5727504	1
5727518	1
5727531	1
5727632	1
5727707	1
5727813	1
5727880	1
5727977	1
5728071	1
5728155	1
5728191	1
5728253	1
5728338	1
5728499	1
5728526	1
5728544	1
5728575	1
5728604	1
5728623	1
5728657	1
5728662	1
5728782	2
5728830	1
5729013	1
5729034	1
5729080	1
5729207	1
5729246	1
5729281	1
5729349	1
5729368	1
5729395	1
5729414	1
5729447	1
5729521	1
5729543	1
5729566	1
5729838	1
5729912	1
5730022	1
5730112	1
5730141	1
5730255	1
5730272	1
5730287	1
5730408	1
5730502	1
5730683	1
5730826	1
5730832	1
5730844	1
5730861	1
5730875	1
5730889	2
5730947	1
5730965	1
5730988	1
5730992	1
5731013	1
5731028	1
5731034	1
5731080	1
5731185	1
5731235	1
5731246	1
5731281	1
5731327	1
5731330	1
5731539	1
5731610	1
5731636	1
5731655	1
5731856	1
5731874	1
5731897	1
5731937	1
5731941	1
5731998	1
5732031	1
5732040	1
5732249	1
5732307	1
5732378	1
5732390	1
5732438	1
5732460	1
5732474	1
5732548	1
5732591	1
5732677	1
5732712	1
5732737	1
5732753	1
5732770	1
5732833	1
5732917	1
5733042	1
5733074	1
5733108	1
5733182	1
5733359	1
5733423	1
5733479	1
5733553	1
5733680	1
5733755	1
5733791	1
5733881	1
5734037	1
5734053	1
5734163	1
5734240	1
5734391	1
5734426	1
5734432	1
5734475	1
5734493	1
5734542	1
5734556	1
5734720	1
5734788	1
5734877	1
5734882	1
5735033	1
5735059	1
5735071	1
5735237	1
5735241	1
5735270	1
5735298	1
5735338	1
5735374	1
5735499	1
5735500	1
5735593	1
5735604	1
5735696	1
5735708	1
5735739	2
5735743	1
5735827	1
5735849	1
5735851	1
5735907	1
5735963	1
5736039	1
5736109	1
5736111	1
5736142	1
5736206	1
5736288	1
5736317	1
5736326	1
5736393	1
5736435	1
5736481	1
5736513	1
5736599	1
5736605	1
5736629	1
5736664	1
5736730	1
5736784	1
5736896	1
5736955	1
5736969	1
5737026	1
5737184	1
5737280	1
5737321	1
5737366	1
5737394	1
5737429	1
5737437	1
5737453	1
5737520	1
5737678	1
5737690	1
5737725	1
5737742	1
5737869	1
5737887	1
5737940	1
5737962	1
5737979	1
5738051	1
5738084	1
5738126	1
5738189	2
5738399	1
5738491	1
5738522	1
5738546	1
5738554	1
5738578	1
5738740	1
5738886	1
5738911	1
5738960	1
5739188	1
5739225	1
5739329	1
5739353	1
5739468	1
5739473	1
5739518	1
5739617	1
5739632	1
5739689	1
5739707	1
5739735	1
5739781	1
5739813	1
5740023	1
5740128	1
5740167	1
5740249	1
5740307	1
5740346	1
5740460	1
5740608	1
5740621	1
5740639	1
5740764	1
5740770	1
5740806	1
5740820	1
5740859	1
5741037	1
5741178	1
5741218	1
5741369	1
5741417	1
5741432	1
5741458	1
5741475	1
5741651	1
5741668	1
5741720	1
5741839	1
5741882	1
5741894	1
5741913	1
5741945	1
5742007	1
5742063	2
5742137	1
5742153	1
5742198	1
5742203	1
5742224	1
5742236	1
5742272	1
5742331	1
5742385	1
5742415	1
5742421	1
5742482	1
5742516	1
5742573	1
5742584	1
5742697	1
5742832	1
5742858	1
5742920	1
5742947	1
5742992	1
5743111	1
5743174	1
5743271	1
5743300	1
5743528	1
5743545	1
5743552	1
5743637	1
5743641	1
5743664	1
5743698	1
5743784	1
5743823	1
5743831	1
5743857	1
5744123	1
5744131	1
5744157	1
5744179	1
5744196	1
5744254	1
5744368	1
5744420	1
5744465	1
5744508	1
5744521	1
5744539	1
5744566	1
5744636	1
5744648	1
5744732	1
5744775	1
5744811	1
5744964	1
5745000	1
5745017	1
5745044	1
5745061	1
5745075	1
5745343	1
5745405	1
5745470	1
5745533	1
5745588	1
5745635	1
5745678	1
5745756	1
5745783	1
5745824	1
5745836	1
5745848	1
5745855	1
5745891	1
5745904	1
5745985	1
5745996	1
5746042	1
5746108	1
5746166	1
5746177	1
5746261	1
5746293	1
5746359	1
5746392	1
5746418	1
5746541	1
5746564	1
5746586	1
5746652	1
5746676	1
5746736	1
5746755	1
5746984	1
5747014	1
5747229	1
5747342	1
5747428	1
5747434	1
5747445	1
5747476	1
5747544	1
5747558	1
5747575	1
5747640	1
5747708	1
5747715	1
5747868	1
5747954	1
5748003	1
5748087	1
5748114	1
5748120	2
5748192	1
5748238	1
5748242	1
5748364	1
5748398	1
5748449	1
5748518	1
5748523	1
5748626	1
5748763	1
5748834	1
5748915	1
5748921	1
5748966	1
5749030	1
5749068	1
5749189	1
5749282	1
5749301	1
5749345	1
5749376	1
5749380	1
5749448	1
5749472	1
5749535	1
5749554	1
5749563	1
5749578	1
5749581	1
5749606	1
5749614	1
5749671	1
5749688	1
5749740	1
5749805	1
5749938	2
5749956	1
5749983	1
5750050	1
5750174	1
5750326	1
5750344	1
5750389	1
5750422	1
5750716	1
5750903	1
5750972	1
5751016	1
5751030	1
5751051	1
5751100	1
5751126	1
5751161	1
5751175	1
5751208	1
5751352	1
5751367	1
5751487	1
5751491	1
5751554	1
5751563	1
5751692	1
5751723	1
5751829	1
5751841	1
5751942	1
5752075	1
5752184	1
5752252	1
5752267	1
5752315	1
5752321	1
5752350	1
5752405	1
5752429	1
5752441	1
5752464	1
5752559	1
5752571	1
5752619	1
5752646	1
5752690	1
5752756	1
5752760	1
5752803	2
5752824	1
5752923	1
5752931	1
5752957	1
5752996	1
5753037	1
5753064	1
5753070	1
5753107	1
5753146	1
5753181	1
5753218	1
5753285	2
5753303	1
5753310	2
5753387	1
5753426	1
5753432	1
5753597	1
5753684	1
5753714	1
5753839	1
5753866	1
5753894	1
5754025	2
5754038	1
5754150	2
5754200	1
5754261	1
5754404	1
5754457	1
5754462	1
5754505	2
5754628	1
5754676	1
5754710	1
5754769	1
5754846	1
5754890	1
5754968	1
5755003	1
5755024	1
5755091	1
5755106	1
5755147	1
5755159	1
5755165	1
5755211	1
5755274	1
5755341	2
5755402	1
5755504	1
5755523	1
5755626	1
5755707	1
5756007	1
5756198	1
5756236	1
5756323	1
5756340	1
5756357	1
5756362	1
5756450	1
5756482	1
5756494	2
5756502	1
5756595	1
5756611	1
5756625	1
5756697	1
5756817	1
5756992	1
5757145	1
5757230	1
5757249	1
5757273	1
5757284	1
5757319	2
5757409	1
5757442	1
5757456	1
5757497	1
5757548	1
5757569	1
5757591	1
5757615	1
5757643	1
5757729	1
5757764	2
5757786	1
5757798	1
5757806	1
5757871	1
5758052	1
5758080	1
5758140	1
5758219	1
5758235	1
5758550	1
5758636	2
5758648	1
5758655	1
5758744	1
5758775	1
5758825	1
5758905	1
5758953	1
5758998	1
5759071	1
5759253	1
5759270	1
5759311	1
5759397	1
5759452	1
5759558	1
5759618	1
5759827	1
5759849	1
5759907	1
5759963	1
5760005	1
5760012	1
5760086	1
5760240	1
5760257	1
5760285	1
5760372	1
5760461	1
5760475	1
5760493	1
5760560	1
5760583	1
5760771	1
5760839	1
5760850	1
5760980	1
5761006	1
5761014	1
5761059	1
5761103	1
5761169	1
5761253	1
5761270	1
5761298	1
5761311	1
5761338	1
5761480	1
5761517	1
5761526	1
5761544	1
5761589	2
5761657	1
5761873	1
5761919	1
5761954	1
5762364	1
5762370	1
5762402	1
5762430	1
5762468	1
5762473	1
5762484	1
5762876	1
5762921	1
5762994	1
5763016	1
5763068	1
5763100	1
5763126	1
5763189	1
5763208	1
5763294	1
5763455	1
5763469	1
5763491	1
5763563	1
5763590	1
5763688	1
5763812	1
5763942	1
5763956	1
5763960	1
5764063	1
5764078	1
5764081	1
5764090	1
5764236	1
5764287	1
5764323	1
5764362	1
5764408	1
5764415	1
5764477	1
5764527	1
5764776	1
5764817	1
5764906	1
5765013	1
5765131	1
5765157	1
5765185	1
5765222	1
5765263	1
5765302	1
5765327	1
5765384	1
5765447	1
5765550	1
5765577	1
5765636	1
5765732	1
5765811	1
5765856	1
5765883	1
5765912	1
5765941	1
5765964	1
5766228	1
5766245	1
5766350	1
5766382	1
5766533	1
5766678	1
5766738	1
5766756	1
5766760	1
5766855	1
5767021	1
5767050	1
5767082	1
5767174	1
5767292	1
5767300	1
5767567	1
5767664	1
5767862	1
5767910	1
5767948	1
5767991	1
5768025	1
5768074	1
5768115	1
5768121	2
5768177	1
5768194	1
5768244	1
5768479	1
5768628	1
5768652	1
5768807	1
5768890	1
5768927	1
5768984	1
5769062	1
5769152	1
5769167	1
5769216	1
5769230	1
5769425	1
5769438	1
5769483	1
5769497	1
5769548	1
5769587	1
5769639	1
5769643	1
5769820	1
5769865	1
5769900	1
5770143	1
5770177	1
5770200	1
5770232	1
5770261	1
5770293	1
5770347	1
5770359	1
5770371	1
5770388	1
5770457	1
5770634	1
5770791	1
5770949	1
5770973	1
5770984	1
5771120	1
5771165	1
5771171	1
5771192	1
5771225	1
5771260	1
5771312	1
5771495	1
5771518	1
5771658	1
5771754	1
5771778	1
5771801	1
5771813	1
5771876	1
5771899	1
5772006	1
5772020	1
5772059	1
5772065	1
5772110	1
5772136	1
5772172	1
5772212	1
5772270	1
5772325	1
5772360	1
5772401	1
5772413	1
5772467	1
5772476	1
5772575	1
5772593	1
5772657	1
5772696	1
5772715	1
5773281	1
5773349	1
5773384	1
5773566	1
5773582	1
5773603	1
5773726	1
5773744	1
5774109	1
5774156	1
5774206	1
5774247	1
5774393	1
5774490	1
5774501	1
5774664	1
5774751	1
5774784	1
5774823	1
5774924	1
5775002	1
5775016	1
5775073	1
5775084	1
5775117	1
5775126	1
5775158	1
5775345	1
5775424	1
5775436	1
5775472	1
5775491	1
5775507	1
5775519	1
5775554	1
5775665	1
5775704	1
5775757	1
5775796	1
5775864	1
5775898	1
5775997	1
5776018	1
5776096	1
5776230	1
5776249	1
5776268	1
5776273	1
5776307	1
5776346	1
5776390	1
5776438	1
5776442	1
5776460	1
5776510	1
5776608	1
5776666	1
5776705	1
5776798	1
5776847	1
5776859	1
5776932	1
5776961	1
5776989	1
5776993	1
5777081	1
5777105	1
5777170	1
5777203	1
5777269	1
5777272	1
5777340	1
5777357	1
5777408	1
5777439	1
5777443	1
5777477	1
5777482	1
5777551	1
5777573	1
5777683	1
5777745	1
5777800	1
5777889	1
5777920	1
5777947	1
5778107	1
5778154	1
5778178	1
5778262	1
5778369	1
5778391	1
5778400	1
5778461	1
5778475	1
5778556	1
5778583	1
5778627	1
5778630	1
5778673	1
5778695	1
5778788	1
5778792	1
5778843	1
5778866	1
5778882	1
5778894	1
5778967	1
5778976	1
5779089	1
5779168	1
5779195	1
5779308	1
5779321	1
5779366	2
5779412	2
5779470	1
5779533	1
5779690	1
5779756	1
5779824	1
5779940	1
5779957	1
5780013	1
5780067	1
5780254	1
5780384	1
5780648	1
5780669	1
5780700	1
5780732	1
5780809	1
5780811	1
5780838	1
5780856	1
5780929	1
5780986	1
5781075	1
5781089	1
5781130	1
5781184	1
5781234	1
5781486	1
5781498	1
5781547	1
5781565	1
5781592	1
5781678	1
5781681	1
5781774	1
5781824	1
5781836	1
5781855	1
5781891	1
5781996	1
5782002	1
5782016	1
5782051	1
5782100	1
5782117	1
5782189	1
5782215	1
5782620	1
5782688	1
5782731	1
5782796	1
5782898	1
5782925	1
5782960	1
5783010	1
5783091	1
5783106	1
5783133	1
5783225	1
5783238	1
5783416	1
5783427	1
5783451	1
5783707	1
5783790	1
5783867	1
5783908	1
5783915	1
5783921	1
5784079	1
5784134	1
5784249	1
5784460	1
5784497	1
5784503	1
5784555	1
5784737	1
5784764	1
5784770	1
5784806	1
5784900	1
5784989	1
5784993	1
5785037	1
5785070	1
5785146	1
5785178	1
5785218	1
5785432	1
5785458	1
5785461	1
5785493	1
5785542	1
5785597	1
5785720	1
5785808	1
5785821	1
5785839	1
5785894	1
5785934	1
5786110	1
5786212	1
5786264	1
5786298	1
5786311	1
5786342	1
5786413	1
5786561	1
5786640	1
5786884	1
5786922	1
5786981	1
5787097	2
5787194	1
5787226	2
5787365	1
5787496	1
5787541	1
5787652	2
5787703	1
5787710	1
5787724	1
5787787	1
5787822	1
5787916	1
5787951	1
5788082	1
5788142	1
5788174	1
5788214	1
5788233	1
5788259	1
5788292	1
5788326	1
5788463	1
5788528	1
5788545	1
5788599	1
5788751	1
5788823	1
5788862	1
5788910	1
5788972	1
5789007	1
5789019	1
5789063	1
5789129	1
5789153	1
5789210	1
5789236	1
5789291	1
5789450	1
5789568	1
5789573	1
5789595	1
5789697	1
5789752	1
5789920	1
5790283	1
5790370	1
5790430	1
5790523	1
5790596	1
5790600	1
5790781	1
5790828	1
5790867	1
5790908	2
5790915	1
5790994	1
5791035	1
5791063	1
5791291	1
5791318	1
5791331	1
5791357	1
5791385	1
5791450	1
5791466	2
5791477	1
5791482	1
5791584	1
5791609	1
5791638	1
5791697	1
5791800	1
5791858	1
5791861	1
5791933	1
5791947	1
5791965	1
5791971	1
5792070	1
5792122	1
5792154	1
5792240	1
5792285	1
5792391	1
5792417	1
5792432	1
5792493	1
5792560	1
5792684	1
5792759	1
5792866	1
5792877	1
5793026	1
5793093	1
5793149	1
5793228	1
5793299	1
5793308	1
5793343	1
5793366	1
5793441	1
5793486	1
5793498	1
5793506	1
5793547	1
5793571	1
5793607	2
5793760	1
5793848	1
5793931	1
5793962	1
5794059	1
5794088	1
5794172	1
5794205	1
5794212	1
5794325	1
5794342	1
5794413	1
5794428	1
5794618	1
5794739	1
5794816	1
5794954	1
5794978	1
5795160	1
5795247	1
5795317	1
5795326	1
5795344	1
5795361	1
5795419	1
5795501	1
5795528	1
5795567	1
5795698	1
5795818	1
5795936	1
5795948	1
5796073	1
5796175	1
5796193	1
5796294	1
5796313	1
5796328	1
5796367	1
5796380	1
5796436	1
5796472	1
5796606	1
5796671	1
5796692	1
5796731	1
5796757	1
5796938	1
5796974	1
5796983	1
5796997	1
5797034	1
5797099	1
5797140	1
5797235	1
5797263	2
5797281	1
5797327	1
5797349	1
5797384	1
5797395	1
5797471	1
5797582	1
5797648	1
5797761	1
5797953	1
5798023	1
5798145	1
5798180	1
5798273	1
5798319	1
5798335	1
5798425	1
5798442	1
5798483	1
5798569	1
5798666	1
5798712	1
5798729	1
5798786	1
5798798	1
5798814	1
5798871	1
5798917	2
5798932	1
5798944	1
5799121	1
5799232	1
5799293	1
5799320	1
5799371	1
5799553	1
5799680	1
5799755	1
5799819	1
5799835	1
5799846	1
5799863	1
5799878	1
5799930	1
5800104	2
5800157	1
5800185	1
5800281	1
5800316	1
5800349	1
5800351	1
5800368	1
5800543	1
5800566	1
5800577	1
5800594	1
5800669	1
5800929	1
5800998	1
5801116	1
5801127	1
5801151	1
5801184	1
5801245	2
5801267	1
5801350	1
5801377	1
5801412	1
5801429	1
5801453	1
5801635	1
5801690	1
5801725	1
5801797	1
5801824	1
5801872	1
5801904	1
5802073	1
5802117	1
5802126	1
5802277	1
5802294	1
5802313	1
5802469	1
5802546	1
5802578	1
5802671	1
5802740	1
5802837	1
5802864	1
5802942	1
5803114	1
5803188	1
5803238	1
5803353	1
5803402	1
5803540	1
5803661	1
5803707	1
5803719	1
5803754	1
5803763	1
5803781	1
5803790	1
5803801	1
5803828	1
5803908	1
5803950	1
5804040	1
5804145	1
5804199	1
5804322	1
5804390	1
5804442	1
5804497	1
5804510	1
5804524	1
5804555	1
5804621	1
5804764	1
5804865	1
5804944	1
5805012	1
5805119	1
5805178	1
5805231	1
5805348	1
5805387	1
5805444	1
5805509	1
5805511	1
5805538	2
5805706	1
5805747	1
5805759	1
5805788	1
5805808	1
5805945	1
5805980	1
5806071	1
5806092	1
5806136	1
5806205	1
5806241	1
5806338	1
5806374	1
5806434	1
5806445	2
5806452	2
5806623	1
5806662	1
5806685	1
5806721	1
5806816	1
5806827	1
5806978	1
5806990	1
5807025	1
5807056	1
5807074	1
5807108	1
5807139	1
5807150	1
5807333	1
5807457	1
5807537	1
5807541	1
5807601	1
5807676	1
5807680	1
5807769	1
5807807	2
5807949	1
5807995	1
5808066	1
5808109	1
5808111	1
5808300	1
5808326	1
5808389	1
5808419	1
5808435	1
5808446	1
5808463	1
5808481	1
5808612	1
5808637	1
5808670	1
5808686	1
5808698	1
5808716	1
5808768	1
5808804	2
5808823	1
5808969	1
5809063	1
5809078	1
5809112	1
5809141	1
5809170	1
5809186	1
5809236	1
5809291	1
5809450	1
5809527	1
5809611	1
5809642	1
5809697	1
5809734	1
5809745	1
5809776	1
5809780	1
5809800	1
5809893	2
5810009	2
5810056	1
5810150	1
5810194	1
5810275	1
5810289	1
5810320	1
5810359	1
5810628	1
5810676	1
5810878	1
5810890	1
5810930	1
5810949	1
5811087	1
5811106	2
5811225	1
5811256	1
5811449	1
5811518	1
5811596	1
5811689	1
5811735	1
5811754	1
5811778	1
5811781	1
5811828	1
5812071	1
5812241	1
5812253	1
5812311	1
5812325	1
5812338	1
5812342	1
5812383	1
5812401	1
5812413	1
5812434	1
5812500	1
5812526	1
5812532	1
5812558	1
5812575	1
5812657	1
5812662	1
5812679	1
5812708	1
5812743	1
5812750	1
5812849	1
5812935	1
5813104	1
5813123	1
5813131	1
5813162	1
5813263	1
5813349	1
5813414	1
5813465	2
5813471	1
5813508	1
5813521	1
5813539	1
5813648	1
5813672	1
5813687	1
5813691	1
5813758	1
5813838	1
5813856	1
5813905	1
5813970	1
5814008	1
5814039	1
5814050	1
5814109	1
5814174	1
5814197	1
5814206	1
5814407	1
5814422	1
5814454	2
5814463	1
5814481	1
5814513	1
5814534	1
5814641	1
5814664	1
5814768	1
5814795	1
5815016	1
5815277	1
5815345	1
5815367	1
5815469	1
5815487	1
5815614	1
5815692	1
5815731	1
5815779	2
5815870	1
5815974	1
5816004	1
5816057	1
5816216	1
5816227	1
5816230	1
5816249	1
5816268	1
5816319	1
5816346	1
5816354	1
5816474	1
5816548	1
5816572	1
5816591	1
5816892	1
5817224	1
5817269	1
5817362	1
5817379	1
5817415	1
5817443	1
5817502	1
5817609	1
5817638	1
5817642	1
5817713	1
5817817	1
5817920	1
5818107	1
5818135	1
5818163	1
5818178	1
5818181	1
5818218	1
5818240	1
5818387	1
5818426	1
5818475	1
5818509	1
5818525	1
5818627	1
5818651	1
5818765	1
5818815	1
5818882	1
5818901	1
5818952	1
5819026	1
5819058	1
5819093	1
5819213	1
5819234	1
5819267	1
5819343	1
5819486	1
5819506	1
5819559	1
5819607	1
5819681	1
5819709	1
5819725	1
5819848	1
5819923	1
5819931	1
5819957	1
5819985	1
5820077	1
5820233	1
5820288	1
5820389	1
5820393	1
5820419	1
5820478	1
5820605	1
5820629	1
5820698	1
5820804	1
5820840	1
5820896	1
5820972	1
5821144	1
5821158	1
5821208	1
5821243	1
5821294	1
5821399	1
5821410	1
5821581	1
5821647	1
5821665	1
5821692	1
5821757	1
5821779	2
5821796	1
5821812	1
5821829	1
5821853	1
5821911	1
5821983	1
5822044	1
5822061	1
5822173	1
5822276	1
5822321	1
5822377	1
5822382	1
5822394	1
5822486	1
5822663	1
5822738	1
5822803	1
5822810	1
5822848	1
5822872	2
5822931	1
5822996	1
5823041	1
5823135	1
5823154	1
5823336	1
5823458	1
5823475	1
5823616	1
5823649	1
5823759	1
5823815	1
5823866	1
5823882	1
5823901	1
5823928	1
5823934	1
5824074	1
5824083	1
5824139	1
5824150	1
5824177	1
5824182	1
5824217	1
5824258	1
5824275	1
5824347	1
5824392	1
5824431	1
5824586	1
5824598	1
5824676	1
5824699	1
5824724	1
5824755	1
5824819	1
5824863	1
5824878	1
5824949	1
5824973	1
5824984	1
5824995	1
5825048	1
5825072	1
5825091	1
5825114	1
5825147	1
5825297	1
5825341	1
5825523	1
5825626	1
5825693	1
5825735	1
5825781	1
5825790	1
5825845	1
5825867	1
5825880	1
5825908	1
5825994	1
5826035	1
5826078	1
5826164	1
5826340	1
5826357	1
5826466	1
5826530	1
5826625	1
5826638	1
5826683	1
5826728	1
5826858	1
5827040	1
5827079	1
5827096	1
5827216	1
5827442	1
5827456	1
5827510	1
5827572	1
5827615	1
5827737	1
5827847	1
5828045	1
5828330	1
5828351	1
5828406	1
5828515	1
5828539	1
5828566	1
5828603	1
5828648	1
5828655	1
5828758	1
5828809	1
5828811	1
5828825	1
5828905	1
5828912	1
5828929	1
5828953	2
5829103	1
5829191	1
5829237	1
5829270	1
5829311	1
5829325	1
5829338	1
5829360	1
5829397	1
5829401	1
5829467	1
5829476	1
5829499	1
5829561	1
5829721	1
5829766	1
5829954	1
5829981	1
5829990	1
5830012	1
5830190	1
5830223	1
5830257	1
5830262	1
5830461	1
5830489	1
5830630	1
5830706	1
5830733	1
5830792	1
5830815	1
5830928	1
5831006	1
5831014	1
5831047	1
5831103	1
5831155	1
5831237	1
5831298	1
5831397	1
5831467	1
5831544	1
5831558	1
5831575	1
5831696	1
5831777	1
5831919	1
5831935	1
5832024	1
5832106	1
5832114	1
5832159	1
5832165	1
5832192	1
5832238	1
5832297	1
5832305	1
5832386	1
5832495	2
5832562	1
5832617	1
5832707	1
5832735	1
5832834	1
5832867	1
5832899	1
5832939	1
5832977	1
5833100	1
5833144	1
5833161	1
5833208	1
5833266	1
5833334	1
5833345	1
5833448	1
5833487	1
5833546	1
5833581	1
5833633	1
5833704	1
5833740	1
5833812	1
5833886	1
5833909	1
5833925	1
5833974	1
5834129	1
5834137	1
5834236	1
5834269	1
5834340	1
5834379	1
5834439	1
5834450	1
5834477	1
5834482	1
5834573	1
5834584	1
5834642	1
5834701	1
5834752	1
5834799	1
5834800	1
5834826	1
5834893	1
5834914	1
5834920	1
5834933	1
5834992	1
5835045	1
5835157	1
5835235	1
5835246	1
5835327	1
5835351	1
5835465	1
5835508	1
5835566	1
5835624	1
5835811	1
5835953	1
5835970	1
5836044	1
5836061	1
5836151	1
5836267	1
5836321	1
5836366	1
5836429	1
5836453	1
5836464	1
5836514	1
5836520	1
5836588	1
5836663	1
5836742	1
5836797	1
5836803	1
5836836	1
5836872	1
5836985	1
5837082	1
5837125	1
5837206	1
5837271	1
5837292	1
5837375	1
5837389	1
5837435	1
5837478	1
5837513	1
5837576	1
5837629	1
5837637	1
5837698	1
5837768	1
5837773	1
5837784	1
5837818	1
5837862	1
5837910	1
5837955	1
5838011	1
5838060	1
5838108	1
5838166	1
5838182	1
5838217	1
5838244	1
5838289	1
5838293	1
5838333	1
5838347	1
5838418	1
5838598	2
5838652	1
5838703	1
5838791	1
5838807	1
5838819	1
5838890	1
5838902	1
5838949	1
5838951	1
5839004	1
5839096	1
5839134	1
5839202	1
5839251	1
5839268	1
5839319	2
5839346	1
5839354	1
5839390	1
5839411	1
5839425	1
5839497	1
5839503	1
5839639	1
5839677	1
5839764	1
5839798	1
5839806	1
5839820	1
5839926	1
5839932	1
5840003	1
5840048	1
5840087	1
5840120	1
5840147	1
5840188	1
5840260	1
5840312	1
5840398	1
5840402	1
5840473	1
5840518	1
5840531	1
5840585	1
5840600	1
5840707	1
5840719	1
5840746	1
5840899	1
5840966	1
5840994	1
5841019	1
5841063	1
5841078	1
5841081	2
5841198	1
5841203	1
5841248	1
5841304	1
5841466	1
5841530	1
5841584	1
5841611	1
5841656	1
5841701	1
5841745	1
5841752	1
5841861	1
5841906	1
5841992	1
5842029	1
5842086	1
5842146	1
5842204	1
5842279	1
5842296	1
5842303	1
5842369	1
5842489	1
5842627	1
5842630	1
5842651	1
5842668	2
5842714	1
5842788	1
5842934	1
5843044	2
5843058	1
5843061	1
5843089	1
5843184	1
5843245	1
5843437	1
5843464	1
5843486	1
5843506	1
5843565	1
5843571	1
5843678	1
5843681	2
5843738	1
5843810	1
5843869	1
5843923	1
5844059	1
5844065	1
5844071	1
5844092	1
5844169	1
5844212	1
5844270	1
5844325	1
5844338	1
5844360	1
5844383	1
5844428	1
5844445	1
5844499	1
5844575	1
5844623	1
5844715	1
5844873	1
5844895	1
5844919	1
5844922	1
5844963	1
5845077	1
5845082	1
5845138	2
5845174	1
5845206	1
5845259	1
5845271	1
5845375	1
5845422	1
5845463	1
5845580	1
5845637	1
5845641	1
5845664	1
5845749	1
5845795	1
5845831	1
5846002	1
5846084	1
5846095	1
5846161	1
5846215	1
5846239	1
5846243	1
5846294	1
5846313	1
5846345	1
5846410	1
5846554	1
5846671	1
5846688	1
5846704	1
5846718	1
5846723	1
5846757	1
5846762	1
5846886	1
5846983	1
5846997	1
5847001	1
5847013	1
5847157	1
5847179	1
5847222	1
5847327	1
5847349	1
5847373	1
5847406	1
5847488	2
5847515	1
5847543	1
5847636	1
5847687	1
5847775	1
5847789	1
5847793	1
5847838	1
5847929	1
5847964	1
5848057	1
5848230	1
5848273	1
5848307	1
5848319	1
5848390	1
5848409	1
5848411	1
5848503	1
5848524	1
5848677	1
5848729	1
5848764	1
5848798	1
5848932	1
5849150	1
5849289	1
5849359	1
5849479	1
5849537	1
5849667	1
5849699	1
5849822	1
5849846	1
5849878	1
5849881	1
5849995	1
5850000	1
5850089	1
5850130	1
5850168	1
5850267	1
5850276	1
5850280	1
5850308	1
5850339	1
5850343	1
5850377	1
5850382	1
5850547	1
5850565	1
5850738	1
5850774	1
5850918	1
5850923	1
5850985	1
5851042	1
5851121	1
5851166	1
5851226	1
5851275	1
5851293	1
5851306	1
5851333	1
5851371	1
5851431	1
5851440	1
5851529	1
5851541	1
5851570	1
5851791	1
5851846	1
5851951	1
5851968	1
5852015	1
5852043	1
5852050	2
5852066	1
5852142	1
5852183	1
5852206	1
5852358	1
5852375	1
5852407	1
5852478	1
5852576	1
5852716	1
5852749	1
5852768	1
5852784	1
5852804	1
5852879	1
5852896	1
5852924	1
5853078	1
5853164	1
5853272	1
5853287	1
5853291	1
5853331	1
5853385	1
5853396	1
5853494	1
5853502	1
5853609	1
5853611	1
5853638	1
5853642	1
5853656	1
5853745	2
5853780	1
5853817	1
5853861	1
5853875	1
5853889	1
5853906	1
5853992	1
5854002	1
5854068	1
5854117	1
5854193	1
5854215	1
5854277	1
5854294	1
5854380	1
5854448	1
5854455	1
5854647	1
5854659	1
5854671	1
5854688	1
5854723	1
5854731	1
5854785	1
5854829	1
5854853	1
5854911	1
5855004	1
5855018	1
5855031	1
5855085	1
5855096	1
5855134	1
5855152	1
5855322	1
5855409	1
5855442	1
5855524	1
5855643	1
5855729	1
5855737	1
5855798	1
5855871	1
5855917	1
5855926	1
5856064	1
5856119	1
5856223	1
5856387	1
5856400	1
5856432	1
5856475	1
5856489	1
5856511	1
5856525	1
5856602	1
5856630	1
5856850	1
5856901	1
5857087	1
5857120	1
5857171	1
5857188	1
5857256	1
5857329	1
5857353	1
5857579	1
5857585	1
5857600	1
5857632	1
5857880	1
5857908	1
5857966	1
5857977	1
5858014	1
5858148	1
5858237	1
5858241	1
5858264	1
5858311	1
5858342	1
5858480	1
5858532	1
5858618	1
5858662	1
5858696	1
5858794	1
5858868	1
5858907	1
5858978	1
5858981	1
5859045	1
5859052	1
5859076	1
5859104	1
5859157	1
5859219	1
5859278	1
5859302	1
5859316	1
5859406	1
5859465	1
5859539	1
5859603	1
5859610	1
5859636	1
5859648	1
5859700	1
5859758	2
5859793	1
5859842	1
5859860	1
5859912	1
5859937	1
5859998	1
5860019	1
5860054	1
5860063	1
5860153	1
5860255	1
5860584	1
5860595	1
5860611	1
5860660	1
5860734	1
5860752	1
5860844	1
5860947	1
5861099	1
5861104	1
5861123	1
5861162	1
5861330	1
5861395	1
5861566	1
5861636	1
5861691	1
5861700	1
5861726	1
5861793	1
5861809	1
5861825	1
5861964	1
5862023	1
5862145	1
5862176	1
5862180	1
5862199	1
5862307	1
5862322	1
5862363	1
5862411	1
5862425	1
5862524	1
5862587	1
5862608	1
5862694	1
5862729	1
5862741	1
5862786	1
5862932	1
5863042	1
5863143	1
5863150	1
5863226	1
5863320	1
5863423	1
5863541	1
5863570	1
5863586	1
5863598	1
5863601	1
5863613	1
5863819	1
5863863	1
5863902	1
5863916	1
5863927	1
5863973	2
5863995	1
5864029	1
5864178	1
5864181	1
5864223	1
5864310	1
5864391	2
5864493	1
5864511	1
5864574	1
5864583	1
5864602	1
5864649	1
5864684	1
5864747	1
5864843	1
5864934	1
5864976	1
5865020	2
5865110	1
5865253	1
5865298	1
5865311	1
5865356	1
5865374	1
5865383	1
5865413	1
5865657	1
5865696	1
5865708	1
5865743	1
5865750	1
5865777	1
5865802	1
5865873	1
5865895	2
5865922	1
5865946	2
5866015	1
5866206	1
5866344	1
5866528	1
5866702	1
5866727	1
5866768	1
5866804	1
5866857	1
5867168	1
5867184	1
5867201	1
5867213	1
5867228	1
5867299	1
5867308	1
5867343	1
5867498	1
5867506	1
5867514	1
5867533	1
5867559	2
5867592	1
5867678	1
5867681	1
5867709	1
5867711	1
5867738	1
5867783	1
5867848	1
5868049	1
5868100	1
5868161	1
5868189	1
5868193	2
5868208	1
5868250	1
5868301	1
5868410	1
5868472	1
5868554	1
5868563	1
5868590	1
5868812	1
5868870	1
5868938	1
5868942	1
5868956	1
5868960	1
5868997	1
5869010	1
5869072	1
5869087	1
5869114	1
5869147	2
5869165	1
5869364	1
5869585	1
5869600	1
5869661	1
5869754	1
5869801	1
5869834	1
5869845	1
5869899	1
5869908	1
5870049	1
5870051	1
5870073	1
5870158	1
5870175	1
5870215	1
5870277	1
5870352	1
5870410	1
5870436	1
5870472	1
5870507	1
5870546	1
5870647	1
5870659	1
5870671	1
5870688	1
5870692	1
5870762	1
5870812	1
5870956	2
5870960	1
5870997	1
5871023	1
5871040	1
5871113	1
5871202	1
5871249	1
5871319	1
5871378	1
5871381	1
5871390	1
5871409	1
5871442	1
5871497	1
5871524	1
5871555	1
5871591	1
5871621	1
5871639	1
5871737	1
5871764	1
5871786	1
5871820	1
5872001	1
5872118	1
5872140	1
5872302	1
5872414	1
5872624	1
5872648	1
5872691	1
5872717	1
5872860	1
5872897	1
5872964	1
5873006	1
5873155	1
5873338	1
5873383	1
5873413	1
5873452	1
5873618	1
5873631	1
5873679	1
5873739	1
5873802	1
5873827	1
5873851	1
5873895	1
5874173	2
5874184	1
5874280	1
5874299	1
5874339	1
5874366	1
5874412	1
5874437	1
5874520	1
5874559	1
5874571	1
5874654	1
5874742	1
5874783	1
5874803	1
5874891	1
5874985	1
5875009	1
5875056	1
5875108	1
5875121	1
5875226	1
5875314	1
5875347	1
5875365	1
5875440	1
5875462	1
5875537	1
5875613	1
5875676	1
5875680	1
5875748	1
5875755	1
5875772	1
5875878	1
5875881	1
5875890	1
5875949	1
5876055	1
5876072	1
5876091	1
5876171	2
5876225	1
5876283	1
5876398	1
5876402	1
5876451	1
5876468	1
5876518	1
5876617	1
5876658	1
5876719	1
5876778	1
5876813	1
5876915	1
5876939	1
5876977	1
5877135	1
5877178	1
5877181	1
5877190	1
5877204	1
5877218	1
5877231	1
5877257	1
5877296	1
5877348	1
5877372	1
5877400	1
5877432	1
5877489	1
5877493	1
5877556	1
5877574	1
5877616	1
5877706	1
5877733	1
5877815	1
5877843	1
5877850	2
5877952	1
5877967	1
5877980	1
5878063	1
5878164	1
5878198	1
5878210	1
5878248	1
5878304	1
5878318	2
5878439	1
5878530	1
5878568	1
5878683	1
5878697	1
5878745	1
5878800	1
5878875	1
5878889	1
5878920	1
5878965	1
5878992	1
5879043	1
5879066	1
5879142	1
5879160	2
5879220	1
5879247	1
5879332	1
5879407	1
5879463	1
5879481	1
5879513	1
5879702	1
5879716	2
5879749	1
5879784	1
5879804	1
5879903	1
5879924	1
5880020	1
5880065	1
5880124	1
5880237	1
5880499	1
5880561	1
5880618	1
5880662	1
5880679	1
5880743	1
5880919	1
5880922	2
5881109	1
5881183	1
5881206	1
5881233	1
5881271	1
5881326	1
5881344	1
5881361	1
5881501	1
5881552	1
5881576	1
5881612	1
5881637	1
5881653	2
5881730	1
5881823	1
5881831	1
5881955	1
5881991	1
5882121	1
5882182	2
5882226	1
5882232	1
5882306	1
5882314	1
5882320	1
5882404	1
5882479	1
5882529	1
5882564	1
5882667	1
5882787	1
5882854	1
5882902	1
5882916	1
5883079	1
5883167	1
5883199	1
5883378	1
5883425	1
5883460	1
5883569	1
5883643	1
5883820	1
5883871	1
5883961	1
5884069	1
5884192	1
5884211	1
5884297	1
5884468	1
5884473	1
5884504	1
5884600	1
5884899	1
5884915	1
5884982	1
5885019	1
5885022	1
5885054	1
5885141	1
5885210	1
5885236	1
5885450	1
5885502	1
5885530	1
5885568	2
5885625	1
5885638	1
5885674	1
5885713	1
5885734	1
5885752	1
5885844	1
5885914	1
5885933	1
5885965	1
5885971	1
5886067	1
5886076	1
5886080	1
5886185	1
5886278	1
5886281	1
5886290	1
5886327	1
5886447	1
5886492	2
5886550	2
5886577	1
5886603	1
5886669	1
5886761	1
5886775	1
5886793	1
5886856	1
5886937	1
5886953	1
5887051	1
5887068	1
5887117	1
5887221	2
5887301	1
5887313	1
5887519	1
5887563	1
5887731	1
5887757	1
5887779	1
5887829	1
5887870	2
5887886	1
5887909	1
5887911	1
5888058	1
5888184	1
5888267	1
5888308	1
5888437	1
5888464	1
5888470	1
5888533	1
5888654	2
5888810	1
5888824	1
5888836	1
5888887	1
5888904	1
5888923	1
5889086	1
5889154	1
5889223	1
5889262	1
5889310	1
5889387	1
5889511	1
5889525	1
5889616	2
5889821	1
5889894	1
5889945	1
5889999	1
5890004	1
5890023	1
5890062	1
5890085	1
5890128	1
5890167	1
5890216	1
5890363	1
5890378	1
5890460	1
5890569	1
5890639	1
5890643	1
5890650	1
5890677	1
5890705	1
5890753	1
5890806	1
5890932	1
5891029	1
5891053	1
5891154	1
5891181	1
5891303	1
5891355	1
5891387	1
5891426	1
5891538	1
5891583	1
5891649	1
5891720	1
5891759	1
5891808	1
5891952	1
5891980	1
5892046	1
5892323	2
5892362	1
5892527	1
5892530	1
5892568	1
5892573	1
5892752	1
5892767	1
5892858	1
5892914	1
5892965	1
5892971	1
5893197	1
5893259	1
5893332	1
5893344	1
5893454	1
5893513	1
5893599	1
5893612	1
5893637	1
5893641	1
5893795	1
5893840	1
5893896	1
5893936	1
5893948	1
5894034	1
5894045	1
5894207	1
5894278	1
5894368	1
5894508	1
5894539	1
5894566	1
5894594	1
5894669	1
5894717	1
5894744	1
5894761	1
5894809	1
5894811	1
5894838	1
5894905	1
5894986	1
5895102	1
5895315	1
5895394	1
5895635	1
5895663	1
5895681	1
5895709	1
5895803	1
5896042	1
5896060	1
5896226	1
5896275	1
5896293	1
5896462	1
5896564	1
5896598	1
5896645	1
5896699	1
5896772	1
5896787	1
5896807	1
5896819	1
5896878	1
5896890	1
5896951	1
5896968	1
5896973	1
5896995	1
5897059	1
5897124	1
5897191	1
5897237	1
5897298	1
5897356	1
5897360	1
5897499	1
5897517	1
5897526	1
5897631	1
5897657	1
5897662	1
5897696	1
5897743	1
5897794	1
5897827	1
5897830	1
5898055	1
5898114	1
5898147	1
5898188	1
5898209	1
5898449	1
5898484	1
5898531	1
5898644	1
5898693	1
5898746	1
5898781	1
5898845	1
5898915	2
5898939	1
5898943	1
5899051	1
5899100	1
5899144	1
5899243	1
5899277	1
5899487	1
5899535	1
5899578	1
5899581	1
5899671	1
5899779	1
5899841	1
5899886	1
5899938	1
5900008	1
5900015	1
5900109	1
5900138	1
5900160	1
5900247	1
5900326	1
5900393	1
5900463	1
5900481	1
5900580	1
5900749	1
5900784	1
5900795	1
5900831	1
5900840	1
5900857	1
5900936	1
5900948	1
5900955	1
5901002	1
5901158	1
5901215	1
5901221	1
5901243	1
5901282	1
5901380	1
5901448	1
5901455	1
5901578	1
5901692	1
5901704	1
5901718	2
5901796	1
5901812	1
5901870	1
5901942	1
5901960	1
5901997	1
5902000	1
5902026	1
5902149	1
5902195	1
5902213	1
5902280	1
5902299	1
5902321	1
5902382	1
5902394	1
5902464	1
5902565	1
5902592	1
5902607	1
5902678	1
5902760	2
5902962	1
5902996	1
5903122	1
5903285	1
5903310	1
5903372	1
5903391	1
5903461	1
5903475	1
5903489	1
5903574	1
5903616	1
5903684	1
5903695	1
5903720	1
5903877	1
5903894	1
5903928	1
5904143	1
5904258	1
5904275	1
5904320	1
5904418	1
5904553	1
5904601	1
5904736	1
5904772	1
5904822	1
5904863	1
5904881	1
5904902	1
5904949	1
5905003	1
5905036	1
5905147	1
5905283	1
5905312	1
5905337	1
5905427	1
5905540	1
5905579	2
5905719	1
5905790	1
5905876	1
5905899	1
5905921	1
5905982	1
5906019	1
5906022	1
5906054	1
5906081	1
5906105	1
5906137	1
5906198	1
5906248	1
5906323	1
5906331	1
5906396	1
5906494	1
5906527	1
5906549	1
5906609	1
5906656	1
5906683	1
5906817	1
5906844	1
5906889	1
5906893	1
5907134	1
5907145	1
5907273	1
5907295	1
5907319	1
5907335	1
5907411	1
5907425	1
5907456	2
5907729	1
5907741	1
5907806	1
5907865	1
5908118	1
5908254	1
5908281	1
5908327	1
5908373	1
5908414	1
5908447	1
5908465	1
5908492	1
5908577	1
5908603	1
5908648	1
5908669	1
5908964	1
5908998	1
5909006	1
5909110	2
5909136	1
5909148	1
5909155	1
5909169	1
5909191	1
5909264	1
5909360	1
5909517	1
5909526	1
5909662	1
5909708	1
5909715	1
5909827	1
5909935	1
5909946	1
5909978	1
5910004	1
5910040	1
5910062	1
5910128	1
5910176	1
5910199	1
5910230	1
5910354	1
5910456	1
5910474	1
5910483	1
5910555	1
5910615	1
5910639	1
5910694	1
5910712	1
5910753	1
5910859	1
5910958	1
5911005	1
5911041	1
5911119	1
5911444	1
5911489	1
5911597	1
5911602	1
5911651	1
5911668	1
5911684	1
5911706	1
5911821	1
5911882	1
5911901	1
5911980	1
5912105	1
5912129	1
5912170	1
5912203	1
5912255	1
5912269	1
5912272	1
5912287	1
5912331	1
5912340	1
5912385	1
5912396	1
5912494	1
5912573	1
5912660	1
5912674	1
5912734	1
5912817	1
5912832	1
5912893	1
5912920	1
5912933	1
5912992	1
5913043	1
5913077	1
5913094	1
5913125	1
5913292	1
5913317	1
5913454	1
5913481	1
5913637	1
5913641	2
5913702	1
5913730	1
5913818	1
5913936	1
5913987	1
5914013	1
5914028	1
5914076	1
5914080	1
5914140	1
5914222	1
5914254	1
5914349	1
5914351	1
5914384	1
5914515	1
5914577	1
5914603	1
5914838	1
5914856	1
5915058	1
5915116	1
5915127	1
5915213	1
5915228	1
5915245	1
5915280	1
5915315	1
5915405	1
5915437	1
5915453	1
5915470	1
5915533	1
5915565	1
5915654	1
5915756	1
5915957	1
5915979	1
5916060	1
5916097	1
5916108	1
5916121	1
5916182	1
5916306	1
5916314	1
5916333	1
5916613	1
5916710	1
5916724	1
5916791	1
5916902	1
5916949	1
5917006	1
5917071	1
5917110	1
5917155	1
5917229	1
5917264	1
5917270	1
5917325	1
5917452	1
5917500	1
5917593	1
5917631	1
5917782	1
5917802	2
5917816	1
5917868	1
5917873	1
5917884	1
5917935	2
5918159	1
5918188	1
5918305	1
5918312	1
5918719	1
5918722	1
5918746	1
5918813	1
5918939	1
5918966	1
5918977	1
5919002	1
5919100	1
5919132	1
5919161	1
5919250	1
5919282	1
5919328	1
5919352	1
5919380	1
5919403	1
5919581	1
5919620	1
5919812	1
5919837	1
5919909	1
5919974	1
5919983	1
5920001	1
5920179	1
5920196	1
5920278	1
5920302	1
5920349	1
5920368	1
5920373	1
5920420	1
5920447	1
5920492	1
5920508	1
5920543	1
5920582	1
5920636	1
5920655	1
5920669	1
5920700	1
5920726	1
5920775	1
5920825	1
5920842	1
5920883	1
5920998	1
5921026	1
5921061	1
5921093	1
5921151	1
5921168	1
5921213	1
5921228	1
5921252	1
5921339	1
5921350	1
5921382	1
5921429	1
5921506	1
5921592	1
5921709	1
5921774	1
5921797	1
5921904	1
5921940	1
5921979	1
5922100	1
5922367	1
5922424	1
5922448	1
5922535	1
5922692	1
5922757	1
5922870	1
5922925	1
5923341	1
5923353	2
5923402	1
5923518	1
5923596	1
5923600	1
5923658	1
5923661	1
5923707	1
5923722	1
5923790	1
5923813	1
5923828	1
5923852	1
5923899	1
5923908	1
5924202	1
5924268	1
5924319	1
5924335	1
5924363	1
5924378	1
5924381	1
5924503	1
5924572	1
5924615	1
5924621	1
5924639	1
5924694	1
5924705	1
5924764	1
5924806	1
5924833	1
5924859	1
5924944	1
5925037	1
5925064	1
5925070	1
5925154	1
5925178	1
5925240	1
5925369	1
5925387	1
5925583	1
5925673	1
5925684	1
5925759	1
5925765	1
5925792	1
5925815	1
5925843	1
5926014	1
5926092	2
5926148	1
5926169	1
5926229	1
5926374	1
5926434	1
5926544	1
5926558	1
5926604	1
5926640	1
5926662	1
5926685	1
5926715	1
5926766	1
5926802	1
5926978	1
5926981	1
5927011	1
5927042	1
5927097	1
5927121	1
5927150	1
5927200	1
5927289	1
5927306	1
5927418	1
5927423	1
5927564	1
5927586	1
5927601	1
5927628	1
5927634	1
5927787	1
5927835	1
5927863	1
5927916	1
5928008	1
5928066	1
5928111	1
5928197	1
5928247	1
5928332	1
5928344	1
5928389	1
5928552	2
5928664	1
5928702	1
5928716	1
5928768	1
5928784	1
5928795	1
5928823	1
5928903	1
5928987	1
5929035	1
5929269	1
5929331	1
5929408	1
5929415	1
5929477	1
5929660	1
5929734	1
5929800	1
5929826	1
5929832	1
5929858	1
5929861	1
5929893	1
5929959	1
5929965	1
5930024	1
5930048	1
5930069	1
5930091	1
5930147	1
5930225	1
5930242	1
5930451	1
5930540	1
5930579	1
5930585	1
5930600	1
5930735	1
5930781	1
5930813	1
5930899	1
5930943	1
5931022	1
5931170	1
5931186	1
5931203	1
5931224	1
5931255	1
5931340	1
5931396	1
5931439	1
5931477	1
5931494	1
5931502	1
5931549	1
5931573	1
5931697	1
5931745	1
5931906	1
5931988	1
5932119	1
5932146	1
5932163	1
5932285	1
5932336	1
5932444	1
5932461	1
5932627	1
5932714	1
5932839	1
5932894	1
5932934	1
5932945	1
5932980	1
5932999	1
5933026	1
5933058	1
5933102	1
5933130	1
5933149	1
5933234	1
5933350	1
5933453	1
5933464	1
5933514	1
5933559	2
5933592	1
5933709	1
5933774	1
5933803	1
5933810	1
5933887	1
5933918	1
5933940	1
5933962	1
5933979	1
5933985	1
5933996	1
5934033	1
5934088	1
5934092	1
5934397	1
5934413	1
5934428	1
5934679	1
5934816	1
5934827	1
5934851	1
5934919	1
5934954	1
5934990	1
5935043	1
5935138	1
5935142	1
5935214	1
5935220	1
5935259	1
5935389	1
5935605	1
5935804	1
5935818	1
5935879	1
5935924	1
5935955	1
5936051	1
5936073	1
5936100	1
5936161	1
5936189	1
5936376	1
5936424	1
5936455	1
5936472	1
5936614	1
5936620	1
5936671	1
5936704	1
5936718	1
5936723	1
5936740	1
5936841	1
5937013	1
5937052	1
5937131	1
5937179	1
5937185	1
5937207	1
5937235	1
5937254	1
5937278	1
5937368	1
5937406	1
5937420	1
5937521	1
5937582	1
5937655	1
5937687	1
5937691	1
5937717	1
5937809	1
5937825	1
5937860	1
5937912	1
5938018	1
5938023	1
5938062	1
5938079	1
5938085	1
5938180	1
5938199	1
5938249	1
5938251	1
5938284	1
5938307	1
5938322	1
5938425	1
5938456	1
5938503	1
5938536	1
5938569	1
5938764	1
5938814	2
5938833	1
5938847	1
5938871	1
5938900	1
5938932	1
5939038	1
5939143	1
5939177	1
5939258	1
5939404	1
5939496	1
5939512	1
5939537	1
5939541	1
5939564	1
5939703	1
5939710	1
5939755	1
5939791	1
5939846	1
5939984	1
5939995	1
5940053	1
5940070	1
5940146	1
5940154	1
5940190	1
5940303	1
5940324	1
5940387	1
5940391	1
5940458	1
5940475	1
5940489	1
5940556	1
5940583	1
5940627	2
5940649	1
5940651	1
5940668	1
5940714	1
5940788	1
5940839	1
5941092	1
5941136	1
5941237	1
5941241	1
5941374	1
5941401	1
5941413	1
5941452	1
5941657	1
5941715	1
5941777	1
5941802	1
5941827	1
5941935	1
5942147	1
5942159	1
5942192	1
5942305	1
5942329	1
5942402	1
5942596	1
5942600	1
5942632	1
5942781	1
5942915	1
5942966	1
5942994	1
5943002	1
5943243	1
5943250	1
5943301	1
5943345	1
5943424	1
5943507	1
5943554	1
5943665	1
5943898	2
5943911	1
5943925	1
5944035	1
5944054	1
5944141	1
5944170	1
5944255	1
5944291	1
5944385	1
5944396	1
5944439	1
5944573	1
5944642	1
5944656	1
5944767	1
5944780	1
5944800	1
5944832	1
5944947	1
5945076	1
5945118	1
5945196	1
5945219	1
5945290	1
5945395	1
5945414	1
5945488	1
5945508	1
5945577	1
5945687	1
5945838	1
5945912	1
5946075	1
5946089	1
5946184	1
5946228	1
5946299	1
5946533	1
5946588	1
5946622	1
5946654	1
5946725	1
5946756	1
5946803	1
5946824	1
5946887	1
5946923	1
5946931	1
5947077	1
5947220	1
5947247	1
5947265	1
5947288	1
5947326	1
5947344	1
5947393	1
5947407	1
5947545	1
5947576	1
5947580	1
5947664	1
5947698	1
5947784	1
5947818	1
5947857	1
5947910	1
5947948	1
5947955	1
5948025	1
5948042	1
5948056	1
5948121	1
5948139	2
5948182	1
5948200	1
5948217	1
5948258	1
5948404	1
5948496	1
5948541	1
5948553	1
5948601	1
5948699	1
5948772	1
5948791	1
5948890	1
5948995	1
5949004	1
5949134	1
5949202	1
5949251	1
5949273	1
5949307	1
5949335	1
5949354	1
5949524	1
5949569	1
5949666	1
5949764	1
5949770	1
5949786	1
5949806	1
5949833	1
5949926	1
5950030	1
5950073	1
5950095	1
5950294	1
5950301	1
5950352	1
5950455	1
5950554	1
5950718	1
5950796	1
5950829	1
5950870	1
5950925	1
5951096	1
5951230	1
5951363	1
5951381	1
5951438	1
5951442	1
5951497	1
5951503	1
5951524	1
5951591	1
5951615	1
5951798	1
5951820	1
5951847	1
5951944	1
5951975	1
5952001	1
5952222	1
5952235	1
5952246	1
5952395	1
5952406	1
5952414	1
5952447	1
5952603	1
5952687	1
5952758	1
5952775	1
5952838	2
5952856	1
5952883	1
5952953	1
5953033	1
5953071	1
5953172	1
5953253	1
5953286	1
5953309	1
5953360	1
5953374	1
5953467	1
5953532	1
5953715	1
5953895	1
5953922	1
5953935	1
5953954	1
5953990	1
5954026	1
5954032	1
5954061	1
5954195	1
5954213	1
5954228	1
5954464	1
5954725	1
5954742	1
5954836	1
5954848	1
5954904	1
5954940	1
5955011	1
5955025	1
5955418	1
5955423	1
5955485	1
5955496	1
5955613	1
5955769	1
5955822	1
5955835	1
5955930	1
5955951	1
5956048	1
5956133	1
5956427	1
5956518	1
5956523	1
5956746	1
5956778	1
5956790	1
5956876	1
5956880	1
5956915	1
5957163	1
5957387	1
5957400	1
5957417	1
5957475	1
5957583	1
5957673	1
5957706	1
5957714	1
5957720	1
5957747	1
5957771	1
5957792	1
5957815	1
5957866	1
5957894	1
5957928	1
5957945	1
5958035	1
5958272	1
5958287	1
5958362	1
5958396	1
5958466	1
5958482	1
5958611	1
5958656	1
5958701	1
5958752	1
5958776	1
5958826	1
5958832	1
5958858	1
5958875	1
5958933	1
5958971	1
5959015	1
5959142	1
5959183	1
5959288	2
5959501	1
5959513	1
5959599	1
5959605	1
5959702	1
5959804	2
5959948	1
5959969	1
5959987	1
5960014	1
5960187	1
5960191	1
5960264	1
5960309	1
5960374	1
5960383	1
5960401	1
5960452	1
5960476	1
5960500	1
5960575	1
5960618	1
5960623	1
5960640	1
5960919	1
5960935	2
5961008	1
5961050	1
5961066	1
5961160	1
5961247	1
5961292	1
5961344	1
5961389	1
5961419	1
5961446	1
5961478	1
5961481	1
5961567	1
5961599	1
5961637	1
5961670	1
5961773	1
5961896	1
5961969	1
5961987	1
5962011	1
5962025	1
5962056	1
5962143	1
5962200	1
5962359	1
5962365	1
5962404	1
5962512	1
5962601	1
5962628	1
5962676	1
5962703	1
5962791	1
5962890	1
5962927	1
5962949	1
5963023	1
5963031	1
5963040	1
5963057	1
5963346	1
5963354	2
5963378	1
5963483	1
5963510	1
5963536	1
5963591	1
5963621	1
5963712	1
5963729	1
5963764	1
5963888	1
5963993	1
5964003	1
5964242	1
5964283	2
5964305	1
5964329	1
5964364	1
5964370	1
5964430	1
5964617	1
5964626	1
5964658	1
5964693	1
5964876	1
5964915	1
5964939	1
5964982	1
5964994	1
5965019	1
5965137	1
5965153	1
5965224	1
5965291	1
5965304	1
5965421	1
5965573	1
5965611	1
5965776	2
5965800	1
5965826	1
5965889	1
5965920	1
5965965	1
5966001	1
5966080	1
5966246	1
5966281	1
5966302	1
5966330	1
5966414	2
5966420	1
5966433	1
5966447	1
5966624	1
5966669	1
5966758	1
5966937	1
5966964	1
5967030	1
5967117	1
5967144	1
5967189	1
5967250	1
5967367	1
5967376	1
5967424	1
5967487	1
5967633	1
5967692	2
5967723	1
5967785	1
5967812	1
5967864	1
5968017	1
5968026	1
5968044	1
5968089	1
5968276	1
5968377	1
5968405	1
5968412	1
5968441	1
5968453	1
5968635	1
5968678	1
5968711	1
5968855	1
5968918	1
5968962	1
5969012	1
5969119	1
5969310	1
5969348	1
5969417	1
5969489	1
5969525	1
5969560	1
5969574	1
5969720	1
5969815	1
5969821	1
5969843	1
5969952	1
5969999	1
5970061	1
5970116	1
5970130	1
5970151	1
5970173	1
5970267	1
5970343	1
5970394	1
5970412	1
5970565	1
5970571	1
5970592	1
5970690	1
5970810	1
5970848	1
5970940	1
5971011	1
5971166	1
5971333	1
5971496	2
5971537	1
5971652	1
5971748	1
5971791	1
5971863	1
5971930	1
5971973	1
5971995	1
5972094	1
5972156	1
5972220	1
5972233	1
5972271	1
5972317	1
5972332	1
5972375	1
5972389	1
5972773	1
5972823	1
5973112	2
5973198	1
5973224	1
5973331	1
5973439	1
5973450	1
5973494	1
5973683	1
5973780	1
5973906	1
5973959	1
5974049	1
5974068	1
5974126	1
5974132	1
5974144	1
5974277	1
5974424	1
5974436	1
5974472	1
5974487	1
5974535	1
5974590	2
5974620	1
5974718	1
5974785	1
5974909	1
5974997	1
5975004	1
5975031	1
5975040	1
5975079	1
5975322	1
5975378	1
5975474	1
5975483	1
5975524	1
5975639	1
5975643	1
5975650	1
5975820	1
5975871	1
5975975	1
5976029	1
5976146	1
5976204	1
5976240	1
5976262	1
5976310	1
5976348	1
5976432	1
5976458	1
5976475	1
5976556	1
5976602	1
5976616	1
5976630	1
5976673	1
5976788	1
5976913	1
5976945	1
5976976	1
5977010	1
5977072	1
5977188	1
5977192	1
5977211	1
5977225	1
5977238	1
5977260	1
5977364	1
5977402	2
5977449	1
5977484	1
5977523	1
5977562	1
5977579	1
5977790	1
5977813	1
5977880	1
5977899	1
5978088	1
5978092	1
5978148	1
5978191	1
5978264	1
5978325	1
5978360	1
5978397	1
5978413	1
5978434	1
5978476	1
5978517	1
5978558	1
5978575	1
5978623	1
5978640	1
5978715	1
5978721	1
5978739	1
5978884	1
5978963	1
5978990	1
5979045	1
5979104	2
5979327	1
5979349	1
5979420	1
5979433	1
5979543	1
5979610	1
5980164	1
5980186	1
5980304	1
5980340	1
5980357	2
5980439	1
5980502	1
5980625	1
5980642	1
5980683	1
5980799	1
5980832	1
5980875	1
5980920	1
5980959	1
5980988	2
5981001	1
5981013	1
5981118	1
5981123	1
5981131	1
5981157	1
5981246	1
5981281	1
5981327	1
5981330	1
5981351	1
5981368	1
5981420	1
5981515	1
5981539	1
5981577	1
5981636	1
5981672	1
5981761	1
5981842	1
5982004	1
5982023	1
5982057	1
5982176	1
5982180	1
5982199	1
5982202	1
5982251	1
5982284	1
5982322	1
5982503	1
5982510	1
5982639	1
5982650	1
5982753	1
5982814	1
5982847	1
5982989	1
5983025	1
5983038	1
5983108	1
5983115	1
5983121	1
5983143	1
5983150	1
5983194	1
5983275	1
5983333	1
5983365	1
5983392	1
5983431	1
5983586	1
5983613	1
5983835	1
5983878	2
5983949	1
5984029	1
5984041	1
5984086	1
5984146	1
5984178	1
5984223	1
5984257	1
5984336	1
5984369	1
5984489	1
5984630	1
5984706	1
5984733	1
5984747	1
5984765	1
5984771	1
5984808	1
5984877	1
5984882	1
5984901	1
5984967	1
5984999	1
5985006	1
5985020	1
5985065	1
5985092	1
5985110	1
5985148	1
5985241	1
5985309	1
5985413	1
5985517	1
5985532	1
5985715	1
5985884	1
5985907	1
5985981	1
5986039	1
5986082	1
5986142	1
5986247	1
5986389	1
5986463	1
5986605	1
5986612	1
5986670	1
5986686	1
5986702	1
5986768	1
5986818	1
5986823	1
5986955	1
5986972	1
5987026	1
5987201	1
5987252	1
5987405	2
5987441	1
5987559	1
5987646	1
5987654	1
5987709	1
5987738	1
5987774	2
5987824	1
5987836	1
5987855	1
5987887	1
5987904	1
5987985	1
5988002	1
5988144	1
5988175	1
5988243	1
5988282	1
5988455	1
5988469	1
5988491	1
5988522	1
5988606	1
5988757	1
5988785	1
5988812	1
5988911	1
5988938	1
5988942	1
5989036	1
5989072	1
5989159	1
5989171	1
5989364	1
5989386	1
5989430	1
5989585	1
5989644	1
5989746	1
5989845	1
5989982	1
5990009	1
5990011	1
5990038	1
5990042	1
5990060	1
5990074	1
5990115	1
5990226	1
5990258	1
5990293	1
5990306	1
5990333	1
5990392	1
5990628	1
5990645	1
5990652	1
5990667	1
5990676	1
5990748	1
5990807	1
5990878	1
5990902	1
5990930	1
5990995	1
5991024	1
5991048	1
5991120	1
5991133	1
5991171	1
5991211	1
5991242	1
5991260	1
5991329	1
5991353	1
5991402	1
5991449	1
5991468	1
5991473	2
5991557	1
5991585	1
5991632	1
5991658	1
5991693	1
5991781	1
5991845	1
5991867	1
5991915	1
5991943	1
5992103	1
5992124	1
5992229	1
5992237	1
5992270	1
5992325	1
5992561	1
5992830	1
5992946	1
5992978	1
5993034	1
5993052	1
5993123	1
5993196	1
5993235	1
5993316	1
5993406	1
5993550	2
5993594	1
5993655	1
5993793	1
5993809	1
5993874	1
5993897	1
5993929	1
5994021	1
5994111	1
5994156	1
5994183	1
5994233	1
5994407	1
5994446	1
5994478	1
5994481	1
5994580	1
5994716	1
5994727	1
5994730	1
5994768	1
5994784	1
5994857	1
5994987	1
5995117	1
5995189	1
5995301	1
5995328	1
5995367	1
5995424	1
5995436	1
5995455	1
5995522	1
5995633	1
5995659	1
5995785	1
5995805	1
5995864	1
5995974	1
5996040	1
5996134	1
5996180	1
5996202	1
5996378	1
5996425	1
5996460	1
5996483	1
5996587	1
5996639	1
5996666	1
5996677	1
5996753	1
5996764	1
5996786	1
5996806	1
5996859	1
5996926	1
5996932	1
5997007	1
5997063	1
5997170	1
5997248	1
5997396	2
5997408	1
5997477	1
5997482	1
5997734	1
5997752	1
5997780	1
5997817	1
5997858	1
5997920	1
5997947	1
5997965	1
5997988	1
5998070	1
5998086	2
5998107	1
5998135	1
5998204	1
5998303	1
5998336	1
5998355	1
5998400	1
5998444	1
5998489	1
5998493	1
5998583	1
5998597	1
5998627	1
5998651	1
5998733	1
5998788	1
5998850	1
5998976	1
5998999	1
5999075	1
5999151	1
5999184	1
5999228	1
5999245	1
5999308	1
5999343	1
5999366	1
5999506	1
5999533	1
5999619	1
5999756	2
5999760	1
5999848	1
5999957	1
6000059	1
6000071	1
6000088	1
6000124	1
6000155	1
6000169	1
6000172	1
6000241	1
6000270	1
6000298	1
6000325	1
6000558	1
6000575	1
6000662	1
6000685	1
6000935	1
6000990	1
6001039	1
6001043	1
6001050	1
6001142	1
6001156	1
6001197	1
6001206	1
6001435	1
6001501	1
6001513	2
6001552	1
6001605	1
6001653	1
6001818	1
6001885	1
6001896	1
6001910	1
6001969	1
6001972	1
6002011	1
6002060	1
6002115	1
6002150	1
6002166	1
6002200	1
6002217	1
6002226	1
6002232	1
6002462	1
6002512	1
6002586	1
6002652	1
6002807	1
6002854	1
6002930	1
6002951	1
6003031	1
6003062	1
6003180	1
6003216	1
6003227	1
6003249	1
6003284	1
6003295	1
6003378	1
6003503	1
6003536	1
6003569	1
6003591	1
6003615	1
6003621	1
6003892	1
6003926	1
6003961	1
6004211	1
6004238	1
6004260	1
6004312	1
6004329	1
6004370	1
6004416	1
6004557	1
6004596	1
6004644	1
6004658	1
6004675	1
6004719	1
6004801	1
6004899	1
6004950	1
6004982	1
6005137	1
6005164	1
6005170	1
6005248	1
6005291	1
6005439	2
6005482	1
6005584	1
6005642	1
6005992	1
6006034	1
6006076	1
6006123	1
6006140	1
6006179	1
6006207	1
6006406	1
6006447	1
6006459	1
6006465	1
6006550	1
6006687	1
6006717	1
6006775	1
6006809	1
6006825	1
6006897	1
6006986	1
6007095	2
6007100	1
6007158	1
6007282	1
6007345	1
6007448	1
6007633	1
6007692	1
6007723	1
6007864	1
6007942	1
6008093	1
6008173	1
6008280	1
6008308	1
6008321	1
6008339	1
6008394	1
6008470	1
6008619	1
6008622	1
6008635	1
6008711	1
6008760	1
6008783	1
6008887	1
6008962	1
6008979	1
6009070	1
6009119	1
6009190	1
6009218	1
6009296	1
6009369	1
6009391	1
6009417	1
6009444	1
6009509	1
6009574	1
6009597	1
6009602	1
6009673	1
6009720	1
6009788	1
6009877	1
6009934	1
6009945	1
6009976	1
6009999	1
6010030	1
6010051	1
6010084	1
6010161	1
6010215	1
6010266	1
6010334	1
6010399	1
6010424	1
6010448	1
6010535	1
6010633	1
6010665	1
6010864	1
6011079	1
6011096	1
6011167	1
6011346	1
6011378	1
6011456	1
6011536	1
6011548	1
6011786	1
6011806	1
6011814	1
6011833	1
6011865	1
6011871	1
6011888	1
6011900	1
6011917	1
6011958	1
6011961	1
6011975	1
6012045	1
6012076	2
6012099	1
6012123	1
6012131	1
6012302	1
6012316	1
6012384	1
6012447	1
6012471	1
6012543	1
6012669	1
6012687	1
6012691	1
6012717	2
6012811	1
6012838	1
6012856	1
6012912	1
6013020	1
6013071	1
6013124	1
6013148	1
6013205	1
6013241	1
6013413	1
6013452	1
6013467	1
6013480	1
6013544	1
6013561	1
6013739	1
6013750	1
6013827	1
6013954	1
6013981	1
6014032	1
6014058	1
6014061	1
6014151	1
6014173	1
6014184	1
6014201	1
6014228	1
6014245	1
6014252	1
6014299	1
6014308	1
6014382	1
6014429	1
6014441	1
6014464	1
6014663	1
6014690	1
6014836	1
6015009	1
6015365	1
6015462	1
6015496	1
6015505	1
6015564	1
6015703	1
6015748	1
6015791	1
6015819	1
6015822	1
6015846	1
6015973	1
6016036	1
6016069	1
6016091	1
6016106	1
6016114	1
6016147	1
6016171	1
6016238	1
6016256	1
6016283	1
6016312	1
6016337	1
6016402	1
6016484	1
6016644	1
6016735	1
6016876	1
6016908	1
6016915	1
6016939	1
6017012	1
6017041	1
6017053	1
6017070	1
6017240	1
6017296	1
6017372	1
6017417	1
6017432	1
6017511	1
6017574	1
6017788	1
6017877	1
6017882	1
6017952	1
6017976	1
6018105	1
6018141	1
6018164	1
6018236	1
6018304	1
6018656	1
6018728	1
6018780	1
6018858	1
6018861	1
6018893	1
6018906	1
6018933	1
6018947	1
6019008	1
6019015	1
6019125	1
6019138	2
6019156	1
6019206	1
6019247	1
6019265	1
6019326	1
6019419	1
6019481	1
6019501	1
6019567	1
6019612	1
6019629	1
6019730	1
6019818	1
6019879	1
6019903	1
6019948	1
6020130	1
6020184	1
6020213	1
6020280	1
6020299	1
6020315	1
6020321	1
6020339	1
6020565	1
6020635	1
6020681	1
6020725	1
6020803	1
6020836	1
6020904	1
6020957	1
6021083	1
6021108	1
6021121	1
6021244	1
6021258	1
6021388	1
6021423	1
6021496	1
6021541	1
6021586	1
6021634	1
6021710	1
6021724	1
6021791	1
6021902	1
6021927	1
6021951	1
6021968	1
6022206	1
6022214	1
6022247	1
6022292	1
6022344	1
6022393	1
6022605	1
6022629	1
6022698	1
6022716	2
6022804	1
6022896	1
6022936	2
6023007	1
6023141	1
6023164	1
6023203	1
6023224	1
6023304	1
6023323	1
6023385	1
6023408	1
6023482	1
6023494	1
6023549	1
6023584	1
6023625	1
6023656	1
6023683	1
6023745	1
6023988	1
6023992	1
6024051	1
6024084	1
6024158	1
6024189	1
6024215	1
6024239	1
6024334	1
6024519	1
6024688	1
6024740	1
6024757	1
6024785	1
6024812	1
6024837	1
6024898	1
6024960	1
6024983	1
6024997	1
6025004	1
6025023	1
6025040	1
6025216	1
6025227	1
6025390	1
6025442	1
6025474	1
