start at:
Mon Oct 20 01:48:52 CST 2025
         used (Mb) gc trigger (Mb) max used (Mb)
Ncells 294455 15.8     692222   37   478328 25.6
Vcells 511127  3.9    8388608   64  1925004 14.7
[[1]]

     0      1      2      3   <NA> 
121106  64760  17412    694      0 

[[2]]

    1     2     3     4     5     6     7  <NA> 
34402 43958 54066 26744 28429 16236   137     0 

[[3]]

     1      2   <NA> 
 20629 183343      0 

[[1]]
[1] "0" "1" "2" "3"

[[2]]
[1] "1" "2" "3" "4" "5" "6" "7"

[[3]]
[1] "1" "2"

[1] 181461   1936
   [1] "CIN3plus"                                                              
   [2] "Age_at_recruitment"                                                    
   [3] "Body_mass_index"                                                       
   [4] "Townsend_deprivation_index_at_recruitment"                             
   [5] "Smoking_status"                                                        
   [6] "Alcohol_intake_frequency"                                              
   [7] "Genotype_measurement_batch"                                            
   [8] "PC1"                                                                   
   [9] "PC2"                                                                   
  [10] "PC3"                                                                   
  [11] "PC4"                                                                   
  [12] "PC5"                                                                   
  [13] "PC6"                                                                   
  [14] "PC7"                                                                   
  [15] "PC8"                                                                   
  [16] "PC9"                                                                   
  [17] "PC10"                                                                  
  [18] "PC11"                                                                  
  [19] "PC12"                                                                  
  [20] "PC13"                                                                  
  [21] "PC14"                                                                  
  [22] "PC15"                                                                  
  [23] "PC16"                                                                  
  [24] "PC17"                                                                  
  [25] "PC18"                                                                  
  [26] "PC19"                                                                  
  [27] "PC20"                                                                  
  [28] "beta_A1BG_P04217_OID30771_v1_rs145144275_SUM"                          
  [29] "beta_AAMDC_Q9H7C9_OID30236_v1_rs2186564_SUM"                           
  [30] "beta_AARSD1_Q9BTE6_OID21311_v1_rs323500_SUM"                           
  [31] "beta_ABCA2_Q9BZC7_OID30146_v1_-_SUM"                                   
  [32] "beta_ABHD14B_Q96IU4_OID20921_v1_rs373373105_SUM"                       
  [33] "beta_ABO_P16442_OID30675_v1_rs505922_SUM"                              
  [34] "beta_ACAA1_P09110_OID21269_v1_rs156265_SUM"                            
  [35] "beta_ACADM_P11310_OID31277_v1_rs61797339_SUM"                          
  [36] "beta_ACADSB_P45954_OID30356_v1_rs7913063_SUM"                          
  [37] "beta_ACAN_P16112_OID20159_v1_rs4932196_SUM"                            
  [38] "beta_ACE_P12821_OID30696_v1_rs4362_SUM"                                
  [39] "beta_ACHE_P22303_OID30585_v1_rs6976053_SUM"                            
  [40] "beta_ACOT13_Q9NPJ3_OID31522_v1_rs143667676_SUM"                        
  [41] "beta_ACOX1_Q15067_OID20124_v1_rs10852766_SUM"                          
  [42] "beta_ACP1_P24666_OID30524_v1_rs11553746_SUM"                           
  [43] "beta_ACP5_P13686_OID20314_v1_rs2305799_SUM"                            
  [44] "beta_ACP6_Q9NPH0_OID21432_v1_rs2153463_SUM"                            
  [45] "beta_ACRBP_Q8NEB7_OID31385_v1_rs7959658_SUM"                           
  [46] "beta_ACRV1_P26436_OID30513_v1_rs113811036_SUM"                         
  [47] "beta_ACTA2_P62736_OID20079_v1_rs1324551_SUM"                           
  [48] "beta_ACVRL1_P37023_OID20999_v1_rs2277382_SUM"                          
  [49] "beta_ACY1_Q03154_OID20137_v1_rs121912698_SUM"                          
  [50] "beta_ACY3_Q96HD9_OID30086_v1_rs3758938_SUM"                            
  [51] "beta_ACYP1_P07311_OID30642_v1_rs75948138_SUM"                          
  [52] "beta_ADA2_Q9NZK5_OID20394_v1_rs737963_SUM"                             
  [53] "beta_ADA_P00813_OID20645_v1_rs11555566_SUM"                            
  [54] "beta_ADAM12_O43184_OID30491_v1_rs11244909_SUM"                         
  [55] "beta_ADAM15_Q13444_OID20109_v1_rs11589479_SUM"                         
  [56] "beta_ADAM22_Q9P0K1_OID21001_v1_rs2279542_SUM"                          
  [57] "beta_ADAM23_O75077_OID20651_v1_rs72933203_SUM"                         
  [58] "beta_ADAM8_P78325_OID21039_v1_rs2995310_SUM"                           
  [59] "beta_ADAM9_Q13443_OID31488_v1_rs61753672_SUM"                          
  [60] "beta_ADAMTS13_Q76LX8_OID20249_v1_rs74715985_SUM"                       
  [61] "beta_ADAMTS15_Q8TE58_OID21275_v1_rs73044885_SUM"                       
  [62] "beta_ADAMTS16_Q8TE57_OID20089_v1_rs40468_SUM"                          
  [63] "beta_ADAMTS4_O75173_OID30471_v1_rs4656993_SUM"                         
  [64] "beta_ADAMTS8_Q9UP79_OID21502_v1_rs2131535_SUM"                         
  [65] "beta_ADAMTSL2_Q86TH1_OID30370_v1_rs1008250_SUM"                        
  [66] "beta_ADAMTSL4_Q6UY14_OID30275_v1_rs758689051_SUM"                      
  [67] "beta_ADAMTSL5_Q6ZMM2_OID30355_v1_rs791461_SUM"                         
  [68] "beta_ADD1_P35611_OID30655_v1_rs1263339_SUM"                            
  [69] "beta_ADGRB3_O60242_OID20974_v1_rs3798969_SUM"                          
  [70] "beta_ADGRD1_Q6QNK2_OID30588_v1_rs4759533_SUM"                          
  [71] "beta_ADGRE1_Q14246_OID31483_v1_rs59055395_SUM"                         
  [72] "beta_ADGRE2_Q9UHX3_OID20755_v1_rs7251607_SUM"                          
  [73] "beta_ADGRE5_P48960_OID20260_v1_rs139113505_SUM"                        
  [74] "beta_ADGRG1_Q9Y653_OID21294_v1_rs733464_SUM"                           
  [75] "beta_ADH1B_P00325_OID30612_v1_rs41275699_SUM"                          
  [76] "beta_ADH4_P08319_OID20117_v1_rs1800759_SUM"                            
  [77] "beta_ADIPOQ_Q15848_OID30748_v1_rs143257534_SUM"                        
  [78] "beta_ADM_P35318_OID21467_v1_rs2403310_SUM"                             
  [79] "beta_AFAP1_Q8N556_OID30569_v1_rs41264705_SUM"                          
  [80] "beta_AFM_P43652_OID30741_v1_rs553977556_SUM"                           
  [81] "beta_AFP_P02771_OID20978_v1_rs12506899_SUM"                            
  [82] "beta_AGER_Q15109_OID20756_v1_rs204993_SUM"                             
  [83] "beta_AGR2_O95994_OID20896_v1_rs7807123_SUM"                            
  [84] "beta_AGRN_O00468_OID20786_v1_rs3121560_SUM"                            
  [85] "beta_AGRP_O00253_OID20658_v1_rs188707867_SUM"                          
  [86] "beta_AGT_P01019_OID30709_v1_rs4762_SUM"                                
  [87] "beta_AGXT_P21549_OID20139_v1_rs55649245_SUM"                           
  [88] "beta_AHCY_P23526_OID20199_v1_rs13043752_SUM"                           
  [89] "beta_AHNAK2_Q8IVF2_OID30244_v1_rs9805957_SUM"                          
  [90] "beta_AHNAK_Q09666_OID30260_v1_rs74853209_SUM"                          
  [91] "beta_AHSG_P02765_OID30706_v1_rs1900618_SUM"                            
  [92] "beta_AIF1_P55008_OID21234_v1_rs2261033_SUM"                            
  [93] "beta_AIF1L_Q9BQI0_OID30204_v1_rs7856365_SUM"                           
  [94] "beta_AK2_P54819_OID31142_v1_rs138577419_SUM"                           
  [95] "beta_AKR1B1_P15121_OID21244_v1_rs2229542_SUM"                          
  [96] "beta_AKR1C4_P17516_OID20062_v1_rs11253048_SUM"                         
  [97] "beta_AKR7L_Q8NHP1_OID30488_v1_rs59622577_SUM"                          
  [98] "beta_AKT3_Q9Y243_OID21197_v1_rs4515770_SUM"                            
  [99] "beta_ALCAM_Q13740_OID20273_v1_rs34926152_SUM"                          
 [100] "beta_ALDH1A1_P00352_OID21128_v1_rs112596047_SUM"                       
 [101] "beta_ALDH3A1_P30838_OID20512_v1_rs887241_SUM"                          
 [102] "beta_ALDH5A1_P51649_OID31047_v1_rs2744581_SUM"                         
 [103] "beta_ALPP_P05187_OID21383_v1_rs12478529_SUM"                           
 [104] "beta_AMBN_Q9NP70_OID20437_v1_-_SUM"                                    
 [105] "beta_AMBP_P02760_OID21413_v1_rs147941577_SUM"                          
 [106] "beta_AMIGO2_Q86SJ2_OID21370_v1_rs215384_SUM"                           
 [107] "beta_AMN_Q9BXJ7_OID20492_v1_rs2295829_SUM"                             
 [108] "beta_AMOTL2_Q9Y2J4_OID31351_v1_rs1353778_SUM"                          
 [109] "beta_AMPD3_Q01432_OID31139_v1_rs117706710_SUM"                         
 [110] "beta_AMY1A_AMY1B_AMY1C_P0DUB6_P0DTE7_P0DTE8_OID30707_v1_rs72694438_SUM"
 [111] "beta_AMY2A_P04746_OID20333_v1_rs78245241_SUM"                          
 [112] "beta_AMY2B_P19961_OID20340_v1_rs12080068_SUM"                          
 [113] "beta_ANG_P03950_OID20403_v1_rs8008227_SUM"                             
 [114] "beta_ANGPT1_Q15389_OID20740_v1_rs6993770_SUM"                          
 [115] "beta_ANGPT2_O15123_OID21463_v1_rs1968586_SUM"                          
 [116] "beta_ANGPTL1_O95841_OID20211_v1_rs12753251_SUM"                        
 [117] "beta_ANGPTL3_Q9Y5C1_OID20407_v1_rs763015008_SUM"                       
 [118] "beta_ANGPTL4_Q9BY76_OID20703_v1_rs2278236_SUM"                         
 [119] "beta_ANGPTL7_O43827_OID21412_v1_rs28991009_SUM"                        
 [120] "beta_ANKMY2_Q8IV38_OID30518_v1_rs4719474_SUM"                          
 [121] "beta_ANKRD54_Q6NXT1_OID21162_v1_rs35496925_SUM"                        
 [122] "beta_ANPEP_P15144_OID20350_v1_rs1042499_SUM"                           
 [123] "beta_ANXA11_P50995_OID20583_v1_rs2784773_SUM"                          
 [124] "beta_ANXA2_P07355_OID30263_v1_rs8033800_SUM"                           
 [125] "beta_ANXA3_P12429_OID21036_v1_rs146728751_SUM"                         
 [126] "beta_ANXA5_P08758_OID20810_v1_rs2306411_SUM"                           
 [127] "beta_AOC1_P19801_OID20452_v1_rs1049742_SUM"                            
 [128] "beta_AOC3_Q16853_OID20389_v1_rs33986943_SUM"                           
 [129] "beta_AP1G2_O75843_OID31348_v1_rs28403575_SUM"                          
 [130] "beta_APBB1IP_Q7Z5R6_OID21359_v1_rs2992335_SUM"                         
 [131] "beta_APCS_P02743_OID30778_v1_rs36126250_SUM"                           
 [132] "beta_APEX1_P27695_OID21434_v1_rs1130409_SUM"                           
 [133] "beta_APOA1_P02647_OID30769_v1_rs2727784_SUM"                           
 [134] "beta_APOA2_P02652_OID30686_v1_rs4073054_SUM"                           
 [135] "beta_APOA4_P06727_OID30733_v1_rs1729407_SUM"                           
 [136] "beta_APOBR_Q0VD83_OID30246_v1_rs149271_SUM"                            
 [137] "beta_APOC1_P02654_OID30749_v1_rs5112_SUM"                              
 [138] "beta_APOD_P05090_OID30746_v1_rs139828053_SUM"                          
 [139] "beta_APOE_P02649_OID30727_v1_rs429358_SUM"                             
 [140] "beta_APOF_Q13790_OID30701_v1_rs2020854_SUM"                            
 [141] "beta_APOH_P02749_OID21072_v1_rs1801689_SUM"                            
 [142] "beta_APOL1_O14791_OID30708_v1_rs136168_SUM"                            
 [143] "beta_APOM_O95445_OID20374_v1_rs805258_SUM"                             
 [144] "beta_APP_P05067_OID21070_v1_rs8131895_SUM"                             
 [145] "beta_APPL2_Q8NEU8_OID30590_v1_rs10778371_SUM"                          
 [146] "beta_APRT_P07741_OID20927_v1_rs111433410_SUM"                          
 [147] "beta_AREG_P15514_OID21357_v1_rs1691273_SUM"                            
 [148] "beta_ARFIP1_P53367_OID31024_v1_rs4619875_SUM"                          
 [149] "beta_ARG1_P05089_OID21445_v1_rs2781668_SUM"                            
 [150] "beta_ARG2_P78540_OID31339_v1_rs140881784_SUM"                          
 [151] "beta_ARHGAP25_P42331_OID21255_v1_rs13413887_SUM"                       
 [152] "beta_ARHGAP45_Q92619_OID30653_v1_rs34593562_SUM"                       
 [153] "beta_ARHGEF10_O15013_OID30994_v1_rs13281104_SUM"                       
 [154] "beta_ARHGEF5_Q12774_OID30871_v1_rs1635893_SUM"                         
 [155] "beta_ARL2BP_Q9Y2Y0_OID30121_v1_rs7198865_SUM"                          
 [156] "beta_ARSA_P15289_OID21138_v1_rs873697_SUM"                             
 [157] "beta_ARSB_P15848_OID21331_v1_rs1065757_SUM"                            
 [158] "beta_ART3_Q13508_OID20346_v1_-_SUM"                                    
 [159] "beta_ART5_Q96L15_OID30828_v1_rs75902876_SUM"                           
 [160] "beta_ASAH1_Q13510_OID30415_v1_rs2472205_SUM"                           
 [161] "beta_ASAH2_Q9NR71_OID20996_v1_rs2842126_SUM"                           
 [162] "beta_ASGR1_P07306_OID20990_v1_rs55714927_SUM"                          
 [163] "beta_ASGR2_P07307_OID30679_v1_rs2304978_SUM"                           
 [164] "beta_ASPN_Q9BXN1_OID30315_v1_rs2295941_SUM"                            
 [165] "beta_ASPSCR1_Q9BZE9_OID31055_v1_rs8074498_SUM"                         
 [166] "beta_ASRGL1_Q7L266_OID30283_v1_rs1043785_SUM"                          
 [167] "beta_ATOX1_O00244_OID21476_v1_rs371549947_SUM"                         
 [168] "beta_ATP5IF1_Q9UII2_OID20760_v1_rs510379_SUM"                          
 [169] "beta_ATP6V1G2_O95670_OID30167_v1_rs2239705_SUM"                        
 [170] "beta_ATRAID_Q6UW56_OID31451_v1_rs1275530_SUM"                          
 [171] "beta_ATRN_O75882-2_OID30735_v1_rs78971233_SUM"                         
 [172] "beta_ATXN10_Q9UBB4_OID20865_v1_rs138153_SUM"                           
 [173] "beta_ATXN3_P54252_OID31149_v1_rs55656743_SUM"                          
 [174] "beta_AXL_P30530_OID20363_v1_rs66841352_SUM"                            
 [175] "beta_AZU1_P20160_OID20309_v1_-_SUM"                                    
 [176] "beta_B3GNT7_Q8NFL0_OID30281_v1_rs2290130_SUM"                          
 [177] "beta_B4GALT1_P15291_OID20780_v1_rs7019909_SUM"                         
 [178] "beta_B4GAT1_O43505_OID21127_v1_rs10896113_SUM"                         
 [179] "beta_BAG3_O95817_OID20972_v1_rs35434411_SUM"                           
 [180] "beta_BAIAP2_Q9UQB8_OID21250_v1_rs9989483_SUM"                          
 [181] "beta_BANK1_Q8NDB2_OID20594_v1_rs3113676_SUM"                           
 [182] "beta_BAP18_Q8IXM2_OID31150_v1_rs8065014_SUM"                           
 [183] "beta_BCAM_P50895_OID21076_v1_rs28399654_SUM"                           
 [184] "beta_BCAN_Q96GW7_OID20998_v1_rs2365715_SUM"                            
 [185] "beta_BCAT1_P54687_OID30312_v1_rs11047639_SUM"                          
 [186] "beta_BCHE_P06276_OID30717_v1_rs73165060_SUM"                           
 [187] "beta_BCL2L15_Q5TBC7_OID30498_v1_rs1230715_SUM"                         
 [188] "beta_BCR_P11274_OID20558_v1_rs149005797_SUM"                           
 [189] "beta_BGLAP_P02818_OID30389_v1_rs369453512_SUM"                         
 [190] "beta_BID_P55957_OID20517_v1_rs183393610_SUM"                           
 [191] "beta_BIN2_Q9UBW5_OID21067_v1_rs149960700_SUM"                          
 [192] "beta_BIRC2_Q13490_OID21217_v1_rs61754131_SUM"                          
 [193] "beta_BLMH_Q13867_OID20336_v1_rs1050565_SUM"                            
 [194] "beta_BLNK_Q8WV28_OID30541_v1_rs55769428_SUM"                           
 [195] "beta_BLVRB_P30043_OID21141_v1_rs149698066_SUM"                         
 [196] "beta_BMP10_O95393_OID30575_v1_rs34008398_SUM"                          
 [197] "beta_BMP6_P22004_OID20111_v1_rs71542879_SUM"                           
 [198] "beta_BMPER_Q8N8U9_OID30615_v1_rs201897458_SUM"                         
 [199] "beta_BNIP3L_O60238_OID30525_v1_rs201672609_SUM"                        
 [200] "beta_BOC_Q9BWV1_OID20116_v1_rs3856718_SUM"                             
 [201] "beta_BOLA1_Q9Y3E2_OID30837_v1_rs72708157_SUM"                          
 [202] "beta_BOLA2_BOLA2B_Q9H3K6_OID30267_v1_rs111894927_SUM"                  
 [203] "beta_BPIFA2_Q96DR5_OID30279_v1_rs6059134_SUM"                          
 [204] "beta_BPIFB1_Q8TDL5_OID20308_v1_rs2424963_SUM"                          
 [205] "beta_BPIFB2_Q8N4F0_OID30311_v1_rs2377736_SUM"                          
 [206] "beta_BRSK2_Q8IWQ3_OID31042_v1_rs7395567_SUM"                           
 [207] "beta_BSG_P35613_OID20626_v1_rs56101188_SUM"                            
 [208] "beta_BST1_Q10588_OID21051_v1_rs2302465_SUM"                            
 [209] "beta_BST2_Q10589_OID21029_v1_rs8101243_SUM"                            
 [210] "beta_BTC_P35070_OID21199_v1_rs28549760_SUM"                            
 [211] "beta_BTD_P43251_OID30754_v1_rs13078881_SUM"                            
 [212] "beta_BTN1A1_Q13410_OID31363_v1_rs12211201_SUM"                         
 [213] "beta_BTN2A1_Q7KYR7_OID20713_v1_rs72843784_SUM"                         
 [214] "beta_BTN3A2_P78410_OID20540_v1_rs9393710_SUM"                          
 [215] "beta_C19orf12_Q9NSK7_OID20804_v1_rs146170087_SUM"                      
 [216] "beta_C1QA_P02745_OID20654_v1_rs12058824_SUM"                           
 [217] "beta_C1QL2_Q7Z5L3_OID30515_v1_rs34475538_SUM"                          
 [218] "beta_C1QTNF1_Q9BXJ1_OID20367_v1_rs116539064_SUM"                       
 [219] "beta_C1QTNF5_Q9BXJ0_OID30618_v1_rs2509656_SUM"                         
 [220] "beta_C1QTNF6_Q9BXI9_OID31049_v1_rs535685845_SUM"                       
 [221] "beta_C1QTNF9_P0C862_OID30620_v1_rs1961993_SUM"                         
 [222] "beta_C1R_P00736_OID30753_v1_rs10849546_SUM"                            
 [223] "beta_C1RL_Q9NZP8_OID30721_v1_rs191448232_SUM"                          
 [224] "beta_C1S_P09871_OID30731_v1_rs12146727_SUM"                            
 [225] "beta_C2_P06681_OID20410_v1_-_SUM"                                      
 [226] "beta_C2CD2L_O14523_OID20864_v1_rs640603_SUM"                           
 [227] "beta_C2orf69_Q8N8R5_OID30883_v1_rs17629007_SUM"                        
 [228] "beta_C3_P01024_OID30776_v1_rs11569466_SUM"                             
 [229] "beta_C4BPB_P20851_OID21481_v1_-_SUM"                                   
 [230] "beta_C5_P01031_OID30744_v1_rs4837810_SUM"                              
 [231] "beta_C7_P10643_OID30766_v1_rs74480769_SUM"                             
 [232] "beta_C7orf50_Q9BRJ6_OID31095_v1_rs200169409_SUM"                       
 [233] "beta_C8B_P07358_OID30719_v1_rs626457_SUM"                              
 [234] "beta_C9_P02748_OID30698_v1_rs34000044_SUM"                             
 [235] "beta_CA11_O75493_OID21195_v1_-_SUM"                                    
 [236] "beta_CA12_O43570_OID21344_v1_rs12916532_SUM"                           
 [237] "beta_CA13_Q8N1Q1_OID20225_v1_rs56072918_SUM"                           
 [238] "beta_CA14_Q9ULX7_OID21401_v1_rs1122967_SUM"                            
 [239] "beta_CA1_P00915_OID20409_v1_rs12544332_SUM"                            
 [240] "beta_CA2_P00918_OID21149_v1_rs2980370_SUM"                             
 [241] "beta_CA3_P07451_OID20271_v1_rs2072696_SUM"                             
 [242] "beta_CA4_P22748_OID20241_v1_rs117154637_SUM"                           
 [243] "beta_CA5A_P35218_OID20075_v1_rs55870502_SUM"                           
 [244] "beta_CA6_P23280_OID21096_v1_rs3765963_SUM"                             
 [245] "beta_CA9_Q16790_OID21417_v1_rs183985235_SUM"                           
 [246] "beta_CACNB3_P54284_OID31039_v1_rs7975385_SUM"                          
 [247] "beta_CACYBP_Q9HB71_OID30649_v1_-_SUM"                                  
 [248] "beta_CALB1_P05937_OID21306_v1_rs143241372_SUM"                         
 [249] "beta_CALB2_P22676_OID20801_v1_rs1476089_SUM"                           
 [250] "beta_CALCA_P01258_OID20983_v1_rs782744846_SUM"                         
 [251] "beta_CALCB_P10092_OID31100_v1_rs4757282_SUM"                           
 [252] "beta_CALCOCO1_Q9P1Z2_OID21387_v1_rs17102261_SUM"                       
 [253] "beta_CALCOCO2_Q13137_OID30249_v1_rs606911_SUM"                         
 [254] "beta_CAMKK1_Q8N5S9_OID21182_v1_rs753513_SUM"                           
 [255] "beta_CANT1_Q8WVQ1_OID20181_v1_rs17739056_SUM"                          
 [256] "beta_CAPG_P40121_OID21431_v1_rs6886_SUM"                               
 [257] "beta_CAPS_Q13938_OID31126_v1_rs147363394_SUM"                          
 [258] "beta_CARHSP1_Q9Y2V2_OID20859_v1_rs12597479_SUM"                        
 [259] "beta_CASP10_Q92851_OID20893_v1_rs7576306_SUM"                          
 [260] "beta_CASP3_P42574_OID20305_v1_rs62339863_SUM"                          
 [261] "beta_CASP7_P55210_OID31135_v1_rs141266925_SUM"                         
 [262] "beta_CASP8_Q14790_OID21414_v1_rs34841024_SUM"                          
 [263] "beta_CASP9_P55211_OID30530_v1_rs12024833_SUM"                          
 [264] "beta_CAT_P04040_OID30712_v1_rs2284368_SUM"                             
 [265] "beta_CBLIF_P27352_OID20179_v1_rs1787909_SUM"                           
 [266] "beta_CBLN4_Q9NTU7_OID21386_v1_rs12624596_SUM"                          
 [267] "beta_CBS_P35520_OID30200_v1_rs6586281_SUM"                             
 [268] "beta_CC2D1A_Q6P1N0_OID20958_v1_rs61740117_SUM"                         
 [269] "beta_CCDC134_Q9H6E4_OID31413_v1_rs78290111_SUM"                        
 [270] "beta_CCDC50_Q8IVM0_OID31001_v1_rs35380043_SUM"                         
 [271] "beta_CCDC80_Q76M96_OID20226_v1_rs6772337_SUM"                          
 [272] "beta_CCER2_I3L3R5_OID30221_v1_rs190921775_SUM"                         
 [273] "beta_CCL11_P51671_OID20668_v1_rs140905292_SUM"                         
 [274] "beta_CCL13_Q99616_OID20655_v1_rs3136674_SUM"                           
 [275] "beta_CCL14_Q16627_OID20401_v1_rs9903158_SUM"                           
 [276] "beta_CCL15_Q16663_OID20328_v1_-_SUM"                                   
 [277] "beta_CCL16_O15467_OID20334_v1_rs112689088_SUM"                         
 [278] "beta_CCL17_Q92583_OID20745_v1_rs9302690_SUM"                           
 [279] "beta_CCL18_P55774_OID20395_v1_rs2015086_SUM"                           
 [280] "beta_CCL19_Q99731_OID21030_v1_rs10972202_SUM"                          
 [281] "beta_CCL20_P78556_OID20671_v1_rs1395338_SUM"                           
 [282] "beta_CCL21_O00585_OID20686_v1_rs10814138_SUM"                          
 [283] "beta_CCL22_O00626_OID20765_v1_rs41398344_SUM"                          
 [284] "beta_CCL23_P55773_OID20693_v1_rs712048_SUM"                            
 [285] "beta_CCL24_O00175_OID20772_v1_rs2024050_SUM"                           
 [286] "beta_CCL25_O15444_OID20674_v1_rs2032887_SUM"                           
 [287] "beta_CCL26_Q9Y258_OID20546_v1_rs41463245_SUM"                          
 [288] "beta_CCL27_Q9Y4X3_OID20121_v1_rs2070074_SUM"                           
 [289] "beta_CCL28_Q9NRJ3_OID20569_v1_rs200708155_SUM"                         
 [290] "beta_CCL2_P13500_OID21004_v1_rs12601658_SUM"                           
 [291] "beta_CCL3_P10147_OID20610_v1_rs1634486_SUM"                            
 [292] "beta_CCL4_P13236_OID20695_v1_rs1015673_SUM"                            
 [293] "beta_CCL5_P13501_OID20412_v1_rs2107538_SUM"                            
 [294] "beta_CCL7_P80098_OID20523_v1_rs6505397_SUM"                            
 [295] "beta_CCL8_P80075_OID21466_v1_rs1133763_SUM"                            
 [296] "beta_CCN1_O00622_OID21368_v1_rs4949896_SUM"                            
 [297] "beta_CCN2_P29279_OID20709_v1_rs7767139_SUM"                            
 [298] "beta_CCN3_P48745_OID20299_v1_rs2279112_SUM"                            
 [299] "beta_CCN4_O95388_OID21444_v1_rs12156037_SUM"                           
 [300] "beta_CCN5_O76076_OID21068_v1_-_SUM"                                    
 [301] "beta_CCS_O14618_OID20973_v1_rs498045_SUM"                              
 [302] "beta_CD101_Q93033_OID31480_v1_rs12130298_SUM"                          
 [303] "beta_CD109_Q6YHK3_OID21108_v1_-_SUM"                                   
 [304] "beta_CD14_P08571_OID20378_v1_rs5744441_SUM"                            
 [305] "beta_CD163_Q86VB7_OID20360_v1_rs11054859_SUM"                          
 [306] "beta_CD164_Q04900_OID21080_v1_rs12213313_SUM"                          
 [307] "beta_CD164L2_Q6UWJ8_OID30922_v1_rs734725_SUM"                          
 [308] "beta_CD177_Q8N6Q3_OID21119_v1_rs78530667_SUM"                          
 [309] "beta_CD1C_P29017_OID21483_v1_rs115248892_SUM"                          
 [310] "beta_CD200_P41217_OID20603_v1_rs2399420_SUM"                           
 [311] "beta_CD200R1_Q8TD46_OID20595_v1_rs16860233_SUM"                        
 [312] "beta_CD207_Q9UJ71_OID21298_v1_rs17718987_SUM"                          
 [313] "beta_CD209_Q9NNX6_OID20262_v1_rs4804774_SUM"                           
 [314] "beta_CD226_Q15762_OID30556_v1_rs13381239_SUM"                          
 [315] "beta_CD22_P20273_OID20637_v1_rs10411704_SUM"                           
 [316] "beta_CD244_Q9BZW8_OID20628_v1_rs115868021_SUM"                         
 [317] "beta_CD248_Q9HCU0_OID30394_v1_rs182547559_SUM"                         
 [318] "beta_CD274_Q9NZQ7_OID20966_v1_rs822340_SUM"                            
 [319] "beta_CD276_Q5ZPR3_OID20680_v1_rs2291014_SUM"                           
 [320] "beta_CD27_P26842_OID21527_v1_rs25680_SUM"                              
 [321] "beta_CD28_P10747_OID21265_v1_rs13406632_SUM"                           
 [322] "beta_CD2AP_Q9Y5K6_OID20177_v1_rs1385742_SUM"                           
 [323] "beta_CD300A_Q9UGN4_OID30576_v1_rs62087202_SUM"                         
 [324] "beta_CD300C_Q08708_OID21010_v1_rs58440339_SUM"                         
 [325] "beta_CD300E_Q496F6_OID21418_v1_rs1719465_SUM"                          
 [326] "beta_CD300LF_Q8TDQ1_OID21469_v1_rs35489971_SUM"                        
 [327] "beta_CD300LG_Q6UXG3_OID21130_v1_rs72836561_SUM"                        
 [328] "beta_CD302_Q8IX05_OID21328_v1_rs2556106_SUM"                           
 [329] "beta_CD33_P20138_OID21472_v1_rs2455069_SUM"                            
 [330] "beta_CD34_P28906_OID21025_v1_rs6671850_SUM"                            
 [331] "beta_CD36_P16671_OID30485_v1_rs6961069_SUM"                            
 [332] "beta_CD38_P28907_OID21316_v1_rs6449182_SUM"                            
 [333] "beta_CD40_P25942_OID20724_v1_rs4810485_SUM"                            
 [334] "beta_CD46_P15529_OID20380_v1_rs1970530_SUM"                            
 [335] "beta_CD48_P09326_OID20692_v1_rs2295615_SUM"                            
 [336] "beta_CD4_P01730_OID20584_v1_rs73053728_SUM"                            
 [337] "beta_CD55_P08174_OID20377_v1_rs1583090_SUM"                            
 [338] "beta_CD58_P19256_OID20716_v1_rs10801908_SUM"                           
 [339] "beta_CD59_P13987_OID20339_v1_rs704701_SUM"                             
 [340] "beta_CD5_P06127_OID21449_v1_rs4939490_SUM"                             
 [341] "beta_CD5L_O43866_OID30775_v1_rs2765501_SUM"                            
 [342] "beta_CD63_P08962_OID20988_v1_rs187372065_SUM"                          
 [343] "beta_CD69_Q07108_OID20206_v1_rs12819552_SUM"                           
 [344] "beta_CD6_P30203_OID20649_v1_rs11230563_SUM"                            
 [345] "beta_CD70_P32970_OID20599_v1_rs7254538_SUM"                            
 [346] "beta_CD72_P21854_OID30641_v1_rs869487_SUM"                             
 [347] "beta_CD74_P04233_OID21040_v1_rs79078220_SUM"                           
 [348] "beta_CD79B_P40259_OID20635_v1_rs12946669_SUM"                          
 [349] "beta_CD7_P09564_OID30543_v1_rs3176831_SUM"                             
 [350] "beta_CD80_P33681_OID30291_v1_rs56078908_SUM"                           
 [351] "beta_CD83_Q01151_OID20565_v1_rs12526086_SUM"                           
 [352] "beta_CD84_Q9UIB8_OID20607_v1_rs11265440_SUM"                           
 [353] "beta_CD86_P42081_OID31500_v1_rs192337168_SUM"                          
 [354] "beta_CD8A_P01732_OID21018_v1_rs3020726_SUM"                            
 [355] "beta_CDA_P32320_OID30345_v1_rs2072671_SUM"                             
 [356] "beta_CDC27_P30260_OID21238_v1_rs79702286_SUM"                          
 [357] "beta_CDCP1_Q9H5V8_OID20940_v1_rs2276862_SUM"                           
 [358] "beta_CDH15_P55291_OID21005_v1_rs11646135_SUM"                          
 [359] "beta_CDH17_Q12864_OID20134_v1_rs763526069_SUM"                         
 [360] "beta_CDH23_Q9H251_OID31074_v1_rs2166631_SUM"                           
 [361] "beta_CDH2_P19022_OID20170_v1_rs12454164_SUM"                           
 [362] "beta_CDH3_P22223_OID21008_v1_rs138190335_SUM"                          
 [363] "beta_CDH5_P33151_OID20243_v1_rs16956504_SUM"                           
 [364] "beta_CDH6_P55285_OID20157_v1_rs4626350_SUM"                            
 [365] "beta_CDHR1_Q96JP9_OID20808_v1_rs7916271_SUM"                           
 [366] "beta_CDHR2_Q9BYE9_OID21282_v1_rs2963680_SUM"                           
 [367] "beta_CDHR5_Q9HBB8_OID20193_v1_rs12360820_SUM"                          
 [368] "beta_CDKN1A_P38936_OID21319_v1_rs3176345_SUM"                          
 [369] "beta_CDNF_Q49AH0_OID21318_v1_rs61738953_SUM"                           
 [370] "beta_CDON_Q4KMG0_OID20754_v1_rs607980_SUM"                             
 [371] "beta_CDSN_Q15517_OID20667_v1_rs3095306_SUM"                            
 [372] "beta_CEACAM16_Q2WEN9_OID31495_v1_rs17715069_SUM"                       
 [373] "beta_CEACAM19_Q7Z692_OID31443_v1_rs62119322_SUM"                       
 [374] "beta_CEACAM1_P13688_OID21528_v1_rs10416089_SUM"                        
 [375] "beta_CEACAM20_Q6UY09_OID31308_v1_rs10414398_SUM"                       
 [376] "beta_CEACAM21_Q3KPI0_OID20548_v1_rs140838345_SUM"                      
 [377] "beta_CEACAM5_P06731_OID21171_v1_rs9621_SUM"                            
 [378] "beta_CEACAM6_P40199_OID30362_v1_rs12459454_SUM"                        
 [379] "beta_CEACAM8_P31997_OID20102_v1_rs12459454_SUM"                        
 [380] "beta_CELA2A_P08217_OID30411_v1_rs188524036_SUM"                        
 [381] "beta_CELA3A_P09093_OID20298_v1_rs34262568_SUM"                         
 [382] "beta_CELSR2_Q9HCU4_OID30593_v1_rs12740374_SUM"                         
 [383] "beta_CEMIP2_Q9UHN6_OID30499_v1_rs191912523_SUM"                        
 [384] "beta_CENPF_P49454_OID31329_v1_rs140399039_SUM"                         
 [385] "beta_CEP112_Q8N8E3_OID30115_v1_rs12938334_SUM"                         
 [386] "beta_CEP152_O94986_OID31249_v1_rs77379665_SUM"                         
 [387] "beta_CEP170_Q5SW79_OID30240_v1_rs12072595_SUM"                         
 [388] "beta_CEP20_Q96NB1_OID21209_v1_rs74009487_SUM"                          
 [389] "beta_CEP43_O95684_OID20084_v1_rs2237276_SUM"                           
 [390] "beta_CEP85_Q6P2H3_OID21241_v1_rs751511889_SUM"                         
 [391] "beta_CERT_Q9Y5P4_OID20857_v1_rs10942737_SUM"                           
 [392] "beta_CES1_P23141_OID20244_v1_rs143168962_SUM"                          
 [393] "beta_CES2_O00748_OID21366_v1_rs140461033_SUM"                          
 [394] "beta_CES3_Q6UWW8_OID21340_v1_rs71647892_SUM"                           
 [395] "beta_CETN3_O15182_OID31525_v1_rs4873_SUM"                              
 [396] "beta_CFB_P00751_OID30755_v1_rs641153_SUM"                              
 [397] "beta_CFD_P00746_OID30738_v1_rs71335276_SUM"                            
 [398] "beta_CFH_P08603_OID30790_v1_rs731557_SUM"                              
 [399] "beta_CFHR2_P36980_OID30720_v1_rs4085749_SUM"                           
 [400] "beta_CFHR4_Q92496_OID30758_v1_rs4915363_SUM"                           
 [401] "beta_CFHR5_Q9BXR6_OID30716_v1_rs72732234_SUM"                          
 [402] "beta_CFI_P05156_OID30772_v1_rs10033900_SUM"                            
 [403] "beta_CGB3_CGB5_CGB8_P0DN86_OID30671_v1_rs7252920_SUM"                  
 [404] "beta_CGREF1_Q99674_OID20152_v1_rs2384572_SUM"                          
 [405] "beta_CHAC2_Q8WUX2_OID21230_v1_rs78694551_SUM"                          
 [406] "beta_CHAD_O15335_OID30660_v1_rs144030994_SUM"                          
 [407] "beta_CHCHD10_Q8WYQ3_OID31116_v1_rs34284791_SUM"                        
 [408] "beta_CHCHD6_Q9BRQ6_OID31426_v1_rs9863101_SUM"                          
 [409] "beta_CHGA_P10645_OID30403_v1_rs729940_SUM"                             
 [410] "beta_CHGB_P05060_OID21038_v1_rs236153_SUM"                             
 [411] "beta_CHI3L1_P36222_OID20399_v1_rs4950928_SUM"                          
 [412] "beta_CHIT1_Q13231_OID20312_v1_rs872583_SUM"                            
 [413] "beta_CHL1_O00533_OID20366_v1_rs931679_SUM"                             
 [414] "beta_CHMP1A_Q9HD42_OID20930_v1_rs460879_SUM"                           
 [415] "beta_CHMP6_Q96FZ7_OID30327_v1_rs56239087_SUM"                          
 [416] "beta_CHRDL2_Q6WN34_OID20223_v1_rs574672574_SUM"                        
 [417] "beta_CIAPIN1_Q6FI81_OID21501_v1_rs11458669_SUM"                        
 [418] "beta_CILP_O75339_OID30399_v1_rs2585035_SUM"                            
 [419] "beta_CIT_O14578_OID30970_v1_rs17527306_SUM"                            
 [420] "beta_CKAP4_Q07065_OID20617_v1_rs2704895_SUM"                           
 [421] "beta_CKMT1A_CKMT1B_P12532_OID20721_v1_rs690604_SUM"                    
 [422] "beta_CLC_Q05315_OID20126_v1_rs143121234_SUM"                           
 [423] "beta_CLEC10A_Q8IUN9_OID20928_v1_rs90951_SUM"                           
 [424] "beta_CLEC11A_Q9Y240_OID21112_v1_rs141369989_SUM"                       
 [425] "beta_CLEC12A_Q5QGZ9_OID30552_v1_rs12230629_SUM"                        
 [426] "beta_CLEC14A_Q86T13_OID21090_v1_rs10151239_SUM"                        
 [427] "beta_CLEC1A_Q8NC01_OID20099_v1_rs7961483_SUM"                          
 [428] "beta_CLEC1B_Q9P126_OID21061_v1_rs659928_SUM"                           
 [429] "beta_CLEC3B_P05452_OID30756_v1_rs13065490_SUM"                         
 [430] "beta_CLEC4A_Q9UMR7_OID20573_v1_rs117213717_SUM"                        
 [431] "beta_CLEC4C_Q8WTT0_OID20547_v1_rs10845821_SUM"                         
 [432] "beta_CLEC4D_Q8WXI8_OID20609_v1_rs4242896_SUM"                          
 [433] "beta_CLEC4G_Q6UXB4_OID20590_v1_rs76560987_SUM"                         
 [434] "beta_CLEC4M_Q9H2X3_OID30405_v1_rs4804774_SUM"                          
 [435] "beta_CLEC5A_Q9NY25_OID20165_v1_rs6962383_SUM"                          
 [436] "beta_CLEC6A_Q6EIG7_OID21228_v1_rs11045427_SUM"                         
 [437] "beta_CLEC7A_Q9BXN2_OID20636_v1_rs16910526_SUM"                         
 [438] "beta_CLGN_O14967_OID30957_v1_rs6852397_SUM"                            
 [439] "beta_CLIC5_Q9NZA1_OID30890_v1_rs2022423_SUM"                           
 [440] "beta_CLIP2_Q9UDT6_OID20559_v1_rs117471007_SUM"                         
 [441] "beta_CLMP_Q9H6B4_OID21419_v1_rs73017877_SUM"                           
 [442] "beta_CLPS_P04118_OID21156_v1_rs2766588_SUM"                            
 [443] "beta_CLSTN2_Q9H4D0_OID20664_v1_rs41265459_SUM"                         
 [444] "beta_CLSTN3_Q9BQT9_OID31092_v1_rs2167285_SUM"                          
 [445] "beta_CLU_P10909_OID30732_v1_rs553014_SUM"                              
 [446] "beta_CLUL1_Q15846_OID20198_v1_rs12957470_SUM"                          
 [447] "beta_CMC1_Q7Z7K0_OID30360_v1_rs370517451_SUM"                          
 [448] "beta_CNDP1_Q96KN2_OID20347_v1_rs17817077_SUM"                          
 [449] "beta_CNP_P09543_OID30285_v1_-_SUM"                                     
 [450] "beta_CNPY4_Q8N129_OID21317_v1_rs144305120_SUM"                         
 [451] "beta_CNTN1_Q12860_OID20307_v1_rs11177604_SUM"                          
 [452] "beta_CNTN2_Q02246_OID21426_v1_rs2071533_SUM"                           
 [453] "beta_CNTN3_Q9P232_OID21092_v1_rs4677414_SUM"                           
 [454] "beta_CNTN4_Q8IWV2_OID21117_v1_rs163352_SUM"                            
 [455] "beta_CNTN5_O94779_OID21006_v1_rs898776_SUM"                            
 [456] "beta_CNTNAP2_Q9UHC6_OID20556_v1_rs7810370_SUM"                         
 [457] "beta_COCH_O43405_OID30305_v1_rs28400019_SUM"                           
 [458] "beta_COL15A1_P39059_OID30396_v1_rs10819566_SUM"                        
 [459] "beta_COL18A1_P39060_OID20332_v1_rs9976834_SUM"                         
 [460] "beta_COL1A1_P02452_OID20335_v1_rs147266928_SUM"                        
 [461] "beta_COL24A1_Q17RW2_OID31464_v1_rs11161756_SUM"                        
 [462] "beta_COL28A1_Q2UY09_OID30969_v1_rs7810134_SUM"                         
 [463] "beta_COL2A1_P02458_OID30286_v1_rs10875723_SUM"                         
 [464] "beta_COL3A1_P02461_OID30379_v1_rs540608250_SUM"                        
 [465] "beta_COL4A1_P02462_OID20208_v1_rs652572_SUM"                           
 [466] "beta_COL5A1_P20908_OID30587_v1_rs12002679_SUM"                         
 [467] "beta_COL6A3_P12111_OID20292_v1_rs1050785_SUM"                          
 [468] "beta_COL9A1_P20849_OID20550_v1_rs543674622_SUM"                        
 [469] "beta_COLEC12_Q5KU26_OID20738_v1_rs149622251_SUM"                       
 [470] "beta_COMMD1_Q8N668_OID30222_v1_rs55677935_SUM"                         
 [471] "beta_COMP_P49747_OID20405_v1_rs12974746_SUM"                           
 [472] "beta_COMT_P21964_OID20086_v1_rs4680_SUM"                               
 [473] "beta_COQ7_Q99807_OID30217_v1_rs11074359_SUM"                           
 [474] "beta_CPA1_P15085_OID20280_v1_rs13226219_SUM"                           
 [475] "beta_CPA2_P48052_OID21060_v1_rs6952090_SUM"                            
 [476] "beta_CPA4_Q9UI42_OID30606_v1_rs34587586_SUM"                           
 [477] "beta_CPB1_P15086_OID20289_v1_rs13318853_SUM"                           
 [478] "beta_CPB2_Q96IY4_OID30734_v1_rs6561283_SUM"                            
 [479] "beta_CPE_P16870_OID21392_v1_rs1550270_SUM"                             
 [480] "beta_CPM_P14384_OID21054_v1_rs7978197_SUM"                             
 [481] "beta_CPOX_P36551_OID30495_v1_rs1729988_SUM"                            
 [482] "beta_CPPED1_Q9BRF8_OID21053_v1_rs8062313_SUM"                          
 [483] "beta_CPQ_Q9Y646_OID30406_v1_rs148684432_SUM"                           
 [484] "beta_CPVL_Q9H3G5_OID21435_v1_rs34219043_SUM"                           
 [485] "beta_CPXM1_Q96SM3_OID21479_v1_rs215545_SUM"                            
 [486] "beta_CPXM2_Q8N436_OID30322_v1_rs28741041_SUM"                          
 [487] "beta_CR1_P17927_OID30697_v1_rs679515_SUM"                              
 [488] "beta_CR2_P20023_OID20393_v1_rs61821113_SUM"                            
 [489] "beta_CRACR2A_Q9BSW2_OID21249_v1_rs6489498_SUM"                         
 [490] "beta_CRADD_P78560_OID20923_v1_rs56944668_SUM"                          
 [491] "beta_CREG1_O75629_OID21515_v1_rs7513428_SUM"                           
 [492] "beta_CRELD1_Q96HD1_OID30619_v1_rs9878047_SUM"                          
 [493] "beta_CRELD2_Q6UXH1_OID20751_v1_rs74510325_SUM"                         
 [494] "beta_CRH_P06850_OID21257_v1_rs59104426_SUM"                            
 [495] "beta_CRHBP_P24387_OID20747_v1_rs6896257_SUM"                           
 [496] "beta_CRIM1_Q9NZV1_OID20701_v1_rs201258494_SUM"                         
 [497] "beta_CRIP2_P52943_OID20901_v1_rs80324969_SUM"                          
 [498] "beta_CRISP2_P16562_OID21456_v1_rs555247_SUM"                           
 [499] "beta_CRISP3_P54108_OID30715_v1_rs1025347_SUM"                          
 [500] "beta_CRNN_Q9UBG3_OID21427_v1_rs10494275_SUM"                           
 [501] "beta_CRTAC1_Q9NQ79_OID20279_v1_rs56007204_SUM"                         
 [502] "beta_CRTAM_O95727_OID20914_v1_rs2370794_SUM"                           
 [503] "beta_CRYBB1_P53674_OID30319_v1_rs4822754_SUM"                          
 [504] "beta_CRYGD_P07320_OID31144_v1_rs34570682_SUM"                          
 [505] "beta_CRYM_Q14894_OID30815_v1_rs2733910_SUM"                            
 [506] "beta_CRYZL1_O95825_OID30272_v1_rs13050238_SUM"                         
 [507] "beta_CSF1_P09603_OID20719_v1_rs11577194_SUM"                           
 [508] "beta_CSF1R_P07333_OID30681_v1_rs56048668_SUM"                          
 [509] "beta_CSF2_P04141_OID30072_v1_rs25882_SUM"                              
 [510] "beta_CSF2RB_P32927_OID30553_v1_rs2239749_SUM"                          
 [511] "beta_CSF3_P09919_OID20491_v1_rs748908389_SUM"                          
 [512] "beta_CSF3R_Q99062_OID30527_v1_rs3917999_SUM"                           
 [513] "beta_CSPG4_Q6UVK1_OID30397_v1_rs11854097_SUM"                          
 [514] "beta_CST1_P01037_OID30581_v1_rs4549181_SUM"                            
 [515] "beta_CST3_P01034_OID20400_v1_rs911119_SUM"                             
 [516] "beta_CST5_P28325_OID20995_v1_rs1799841_SUM"                            
 [517] "beta_CST6_Q15828_OID20293_v1_rs12577165_SUM"                           
 [518] "beta_CST7_O76096_OID20704_v1_rs227651_SUM"                             
 [519] "beta_CSTB_P04080_OID20294_v1_-_SUM"                                    
 [520] "beta_CTBS_Q01459_OID30710_v1_rs79723172_SUM"                           
 [521] "beta_CTF1_Q16619_OID20061_v1_-_SUM"                                    
 [522] "beta_CTHRC1_Q96CG8_OID30393_v1_rs827592_SUM"                           
 [523] "beta_CTRB1_P17538_OID21150_v1_rs8051363_SUM"                           
 [524] "beta_CTRC_Q99895_OID20752_v1_rs497078_SUM"                             
 [525] "beta_CTRL_P40313_OID31157_v1_rs20549_SUM"                              
 [526] "beta_CTSB_P07858_OID20276_v1_rs709821_SUM"                             
 [527] "beta_CTSC_P53634_OID20679_v1_rs11600158_SUM"                           
 [528] "beta_CTSD_P07339_OID20358_v1_rs55861089_SUM"                           
 [529] "beta_CTSF_Q9UBX1_OID21500_v1_rs1044522_SUM"                            
 [530] "beta_CTSH_P09668_OID20113_v1_rs60250730_SUM"                           
 [531] "beta_CTSL_P07711_OID20228_v1_rs868561_SUM"                             
 [532] "beta_CTSO_P43234_OID20660_v1_rs2334114_SUM"                            
 [533] "beta_CTSS_P25774_OID21056_v1_rs771911677_SUM"                          
 [534] "beta_CTSV_O60911_OID21405_v1_rs12686511_SUM"                           
 [535] "beta_CTSZ_Q9UBR2_OID20365_v1_rs199825459_SUM"                          
 [536] "beta_CWC15_Q9P013_OID31479_v1_rs16921241_SUM"                          
 [537] "beta_CX3CL1_P78423_OID20976_v1_rs781264602_SUM"                        
 [538] "beta_CXADR_P78310_OID20561_v1_rs2849900_SUM"                           
 [539] "beta_CXCL10_P02778_OID20697_v1_rs11548618_SUM"                         
 [540] "beta_CXCL11_O14625_OID21042_v1_rs35170645_SUM"                         
 [541] "beta_CXCL12_P48061_OID20464_v1_rs11239028_SUM"                         
 [542] "beta_CXCL13_O43927_OID21024_v1_rs2053526_SUM"                          
 [543] "beta_CXCL14_O95715_OID20458_v1_rs13171268_SUM"                         
 [544] "beta_CXCL16_Q9H2A7_OID20282_v1_rs78086290_SUM"                         
 [545] "beta_CXCL17_Q6UXB2_OID20622_v1_rs11668599_SUM"                         
 [546] "beta_CXCL1_P09341_OID20762_v1_rs3097411_SUM"                           
 [547] "beta_CXCL5_P42830_OID20207_v1_rs352045_SUM"                            
 [548] "beta_CXCL6_P80162_OID20613_v1_rs16850073_SUM"                          
 [549] "beta_CXCL8_P10145_OID21430_v1_rs74468557_SUM"                          
 [550] "beta_CXCL9_Q07325_OID20675_v1_rs13118503_SUM"                          
 [551] "beta_CYB5R2_Q6BCY4_OID31512_v1_rs61683338_SUM"                         
 [552] "beta_CYTL1_Q9NRR1_OID30374_v1_rs11722554_SUM"                          
 [553] "beta_DAG1_Q14118_OID20774_v1_-_SUM"                                    
 [554] "beta_DAPK2_Q9UIK4_OID30505_v1_rs34772505_SUM"                          
 [555] "beta_DAPP1_Q9UN19_OID20524_v1_rs7688733_SUM"                           
 [556] "beta_DARS1_P14868_OID20903_v1_rs149170955_SUM"                         
 [557] "beta_DBH_P09172_OID30703_v1_rs1611115_SUM"                             
 [558] "beta_DBI_P07108_OID21143_v1_rs72833212_SUM"                            
 [559] "beta_DBNL_Q9UJU6_OID20681_v1_rs7799945_SUM"                            
 [560] "beta_DCBLD2_Q96PD2_OID21474_v1_rs12487717_SUM"                         
 [561] "beta_DCC_P43146_OID30953_v1_rs9807459_SUM"                             
 [562] "beta_DCTPP1_Q9H773_OID20148_v1_rs146094440_SUM"                        
 [563] "beta_DCXR_Q7Z4W1_OID21480_v1_rs61746217_SUM"                           
 [564] "beta_DDAH1_O94760_OID21299_v1_rs1498374_SUM"                           
 [565] "beta_DDC_P20711_OID20215_v1_rs12112308_SUM"                            
 [566] "beta_DDHD2_O94830_OID31043_v1_rs571633916_SUM"                         
 [567] "beta_DDI2_Q5TDH0_OID30602_v1_rs41270291_SUM"                           
 [568] "beta_DDR1_Q08345_OID21009_v1_rs3095353_SUM"                            
 [569] "beta_DDT_P30046_OID30372_v1_rs1006771_SUM"                             
 [570] "beta_DDX58_O95786_OID21226_v1_rs1133071_SUM"                           
 [571] "beta_DECR1_Q16698_OID20579_v1_rs189045259_SUM"                         
 [572] "beta_DEFA1_DEFA1B_P59665_OID20344_v1_rs116236945_SUM"                  
 [573] "beta_DEFB104A_DEFB104B_Q8WTQ1_OID30849_v1_rs183772362_SUM"             
 [574] "beta_DEFB4A_DEFB4B_O15263_OID21373_v1_rs117797877_SUM"                 
 [575] "beta_DFFA_O00273_OID20620_v1_rs183281838_SUM"                          
 [576] "beta_DGCR6_Q14129_OID30859_v1_rs430899_SUM"                            
 [577] "beta_DHRS4L2_Q6PKH6_OID31072_v1_rs146691898_SUM"                       
 [578] "beta_DKK1_O94907_OID21066_v1_rs7097068_SUM"                            
 [579] "beta_DKK3_Q9UBP4_OID20264_v1_rs11022114_SUM"                           
 [580] "beta_DKK4_Q9UBT3_OID20934_v1_rs77203322_SUM"                           
 [581] "beta_DKKL1_Q9UK85_OID21313_v1_rs2303759_SUM"                           
 [582] "beta_DLK1_P80370_OID20295_v1_rs12881545_SUM"                           
 [583] "beta_DLL1_O00548_OID21525_v1_rs9356631_SUM"                            
 [584] "beta_DMP1_Q13316_OID30213_v1_rs187930321_SUM"                          
 [585] "beta_DNAJA4_Q8WW22_OID31130_v1_rs11635166_SUM"                         
 [586] "beta_DNAJB1_P25685_OID21363_v1_-_SUM"                                  
 [587] "beta_DNAJB6_O75190_OID30613_v1_rs12668458_SUM"                         
 [588] "beta_DNAJC21_Q5F1R6_OID31104_v1_rs35176895_SUM"                        
 [589] "beta_DNAJC6_O75061_OID30247_v1_rs7527768_SUM"                          
 [590] "beta_DNER_Q8NFT8_OID20712_v1_rs34412673_SUM"                           
 [591] "beta_DNM1_Q05193_OID31458_v1_rs3003599_SUM"                            
 [592] "beta_DNMBP_Q6XZF7_OID20956_v1_rs7069556_SUM"                           
 [593] "beta_DNPEP_Q9ULA0_OID31118_v1_rs115897075_SUM"                         
 [594] "beta_DNPH1_O43598_OID20744_v1_rs77321231_SUM"                          
 [595] "beta_DOC2B_Q14184_OID30927_v1_rs8069133_SUM"                           
 [596] "beta_DOK2_O60496_OID20138_v1_rs67385415_SUM"                           
 [597] "beta_DPEP1_P16444_OID20897_v1_rs409170_SUM"                            
 [598] "beta_DPEP2_Q9H4A9_OID21305_v1_rs144339907_SUM"                         
 [599] "beta_DPP10_Q8N608_OID20527_v1_rs17355498_SUM"                          
 [600] "beta_DPP4_P27487_OID20406_v1_rs13015258_SUM"                           
 [601] "beta_DPP6_P42658_OID21354_v1_rs3734960_SUM"                            
 [602] "beta_DPP7_Q9UHL4_OID20142_v1_-_SUM"                                    
 [603] "beta_DPT_Q07507_OID20278_v1_rs1018454_SUM"                             
 [604] "beta_DPY30_Q9C005_OID21410_v1_rs72794684_SUM"                          
 [605] "beta_DRAXIN_Q8NBI3_OID20917_v1_rs6679089_SUM"                          
 [606] "beta_DSC2_Q02487_OID21079_v1_rs4799305_SUM"                            
 [607] "beta_DSCAM_O60469_OID30993_v1_rs78111814_SUM"                          
 [608] "beta_DSG2_Q14126_OID21113_v1_rs2848680_SUM"                            
 [609] "beta_DSG3_P32926_OID21460_v1_rs7234091_SUM"                            
 [610] "beta_DSG4_Q86SJ6_OID21325_v1_rs34620697_SUM"                           
 [611] "beta_DTD1_Q8TEA8_OID30580_v1_rs6081238_SUM"                            
 [612] "beta_DTX3_Q8N9I9_OID21349_v1_rs2277323_SUM"                            
 [613] "beta_DTYMK_P23919_OID30308_v1_rs28630677_SUM"                          
 [614] "beta_DUSP13_Q6B8I1_OID31394_v1_rs6480771_SUM"                          
 [615] "beta_DUSP29_Q68J44_OID30935_v1_rs4745762_SUM"                          
 [616] "beta_DXO_O77932_OID31080_v1_rs45531831_SUM"                            
 [617] "beta_DYNLT1_P63172_OID30925_v1_rs2306751_SUM"                          
 [618] "beta_EBAG9_O00559_OID20918_v1_rs2022934_SUM"                           
 [619] "beta_EBI3_IL27_Q14213_Q8NEV9_OID21389_v1_-_SUM"                        
 [620] "beta_EBI3_IL27_Q14213_Q8NEV9_OID21389_v1_rs8109160_SUM"                
 [621] "beta_ECE1_P42892_OID20891_v1_rs181637959_SUM"                          
 [622] "beta_ECHDC3_Q96DC8_OID30293_v1_rs72781910_SUM"                         
 [623] "beta_ECHS1_P30084_OID30239_v1_rs1049951_SUM"                           
 [624] "beta_ECI2_O75521_OID30142_v1_rs660560_SUM"                             
 [625] "beta_ECM1_Q16610_OID30736_v1_rs3737240_SUM"                            
 [626] "beta_EDAR_Q9UNE0_OID20525_v1_rs140661471_SUM"                          
 [627] "beta_EDDM3B_P56851_OID31365_v1_rs3827905_SUM"                          
 [628] "beta_EDIL3_O43854_OID20081_v1_-_SUM"                                   
 [629] "beta_EDN1_P05305_OID30224_v1_rs5370_SUM"                               
 [630] "beta_EFCAB14_O75071_OID31460_v1_rs562442365_SUM"                       
 [631] "beta_EFCAB2_Q5VUJ9_OID31313_v1_rs61844237_SUM"                         
 [632] "beta_EFEMP1_Q12805_OID20414_v1_rs3791679_SUM"                          
 [633] "beta_EFHD1_Q9BUP0_OID31044_v1_rs146096867_SUM"                         
 [634] "beta_EFNA1_P20827_OID21125_v1_rs4390169_SUM"                           
 [635] "beta_EFNA4_P52798_OID20935_v1_rs148289726_SUM"                         
 [636] "beta_EGF_P01133_OID20698_v1_rs3831508_SUM"                             
 [637] "beta_EGFL7_Q9UHF1_OID21252_v1_rs74557797_SUM"                          
 [638] "beta_EGFLAM_Q63HQ2_OID31496_v1_rs113400125_SUM"                        
 [639] "beta_EGFR_P00533_OID20319_v1_rs10081281_SUM"                           
 [640] "beta_EGLN1_Q9GZT9_OID20572_v1_rs77466488_SUM"                          
 [641] "beta_EHBP1_Q8NDI1_OID30302_v1_-_SUM"                                   
 [642] "beta_EHD3_Q9NZN3_OID30229_v1_rs592039_SUM"                             
 [643] "beta_EIF2AK2_P19525_OID31442_v1_rs10187017_SUM"                        
 [644] "beta_EIF2AK3_Q9NZJ5_OID30060_v1_rs6547787_SUM"                         
 [645] "beta_EIF4G3_O43432_OID31022_v1_rs11444926_SUM"                         
 [646] "beta_EIF5_P55010_OID30156_v1_rs138711694_SUM"                          
 [647] "beta_ELAC1_Q9H777_OID31029_v1_rs142132015_SUM"                         
 [648] "beta_ELN_P15502_OID30301_v1_rs17855988_SUM"                            
 [649] "beta_ELOA_Q14241_OID21337_v1_rs35863927_SUM"                           
 [650] "beta_ENAH_Q8N8S7_OID20497_v1_rs10799316_SUM"                           
 [651] "beta_ENDOU_P21128_OID31498_v1_rs11168215_SUM"                          
 [652] "beta_ENG_P17813_OID20287_v1_rs11794565_SUM"                            
 [653] "beta_ENO1_P06733_OID21037_v1_rs11544513_SUM"                           
 [654] "beta_ENO2_P09104_OID21046_v1_rs11446182_SUM"                           
 [655] "beta_ENO3_P13929_OID30209_v1_rs2243090_SUM"                            
 [656] "beta_ENPEP_Q07075_OID30135_v1_rs33966350_SUM"                          
 [657] "beta_ENPP2_Q13822_OID20288_v1_rs13267597_SUM"                          
 [658] "beta_ENPP5_Q9UJA9_OID20736_v1_rs9472701_SUM"                           
 [659] "beta_ENPP6_Q6UWR7_OID30273_v1_rs78293932_SUM"                          
 [660] "beta_ENPP7_Q6UWV6_OID20689_v1_rs8076533_SUM"                           
 [661] "beta_ENSA_O43768_OID31355_v1_rs190018150_SUM"                          
 [662] "beta_ENTPD2_Q9Y5L3_OID21260_v1_-_SUM"                                  
 [663] "beta_ENTPD5_O75356_OID20104_v1_rs146086623_SUM"                        
 [664] "beta_ENTPD6_O75354_OID20100_v1_rs6050446_SUM"                          
 [665] "beta_ENTR1_Q96C92_OID30231_v1_rs11145904_SUM"                          
 [666] "beta_EPHA1_P21709_OID20677_v1_rs75045569_SUM"                          
 [667] "beta_EPHA2_P29317_OID21342_v1_rs924204_SUM"                            
 [668] "beta_EPHA4_P54764_OID30622_v1_rs10932916_SUM"                          
 [669] "beta_EPHB4_P54760_OID20242_v1_rs314361_SUM"                            
 [670] "beta_EPHB6_O15197_OID20982_v1_rs7789303_SUM"                           
 [671] "beta_EPHX2_P34913_OID20119_v1_rs71553864_SUM"                          
 [672] "beta_EPO_P01588_OID20522_v1_rs11976235_SUM"                            
 [673] "beta_EPPK1_P58107_OID30250_v1_rs73375129_SUM"                          
 [674] "beta_EPS8L2_Q9H6S3_OID21397_v1_rs11246276_SUM"                         
 [675] "beta_ERBB2_P04626_OID21520_v1_rs3764354_SUM"                           
 [676] "beta_ERBB3_P21860_OID20705_v1_rs75526830_SUM"                          
 [677] "beta_ERBB4_Q15303_OID21510_v1_rs6735267_SUM"                           
 [678] "beta_ERC2_O15083_OID30880_v1_rs79784038_SUM"                           
 [679] "beta_EREG_O14944_OID20905_v1_rs78803121_SUM"                           
 [680] "beta_ERI1_Q8IV48_OID31317_v1_rs7814328_SUM"                            
 [681] "beta_ERMAP_Q96PL5_OID30539_v1_rs11210710_SUM"                          
 [682] "beta_ERN1_O75460_OID31391_v1_rs1801689_SUM"                            
 [683] "beta_ERP44_Q9BS26_OID21338_v1_rs188976415_SUM"                         
 [684] "beta_ESAM_Q96AP7_OID20270_v1_rs61753651_SUM"                           
 [685] "beta_ESM1_Q9NQ30_OID20758_v1_rs4242051_SUM"                            
 [686] "beta_ESYT2_A0FGR8_OID31134_v1_rs2709865_SUM"                           
 [687] "beta_EVI5_O60447_OID30519_v1_rs11808092_SUM"                           
 [688] "beta_EXTL1_Q92935_OID30114_v1_rs2736831_SUM"                           
 [689] "beta_EZR_P15311_OID21017_v1_rs3734470_SUM"                             
 [690] "beta_F10_P00742_OID30684_v1_rs547138_SUM"                              
 [691] "beta_F11_P03951_OID30773_v1_rs2289252_SUM"                             
 [692] "beta_F11R_Q9Y624_OID21151_v1_rs60315407_SUM"                           
 [693] "beta_F12_P00748_OID30739_v1_rs1801020_SUM"                             
 [694] "beta_F13B_P05160_OID30781_v1_rs12134960_SUM"                           
 [695] "beta_F2_P00734_OID30723_v1_rs1799963_SUM"                              
 [696] "beta_F2R_P25116_OID20691_v1_rs168753_SUM"                              
 [697] "beta_F3_P13726_OID21440_v1_rs6666213_SUM"                              
 [698] "beta_F7_P08709_OID20372_v1_rs510335_SUM"                               
 [699] "beta_FABP1_P07148_OID20778_v1_rs2241883_SUM"                           
 [700] "beta_FABP2_P12104_OID20200_v1_rs17009129_SUM"                          
 [701] "beta_FABP3_P05413_OID30351_v1_rs61780805_SUM"                          
 [702] "beta_FABP4_P15090_OID20245_v1_rs112313579_SUM"                         
 [703] "beta_FABP5_Q01469_OID21043_v1_rs118019635_SUM"                         
 [704] "beta_FABP6_P51161_OID20076_v1_rs1130435_SUM"                           
 [705] "beta_FABP9_Q0Z7S8_OID20501_v1_rs28497692_SUM"                          
 [706] "beta_FADD_Q13158_OID20151_v1_rs10898847_SUM"                           
 [707] "beta_FAM13A_O94988_OID31463_v1_rs34262577_SUM"                         
 [708] "beta_FAM171B_Q6P995_OID31338_v1_rs3886170_SUM"                         
 [709] "beta_FAM172A_Q8WUF8_OID30248_v1_rs1470150_SUM"                         
 [710] "beta_FAM20A_Q96MK3_OID30348_v1_rs2952271_SUM"                          
 [711] "beta_FAM3B_P58499_OID21372_v1_rs57529409_SUM"                          
 [712] "beta_FAM3C_Q92520_OID20233_v1_rs36198735_SUM"                          
 [713] "beta_FAM3D_Q96BQ1_OID31514_v1_rs12493131_SUM"                          
 [714] "beta_FAP_Q12884_OID20330_v1_rs4664454_SUM"                             
 [715] "beta_FAS_P25445_OID20316_v1_rs10887882_SUM"                            
 [716] "beta_FASLG_P48023_OID20665_v1_rs79419452_SUM"                          
 [717] "beta_FBLN2_P98095_OID30378_v1_rs7623097_SUM"                           
 [718] "beta_FBN2_P35556_OID30974_v1_rs78821460_SUM"                           
 [719] "beta_FBP1_P09467_OID20227_v1_rs499206_SUM"                             
 [720] "beta_FCAMR_Q8WWV6_OID30332_v1_rs11119933_SUM"                          
 [721] "beta_FCAR_P24071_OID20564_v1_rs12608573_SUM"                           
 [722] "beta_FCER1A_P12319_OID30992_v1_rs61828219_SUM"                         
 [723] "beta_FCER2_P06734_OID21133_v1_rs2277989_SUM"                           
 [724] "beta_FCGR2A_P12318_OID20391_v1_rs11810143_SUM"                         
 [725] "beta_FCGR2B_P31994_OID21215_v1_rs1801274_SUM"                          
 [726] "beta_FCGR3B_O75015_OID20387_v1_rs200688856_SUM"                        
 [727] "beta_FCN1_O00602_OID30690_v1_rs11103604_SUM"                           
 [728] "beta_FCN2_Q15485_OID20382_v1_rs7041446_SUM"                            
 [729] "beta_FCRL1_Q96LA6_OID20172_v1_rs4971154_SUM"                           
 [730] "beta_FCRL2_Q96LA5_OID20639_v1_rs12568320_SUM"                          
 [731] "beta_FCRL3_Q96P31_OID20443_v1_rs7522061_SUM"                           
 [732] "beta_FCRL5_Q96RD9_OID21111_v1_-_SUM"                                   
 [733] "beta_FCRL6_Q6DN72_OID20529_v1_rs55650803_SUM"                          
 [734] "beta_FCRLB_Q6BAA4_OID21193_v1_rs61801180_SUM"                          
 [735] "beta_FES_P07332_OID21207_v1_rs1894401_SUM"                             
 [736] "beta_FETUB_Q9UGM5_OID20404_v1_rs114780909_SUM"                         
 [737] "beta_FGA_P02671_OID30788_v1_rs140473879_SUM"                           
 [738] "beta_FGF21_Q9NSA1_OID21402_v1_rs838131_SUM"                            
 [739] "beta_FGF23_Q9GZV9_OID21411_v1_rs6489536_SUM"                           
 [740] "beta_FGF2_P09038_OID20503_v1_rs2922979_SUM"                            
 [741] "beta_FGF5_P12034_OID20490_v1_rs12509595_SUM"                           
 [742] "beta_FGFBP1_Q14512_OID21507_v1_rs9968276_SUM"                          
 [743] "beta_FGFBP2_Q9BYJ0_OID30395_v1_rs35700679_SUM"                         
 [744] "beta_FGFBP3_Q8TAT2_OID31108_v1_rs555601744_SUM"                        
 [745] "beta_FGFR2_P21802_OID21478_v1_rs2981430_SUM"                           
 [746] "beta_FGFR4_P22455_OID30646_v1_rs351855_SUM"                            
 [747] "beta_FGL1_Q08830_OID30702_v1_rs3739404_SUM"                            
 [748] "beta_FGR_P09769_OID20828_v1_rs3737803_SUM"                             
 [749] "beta_FHIT_P49789_OID20872_v1_rs13070475_SUM"                           
 [750] "beta_FIS1_Q9Y3D6_OID20722_v1_rs7778271_SUM"                            
 [751] "beta_FKBP14_Q9NWM8_OID31065_v1_rs181397928_SUM"                        
 [752] "beta_FKBP1B_P68106_OID20618_v1_rs872169_SUM"                           
 [753] "beta_FKBP4_Q02790_OID20960_v1_rs3814251_SUM"                           
 [754] "beta_FKBP5_Q13451_OID20937_v1_rs2817032_SUM"                           
 [755] "beta_FKBP7_Q9Y680_OID20846_v1_-_SUM"                                   
 [756] "beta_FKBPL_Q9UIM3_OID31499_v1_rs9469087_SUM"                           
 [757] "beta_FLRT2_O43155_OID20946_v1_rs17646457_SUM"                          
 [758] "beta_FLT1_P17948_OID21301_v1_rs552252905_SUM"                          
 [759] "beta_FLT3_P36888_OID21272_v1_rs9554228_SUM"                            
 [760] "beta_FLT4_P35916_OID21491_v1_rs34221241_SUM"                           
 [761] "beta_FN1_P02751_OID30787_v1_rs1250259_SUM"                             
 [762] "beta_FNDC1_Q4ZHG4_OID31127_v1_rs73588939_SUM"                          
 [763] "beta_FOLH1_Q04609_OID30430_v1_rs61886488_SUM"                          
 [764] "beta_FOLR1_P15328_OID21529_v1_rs115974400_SUM"                         
 [765] "beta_FOLR2_P14207_OID21062_v1_rs146893981_SUM"                         
 [766] "beta_FOLR3_P41439_OID21485_v1_rs139130389_SUM"                         
 [767] "beta_FOXJ3_Q9UPW0_OID30445_v1_rs1139978_SUM"                           
 [768] "beta_FOXO1_Q12778_OID20515_v1_rs17061453_SUM"                          
 [769] "beta_FRZB_Q92765_OID20968_v1_rs13009_SUM"                              
 [770] "beta_FSHB_P01225_OID30233_v1_rs11031006_SUM"                           
 [771] "beta_FST_P19883_OID20770_v1_rs31226_SUM"                               
 [772] "beta_FSTL1_Q12841_OID30254_v1_rs1147707_SUM"                           
 [773] "beta_FSTL3_O95633_OID20782_v1_rs916904_SUM"                            
 [774] "beta_FTCD_O95954_OID31137_v1_rs550999731_SUM"                          
 [775] "beta_FUCA1_P04066_OID20261_v1_rs13551_SUM"                             
 [776] "beta_FUOM_A2VDF0_OID30626_v1_rs11816588_SUM"                           
 [777] "beta_FURIN_P09958_OID21514_v1_rs2071410_SUM"                           
 [778] "beta_FUT3_FUT5_P21217_Q11128_OID21013_v1_rs3760775_SUM"                
 [779] "beta_FUT8_Q9BYC5_OID20992_v1_rs2127870_SUM"                            
 [780] "beta_FXN_Q16595_OID21442_v1_rs112450466_SUM"                           
 [781] "beta_FXYD5_Q96DB9_OID20463_v1_rs756845_SUM"                            
 [782] "beta_GAL_P22466_OID20727_v1_rs76634175_SUM"                            
 [783] "beta_GALNT10_Q86SR1_OID21371_v1_rs890793_SUM"                          
 [784] "beta_GALNT2_Q10471_OID21423_v1_rs4846914_SUM"                          
 [785] "beta_GALNT3_Q14435_OID20471_v1_rs2116546_SUM"                          
 [786] "beta_GALNT5_Q7Z7M9_OID30295_v1_rs714649_SUM"                           
 [787] "beta_GALNT7_Q86SF2_OID21377_v1_rs144873913_SUM"                        
 [788] "beta_GART_P22102_OID31004_v1_-_SUM"                                    
 [789] "beta_GAS2_O43903_OID31285_v1_rs2279240_SUM"                            
 [790] "beta_GAS6_Q14393_OID20318_v1_rs6602909_SUM"                            
 [791] "beta_GASK1A_Q9UFP1_OID30109_v1_rs493412_SUM"                           
 [792] "beta_GATD3_P0DPI2_OID30253_v1_rs2187313_SUM"                           
 [793] "beta_GBP1_P32455_OID31128_v1_rs148526074_SUM"                          
 [794] "beta_GBP2_P32456_OID20489_v1_rs7531439_SUM"                            
 [795] "beta_GBP4_Q96PP9_OID20845_v1_rs608339_SUM"                             
 [796] "beta_GC_P02774_OID30780_v1_rs1352846_SUM"                              
 [797] "beta_GCHFR_P30047_OID30631_v1_rs2289218_SUM"                           
 [798] "beta_GCLM_P48507_OID30059_v1_rs12563495_SUM"                           
 [799] "beta_GCNT1_Q02742_OID21379_v1_rs2282683_SUM"                           
 [800] "beta_GDF15_Q99988_OID20251_v1_rs1054221_SUM"                           
 [801] "beta_GDNF_P39905_OID20861_v1_rs62360373_SUM"                           
 [802] "beta_GFAP_P14136_OID21247_v1_rs59291670_SUM"                           
 [803] "beta_GFER_P55789_OID21259_v1_rs61516948_SUM"                           
 [804] "beta_GFRA1_P56159_OID21457_v1_rs11197603_SUM"                          
 [805] "beta_GFRA2_O00451_OID21330_v1_rs1480999_SUM"                           
 [806] "beta_GFRA3_O60609_OID20933_v1_rs56259296_SUM"                          
 [807] "beta_GFRAL_Q6UXV0_OID31091_v1_rs72988065_SUM"                          
 [808] "beta_GGACT_Q9BVM4_OID30290_v1_rs4772304_SUM"                           
 [809] "beta_GGCT_O75223_OID30304_v1_rs4259_SUM"                               
 [810] "beta_GGH_Q92820_OID20416_v1_rs74329104_SUM"                            
 [811] "beta_GGT1_P19440_OID21075_v1_rs28509371_SUM"                           
 [812] "beta_GGT5_P36269_OID20909_v1_rs5760275_SUM"                            
 [813] "beta_GHR_P10912_OID30574_v1_rs4073476_SUM"                             
 [814] "beta_GHRL_Q9UBU3_OID20175_v1_rs34911341_SUM"                           
 [815] "beta_GIMAP7_Q8NHV1_OID30639_v1_rs3735080_SUM"                          
 [816] "beta_GIMAP8_Q8ND71_OID31194_v1_-_SUM"                                  
 [817] "beta_GIPC2_Q8TF65_OID31153_v1_rs7537908_SUM"                           
 [818] "beta_GIPC3_Q8TF64_OID31507_v1_rs34722692_SUM"                          
 [819] "beta_GIT1_Q9Y2X7_OID30533_v1_rs142511067_SUM"                          
 [820] "beta_GLB1_P16278_OID20949_v1_rs7637133_SUM"                            
 [821] "beta_GLO1_Q04760_OID20107_v1_rs4746_SUM"                               
 [822] "beta_GLRX5_Q86SX6_OID30663_v1_rs179133_SUM"                            
 [823] "beta_GLRX_P35754_OID20195_v1_rs6556886_SUM"                            
 [824] "beta_GLT8D2_Q9H1C3_OID20825_v1_rs117801489_SUM"                        
 [825] "beta_GM2A_P17900_OID30413_v1_rs153478_SUM"                             
 [826] "beta_GMFG_O60234_OID30340_v1_rs194016_SUM"                             
 [827] "beta_GMPR2_Q9P2T1_OID30623_v1_rs199867463_SUM"                         
 [828] "beta_GMPR_P36959_OID20641_v1_rs1042391_SUM"                            
 [829] "beta_GNAS_O95467_OID31008_v1_rs6026450_SUM"                            
 [830] "beta_GNLY_P22749_OID21132_v1_rs7577293_SUM"                            
 [831] "beta_GNPDA1_P46926_OID30197_v1_rs11949303_SUM"                         
 [832] "beta_GNPDA2_Q8TDQ7_OID30597_v1_rs769805766_SUM"                        
 [833] "beta_GOLGA3_Q08378_OID31026_v1_rs11147139_SUM"                         
 [834] "beta_GOLM2_Q6P4E1_OID21044_v1_rs550761239_SUM"                         
 [835] "beta_GORASP2_Q9H8Y8_OID31438_v1_rs753954550_SUM"                       
 [836] "beta_GP1BA_P07359_OID20381_v1_rs553749201_SUM"                         
 [837] "beta_GP1BB_P13224_OID30174_v1_rs547921381_SUM"                         
 [838] "beta_GP2_P55259_OID20090_v1_rs4430753_SUM"                             
 [839] "beta_GP5_P40197_OID30611_v1_rs10638925_SUM"                            
 [840] "beta_GP6_Q9HCN6_OID21091_v1_rs892090_SUM"                              
 [841] "beta_GPA33_Q99795_OID21376_v1_rs72689400_SUM"                          
 [842] "beta_GPC1_P35052_OID21438_v1_rs77078946_SUM"                           
 [843] "beta_GPC5_P78333_OID20944_v1_rs342706_SUM"                             
 [844] "beta_GPD1_P21695_OID31358_v1_rs35428353_SUM"                           
 [845] "beta_GPHA2_Q96T91_OID31437_v1_rs114391421_SUM"                         
 [846] "beta_GPIHBP1_Q8IV16_OID31469_v1_rs6420185_SUM"                         
 [847] "beta_GPNMB_Q14956_OID20173_v1_rs75801644_SUM"                          
 [848] "beta_GPR158_Q5T848_OID31013_v1_rs1931291_SUM"                          
 [849] "beta_GPR15L_Q6UWK7_OID31511_v1_rs4399275_SUM"                          
 [850] "beta_GPR37_O15354_OID20095_v1_rs60598740_SUM"                          
 [851] "beta_GPRC5C_Q9NQ84_OID31340_v1_rs2670824_SUM"                          
 [852] "beta_GRAP2_O75791_OID20192_v1_rs148328786_SUM"                         
 [853] "beta_GRHPR_Q9UBQ7_OID30289_v1_rs4878690_SUM"                           
 [854] "beta_GRIK2_Q13002_OID30977_v1_rs59321237_SUM"                          
 [855] "beta_GRK5_P34947_OID20066_v1_rs10886430_SUM"                           
 [856] "beta_GRN_P28799_OID21159_v1_rs5848_SUM"                                
 [857] "beta_GRP_P07492_OID30264_v1_rs17835713_SUM"                            
 [858] "beta_GSN_P06396_OID30714_v1_rs116185403_SUM"                           
 [859] "beta_GSR_P00390_OID30700_v1_rs8190982_SUM"                             
 [860] "beta_GSTA1_P08263_OID20166_v1_rs6458871_SUM"                           
 [861] "beta_GSTA3_Q16772_OID21242_v1_rs2749005_SUM"                           
 [862] "beta_GSTM4_Q03013_OID30164_v1_rs140584594_SUM"                         
 [863] "beta_GSTP1_P09211_OID20876_v1_rs762803_SUM"                            
 [864] "beta_GSTT2B_P0CG30_OID31097_v1_rs5751777_SUM"                          
 [865] "beta_GUCA2A_Q02747_OID21101_v1_rs142157365_SUM"                        
 [866] "beta_GUSB_P08236_OID20296_v1_rs149606212_SUM"                          
 [867] "beta_GZMA_P12544_OID20663_v1_rs2047745_SUM"                            
 [868] "beta_GZMB_P10144_OID20604_v1_rs8192918_SUM"                            
 [869] "beta_GZMH_P20718_OID20096_v1_rs190749747_SUM"                          
 [870] "beta_HADH_Q16836_OID30132_v1_rs17038246_SUM"                           
 [871] "beta_HAGH_Q16775_OID21459_v1_rs115389912_SUM"                          
 [872] "beta_HAVCR1_Q96D42_OID21422_v1_rs6555820_SUM"                          
 [873] "beta_HAVCR2_Q8TDQ0_OID21137_v1_rs116363290_SUM"                        
 [874] "beta_HBQ1_P09105_OID21433_v1_rs556207545_SUM"                          
 [875] "beta_HBZ_P02008_OID30307_v1_rs2461286_SUM"                             
 [876] "beta_HCG22_E2RYF7_OID30088_v1_rs2905757_SUM"                           
 [877] "beta_HCLS1_P14317_OID20648_v1_rs3732410_SUM"                           
 [878] "beta_HDDC2_Q7Z4H3_OID31447_v1_rs73581685_SUM"                          
 [879] "beta_HDGF_P51858_OID21455_v1_rs3806417_SUM"                            
 [880] "beta_HEBP1_Q9NRV9_OID20063_v1_rs1941_SUM"                              
 [881] "beta_HEG1_Q9ULI3_OID30579_v1_rs6438868_SUM"                            
 [882] "beta_HEXIM1_O94992_OID20589_v1_rs36160143_SUM"                         
 [883] "beta_HGF_P14210_OID20656_v1_rs5745687_SUM"                             
 [884] "beta_HGFAC_Q04756_OID30718_v1_rs4690097_SUM"                           
 [885] "beta_HIP1R_O75146_OID31141_v1_rs10847864_SUM"                          
 [886] "beta_HLA-A_P04439_OID31048_v1_-_SUM"                                   
 [887] "beta_HLA-DRA_P01903_OID20520_v1_rs36096565_SUM"                        
 [888] "beta_HLA-E_P13747_OID20532_v1_rs2523594_SUM"                           
 [889] "beta_HMBS_P08397_OID21385_v1_rs72997349_SUM"                           
 [890] "beta_HMCN2_Q8NDA2_OID30592_v1_rs6415851_SUM"                           
 [891] "beta_HMOX1_P09601_OID20217_v1_rs2071747_SUM"                           
 [892] "beta_HMOX2_P30519_OID20887_v1_rs4785965_SUM"                           
 [893] "beta_HNMT_P50135_OID20975_v1_rs11558538_SUM"                           
 [894] "beta_HPCAL1_P37235_OID20615_v1_rs375285744_SUM"                        
 [895] "beta_HPGDS_O60760_OID21266_v1_rs2865353_SUM"                           
 [896] "beta_HPSE_Q9Y251_OID30409_v1_rs61751211_SUM"                           
 [897] "beta_HRC_P23327_OID30211_v1_rs148966785_SUM"                           
 [898] "beta_HRG_P04196_OID30770_v1_rs9898_SUM"                                
 [899] "beta_HS1BP3_Q53T59_OID30243_v1_rs77551133_SUM"                         
 [900] "beta_HS3ST3B1_Q9Y662_OID21303_v1_rs17669311_SUM"                       
 [901] "beta_HS6ST1_O60243_OID21441_v1_rs6761320_SUM"                          
 [902] "beta_HSBP1_O75506_OID30232_v1_rs707236_SUM"                            
 [903] "beta_HSD17B14_Q9BPX1_OID31098_v1_rs35299026_SUM"                       
 [904] "beta_HSDL2_Q6YN16_OID30256_v1_rs10817342_SUM"                          
 [905] "beta_HSPA1A_P0DMV8_OID20718_v1_rs181412562_SUM"                        
 [906] "beta_HSPA2_P54652_OID31424_v1_rs10498515_SUM"                          
 [907] "beta_HSPB1_P04792_OID20230_v1_rs111642997_SUM"                         
 [908] "beta_HSPG2_P98160_OID20383_v1_rs6684152_SUM"                           
 [909] "beta_HYAL1_Q12794_OID20357_v1_rs116482870_SUM"                         
 [910] "beta_HYOU1_Q9Y4L1_OID20300_v1_rs2509121_SUM"                           
 [911] "beta_ICAM1_P05362_OID20411_v1_rs5030377_SUM"                           
 [912] "beta_ICAM2_P13598_OID20248_v1_rs574698129_SUM"                         
 [913] "beta_ICAM3_P32942_OID20277_v1_rs28378712_SUM"                          
 [914] "beta_ICAM4_Q14773_OID20578_v1_rs5030377_SUM"                           
 [915] "beta_ICAM5_Q9UMF0_OID20145_v1_rs281439_SUM"                            
 [916] "beta_ICOSLG_O75144_OID21351_v1_rs6518352_SUM"                          
 [917] "beta_IDI2_Q9BXS1_OID20823_v1_rs1044261_SUM"                            
 [918] "beta_IDO1_P14902_OID31474_v1_rs7010461_SUM"                            
 [919] "beta_IDUA_P35475_OID21468_v1_rs3796622_SUM"                            
 [920] "beta_IFI30_P13284_OID31505_v1_rs7259445_SUM"                           
 [921] "beta_IFIT3_O14879_OID31283_v1_rs2274878_SUM"                           
 [922] "beta_IFNAR1_P17181_OID31491_v1_rs914142_SUM"                           
 [923] "beta_IFNGR1_P15260_OID20678_v1_rs9376267_SUM"                          
 [924] "beta_IFNGR2_P38484_OID20941_v1_rs9808753_SUM"                          
 [925] "beta_IFNLR1_Q8IU57_OID20506_v1_rs139958347_SUM"                        
 [926] "beta_IGDCC4_Q8TDY8_OID30402_v1_rs56362513_SUM"                         
 [927] "beta_IGF1R_P08069_OID21274_v1_rs35115159_SUM"                          
 [928] "beta_IGF2R_P11717_OID21146_v1_rs2282140_SUM"                           
 [929] "beta_IGFBP2_P18065_OID20325_v1_rs4674100_SUM"                          
 [930] "beta_IGFBP3_P17936_OID20398_v1_rs2854746_SUM"                          
 [931] "beta_IGFBP6_P24592_OID20413_v1_rs822688_SUM"                           
 [932] "beta_IGFBP7_Q16270_OID20236_v1_rs1718860_SUM"                          
 [933] "beta_IGFBPL1_Q8WX77_OID20155_v1_rs7857243_SUM"                         
 [934] "beta_IGHMBP2_P38935_OID30123_v1_rs11228377_SUM"                        
 [935] "beta_IGLC2_P0DOY2_OID30740_v1_rs2856876_SUM"                           
 [936] "beta_IGSF21_Q96ID5_OID30210_v1_rs11261050_SUM"                         
 [937] "beta_IGSF3_O75054_OID21312_v1_rs2284860_SUM"                           
 [938] "beta_IGSF8_Q969P0_OID20167_v1_rs12408242_SUM"                          
 [939] "beta_IGSF9_Q9P2J2_OID30330_v1_rs3747617_SUM"                           
 [940] "beta_IL10_P22301_OID20431_v1_rs3024495_SUM"                            
 [941] "beta_IL10RA_Q13651_OID20420_v1_rs3135932_SUM"                          
 [942] "beta_IL10RB_Q08334_OID20696_v1_rs2515717_SUM"                          
 [943] "beta_IL12A_IL12B_P29459_P29460_OID21327_v1_rs4244437_SUM"              
 [944] "beta_IL12B_P29460_OID20666_v1_rs4244437_SUM"                           
 [945] "beta_IL12RB1_P42701_OID20486_v1_rs369378_SUM"                          
 [946] "beta_IL15RA_Q13261_OID20498_v1_rs3136630_SUM"                          
 [947] "beta_IL16_Q14005_OID20633_v1_rs58754882_SUM"                           
 [948] "beta_IL17C_Q9P0M4_OID20477_v1_rs17700884_SUM"                          
 [949] "beta_IL17D_Q8TAD2_OID20481_v1_rs4770059_SUM"                           
 [950] "beta_IL17F_Q96PD4_OID20456_v1_rs66834286_SUM"                          
 [951] "beta_IL17RA_Q96F46_OID21089_v1_rs4819959_SUM"                          
 [952] "beta_IL17RB_Q9NRM6_OID20585_v1_rs6445607_SUM"                          
 [953] "beta_IL18_Q14116_OID20694_v1_rs2250417_SUM"                            
 [954] "beta_IL18BP_O95998_OID20348_v1_rs5743659_SUM"                          
 [955] "beta_IL18R1_Q13478_OID20652_v1_rs10190555_SUM"                         
 [956] "beta_IL19_Q9UHD0_OID20158_v1_rs2243191_SUM"                            
 [957] "beta_IL1R1_P14778_OID21116_v1_rs3917238_SUM"                           
 [958] "beta_IL1R2_P27930_OID20757_v1_rs2310170_SUM"                           
 [959] "beta_IL1RAP_Q9NPH3_OID21126_v1_rs6444442_SUM"                          
 [960] "beta_IL1RL1_Q01638_OID20250_v1_rs12470864_SUM"                         
 [961] "beta_IL1RL2_Q9HB29_OID20487_v1_rs3917265_SUM"                          
 [962] "beta_IL1RN_P18510_OID20700_v1_rs55709272_SUM"                          
 [963] "beta_IL20RA_Q9UHF4_OID20422_v1_rs143005532_SUM"                        
 [964] "beta_IL20RB_Q6UXL0_OID30461_v1_-_SUM"                                  
 [965] "beta_IL22_Q9GZX6_OID31407_v1_rs760407193_SUM"                          
 [966] "beta_IL22RA1_Q8N6P7_OID20449_v1_rs7355101_SUM"                         
 [967] "beta_IL2RA_P01589_OID20267_v1_rs12722497_SUM"                          
 [968] "beta_IL31RA_Q8NI17_OID30475_v1_rs161651_SUM"                           
 [969] "beta_IL32_P24001_OID20605_v1_rs45499297_SUM"                           
 [970] "beta_IL33_O95760_OID20428_v1_rs185705622_SUM"                          
 [971] "beta_IL34_Q6ZMJ4_OID20809_v1_rs4985556_SUM"                            
 [972] "beta_IL36A_Q9UHA7_OID30472_v1_rs895497_SUM"                            
 [973] "beta_IL36G_Q9NZH8_OID30551_v1_rs13410389_SUM"                          
 [974] "beta_IL4R_P24394_OID20576_v1_rs8060025_SUM"                            
 [975] "beta_IL5RA_Q01344_OID20601_v1_rs77400868_SUM"                          
 [976] "beta_IL6R_P08887_OID20385_v1_rs4129267_SUM"                            
 [977] "beta_IL6ST_P40189_OID20147_v1_rs11739016_SUM"                          
 [978] "beta_IL7_P13232_OID20535_v1_rs146201210_SUM"                           
 [979] "beta_IL7R_P16871_OID21136_v1_rs6897932_SUM"                            
 [980] "beta_IMMT_Q16891_OID31397_v1_rs547695713_SUM"                          
 [981] "beta_IMPA1_P29218_OID20907_v1_rs2400589_SUM"                           
 [982] "beta_INHBB_P09529_OID30625_v1_rs17050272_SUM"                          
 [983] "beta_INHBC_P55103_OID21093_v1_rs3741414_SUM"                           
 [984] "beta_INPP1_P49441_OID21345_v1_rs141472596_SUM"                         
 [985] "beta_INPP5D_Q92835_OID30259_v1_rs776060558_SUM"                        
 [986] "beta_INSL4_Q14641_OID31370_v1_rs41313766_SUM"                          
 [987] "beta_INSL5_Q9Y5Q6_OID31448_v1_rs11809759_SUM"                          
 [988] "beta_IPCEF1_Q8WWN9_OID20977_v1_rs883273_SUM"                           
 [989] "beta_IQGAP2_Q13576_OID21361_v1_rs10037254_SUM"                         
 [990] "beta_IRAK4_Q9NWZ3_OID20577_v1_rs183549317_SUM"                         
 [991] "beta_ISLR2_Q6UXK2_OID20889_v1_rs34868798_SUM"                          
 [992] "beta_ISM1_B1AKI9_OID20538_v1_rs1998123_SUM"                            
 [993] "beta_IST1_P53990_OID31497_v1_rs79258602_SUM"                           
 [994] "beta_ITGA11_Q9UKX5_OID20581_v1_rs2306022_SUM"                          
 [995] "beta_ITGA2_P17301_OID30570_v1_rs755331637_SUM"                         
 [996] "beta_ITGA6_P23229_OID20528_v1_rs6714597_SUM"                           
 [997] "beta_ITGAL_P20701_OID30537_v1_rs11574938_SUM"                          
 [998] "beta_ITGAM_P11215_OID21071_v1_rs11150613_SUM"                          
 [999] "beta_ITGAV_P06756_OID21416_v1_rs2595391_SUM"                           
[1000] "beta_ITGB2_P05107_OID20315_v1_rs760462_SUM"                            
[1001] "beta_ITGB5_P18084_OID21522_v1_rs185447638_SUM"                         
[1002] "beta_ITGB6_P18564_OID20493_v1_rs6432601_SUM"                           
[1003] "beta_ITGB7_P26010_OID21393_v1_rs12232003_SUM"                          
[1004] "beta_ITGBL1_O95965_OID30408_v1_rs12018094_SUM"                         
[1005] "beta_ITIH1_P19827_OID30722_v1_rs678_SUM"                               
[1006] "beta_ITIH3_Q06033_OID20352_v1_rs9881468_SUM"                           
[1007] "beta_ITIH4_Q14624_OID30762_v1_rs2710331_SUM"                           
[1008] "beta_ITIH5_Q86UX2_OID31430_v1_rs41298373_SUM"                          
[1009] "beta_ITPA_Q9BY32_OID30082_v1_rs1127354_SUM"                            
[1010] "beta_ITPR1_Q14643_OID30216_v1_rs76604555_SUM"                          
[1011] "beta_JAM2_P57087_OID21064_v1_-_SUM"                                    
[1012] "beta_JAM3_Q9BX67_OID30586_v1_rs94499_SUM"                              
[1013] "beta_KAZALD1_Q96I82_OID21339_v1_rs11190812_SUM"                        
[1014] "beta_KDR_P35968_OID21497_v1_rs34231037_SUM"                            
[1015] "beta_KEL_P23276_OID20881_v1_rs8176059_SUM"                             
[1016] "beta_KHK_P50053_OID30241_v1_rs2304681_SUM"                             
[1017] "beta_KIAA0319_Q5VV43_OID31094_v1_rs3181238_SUM"                        
[1018] "beta_KIF1C_O43896_OID30163_v1_rs148934699_SUM"                         
[1019] "beta_KIR2DL2_P43627_OID31431_v1_rs60955532_SUM"                        
[1020] "beta_KIR2DL3_P43628_OID21196_v1_rs16985907_SUM"                        
[1021] "beta_KIR2DS4_P43632_OID31432_v1_rs7255036_SUM"                         
[1022] "beta_KIR3DL1_P43629_OID21185_v1_rs12150998_SUM"                        
[1023] "beta_KIR3DL2_P43630_OID31191_v1_rs150240916_SUM"                       
[1024] "beta_KIRREL2_Q6UWL6_OID20873_v1_rs404299_SUM"                          
[1025] "beta_KIT_P10721_OID20370_v1_rs218263_SUM"                              
[1026] "beta_KITLG_P21583_OID20196_v1_rs11105121_SUM"                          
[1027] "beta_KLB_Q86Z14_OID20888_v1_rs13103023_SUM"                            
[1028] "beta_KLK10_O43240_OID21523_v1_rs2569454_SUM"                           
[1029] "beta_KLK11_Q9UBX7_OID21518_v1_rs117268623_SUM"                         
[1030] "beta_KLK12_Q9UKR0_OID21201_v1_rs3745540_SUM"                           
[1031] "beta_KLK13_Q9UKR3_OID21291_v1_rs3760739_SUM"                           
[1032] "beta_KLK14_Q9P0G3_OID21407_v1_rs2569491_SUM"                           
[1033] "beta_KLK15_Q9H2R5_OID31427_v1_rs73048483_SUM"                          
[1034] "beta_KLK1_P06870_OID21499_v1_rs601338_SUM"                             
[1035] "beta_KLK3_P07288_OID30364_v1_rs62113212_SUM"                           
[1036] "beta_KLK4_Q9Y5K2_OID21391_v1_rs2664153_SUM"                            
[1037] "beta_KLK6_Q92876_OID21526_v1_rs268891_SUM"                             
[1038] "beta_KLK7_P49862_OID30652_v1_rs1991821_SUM"                            
[1039] "beta_KLK8_O60259_OID21517_v1_rs74705037_SUM"                           
[1040] "beta_KLKB1_P03952_OID30760_v1_rs4253306_SUM"                           
[1041] "beta_KLRB1_Q12918_OID20629_v1_rs563890415_SUM"                         
[1042] "beta_KLRD1_Q13241_OID20632_v1_rs2537752_SUM"                           
[1043] "beta_KLRF1_Q9NZS2_OID30464_v1_rs146460124_SUM"                         
[1044] "beta_KLRK1_P26718_OID31082_v1_rs756546977_SUM"                         
[1045] "beta_KRT19_P08727_OID20596_v1_rs7405611_SUM"                           
[1046] "beta_KRT5_P13647_OID20860_v1_rs607860_SUM"                             
[1047] "beta_KYAT1_Q16773_OID20232_v1_-_SUM"                                   
[1048] "beta_KYNU_Q16719_OID20669_v1_rs78189771_SUM"                           
[1049] "beta_LACRT_Q9GZZ8_OID31367_v1_-_SUM"                                   
[1050] "beta_LACTB2_Q53H82_OID20150_v1_rs191588099_SUM"                        
[1051] "beta_LAG3_P18627_OID21315_v1_rs3782735_SUM"                            
[1052] "beta_LAIR1_Q6GTX8_OID20737_v1_rs111949142_SUM"                         
[1053] "beta_LAIR2_Q6ISS4_OID20965_v1_rs73070113_SUM"                          
[1054] "beta_LAMA4_Q16363_OID20769_v1_rs7765769_SUM"                           
[1055] "beta_LAMB1_P07942_OID30280_v1_rs436573_SUM"                            
[1056] "beta_LAMP1_P11279_OID30416_v1_rs9549739_SUM"                           
[1057] "beta_LAMP3_Q9UQV4_OID20638_v1_rs11921884_SUM"                          
[1058] "beta_LATS1_O95835_OID30523_v1_-_SUM"                                   
[1059] "beta_LAYN_Q6UX15_OID20970_v1_rs542275_SUM"                             
[1060] "beta_LBP_P18428_OID20355_v1_rs2232613_SUM"                             
[1061] "beta_LCAT_P04180_OID30677_v1_rs4986970_SUM"                            
[1062] "beta_LCN15_Q6UWW0_OID31032_v1_rs4880140_SUM"                           
[1063] "beta_LCN2_P80188_OID20392_v1_rs542243688_SUM"                          
[1064] "beta_LCP1_P13796_OID30367_v1_rs7323373_SUM"                            
[1065] "beta_LDLRAP1_Q5SW96_OID31068_v1_rs75446219_SUM"                        
[1066] "beta_LECT2_O14960_OID30320_v1_rs31517_SUM"                             
[1067] "beta_LEFTY2_O00292_OID21454_v1_rs748667196_SUM"                        
[1068] "beta_LEG1_Q6P5S2_OID30608_v1_rs1550942_SUM"                            
[1069] "beta_LEPR_P48357_OID20128_v1_rs10399687_SUM"                           
[1070] "beta_LGALS1_P09382_OID20154_v1_rs4820294_SUM"                          
[1071] "beta_LGALS3_P17931_OID20284_v1_rs3832943_SUM"                          
[1072] "beta_LGALS3BP_Q08380_OID30765_v1_rs111526614_SUM"                      
[1073] "beta_LGALS4_P56470_OID20748_v1_rs140695578_SUM"                        
[1074] "beta_LGALS7_LGALS7B_P47929_OID21406_v1_rs6508818_SUM"                  
[1075] "beta_LGALS8_O00214_OID21041_v1_rs1475133_SUM"                          
[1076] "beta_LGALS9_O00182_OID20781_v1_rs79526289_SUM"                         
[1077] "beta_LGMN_Q99538_OID20773_v1_rs148659834_SUM"                          
[1078] "beta_LHB_P01229_OID21248_v1_rs3795048_SUM"                             
[1079] "beta_LHPP_Q9H008_OID20749_v1_-_SUM"                                    
[1080] "beta_LIFR_P42702_OID20606_v1_rs62353655_SUM"                           
[1081] "beta_LILRA2_Q8N149_OID21152_v1_rs28469702_SUM"                         
[1082] "beta_LILRA3_Q8N6C8_OID30376_v1_rs367070_SUM"                           
[1083] "beta_LILRA5_A6NI73_OID20209_v1_rs34464703_SUM"                         
[1084] "beta_LILRA6_Q6PI73_OID30346_v1_rs11668526_SUM"                         
[1085] "beta_LILRB1_Q8NHL6_OID20323_v1_rs367070_SUM"                           
[1086] "beta_LILRB2_Q8N423_OID20301_v1_rs383925_SUM"                           
[1087] "beta_LILRB4_Q8NHJ6_OID20429_v1_rs417477_SUM"                           
[1088] "beta_LILRB5_O75023_OID20324_v1_rs12975366_SUM"                         
[1089] "beta_LIPF_P07098_OID30266_v1_rs746756189_SUM"                          
[1090] "beta_LMOD1_P29536_OID31014_v1_-_SUM"                                   
[1091] "beta_LONP1_P36776_OID30219_v1_rs74996080_SUM"                          
[1092] "beta_LPA_P08519_OID30747_v1_rs56393506_SUM"                            
[1093] "beta_LPCAT2_Q7L5N7_OID21290_v1_rs16955343_SUM"                         
[1094] "beta_LPL_P06858_OID20188_v1_rs1801177_SUM"                             
[1095] "beta_LPO_P22079_OID20963_v1_rs7219860_SUM"                             
[1096] "beta_LRCH4_O75427_OID30191_v1_rs56328569_SUM"                          
[1097] "beta_LRG1_P02750_OID30751_v1_rs8105192_SUM"                            
[1098] "beta_LRIG1_Q96JA1_OID21429_v1_rs2306272_SUM"                           
[1099] "beta_LRIG3_Q6UXM1_OID30450_v1_rs11172841_SUM"                          
[1100] "beta_LRP11_Q86VZ4_OID20185_v1_rs2342858_SUM"                           
[1101] "beta_LRPAP1_P30533_OID21059_v1_rs143486729_SUM"                        
[1102] "beta_LRRC25_Q8N386_OID21333_v1_rs754032589_SUM"                        
[1103] "beta_LRRC37A2_A6NM11_OID31440_v1_rs62057151_SUM"                       
[1104] "beta_LRRC38_Q5VT99_OID30924_v1_rs35329337_SUM"                         
[1105] "beta_LRRFIP1_Q32MZ4_OID31344_v1_rs62183645_SUM"                        
[1106] "beta_LRRN1_Q6UXK5_OID20438_v1_rs9839475_SUM"                           
[1107] "beta_LRTM2_Q8N967_OID31020_v1_rs41276696_SUM"                          
[1108] "beta_LSP1_P33241_OID20530_v1_rs907612_SUM"                             
[1109] "beta_LTA4H_P09960_OID21452_v1_rs2540486_SUM"                           
[1110] "beta_LTA_P01374_OID20586_v1_rs2229092_SUM"                             
[1111] "beta_LTB_Q06643_OID31383_v1_rs2395470_SUM"                             
[1112] "beta_LTBP2_Q14767_OID20254_v1_rs888414_SUM"                            
[1113] "beta_LTBP3_Q9NS15_OID21191_v1_rs4099470_SUM"                           
[1114] "beta_LTBR_P36941_OID20768_v1_rs10849449_SUM"                           
[1115] "beta_LUZP2_Q86TE4_OID31402_v1_rs76794772_SUM"                          
[1116] "beta_LXN_Q9BS40_OID21003_v1_rs6785524_SUM"                             
[1117] "beta_LY6D_Q14210_OID20708_v1_rs2572925_SUM"                            
[1118] "beta_LY75_O60449_OID20580_v1_rs72957586_SUM"                           
[1119] "beta_LY96_Q9Y6Y9_OID20945_v1_rs6472812_SUM"                            
[1120] "beta_LY9_Q9HBG7_OID20670_v1_rs12128261_SUM"                            
[1121] "beta_LYAR_Q9NX58_OID21264_v1_rs11723339_SUM"                           
[1122] "beta_LYPD3_O95274_OID21530_v1_rs11671471_SUM"                          
[1123] "beta_LYPD8_Q6UX82_OID21251_v1_rs12044252_SUM"                          
[1124] "beta_LYSMD3_Q7Z3D4_OID30950_v1_rs10805870_SUM"                         
[1125] "beta_LYVE1_Q9Y5Y7_OID30728_v1_rs7119709_SUM"                           
[1126] "beta_LYZL2_Q7Z4W2_OID31180_v1_rs116792212_SUM"                         
[1127] "beta_LZTFL1_Q9NQ48_OID30637_v1_rs1129183_SUM"                          
[1128] "beta_M6PR_P20645_OID30208_v1_rs4883201_SUM"                            
[1129] "beta_MAD1L1_Q9Y6D9_OID20904_v1_rs143579216_SUM"                        
[1130] "beta_MAMDC2_Q7Z304_OID30309_v1_rs62572585_SUM"                         
[1131] "beta_MAMDC4_Q6UXC1_OID31342_v1_-_SUM"                                  
[1132] "beta_MAN1A2_O60476_OID30262_v1_rs10923344_SUM"                         
[1133] "beta_MAN2B2_Q9Y2E5_OID30306_v1_rs2301791_SUM"                          
[1134] "beta_MANF_P55145_OID20707_v1_rs11721253_SUM"                           
[1135] "beta_MANSC4_A6NHS7_OID30141_v1_rs34311349_SUM"                         
[1136] "beta_MAP2_P11137_OID31138_v1_rs113770841_SUM"                          
[1137] "beta_MAP2K1_Q02750_OID31468_v1_rs77428206_SUM"                         
[1138] "beta_MAP4K5_Q9Y4K4_OID20899_v1_rs17780143_SUM"                         
[1139] "beta_MAPK13_O15264_OID31205_v1_rs12210904_SUM"                         
[1140] "beta_MAPK9_P45984_OID20557_v1_rs3763131_SUM"                           
[1141] "beta_MAPKAPK2_P49137_OID31293_v1_rs11119390_SUM"                       
[1142] "beta_MARCO_Q9UEW3_OID20210_v1_rs35288880_SUM"                          
[1143] "beta_MASP1_P48740_OID20954_v1_rs698090_SUM"                            
[1144] "beta_MATN2_O00339_OID20767_v1_rs1869609_SUM"                           
[1145] "beta_MATN3_O15232_OID20979_v1_rs11694716_SUM"                          
[1146] "beta_MAVS_Q7Z434_OID21204_v1_rs45437096_SUM"                           
[1147] "beta_MAX_P61244_OID20877_v1_rs8005829_SUM"                             
[1148] "beta_MBL2_P11226_OID30759_v1_rs7899547_SUM"                            
[1149] "beta_MCAM_P43121_OID20343_v1_rs34587557_SUM"                           
[1150] "beta_MCEE_Q96PE7_OID31033_v1_rs6716795_SUM"                            
[1151] "beta_MCEMP1_Q8IX19_OID30501_v1_rs141879681_SUM"                        
[1152] "beta_MCFD2_Q8NI22_OID20171_v1_rs6419615_SUM"                           
[1153] "beta_MDGA1_Q8NFP4_OID20951_v1_rs9349050_SUM"                           
[1154] "beta_MDH1_P40925_OID30669_v1_rs71422399_SUM"                           
[1155] "beta_MDK_P21741_OID21489_v1_rs541295226_SUM"                           
[1156] "beta_MDM1_Q8TC05_OID30945_v1_rs2870812_SUM"                            
[1157] "beta_MECR_Q9BV79_OID30274_v1_rs144612117_SUM"                          
[1158] "beta_MEGF10_Q96KG7_OID20746_v1_rs112394041_SUM"                        
[1159] "beta_MEGF11_A6BM72_OID30099_v1_rs11630800_SUM"                         
[1160] "beta_MEGF9_Q9H1U4_OID20285_v1_rs10984978_SUM"                          
[1161] "beta_MELTF_P08582_OID30347_v1_rs3773862_SUM"                           
[1162] "beta_MENT_Q9BUN1_OID30595_v1_-_SUM"                                    
[1163] "beta_MEP1A_Q16819_OID31459_v1_rs2274656_SUM"                           
[1164] "beta_MEP1B_Q16820_OID20168_v1_rs680321_SUM"                            
[1165] "beta_MEPE_Q9NQ76_OID20753_v1_rs17013212_SUM"                           
[1166] "beta_MERTK_Q12866_OID20657_v1_rs10188640_SUM"                          
[1167] "beta_MET_P08581_OID20269_v1_rs1858830_SUM"                             
[1168] "beta_METAP1D_Q6UB28_OID20519_v1_rs138869820_SUM"                       
[1169] "beta_MFAP4_P55083_OID30598_v1_rs139356332_SUM"                         
[1170] "beta_MFAP5_Q13361_OID20239_v1_rs4132450_SUM"                           
[1171] "beta_MFGE8_Q08431_OID21134_v1_rs34239095_SUM"                          
[1172] "beta_MGLL_Q99685_OID20711_v1_rs7578_SUM"                               
[1173] "beta_MGMT_P16455_OID20588_v1_rs1008982_SUM"                            
[1174] "beta_MIA_Q16674_OID21531_v1_rs2607421_SUM"                             
[1175] "beta_MICALL2_Q8IY33_OID30889_v1_rs2289035_SUM"                         
[1176] "beta_MICB_MICA_Q29980_Q29983_OID20593_v1_rs3132467_SUM"                
[1177] "beta_MIF_P14174_OID21073_v1_rs2330634_SUM"                             
[1178] "beta_MILR1_Q7Z6M3_OID20482_v1_rs138176943_SUM"                         
[1179] "beta_MINDY1_Q8N5J2_OID31399_v1_rs140386498_SUM"                        
[1180] "beta_MINK1_Q8N4C8_OID31156_v1_rs190385998_SUM"                         
[1181] "beta_MITD1_Q8WV92_OID20959_v1_rs13009147_SUM"                          
[1182] "beta_MLN_P12872_OID20541_v1_rs1547671_SUM"                             
[1183] "beta_MME_P08473_OID21307_v1_rs79837905_SUM"                            
[1184] "beta_MMP10_P09238_OID20687_v1_rs486055_SUM"                            
[1185] "beta_MMP12_P39900_OID21439_v1_rs17368814_SUM"                          
[1186] "beta_MMP13_P45452_OID20807_v1_-_SUM"                                   
[1187] "beta_MMP1_P03956_OID20672_v1_rs534191_SUM"                             
[1188] "beta_MMP3_P08254_OID21083_v1_rs678815_SUM"                             
[1189] "beta_MMP7_P09237_OID20087_v1_rs11568819_SUM"                           
[1190] "beta_MMP8_P22894_OID21019_v1_rs35231465_SUM"                           
[1191] "beta_MMP9_P14780_OID21103_v1_rs17576_SUM"                              
[1192] "beta_MMUT_P22033_OID30159_v1_rs775536954_SUM"                          
[1193] "beta_MOCS2_O96007_OID30638_v1_rs6880055_SUM"                           
[1194] "beta_MOG_Q16653_OID21384_v1_rs9461541_SUM"                             
[1195] "beta_MPHOSPH8_Q99549_OID20092_v1_rs35424555_SUM"                       
[1196] "beta_MPI_P34949_OID21288_v1_rs4886632_SUM"                             
[1197] "beta_MPO_P05164_OID21100_v1_rs34097845_SUM"                            
[1198] "beta_MRC1_P22897_OID30694_v1_rs74118031_SUM"                           
[1199] "beta_MRI1_Q9BV20_OID30891_v1_rs452960_SUM"                             
[1200] "beta_MSLN_Q13421_OID21380_v1_rs2235503_SUM"                            
[1201] "beta_MSR1_P21757_OID21063_v1_rs41341748_SUM"                           
[1202] "beta_MSRA_Q9UJ68_OID21513_v1_rs12546887_SUM"                           
[1203] "beta_MST1_P26927_OID30713_v1_rs11130213_SUM"                           
[1204] "beta_MSTN_O14793_OID20115_v1_rs143242500_SUM"                          
[1205] "beta_MTHFD2_P13995_OID31078_v1_rs183347927_SUM"                        
[1206] "beta_MTHFSD_Q2M296_OID31305_v1_rs9939348_SUM"                          
[1207] "beta_MTIF3_Q9H2K0_OID31513_v1_rs1218825_SUM"                           
[1208] "beta_MTSS2_Q765P7_OID31409_v1_rs2487972_SUM"                           
[1209] "beta_MTUS1_Q9ULD2_OID31315_v1_rs142323734_SUM"                         
[1210] "beta_MUC13_Q9H3R2_OID20866_v1_rs1127233_SUM"                           
[1211] "beta_MUC16_Q8WXI7_OID21378_v1_rs10421318_SUM"                          
[1212] "beta_MUC2_Q02817_OID30377_v1_rs12416873_SUM"                           
[1213] "beta_MVK_Q03426_OID20459_v1_rs28934897_SUM"                            
[1214] "beta_MXRA8_Q9BRK3_OID30583_v1_rs200138692_SUM"                         
[1215] "beta_MYDGF_Q969H8_OID30313_v1_rs60893137_SUM"                          
[1216] "beta_MYOC_Q99972_OID21121_v1_rs171003_SUM"                             
[1217] "beta_MYOM2_P54296_OID30131_v1_rs117165873_SUM"                         
[1218] "beta_MYOM3_Q5VTT5_OID30633_v1_rs6700245_SUM"                           
[1219] "beta_MZB1_Q8WU39_OID20732_v1_rs140248321_SUM"                          
[1220] "beta_NAA80_Q93015_OID30893_v1_rs201512291_SUM"                         
[1221] "beta_NAAA_Q02083_OID20931_v1_rs112197434_SUM"                          
[1222] "beta_NADK_O95544_OID20178_v1_rs1014988_SUM"                            
[1223] "beta_NAGA_P17050_OID30509_v1_rs121434529_SUM"                          
[1224] "beta_NAGK_Q9UJ70_OID30271_v1_rs11680831_SUM"                           
[1225] "beta_NAGPA_Q9UK23_OID30643_v1_rs12599777_SUM"                          
[1226] "beta_NAP1L4_Q99733_OID31475_v1_rs57530484_SUM"                         
[1227] "beta_NAPRT_Q6XQN6_OID31114_v1_rs10282929_SUM"                          
[1228] "beta_NBL1_P41271_OID21486_v1_rs12408663_SUM"                           
[1229] "beta_NBN_O60934_OID20442_v1_rs74378230_SUM"                            
[1230] "beta_NCAM1_P13591_OID20354_v1_rs11214489_SUM"                          
[1231] "beta_NCAM2_O15394_OID21095_v1_-_SUM"                                   
[1232] "beta_NCAN_O14594_OID21055_v1_rs3761077_SUM"                            
[1233] "beta_NCF2_P19878_OID20567_v1_rs35012521_SUM"                           
[1234] "beta_NCR1_O76036_OID20566_v1_rs7255591_SUM"                            
[1235] "beta_NCR3LG1_Q68D85_OID31490_v1_rs12146443_SUM"                        
[1236] "beta_NCS1_P62166_OID21458_v1_rs1054879_SUM"                            
[1237] "beta_NECTIN2_Q92692_OID20222_v1_rs440277_SUM"                          
[1238] "beta_NECTIN4_Q96NY8_OID21490_v1_rs35434391_SUM"                        
[1239] "beta_NELL1_Q92832_OID21494_v1_rs61652119_SUM"                          
[1240] "beta_NELL2_Q99435_OID20706_v1_rs382115_SUM"                            
[1241] "beta_NEO1_Q92859_OID31066_v1_rs11632433_SUM"                           
[1242] "beta_NEXN_Q0ZGT2_OID30678_v1_rs71590706_SUM"                           
[1243] "beta_NFASC_O94856_OID20634_v1_-_SUM"                                   
[1244] "beta_NFATC1_O95644_OID20545_v1_rs657693_SUM"                           
[1245] "beta_NFE2_Q16621_OID30268_v1_rs60822569_SUM"                           
[1246] "beta_NFKB1_P19838_OID30160_v1_rs17032705_SUM"                          
[1247] "beta_NFKBIE_O00221_OID21212_v1_rs28362856_SUM"                         
[1248] "beta_NFU1_Q9UMS0_OID31510_v1_rs74637005_SUM"                           
[1249] "beta_NHLRC3_Q5JS37_OID30614_v1_rs149175958_SUM"                        
[1250] "beta_NID1_P14543_OID20362_v1_rs76183323_SUM"                           
[1251] "beta_NID2_Q14112_OID21085_v1_rs2516600_SUM"                            
[1252] "beta_NINJ1_Q92982_OID21167_v1_rs11379524_SUM"                          
[1253] "beta_NIT1_Q86X76_OID30252_v1_rs76502631_SUM"                           
[1254] "beta_NIT2_Q9NQR4_OID30336_v1_rs200416332_SUM"                          
[1255] "beta_NME3_Q13232_OID20789_v1_rs749285440_SUM"                          
[1256] "beta_NMI_Q13287_OID31378_v1_rs1048135_SUM"                             
[1257] "beta_NMNAT1_Q9HAN9_OID20913_v1_rs180754466_SUM"                        
[1258] "beta_NOMO1_Q15155_OID21106_v1_rs3891245_SUM"                           
[1259] "beta_NOS1_P29475_OID20863_v1_rs4767532_SUM"                            
[1260] "beta_NOS2_P35228_OID30087_v1_rs2297518_SUM"                            
[1261] "beta_NOTCH1_P46531_OID20311_v1_rs182330532_SUM"                        
[1262] "beta_NOTCH2_Q04721_OID30407_v1_rs2641348_SUM"                          
[1263] "beta_NOTCH3_Q9UM47_OID20253_v1_rs147373451_SUM"                        
[1264] "beta_NPC2_P61916_OID30418_v1_rs140130028_SUM"                          
[1265] "beta_NPDC1_Q9NQX5_OID20205_v1_-_SUM"                                   
[1266] "beta_NPHS1_O60500_OID30540_v1_rs200857931_SUM"                         
[1267] "beta_NPL_Q9BXD5_OID30329_v1_rs116448311_SUM"                           
[1268] "beta_NPPB_P16860_OID20049_v1_rs198389_SUM"                             
[1269] "beta_NPTX1_Q15818_OID21074_v1_rs62068268_SUM"                          
[1270] "beta_NPTX2_P47972_OID30390_v1_rs61007246_SUM"                          
[1271] "beta_NPTXR_O95502_OID20191_v1_rs111577133_SUM"                         
[1272] "beta_NPY_P01303_OID21388_v1_rs4722337_SUM"                             
[1273] "beta_NRCAM_Q92823_OID20229_v1_rs138528835_SUM"                         
[1274] "beta_NRP1_O14786_OID20390_v1_rs2506150_SUM"                            
[1275] "beta_NRP2_O60462_OID21081_v1_rs2289023_SUM"                            
[1276] "beta_NRTN_Q99748_OID20465_v1_rs36055559_SUM"                           
[1277] "beta_NSFL1C_Q9UNZ2_OID21022_v1_rs6042675_SUM"                          
[1278] "beta_NT5C3A_Q9H0P0_OID20553_v1_rs10252880_SUM"                         
[1279] "beta_NT5C_Q8TCD5_OID30294_v1_rs78625720_SUM"                           
[1280] "beta_NT5E_P21589_OID21498_v1_rs2229523_SUM"                            
[1281] "beta_NTF3_P20783_OID20591_v1_rs73039984_SUM"                           
[1282] "beta_NTRK2_Q16620_OID20136_v1_rs77562929_SUM"                          
[1283] "beta_NTRK3_Q16288_OID21057_v1_rs28735437_SUM"                          
[1284] "beta_NTproBNP_NTproBNP_OID20125_v1_rs198379_SUM"                       
[1285] "beta_NUB1_Q9Y5A7_OID20510_v1_rs113920358_SUM"                          
[1286] "beta_NUCB2_P80303_OID21448_v1_rs214068_SUM"                            
[1287] "beta_NUDT16_Q96DE0_OID31484_v1_rs150437674_SUM"                        
[1288] "beta_NUDT2_P50583_OID21308_v1_rs7848667_SUM"                           
[1289] "beta_NUDT5_Q9UKK9_OID21115_v1_rs10508438_SUM"                          
[1290] "beta_NUMB_P49757_OID30568_v1_rs7141139_SUM"                            
[1291] "beta_NXPH3_O95157_OID30565_v1_rs147028083_SUM"                         
[1292] "beta_OBP2B_Q9NPH6_OID20980_v1_rs4962104_SUM"                           
[1293] "beta_OCLN_Q16625_OID31069_v1_rs2583707_SUM"                            
[1294] "beta_ODAM_A1E959_OID20793_v1_rs76153614_SUM"                           
[1295] "beta_OGA_O60502_OID31465_v1_rs3781299_SUM"                             
[1296] "beta_OGFR_Q9NZT2_OID21360_v1_rs200108407_SUM"                          
[1297] "beta_OGN_P20774_OID21123_v1_rs7026361_SUM"                             
[1298] "beta_OLFM4_Q6UX06_OID30665_v1_rs17552047_SUM"                          
[1299] "beta_OLR1_P78380_OID20183_v1_rs936964_SUM"                             
[1300] "beta_OMD_Q99983_OID20725_v1_rs35209758_SUM"                            
[1301] "beta_OMG_P23515_OID21352_v1_rs72813607_SUM"                            
[1302] "beta_OMP_P47874_OID30835_v1_rs2233546_SUM"                             
[1303] "beta_OPLAH_O14841_OID30201_v1_rs55646585_SUM"                          
[1304] "beta_OPTC_Q9UBM4_OID21362_v1_rs139024490_SUM"                          
[1305] "beta_ORM1_P02763_OID30768_v1_rs10982156_SUM"                           
[1306] "beta_OSCAR_Q8IYS5_OID20776_v1_rs4442925_SUM"                           
[1307] "beta_OSM_P13725_OID20574_v1_rs4823082_SUM"                             
[1308] "beta_OSMR_Q99650_OID20356_v1_rs9292723_SUM"                            
[1309] "beta_OSTN_P61366_OID30909_v1_rs34711532_SUM"                           
[1310] "beta_OTOA_Q7RTW8_OID30825_v1_rs8055493_SUM"                            
[1311] "beta_OXT_P01178_OID21047_v1_rs877172_SUM"                              
[1312] "beta_P4HB_P07237_OID21509_v1_rs113708033_SUM"                          
[1313] "beta_PACS2_Q86VP3_OID30186_v1_rs7149013_SUM"                           
[1314] "beta_PADI2_Q9Y2J8_OID20467_v1_rs2235913_SUM"                           
[1315] "beta_PADI4_Q9UM07_OID20832_v1_rs2240336_SUM"                           
[1316] "beta_PAEP_P09466_OID20925_v1_rs9409964_SUM"                            
[1317] "beta_PAFAH2_Q99487_OID31286_v1_rs150853838_SUM"                        
[1318] "beta_PAG1_Q9NWQ8_OID20108_v1_rs4436084_SUM"                            
[1319] "beta_PALM2_Q8IXS6_OID31096_v1_rs1023005_SUM"                           
[1320] "beta_PALM_O75781_OID31515_v1_rs12610821_SUM"                           
[1321] "beta_PAM_P19021_OID20291_v1_rs149802978_SUM"                           
[1322] "beta_PAMR1_Q6UXH9_OID21153_v1_rs61736408_SUM"                          
[1323] "beta_PAPPA_Q13219_OID20421_v1_rs117448041_SUM"                         
[1324] "beta_PARD3_Q8TEW0_OID31301_v1_rs9418120_SUM"                           
[1325] "beta_PARK7_Q99497_OID21160_v1_rs3766606_SUM"                           
[1326] "beta_PARP1_P09874_OID20500_v1_rs1433574_SUM"                           
[1327] "beta_PAXX_Q9BUH6_OID30591_v1_-_SUM"                                    
[1328] "beta_PBLD_P30039_OID20839_v1_rs61854835_SUM"                           
[1329] "beta_PCBD1_P61457_OID30610_v1_rs2630336_SUM"                           
[1330] "beta_PCDH12_Q9NPG4_OID31045_v1_rs164085_SUM"                           
[1331] "beta_PCDH17_O14917_OID20132_v1_rs11148472_SUM"                         
[1332] "beta_PCDH1_Q08174_OID20614_v1_rs4645358_SUM"                           
[1333] "beta_PCDH7_O60245_OID31456_v1_rs1374657_SUM"                           
[1334] "beta_PCDH9_Q9HC56_OID31516_v1_rs73196184_SUM"                          
[1335] "beta_PCDHB15_Q9Y5E8_OID31377_v1_rs2740584_SUM"                         
[1336] "beta_PCOLCE_Q15113_OID20384_v1_rs9801017_SUM"                          
[1337] "beta_PCSK7_Q16549_OID31410_v1_rs171052_SUM"                            
[1338] "beta_PCSK9_Q8NBP7_OID20235_v1_rs11591147_SUM"                          
[1339] "beta_PDCD1_Q15116_OID21396_v1_-_SUM"                                   
[1340] "beta_PDCD1LG2_Q9BQ51_OID21273_v1_rs2381282_SUM"                        
[1341] "beta_PDCD5_O14737_OID21021_v1_rs10402931_SUM"                          
[1342] "beta_PDCD6_O75340_OID20163_v1_rs9654451_SUM"                           
[1343] "beta_PDE5A_O76074_OID30584_v1_rs58583086_SUM"                          
[1344] "beta_PDGFA_P04085_OID20313_v1_rs144168379_SUM"                         
[1345] "beta_PDGFC_Q9NRA1_OID21183_v1_rs12499706_SUM"                          
[1346] "beta_PDGFRA_P16234_OID20133_v1_rs35597368_SUM"                         
[1347] "beta_PDGFRB_P09619_OID20268_v1_rs2304058_SUM"                          
[1348] "beta_PDIA3_P30101_OID30573_v1_rs59162344_SUM"                          
[1349] "beta_PDIA4_P13667_OID30375_v1_rs6953222_SUM"                           
[1350] "beta_PDIA5_Q14554_OID31209_v1_rs3804749_SUM"                           
[1351] "beta_PDZD2_O15018_OID30151_v1_rs183711_SUM"                            
[1352] "beta_PEAR1_Q5VY43_OID20257_v1_rs4661012_SUM"                           
[1353] "beta_PEBP1_P30086_OID21087_v1_-_SUM"                                   
[1354] "beta_PECR_Q9BY49_OID30228_v1_rs10197542_SUM"                           
[1355] "beta_PENK_P01210_OID30666_v1_rs2576575_SUM"                            
[1356] "beta_PEPD_P12955_OID30688_v1_rs17569_SUM"                              
[1357] "beta_PER3_P56645_OID30511_v1_rs228647_SUM"                             
[1358] "beta_PF4_P02776_OID30764_v1_rs11574452_SUM"                            
[1359] "beta_PFKFB2_O60825_OID21356_v1_rs1560_SUM"                             
[1360] "beta_PGA4_P0DJD7_OID30699_v1_rs4414241_SUM"                            
[1361] "beta_PGD_P52209_OID30344_v1_rs2229688_SUM"                             
[1362] "beta_PGF_P49763_OID20673_v1_-_SUM"                                     
[1363] "beta_PGLYRP1_O75594_OID20338_v1_rs2072563_SUM"                         
[1364] "beta_PGLYRP2_Q96PD5_OID30742_v1_rs34440547_SUM"                        
[1365] "beta_PGLYRP4_Q96LB8_OID30101_v1_rs111586430_SUM"                       
[1366] "beta_PHACTR2_O75167_OID31009_v1_rs9484759_SUM"                         
[1367] "beta_PHYKPL_Q8IUZ5_OID30634_v1_rs142181517_SUM"                        
[1368] "beta_PI16_Q6UXB8_OID30676_v1_rs62406524_SUM"                           
[1369] "beta_PI3_P19957_OID20326_v1_rs35770435_SUM"                            
[1370] "beta_PIBF1_Q8WXW3-4_OID31061_v1_rs61966211_SUM"                        
[1371] "beta_PIGR_P01833_OID21102_v1_rs291102_SUM"                             
[1372] "beta_PIK3AP1_Q6ZUJ8_OID20587_v1_rs41317268_SUM"                        
[1373] "beta_PIK3IP1_Q96FE7_OID21094_v1_rs2413028_SUM"                         
[1374] "beta_PILRA_Q9UKJ1_OID21129_v1_rs1859788_SUM"                           
[1375] "beta_PILRB_Q9UKJ0_OID20197_v1_rs1859788_SUM"                           
[1376] "beta_PINLYP_A6NC86_OID30651_v1_rs3213276_SUM"                          
[1377] "beta_PKD1_P98161_OID30328_v1_-_SUM"                                    
[1378] "beta_PKD2_Q13563_OID30184_v1_rs2728104_SUM"                            
[1379] "beta_PKLR_P30613_OID20682_v1_rs77350683_SUM"                           
[1380] "beta_PKN3_Q6P5Z2_OID31311_v1_rs13283282_SUM"                           
[1381] "beta_PLA2G15_Q8NCC3_OID21473_v1_rs7672_SUM"                            
[1382] "beta_PLA2G1B_P04054_OID20252_v1_rs11065078_SUM"                        
[1383] "beta_PLA2G2A_P14555_OID20274_v1_rs11573156_SUM"                        
[1384] "beta_PLA2G4A_P47712_OID20685_v1_rs556306120_SUM"                       
[1385] "beta_PLA2G7_Q13093_OID21105_v1_rs574476364_SUM"                        
[1386] "beta_PLAT_P00750_OID20247_v1_rs2020921_SUM"                            
[1387] "beta_PLAU_P00749_OID21124_v1_rs55744193_SUM"                           
[1388] "beta_PLAUR_Q03405_OID20764_v1_rs2302524_SUM"                           
[1389] "beta_PLB1_Q6P1J6_OID31110_v1_rs6753929_SUM"                            
[1390] "beta_PLCB2_Q00722_OID31155_v1_rs4924450_SUM"                           
[1391] "beta_PLEKHO1_Q53GL0_OID31088_v1_rs72692857_SUM"                        
[1392] "beta_PLG_P00747_OID30785_v1_rs73015965_SUM"                            
[1393] "beta_PLIN1_O60240_OID20835_v1_rs150004289_SUM"                         
[1394] "beta_PLIN3_O60664_OID20143_v1_rs262557_SUM"                            
[1395] "beta_PLSCR3_Q9NRY6_OID31146_v1_rs2277641_SUM"                          
[1396] "beta_PLTP_P55058_OID20238_v1_rs6073958_SUM"                            
[1397] "beta_PLXDC1_Q8IUK5_OID21258_v1_rs62076601_SUM"                         
[1398] "beta_PLXDC2_Q6UX71_OID31101_v1_rs7919659_SUM"                          
[1399] "beta_PLXNA4_Q9HCM2_OID20597_v1_rs6467443_SUM"                          
[1400] "beta_PLXNB2_O15031_OID20317_v1_rs11547731_SUM"                         
[1401] "beta_PM20D1_Q6GTS8_OID20149_v1_rs112268616_SUM"                        
[1402] "beta_PMM2_O15305_OID30125_v1_rs34258285_SUM"                           
[1403] "beta_PMVK_Q15126_OID20850_v1_rs114951074_SUM"                          
[1404] "beta_PNLIPRP1_P54315_OID31122_v1_-_SUM"                                
[1405] "beta_PNLIPRP2_P54317_OID20775_v1_rs4751995_SUM"                        
[1406] "beta_PNMA1_Q8ND90_OID30194_v1_-_SUM"                                   
[1407] "beta_PODXL2_Q9NZ53_OID21487_v1_-_SUM"                                  
[1408] "beta_PODXL_O00592_OID21358_v1_rs3212298_SUM"                           
[1409] "beta_POMC_P01189_OID30282_v1_rs3754861_SUM"                            
[1410] "beta_PON1_P27169_OID30704_v1_rs705379_SUM"                             
[1411] "beta_PON2_Q15165_OID20088_v1_rs6961624_SUM"                            
[1412] "beta_PON3_Q15166_OID20777_v1_rs149867961_SUM"                          
[1413] "beta_POSTN_Q15063_OID30410_v1_-_SUM"                                   
[1414] "beta_PPBP_P02775_OID30761_v1_rs202224981_SUM"                          
[1415] "beta_PPCDC_Q96CD2_OID21027_v1_rs12591994_SUM"                          
[1416] "beta_PPL_O60437_OID30564_v1_rs61499243_SUM"                            
[1417] "beta_PPM1F_P49593_OID30350_v1_rs5750281_SUM"                           
[1418] "beta_PPP1R14A_Q96A00_OID31011_v1_rs71354995_SUM"                       
[1419] "beta_PPP1R14D_Q9NXH3_OID30997_v1_rs11855641_SUM"                       
[1420] "beta_PPP2R5A_Q15172_OID31502_v1_rs351409_SUM"                          
[1421] "beta_PRAP1_Q96NZ9_OID30391_v1_rs143674922_SUM"                         
[1422] "beta_PRCP_P42785_OID20337_v1_rs543233230_SUM"                          
[1423] "beta_PRDX1_Q06830_OID20962_v1_rs2356552_SUM"                           
[1424] "beta_PRDX2_P32119_OID30668_v1_-_SUM"                                   
[1425] "beta_PRDX3_P30048_OID20483_v1_rs7358070_SUM"                           
[1426] "beta_PRDX5_P30044_OID20644_v1_rs77269065_SUM"                          
[1427] "beta_PRDX6_P30041_OID21404_v1_rs33951697_SUM"                          
[1428] "beta_PRELP_P51888_OID20766_v1_rs41313926_SUM"                          
[1429] "beta_PRG2_P13727_OID30381_v1_rs10896615_SUM"                           
[1430] "beta_PRG3_Q9Y2Y8_OID30383_v1_rs34108746_SUM"                           
[1431] "beta_PRKAB1_Q9Y478_OID20444_v1_rs749140768_SUM"                        
[1432] "beta_PRKAR2A_P13861_OID31119_v1_rs151304617_SUM"                       
[1433] "beta_PRKG1_Q13976_OID30621_v1_rs1937682_SUM"                           
[1434] "beta_PRND_Q9UKY0_OID31124_v1_rs36029876_SUM"                           
[1435] "beta_PROC_P04070_OID20402_v1_rs1799810_SUM"                            
[1436] "beta_PROCR_Q9UNN8_OID30149_v1_rs867186_SUM"                            
[1437] "beta_PROK1_P58294_OID20543_v1_rs1857513_SUM"                           
[1438] "beta_PROS1_P07225_OID30737_v1_rs528128538_SUM"                         
[1439] "beta_PRR4_Q16378_OID30607_v1_rs1063193_SUM"                            
[1440] "beta_PRRT3_Q5FWE3_OID30276_v1_rs55847233_SUM"                          
[1441] "beta_PRSS22_Q9GZN4_OID30483_v1_rs8046218_SUM"                          
[1442] "beta_PRSS27_Q9BQR3_OID20212_v1_rs71386687_SUM"                         
[1443] "beta_PRSS2_P07478_OID20364_v1_rs3752404_SUM"                           
[1444] "beta_PRSS53_Q2L4Q9_OID31093_v1_rs4468641_SUM"                          
[1445] "beta_PRSS8_Q16651_OID20763_v1_rs889555_SUM"                            
[1446] "beta_PRTFDC1_Q9NRG1_OID20867_v1_rs143356584_SUM"                       
[1447] "beta_PRTG_Q2VWP7_OID21443_v1_rs10851591_SUM"                           
[1448] "beta_PRTN3_P24158_OID20329_v1_rs10425544_SUM"                          
[1449] "beta_PSAP_P07602_OID30419_v1_rs57681041_SUM"                           
[1450] "beta_PSAPL1_Q6NUJ1_OID31473_v1_rs10014338_SUM"                         
[1451] "beta_PSCA_O43653_OID31493_v1_rs2976388_SUM"                            
[1452] "beta_PSG1_P11464_OID20916_v1_rs12986075_SUM"                           
[1453] "beta_PSMD9_O00233_OID21304_v1_rs80090724_SUM"                          
[1454] "beta_PSME1_Q06323_OID20969_v1_rs2236352_SUM"                           
[1455] "beta_PSME2_Q9UL46_OID20989_v1_rs2236352_SUM"                           
[1456] "beta_PSMG3_Q9BT73_OID20549_v1_rs34407549_SUM"                          
[1457] "beta_PSMG4_Q5JS54_OID30514_v1_-_SUM"                                   
[1458] "beta_PSRC1_Q6PGN9_OID21169_v1_rs34863121_SUM"                          
[1459] "beta_PSTPIP2_Q9H939_OID30596_v1_rs72642432_SUM"                        
[1460] "beta_PTGDS_P41222_OID20408_v1_-_SUM"                                   
[1461] "beta_PTGES2_Q9H7Z7_OID30561_v1_rs13283456_SUM"                         
[1462] "beta_PTGR1_Q14914_OID30297_v1_rs7036102_SUM"                           
[1463] "beta_PTH1R_Q03431_OID20571_v1_rs121434601_SUM"                         
[1464] "beta_PTK7_Q13308_OID20880_v1_rs116450546_SUM"                          
[1465] "beta_PTN_P21246_OID20083_v1_rs1431092_SUM"                             
[1466] "beta_PTPRB_P23467_OID30324_v1_rs2465811_SUM"                           
[1467] "beta_PTPRC_P08575_OID30380_v1_rs552839429_SUM"                         
[1468] "beta_PTPRF_P10586_OID20310_v1_rs2842194_SUM"                           
[1469] "beta_PTPRH_Q9HD43_OID31433_v1_rs2288523_SUM"                           
[1470] "beta_PTPRK_Q15262_OID31461_v1_rs9321109_SUM"                           
[1471] "beta_PTPRM_P28827_OID20598_v1_rs72911294_SUM"                          
[1472] "beta_PTPRN2_Q92932_OID20912_v1_rs3800860_SUM"                          
[1473] "beta_PTPRR_Q15256_OID31099_v1_rs144705265_SUM"                         
[1474] "beta_PTPRS_Q13332_OID20306_v1_rs55763631_SUM"                          
[1475] "beta_PTPRZ1_P23471_OID30343_v1_rs7797305_SUM"                          
[1476] "beta_PTRHD1_Q6GMV3_OID30659_v1_rs138426814_SUM"                        
[1477] "beta_PTS_Q03393_OID20847_v1_rs12796145_SUM"                            
[1478] "beta_PTX3_P26022_OID20570_v1_rs56025932_SUM"                           
[1479] "beta_PVALB_P20472_OID21420_v1_rs4821544_SUM"                           
[1480] "beta_PVR_P15151_OID21011_v1_rs2301274_SUM"                             
[1481] "beta_PXDNL_A1KZ92_OID31405_v1_rs7833909_SUM"                           
[1482] "beta_PXN_P49023_OID20822_v1_rs4767884_SUM"                             
[1483] "beta_PYDC1_Q8WXC3_OID30202_v1_rs4561481_SUM"                           
[1484] "beta_PYY_P10082_OID30150_v1_rs2341378_SUM"                             
[1485] "beta_PZP_P20742_OID30730_v1_rs7311982_SUM"                             
[1486] "beta_QDPR_P09417_OID20174_v1_-_SUM"                                    
[1487] "beta_QPCT_Q16769_OID20320_v1_rs4670696_SUM"                            
[1488] "beta_QSOX1_O00391_OID30729_v1_rs12371_SUM"                             
[1489] "beta_RAB11FIP3_O75154_OID30325_v1_rs74847787_SUM"                      
[1490] "beta_RAB2B_Q8WUD1_OID31362_v1_rs34855848_SUM"                          
[1491] "beta_RAB44_Q7Z6P3_OID31346_v1_rs143756287_SUM"                         
[1492] "beta_RAB6A_P20340_OID20608_v1_rs35939600_SUM"                          
[1493] "beta_RABEP1_Q15276_OID30647_v1_-_SUM"                                  
[1494] "beta_RABEPK_Q7Z6M1_OID21163_v1_rs7858935_SUM"                          
[1495] "beta_RABGAP1L_Q5R372_OID20447_v1_rs6661868_SUM"                        
[1496] "beta_RAD23B_P54727_OID21166_v1_rs7035725_SUM"                          
[1497] "beta_RALB_P11234_OID30567_v1_rs148102406_SUM"                          
[1498] "beta_RALY_Q9UKM9_OID31382_v1_-_SUM"                                    
[1499] "beta_RANBP1_P43487_OID30258_v1_rs76889809_SUM"                         
[1500] "beta_RARRES1_P49788_OID21177_v1_rs6441224_SUM"                         
[1501] "beta_RARRES2_Q99969_OID20373_v1_rs3735167_SUM"                         
[1502] "beta_RASSF2_P50749_OID21194_v1_rs2246735_SUM"                          
[1503] "beta_RBKS_Q9H477_OID20986_v1_rs140948699_SUM"                          
[1504] "beta_RBM17_Q96I25_OID31034_v1_rs11256771_SUM"                          
[1505] "beta_RBP1_P09455_OID30913_v1_rs2071387_SUM"                            
[1506] "beta_RBP2_P50120_OID21365_v1_rs295469_SUM"                             
[1507] "beta_RBP5_P82980_OID21369_v1_rs76904513_SUM"                           
[1508] "beta_RBP7_Q96R05_OID31526_v1_-_SUM"                                    
[1509] "beta_RBPMS2_Q6ZRY4_OID30257_v1_rs28711906_SUM"                         
[1510] "beta_RECK_O95980_OID30234_v1_rs71521299_SUM"                           
[1511] "beta_REEP4_Q9H6H4_OID31028_v1_rs117291678_SUM"                         
[1512] "beta_REG1A_P05451_OID20415_v1_rs11126696_SUM"                          
[1513] "beta_REG1B_P48304_OID20266_v1_rs11126696_SUM"                          
[1514] "beta_REG3A_Q06141_OID20258_v1_rs147616162_SUM"                         
[1515] "beta_REG3G_Q6UW15_OID31408_v1_rs2861742_SUM"                           
[1516] "beta_REG4_Q9BYZ8_OID20784_v1_rs79795228_SUM"                           
[1517] "beta_RELT_Q969Z4_OID21142_v1_rs11235729_SUM"                           
[1518] "beta_REN_P00797_OID20201_v1_rs193280350_SUM"                           
[1519] "beta_RET_P07949_OID21346_v1_rs2744077_SUM"                             
[1520] "beta_RETN_Q9HD89_OID20327_v1_rs3219175_SUM"                            
[1521] "beta_RGMA_Q96B86_OID21065_v1_rs3752102_SUM"                            
[1522] "beta_RGMB_Q6NW40_OID21045_v1_rs56870134_SUM"                           
[1523] "beta_RHOC_P08134_OID20950_v1_rs1006298_SUM"                            
[1524] "beta_RIDA_P52758_OID30635_v1_rs77539382_SUM"                           
[1525] "beta_RILP_Q96NA2_OID21436_v1_rs183827902_SUM"                          
[1526] "beta_RILPL2_Q969X0_OID30342_v1_rs186269301_SUM"                        
[1527] "beta_RLN2_P04090_OID30601_v1_rs2273782_SUM"                            
[1528] "beta_RNASE10_Q5GAN6_OID30238_v1_rs7144945_SUM"                         
[1529] "beta_RNASE1_P07998_OID30672_v1_rs17254387_SUM"                         
[1530] "beta_RNASE3_P12724_OID20203_v1_rs147307766_SUM"                        
[1531] "beta_RNASE4_P34096_OID30705_v1_rs12588573_SUM"                         
[1532] "beta_RNASE6_Q93091_OID30689_v1_rs1045922_SUM"                          
[1533] "beta_RNASEH2A_O75792_OID31027_v1_rs7247284_SUM"                        
[1534] "beta_RNASET2_O00584_OID20321_v1_rs3756838_SUM"                         
[1535] "beta_RNF149_Q8NC42_OID30235_v1_rs12621632_SUM"                         
[1536] "beta_RNF43_Q68DV7_OID31291_v1_rs34523089_SUM"                          
[1537] "beta_ROBO1_Q9Y6N7_OID20734_v1_rs3773244_SUM"                           
[1538] "beta_ROBO2_Q9HCK4_OID21007_v1_rs775722_SUM"                            
[1539] "beta_ROBO4_Q8WZ75_OID30226_v1_rs59648931_SUM"                          
[1540] "beta_ROR1_Q01973_OID20224_v1_rs6588083_SUM"                            
[1541] "beta_RPA2_P15927_OID30453_v1_rs17185038_SUM"                           
[1542] "beta_RPE_Q96AT9_OID31324_v1_rs2723211_SUM"                             
[1543] "beta_RPL14_P50914_OID30284_v1_rs148850234_SUM"                         
[1544] "beta_RRM2B_Q7LG56_OID21174_v1_rs5893603_SUM"                           
[1545] "beta_RSPO1_Q2MKA7_OID20938_v1_rs36043533_SUM"                          
[1546] "beta_RSPO3_Q9BXY4_OID21415_v1_rs1936800_SUM"                           
[1547] "beta_RTBDN_Q9BSG5_OID21343_v1_rs7255045_SUM"                           
[1548] "beta_RTN4IP1_Q8WWV3_OID31030_v1_rs2054365_SUM"                         
[1549] "beta_RTN4R_Q9BZR6_OID21424_v1_rs663353_SUM"                            
[1550] "beta_RWDD1_Q9H446_OID21015_v1_rs147899431_SUM"                         
[1551] "beta_S100A11_P31949_OID20130_v1_rs2999553_SUM"                         
[1552] "beta_S100A12_P80511_OID21374_v1_rs3014874_SUM"                         
[1553] "beta_S100A13_Q99584_OID30529_v1_rs114678888_SUM"                       
[1554] "beta_S100A14_Q9HCY8_OID30987_v1_rs11548102_SUM"                        
[1555] "beta_S100A16_Q96FQ6_OID20878_v1_rs9700928_SUM"                         
[1556] "beta_S100A3_P33764_OID31352_v1_-_SUM"                                  
[1557] "beta_S100A4_P26447_OID21519_v1_rs56350425_SUM"                         
[1558] "beta_S100P_P25815_OID20103_v1_-_SUM"                                   
[1559] "beta_SAA4_P35542_OID30726_v1_rs7117890_SUM"                            
[1560] "beta_SAMD9L_Q8IVG5_OID20536_v1_rs17165120_SUM"                         
[1561] "beta_SARG_Q9BW04_OID30331_v1_rs74441312_SUM"                           
[1562] "beta_SAT2_Q96F10_OID31306_v1_rs13894_SUM"                              
[1563] "beta_SBSN_Q6UWP8_OID30398_v1_-_SUM"                                    
[1564] "beta_SCAMP3_O14828_OID21332_v1_rs1142287_SUM"                          
[1565] "beta_SCARA5_Q6ZMJ2_OID21058_v1_rs2726951_SUM"                          
[1566] "beta_SCARB2_Q14108_OID20943_v1_rs28563976_SUM"                         
[1567] "beta_SCARF1_Q14162_OID20297_v1_rs2272011_SUM"                          
[1568] "beta_SCARF2_Q96GP6_OID21048_v1_rs5763025_SUM"                          
[1569] "beta_SCG3_Q8WXD2_OID20728_v1_rs2606134_SUM"                            
[1570] "beta_SCGB1A1_P11684_OID20688_v1_rs3741240_SUM"                         
[1571] "beta_SCGB3A1_Q96QR1_OID30577_v1_rs307802_SUM"                          
[1572] "beta_SCGB3A2_Q96PL1_OID20723_v1_rs17717320_SUM"                        
[1573] "beta_SCGN_O76038_OID20457_v1_rs10946788_SUM"                           
[1574] "beta_SCLY_Q96I15_OID21425_v1_rs62196005_SUM"                           
[1575] "beta_SCN4B_Q8IWT1_OID30277_v1_rs35632913_SUM"                          
[1576] "beta_SCPEP1_Q9HB40_OID30278_v1_rs34449028_SUM"                         
[1577] "beta_SCRG1_O75711_OID30333_v1_-_SUM"                                   
[1578] "beta_SCRN1_Q12765_OID20542_v1_rs17324153_SUM"                          
[1579] "beta_SDC1_P18827_OID20169_v1_rs907866_SUM"                             
[1580] "beta_SDC4_P31431_OID20216_v1_rs2251577_SUM"                            
[1581] "beta_SDCCAG8_Q86SQ7_OID31423_v1_rs953492_SUM"                          
[1582] "beta_SDHB_P21912_OID31436_v1_-_SUM"                                    
[1583] "beta_SDK2_Q58EX2_OID30662_v1_rs11655934_SUM"                           
[1584] "beta_SEC31A_O94979_OID30269_v1_rs11541628_SUM"                         
[1585] "beta_SEL1L_Q9UBV2_OID30196_v1_rs11499034_SUM"                          
[1586] "beta_SELE_P16581_OID20290_v1_rs7538317_SUM"                            
[1587] "beta_SELENOP_P49908_OID30745_v1_rs10038285_SUM"                        
[1588] "beta_SELL_P14151_OID30752_v1_rs2223286_SUM"                            
[1589] "beta_SELP_P16109_OID20379_v1_rs6136_SUM"                               
[1590] "beta_SELPLG_Q14242_OID20560_v1_rs7294337_SUM"                          
[1591] "beta_SEMA3F_Q13275_OID20186_v1_rs554375669_SUM"                        
[1592] "beta_SEMA4C_Q9C0C4_OID21329_v1_rs756513821_SUM"                        
[1593] "beta_SEMA4D_Q92854_OID21020_v1_rs36020742_SUM"                         
[1594] "beta_SEMA6C_Q9H3T2_OID30531_v1_rs758673791_SUM"                        
[1595] "beta_SEMA7A_O75326_OID20283_v1_rs78994380_SUM"                         
[1596] "beta_SEPTIN8_Q92599_OID31079_v1_rs30512_SUM"                           
[1597] "beta_SEPTIN9_Q9UHD8_OID21279_v1_rs55645755_SUM"                        
[1598] "beta_SERPINA11_Q86U17_OID20281_v1_rs12898137_SUM"                      
[1599] "beta_SERPINA12_Q8IW75_OID20219_v1_rs17091005_SUM"                      
[1600] "beta_SERPINA1_P01009_OID30750_v1_rs17580_SUM"                          
[1601] "beta_SERPINA3_P01011_OID30786_v1_rs61976127_SUM"                       
[1602] "beta_SERPINA4_P29622_OID30774_v1_rs5511_SUM"                           
[1603] "beta_SERPINA5_P05154_OID30763_v1_rs1130267_SUM"                        
[1604] "beta_SERPINA6_P08185_OID30743_v1_-_SUM"                                
[1605] "beta_SERPINA9_Q86WD7_OID21284_v1_rs2038499_SUM"                        
[1606] "beta_SERPINB1_P30740_OID21088_v1_rs6925835_SUM"                        
[1607] "beta_SERPINB5_P36952_OID20064_v1_rs148729762_SUM"                      
[1608] "beta_SERPINB6_P35237_OID21023_v1_rs9405601_SUM"                        
[1609] "beta_SERPINB8_P50452_OID20630_v1_rs3826616_SUM"                        
[1610] "beta_SERPINB9_P50453_OID20932_v1_rs7751676_SUM"                        
[1611] "beta_SERPINC1_P01008_OID30789_v1_rs2227624_SUM"                        
[1612] "beta_SERPIND1_P05546_OID30767_v1_rs117254553_SUM"                      
[1613] "beta_SERPINE1_P05121_OID20342_v1_rs2227674_SUM"                        
[1614] "beta_SERPINE2_P07093_OID30359_v1_rs68066031_SUM"                       
[1615] "beta_SERPINF1_P36955_OID30757_v1_rs62088172_SUM"                       
[1616] "beta_SERPINF2_P08697_OID30779_v1_rs11078597_SUM"                       
[1617] "beta_SERPING1_P05155_OID30777_v1_rs28362944_SUM"                       
[1618] "beta_SERPINH1_P50454_OID31322_v1_rs636418_SUM"                         
[1619] "beta_SERPINI1_Q99574_OID30604_v1_rs11717419_SUM"                       
[1620] "beta_SERPINI2_O75830_OID31504_v1_rs6444344_SUM"                        
[1621] "beta_SESTD1_Q86VW0_OID20790_v1_rs10170520_SUM"                         
[1622] "beta_SETMAR_Q53H47_OID20948_v1_rs35083095_SUM"                         
[1623] "beta_SEZ6L2_Q6UXD5_OID21289_v1_rs113443718_SUM"                        
[1624] "beta_SEZ6L_Q9BYH1_OID21488_v1_rs137203_SUM"                            
[1625] "beta_SF3B4_Q15427_OID21278_v1_rs12078573_SUM"                          
[1626] "beta_SFRP1_Q8N474_OID20984_v1_rs72643819_SUM"                          
[1627] "beta_SFRP4_Q6FHJ7_OID30648_v1_rs75207237_SUM"                          
[1628] "beta_SFTPA1_Q8IWL2_OID21165_v1_rs1965708_SUM"                          
[1629] "beta_SFTPA2_Q8IWL1_OID21218_v1_rs17886395_SUM"                         
[1630] "beta_SFTPD_P35247_OID20214_v1_rs721917_SUM"                            
[1631] "beta_SGSH_P51688_OID30341_v1_rs7503034_SUM"                            
[1632] "beta_SH2B3_Q9UQQ2_OID21222_v1_-_SUM"                                   
[1633] "beta_SH3BP1_Q9Y3L3_OID31439_v1_rs12710562_SUM"                         
[1634] "beta_SH3GLB2_Q9NR46_OID31145_v1_rs62585602_SUM"                        
[1635] "beta_SHBG_P04278_OID30685_v1_rs858519_SUM"                             
[1636] "beta_SHH_Q15465_OID30516_v1_rs10225434_SUM"                            
[1637] "beta_SHISA5_Q8N114_OID30387_v1_rs11706087_SUM"                         
[1638] "beta_SHMT1_P34896_OID20714_v1_rs669340_SUM"                            
[1639] "beta_SHPK_Q9UHJ6_OID31292_v1_rs224495_SUM"                             
[1640] "beta_SIAE_Q9HAT2_OID21503_v1_rs78778622_SUM"                           
[1641] "beta_SIGLEC10_Q96LC7_OID20537_v1_rs148783636_SUM"                      
[1642] "beta_SIGLEC1_Q9BZZ2_OID20690_v1_rs189448562_SUM"                       
[1643] "beta_SIGLEC5_O15389_OID21082_v1_rs1106476_SUM"                         
[1644] "beta_SIGLEC6_O43699_OID21394_v1_rs62617068_SUM"                        
[1645] "beta_SIGLEC7_Q9Y286_OID20190_v1_rs140185670_SUM"                       
[1646] "beta_SIGLEC8_Q9NYZ4_OID30261_v1_rs36518_SUM"                           
[1647] "beta_SIGLEC9_Q9Y336_OID21390_v1_rs2075803_SUM"                         
[1648] "beta_SIL1_Q9H173_OID30207_v1_rs2351905_SUM"                            
[1649] "beta_SIRPA_P78324_OID20304_v1_rs6136377_SUM"                           
[1650] "beta_SIRPB1_O00241_OID20739_v1_rs79462675_SUM"                         
[1651] "beta_SIRT2_Q8IXJ6_OID21375_v1_rs144373891_SUM"                         
[1652] "beta_SKAP1_Q86WV1_OID20906_v1_rs368876017_SUM"                         
[1653] "beta_SLA2_Q9H6Q3_OID31017_v1_rs113102870_SUM"                          
[1654] "beta_SLAMF1_Q13291_OID20496_v1_rs7535367_SUM"                          
[1655] "beta_SLAMF6_Q96DU3_OID21254_v1_rs11265413_SUM"                         
[1656] "beta_SLAMF7_Q9NQ25_OID20602_v1_rs11581248_SUM"                         
[1657] "beta_SLAMF8_Q9P0V8_OID21214_v1_rs34687326_SUM"                         
[1658] "beta_SLC16A1_P53985_OID20799_v1_rs6670866_SUM"                         
[1659] "beta_SLC27A4_Q6P1M0_OID20814_v1_rs137948800_SUM"                       
[1660] "beta_SLC39A14_Q15043_OID20852_v1_rs35486529_SUM"                       
[1661] "beta_SLC39A5_Q6ZMH5_OID20539_v1_rs147572362_SUM"                       
[1662] "beta_SLC4A1_P02730_OID30369_v1_rs145919155_SUM"                        
[1663] "beta_SLC9A3R1_O14745_OID30630_v1_rs745666_SUM"                         
[1664] "beta_SLC9A3R2_Q15599_OID31445_v1_rs3211995_SUM"                        
[1665] "beta_SLIT2_O94813_OID20862_v1_rs1185160_SUM"                           
[1666] "beta_SLITRK1_Q96PX8_OID30510_v1_rs2876803_SUM"                         
[1667] "beta_SLITRK6_Q9H5Y7_OID20094_v1_rs12863734_SUM"                        
[1668] "beta_SLMAP_Q14BN4_OID31441_v1_rs1354034_SUM"                           
[1669] "beta_SLURP1_P55000_OID30404_v1_rs10624245_SUM"                         
[1670] "beta_SMAD3_P84022_OID31418_v1_rs34189958_SUM"                          
[1671] "beta_SMOC1_Q9H4F8_OID21461_v1_rs1958078_SUM"                           
[1672] "beta_SMOC2_Q9H3U7_OID20730_v1_rs56296467_SUM"                          
[1673] "beta_SMPD1_P17405_OID21028_v1_rs1050239_SUM"                           
[1674] "beta_SMPDL3A_Q92484_OID20676_v1_rs28385609_SUM"                        
[1675] "beta_SNAP25_P60880_OID30811_v1_rs362562_SUM"                           
[1676] "beta_SNAP29_O95721_OID21506_v1_rs5759874_SUM"                          
[1677] "beta_SNCG_O76070_OID20971_v1_rs873110_SUM"                             
[1678] "beta_SNED1_Q8TER0_OID30205_v1_rs2074822_SUM"                           
[1679] "beta_SNX15_Q9NRS6_OID30644_v1_rs2670910_SUM"                           
[1680] "beta_SNX18_Q96RF0_OID31476_v1_rs2548611_SUM"                           
[1681] "beta_SNX2_O60749_OID31374_v1_rs27740_SUM"                              
[1682] "beta_SNX9_Q9Y5X1_OID20135_v1_rs688181_SUM"                             
[1683] "beta_SOD1_P00441_OID20386_v1_rs7282332_SUM"                            
[1684] "beta_SOD2_P04179_OID21114_v1_rs5746105_SUM"                            
[1685] "beta_SOD3_P08294_OID30683_v1_rs1799895_SUM"                            
[1686] "beta_SORCS2_Q96PQ0_OID21262_v1_rs4234798_SUM"                          
[1687] "beta_SORD_Q00796_OID21453_v1_rs56060952_SUM"                           
[1688] "beta_SORT1_Q99523_OID20213_v1_rs61394658_SUM"                          
[1689] "beta_SOST_Q9BQB4_OID20204_v1_rs1513671_SUM"                            
[1690] "beta_SPAG1_Q07617_OID30979_v1_rs2439461_SUM"                           
[1691] "beta_SPARC_P09486_OID21511_v1_rs576037440_SUM"                         
[1692] "beta_SPARCL1_Q14515_OID20361_v1_rs56273319_SUM"                        
[1693] "beta_SPESP1_Q6UW49_OID30298_v1_rs72752337_SUM"                         
[1694] "beta_SPINK1_P00995_OID21097_v1_rs7725017_SUM"                          
[1695] "beta_SPINK2_P20155_OID30627_v1_rs28656303_SUM"                         
[1696] "beta_SPINK4_O60575_OID20509_v1_rs4879679_SUM"                          
[1697] "beta_SPINK5_Q9NQ38_OID21148_v1_rs6883868_SUM"                          
[1698] "beta_SPINK6_Q6UWN8_OID21450_v1_rs12717962_SUM"                         
[1699] "beta_SPINK8_P0C7L1_OID30153_v1_rs78159520_SUM"                         
[1700] "beta_SPINT1_O43278_OID21109_v1_rs17658212_SUM"                         
[1701] "beta_SPINT2_O43291_OID20720_v1_rs45437199_SUM"                         
[1702] "beta_SPINT3_P49223_OID31509_v1_rs6073773_SUM"                          
[1703] "beta_SPOCK1_Q08629_OID20924_v1_rs4835737_SUM"                          
[1704] "beta_SPON1_Q9HCB6_OID20759_v1_rs10832164_SUM"                          
[1705] "beta_SPON2_Q9BUD6_OID20221_v1_rs28855974_SUM"                          
[1706] "beta_SPP1_P10451_OID20322_v1_rs56254643_SUM"                           
[1707] "beta_SPRED2_Q7Z698_OID30423_v1_rs7569084_SUM"                          
[1708] "beta_SPRR3_Q9UBC9_OID31131_v1_rs61811427_SUM"                          
[1709] "beta_SPRY2_O43597_OID20475_v1_rs504122_SUM"                            
[1710] "beta_SPTLC1_O15269_OID31086_v1_rs45461899_SUM"                         
[1711] "beta_SSC4D_Q8WTU2_OID20182_v1_rs12540573_SUM"                          
[1712] "beta_SSC5D_A1L4H1_OID20351_v1_rs55799523_SUM"                          
[1713] "beta_SSNA1_O43805_OID31453_v1_rs535590282_SUM"                         
[1714] "beta_ST13_P50502_OID30624_v1_rs1005402_SUM"                            
[1715] "beta_ST3GAL1_Q11201_OID21322_v1_rs9643300_SUM"                         
[1716] "beta_ST6GAL1_P15907_OID20302_v1_rs4686837_SUM"                         
[1717] "beta_STAB2_Q8WWQ8_OID30401_v1_rs115840458_SUM"                         
[1718] "beta_STAMBP_O95630_OID20955_v1_rs559935910_SUM"                        
[1719] "beta_STAT2_P52630_OID30536_v1_rs61754171_SUM"                          
[1720] "beta_STC1_P52823_OID21014_v1_rs57247992_SUM"                           
[1721] "beta_STC2_O76061_OID21157_v1_-_SUM"                                    
[1722] "beta_STK4_Q13043_OID20140_v1_rs2299978_SUM"                            
[1723] "beta_STX16_O14662_OID21170_v1_rs218476_SUM"                            
[1724] "beta_STX7_O15400_OID30560_v1_rs3813356_SUM"                            
[1725] "beta_STX8_Q9UNK0_OID20531_v1_rs8077500_SUM"                            
[1726] "beta_STXBP1_P61764_OID31054_v1_-_SUM"                                  
[1727] "beta_SUGP1_Q8IWZ8_OID31524_v1_rs17751061_SUM"                          
[1728] "beta_SULT1A1_P50225_OID21031_v1_rs148788997_SUM"                       
[1729] "beta_SULT2A1_Q06520_OID20508_v1_rs62129966_SUM"                        
[1730] "beta_SUMF1_Q8NBK3_OID30486_v1_rs10494172_SUM"                          
[1731] "beta_SUMF2_Q8NBJ7_OID21032_v1_rs35384521_SUM"                          
[1732] "beta_SUOX_P51687_OID31031_v1_rs141735896_SUM"                          
[1733] "beta_SUSD1_Q6UWL2_OID20072_v1_rs146879704_SUM"                         
[1734] "beta_SUSD2_Q9UGT4_OID21098_v1_rs117587385_SUM"                         
[1735] "beta_SUSD4_Q5VX71_OID31398_v1_rs1418152_SUM"                           
[1736] "beta_SUSD5_O60279_OID30650_v1_-_SUM"                                   
[1737] "beta_SV2A_Q7L0J3_OID30965_v1_rs68144650_SUM"                           
[1738] "beta_SWAP70_Q9UH65_OID31477_v1_rs7123629_SUM"                          
[1739] "beta_TACC3_Q9Y6A5_OID21285_v1_rs745543985_SUM"                         
[1740] "beta_TACSTD2_P09758_OID21447_v1_rs7333_SUM"                            
[1741] "beta_TAFA5_Q7Z5A7_OID21321_v1_rs79072_SUM"                             
[1742] "beta_TALDO1_P37837_OID30414_v1_rs150770244_SUM"                        
[1743] "beta_TBC1D17_Q9HA65_OID20844_v1_rs7248744_SUM"                         
[1744] "beta_TBC1D23_Q9NUY8_OID21286_v1_rs1036770_SUM"                         
[1745] "beta_TBCA_O75347_OID30616_v1_rs254415_SUM"                             
[1746] "beta_TBCC_Q15814_OID20942_v1_rs2234026_SUM"                            
[1747] "beta_TCL1A_P56279_OID20987_v1_rs78986913_SUM"                          
[1748] "beta_TCN1_P20061_OID30687_v1_rs34324219_SUM"                           
[1749] "beta_TCN2_P20062_OID20341_v1_rs740234_SUM"                             
[1750] "beta_TCOF1_Q13428_OID30316_v1_rs56180593_SUM"                          
[1751] "beta_TCTN3_Q6NUS6_OID30326_v1_rs61871796_SUM"                          
[1752] "beta_TDGF1_P13385_OID20816_v1_rs112481213_SUM"                         
[1753] "beta_TDP1_Q9NUW8_OID31403_v1_rs79027981_SUM"                           
[1754] "beta_TDRKH_Q9Y2W6_OID20875_v1_rs4845556_SUM"                           
[1755] "beta_TEF_Q10587_OID30103_v1_rs4822027_SUM"                             
[1756] "beta_TEK_Q02763_OID21496_v1_rs682632_SUM"                              
[1757] "beta_TEX101_Q9BY14_OID30971_v1_rs35033974_SUM"                         
[1758] "beta_TF_P02787_OID30783_v1_rs8177247_SUM"                              
[1759] "beta_TFF1_P04155_OID21154_v1_rs3761376_SUM"                            
[1760] "beta_TFF2_Q03403_OID20787_v1_rs225344_SUM"                             
[1761] "beta_TFF3_Q07654_OID20371_v1_rs118095917_SUM"                          
[1762] "beta_TFPI2_P48307_OID21512_v1_rs62466699_SUM"                          
[1763] "beta_TFPI_P10646_OID20388_v1_rs7576066_SUM"                            
[1764] "beta_TFRC_P02786_OID20369_v1_rs3817672_SUM"                            
[1765] "beta_TG_P01266_OID31359_v1_rs75143612_SUM"                             
[1766] "beta_TGFA_P01135_OID20600_v1_rs17639251_SUM"                           
[1767] "beta_TGFB1_P01137_OID20621_v1_rs73045269_SUM"                          
[1768] "beta_TGFB2_P61812_OID31417_v1_rs7538934_SUM"                           
[1769] "beta_TGFBI_Q15582_OID20417_v1_rs13159365_SUM"                          
[1770] "beta_TGFBR2_P37173_OID21493_v1_rs56388355_SUM"                         
[1771] "beta_TGFBR3_Q03167_OID20255_v1_rs2634023_SUM"                          
[1772] "beta_TGM2_P21980_OID20141_v1_rs2076382_SUM"                            
[1773] "beta_TGOLN2_O43493_OID30691_v1_rs4247303_SUM"                          
[1774] "beta_THBD_P07204_OID20231_v1_rs1042579_SUM"                            
[1775] "beta_THBS2_P35442_OID21104_v1_rs78109196_SUM"                          
[1776] "beta_THBS4_P35443_OID20368_v1_rs2438632_SUM"                           
[1777] "beta_THOP1_P52888_OID20194_v1_rs2741990_SUM"                           
[1778] "beta_THPO_P40225_OID20098_v1_rs6141_SUM"                               
[1779] "beta_THSD1_Q9NS62_OID30476_v1_rs149590732_SUM"                         
[1780] "beta_THTPA_Q9BU02_OID31375_v1_rs28403575_SUM"                          
[1781] "beta_THY1_P04216_OID21050_v1_rs55933700_SUM"                           
[1782] "beta_TIE1_P35590_OID20303_v1_rs4660729_SUM"                            
[1783] "beta_TIGAR_Q9NQ88_OID20894_v1_rs3217860_SUM"                           
[1784] "beta_TIGIT_Q495A1_OID31320_v1_rs6792290_SUM"                           
[1785] "beta_TIMD4_Q96H15_OID20375_v1_rs4704826_SUM"                           
[1786] "beta_TIMM10_P62072_OID30358_v1_rs2848626_SUM"                          
[1787] "beta_TIMP2_P16035_OID30318_v1_rs8066695_SUM"                           
[1788] "beta_TIMP3_P35625_OID20684_v1_rs5749504_SUM"                           
[1789] "beta_TIMP4_Q99727_OID21147_v1_rs184262_SUM"                            
[1790] "beta_TINAGL1_Q9GZM7_OID20180_v1_rs945214_SUM"                          
[1791] "beta_TJAP1_Q5JTD0_OID21477_v1_rs549884121_SUM"                         
[1792] "beta_TK1_P04183_OID31294_v1_rs144204502_SUM"                           
[1793] "beta_TLR1_Q15399_OID30532_v1_rs5743618_SUM"                            
[1794] "beta_TLR3_O15455_OID20612_v1_rs3775291_SUM"                            
[1795] "beta_TLR4_O00206_OID30428_v1_rs4986790_SUM"                            
[1796] "beta_TMED8_Q6PL24_OID31462_v1_rs11620921_SUM"                          
[1797] "beta_TMEM106A_Q96A25_OID31411_v1_rs34687590_SUM"                       
[1798] "beta_TMEM132A_Q24JP5_OID30287_v1_rs11379371_SUM"                       
[1799] "beta_TMEM25_Q86YD3_OID31015_v1_rs45558732_SUM"                         
[1800] "beta_TMPRSS11D_O60235_OID31103_v1_rs148060334_SUM"                     
[1801] "beta_TMPRSS15_P98073_OID21364_v1_rs2824805_SUM"                        
[1802] "beta_TMPRSS5_Q9H3S3_OID20947_v1_rs7114195_SUM"                         
[1803] "beta_TNC_P24821_OID20359_v1_rs7021057_SUM"                             
[1804] "beta_TNF_P01375_OID20473_v1_rs4645843_SUM"                             
[1805] "beta_TNFAIP2_Q03169_OID31446_v1_rs576859558_SUM"                       
[1806] "beta_TNFAIP8_O95379_OID20433_v1_rs1035376_SUM"                         
[1807] "beta_TNFAIP8L2_Q6P589_OID30629_v1_rs4970991_SUM"                       
[1808] "beta_TNFRSF10A_O00220_OID20967_v1_rs13278062_SUM"                      
[1809] "beta_TNFRSF10B_O14763_OID20981_v1_rs1105944_SUM"                       
[1810] "beta_TNFRSF10C_O14798_OID20265_v1_-_SUM"                               
[1811] "beta_TNFRSF11A_Q9Y6Q6_OID20646_v1_rs113339733_SUM"                     
[1812] "beta_TNFRSF11B_O00300_OID20735_v1_rs748443516_SUM"                     
[1813] "beta_TNFRSF12A_Q9NP84_OID21482_v1_rs74758164_SUM"                      
[1814] "beta_TNFRSF13B_O14836_OID20702_v1_rs34562254_SUM"                      
[1815] "beta_TNFRSF13C_Q96RJ3_OID20480_v1_rs763882049_SUM"                     
[1816] "beta_TNFRSF14_Q92956_OID20783_v1_rs2495366_SUM"                        
[1817] "beta_TNFRSF17_Q02223_OID30589_v1_rs71389075_SUM"                       
[1818] "beta_TNFRSF19_Q9NS68_OID21446_v1_rs61947047_SUM"                       
[1819] "beta_TNFRSF1A_P19438_OID21155_v1_rs4149584_SUM"                        
[1820] "beta_TNFRSF1B_P20333_OID21145_v1_rs5746026_SUM"                        
[1821] "beta_TNFRSF21_O75509_OID21052_v1_rs148598211_SUM"                      
[1822] "beta_TNFRSF4_P43489_OID20653_v1_-_SUM"                                 
[1823] "beta_TNFRSF6B_O95407_OID20964_v1_rs6062497_SUM"                        
[1824] "beta_TNFRSF8_P28908_OID21049_v1_rs35249183_SUM"                        
[1825] "beta_TNFRSF9_Q07011_OID20985_v1_rs2493214_SUM"                         
[1826] "beta_TNFSF10_P50591_OID20611_v1_rs79287178_SUM"                        
[1827] "beta_TNFSF11_O14788_OID20592_v1_rs2062305_SUM"                         
[1828] "beta_TNFSF12_O43508_OID20624_v1_rs80067372_SUM"                        
[1829] "beta_TNFSF13_O75888_OID20733_v1_rs3803800_SUM"                         
[1830] "beta_TNFSF13B_Q9Y275_OID20272_v1_rs374039502_SUM"                      
[1831] "beta_TNFSF14_O43557_OID20953_v1_rs344560_SUM"                          
[1832] "beta_TNFSF8_P32971_OID30384_v1_rs10081728_SUM"                         
[1833] "beta_TNN_Q9UQP3_OID30412_v1_-_SUM"                                     
[1834] "beta_TNR_Q92752_OID20957_v1_rs2235256_SUM"                             
[1835] "beta_TNXB_P22105_OID21107_v1_rs9267797_SUM"                            
[1836] "beta_TOP2B_Q02880_OID30559_v1_rs3806631_SUM"                           
[1837] "beta_TOR1AIP1_Q5JTV8_OID30195_v1_rs486906_SUM"                         
[1838] "beta_TP53_P04637_OID21232_v1_rs1641549_SUM"                            
[1839] "beta_TP53I3_Q53FA7_OID30632_v1_rs1134516_SUM"                          
[1840] "beta_TPK1_Q9H3S4_OID30338_v1_rs10261806_SUM"                           
[1841] "beta_TPMT_P51580_OID21270_v1_rs115306927_SUM"                          
[1842] "beta_TPP1_O14773_OID20750_v1_rs140726254_SUM"                          
[1843] "beta_TPPP3_Q9BW30_OID20842_v1_rs13334364_SUM"                          
[1844] "beta_TPR_P12270_OID30143_v1_rs115482159_SUM"                           
[1845] "beta_TPSAB1_Q15661_OID20642_v1_rs8051930_SUM"                          
[1846] "beta_TPSD1_Q9BZJ3_OID30982_v1_rs2745083_SUM"                           
[1847] "beta_TRAF2_Q12933_OID20507_v1_-_SUM"                                   
[1848] "beta_TRDMT1_O14717_OID31335_v1_rs6602180_SUM"                          
[1849] "beta_TREH_O43280_OID30388_v1_rs11455968_SUM"                           
[1850] "beta_TREM2_Q9NZC2_OID20731_v1_rs143332484_SUM"                         
[1851] "beta_TREML2_Q5T2D2_OID21120_v1_rs11759347_SUM"                         
[1852] "beta_TRIM21_P19474_OID20533_v1_rs199881122_SUM"                        
[1853] "beta_TRIM25_Q14258_OID31482_v1_rs2525992_SUM"                          
[1854] "beta_TRIM40_Q6P9F5_OID30885_v1_rs3815079_SUM"                          
[1855] "beta_TRIM58_Q8NG06_OID31429_v1_rs11204523_SUM"                         
[1856] "beta_TRIM5_Q9C035_OID20526_v1_rs11821656_SUM"                          
[1857] "beta_TSC22D1_Q15714_OID31016_v1_rs963569_SUM"                          
[1858] "beta_TSPAN15_O95858_OID30095_v1_rs1227967_SUM"                         
[1859] "beta_TSPAN1_O60635_OID20078_v1_rs34463133_SUM"                         
[1860] "beta_TSPAN8_P19075_OID31470_v1_rs11178654_SUM"                         
[1861] "beta_TSPYL1_Q9H0U9_OID30512_v1_rs61746508_SUM"                         
[1862] "beta_TST_Q16762_OID20868_v1_rs4821544_SUM"                             
[1863] "beta_TTF2_Q9UNY4_OID30942_v1_rs75261221_SUM"                           
[1864] "beta_TTR_P02766_OID30782_v1_rs1667229_SUM"                             
[1865] "beta_TWF2_Q6IBS0_OID30386_v1_rs7622851_SUM"                            
[1866] "beta_TXN_P10599_OID30670_v1_rs146018216_SUM"                           
[1867] "beta_TXNDC15_Q96J42_OID21495_v1_rs3733897_SUM"                         
[1868] "beta_TXNDC5_Q8NBS9_OID21012_v1_rs7764128_SUM"                          
[1869] "beta_TXNDC9_O14530_OID31121_v1_rs147732775_SUM"                        
[1870] "beta_TXNRD1_Q16881_OID21135_v1_rs201402862_SUM"                        
[1871] "beta_TYMP_P19971_OID20234_v1_rs131805_SUM"                             
[1872] "beta_TYRO3_Q06418_OID20161_v1_rs8024626_SUM"                           
[1873] "beta_TYRP1_P17643_OID30517_v1_rs10960751_SUM"                          
[1874] "beta_UBAC1_Q9BSL1_OID21336_v1_rs112505519_SUM"                         
[1875] "beta_UBE2L6_O14933_OID30321_v1_rs28362950_SUM"                         
[1876] "beta_UBXN1_Q04323_OID30654_v1_rs142782985_SUM"                         
[1877] "beta_ULBP2_Q9BZM5_OID20919_v1_rs60340208_SUM"                          
[1878] "beta_UMOD_P07911_OID20237_v1_rs12922822_SUM"                           
[1879] "beta_UNC5D_Q6UXZ4_OID30447_v1_rs13260977_SUM"                          
[1880] "beta_UPB1_Q9UBR1_OID30352_v1_rs143493067_SUM"                          
[1881] "beta_UROD_P06132_OID30603_v1_rs12749939_SUM"                           
[1882] "beta_UROS_P10746_OID30964_v1_rs10794023_SUM"                           
[1883] "beta_USP28_Q96RU2_OID31084_v1_rs4288784_SUM"                           
[1884] "beta_USP8_P40818_OID20110_v1_rs4380013_SUM"                            
[1885] "beta_UXS1_Q8NBZ7_OID21189_v1_rs138588539_SUM"                          
[1886] "beta_VAMP5_O95183_OID20071_v1_rs6547623_SUM"                           
[1887] "beta_VAMP8_Q9BV40_OID30555_v1_rs3731828_SUM"                           
[1888] "beta_VASH1_Q7L8A9_OID20516_v1_rs11159226_SUM"                          
[1889] "beta_VASN_Q6EMK4_OID20345_v1_rs35713275_SUM"                           
[1890] "beta_VAT1_Q99536_OID21382_v1_rs7210098_SUM"                            
[1891] "beta_VAV3_Q9UKW4_OID30795_v1_rs345308_SUM"                             
[1892] "beta_VCAM1_P19320_OID20396_v1_rs139561173_SUM"                         
[1893] "beta_VCAN_P13611_OID21026_v1_rs309559_SUM"                             
[1894] "beta_VCPKMT_Q9H867_OID31179_v1_rs142528336_SUM"                        
[1895] "beta_VEGFA_P15692_OID20650_v1_rs6921438_SUM"                           
[1896] "beta_VEGFB_P49765_OID30554_v1_rs660442_SUM"                            
[1897] "beta_VEGFC_P49767_OID21524_v1_rs35029317_SUM"                          
[1898] "beta_VGF_O15240_OID31067_v1_rs773642372_SUM"                           
[1899] "beta_VIT_Q6UXI7_OID30334_v1_rs1468810_SUM"                             
[1900] "beta_VMO1_Q7Z5L0_OID21381_v1_rs8078118_SUM"                            
[1901] "beta_VNN1_O95497_OID30711_v1_rs146101841_SUM"                          
[1902] "beta_VNN2_O95498_OID21310_v1_rs9493425_SUM"                            
[1903] "beta_VSIG10_Q8N0Z9_OID31400_v1_rs7307331_SUM"                          
[1904] "beta_VSIG10L_Q86VR7_OID30189_v1_rs1035454_SUM"                         
[1905] "beta_VSIG2_Q96IQ7_OID31371_v1_rs11219769_SUM"                          
[1906] "beta_VSIR_Q9H7M9_OID20131_v1_rs10999992_SUM"                           
[1907] "beta_VSNL1_P62760_OID31105_v1_rs446947_SUM"                            
[1908] "beta_VSTM1_Q6UX27_OID20851_v1_rs2433724_SUM"                           
[1909] "beta_VSTM2L_Q96N03_OID20067_v1_rs2273349_SUM"                          
[1910] "beta_VTCN1_Q7Z7D3_OID21164_v1_rs56174814_SUM"                          
[1911] "beta_VTI1A_Q96AJ9_OID30640_v1_rs79671623_SUM"                          
[1912] "beta_VWA1_Q6PCB0_OID21421_v1_rs115503338_SUM"                          
[1913] "beta_VWC2_Q2TAL6_OID20936_v1_rs769604_SUM"                             
[1914] "beta_VWC2L_B2RUY7_OID31002_v1_rs10932542_SUM"                          
[1915] "beta_VWF_P04275_OID20256_v1_rs68120218_SUM"                            
[1916] "beta_WARS_P23381_OID21084_v1_rs2273804_SUM"                            
[1917] "beta_WASF1_Q92558_OID20091_v1_rs1980532_SUM"                           
[1918] "beta_WASF3_Q9UPY6_OID20882_v1_rs9512298_SUM"                           
[1919] "beta_WASHC3_Q9Y3C0_OID31123_v1_rs10860846_SUM"                         
[1920] "beta_WFDC12_Q8WWY7_OID21462_v1_rs75002084_SUM"                         
[1921] "beta_WFDC1_Q9HC57_OID31366_v1_rs400345_SUM"                            
[1922] "beta_WFDC2_Q14508_OID21505_v1_rs973446_SUM"                            
[1923] "beta_WFIKKN1_Q96NZ8_OID20939_v1_rs55798945_SUM"                        
[1924] "beta_WFIKKN2_Q8TEU8_OID20785_v1_rs4591185_SUM"                         
[1925] "beta_WIF1_Q9Y5W5_OID21464_v1_rs462010_SUM"                             
[1926] "beta_WNT9A_O14904_OID20460_v1_rs4653881_SUM"                           
[1927] "beta_WWP2_O00308_OID20926_v1_rs72783174_SUM"                           
[1928] "beta_XCL1_P47992_OID21398_v1_rs4656599_SUM"                            
[1929] "beta_XRCC4_Q13426_OID20869_v1_rs1805377_SUM"                           
[1930] "beta_YAP1_P46937_OID31113_v1_rs10791554_SUM"                           
[1931] "beta_YES1_P07947_OID21348_v1_rs2741189_SUM"                            
[1932] "beta_YOD1_Q5VVQ6_OID30181_v1_rs1044145_SUM"                            
[1933] "beta_ZBP1_Q9H171_OID30526_v1_rs45521631_SUM"                           
[1934] "beta_ZBTB16_Q05516_OID21205_v1_rs73000929_SUM"                         
[1935] "beta_ZFYVE19_Q96K21_OID31452_v1_rs11858010_SUM"                        
[1936] "beta_ZP3_P21754_OID30265_v1_rs10281089_SUM"                            
Part1: Read and prepare the data...
Part2: Calculate the effective number of indepedent metabolites...
Processing biomarker (w/ -): ABCA2
Model formula: beta_ABCA2_Q9BZC7_OID30146_v1___SUM ~ .
 ■                                  1% |  ETA:  6m
 ■■                                 2% |  ETA:  5m
 ■■                                 3% |  ETA:  5m
Processing biomarker (w/ -): AMBN
Model formula: beta_AMBN_Q9NP70_OID20437_v1___SUM ~ .
 ■■                                 4% |  ETA:  5m
 ■■■                                5% |  ETA:  5m
 ■■■                                6% |  ETA:  5m
Processing biomarker (w/ -): ART3
Model formula: beta_ART3_Q13508_OID20346_v1___SUM ~ .
 ■■■                                7% |  ETA:  5m
Processing biomarker (w/ -): ATRN
Model formula: beta_ATRN_O75882_2_OID30735_v1_rs78971233_SUM ~ .
Processing biomarker (w/ -): AZU1
Model formula: beta_AZU1_P20160_OID20309_v1___SUM ~ .
 ■■■                                8% |  ETA:  5m
 ■■■■                               9% |  ETA:  4m
Processing biomarker (w/ -): C2
Model formula: beta_C2_P06681_OID20410_v1___SUM ~ .
 ■■■■                              10% |  ETA:  4m
Processing biomarker (w/ -): C4BPB
Model formula: beta_C4BPB_P20851_OID21481_v1___SUM ~ .
Processing biomarker (w/ -): CA11
Model formula: beta_CA11_O75493_OID21195_v1___SUM ~ .
Processing biomarker (w/ -): CACYBP
Model formula: beta_CACYBP_Q9HB71_OID30649_v1___SUM ~ .
 ■■■■                              12% |  ETA:  4m
 ■■■■■                             13% |  ETA:  4m
Processing biomarker (w/ -): CCL15
Model formula: beta_CCL15_Q16663_OID20328_v1___SUM ~ .
 ■■■■■                             14% |  ETA:  4m
Processing biomarker (w/ -): CCN5
Model formula: beta_CCN5_O76076_OID21068_v1___SUM ~ .
Processing biomarker (w/ -): CD109
Model formula: beta_CD109_Q6YHK3_OID21108_v1___SUM ~ .
 ■■■■■                             15% |  ETA:  4m
 ■■■■■■                            16% |  ETA:  4m
 ■■■■■■                            17% |  ETA:  4m
 ■■■■■■                            18% |  ETA:  4m
 ■■■■■■■                           19% |  ETA:  4m
 ■■■■■■■                           20% |  ETA:  4m
 ■■■■■■■                           21% |  ETA:  4m
Processing biomarker (w/ -): CNP
Model formula: beta_CNP_P09543_OID30285_v1___SUM ~ .
 ■■■■■■■■                          22% |  ETA:  4m
 ■■■■■■■■                          24% |  ETA:  4m
 ■■■■■■■■                          25% |  ETA:  4m
 ■■■■■■■■■                         26% |  ETA:  3m
Processing biomarker (w/ -): CSTB
Model formula: beta_CSTB_P04080_OID20294_v1___SUM ~ .
Processing biomarker (w/ -): CTF1
Model formula: beta_CTF1_Q16619_OID20061_v1___SUM ~ .
 ■■■■■■■■■                         27% |  ETA:  3m
Processing biomarker (w/ -): DAG1
Model formula: beta_DAG1_Q14118_OID20774_v1___SUM ~ .
 ■■■■■■■■■                         28% |  ETA:  3m
 ■■■■■■■■■■                        29% |  ETA:  3m
Processing biomarker (w/ -): DNAJB1
Model formula: beta_DNAJB1_P25685_OID21363_v1___SUM ~ .
 ■■■■■■■■■■                        30% |  ETA:  3m
Processing biomarker (w/ -): DPP7
Model formula: beta_DPP7_Q9UHL4_OID20142_v1___SUM ~ .
 ■■■■■■■■■■                        31% |  ETA:  3m
Processing biomarker (w/ -): EBI3
Model formula: beta_EBI3_IL27_Q14213_Q8NEV9_OID21389_v1___SUM ~ .
Processing biomarker (w/ -): EDIL3
Model formula: beta_EDIL3_O43854_OID20081_v1___SUM ~ .
 ■■■■■■■■■■■                       32% |  ETA:  3m
Processing biomarker (w/ -): EHBP1
Model formula: beta_EHBP1_Q8NDI1_OID30302_v1___SUM ~ .
 ■■■■■■■■■■■                       33% |  ETA:  3m
Processing biomarker (w/ -): ENTPD2
Model formula: beta_ENTPD2_Q9Y5L3_OID21260_v1___SUM ~ .
 ■■■■■■■■■■■                       34% |  ETA:  3m
 ■■■■■■■■■■■■                      35% |  ETA:  3m
 ■■■■■■■■■■■■                      36% |  ETA:  3m
Processing biomarker (w/ -): FCRL5
Model formula: beta_FCRL5_Q96RD9_OID21111_v1___SUM ~ .
 ■■■■■■■■■■■■                      37% |  ETA:  3m
Processing biomarker (w/ -): FKBP7
Model formula: beta_FKBP7_Q9Y680_OID20846_v1___SUM ~ .
 ■■■■■■■■■■■■                      38% |  ETA:  3m
 ■■■■■■■■■■■■■                     39% |  ETA:  3m
Processing biomarker (w/ -): GART
Model formula: beta_GART_P22102_OID31004_v1___SUM ~ .
 ■■■■■■■■■■■■■                     40% |  ETA:  3m
Processing biomarker (w/ -): GIMAP8
Model formula: beta_GIMAP8_Q8ND71_OID31194_v1___SUM ~ .
 ■■■■■■■■■■■■■                     41% |  ETA:  3m
 ■■■■■■■■■■■■■■                    43% |  ETA:  3m
 ■■■■■■■■■■■■■■                    44% |  ETA:  3m
 ■■■■■■■■■■■■■■                    45% |  ETA:  3m
Processing biomarker (w/ -): HLA-A
Model formula: beta_HLA_A_P04439_OID31048_v1___SUM ~ .
Processing biomarker (w/ -): HLA-DRA
Model formula: beta_HLA_DRA_P01903_OID20520_v1_rs36096565_SUM ~ .
Processing biomarker (w/ -): HLA-E
Model formula: beta_HLA_E_P13747_OID20532_v1_rs2523594_SUM ~ .
 ■■■■■■■■■■■■■■■                   46% |  ETA:  3m
 ■■■■■■■■■■■■■■■                   47% |  ETA:  2m
 ■■■■■■■■■■■■■■■                   48% |  ETA:  2m
Processing biomarker (w/ -): IL20RB
Model formula: beta_IL20RB_Q6UXL0_OID30461_v1___SUM ~ .
 ■■■■■■■■■■■■■■■■                  49% |  ETA:  2m
 ■■■■■■■■■■■■■■■■                  50% |  ETA:  2m
 ■■■■■■■■■■■■■■■■                  51% |  ETA:  2m
Processing biomarker (w/ -): JAM2
Model formula: beta_JAM2_P57087_OID21064_v1___SUM ~ .
 ■■■■■■■■■■■■■■■■■                 52% |  ETA:  2m
Processing biomarker (w/ -): KYAT1
Model formula: beta_KYAT1_Q16773_OID20232_v1___SUM ~ .
 ■■■■■■■■■■■■■■■■■                 53% |  ETA:  2m
Processing biomarker (w/ -): LACRT
Model formula: beta_LACRT_Q9GZZ8_OID31367_v1___SUM ~ .
Processing biomarker (w/ -): LATS1
Model formula: beta_LATS1_O95835_OID30523_v1___SUM ~ .
 ■■■■■■■■■■■■■■■■■                 55% |  ETA:  2m
Processing biomarker (w/ -): LHPP
Model formula: beta_LHPP_Q9H008_OID20749_v1___SUM ~ .
 ■■■■■■■■■■■■■■■■■■                56% |  ETA:  2m
Processing biomarker (w/ -): LMOD1
Model formula: beta_LMOD1_P29536_OID31014_v1___SUM ~ .
 ■■■■■■■■■■■■■■■■■■                57% |  ETA:  2m
 ■■■■■■■■■■■■■■■■■■                58% |  ETA:  2m
Processing biomarker (w/ -): MAMDC4
Model formula: beta_MAMDC4_Q6UXC1_OID31342_v1___SUM ~ .
 ■■■■■■■■■■■■■■■■■■■               59% |  ETA:  2m
Processing biomarker (w/ -): MENT
Model formula: beta_MENT_Q9BUN1_OID30595_v1___SUM ~ .
 ■■■■■■■■■■■■■■■■■■■               60% |  ETA:  2m
Processing biomarker (w/ -): MMP13
Model formula: beta_MMP13_P45452_OID20807_v1___SUM ~ .
 ■■■■■■■■■■■■■■■■■■■               61% |  ETA:  2m
 ■■■■■■■■■■■■■■■■■■■■              62% |  ETA:  2m
 ■■■■■■■■■■■■■■■■■■■■              63% |  ETA:  2m
Processing biomarker (w/ -): NCAM2
Model formula: beta_NCAM2_O15394_OID21095_v1___SUM ~ .
Processing biomarker (w/ -): NFASC
Model formula: beta_NFASC_O94856_OID20634_v1___SUM ~ .
 ■■■■■■■■■■■■■■■■■■■■              64% |  ETA:  2m
Processing biomarker (w/ -): NPDC1
Model formula: beta_NPDC1_Q9NQX5_OID20205_v1___SUM ~ .
 ■■■■■■■■■■■■■■■■■■■■■             65% |  ETA:  2m
 ■■■■■■■■■■■■■■■■■■■■■             66% |  ETA:  2m
 ■■■■■■■■■■■■■■■■■■■■■             67% |  ETA:  2m
Processing biomarker (w/ -): PAXX
Model formula: beta_PAXX_Q9BUH6_OID30591_v1___SUM ~ .
 ■■■■■■■■■■■■■■■■■■■■■■            68% |  ETA:  1m
Processing biomarker (w/ -): PDCD1
Model formula: beta_PDCD1_Q15116_OID21396_v1___SUM ~ .
 ■■■■■■■■■■■■■■■■■■■■■■            69% |  ETA:  1m
Processing biomarker (w/ -): PEBP1
Model formula: beta_PEBP1_P30086_OID21087_v1___SUM ~ .
Processing biomarker (w/ -): PGF
Model formula: beta_PGF_P49763_OID20673_v1___SUM ~ .
Processing biomarker (w/ -): PIBF1
Model formula: beta_PIBF1_Q8WXW3_4_OID31061_v1_rs61966211_SUM ~ .
 ■■■■■■■■■■■■■■■■■■■■■■            71% |  ETA:  1m
Processing biomarker (w/ -): PKD1
Model formula: beta_PKD1_P98161_OID30328_v1___SUM ~ .
 ■■■■■■■■■■■■■■■■■■■■■■            72% |  ETA:  1m
Processing biomarker (w/ -): PNLIPRP1
Model formula: beta_PNLIPRP1_P54315_OID31122_v1___SUM ~ .
Processing biomarker (w/ -): PNMA1
Model formula: beta_PNMA1_Q8ND90_OID30194_v1___SUM ~ .
Processing biomarker (w/ -): PODXL2
Model formula: beta_PODXL2_Q9NZ53_OID21487_v1___SUM ~ .
Processing biomarker (w/ -): POSTN
Model formula: beta_POSTN_Q15063_OID30410_v1___SUM ~ .
 ■■■■■■■■■■■■■■■■■■■■■■■           73% |  ETA:  1m
Processing biomarker (w/ -): PRDX2
Model formula: beta_PRDX2_P32119_OID30668_v1___SUM ~ .
 ■■■■■■■■■■■■■■■■■■■■■■■           74% |  ETA:  1m
 ■■■■■■■■■■■■■■■■■■■■■■■           75% |  ETA:  1m
Processing biomarker (w/ -): PSMG4
Model formula: beta_PSMG4_Q5JS54_OID30514_v1___SUM ~ .
Processing biomarker (w/ -): PTGDS
Model formula: beta_PTGDS_P41222_OID20408_v1___SUM ~ .
 ■■■■■■■■■■■■■■■■■■■■■■■■          76% |  ETA:  1m
Processing biomarker (w/ -): QDPR
Model formula: beta_QDPR_P09417_OID20174_v1___SUM ~ .
Processing biomarker (w/ -): RABEP1
Model formula: beta_RABEP1_Q15276_OID30647_v1___SUM ~ .
 ■■■■■■■■■■■■■■■■■■■■■■■■          77% |  ETA:  1m
Processing biomarker (w/ -): RALY
Model formula: beta_RALY_Q9UKM9_OID31382_v1___SUM ~ .
Processing biomarker (w/ -): RBP7
Model formula: beta_RBP7_Q96R05_OID31526_v1___SUM ~ .
 ■■■■■■■■■■■■■■■■■■■■■■■■          78% |  ETA:  1m
 ■■■■■■■■■■■■■■■■■■■■■■■■■         79% |  ETA:  1m
Processing biomarker (w/ -): S100A3
Model formula: beta_S100A3_P33764_OID31352_v1___SUM ~ .
 ■■■■■■■■■■■■■■■■■■■■■■■■■         80% |  ETA:  1m
Processing biomarker (w/ -): S100P
Model formula: beta_S100P_P25815_OID20103_v1___SUM ~ .
Processing biomarker (w/ -): SBSN
Model formula: beta_SBSN_Q6UWP8_OID30398_v1___SUM ~ .
 ■■■■■■■■■■■■■■■■■■■■■■■■■         81% |  ETA:  1m
Processing biomarker (w/ -): SCRG1
Model formula: beta_SCRG1_O75711_OID30333_v1___SUM ~ .
Processing biomarker (w/ -): SDHB
Model formula: beta_SDHB_P21912_OID31436_v1___SUM ~ .
 ■■■■■■■■■■■■■■■■■■■■■■■■■■        82% |  ETA:  1m
Processing biomarker (w/ -): SERPINA6
Model formula: beta_SERPINA6_P08185_OID30743_v1___SUM ~ .
 ■■■■■■■■■■■■■■■■■■■■■■■■■■        83% |  ETA: 47s
Processing biomarker (w/ -): SH2B3
Model formula: beta_SH2B3_Q9UQQ2_OID21222_v1___SUM ~ .
 ■■■■■■■■■■■■■■■■■■■■■■■■■■        84% |  ETA: 44s
 ■■■■■■■■■■■■■■■■■■■■■■■■■■■       86% |  ETA: 41s
 ■■■■■■■■■■■■■■■■■■■■■■■■■■■       87% |  ETA: 38s
 ■■■■■■■■■■■■■■■■■■■■■■■■■■■       88% |  ETA: 35s
Processing biomarker (w/ -): STC2
Model formula: beta_STC2_O76061_OID21157_v1___SUM ~ .
 ■■■■■■■■■■■■■■■■■■■■■■■■■■■■      89% |  ETA: 32s
Processing biomarker (w/ -): STXBP1
Model formula: beta_STXBP1_P61764_OID31054_v1___SUM ~ .
Processing biomarker (w/ -): SUSD5
Model formula: beta_SUSD5_O60279_OID30650_v1___SUM ~ .
 ■■■■■■■■■■■■■■■■■■■■■■■■■■■■      90% |  ETA: 29s
 ■■■■■■■■■■■■■■■■■■■■■■■■■■■■      91% |  ETA: 25s
 ■■■■■■■■■■■■■■■■■■■■■■■■■■■■■     92% |  ETA: 23s
 ■■■■■■■■■■■■■■■■■■■■■■■■■■■■■     93% |  ETA: 19s
Processing biomarker (w/ -): TNFRSF10C
Model formula: beta_TNFRSF10C_O14798_OID20265_v1___SUM ~ .
Processing biomarker (w/ -): TNFRSF4
Model formula: beta_TNFRSF4_P43489_OID20653_v1___SUM ~ .
 ■■■■■■■■■■■■■■■■■■■■■■■■■■■■■     94% |  ETA: 16s
Processing biomarker (w/ -): TNN
Model formula: beta_TNN_Q9UQP3_OID30412_v1___SUM ~ .
 ■■■■■■■■■■■■■■■■■■■■■■■■■■■■■■    95% |  ETA: 14s
Processing biomarker (w/ -): TRAF2
Model formula: beta_TRAF2_Q12933_OID20507_v1___SUM ~ .
 ■■■■■■■■■■■■■■■■■■■■■■■■■■■■■■    96% |  ETA: 11s
 ■■■■■■■■■■■■■■■■■■■■■■■■■■■■■■    97% |  ETA:  8s
 ■■■■■■■■■■■■■■■■■■■■■■■■■■■■■■■   98% |  ETA:  5s
 ■■■■■■■■■■■■■■■■■■■■■■■■■■■■■■■   99% |  ETA:  2s
The dimension of residuals matrix is: 181461 x 1909
Checking the correlation matrix of residuals...
Removing 1 metabolites with zero standard deviation or insufficient non-missing/non-infinite values.
The removed metabolites are: beta_SSNA1_O43805_OID31453_v1_rs535590282_SUM
The new dimension of residuals matrix is: 181461 x 1908
Imputate missing values or infinite values with column medians...
The dimension of imputed residuals matrix is: 181461 x 1908
The number of independent metabolites is 1701 among 1909 metabolites.
Part3: Perform stage 2 of Two stage least square (2SLS) estimation of MR...
The removed metabolite is: beta_SSNA1_O43805_OID31453_v1_rs535590282_SUM due to zero standard deviation or insufficient non-missing/non-infinite values.

     0   <NA> 
181461      0 
The new dimension of data matrix is: 181461 x 1935
 ■                                  0% |  ETA: 33m
Processing biomarker (w/ -): ABCA2
Model formula: CIN3plus ~ Age_at_recruitment + Body_mass_index + Townsend_deprivation_index_at_recruitment + Smoking_status + Alcohol_intake_frequency + Genotype_measurement_batch + PC1 + PC2 + PC3 + PC4 + PC5 + PC6 + PC7 + PC8 + PC9 + PC10 + PC11 + PC12 + PC13 + PC14 + PC15 + PC16 + PC17 + PC18 + PC19 + PC20 + beta_ABCA2_Q9BZC7_OID30146_v1___SUM
 ■                                  0% |  ETA: 31m
 ■                                  0% |  ETA: 31m
 ■                                  1% |  ETA: 31m
 ■                                  1% |  ETA: 31m
 ■                                  1% |  ETA: 30m
 ■                                  1% |  ETA: 30m
 ■                                  1% |  ETA: 30m
 ■                                  1% |  ETA: 30m
 ■                                  2% |  ETA: 30m
 ■■                                 2% |  ETA: 30m
 ■■                                 2% |  ETA: 30m
 ■■                                 2% |  ETA: 30m
 ■■                                 2% |  ETA: 30m
 ■■                                 2% |  ETA: 30m
 ■■                                 3% |  ETA: 30m
 ■■                                 3% |  ETA: 30m
 ■■                                 3% |  ETA: 29m
 ■■                                 3% |  ETA: 29m
 ■■                                 3% |  ETA: 29m
 ■■                                 3% |  ETA: 29m
 ■■                                 4% |  ETA: 29m
 ■■                                 4% |  ETA: 29m
 ■■                                 4% |  ETA: 29m
Processing biomarker (w/ -): AMBN
Model formula: CIN3plus ~ Age_at_recruitment + Body_mass_index + Townsend_deprivation_index_at_recruitment + Smoking_status + Alcohol_intake_frequency + Genotype_measurement_batch + PC1 + PC2 + PC3 + PC4 + PC5 + PC6 + PC7 + PC8 + PC9 + PC10 + PC11 + PC12 + PC13 + PC14 + PC15 + PC16 + PC17 + PC18 + PC19 + PC20 + beta_AMBN_Q9NP70_OID20437_v1___SUM
 ■■                                 4% |  ETA: 29m
 ■■                                 4% |  ETA: 29m
 ■■                                 4% |  ETA: 29m
 ■■                                 5% |  ETA: 29m
 ■■                                 5% |  ETA: 29m
 ■■                                 5% |  ETA: 29m
 ■■■                                5% |  ETA: 29m
 ■■■                                5% |  ETA: 29m
 ■■■                                5% |  ETA: 29m
 ■■■                                6% |  ETA: 29m
 ■■■                                6% |  ETA: 29m
 ■■■                                6% |  ETA: 29m
 ■■■                                6% |  ETA: 28m
 ■■■                                6% |  ETA: 28m
 ■■■                                6% |  ETA: 28m
 ■■■                                7% |  ETA: 28m
 ■■■                                7% |  ETA: 28m
Processing biomarker (w/ -): ART3
Model formula: CIN3plus ~ Age_at_recruitment + Body_mass_index + Townsend_deprivation_index_at_recruitment + Smoking_status + Alcohol_intake_frequency + Genotype_measurement_batch + PC1 + PC2 + PC3 + PC4 + PC5 + PC6 + PC7 + PC8 + PC9 + PC10 + PC11 + PC12 + PC13 + PC14 + PC15 + PC16 + PC17 + PC18 + PC19 + PC20 + beta_ART3_Q13508_OID20346_v1___SUM
 ■■■                                7% |  ETA: 28m
 ■■■                                7% |  ETA: 28m
 ■■■                                7% |  ETA: 28m
 ■■■                                7% |  ETA: 28m
Processing biomarker (w/ -): ATRN
Model formula: CIN3plus ~ Age_at_recruitment + Body_mass_index + Townsend_deprivation_index_at_recruitment + Smoking_status + Alcohol_intake_frequency + Genotype_measurement_batch + PC1 + PC2 + PC3 + PC4 + PC5 + PC6 + PC7 + PC8 + PC9 + PC10 + PC11 + PC12 + PC13 + PC14 + PC15 + PC16 + PC17 + PC18 + PC19 + PC20 + beta_ATRN_O75882_2_OID30735_v1_rs78971233_SUM
 ■■■                                8% |  ETA: 28m
 ■■■                                8% |  ETA: 28m
Processing biomarker (w/ -): AZU1
Model formula: CIN3plus ~ Age_at_recruitment + Body_mass_index + Townsend_deprivation_index_at_recruitment + Smoking_status + Alcohol_intake_frequency + Genotype_measurement_batch + PC1 + PC2 + PC3 + PC4 + PC5 + PC6 + PC7 + PC8 + PC9 + PC10 + PC11 + PC12 + PC13 + PC14 + PC15 + PC16 + PC17 + PC18 + PC19 + PC20 + beta_AZU1_P20160_OID20309_v1___SUM
 ■■■                                8% |  ETA: 28m
 ■■■                                8% |  ETA: 28m
 ■■■                                8% |  ETA: 28m
 ■■■■                               8% |  ETA: 28m
 ■■■■                               9% |  ETA: 28m
 ■■■■                               9% |  ETA: 28m
 ■■■■                               9% |  ETA: 28m
 ■■■■                               9% |  ETA: 28m
 ■■■■                               9% |  ETA: 28m
 ■■■■                               9% |  ETA: 28m
 ■■■■                              10% |  ETA: 27m
 ■■■■                              10% |  ETA: 27m
 ■■■■                              10% |  ETA: 27m
 ■■■■                              10% |  ETA: 27m
 ■■■■                              10% |  ETA: 27m
Processing biomarker (w/ -): C2
Model formula: CIN3plus ~ Age_at_recruitment + Body_mass_index + Townsend_deprivation_index_at_recruitment + Smoking_status + Alcohol_intake_frequency + Genotype_measurement_batch + PC1 + PC2 + PC3 + PC4 + PC5 + PC6 + PC7 + PC8 + PC9 + PC10 + PC11 + PC12 + PC13 + PC14 + PC15 + PC16 + PC17 + PC18 + PC19 + PC20 + beta_C2_P06681_OID20410_v1___SUM
 ■■■■                              10% |  ETA: 27m
 ■■■■                              11% |  ETA: 27m
Processing biomarker (w/ -): C4BPB
Model formula: CIN3plus ~ Age_at_recruitment + Body_mass_index + Townsend_deprivation_index_at_recruitment + Smoking_status + Alcohol_intake_frequency + Genotype_measurement_batch + PC1 + PC2 + PC3 + PC4 + PC5 + PC6 + PC7 + PC8 + PC9 + PC10 + PC11 + PC12 + PC13 + PC14 + PC15 + PC16 + PC17 + PC18 + PC19 + PC20 + beta_C4BPB_P20851_OID21481_v1___SUM
 ■■■■                              11% |  ETA: 27m
 ■■■■                              11% |  ETA: 27m
Processing biomarker (w/ -): CA11
Model formula: CIN3plus ~ Age_at_recruitment + Body_mass_index + Townsend_deprivation_index_at_recruitment + Smoking_status + Alcohol_intake_frequency + Genotype_measurement_batch + PC1 + PC2 + PC3 + PC4 + PC5 + PC6 + PC7 + PC8 + PC9 + PC10 + PC11 + PC12 + PC13 + PC14 + PC15 + PC16 + PC17 + PC18 + PC19 + PC20 + beta_CA11_O75493_OID21195_v1___SUM
 ■■■■                              11% |  ETA: 27m
 ■■■■                              11% |  ETA: 27m
 ■■■■                              11% |  ETA: 27m
Processing biomarker (w/ -): CACYBP
Model formula: CIN3plus ~ Age_at_recruitment + Body_mass_index + Townsend_deprivation_index_at_recruitment + Smoking_status + Alcohol_intake_frequency + Genotype_measurement_batch + PC1 + PC2 + PC3 + PC4 + PC5 + PC6 + PC7 + PC8 + PC9 + PC10 + PC11 + PC12 + PC13 + PC14 + PC15 + PC16 + PC17 + PC18 + PC19 + PC20 + beta_CACYBP_Q9HB71_OID30649_v1___SUM
 ■■■■                              12% |  ETA: 27m
 ■■■■■                             12% |  ETA: 27m
 ■■■■■                             12% |  ETA: 27m
 ■■■■■                             12% |  ETA: 27m
 ■■■■■                             12% |  ETA: 27m
 ■■■■■                             12% |  ETA: 27m
 ■■■■■                             12% |  ETA: 27m
 ■■■■■                             13% |  ETA: 27m
 ■■■■■                             13% |  ETA: 26m
 ■■■■■                             13% |  ETA: 26m
Processing biomarker (w/ -): CCL15
Model formula: CIN3plus ~ Age_at_recruitment + Body_mass_index + Townsend_deprivation_index_at_recruitment + Smoking_status + Alcohol_intake_frequency + Genotype_measurement_batch + PC1 + PC2 + PC3 + PC4 + PC5 + PC6 + PC7 + PC8 + PC9 + PC10 + PC11 + PC12 + PC13 + PC14 + PC15 + PC16 + PC17 + PC18 + PC19 + PC20 + beta_CCL15_Q16663_OID20328_v1___SUM
 ■■■■■                             13% |  ETA: 26m
 ■■■■■                             13% |  ETA: 26m
 ■■■■■                             13% |  ETA: 26m
 ■■■■■                             14% |  ETA: 26m
 ■■■■■                             14% |  ETA: 26m
 ■■■■■                             14% |  ETA: 26m
 ■■■■■                             14% |  ETA: 26m
Processing biomarker (w/ -): CCN5
Model formula: CIN3plus ~ Age_at_recruitment + Body_mass_index + Townsend_deprivation_index_at_recruitment + Smoking_status + Alcohol_intake_frequency + Genotype_measurement_batch + PC1 + PC2 + PC3 + PC4 + PC5 + PC6 + PC7 + PC8 + PC9 + PC10 + PC11 + PC12 + PC13 + PC14 + PC15 + PC16 + PC17 + PC18 + PC19 + PC20 + beta_CCN5_O76076_OID21068_v1___SUM
 ■■■■■                             14% |  ETA: 26m
Processing biomarker (w/ -): CD109
Model formula: CIN3plus ~ Age_at_recruitment + Body_mass_index + Townsend_deprivation_index_at_recruitment + Smoking_status + Alcohol_intake_frequency + Genotype_measurement_batch + PC1 + PC2 + PC3 + PC4 + PC5 + PC6 + PC7 + PC8 + PC9 + PC10 + PC11 + PC12 + PC13 + PC14 + PC15 + PC16 + PC17 + PC18 + PC19 + PC20 + beta_CD109_Q6YHK3_OID21108_v1___SUM
 ■■■■■                             14% |  ETA: 26m
 ■■■■■                             15% |  ETA: 26m
 ■■■■■                             15% |  ETA: 26m
 ■■■■■                             15% |  ETA: 26m
 ■■■■■■                            15% |  ETA: 26m
 ■■■■■■                            15% |  ETA: 26m
 ■■■■■■                            15% |  ETA: 26m
 ■■■■■■                            16% |  ETA: 26m
 ■■■■■■                            16% |  ETA: 26m
 ■■■■■■                            16% |  ETA: 26m
 ■■■■■■                            16% |  ETA: 25m
 ■■■■■■                            16% |  ETA: 25m
 ■■■■■■                            16% |  ETA: 25m
 ■■■■■■                            17% |  ETA: 25m
 ■■■■■■                            17% |  ETA: 25m
 ■■■■■■                            17% |  ETA: 25m
 ■■■■■■                            17% |  ETA: 25m
 ■■■■■■                            17% |  ETA: 25m
 ■■■■■■                            17% |  ETA: 25m
 ■■■■■■                            18% |  ETA: 25m
 ■■■■■■                            18% |  ETA: 25m
 ■■■■■■                            18% |  ETA: 25m
 ■■■■■■                            18% |  ETA: 25m
 ■■■■■■                            18% |  ETA: 25m
 ■■■■■■■                           18% |  ETA: 25m
 ■■■■■■■                           19% |  ETA: 25m
 ■■■■■■■                           19% |  ETA: 25m
 ■■■■■■■                           19% |  ETA: 25m
 ■■■■■■■                           19% |  ETA: 25m
 ■■■■■■■                           19% |  ETA: 25m
 ■■■■■■■                           19% |  ETA: 25m
 ■■■■■■■                           20% |  ETA: 24m
 ■■■■■■■                           20% |  ETA: 24m
 ■■■■■■■                           20% |  ETA: 24m
 ■■■■■■■                           20% |  ETA: 24m
 ■■■■■■■                           20% |  ETA: 24m
 ■■■■■■■                           20% |  ETA: 24m
 ■■■■■■■                           20% |  ETA: 24m
 ■■■■■■■                           21% |  ETA: 24m
 ■■■■■■■                           21% |  ETA: 24m
 ■■■■■■■                           21% |  ETA: 24m
 ■■■■■■■                           21% |  ETA: 24m
 ■■■■■■■                           21% |  ETA: 24m
 ■■■■■■■                           21% |  ETA: 24m
 ■■■■■■■                           22% |  ETA: 24m
 ■■■■■■■■                          22% |  ETA: 24m
 ■■■■■■■■                          22% |  ETA: 24m
Processing biomarker (w/ -): CNP
Model formula: CIN3plus ~ Age_at_recruitment + Body_mass_index + Townsend_deprivation_index_at_recruitment + Smoking_status + Alcohol_intake_frequency + Genotype_measurement_batch + PC1 + PC2 + PC3 + PC4 + PC5 + PC6 + PC7 + PC8 + PC9 + PC10 + PC11 + PC12 + PC13 + PC14 + PC15 + PC16 + PC17 + PC18 + PC19 + PC20 + beta_CNP_P09543_OID30285_v1___SUM
 ■■■■■■■■                          22% |  ETA: 24m
 ■■■■■■■■                          22% |  ETA: 24m
 ■■■■■■■■                          22% |  ETA: 24m
 ■■■■■■■■                          23% |  ETA: 24m
 ■■■■■■■■                          23% |  ETA: 23m
 ■■■■■■■■                          23% |  ETA: 23m
 ■■■■■■■■                          23% |  ETA: 23m
 ■■■■■■■■                          23% |  ETA: 23m
 ■■■■■■■■                          23% |  ETA: 23m
 ■■■■■■■■                          24% |  ETA: 23m
 ■■■■■■■■                          24% |  ETA: 23m
 ■■■■■■■■                          24% |  ETA: 23m
 ■■■■■■■■                          24% |  ETA: 23m
 ■■■■■■■■                          24% |  ETA: 23m
 ■■■■■■■■                          24% |  ETA: 23m
 ■■■■■■■■                          25% |  ETA: 23m
 ■■■■■■■■                          25% |  ETA: 23m
 ■■■■■■■■■                         25% |  ETA: 23m
 ■■■■■■■■■                         25% |  ETA: 23m
 ■■■■■■■■■                         25% |  ETA: 23m
 ■■■■■■■■■                         26% |  ETA: 23m
 ■■■■■■■■■                         26% |  ETA: 23m
Processing biomarker (w/ -): CSTB
Model formula: CIN3plus ~ Age_at_recruitment + Body_mass_index + Townsend_deprivation_index_at_recruitment + Smoking_status + Alcohol_intake_frequency + Genotype_measurement_batch + PC1 + PC2 + PC3 + PC4 + PC5 + PC6 + PC7 + PC8 + PC9 + PC10 + PC11 + PC12 + PC13 + PC14 + PC15 + PC16 + PC17 + PC18 + PC19 + PC20 + beta_CSTB_P04080_OID20294_v1___SUM
 ■■■■■■■■■                         26% |  ETA: 22m
Processing biomarker (w/ -): CTF1
Model formula: CIN3plus ~ Age_at_recruitment + Body_mass_index + Townsend_deprivation_index_at_recruitment + Smoking_status + Alcohol_intake_frequency + Genotype_measurement_batch + PC1 + PC2 + PC3 + PC4 + PC5 + PC6 + PC7 + PC8 + PC9 + PC10 + PC11 + PC12 + PC13 + PC14 + PC15 + PC16 + PC17 + PC18 + PC19 + PC20 + beta_CTF1_Q16619_OID20061_v1___SUM
 ■■■■■■■■■                         26% |  ETA: 22m
 ■■■■■■■■■                         26% |  ETA: 22m
 ■■■■■■■■■                         26% |  ETA: 22m
 ■■■■■■■■■                         27% |  ETA: 22m
 ■■■■■■■■■                         27% |  ETA: 22m
 ■■■■■■■■■                         27% |  ETA: 22m
 ■■■■■■■■■                         27% |  ETA: 22m
 ■■■■■■■■■                         27% |  ETA: 22m
 ■■■■■■■■■                         27% |  ETA: 22m
Processing biomarker (w/ -): DAG1
Model formula: CIN3plus ~ Age_at_recruitment + Body_mass_index + Townsend_deprivation_index_at_recruitment + Smoking_status + Alcohol_intake_frequency + Genotype_measurement_batch + PC1 + PC2 + PC3 + PC4 + PC5 + PC6 + PC7 + PC8 + PC9 + PC10 + PC11 + PC12 + PC13 + PC14 + PC15 + PC16 + PC17 + PC18 + PC19 + PC20 + beta_DAG1_Q14118_OID20774_v1___SUM
 ■■■■■■■■■                         28% |  ETA: 22m
 ■■■■■■■■■                         28% |  ETA: 22m
 ■■■■■■■■■                         28% |  ETA: 22m
 ■■■■■■■■■                         28% |  ETA: 22m
 ■■■■■■■■■                         28% |  ETA: 22m
 ■■■■■■■■■■                        28% |  ETA: 22m
 ■■■■■■■■■■                        29% |  ETA: 22m
 ■■■■■■■■■■                        29% |  ETA: 22m
 ■■■■■■■■■■                        29% |  ETA: 22m
 ■■■■■■■■■■                        29% |  ETA: 21m
 ■■■■■■■■■■                        29% |  ETA: 21m
Processing biomarker (w/ -): DNAJB1
Model formula: CIN3plus ~ Age_at_recruitment + Body_mass_index + Townsend_deprivation_index_at_recruitment + Smoking_status + Alcohol_intake_frequency + Genotype_measurement_batch + PC1 + PC2 + PC3 + PC4 + PC5 + PC6 + PC7 + PC8 + PC9 + PC10 + PC11 + PC12 + PC13 + PC14 + PC15 + PC16 + PC17 + PC18 + PC19 + PC20 + beta_DNAJB1_P25685_OID21363_v1___SUM
 ■■■■■■■■■■                        29% |  ETA: 21m
 ■■■■■■■■■■                        30% |  ETA: 21m
 ■■■■■■■■■■                        30% |  ETA: 21m
 ■■■■■■■■■■                        30% |  ETA: 21m
 ■■■■■■■■■■                        30% |  ETA: 21m
Processing biomarker (w/ -): DPP7
Model formula: CIN3plus ~ Age_at_recruitment + Body_mass_index + Townsend_deprivation_index_at_recruitment + Smoking_status + Alcohol_intake_frequency + Genotype_measurement_batch + PC1 + PC2 + PC3 + PC4 + PC5 + PC6 + PC7 + PC8 + PC9 + PC10 + PC11 + PC12 + PC13 + PC14 + PC15 + PC16 + PC17 + PC18 + PC19 + PC20 + beta_DPP7_Q9UHL4_OID20142_v1___SUM
 ■■■■■■■■■■                        30% |  ETA: 21m
 ■■■■■■■■■■                        30% |  ETA: 21m
 ■■■■■■■■■■                        31% |  ETA: 21m
 ■■■■■■■■■■                        31% |  ETA: 21m
 ■■■■■■■■■■                        31% |  ETA: 21m
Processing biomarker (w/ -): EBI3
Model formula: CIN3plus ~ Age_at_recruitment + Body_mass_index + Townsend_deprivation_index_at_recruitment + Smoking_status + Alcohol_intake_frequency + Genotype_measurement_batch + PC1 + PC2 + PC3 + PC4 + PC5 + PC6 + PC7 + PC8 + PC9 + PC10 + PC11 + PC12 + PC13 + PC14 + PC15 + PC16 + PC17 + PC18 + PC19 + PC20 + beta_EBI3_IL27_Q14213_Q8NEV9_OID21389_v1___SUM
 ■■■■■■■■■■                        31% |  ETA: 21m
 ■■■■■■■■■■                        31% |  ETA: 21m
 ■■■■■■■■■■                        31% |  ETA: 21m
Processing biomarker (w/ -): EDIL3
Model formula: CIN3plus ~ Age_at_recruitment + Body_mass_index + Townsend_deprivation_index_at_recruitment + Smoking_status + Alcohol_intake_frequency + Genotype_measurement_batch + PC1 + PC2 + PC3 + PC4 + PC5 + PC6 + PC7 + PC8 + PC9 + PC10 + PC11 + PC12 + PC13 + PC14 + PC15 + PC16 + PC17 + PC18 + PC19 + PC20 + beta_EDIL3_O43854_OID20081_v1___SUM
 ■■■■■■■■■■                        32% |  ETA: 21m
 ■■■■■■■■■■■                       32% |  ETA: 21m
 ■■■■■■■■■■■                       32% |  ETA: 21m
 ■■■■■■■■■■■                       32% |  ETA: 20m
Processing biomarker (w/ -): EHBP1
Model formula: CIN3plus ~ Age_at_recruitment + Body_mass_index + Townsend_deprivation_index_at_recruitment + Smoking_status + Alcohol_intake_frequency + Genotype_measurement_batch + PC1 + PC2 + PC3 + PC4 + PC5 + PC6 + PC7 + PC8 + PC9 + PC10 + PC11 + PC12 + PC13 + PC14 + PC15 + PC16 + PC17 + PC18 + PC19 + PC20 + beta_EHBP1_Q8NDI1_OID30302_v1___SUM
 ■■■■■■■■■■■                       32% |  ETA: 20m
 ■■■■■■■■■■■                       32% |  ETA: 20m
 ■■■■■■■■■■■                       33% |  ETA: 20m
 ■■■■■■■■■■■                       33% |  ETA: 20m
 ■■■■■■■■■■■                       33% |  ETA: 20m
 ■■■■■■■■■■■                       33% |  ETA: 20m
Processing biomarker (w/ -): ENTPD2
Model formula: CIN3plus ~ Age_at_recruitment + Body_mass_index + Townsend_deprivation_index_at_recruitment + Smoking_status + Alcohol_intake_frequency + Genotype_measurement_batch + PC1 + PC2 + PC3 + PC4 + PC5 + PC6 + PC7 + PC8 + PC9 + PC10 + PC11 + PC12 + PC13 + PC14 + PC15 + PC16 + PC17 + PC18 + PC19 + PC20 + beta_ENTPD2_Q9Y5L3_OID21260_v1___SUM
 ■■■■■■■■■■■                       33% |  ETA: 20m
 ■■■■■■■■■■■                       33% |  ETA: 20m
 ■■■■■■■■■■■                       34% |  ETA: 20m
 ■■■■■■■■■■■                       34% |  ETA: 20m
 ■■■■■■■■■■■                       34% |  ETA: 20m
 ■■■■■■■■■■■                       34% |  ETA: 20m
 ■■■■■■■■■■■                       34% |  ETA: 20m
 ■■■■■■■■■■■                       34% |  ETA: 20m
 ■■■■■■■■■■■                       35% |  ETA: 20m
 ■■■■■■■■■■■                       35% |  ETA: 20m
 ■■■■■■■■■■■■                      35% |  ETA: 20m
 ■■■■■■■■■■■■                      35% |  ETA: 20m
 ■■■■■■■■■■■■                      35% |  ETA: 19m
 ■■■■■■■■■■■■                      36% |  ETA: 19m
 ■■■■■■■■■■■■                      36% |  ETA: 19m
 ■■■■■■■■■■■■                      36% |  ETA: 19m
 ■■■■■■■■■■■■                      36% |  ETA: 19m
 ■■■■■■■■■■■■                      36% |  ETA: 19m
 ■■■■■■■■■■■■                      36% |  ETA: 19m
 ■■■■■■■■■■■■                      37% |  ETA: 19m
 ■■■■■■■■■■■■                      37% |  ETA: 19m
 ■■■■■■■■■■■■                      37% |  ETA: 19m
Processing biomarker (w/ -): FCRL5
Model formula: CIN3plus ~ Age_at_recruitment + Body_mass_index + Townsend_deprivation_index_at_recruitment + Smoking_status + Alcohol_intake_frequency + Genotype_measurement_batch + PC1 + PC2 + PC3 + PC4 + PC5 + PC6 + PC7 + PC8 + PC9 + PC10 + PC11 + PC12 + PC13 + PC14 + PC15 + PC16 + PC17 + PC18 + PC19 + PC20 + beta_FCRL5_Q96RD9_OID21111_v1___SUM
 ■■■■■■■■■■■■                      37% |  ETA: 19m
 ■■■■■■■■■■■■                      37% |  ETA: 19m
 ■■■■■■■■■■■■                      37% |  ETA: 19m
 ■■■■■■■■■■■■                      38% |  ETA: 19m
 ■■■■■■■■■■■■                      38% |  ETA: 19m
 ■■■■■■■■■■■■                      38% |  ETA: 19m
 ■■■■■■■■■■■■                      38% |  ETA: 19m
Processing biomarker (w/ -): FKBP7
Model formula: CIN3plus ~ Age_at_recruitment + Body_mass_index + Townsend_deprivation_index_at_recruitment + Smoking_status + Alcohol_intake_frequency + Genotype_measurement_batch + PC1 + PC2 + PC3 + PC4 + PC5 + PC6 + PC7 + PC8 + PC9 + PC10 + PC11 + PC12 + PC13 + PC14 + PC15 + PC16 + PC17 + PC18 + PC19 + PC20 + beta_FKBP7_Q9Y680_OID20846_v1___SUM
 ■■■■■■■■■■■■                      38% |  ETA: 19m
 ■■■■■■■■■■■■■                     38% |  ETA: 19m
 ■■■■■■■■■■■■■                     39% |  ETA: 18m
 ■■■■■■■■■■■■■                     39% |  ETA: 18m
 ■■■■■■■■■■■■■                     39% |  ETA: 18m
 ■■■■■■■■■■■■■                     39% |  ETA: 18m
 ■■■■■■■■■■■■■                     39% |  ETA: 18m
 ■■■■■■■■■■■■■                     39% |  ETA: 18m
 ■■■■■■■■■■■■■                     40% |  ETA: 18m
 ■■■■■■■■■■■■■                     40% |  ETA: 18m
Processing biomarker (w/ -): GART
Model formula: CIN3plus ~ Age_at_recruitment + Body_mass_index + Townsend_deprivation_index_at_recruitment + Smoking_status + Alcohol_intake_frequency + Genotype_measurement_batch + PC1 + PC2 + PC3 + PC4 + PC5 + PC6 + PC7 + PC8 + PC9 + PC10 + PC11 + PC12 + PC13 + PC14 + PC15 + PC16 + PC17 + PC18 + PC19 + PC20 + beta_GART_P22102_OID31004_v1___SUM
 ■■■■■■■■■■■■■                     40% |  ETA: 18m
 ■■■■■■■■■■■■■                     40% |  ETA: 18m
 ■■■■■■■■■■■■■                     40% |  ETA: 18m
 ■■■■■■■■■■■■■                     40% |  ETA: 18m
 ■■■■■■■■■■■■■                     41% |  ETA: 18m
 ■■■■■■■■■■■■■                     41% |  ETA: 18m
 ■■■■■■■■■■■■■                     41% |  ETA: 18m
 ■■■■■■■■■■■■■                     41% |  ETA: 18m
 ■■■■■■■■■■■■■                     41% |  ETA: 18m
Processing biomarker (w/ -): GIMAP8
Model formula: CIN3plus ~ Age_at_recruitment + Body_mass_index + Townsend_deprivation_index_at_recruitment + Smoking_status + Alcohol_intake_frequency + Genotype_measurement_batch + PC1 + PC2 + PC3 + PC4 + PC5 + PC6 + PC7 + PC8 + PC9 + PC10 + PC11 + PC12 + PC13 + PC14 + PC15 + PC16 + PC17 + PC18 + PC19 + PC20 + beta_GIMAP8_Q8ND71_OID31194_v1___SUM
 ■■■■■■■■■■■■■                     41% |  ETA: 18m
 ■■■■■■■■■■■■■                     42% |  ETA: 18m
 ■■■■■■■■■■■■■■                    42% |  ETA: 17m
 ■■■■■■■■■■■■■■                    42% |  ETA: 17m
 ■■■■■■■■■■■■■■                    42% |  ETA: 17m
 ■■■■■■■■■■■■■■                    42% |  ETA: 17m
 ■■■■■■■■■■■■■■                    42% |  ETA: 17m
 ■■■■■■■■■■■■■■                    43% |  ETA: 17m
 ■■■■■■■■■■■■■■                    43% |  ETA: 17m
 ■■■■■■■■■■■■■■                    43% |  ETA: 17m
 ■■■■■■■■■■■■■■                    43% |  ETA: 17m
 ■■■■■■■■■■■■■■                    43% |  ETA: 17m
 ■■■■■■■■■■■■■■                    44% |  ETA: 17m
 ■■■■■■■■■■■■■■                    44% |  ETA: 17m
 ■■■■■■■■■■■■■■                    44% |  ETA: 17m
 ■■■■■■■■■■■■■■                    44% |  ETA: 17m
 ■■■■■■■■■■■■■■                    44% |  ETA: 17m
 ■■■■■■■■■■■■■■                    44% |  ETA: 17m
 ■■■■■■■■■■■■■■                    44% |  ETA: 17m
 ■■■■■■■■■■■■■■                    45% |  ETA: 17m
 ■■■■■■■■■■■■■■                    45% |  ETA: 17m
Processing biomarker (w/ -): HLA-A
Model formula: CIN3plus ~ Age_at_recruitment + Body_mass_index + Townsend_deprivation_index_at_recruitment + Smoking_status + Alcohol_intake_frequency + Genotype_measurement_batch + PC1 + PC2 + PC3 + PC4 + PC5 + PC6 + PC7 + PC8 + PC9 + PC10 + PC11 + PC12 + PC13 + PC14 + PC15 + PC16 + PC17 + PC18 + PC19 + PC20 + beta_HLA_A_P04439_OID31048_v1___SUM
 ■■■■■■■■■■■■■■■                   45% |  ETA: 16m
Processing biomarker (w/ -): HLA-DRA
Model formula: CIN3plus ~ Age_at_recruitment + Body_mass_index + Townsend_deprivation_index_at_recruitment + Smoking_status + Alcohol_intake_frequency + Genotype_measurement_batch + PC1 + PC2 + PC3 + PC4 + PC5 + PC6 + PC7 + PC8 + PC9 + PC10 + PC11 + PC12 + PC13 + PC14 + PC15 + PC16 + PC17 + PC18 + PC19 + PC20 + beta_HLA_DRA_P01903_OID20520_v1_rs36096565_SUM
Processing biomarker (w/ -): HLA-E
Model formula: CIN3plus ~ Age_at_recruitment + Body_mass_index + Townsend_deprivation_index_at_recruitment + Smoking_status + Alcohol_intake_frequency + Genotype_measurement_batch + PC1 + PC2 + PC3 + PC4 + PC5 + PC6 + PC7 + PC8 + PC9 + PC10 + PC11 + PC12 + PC13 + PC14 + PC15 + PC16 + PC17 + PC18 + PC19 + PC20 + beta_HLA_E_P13747_OID20532_v1_rs2523594_SUM
 ■■■■■■■■■■■■■■■                   45% |  ETA: 16m
 ■■■■■■■■■■■■■■■                   45% |  ETA: 16m
 ■■■■■■■■■■■■■■■                   46% |  ETA: 16m
 ■■■■■■■■■■■■■■■                   46% |  ETA: 16m
 ■■■■■■■■■■■■■■■                   46% |  ETA: 16m
 ■■■■■■■■■■■■■■■                   46% |  ETA: 16m
 ■■■■■■■■■■■■■■■                   46% |  ETA: 16m
 ■■■■■■■■■■■■■■■                   46% |  ETA: 16m
 ■■■■■■■■■■■■■■■                   47% |  ETA: 16m
 ■■■■■■■■■■■■■■■                   47% |  ETA: 16m
 ■■■■■■■■■■■■■■■                   47% |  ETA: 16m
 ■■■■■■■■■■■■■■■                   47% |  ETA: 16m
 ■■■■■■■■■■■■■■■                   47% |  ETA: 16m
 ■■■■■■■■■■■■■■■                   47% |  ETA: 16m
 ■■■■■■■■■■■■■■■                   48% |  ETA: 16m
 ■■■■■■■■■■■■■■■                   48% |  ETA: 16m
 ■■■■■■■■■■■■■■■                   48% |  ETA: 16m
 ■■■■■■■■■■■■■■■                   48% |  ETA: 16m
 ■■■■■■■■■■■■■■■                   48% |  ETA: 15m
 ■■■■■■■■■■■■■■■■                  48% |  ETA: 15m
 ■■■■■■■■■■■■■■■■                  49% |  ETA: 15m
 ■■■■■■■■■■■■■■■■                  49% |  ETA: 15m
 ■■■■■■■■■■■■■■■■                  49% |  ETA: 15m
Processing biomarker (w/ -): IL20RB
Model formula: CIN3plus ~ Age_at_recruitment + Body_mass_index + Townsend_deprivation_index_at_recruitment + Smoking_status + Alcohol_intake_frequency + Genotype_measurement_batch + PC1 + PC2 + PC3 + PC4 + PC5 + PC6 + PC7 + PC8 + PC9 + PC10 + PC11 + PC12 + PC13 + PC14 + PC15 + PC16 + PC17 + PC18 + PC19 + PC20 + beta_IL20RB_Q6UXL0_OID30461_v1___SUM
 ■■■■■■■■■■■■■■■■                  49% |  ETA: 15m
 ■■■■■■■■■■■■■■■■                  49% |  ETA: 15m
 ■■■■■■■■■■■■■■■■                  49% |  ETA: 15m
 ■■■■■■■■■■■■■■■■                  50% |  ETA: 15m
 ■■■■■■■■■■■■■■■■                  50% |  ETA: 15m
 ■■■■■■■■■■■■■■■■                  50% |  ETA: 15m
 ■■■■■■■■■■■■■■■■                  50% |  ETA: 15m
 ■■■■■■■■■■■■■■■■                  50% |  ETA: 15m
 ■■■■■■■■■■■■■■■■                  50% |  ETA: 15m
 ■■■■■■■■■■■■■■■■                  51% |  ETA: 15m
 ■■■■■■■■■■■■■■■■                  51% |  ETA: 15m
 ■■■■■■■■■■■■■■■■                  51% |  ETA: 15m
 ■■■■■■■■■■■■■■■■                  51% |  ETA: 15m
 ■■■■■■■■■■■■■■■■                  51% |  ETA: 15m
 ■■■■■■■■■■■■■■■■                  51% |  ETA: 15m
Processing biomarker (w/ -): JAM2
Model formula: CIN3plus ~ Age_at_recruitment + Body_mass_index + Townsend_deprivation_index_at_recruitment + Smoking_status + Alcohol_intake_frequency + Genotype_measurement_batch + PC1 + PC2 + PC3 + PC4 + PC5 + PC6 + PC7 + PC8 + PC9 + PC10 + PC11 + PC12 + PC13 + PC14 + PC15 + PC16 + PC17 + PC18 + PC19 + PC20 + beta_JAM2_P57087_OID21064_v1___SUM
 ■■■■■■■■■■■■■■■■                  52% |  ETA: 14m
 ■■■■■■■■■■■■■■■■■                 52% |  ETA: 14m
 ■■■■■■■■■■■■■■■■■                 52% |  ETA: 14m
 ■■■■■■■■■■■■■■■■■                 52% |  ETA: 14m
 ■■■■■■■■■■■■■■■■■                 52% |  ETA: 14m
 ■■■■■■■■■■■■■■■■■                 52% |  ETA: 14m
 ■■■■■■■■■■■■■■■■■                 53% |  ETA: 14m
 ■■■■■■■■■■■■■■■■■                 53% |  ETA: 14m
 ■■■■■■■■■■■■■■■■■                 53% |  ETA: 14m
 ■■■■■■■■■■■■■■■■■                 53% |  ETA: 14m
 ■■■■■■■■■■■■■■■■■                 53% |  ETA: 14m
Processing biomarker (w/ -): KYAT1
Model formula: CIN3plus ~ Age_at_recruitment + Body_mass_index + Townsend_deprivation_index_at_recruitment + Smoking_status + Alcohol_intake_frequency + Genotype_measurement_batch + PC1 + PC2 + PC3 + PC4 + PC5 + PC6 + PC7 + PC8 + PC9 + PC10 + PC11 + PC12 + PC13 + PC14 + PC15 + PC16 + PC17 + PC18 + PC19 + PC20 + beta_KYAT1_Q16773_OID20232_v1___SUM
 ■■■■■■■■■■■■■■■■■                 54% |  ETA: 14m
Processing biomarker (w/ -): LACRT
Model formula: CIN3plus ~ Age_at_recruitment + Body_mass_index + Townsend_deprivation_index_at_recruitment + Smoking_status + Alcohol_intake_frequency + Genotype_measurement_batch + PC1 + PC2 + PC3 + PC4 + PC5 + PC6 + PC7 + PC8 + PC9 + PC10 + PC11 + PC12 + PC13 + PC14 + PC15 + PC16 + PC17 + PC18 + PC19 + PC20 + beta_LACRT_Q9GZZ8_OID31367_v1___SUM
 ■■■■■■■■■■■■■■■■■                 54% |  ETA: 14m
 ■■■■■■■■■■■■■■■■■                 54% |  ETA: 14m
Processing biomarker (w/ -): LATS1
Model formula: CIN3plus ~ Age_at_recruitment + Body_mass_index + Townsend_deprivation_index_at_recruitment + Smoking_status + Alcohol_intake_frequency + Genotype_measurement_batch + PC1 + PC2 + PC3 + PC4 + PC5 + PC6 + PC7 + PC8 + PC9 + PC10 + PC11 + PC12 + PC13 + PC14 + PC15 + PC16 + PC17 + PC18 + PC19 + PC20 + beta_LATS1_O95835_OID30523_v1___SUM
 ■■■■■■■■■■■■■■■■■                 54% |  ETA: 14m
 ■■■■■■■■■■■■■■■■■                 54% |  ETA: 14m
 ■■■■■■■■■■■■■■■■■                 54% |  ETA: 14m
 ■■■■■■■■■■■■■■■■■                 55% |  ETA: 14m
 ■■■■■■■■■■■■■■■■■                 55% |  ETA: 14m
 ■■■■■■■■■■■■■■■■■                 55% |  ETA: 13m
 ■■■■■■■■■■■■■■■■■■                55% |  ETA: 13m
Processing biomarker (w/ -): LHPP
Model formula: CIN3plus ~ Age_at_recruitment + Body_mass_index + Townsend_deprivation_index_at_recruitment + Smoking_status + Alcohol_intake_frequency + Genotype_measurement_batch + PC1 + PC2 + PC3 + PC4 + PC5 + PC6 + PC7 + PC8 + PC9 + PC10 + PC11 + PC12 + PC13 + PC14 + PC15 + PC16 + PC17 + PC18 + PC19 + PC20 + beta_LHPP_Q9H008_OID20749_v1___SUM
 ■■■■■■■■■■■■■■■■■■                55% |  ETA: 13m
 ■■■■■■■■■■■■■■■■■■                55% |  ETA: 13m
 ■■■■■■■■■■■■■■■■■■                56% |  ETA: 13m
Processing biomarker (w/ -): LMOD1
Model formula: CIN3plus ~ Age_at_recruitment + Body_mass_index + Townsend_deprivation_index_at_recruitment + Smoking_status + Alcohol_intake_frequency + Genotype_measurement_batch + PC1 + PC2 + PC3 + PC4 + PC5 + PC6 + PC7 + PC8 + PC9 + PC10 + PC11 + PC12 + PC13 + PC14 + PC15 + PC16 + PC17 + PC18 + PC19 + PC20 + beta_LMOD1_P29536_OID31014_v1___SUM
 ■■■■■■■■■■■■■■■■■■                56% |  ETA: 13m
 ■■■■■■■■■■■■■■■■■■                56% |  ETA: 13m
 ■■■■■■■■■■■■■■■■■■                56% |  ETA: 13m
 ■■■■■■■■■■■■■■■■■■                56% |  ETA: 13m
 ■■■■■■■■■■■■■■■■■■                56% |  ETA: 13m
 ■■■■■■■■■■■■■■■■■■                57% |  ETA: 13m
 ■■■■■■■■■■■■■■■■■■                57% |  ETA: 13m
 ■■■■■■■■■■■■■■■■■■                57% |  ETA: 13m
 ■■■■■■■■■■■■■■■■■■                57% |  ETA: 13m
 ■■■■■■■■■■■■■■■■■■                57% |  ETA: 13m
 ■■■■■■■■■■■■■■■■■■                57% |  ETA: 13m
 ■■■■■■■■■■■■■■■■■■                58% |  ETA: 13m
 ■■■■■■■■■■■■■■■■■■                58% |  ETA: 13m
Processing biomarker (w/ -): MAMDC4
Model formula: CIN3plus ~ Age_at_recruitment + Body_mass_index + Townsend_deprivation_index_at_recruitment + Smoking_status + Alcohol_intake_frequency + Genotype_measurement_batch + PC1 + PC2 + PC3 + PC4 + PC5 + PC6 + PC7 + PC8 + PC9 + PC10 + PC11 + PC12 + PC13 + PC14 + PC15 + PC16 + PC17 + PC18 + PC19 + PC20 + beta_MAMDC4_Q6UXC1_OID31342_v1___SUM
 ■■■■■■■■■■■■■■■■■■                58% |  ETA: 13m
 ■■■■■■■■■■■■■■■■■■                58% |  ETA: 13m
 ■■■■■■■■■■■■■■■■■■                58% |  ETA: 12m
 ■■■■■■■■■■■■■■■■■■■               58% |  ETA: 12m
 ■■■■■■■■■■■■■■■■■■■               59% |  ETA: 12m
 ■■■■■■■■■■■■■■■■■■■               59% |  ETA: 12m
 ■■■■■■■■■■■■■■■■■■■               59% |  ETA: 12m
 ■■■■■■■■■■■■■■■■■■■               59% |  ETA: 12m
 ■■■■■■■■■■■■■■■■■■■               59% |  ETA: 12m
 ■■■■■■■■■■■■■■■■■■■               59% |  ETA: 12m
Processing biomarker (w/ -): MENT
Model formula: CIN3plus ~ Age_at_recruitment + Body_mass_index + Townsend_deprivation_index_at_recruitment + Smoking_status + Alcohol_intake_frequency + Genotype_measurement_batch + PC1 + PC2 + PC3 + PC4 + PC5 + PC6 + PC7 + PC8 + PC9 + PC10 + PC11 + PC12 + PC13 + PC14 + PC15 + PC16 + PC17 + PC18 + PC19 + PC20 + beta_MENT_Q9BUN1_OID30595_v1___SUM
 ■■■■■■■■■■■■■■■■■■■               60% |  ETA: 12m
 ■■■■■■■■■■■■■■■■■■■               60% |  ETA: 12m
 ■■■■■■■■■■■■■■■■■■■               60% |  ETA: 12m
 ■■■■■■■■■■■■■■■■■■■               60% |  ETA: 12m
 ■■■■■■■■■■■■■■■■■■■               60% |  ETA: 12m
 ■■■■■■■■■■■■■■■■■■■               60% |  ETA: 12m
 ■■■■■■■■■■■■■■■■■■■               61% |  ETA: 12m
Processing biomarker (w/ -): MMP13
Model formula: CIN3plus ~ Age_at_recruitment + Body_mass_index + Townsend_deprivation_index_at_recruitment + Smoking_status + Alcohol_intake_frequency + Genotype_measurement_batch + PC1 + PC2 + PC3 + PC4 + PC5 + PC6 + PC7 + PC8 + PC9 + PC10 + PC11 + PC12 + PC13 + PC14 + PC15 + PC16 + PC17 + PC18 + PC19 + PC20 + beta_MMP13_P45452_OID20807_v1___SUM
 ■■■■■■■■■■■■■■■■■■■               61% |  ETA: 12m
 ■■■■■■■■■■■■■■■■■■■               61% |  ETA: 12m
 ■■■■■■■■■■■■■■■■■■■               61% |  ETA: 12m
 ■■■■■■■■■■■■■■■■■■■               61% |  ETA: 12m
 ■■■■■■■■■■■■■■■■■■■               61% |  ETA: 11m
 ■■■■■■■■■■■■■■■■■■■               62% |  ETA: 11m
 ■■■■■■■■■■■■■■■■■■■■              62% |  ETA: 11m
 ■■■■■■■■■■■■■■■■■■■■              62% |  ETA: 11m
 ■■■■■■■■■■■■■■■■■■■■              62% |  ETA: 11m
 ■■■■■■■■■■■■■■■■■■■■              62% |  ETA: 11m
 ■■■■■■■■■■■■■■■■■■■■              62% |  ETA: 11m
 ■■■■■■■■■■■■■■■■■■■■              63% |  ETA: 11m
 ■■■■■■■■■■■■■■■■■■■■              63% |  ETA: 11m
 ■■■■■■■■■■■■■■■■■■■■              63% |  ETA: 11m
Processing biomarker (w/ -): NCAM2
Model formula: CIN3plus ~ Age_at_recruitment + Body_mass_index + Townsend_deprivation_index_at_recruitment + Smoking_status + Alcohol_intake_frequency + Genotype_measurement_batch + PC1 + PC2 + PC3 + PC4 + PC5 + PC6 + PC7 + PC8 + PC9 + PC10 + PC11 + PC12 + PC13 + PC14 + PC15 + PC16 + PC17 + PC18 + PC19 + PC20 + beta_NCAM2_O15394_OID21095_v1___SUM
 ■■■■■■■■■■■■■■■■■■■■              63% |  ETA: 11m
 ■■■■■■■■■■■■■■■■■■■■              63% |  ETA: 11m
 ■■■■■■■■■■■■■■■■■■■■              64% |  ETA: 11m
 ■■■■■■■■■■■■■■■■■■■■              64% |  ETA: 11m
Processing biomarker (w/ -): NFASC
Model formula: CIN3plus ~ Age_at_recruitment + Body_mass_index + Townsend_deprivation_index_at_recruitment + Smoking_status + Alcohol_intake_frequency + Genotype_measurement_batch + PC1 + PC2 + PC3 + PC4 + PC5 + PC6 + PC7 + PC8 + PC9 + PC10 + PC11 + PC12 + PC13 + PC14 + PC15 + PC16 + PC17 + PC18 + PC19 + PC20 + beta_NFASC_O94856_OID20634_v1___SUM
 ■■■■■■■■■■■■■■■■■■■■              64% |  ETA: 11m
 ■■■■■■■■■■■■■■■■■■■■              64% |  ETA: 11m
 ■■■■■■■■■■■■■■■■■■■■              64% |  ETA: 11m
 ■■■■■■■■■■■■■■■■■■■■              64% |  ETA: 11m
 ■■■■■■■■■■■■■■■■■■■■              65% |  ETA: 11m
 ■■■■■■■■■■■■■■■■■■■■              65% |  ETA: 11m
Processing biomarker (w/ -): NPDC1
Model formula: CIN3plus ~ Age_at_recruitment + Body_mass_index + Townsend_deprivation_index_at_recruitment + Smoking_status + Alcohol_intake_frequency + Genotype_measurement_batch + PC1 + PC2 + PC3 + PC4 + PC5 + PC6 + PC7 + PC8 + PC9 + PC10 + PC11 + PC12 + PC13 + PC14 + PC15 + PC16 + PC17 + PC18 + PC19 + PC20 + beta_NPDC1_Q9NQX5_OID20205_v1___SUM
 ■■■■■■■■■■■■■■■■■■■■              65% |  ETA: 10m
 ■■■■■■■■■■■■■■■■■■■■■             65% |  ETA: 10m
 ■■■■■■■■■■■■■■■■■■■■■             65% |  ETA: 10m
 ■■■■■■■■■■■■■■■■■■■■■             65% |  ETA: 10m
 ■■■■■■■■■■■■■■■■■■■■■             66% |  ETA: 10m
 ■■■■■■■■■■■■■■■■■■■■■             66% |  ETA: 10m
 ■■■■■■■■■■■■■■■■■■■■■             66% |  ETA: 10m
 ■■■■■■■■■■■■■■■■■■■■■             66% |  ETA: 10m
 ■■■■■■■■■■■■■■■■■■■■■             66% |  ETA: 10m
 ■■■■■■■■■■■■■■■■■■■■■             66% |  ETA: 10m
 ■■■■■■■■■■■■■■■■■■■■■             67% |  ETA: 10m
 ■■■■■■■■■■■■■■■■■■■■■             67% |  ETA: 10m
 ■■■■■■■■■■■■■■■■■■■■■             67% |  ETA: 10m
 ■■■■■■■■■■■■■■■■■■■■■             67% |  ETA: 10m
 ■■■■■■■■■■■■■■■■■■■■■             67% |  ETA: 10m
 ■■■■■■■■■■■■■■■■■■■■■             67% |  ETA: 10m
 ■■■■■■■■■■■■■■■■■■■■■             68% |  ETA: 10m
 ■■■■■■■■■■■■■■■■■■■■■             68% |  ETA: 10m
 ■■■■■■■■■■■■■■■■■■■■■             68% |  ETA: 10m
 ■■■■■■■■■■■■■■■■■■■■■             68% |  ETA: 10m
Processing biomarker (w/ -): PAXX
Model formula: CIN3plus ~ Age_at_recruitment + Body_mass_index + Townsend_deprivation_index_at_recruitment + Smoking_status + Alcohol_intake_frequency + Genotype_measurement_batch + PC1 + PC2 + PC3 + PC4 + PC5 + PC6 + PC7 + PC8 + PC9 + PC10 + PC11 + PC12 + PC13 + PC14 + PC15 + PC16 + PC17 + PC18 + PC19 + PC20 + beta_PAXX_Q9BUH6_OID30591_v1___SUM
 ■■■■■■■■■■■■■■■■■■■■■             68% |  ETA:  9m
 ■■■■■■■■■■■■■■■■■■■■■■            68% |  ETA:  9m
 ■■■■■■■■■■■■■■■■■■■■■■            69% |  ETA:  9m
Processing biomarker (w/ -): PDCD1
Model formula: CIN3plus ~ Age_at_recruitment + Body_mass_index + Townsend_deprivation_index_at_recruitment + Smoking_status + Alcohol_intake_frequency + Genotype_measurement_batch + PC1 + PC2 + PC3 + PC4 + PC5 + PC6 + PC7 + PC8 + PC9 + PC10 + PC11 + PC12 + PC13 + PC14 + PC15 + PC16 + PC17 + PC18 + PC19 + PC20 + beta_PDCD1_Q15116_OID21396_v1___SUM
 ■■■■■■■■■■■■■■■■■■■■■■            69% |  ETA:  9m
 ■■■■■■■■■■■■■■■■■■■■■■            69% |  ETA:  9m
 ■■■■■■■■■■■■■■■■■■■■■■            69% |  ETA:  9m
 ■■■■■■■■■■■■■■■■■■■■■■            69% |  ETA:  9m
 ■■■■■■■■■■■■■■■■■■■■■■            69% |  ETA:  9m
Processing biomarker (w/ -): PEBP1
Model formula: CIN3plus ~ Age_at_recruitment + Body_mass_index + Townsend_deprivation_index_at_recruitment + Smoking_status + Alcohol_intake_frequency + Genotype_measurement_batch + PC1 + PC2 + PC3 + PC4 + PC5 + PC6 + PC7 + PC8 + PC9 + PC10 + PC11 + PC12 + PC13 + PC14 + PC15 + PC16 + PC17 + PC18 + PC19 + PC20 + beta_PEBP1_P30086_OID21087_v1___SUM
 ■■■■■■■■■■■■■■■■■■■■■■            70% |  ETA:  9m
 ■■■■■■■■■■■■■■■■■■■■■■            70% |  ETA:  9m
Processing biomarker (w/ -): PGF
Model formula: CIN3plus ~ Age_at_recruitment + Body_mass_index + Townsend_deprivation_index_at_recruitment + Smoking_status + Alcohol_intake_frequency + Genotype_measurement_batch + PC1 + PC2 + PC3 + PC4 + PC5 + PC6 + PC7 + PC8 + PC9 + PC10 + PC11 + PC12 + PC13 + PC14 + PC15 + PC16 + PC17 + PC18 + PC19 + PC20 + beta_PGF_P49763_OID20673_v1___SUM
 ■■■■■■■■■■■■■■■■■■■■■■            70% |  ETA:  9m
 ■■■■■■■■■■■■■■■■■■■■■■            70% |  ETA:  9m
 ■■■■■■■■■■■■■■■■■■■■■■            70% |  ETA:  9m
Processing biomarker (w/ -): PIBF1
Model formula: CIN3plus ~ Age_at_recruitment + Body_mass_index + Townsend_deprivation_index_at_recruitment + Smoking_status + Alcohol_intake_frequency + Genotype_measurement_batch + PC1 + PC2 + PC3 + PC4 + PC5 + PC6 + PC7 + PC8 + PC9 + PC10 + PC11 + PC12 + PC13 + PC14 + PC15 + PC16 + PC17 + PC18 + PC19 + PC20 + beta_PIBF1_Q8WXW3_4_OID31061_v1_rs61966211_SUM
 ■■■■■■■■■■■■■■■■■■■■■■            70% |  ETA:  9m
 ■■■■■■■■■■■■■■■■■■■■■■            71% |  ETA:  9m
Processing biomarker (w/ -): PKD1
Model formula: CIN3plus ~ Age_at_recruitment + Body_mass_index + Townsend_deprivation_index_at_recruitment + Smoking_status + Alcohol_intake_frequency + Genotype_measurement_batch + PC1 + PC2 + PC3 + PC4 + PC5 + PC6 + PC7 + PC8 + PC9 + PC10 + PC11 + PC12 + PC13 + PC14 + PC15 + PC16 + PC17 + PC18 + PC19 + PC20 + beta_PKD1_P98161_OID30328_v1___SUM
 ■■■■■■■■■■■■■■■■■■■■■■            71% |  ETA:  9m
 ■■■■■■■■■■■■■■■■■■■■■■            71% |  ETA:  9m
 ■■■■■■■■■■■■■■■■■■■■■■            71% |  ETA:  9m
 ■■■■■■■■■■■■■■■■■■■■■■            71% |  ETA:  9m
 ■■■■■■■■■■■■■■■■■■■■■■            72% |  ETA:  8m
 ■■■■■■■■■■■■■■■■■■■■■■■           72% |  ETA:  8m
 ■■■■■■■■■■■■■■■■■■■■■■■           72% |  ETA:  8m
 ■■■■■■■■■■■■■■■■■■■■■■■           72% |  ETA:  8m
Processing biomarker (w/ -): PNLIPRP1
Model formula: CIN3plus ~ Age_at_recruitment + Body_mass_index + Townsend_deprivation_index_at_recruitment + Smoking_status + Alcohol_intake_frequency + Genotype_measurement_batch + PC1 + PC2 + PC3 + PC4 + PC5 + PC6 + PC7 + PC8 + PC9 + PC10 + PC11 + PC12 + PC13 + PC14 + PC15 + PC16 + PC17 + PC18 + PC19 + PC20 + beta_PNLIPRP1_P54315_OID31122_v1___SUM
 ■■■■■■■■■■■■■■■■■■■■■■■           72% |  ETA:  8m
Processing biomarker (w/ -): PNMA1
Model formula: CIN3plus ~ Age_at_recruitment + Body_mass_index + Townsend_deprivation_index_at_recruitment + Smoking_status + Alcohol_intake_frequency + Genotype_measurement_batch + PC1 + PC2 + PC3 + PC4 + PC5 + PC6 + PC7 + PC8 + PC9 + PC10 + PC11 + PC12 + PC13 + PC14 + PC15 + PC16 + PC17 + PC18 + PC19 + PC20 + beta_PNMA1_Q8ND90_OID30194_v1___SUM
Processing biomarker (w/ -): PODXL2
Model formula: CIN3plus ~ Age_at_recruitment + Body_mass_index + Townsend_deprivation_index_at_recruitment + Smoking_status + Alcohol_intake_frequency + Genotype_measurement_batch + PC1 + PC2 + PC3 + PC4 + PC5 + PC6 + PC7 + PC8 + PC9 + PC10 + PC11 + PC12 + PC13 + PC14 + PC15 + PC16 + PC17 + PC18 + PC19 + PC20 + beta_PODXL2_Q9NZ53_OID21487_v1___SUM
 ■■■■■■■■■■■■■■■■■■■■■■■           72% |  ETA:  8m
 ■■■■■■■■■■■■■■■■■■■■■■■           73% |  ETA:  8m
Processing biomarker (w/ -): POSTN
Model formula: CIN3plus ~ Age_at_recruitment + Body_mass_index + Townsend_deprivation_index_at_recruitment + Smoking_status + Alcohol_intake_frequency + Genotype_measurement_batch + PC1 + PC2 + PC3 + PC4 + PC5 + PC6 + PC7 + PC8 + PC9 + PC10 + PC11 + PC12 + PC13 + PC14 + PC15 + PC16 + PC17 + PC18 + PC19 + PC20 + beta_POSTN_Q15063_OID30410_v1___SUM
 ■■■■■■■■■■■■■■■■■■■■■■■           73% |  ETA:  8m
 ■■■■■■■■■■■■■■■■■■■■■■■           73% |  ETA:  8m
 ■■■■■■■■■■■■■■■■■■■■■■■           73% |  ETA:  8m
Processing biomarker (w/ -): PRDX2
Model formula: CIN3plus ~ Age_at_recruitment + Body_mass_index + Townsend_deprivation_index_at_recruitment + Smoking_status + Alcohol_intake_frequency + Genotype_measurement_batch + PC1 + PC2 + PC3 + PC4 + PC5 + PC6 + PC7 + PC8 + PC9 + PC10 + PC11 + PC12 + PC13 + PC14 + PC15 + PC16 + PC17 + PC18 + PC19 + PC20 + beta_PRDX2_P32119_OID30668_v1___SUM
 ■■■■■■■■■■■■■■■■■■■■■■■           73% |  ETA:  8m
 ■■■■■■■■■■■■■■■■■■■■■■■           73% |  ETA:  8m
 ■■■■■■■■■■■■■■■■■■■■■■■           74% |  ETA:  8m
 ■■■■■■■■■■■■■■■■■■■■■■■           74% |  ETA:  8m
 ■■■■■■■■■■■■■■■■■■■■■■■           74% |  ETA:  8m
 ■■■■■■■■■■■■■■■■■■■■■■■           74% |  ETA:  8m
 ■■■■■■■■■■■■■■■■■■■■■■■           74% |  ETA:  8m
 ■■■■■■■■■■■■■■■■■■■■■■■           74% |  ETA:  8m
 ■■■■■■■■■■■■■■■■■■■■■■■           75% |  ETA:  8m
 ■■■■■■■■■■■■■■■■■■■■■■■           75% |  ETA:  8m
Processing biomarker (w/ -): PSMG4
Model formula: CIN3plus ~ Age_at_recruitment + Body_mass_index + Townsend_deprivation_index_at_recruitment + Smoking_status + Alcohol_intake_frequency + Genotype_measurement_batch + PC1 + PC2 + PC3 + PC4 + PC5 + PC6 + PC7 + PC8 + PC9 + PC10 + PC11 + PC12 + PC13 + PC14 + PC15 + PC16 + PC17 + PC18 + PC19 + PC20 + beta_PSMG4_Q5JS54_OID30514_v1___SUM
 ■■■■■■■■■■■■■■■■■■■■■■■           75% |  ETA:  7m
Processing biomarker (w/ -): PTGDS
Model formula: CIN3plus ~ Age_at_recruitment + Body_mass_index + Townsend_deprivation_index_at_recruitment + Smoking_status + Alcohol_intake_frequency + Genotype_measurement_batch + PC1 + PC2 + PC3 + PC4 + PC5 + PC6 + PC7 + PC8 + PC9 + PC10 + PC11 + PC12 + PC13 + PC14 + PC15 + PC16 + PC17 + PC18 + PC19 + PC20 + beta_PTGDS_P41222_OID20408_v1___SUM
 ■■■■■■■■■■■■■■■■■■■■■■■■          75% |  ETA:  7m
 ■■■■■■■■■■■■■■■■■■■■■■■■          75% |  ETA:  7m
 ■■■■■■■■■■■■■■■■■■■■■■■■          75% |  ETA:  7m
 ■■■■■■■■■■■■■■■■■■■■■■■■          76% |  ETA:  7m
 ■■■■■■■■■■■■■■■■■■■■■■■■          76% |  ETA:  7m
 ■■■■■■■■■■■■■■■■■■■■■■■■          76% |  ETA:  7m
 ■■■■■■■■■■■■■■■■■■■■■■■■          76% |  ETA:  7m
 ■■■■■■■■■■■■■■■■■■■■■■■■          76% |  ETA:  7m
Processing biomarker (w/ -): QDPR
Model formula: CIN3plus ~ Age_at_recruitment + Body_mass_index + Townsend_deprivation_index_at_recruitment + Smoking_status + Alcohol_intake_frequency + Genotype_measurement_batch + PC1 + PC2 + PC3 + PC4 + PC5 + PC6 + PC7 + PC8 + PC9 + PC10 + PC11 + PC12 + PC13 + PC14 + PC15 + PC16 + PC17 + PC18 + PC19 + PC20 + beta_QDPR_P09417_OID20174_v1___SUM
 ■■■■■■■■■■■■■■■■■■■■■■■■          76% |  ETA:  7m
 ■■■■■■■■■■■■■■■■■■■■■■■■          77% |  ETA:  7m
 ■■■■■■■■■■■■■■■■■■■■■■■■          77% |  ETA:  7m
Processing biomarker (w/ -): RABEP1
Model formula: CIN3plus ~ Age_at_recruitment + Body_mass_index + Townsend_deprivation_index_at_recruitment + Smoking_status + Alcohol_intake_frequency + Genotype_measurement_batch + PC1 + PC2 + PC3 + PC4 + PC5 + PC6 + PC7 + PC8 + PC9 + PC10 + PC11 + PC12 + PC13 + PC14 + PC15 + PC16 + PC17 + PC18 + PC19 + PC20 + beta_RABEP1_Q15276_OID30647_v1___SUM
 ■■■■■■■■■■■■■■■■■■■■■■■■          77% |  ETA:  7m
Processing biomarker (w/ -): RALY
Model formula: CIN3plus ~ Age_at_recruitment + Body_mass_index + Townsend_deprivation_index_at_recruitment + Smoking_status + Alcohol_intake_frequency + Genotype_measurement_batch + PC1 + PC2 + PC3 + PC4 + PC5 + PC6 + PC7 + PC8 + PC9 + PC10 + PC11 + PC12 + PC13 + PC14 + PC15 + PC16 + PC17 + PC18 + PC19 + PC20 + beta_RALY_Q9UKM9_OID31382_v1___SUM
 ■■■■■■■■■■■■■■■■■■■■■■■■          77% |  ETA:  7m
 ■■■■■■■■■■■■■■■■■■■■■■■■          77% |  ETA:  7m
 ■■■■■■■■■■■■■■■■■■■■■■■■          78% |  ETA:  7m
Processing biomarker (w/ -): RBP7
Model formula: CIN3plus ~ Age_at_recruitment + Body_mass_index + Townsend_deprivation_index_at_recruitment + Smoking_status + Alcohol_intake_frequency + Genotype_measurement_batch + PC1 + PC2 + PC3 + PC4 + PC5 + PC6 + PC7 + PC8 + PC9 + PC10 + PC11 + PC12 + PC13 + PC14 + PC15 + PC16 + PC17 + PC18 + PC19 + PC20 + beta_RBP7_Q96R05_OID31526_v1___SUM
 ■■■■■■■■■■■■■■■■■■■■■■■■          78% |  ETA:  7m
 ■■■■■■■■■■■■■■■■■■■■■■■■          78% |  ETA:  7m
 ■■■■■■■■■■■■■■■■■■■■■■■■          78% |  ETA:  7m
 ■■■■■■■■■■■■■■■■■■■■■■■■          78% |  ETA:  7m
 ■■■■■■■■■■■■■■■■■■■■■■■■■         78% |  ETA:  6m
 ■■■■■■■■■■■■■■■■■■■■■■■■■         79% |  ETA:  6m
 ■■■■■■■■■■■■■■■■■■■■■■■■■         79% |  ETA:  6m
 ■■■■■■■■■■■■■■■■■■■■■■■■■         79% |  ETA:  6m
 ■■■■■■■■■■■■■■■■■■■■■■■■■         79% |  ETA:  6m
 ■■■■■■■■■■■■■■■■■■■■■■■■■         79% |  ETA:  6m
 ■■■■■■■■■■■■■■■■■■■■■■■■■         79% |  ETA:  6m
 ■■■■■■■■■■■■■■■■■■■■■■■■■         80% |  ETA:  6m
 ■■■■■■■■■■■■■■■■■■■■■■■■■         80% |  ETA:  6m
 ■■■■■■■■■■■■■■■■■■■■■■■■■         80% |  ETA:  6m
 ■■■■■■■■■■■■■■■■■■■■■■■■■         80% |  ETA:  6m
Processing biomarker (w/ -): S100A3
Model formula: CIN3plus ~ Age_at_recruitment + Body_mass_index + Townsend_deprivation_index_at_recruitment + Smoking_status + Alcohol_intake_frequency + Genotype_measurement_batch + PC1 + PC2 + PC3 + PC4 + PC5 + PC6 + PC7 + PC8 + PC9 + PC10 + PC11 + PC12 + PC13 + PC14 + PC15 + PC16 + PC17 + PC18 + PC19 + PC20 + beta_S100A3_P33764_OID31352_v1___SUM
Processing biomarker (w/ -): S100P
Model formula: CIN3plus ~ Age_at_recruitment + Body_mass_index + Townsend_deprivation_index_at_recruitment + Smoking_status + Alcohol_intake_frequency + Genotype_measurement_batch + PC1 + PC2 + PC3 + PC4 + PC5 + PC6 + PC7 + PC8 + PC9 + PC10 + PC11 + PC12 + PC13 + PC14 + PC15 + PC16 + PC17 + PC18 + PC19 + PC20 + beta_S100P_P25815_OID20103_v1___SUM
 ■■■■■■■■■■■■■■■■■■■■■■■■■         80% |  ETA:  6m
 ■■■■■■■■■■■■■■■■■■■■■■■■■         80% |  ETA:  6m
Processing biomarker (w/ -): SBSN
Model formula: CIN3plus ~ Age_at_recruitment + Body_mass_index + Townsend_deprivation_index_at_recruitment + Smoking_status + Alcohol_intake_frequency + Genotype_measurement_batch + PC1 + PC2 + PC3 + PC4 + PC5 + PC6 + PC7 + PC8 + PC9 + PC10 + PC11 + PC12 + PC13 + PC14 + PC15 + PC16 + PC17 + PC18 + PC19 + PC20 + beta_SBSN_Q6UWP8_OID30398_v1___SUM
 ■■■■■■■■■■■■■■■■■■■■■■■■■         81% |  ETA:  6m
 ■■■■■■■■■■■■■■■■■■■■■■■■■         81% |  ETA:  6m
 ■■■■■■■■■■■■■■■■■■■■■■■■■         81% |  ETA:  6m
 ■■■■■■■■■■■■■■■■■■■■■■■■■         81% |  ETA:  6m
Processing biomarker (w/ -): SCRG1
Model formula: CIN3plus ~ Age_at_recruitment + Body_mass_index + Townsend_deprivation_index_at_recruitment + Smoking_status + Alcohol_intake_frequency + Genotype_measurement_batch + PC1 + PC2 + PC3 + PC4 + PC5 + PC6 + PC7 + PC8 + PC9 + PC10 + PC11 + PC12 + PC13 + PC14 + PC15 + PC16 + PC17 + PC18 + PC19 + PC20 + beta_SCRG1_O75711_OID30333_v1___SUM
 ■■■■■■■■■■■■■■■■■■■■■■■■■         81% |  ETA:  6m
 ■■■■■■■■■■■■■■■■■■■■■■■■■         81% |  ETA:  6m
Processing biomarker (w/ -): SDHB
Model formula: CIN3plus ~ Age_at_recruitment + Body_mass_index + Townsend_deprivation_index_at_recruitment + Smoking_status + Alcohol_intake_frequency + Genotype_measurement_batch + PC1 + PC2 + PC3 + PC4 + PC5 + PC6 + PC7 + PC8 + PC9 + PC10 + PC11 + PC12 + PC13 + PC14 + PC15 + PC16 + PC17 + PC18 + PC19 + PC20 + beta_SDHB_P21912_OID31436_v1___SUM
 ■■■■■■■■■■■■■■■■■■■■■■■■■         82% |  ETA:  5m
 ■■■■■■■■■■■■■■■■■■■■■■■■■■        82% |  ETA:  5m
 ■■■■■■■■■■■■■■■■■■■■■■■■■■        82% |  ETA:  5m
 ■■■■■■■■■■■■■■■■■■■■■■■■■■        82% |  ETA:  5m
 ■■■■■■■■■■■■■■■■■■■■■■■■■■        82% |  ETA:  5m
 ■■■■■■■■■■■■■■■■■■■■■■■■■■        82% |  ETA:  5m
 ■■■■■■■■■■■■■■■■■■■■■■■■■■        83% |  ETA:  5m
Processing biomarker (w/ -): SERPINA6
Model formula: CIN3plus ~ Age_at_recruitment + Body_mass_index + Townsend_deprivation_index_at_recruitment + Smoking_status + Alcohol_intake_frequency + Genotype_measurement_batch + PC1 + PC2 + PC3 + PC4 + PC5 + PC6 + PC7 + PC8 + PC9 + PC10 + PC11 + PC12 + PC13 + PC14 + PC15 + PC16 + PC17 + PC18 + PC19 + PC20 + beta_SERPINA6_P08185_OID30743_v1___SUM
 ■■■■■■■■■■■■■■■■■■■■■■■■■■        83% |  ETA:  5m
 ■■■■■■■■■■■■■■■■■■■■■■■■■■        83% |  ETA:  5m
 ■■■■■■■■■■■■■■■■■■■■■■■■■■        83% |  ETA:  5m
 ■■■■■■■■■■■■■■■■■■■■■■■■■■        83% |  ETA:  5m
 ■■■■■■■■■■■■■■■■■■■■■■■■■■        83% |  ETA:  5m
 ■■■■■■■■■■■■■■■■■■■■■■■■■■        84% |  ETA:  5m
 ■■■■■■■■■■■■■■■■■■■■■■■■■■        84% |  ETA:  5m
 ■■■■■■■■■■■■■■■■■■■■■■■■■■        84% |  ETA:  5m
Processing biomarker (w/ -): SH2B3
Model formula: CIN3plus ~ Age_at_recruitment + Body_mass_index + Townsend_deprivation_index_at_recruitment + Smoking_status + Alcohol_intake_frequency + Genotype_measurement_batch + PC1 + PC2 + PC3 + PC4 + PC5 + PC6 + PC7 + PC8 + PC9 + PC10 + PC11 + PC12 + PC13 + PC14 + PC15 + PC16 + PC17 + PC18 + PC19 + PC20 + beta_SH2B3_Q9UQQ2_OID21222_v1___SUM
 ■■■■■■■■■■■■■■■■■■■■■■■■■■        84% |  ETA:  5m
 ■■■■■■■■■■■■■■■■■■■■■■■■■■        84% |  ETA:  5m
 ■■■■■■■■■■■■■■■■■■■■■■■■■■        84% |  ETA:  5m
 ■■■■■■■■■■■■■■■■■■■■■■■■■■        85% |  ETA:  5m
 ■■■■■■■■■■■■■■■■■■■■■■■■■■        85% |  ETA:  5m
 ■■■■■■■■■■■■■■■■■■■■■■■■■■        85% |  ETA:  4m
 ■■■■■■■■■■■■■■■■■■■■■■■■■■■       85% |  ETA:  4m
 ■■■■■■■■■■■■■■■■■■■■■■■■■■■       85% |  ETA:  4m
 ■■■■■■■■■■■■■■■■■■■■■■■■■■■       85% |  ETA:  4m
 ■■■■■■■■■■■■■■■■■■■■■■■■■■■       86% |  ETA:  4m
 ■■■■■■■■■■■■■■■■■■■■■■■■■■■       86% |  ETA:  4m
 ■■■■■■■■■■■■■■■■■■■■■■■■■■■       86% |  ETA:  4m
 ■■■■■■■■■■■■■■■■■■■■■■■■■■■       86% |  ETA:  4m
 ■■■■■■■■■■■■■■■■■■■■■■■■■■■       86% |  ETA:  4m
 ■■■■■■■■■■■■■■■■■■■■■■■■■■■       86% |  ETA:  4m
 ■■■■■■■■■■■■■■■■■■■■■■■■■■■       87% |  ETA:  4m
 ■■■■■■■■■■■■■■■■■■■■■■■■■■■       87% |  ETA:  4m
 ■■■■■■■■■■■■■■■■■■■■■■■■■■■       87% |  ETA:  4m
 ■■■■■■■■■■■■■■■■■■■■■■■■■■■       87% |  ETA:  4m
 ■■■■■■■■■■■■■■■■■■■■■■■■■■■       87% |  ETA:  4m
 ■■■■■■■■■■■■■■■■■■■■■■■■■■■       87% |  ETA:  4m
 ■■■■■■■■■■■■■■■■■■■■■■■■■■■       88% |  ETA:  4m
 ■■■■■■■■■■■■■■■■■■■■■■■■■■■       88% |  ETA:  4m
 ■■■■■■■■■■■■■■■■■■■■■■■■■■■       88% |  ETA:  4m
 ■■■■■■■■■■■■■■■■■■■■■■■■■■■       88% |  ETA:  4m
 ■■■■■■■■■■■■■■■■■■■■■■■■■■■■      88% |  ETA:  3m
 ■■■■■■■■■■■■■■■■■■■■■■■■■■■■      89% |  ETA:  3m
 ■■■■■■■■■■■■■■■■■■■■■■■■■■■■      89% |  ETA:  3m
Processing biomarker (w/ -): STC2
Model formula: CIN3plus ~ Age_at_recruitment + Body_mass_index + Townsend_deprivation_index_at_recruitment + Smoking_status + Alcohol_intake_frequency + Genotype_measurement_batch + PC1 + PC2 + PC3 + PC4 + PC5 + PC6 + PC7 + PC8 + PC9 + PC10 + PC11 + PC12 + PC13 + PC14 + PC15 + PC16 + PC17 + PC18 + PC19 + PC20 + beta_STC2_O76061_OID21157_v1___SUM
 ■■■■■■■■■■■■■■■■■■■■■■■■■■■■      89% |  ETA:  3m
Processing biomarker (w/ -): STXBP1
Model formula: CIN3plus ~ Age_at_recruitment + Body_mass_index + Townsend_deprivation_index_at_recruitment + Smoking_status + Alcohol_intake_frequency + Genotype_measurement_batch + PC1 + PC2 + PC3 + PC4 + PC5 + PC6 + PC7 + PC8 + PC9 + PC10 + PC11 + PC12 + PC13 + PC14 + PC15 + PC16 + PC17 + PC18 + PC19 + PC20 + beta_STXBP1_P61764_OID31054_v1___SUM
 ■■■■■■■■■■■■■■■■■■■■■■■■■■■■      89% |  ETA:  3m
 ■■■■■■■■■■■■■■■■■■■■■■■■■■■■      89% |  ETA:  3m
 ■■■■■■■■■■■■■■■■■■■■■■■■■■■■      89% |  ETA:  3m
Processing biomarker (w/ -): SUSD5
Model formula: CIN3plus ~ Age_at_recruitment + Body_mass_index + Townsend_deprivation_index_at_recruitment + Smoking_status + Alcohol_intake_frequency + Genotype_measurement_batch + PC1 + PC2 + PC3 + PC4 + PC5 + PC6 + PC7 + PC8 + PC9 + PC10 + PC11 + PC12 + PC13 + PC14 + PC15 + PC16 + PC17 + PC18 + PC19 + PC20 + beta_SUSD5_O60279_OID30650_v1___SUM
 ■■■■■■■■■■■■■■■■■■■■■■■■■■■■      90% |  ETA:  3m
 ■■■■■■■■■■■■■■■■■■■■■■■■■■■■      90% |  ETA:  3m
 ■■■■■■■■■■■■■■■■■■■■■■■■■■■■      90% |  ETA:  3m
 ■■■■■■■■■■■■■■■■■■■■■■■■■■■■      90% |  ETA:  3m
 ■■■■■■■■■■■■■■■■■■■■■■■■■■■■      90% |  ETA:  3m
 ■■■■■■■■■■■■■■■■■■■■■■■■■■■■      90% |  ETA:  3m
 ■■■■■■■■■■■■■■■■■■■■■■■■■■■■      91% |  ETA:  3m
 ■■■■■■■■■■■■■■■■■■■■■■■■■■■■      91% |  ETA:  3m
 ■■■■■■■■■■■■■■■■■■■■■■■■■■■■      91% |  ETA:  3m
 ■■■■■■■■■■■■■■■■■■■■■■■■■■■■      91% |  ETA:  3m
 ■■■■■■■■■■■■■■■■■■■■■■■■■■■■      91% |  ETA:  3m
 ■■■■■■■■■■■■■■■■■■■■■■■■■■■■      91% |  ETA:  3m
 ■■■■■■■■■■■■■■■■■■■■■■■■■■■■      92% |  ETA:  3m
 ■■■■■■■■■■■■■■■■■■■■■■■■■■■■■     92% |  ETA:  2m
 ■■■■■■■■■■■■■■■■■■■■■■■■■■■■■     92% |  ETA:  2m
 ■■■■■■■■■■■■■■■■■■■■■■■■■■■■■     92% |  ETA:  2m
 ■■■■■■■■■■■■■■■■■■■■■■■■■■■■■     92% |  ETA:  2m
 ■■■■■■■■■■■■■■■■■■■■■■■■■■■■■     92% |  ETA:  2m
 ■■■■■■■■■■■■■■■■■■■■■■■■■■■■■     93% |  ETA:  2m
 ■■■■■■■■■■■■■■■■■■■■■■■■■■■■■     93% |  ETA:  2m
 ■■■■■■■■■■■■■■■■■■■■■■■■■■■■■     93% |  ETA:  2m
 ■■■■■■■■■■■■■■■■■■■■■■■■■■■■■     93% |  ETA:  2m
 ■■■■■■■■■■■■■■■■■■■■■■■■■■■■■     93% |  ETA:  2m
Processing biomarker (w/ -): TNFRSF10C
Model formula: CIN3plus ~ Age_at_recruitment + Body_mass_index + Townsend_deprivation_index_at_recruitment + Smoking_status + Alcohol_intake_frequency + Genotype_measurement_batch + PC1 + PC2 + PC3 + PC4 + PC5 + PC6 + PC7 + PC8 + PC9 + PC10 + PC11 + PC12 + PC13 + PC14 + PC15 + PC16 + PC17 + PC18 + PC19 + PC20 + beta_TNFRSF10C_O14798_OID20265_v1___SUM
 ■■■■■■■■■■■■■■■■■■■■■■■■■■■■■     93% |  ETA:  2m
 ■■■■■■■■■■■■■■■■■■■■■■■■■■■■■     94% |  ETA:  2m
 ■■■■■■■■■■■■■■■■■■■■■■■■■■■■■     94% |  ETA:  2m
 ■■■■■■■■■■■■■■■■■■■■■■■■■■■■■     94% |  ETA:  2m
Processing biomarker (w/ -): TNFRSF4
Model formula: CIN3plus ~ Age_at_recruitment + Body_mass_index + Townsend_deprivation_index_at_recruitment + Smoking_status + Alcohol_intake_frequency + Genotype_measurement_batch + PC1 + PC2 + PC3 + PC4 + PC5 + PC6 + PC7 + PC8 + PC9 + PC10 + PC11 + PC12 + PC13 + PC14 + PC15 + PC16 + PC17 + PC18 + PC19 + PC20 + beta_TNFRSF4_P43489_OID20653_v1___SUM
 ■■■■■■■■■■■■■■■■■■■■■■■■■■■■■     94% |  ETA:  2m
 ■■■■■■■■■■■■■■■■■■■■■■■■■■■■■     94% |  ETA:  2m
 ■■■■■■■■■■■■■■■■■■■■■■■■■■■■■     94% |  ETA:  2m
Processing biomarker (w/ -): TNN
Model formula: CIN3plus ~ Age_at_recruitment + Body_mass_index + Townsend_deprivation_index_at_recruitment + Smoking_status + Alcohol_intake_frequency + Genotype_measurement_batch + PC1 + PC2 + PC3 + PC4 + PC5 + PC6 + PC7 + PC8 + PC9 + PC10 + PC11 + PC12 + PC13 + PC14 + PC15 + PC16 + PC17 + PC18 + PC19 + PC20 + beta_TNN_Q9UQP3_OID30412_v1___SUM
 ■■■■■■■■■■■■■■■■■■■■■■■■■■■■■     95% |  ETA:  2m
 ■■■■■■■■■■■■■■■■■■■■■■■■■■■■■     95% |  ETA:  2m
 ■■■■■■■■■■■■■■■■■■■■■■■■■■■■■     95% |  ETA:  1m
 ■■■■■■■■■■■■■■■■■■■■■■■■■■■■■■    95% |  ETA:  1m
Processing biomarker (w/ -): TRAF2
Model formula: CIN3plus ~ Age_at_recruitment + Body_mass_index + Townsend_deprivation_index_at_recruitment + Smoking_status + Alcohol_intake_frequency + Genotype_measurement_batch + PC1 + PC2 + PC3 + PC4 + PC5 + PC6 + PC7 + PC8 + PC9 + PC10 + PC11 + PC12 + PC13 + PC14 + PC15 + PC16 + PC17 + PC18 + PC19 + PC20 + beta_TRAF2_Q12933_OID20507_v1___SUM
 ■■■■■■■■■■■■■■■■■■■■■■■■■■■■■■    95% |  ETA:  1m
 ■■■■■■■■■■■■■■■■■■■■■■■■■■■■■■    95% |  ETA:  1m
 ■■■■■■■■■■■■■■■■■■■■■■■■■■■■■■    96% |  ETA:  1m
 ■■■■■■■■■■■■■■■■■■■■■■■■■■■■■■    96% |  ETA:  1m
 ■■■■■■■■■■■■■■■■■■■■■■■■■■■■■■    96% |  ETA:  1m
 ■■■■■■■■■■■■■■■■■■■■■■■■■■■■■■    96% |  ETA:  1m
 ■■■■■■■■■■■■■■■■■■■■■■■■■■■■■■    96% |  ETA:  1m
 ■■■■■■■■■■■■■■■■■■■■■■■■■■■■■■    96% |  ETA:  1m
 ■■■■■■■■■■■■■■■■■■■■■■■■■■■■■■    97% |  ETA:  1m
 ■■■■■■■■■■■■■■■■■■■■■■■■■■■■■■    97% |  ETA:  1m
 ■■■■■■■■■■■■■■■■■■■■■■■■■■■■■■    97% |  ETA:  1m
 ■■■■■■■■■■■■■■■■■■■■■■■■■■■■■■    97% |  ETA:  1m
 ■■■■■■■■■■■■■■■■■■■■■■■■■■■■■■    97% |  ETA: 48s
 ■■■■■■■■■■■■■■■■■■■■■■■■■■■■■■    98% |  ETA: 44s
 ■■■■■■■■■■■■■■■■■■■■■■■■■■■■■■    98% |  ETA: 41s
 ■■■■■■■■■■■■■■■■■■■■■■■■■■■■■■    98% |  ETA: 38s
 ■■■■■■■■■■■■■■■■■■■■■■■■■■■■■■    98% |  ETA: 35s
 ■■■■■■■■■■■■■■■■■■■■■■■■■■■■■■    98% |  ETA: 32s
 ■■■■■■■■■■■■■■■■■■■■■■■■■■■■■■■   98% |  ETA: 29s
 ■■■■■■■■■■■■■■■■■■■■■■■■■■■■■■■   99% |  ETA: 26s
 ■■■■■■■■■■■■■■■■■■■■■■■■■■■■■■■   99% |  ETA: 23s
 ■■■■■■■■■■■■■■■■■■■■■■■■■■■■■■■   99% |  ETA: 20s
 ■■■■■■■■■■■■■■■■■■■■■■■■■■■■■■■   99% |  ETA: 17s
 ■■■■■■■■■■■■■■■■■■■■■■■■■■■■■■■   99% |  ETA: 14s
 ■■■■■■■■■■■■■■■■■■■■■■■■■■■■■■■   99% |  ETA: 11s
 ■■■■■■■■■■■■■■■■■■■■■■■■■■■■■■■  100% |  ETA:  7s
 ■■■■■■■■■■■■■■■■■■■■■■■■■■■■■■■  100% |  ETA:  5s
 ■■■■■■■■■■■■■■■■■■■■■■■■■■■■■■■  100% |  ETA:  2s
The dimension of MR results is: 1908 x 16
Done.
Warning message:
glm.fit: fitted probabilities numerically 0 or 1 occurred 
end at:
Mon Oct 20 02:32:08 CST 2025
