start at:
Mon Oct  6 14:14:56 CST 2025
         used (Mb) gc trigger (Mb) max used (Mb)
Ncells 296087 15.9     692257   37   481251 25.8
Vcells 515268  4.0    8388608   64  1924569 14.7
Part1: Read and prepare the data...
Part2: Calculate the effective number of indepedent metabolites...
 ■                                  0% |  ETA: 16m
 ■                                  1% |  ETA: 14m
 ■                                  1% |  ETA: 14m
 ■                                  1% |  ETA: 14m
 ■                                  2% |  ETA: 14m
 ■■                                 2% |  ETA: 14m
 ■■                                 2% |  ETA: 13m
 ■■                                 3% |  ETA: 13m
 ■■                                 3% |  ETA: 13m
 ■■                                 3% |  ETA: 13m
 ■■                                 4% |  ETA: 13m
 ■■                                 4% |  ETA: 13m
 ■■                                 5% |  ETA: 13m
 ■■                                 5% |  ETA: 13m
 ■■■                                5% |  ETA: 13m
 ■■■                                6% |  ETA: 13m
 ■■■                                6% |  ETA: 13m
 ■■■                                6% |  ETA: 13m
 ■■■                                7% |  ETA: 13m
 ■■■                                7% |  ETA: 13m
 ■■■                                7% |  ETA: 13m
Processing biomarker (w/ -): ATRN
Model formula: beta_ATRN_O75882_2_OID30735_v1_SUM ~ .
 ■■■                                8% |  ETA: 13m
 ■■■                                8% |  ETA: 13m
 ■■■■                               9% |  ETA: 13m
Processing biomarker (w/ -): BCL2L11
Model formula: beta_BCL2L11_O43521_2_OID20513_v1_SUM ~ .
 ■■■■                               9% |  ETA: 12m
 ■■■■                               9% |  ETA: 12m
 ■■■■                              10% |  ETA: 12m
 ■■■■                              10% |  ETA: 12m
 ■■■■                              10% |  ETA: 12m
 ■■■■                              11% |  ETA: 12m
 ■■■■                              11% |  ETA: 12m
 ■■■■                              12% |  ETA: 12m
 ■■■■■                             12% |  ETA: 12m
 ■■■■■                             12% |  ETA: 12m
 ■■■■■                             13% |  ETA: 12m
 ■■■■■                             13% |  ETA: 12m
 ■■■■■                             13% |  ETA: 12m
 ■■■■■                             14% |  ETA: 12m
 ■■■■■                             14% |  ETA: 12m
 ■■■■■                             14% |  ETA: 12m
 ■■■■■                             15% |  ETA: 12m
 ■■■■■■                            15% |  ETA: 12m
 ■■■■■■                            16% |  ETA: 12m
 ■■■■■■                            16% |  ETA: 11m
 ■■■■■■                            16% |  ETA: 11m
 ■■■■■■                            17% |  ETA: 11m
 ■■■■■■                            17% |  ETA: 11m
 ■■■■■■                            17% |  ETA: 11m
 ■■■■■■                            18% |  ETA: 11m
 ■■■■■■                            18% |  ETA: 11m
 ■■■■■■■                           19% |  ETA: 11m
 ■■■■■■■                           19% |  ETA: 11m
 ■■■■■■■                           19% |  ETA: 11m
 ■■■■■■■                           20% |  ETA: 11m
 ■■■■■■■                           20% |  ETA: 11m
 ■■■■■■■                           20% |  ETA: 11m
 ■■■■■■■                           21% |  ETA: 11m
 ■■■■■■■                           21% |  ETA: 11m
 ■■■■■■■                           21% |  ETA: 11m
 ■■■■■■■■                          22% |  ETA: 11m
 ■■■■■■■■                          22% |  ETA: 11m
 ■■■■■■■■                          22% |  ETA: 11m
 ■■■■■■■■                          23% |  ETA: 11m
 ■■■■■■■■                          23% |  ETA: 11m
 ■■■■■■■■                          23% |  ETA: 11m
 ■■■■■■■■                          24% |  ETA: 10m
 ■■■■■■■■                          24% |  ETA: 10m
 ■■■■■■■■                          24% |  ETA: 10m
 ■■■■■■■■                          25% |  ETA: 10m
 ■■■■■■■■■                         25% |  ETA: 10m
 ■■■■■■■■■                         26% |  ETA: 10m
 ■■■■■■■■■                         26% |  ETA: 10m
 ■■■■■■■■■                         26% |  ETA: 10m
 ■■■■■■■■■                         27% |  ETA: 10m
 ■■■■■■■■■                         27% |  ETA: 10m
 ■■■■■■■■■                         27% |  ETA: 10m
 ■■■■■■■■■                         28% |  ETA: 10m
 ■■■■■■■■■                         28% |  ETA: 10m
 ■■■■■■■■■■                        28% |  ETA: 10m
 ■■■■■■■■■■                        29% |  ETA: 10m
 ■■■■■■■■■■                        29% |  ETA: 10m
 ■■■■■■■■■■                        30% |  ETA: 10m
 ■■■■■■■■■■                        30% |  ETA: 10m
 ■■■■■■■■■■                        30% |  ETA: 10m
 ■■■■■■■■■■                        31% |  ETA: 10m
 ■■■■■■■■■■                        31% |  ETA: 10m
 ■■■■■■■■■■                        31% |  ETA:  9m
 ■■■■■■■■■■■                       32% |  ETA:  9m
 ■■■■■■■■■■■                       32% |  ETA:  9m
 ■■■■■■■■■■■                       32% |  ETA:  9m
 ■■■■■■■■■■■                       33% |  ETA:  9m
 ■■■■■■■■■■■                       33% |  ETA:  9m
 ■■■■■■■■■■■                       33% |  ETA:  9m
 ■■■■■■■■■■■                       34% |  ETA:  9m
 ■■■■■■■■■■■                       34% |  ETA:  9m
 ■■■■■■■■■■■                       35% |  ETA:  9m
 ■■■■■■■■■■■                       35% |  ETA:  9m
 ■■■■■■■■■■■■                      35% |  ETA:  9m
 ■■■■■■■■■■■■                      36% |  ETA:  9m
 ■■■■■■■■■■■■                      36% |  ETA:  9m
 ■■■■■■■■■■■■                      36% |  ETA:  9m
 ■■■■■■■■■■■■                      37% |  ETA:  9m
 ■■■■■■■■■■■■                      37% |  ETA:  9m
 ■■■■■■■■■■■■                      37% |  ETA:  9m
 ■■■■■■■■■■■■                      38% |  ETA:  9m
 ■■■■■■■■■■■■                      38% |  ETA:  9m
 ■■■■■■■■■■■■■                     39% |  ETA:  8m
 ■■■■■■■■■■■■■                     39% |  ETA:  8m
 ■■■■■■■■■■■■■                     39% |  ETA:  8m
 ■■■■■■■■■■■■■                     40% |  ETA:  8m
 ■■■■■■■■■■■■■                     40% |  ETA:  8m
 ■■■■■■■■■■■■■                     40% |  ETA:  8m
 ■■■■■■■■■■■■■                     41% |  ETA:  8m
 ■■■■■■■■■■■■■                     41% |  ETA:  8m
 ■■■■■■■■■■■■■                     41% |  ETA:  8m
 ■■■■■■■■■■■■■■                    42% |  ETA:  8m
 ■■■■■■■■■■■■■■                    42% |  ETA:  8m
 ■■■■■■■■■■■■■■                    42% |  ETA:  8m
 ■■■■■■■■■■■■■■                    43% |  ETA:  8m
 ■■■■■■■■■■■■■■                    43% |  ETA:  8m
 ■■■■■■■■■■■■■■                    44% |  ETA:  8m
 ■■■■■■■■■■■■■■                    44% |  ETA:  8m
 ■■■■■■■■■■■■■■                    44% |  ETA:  8m
Processing biomarker (w/ -): HLA-A
Model formula: beta_HLA_A_P04439_OID31048_v1_SUM ~ .
Processing biomarker (w/ -): HLA-DRA
Model formula: beta_HLA_DRA_P01903_OID20520_v1_SUM ~ .
Processing biomarker (w/ -): HLA-E
Model formula: beta_HLA_E_P13747_OID20532_v1_SUM ~ .
 ■■■■■■■■■■■■■■                    45% |  ETA:  8m
 ■■■■■■■■■■■■■■                    45% |  ETA:  8m
 ■■■■■■■■■■■■■■■                   45% |  ETA:  8m
 ■■■■■■■■■■■■■■■                   46% |  ETA:  8m
 ■■■■■■■■■■■■■■■                   46% |  ETA:  7m
 ■■■■■■■■■■■■■■■                   46% |  ETA:  7m
 ■■■■■■■■■■■■■■■                   47% |  ETA:  7m
 ■■■■■■■■■■■■■■■                   47% |  ETA:  7m
 ■■■■■■■■■■■■■■■                   47% |  ETA:  7m
 ■■■■■■■■■■■■■■■                   48% |  ETA:  7m
 ■■■■■■■■■■■■■■■                   48% |  ETA:  7m
 ■■■■■■■■■■■■■■■■                  48% |  ETA:  7m
 ■■■■■■■■■■■■■■■■                  49% |  ETA:  7m
 ■■■■■■■■■■■■■■■■                  49% |  ETA:  7m
 ■■■■■■■■■■■■■■■■                  50% |  ETA:  7m
 ■■■■■■■■■■■■■■■■                  50% |  ETA:  7m
 ■■■■■■■■■■■■■■■■                  50% |  ETA:  7m
 ■■■■■■■■■■■■■■■■                  51% |  ETA:  7m
 ■■■■■■■■■■■■■■■■                  51% |  ETA:  7m
 ■■■■■■■■■■■■■■■■                  51% |  ETA:  7m
 ■■■■■■■■■■■■■■■■■                 52% |  ETA:  7m
 ■■■■■■■■■■■■■■■■■                 52% |  ETA:  7m
 ■■■■■■■■■■■■■■■■■                 53% |  ETA:  7m
 ■■■■■■■■■■■■■■■■■                 53% |  ETA:  7m
 ■■■■■■■■■■■■■■■■■                 53% |  ETA:  6m
 ■■■■■■■■■■■■■■■■■                 54% |  ETA:  6m
 ■■■■■■■■■■■■■■■■■                 54% |  ETA:  6m
 ■■■■■■■■■■■■■■■■■                 54% |  ETA:  6m
 ■■■■■■■■■■■■■■■■■                 55% |  ETA:  6m
 ■■■■■■■■■■■■■■■■■■                55% |  ETA:  6m
 ■■■■■■■■■■■■■■■■■■                55% |  ETA:  6m
 ■■■■■■■■■■■■■■■■■■                56% |  ETA:  6m
 ■■■■■■■■■■■■■■■■■■                56% |  ETA:  6m
 ■■■■■■■■■■■■■■■■■■                56% |  ETA:  6m
 ■■■■■■■■■■■■■■■■■■                57% |  ETA:  6m
 ■■■■■■■■■■■■■■■■■■                57% |  ETA:  6m
 ■■■■■■■■■■■■■■■■■■                58% |  ETA:  6m
 ■■■■■■■■■■■■■■■■■■                58% |  ETA:  6m
 ■■■■■■■■■■■■■■■■■■                58% |  ETA:  6m
 ■■■■■■■■■■■■■■■■■■■               59% |  ETA:  6m
 ■■■■■■■■■■■■■■■■■■■               59% |  ETA:  6m
 ■■■■■■■■■■■■■■■■■■■               59% |  ETA:  6m
 ■■■■■■■■■■■■■■■■■■■               60% |  ETA:  6m
 ■■■■■■■■■■■■■■■■■■■               60% |  ETA:  6m
 ■■■■■■■■■■■■■■■■■■■               60% |  ETA:  5m
 ■■■■■■■■■■■■■■■■■■■               61% |  ETA:  5m
 ■■■■■■■■■■■■■■■■■■■               61% |  ETA:  5m
 ■■■■■■■■■■■■■■■■■■■               61% |  ETA:  5m
 ■■■■■■■■■■■■■■■■■■■■              62% |  ETA:  5m
 ■■■■■■■■■■■■■■■■■■■■              62% |  ETA:  5m
 ■■■■■■■■■■■■■■■■■■■■              63% |  ETA:  5m
 ■■■■■■■■■■■■■■■■■■■■              63% |  ETA:  5m
 ■■■■■■■■■■■■■■■■■■■■              63% |  ETA:  5m
 ■■■■■■■■■■■■■■■■■■■■              64% |  ETA:  5m
 ■■■■■■■■■■■■■■■■■■■■              64% |  ETA:  5m
 ■■■■■■■■■■■■■■■■■■■■              64% |  ETA:  5m
 ■■■■■■■■■■■■■■■■■■■■              65% |  ETA:  5m
 ■■■■■■■■■■■■■■■■■■■■■             65% |  ETA:  5m
 ■■■■■■■■■■■■■■■■■■■■■             65% |  ETA:  5m
 ■■■■■■■■■■■■■■■■■■■■■             66% |  ETA:  5m
 ■■■■■■■■■■■■■■■■■■■■■             66% |  ETA:  5m
 ■■■■■■■■■■■■■■■■■■■■■             66% |  ETA:  5m
 ■■■■■■■■■■■■■■■■■■■■■             67% |  ETA:  5m
 ■■■■■■■■■■■■■■■■■■■■■             67% |  ETA:  5m
 ■■■■■■■■■■■■■■■■■■■■■             68% |  ETA:  5m
 ■■■■■■■■■■■■■■■■■■■■■             68% |  ETA:  4m
 ■■■■■■■■■■■■■■■■■■■■■             68% |  ETA:  4m
 ■■■■■■■■■■■■■■■■■■■■■■            69% |  ETA:  4m
 ■■■■■■■■■■■■■■■■■■■■■■            69% |  ETA:  4m
 ■■■■■■■■■■■■■■■■■■■■■■            69% |  ETA:  4m
 ■■■■■■■■■■■■■■■■■■■■■■            70% |  ETA:  4m
 ■■■■■■■■■■■■■■■■■■■■■■            70% |  ETA:  4m
Processing biomarker (w/ -): PIBF1
Model formula: beta_PIBF1_Q8WXW3_4_OID31061_v1_SUM ~ .
 ■■■■■■■■■■■■■■■■■■■■■■            70% |  ETA:  4m
 ■■■■■■■■■■■■■■■■■■■■■■            71% |  ETA:  4m
 ■■■■■■■■■■■■■■■■■■■■■■            71% |  ETA:  4m
 ■■■■■■■■■■■■■■■■■■■■■■            72% |  ETA:  4m
 ■■■■■■■■■■■■■■■■■■■■■■■           72% |  ETA:  4m
 ■■■■■■■■■■■■■■■■■■■■■■■           72% |  ETA:  4m
 ■■■■■■■■■■■■■■■■■■■■■■■           73% |  ETA:  4m
 ■■■■■■■■■■■■■■■■■■■■■■■           73% |  ETA:  4m
 ■■■■■■■■■■■■■■■■■■■■■■■           73% |  ETA:  4m
 ■■■■■■■■■■■■■■■■■■■■■■■           74% |  ETA:  4m
 ■■■■■■■■■■■■■■■■■■■■■■■           74% |  ETA:  4m
 ■■■■■■■■■■■■■■■■■■■■■■■           74% |  ETA:  4m
 ■■■■■■■■■■■■■■■■■■■■■■■           75% |  ETA:  4m
 ■■■■■■■■■■■■■■■■■■■■■■■■          75% |  ETA:  3m
 ■■■■■■■■■■■■■■■■■■■■■■■■          75% |  ETA:  3m
 ■■■■■■■■■■■■■■■■■■■■■■■■          76% |  ETA:  3m
 ■■■■■■■■■■■■■■■■■■■■■■■■          76% |  ETA:  3m
 ■■■■■■■■■■■■■■■■■■■■■■■■          77% |  ETA:  3m
 ■■■■■■■■■■■■■■■■■■■■■■■■          77% |  ETA:  3m
 ■■■■■■■■■■■■■■■■■■■■■■■■          77% |  ETA:  3m
 ■■■■■■■■■■■■■■■■■■■■■■■■          78% |  ETA:  3m
 ■■■■■■■■■■■■■■■■■■■■■■■■          78% |  ETA:  3m
 ■■■■■■■■■■■■■■■■■■■■■■■■          78% |  ETA:  3m
 ■■■■■■■■■■■■■■■■■■■■■■■■■         79% |  ETA:  3m
 ■■■■■■■■■■■■■■■■■■■■■■■■■         79% |  ETA:  3m
 ■■■■■■■■■■■■■■■■■■■■■■■■■         79% |  ETA:  3m
 ■■■■■■■■■■■■■■■■■■■■■■■■■         80% |  ETA:  3m
 ■■■■■■■■■■■■■■■■■■■■■■■■■         80% |  ETA:  3m
 ■■■■■■■■■■■■■■■■■■■■■■■■■         80% |  ETA:  3m
 ■■■■■■■■■■■■■■■■■■■■■■■■■         81% |  ETA:  3m
 ■■■■■■■■■■■■■■■■■■■■■■■■■         81% |  ETA:  3m
 ■■■■■■■■■■■■■■■■■■■■■■■■■         82% |  ETA:  3m
 ■■■■■■■■■■■■■■■■■■■■■■■■■■        82% |  ETA:  3m
 ■■■■■■■■■■■■■■■■■■■■■■■■■■        82% |  ETA:  2m
 ■■■■■■■■■■■■■■■■■■■■■■■■■■        83% |  ETA:  2m
 ■■■■■■■■■■■■■■■■■■■■■■■■■■        83% |  ETA:  2m
 ■■■■■■■■■■■■■■■■■■■■■■■■■■        83% |  ETA:  2m
 ■■■■■■■■■■■■■■■■■■■■■■■■■■        84% |  ETA:  2m
 ■■■■■■■■■■■■■■■■■■■■■■■■■■        84% |  ETA:  2m
 ■■■■■■■■■■■■■■■■■■■■■■■■■■        84% |  ETA:  2m
 ■■■■■■■■■■■■■■■■■■■■■■■■■■        85% |  ETA:  2m
 ■■■■■■■■■■■■■■■■■■■■■■■■■■■       85% |  ETA:  2m
 ■■■■■■■■■■■■■■■■■■■■■■■■■■■       86% |  ETA:  2m
 ■■■■■■■■■■■■■■■■■■■■■■■■■■■       86% |  ETA:  2m
 ■■■■■■■■■■■■■■■■■■■■■■■■■■■       86% |  ETA:  2m
 ■■■■■■■■■■■■■■■■■■■■■■■■■■■       86% |  ETA:  2m
 ■■■■■■■■■■■■■■■■■■■■■■■■■■■       87% |  ETA:  2m
 ■■■■■■■■■■■■■■■■■■■■■■■■■■■       87% |  ETA:  2m
 ■■■■■■■■■■■■■■■■■■■■■■■■■■■       87% |  ETA:  2m
 ■■■■■■■■■■■■■■■■■■■■■■■■■■■       88% |  ETA:  2m
 ■■■■■■■■■■■■■■■■■■■■■■■■■■■       88% |  ETA:  2m
 ■■■■■■■■■■■■■■■■■■■■■■■■■■■■      88% |  ETA:  2m
 ■■■■■■■■■■■■■■■■■■■■■■■■■■■■      89% |  ETA:  2m
 ■■■■■■■■■■■■■■■■■■■■■■■■■■■■      89% |  ETA:  2m
 ■■■■■■■■■■■■■■■■■■■■■■■■■■■■      90% |  ETA:  1m
 ■■■■■■■■■■■■■■■■■■■■■■■■■■■■      90% |  ETA:  1m
 ■■■■■■■■■■■■■■■■■■■■■■■■■■■■      90% |  ETA:  1m
 ■■■■■■■■■■■■■■■■■■■■■■■■■■■■      91% |  ETA:  1m
 ■■■■■■■■■■■■■■■■■■■■■■■■■■■■      91% |  ETA:  1m
 ■■■■■■■■■■■■■■■■■■■■■■■■■■■■      91% |  ETA:  1m
 ■■■■■■■■■■■■■■■■■■■■■■■■■■■■      92% |  ETA:  1m
 ■■■■■■■■■■■■■■■■■■■■■■■■■■■■■     92% |  ETA:  1m
 ■■■■■■■■■■■■■■■■■■■■■■■■■■■■■     92% |  ETA:  1m
 ■■■■■■■■■■■■■■■■■■■■■■■■■■■■■     93% |  ETA:  1m
 ■■■■■■■■■■■■■■■■■■■■■■■■■■■■■     93% |  ETA:  1m
 ■■■■■■■■■■■■■■■■■■■■■■■■■■■■■     93% |  ETA:  1m
 ■■■■■■■■■■■■■■■■■■■■■■■■■■■■■     94% |  ETA:  1m
 ■■■■■■■■■■■■■■■■■■■■■■■■■■■■■     94% |  ETA: 50s
 ■■■■■■■■■■■■■■■■■■■■■■■■■■■■■     94% |  ETA: 46s
Processing biomarker (w/ -): TRAF3
Model formula: beta_TRAF3_Q13114_2_OID30479_v1_SUM ~ .
 ■■■■■■■■■■■■■■■■■■■■■■■■■■■■■     95% |  ETA: 43s
 ■■■■■■■■■■■■■■■■■■■■■■■■■■■■■■    95% |  ETA: 41s
 ■■■■■■■■■■■■■■■■■■■■■■■■■■■■■■    95% |  ETA: 38s
 ■■■■■■■■■■■■■■■■■■■■■■■■■■■■■■    96% |  ETA: 35s
 ■■■■■■■■■■■■■■■■■■■■■■■■■■■■■■    96% |  ETA: 32s
 ■■■■■■■■■■■■■■■■■■■■■■■■■■■■■■    97% |  ETA: 28s
 ■■■■■■■■■■■■■■■■■■■■■■■■■■■■■■    97% |  ETA: 26s
 ■■■■■■■■■■■■■■■■■■■■■■■■■■■■■■    97% |  ETA: 23s
 ■■■■■■■■■■■■■■■■■■■■■■■■■■■■■■    98% |  ETA: 19s
 ■■■■■■■■■■■■■■■■■■■■■■■■■■■■■■    98% |  ETA: 17s
 ■■■■■■■■■■■■■■■■■■■■■■■■■■■■■■■   98% |  ETA: 14s
 ■■■■■■■■■■■■■■■■■■■■■■■■■■■■■■■   99% |  ETA: 11s
 ■■■■■■■■■■■■■■■■■■■■■■■■■■■■■■■   99% |  ETA:  8s
 ■■■■■■■■■■■■■■■■■■■■■■■■■■■■■■■   99% |  ETA:  5s
 ■■■■■■■■■■■■■■■■■■■■■■■■■■■■■■■  100% |  ETA:  2s
The dimension of residuals matrix is: 181461 x 2417
Checking the correlation matrix of residuals...
Removing 1 metabolites with zero standard deviation or insufficient non-missing/non-infinite values.
The removed metabolites are: beta_MCTS1_Q9ULC4_OID31444_v1_SUM
The new dimension of residuals matrix is: 181461 x 2416
Imputate missing values or infinite values with column medians...
The dimension of imputed residuals matrix is: 181461 x 2416
The number of independent metabolites is 147 among 2417 metabolites.
Part3: Perform stage 2 of Two stage least square (2SLS) estimation of MR...
The removed metabolite is: beta_MCTS1_Q9ULC4_OID31444_v1_SUM due to zero standard deviation or insufficient non-missing/non-infinite values.

     0   <NA> 
181461      0 
The new dimension of data matrix is: 181461 x 2443
 ■                                  0% |  ETA:  2h
 ■                                  0% |  ETA:  2h
 ■                                  0% |  ETA:  2h
 ■                                  0% |  ETA:  2h
 ■                                  0% |  ETA:  2h
 ■                                  0% |  ETA:  2h
 ■                                  0% |  ETA:  2h
 ■                                  0% |  ETA:  2h
 ■                                  0% |  ETA:  2h
 ■                                  0% |  ETA:  2h
 ■                                  1% |  ETA:  2h
 ■                                  1% |  ETA:  2h
 ■                                  1% |  ETA:  2h
 ■                                  1% |  ETA:  2h
 ■                                  1% |  ETA:  2h
 ■                                  1% |  ETA:  2h
 ■                                  1% |  ETA:  2h
 ■                                  1% |  ETA:  2h
 ■                                  1% |  ETA:  2h
 ■                                  1% |  ETA:  2h
 ■                                  1% |  ETA:  2h
 ■                                  1% |  ETA:  2h
 ■                                  1% |  ETA:  1h
 ■                                  1% |  ETA:  1h
 ■                                  1% |  ETA:  1h
 ■                                  1% |  ETA:  2h
 ■                                  1% |  ETA:  2h
 ■                                  1% |  ETA:  2h
 ■                                  2% |  ETA:  2h
 ■                                  2% |  ETA:  2h
 ■                                  2% |  ETA:  2h
 ■■                                 2% |  ETA:  2h
 ■■                                 2% |  ETA:  2h
 ■■                                 2% |  ETA:  2h
 ■■                                 2% |  ETA:  2h
 ■■                                 2% |  ETA:  2h
 ■■                                 2% |  ETA:  2h
 ■■                                 2% |  ETA:  2h
 ■■                                 2% |  ETA:  2h
 ■■                                 2% |  ETA:  1h
 ■■                                 2% |  ETA:  1h
 ■■                                 2% |  ETA:  1h
 ■■                                 2% |  ETA:  1h
 ■■                                 2% |  ETA:  1h
 ■■                                 2% |  ETA:  1h
 ■■                                 2% |  ETA:  1h
 ■■                                 3% |  ETA:  1h
 ■■                                 3% |  ETA:  1h
 ■■                                 3% |  ETA:  1h
 ■■                                 3% |  ETA:  1h
 ■■                                 3% |  ETA:  1h
 ■■                                 3% |  ETA:  1h
 ■■                                 3% |  ETA:  1h
 ■■                                 3% |  ETA:  1h
 ■■                                 3% |  ETA:  1h
 ■■                                 3% |  ETA:  1h
 ■■                                 3% |  ETA:  1h
 ■■                                 3% |  ETA:  1h
 ■■                                 3% |  ETA:  1h
 ■■                                 3% |  ETA:  1h
 ■■                                 3% |  ETA:  1h
 ■■                                 3% |  ETA:  1h
 ■■                                 3% |  ETA:  1h
 ■■                                 4% |  ETA:  1h
 ■■                                 4% |  ETA:  1h
 ■■                                 4% |  ETA:  1h
 ■■                                 4% |  ETA:  1h
 ■■                                 4% |  ETA:  1h
 ■■                                 4% |  ETA:  1h
 ■■                                 4% |  ETA:  1h
 ■■                                 4% |  ETA:  1h
 ■■                                 4% |  ETA:  1h
 ■■                                 4% |  ETA:  1h
 ■■                                 4% |  ETA:  1h
 ■■                                 4% |  ETA:  1h
 ■■                                 4% |  ETA:  1h
 ■■                                 4% |  ETA:  1h
 ■■                                 4% |  ETA:  1h
 ■■                                 4% |  ETA:  1h
 ■■                                 4% |  ETA:  1h
 ■■                                 4% |  ETA:  1h
 ■■                                 5% |  ETA:  1h
 ■■                                 5% |  ETA:  1h
 ■■                                 5% |  ETA:  1h
 ■■                                 5% |  ETA:  1h
 ■■                                 5% |  ETA:  1h
 ■■                                 5% |  ETA:  1h
 ■■                                 5% |  ETA:  1h
 ■■                                 5% |  ETA:  1h
 ■■                                 5% |  ETA:  1h
 ■■■                                5% |  ETA:  1h
 ■■■                                5% |  ETA:  1h
 ■■■                                5% |  ETA:  1h
 ■■■                                5% |  ETA:  1h
 ■■■                                5% |  ETA:  1h
 ■■■                                5% |  ETA:  1h
 ■■■                                5% |  ETA:  1h
 ■■■                                5% |  ETA:  1h
 ■■■                                6% |  ETA:  1h
 ■■■                                6% |  ETA:  1h
 ■■■                                6% |  ETA:  1h
 ■■■                                6% |  ETA:  1h
 ■■■                                6% |  ETA:  1h
 ■■■                                6% |  ETA:  1h
 ■■■                                6% |  ETA:  1h
 ■■■                                6% |  ETA:  1h
 ■■■                                6% |  ETA:  1h
 ■■■                                6% |  ETA:  1h
 ■■■                                6% |  ETA:  1h
 ■■■                                6% |  ETA:  1h
 ■■■                                6% |  ETA:  1h
 ■■■                                6% |  ETA:  1h
 ■■■                                6% |  ETA:  1h
 ■■■                                6% |  ETA:  1h
 ■■■                                6% |  ETA:  1h
 ■■■                                6% |  ETA:  1h
 ■■■                                6% |  ETA:  1h
 ■■■                                7% |  ETA:  1h
 ■■■                                7% |  ETA:  1h
 ■■■                                7% |  ETA:  1h
 ■■■                                7% |  ETA:  1h
 ■■■                                7% |  ETA:  1h
 ■■■                                7% |  ETA:  1h
 ■■■                                7% |  ETA:  1h
 ■■■                                7% |  ETA:  1h
 ■■■                                7% |  ETA:  1h
 ■■■                                7% |  ETA:  1h
 ■■■                                7% |  ETA:  1h
 ■■■                                7% |  ETA:  1h
 ■■■                                7% |  ETA:  1h
 ■■■                                7% |  ETA:  1h
 ■■■                                7% |  ETA:  1h
 ■■■                                7% |  ETA:  1h
 ■■■                                7% |  ETA:  1h
Processing biomarker (w/ -): ATRN
Model formula: CIN3plus ~ Age_at_recruitment + Body_mass_index + Townsend_deprivation_index_at_recruitment + Smoking_status + Alcohol_intake_frequency + Genotype_measurement_batch + PC1 + PC2 + PC3 + PC4 + PC5 + PC6 + PC7 + PC8 + PC9 + PC10 + PC11 + PC12 + PC13 + PC14 + PC15 + PC16 + PC17 + PC18 + PC19 + PC20 + beta_ATRN_O75882_2_OID30735_v1_SUM
 ■■■                                8% |  ETA:  1h
 ■■■                                8% |  ETA:  1h
 ■■■                                8% |  ETA:  1h
 ■■■                                8% |  ETA:  1h
 ■■■                                8% |  ETA:  1h
 ■■■                                8% |  ETA:  1h
 ■■■                                8% |  ETA:  1h
 ■■■                                8% |  ETA:  1h
 ■■■                                8% |  ETA:  1h
 ■■■                                8% |  ETA:  1h
 ■■■                                8% |  ETA:  1h
 ■■■                                8% |  ETA:  1h
 ■■■                                8% |  ETA:  1h
 ■■■                                8% |  ETA:  1h
 ■■■                                8% |  ETA:  1h
 ■■■■                               8% |  ETA:  1h
 ■■■■                               8% |  ETA:  1h
 ■■■■                               8% |  ETA:  1h
 ■■■■                               9% |  ETA:  1h
Processing biomarker (w/ -): BCL2L11
Model formula: CIN3plus ~ Age_at_recruitment + Body_mass_index + Townsend_deprivation_index_at_recruitment + Smoking_status + Alcohol_intake_frequency + Genotype_measurement_batch + PC1 + PC2 + PC3 + PC4 + PC5 + PC6 + PC7 + PC8 + PC9 + PC10 + PC11 + PC12 + PC13 + PC14 + PC15 + PC16 + PC17 + PC18 + PC19 + PC20 + beta_BCL2L11_O43521_2_OID20513_v1_SUM
 ■■■■                               9% |  ETA:  1h
 ■■■■                               9% |  ETA:  1h
 ■■■■                               9% |  ETA:  1h
 ■■■■                               9% |  ETA:  1h
 ■■■■                               9% |  ETA:  1h
 ■■■■                               9% |  ETA:  1h
 ■■■■                               9% |  ETA:  1h
 ■■■■                               9% |  ETA:  1h
 ■■■■                               9% |  ETA:  1h
 ■■■■                               9% |  ETA:  1h
 ■■■■                               9% |  ETA:  1h
 ■■■■                               9% |  ETA:  1h
 ■■■■                               9% |  ETA:  1h
 ■■■■                               9% |  ETA:  1h
 ■■■■                               9% |  ETA:  1h
 ■■■■                               9% |  ETA:  1h
 ■■■■                              10% |  ETA:  1h
 ■■■■                              10% |  ETA:  1h
 ■■■■                              10% |  ETA:  1h
 ■■■■                              10% |  ETA:  1h
 ■■■■                              10% |  ETA:  1h
 ■■■■                              10% |  ETA:  1h
 ■■■■                              10% |  ETA:  1h
 ■■■■                              10% |  ETA:  1h
 ■■■■                              10% |  ETA:  1h
 ■■■■                              10% |  ETA:  1h
 ■■■■                              10% |  ETA:  1h
 ■■■■                              10% |  ETA:  1h
 ■■■■                              10% |  ETA:  1h
 ■■■■                              10% |  ETA:  1h
 ■■■■                              10% |  ETA:  1h
 ■■■■                              10% |  ETA:  1h
 ■■■■                              10% |  ETA:  1h
 ■■■■                              10% |  ETA:  1h
 ■■■■                              11% |  ETA:  1h
 ■■■■                              11% |  ETA:  1h
 ■■■■                              11% |  ETA:  1h
 ■■■■                              11% |  ETA:  1h
 ■■■■                              11% |  ETA:  1h
 ■■■■                              11% |  ETA:  1h
 ■■■■                              11% |  ETA:  1h
 ■■■■                              11% |  ETA:  1h
 ■■■■                              11% |  ETA:  1h
 ■■■■                              11% |  ETA:  1h
 ■■■■                              11% |  ETA:  1h
 ■■■■                              11% |  ETA:  1h
 ■■■■                              11% |  ETA:  1h
 ■■■■                              11% |  ETA:  1h
 ■■■■                              11% |  ETA:  1h
 ■■■■                              11% |  ETA:  1h
 ■■■■                              11% |  ETA:  1h
 ■■■■                              12% |  ETA:  1h
 ■■■■                              12% |  ETA:  1h
 ■■■■                              12% |  ETA:  1h
 ■■■■■                             12% |  ETA:  1h
 ■■■■■                             12% |  ETA:  1h
 ■■■■■                             12% |  ETA:  1h
 ■■■■■                             12% |  ETA:  1h
 ■■■■■                             12% |  ETA:  1h
 ■■■■■                             12% |  ETA:  1h
 ■■■■■                             12% |  ETA:  1h
 ■■■■■                             12% |  ETA:  1h
 ■■■■■                             12% |  ETA:  1h
 ■■■■■                             12% |  ETA:  1h
 ■■■■■                             12% |  ETA:  1h
 ■■■■■                             12% |  ETA:  1h
 ■■■■■                             12% |  ETA:  1h
 ■■■■■                             12% |  ETA:  1h
 ■■■■■                             12% |  ETA:  1h
 ■■■■■                             12% |  ETA:  1h
 ■■■■■                             13% |  ETA:  1h
 ■■■■■                             13% |  ETA:  1h
 ■■■■■                             13% |  ETA:  1h
 ■■■■■                             13% |  ETA:  1h
 ■■■■■                             13% |  ETA:  1h
 ■■■■■                             13% |  ETA:  1h
 ■■■■■                             13% |  ETA:  1h
 ■■■■■                             13% |  ETA:  1h
 ■■■■■                             13% |  ETA:  1h
 ■■■■■                             13% |  ETA:  1h
 ■■■■■                             13% |  ETA:  1h
 ■■■■■                             13% |  ETA:  1h
 ■■■■■                             13% |  ETA:  1h
 ■■■■■                             13% |  ETA:  1h
 ■■■■■                             13% |  ETA:  1h
 ■■■■■                             13% |  ETA:  1h
 ■■■■■                             13% |  ETA:  1h
 ■■■■■                             14% |  ETA:  1h
 ■■■■■                             14% |  ETA:  1h
 ■■■■■                             14% |  ETA:  1h
 ■■■■■                             14% |  ETA:  1h
 ■■■■■                             14% |  ETA:  1h
 ■■■■■                             14% |  ETA:  1h
 ■■■■■                             14% |  ETA:  1h
 ■■■■■                             14% |  ETA:  1h
 ■■■■■                             14% |  ETA:  1h
 ■■■■■                             14% |  ETA:  1h
 ■■■■■                             14% |  ETA:  1h
 ■■■■■                             14% |  ETA:  1h
 ■■■■■                             14% |  ETA:  1h
 ■■■■■                             14% |  ETA:  1h
 ■■■■■                             14% |  ETA:  1h
 ■■■■■                             14% |  ETA:  1h
 ■■■■■                             14% |  ETA:  1h
 ■■■■■                             14% |  ETA:  1h
 ■■■■■                             15% |  ETA:  1h
 ■■■■■                             15% |  ETA:  1h
 ■■■■■                             15% |  ETA:  1h
 ■■■■■                             15% |  ETA:  1h
 ■■■■■                             15% |  ETA:  1h
 ■■■■■                             15% |  ETA:  1h
 ■■■■■                             15% |  ETA:  1h
 ■■■■■                             15% |  ETA:  1h
 ■■■■■                             15% |  ETA:  1h
 ■■■■■■                            15% |  ETA:  1h
 ■■■■■■                            15% |  ETA:  1h
 ■■■■■■                            15% |  ETA:  1h
 ■■■■■■                            15% |  ETA:  1h
 ■■■■■■                            15% |  ETA:  1h
 ■■■■■■                            15% |  ETA:  1h
 ■■■■■■                            15% |  ETA:  1h
 ■■■■■■                            15% |  ETA:  1h
 ■■■■■■                            16% |  ETA:  1h
 ■■■■■■                            16% |  ETA:  1h
 ■■■■■■                            16% |  ETA:  1h
 ■■■■■■                            16% |  ETA:  1h
 ■■■■■■                            16% |  ETA:  1h
 ■■■■■■                            16% |  ETA:  1h
 ■■■■■■                            16% |  ETA:  1h
 ■■■■■■                            16% |  ETA:  1h
 ■■■■■■                            16% |  ETA:  1h
 ■■■■■■                            16% |  ETA:  1h
 ■■■■■■                            16% |  ETA:  1h
 ■■■■■■                            16% |  ETA:  1h
 ■■■■■■                            16% |  ETA:  1h
 ■■■■■■                            16% |  ETA:  1h
 ■■■■■■                            16% |  ETA:  1h
 ■■■■■■                            16% |  ETA:  1h
 ■■■■■■                            16% |  ETA:  1h
 ■■■■■■                            16% |  ETA:  1h
 ■■■■■■                            17% |  ETA:  1h
 ■■■■■■                            17% |  ETA:  1h
 ■■■■■■                            17% |  ETA:  1h
 ■■■■■■                            17% |  ETA:  1h
 ■■■■■■                            17% |  ETA:  1h
 ■■■■■■                            17% |  ETA:  1h
 ■■■■■■                            17% |  ETA:  1h
 ■■■■■■                            17% |  ETA:  1h
 ■■■■■■                            17% |  ETA:  1h
 ■■■■■■                            17% |  ETA:  1h
 ■■■■■■                            17% |  ETA:  1h
 ■■■■■■                            17% |  ETA:  1h
 ■■■■■■                            17% |  ETA:  1h
 ■■■■■■                            17% |  ETA:  1h
 ■■■■■■                            17% |  ETA:  1h
 ■■■■■■                            17% |  ETA:  1h
 ■■■■■■                            17% |  ETA:  1h
 ■■■■■■                            17% |  ETA:  1h
 ■■■■■■                            18% |  ETA:  1h
 ■■■■■■                            18% |  ETA:  1h
 ■■■■■■                            18% |  ETA:  1h
 ■■■■■■                            18% |  ETA:  1h
 ■■■■■■                            18% |  ETA:  1h
 ■■■■■■                            18% |  ETA:  1h
 ■■■■■■                            18% |  ETA:  1h
 ■■■■■■                            18% |  ETA:  1h
 ■■■■■■                            18% |  ETA:  1h
 ■■■■■■                            18% |  ETA:  1h
 ■■■■■■                            18% |  ETA:  1h
 ■■■■■■                            18% |  ETA:  1h
 ■■■■■■                            18% |  ETA:  1h
 ■■■■■■                            18% |  ETA:  1h
 ■■■■■■■                           18% |  ETA:  1h
 ■■■■■■■                           18% |  ETA:  1h
 ■■■■■■■                           18% |  ETA:  1h
 ■■■■■■■                           19% |  ETA:  1h
 ■■■■■■■                           19% |  ETA:  1h
 ■■■■■■■                           19% |  ETA:  1h
 ■■■■■■■                           19% |  ETA:  1h
 ■■■■■■■                           19% |  ETA:  1h
 ■■■■■■■                           19% |  ETA:  1h
 ■■■■■■■                           19% |  ETA:  1h
 ■■■■■■■                           19% |  ETA:  1h
 ■■■■■■■                           19% |  ETA:  1h
 ■■■■■■■                           19% |  ETA:  1h
 ■■■■■■■                           19% |  ETA:  1h
 ■■■■■■■                           19% |  ETA:  1h
 ■■■■■■■                           19% |  ETA:  1h
 ■■■■■■■                           19% |  ETA:  1h
 ■■■■■■■                           19% |  ETA:  1h
 ■■■■■■■                           19% |  ETA:  1h
 ■■■■■■■                           19% |  ETA:  1h
 ■■■■■■■                           19% |  ETA:  1h
 ■■■■■■■                           20% |  ETA:  1h
 ■■■■■■■                           20% |  ETA:  1h
 ■■■■■■■                           20% |  ETA:  1h
 ■■■■■■■                           20% |  ETA:  1h
 ■■■■■■■                           20% |  ETA:  1h
 ■■■■■■■                           20% |  ETA:  1h
 ■■■■■■■                           20% |  ETA:  1h
 ■■■■■■■                           20% |  ETA:  1h
 ■■■■■■■                           20% |  ETA:  1h
 ■■■■■■■                           20% |  ETA:  1h
 ■■■■■■■                           20% |  ETA:  1h
 ■■■■■■■                           20% |  ETA:  1h
 ■■■■■■■                           20% |  ETA:  1h
 ■■■■■■■                           20% |  ETA:  1h
 ■■■■■■■                           20% |  ETA:  1h
 ■■■■■■■                           20% |  ETA:  1h
 ■■■■■■■                           20% |  ETA:  1h
 ■■■■■■■                           20% |  ETA:  1h
 ■■■■■■■                           21% |  ETA:  1h
 ■■■■■■■                           21% |  ETA:  1h
 ■■■■■■■                           21% |  ETA:  1h
 ■■■■■■■                           21% |  ETA:  1h
 ■■■■■■■                           21% |  ETA:  1h
 ■■■■■■■                           21% |  ETA:  1h
 ■■■■■■■                           21% |  ETA:  1h
 ■■■■■■■                           21% |  ETA:  1h
 ■■■■■■■                           21% |  ETA:  1h
 ■■■■■■■                           21% |  ETA:  1h
 ■■■■■■■                           21% |  ETA:  1h
 ■■■■■■■                           21% |  ETA:  1h
 ■■■■■■■                           21% |  ETA:  1h
 ■■■■■■■                           21% |  ETA:  1h
 ■■■■■■■                           21% |  ETA:  1h
 ■■■■■■■                           21% |  ETA:  1h
 ■■■■■■■                           21% |  ETA:  1h
 ■■■■■■■                           21% |  ETA:  1h
 ■■■■■■■                           22% |  ETA:  1h
 ■■■■■■■                           22% |  ETA:  1h
 ■■■■■■■                           22% |  ETA:  1h
 ■■■■■■■■                          22% |  ETA:  1h
 ■■■■■■■■                          22% |  ETA:  1h
 ■■■■■■■■                          22% |  ETA:  1h
 ■■■■■■■■                          22% |  ETA:  1h
 ■■■■■■■■                          22% |  ETA:  1h
 ■■■■■■■■                          22% |  ETA:  1h
 ■■■■■■■■                          22% |  ETA:  1h
 ■■■■■■■■                          22% |  ETA:  1h
 ■■■■■■■■                          22% |  ETA:  1h
 ■■■■■■■■                          22% |  ETA:  1h
 ■■■■■■■■                          22% |  ETA:  1h
 ■■■■■■■■                          22% |  ETA:  1h
 ■■■■■■■■                          22% |  ETA:  1h
 ■■■■■■■■                          22% |  ETA:  1h
 ■■■■■■■■                          23% |  ETA:  1h
 ■■■■■■■■                          23% |  ETA:  1h
 ■■■■■■■■                          23% |  ETA:  1h
 ■■■■■■■■                          23% |  ETA:  1h
 ■■■■■■■■                          23% |  ETA:  1h
 ■■■■■■■■                          23% |  ETA:  1h
 ■■■■■■■■                          23% |  ETA:  1h
 ■■■■■■■■                          23% |  ETA:  1h
 ■■■■■■■■                          23% |  ETA:  1h
 ■■■■■■■■                          23% |  ETA:  1h
 ■■■■■■■■                          23% |  ETA:  1h
 ■■■■■■■■                          23% |  ETA:  1h
 ■■■■■■■■                          23% |  ETA:  1h
 ■■■■■■■■                          23% |  ETA:  1h
 ■■■■■■■■                          23% |  ETA:  1h
 ■■■■■■■■                          23% |  ETA:  1h
 ■■■■■■■■                          23% |  ETA:  1h
 ■■■■■■■■                          23% |  ETA:  1h
 ■■■■■■■■                          24% |  ETA:  1h
 ■■■■■■■■                          24% |  ETA:  1h
 ■■■■■■■■                          24% |  ETA:  1h
 ■■■■■■■■                          24% |  ETA:  1h
 ■■■■■■■■                          24% |  ETA:  1h
 ■■■■■■■■                          24% |  ETA:  1h
 ■■■■■■■■                          24% |  ETA:  1h
 ■■■■■■■■                          24% |  ETA:  1h
 ■■■■■■■■                          24% |  ETA:  1h
 ■■■■■■■■                          24% |  ETA:  1h
 ■■■■■■■■                          24% |  ETA:  1h
 ■■■■■■■■                          24% |  ETA:  1h
 ■■■■■■■■                          24% |  ETA:  1h
 ■■■■■■■■                          24% |  ETA:  1h
 ■■■■■■■■                          24% |  ETA:  1h
 ■■■■■■■■                          24% |  ETA:  1h
 ■■■■■■■■                          24% |  ETA:  1h
 ■■■■■■■■                          25% |  ETA:  1h
 ■■■■■■■■                          25% |  ETA:  1h
 ■■■■■■■■                          25% |  ETA:  1h
 ■■■■■■■■                          25% |  ETA:  1h
 ■■■■■■■■                          25% |  ETA:  1h
 ■■■■■■■■                          25% |  ETA:  1h
 ■■■■■■■■                          25% |  ETA:  1h
 ■■■■■■■■                          25% |  ETA:  1h
 ■■■■■■■■                          25% |  ETA:  1h
 ■■■■■■■■■                         25% |  ETA:  1h
 ■■■■■■■■■                         25% |  ETA:  1h
 ■■■■■■■■■                         25% |  ETA:  1h
 ■■■■■■■■■                         25% |  ETA:  1h
 ■■■■■■■■■                         25% |  ETA:  1h
 ■■■■■■■■■                         25% |  ETA:  1h
 ■■■■■■■■■                         25% |  ETA:  1h
 ■■■■■■■■■                         25% |  ETA:  1h
 ■■■■■■■■■                         25% |  ETA:  1h
 ■■■■■■■■■                         26% |  ETA:  1h
 ■■■■■■■■■                         26% |  ETA:  1h
 ■■■■■■■■■                         26% |  ETA:  1h
 ■■■■■■■■■                         26% |  ETA:  1h
 ■■■■■■■■■                         26% |  ETA:  1h
 ■■■■■■■■■                         26% |  ETA:  1h
 ■■■■■■■■■                         26% |  ETA:  1h
 ■■■■■■■■■                         26% |  ETA:  1h
 ■■■■■■■■■                         26% |  ETA:  1h
 ■■■■■■■■■                         26% |  ETA:  1h
 ■■■■■■■■■                         26% |  ETA:  1h
 ■■■■■■■■■                         26% |  ETA:  1h
 ■■■■■■■■■                         26% |  ETA:  1h
 ■■■■■■■■■                         26% |  ETA:  1h
 ■■■■■■■■■                         26% |  ETA:  1h
 ■■■■■■■■■                         26% |  ETA:  1h
 ■■■■■■■■■                         26% |  ETA:  1h
 ■■■■■■■■■                         26% |  ETA:  1h
 ■■■■■■■■■                         27% |  ETA:  1h
 ■■■■■■■■■                         27% |  ETA:  1h
 ■■■■■■■■■                         27% |  ETA:  1h
 ■■■■■■■■■                         27% |  ETA:  1h
 ■■■■■■■■■                         27% |  ETA:  1h
 ■■■■■■■■■                         27% |  ETA:  1h
 ■■■■■■■■■                         27% |  ETA:  1h
 ■■■■■■■■■                         27% |  ETA:  1h
 ■■■■■■■■■                         27% |  ETA:  1h
 ■■■■■■■■■                         27% |  ETA:  1h
 ■■■■■■■■■                         27% |  ETA:  1h
 ■■■■■■■■■                         27% |  ETA:  1h
 ■■■■■■■■■                         27% |  ETA:  1h
 ■■■■■■■■■                         27% |  ETA:  1h
 ■■■■■■■■■                         27% |  ETA:  1h
 ■■■■■■■■■                         27% |  ETA:  1h
 ■■■■■■■■■                         27% |  ETA:  1h
 ■■■■■■■■■                         27% |  ETA:  1h
 ■■■■■■■■■                         28% |  ETA:  1h
 ■■■■■■■■■                         28% |  ETA:  1h
 ■■■■■■■■■                         28% |  ETA:  1h
 ■■■■■■■■■                         28% |  ETA:  1h
 ■■■■■■■■■                         28% |  ETA:  1h
 ■■■■■■■■■                         28% |  ETA:  1h
 ■■■■■■■■■                         28% |  ETA:  1h
 ■■■■■■■■■                         28% |  ETA:  1h
 ■■■■■■■■■                         28% |  ETA:  1h
 ■■■■■■■■■                         28% |  ETA:  1h
 ■■■■■■■■■                         28% |  ETA:  1h
 ■■■■■■■■■                         28% |  ETA:  1h
 ■■■■■■■■■                         28% |  ETA:  1h
 ■■■■■■■■■                         28% |  ETA:  1h
 ■■■■■■■■■■                        28% |  ETA:  1h
 ■■■■■■■■■■                        28% |  ETA:  1h
 ■■■■■■■■■■                        28% |  ETA:  1h
 ■■■■■■■■■■                        29% |  ETA:  1h
 ■■■■■■■■■■                        29% |  ETA:  1h
 ■■■■■■■■■■                        29% |  ETA:  1h
 ■■■■■■■■■■                        29% |  ETA:  1h
 ■■■■■■■■■■                        29% |  ETA:  1h
 ■■■■■■■■■■                        29% |  ETA:  1h
 ■■■■■■■■■■                        29% |  ETA:  1h
 ■■■■■■■■■■                        29% |  ETA:  1h
 ■■■■■■■■■■                        29% |  ETA:  1h
 ■■■■■■■■■■                        29% |  ETA:  1h
 ■■■■■■■■■■                        29% |  ETA:  1h
 ■■■■■■■■■■                        29% |  ETA:  1h
 ■■■■■■■■■■                        29% |  ETA:  1h
 ■■■■■■■■■■                        29% |  ETA:  1h
 ■■■■■■■■■■                        29% |  ETA:  1h
 ■■■■■■■■■■                        29% |  ETA:  1h
 ■■■■■■■■■■                        29% |  ETA:  1h
 ■■■■■■■■■■                        30% |  ETA:  1h
 ■■■■■■■■■■                        30% |  ETA:  1h
 ■■■■■■■■■■                        30% |  ETA:  1h
 ■■■■■■■■■■                        30% |  ETA:  1h
 ■■■■■■■■■■                        30% |  ETA:  1h
 ■■■■■■■■■■                        30% |  ETA:  1h
 ■■■■■■■■■■                        30% |  ETA:  1h
 ■■■■■■■■■■                        30% |  ETA:  1h
 ■■■■■■■■■■                        30% |  ETA:  1h
 ■■■■■■■■■■                        30% |  ETA:  1h
 ■■■■■■■■■■                        30% |  ETA:  1h
 ■■■■■■■■■■                        30% |  ETA:  1h
 ■■■■■■■■■■                        30% |  ETA:  1h
 ■■■■■■■■■■                        30% |  ETA:  1h
 ■■■■■■■■■■                        30% |  ETA:  1h
 ■■■■■■■■■■                        30% |  ETA:  1h
 ■■■■■■■■■■                        30% |  ETA:  1h
 ■■■■■■■■■■                        30% |  ETA:  1h
 ■■■■■■■■■■                        31% |  ETA:  1h
 ■■■■■■■■■■                        31% |  ETA:  1h
 ■■■■■■■■■■                        31% |  ETA:  1h
 ■■■■■■■■■■                        31% |  ETA:  1h
 ■■■■■■■■■■                        31% |  ETA:  1h
 ■■■■■■■■■■                        31% |  ETA:  1h
 ■■■■■■■■■■                        31% |  ETA:  1h
 ■■■■■■■■■■                        31% |  ETA:  1h
 ■■■■■■■■■■                        31% |  ETA:  1h
 ■■■■■■■■■■                        31% |  ETA:  1h
 ■■■■■■■■■■                        31% |  ETA:  1h
 ■■■■■■■■■■                        31% |  ETA:  1h
 ■■■■■■■■■■                        31% |  ETA:  1h
 ■■■■■■■■■■                        31% |  ETA:  1h
 ■■■■■■■■■■                        31% |  ETA:  1h
 ■■■■■■■■■■                        31% |  ETA:  1h
 ■■■■■■■■■■                        31% |  ETA:  1h
 ■■■■■■■■■■                        31% |  ETA:  1h
 ■■■■■■■■■■                        32% |  ETA:  1h
 ■■■■■■■■■■                        32% |  ETA:  1h
 ■■■■■■■■■■                        32% |  ETA:  1h
 ■■■■■■■■■■■                       32% |  ETA:  1h
 ■■■■■■■■■■■                       32% |  ETA:  1h
 ■■■■■■■■■■■                       32% |  ETA:  1h
 ■■■■■■■■■■■                       32% |  ETA:  1h
 ■■■■■■■■■■■                       32% |  ETA:  1h
 ■■■■■■■■■■■                       32% |  ETA:  1h
 ■■■■■■■■■■■                       32% |  ETA:  1h
 ■■■■■■■■■■■                       32% |  ETA:  1h
 ■■■■■■■■■■■                       32% |  ETA:  1h
 ■■■■■■■■■■■                       32% |  ETA:  1h
 ■■■■■■■■■■■                       32% |  ETA:  1h
 ■■■■■■■■■■■                       32% |  ETA:  1h
 ■■■■■■■■■■■                       32% |  ETA:  1h
 ■■■■■■■■■■■                       32% |  ETA:  1h
 ■■■■■■■■■■■                       32% |  ETA:  1h
 ■■■■■■■■■■■                       33% |  ETA:  1h
 ■■■■■■■■■■■                       33% |  ETA:  1h
 ■■■■■■■■■■■                       33% |  ETA:  1h
 ■■■■■■■■■■■                       33% |  ETA:  1h
 ■■■■■■■■■■■                       33% |  ETA:  1h
 ■■■■■■■■■■■                       33% |  ETA:  1h
 ■■■■■■■■■■■                       33% |  ETA:  1h
 ■■■■■■■■■■■                       33% |  ETA:  1h
 ■■■■■■■■■■■                       33% |  ETA:  1h
 ■■■■■■■■■■■                       33% |  ETA:  1h
 ■■■■■■■■■■■                       33% |  ETA:  1h
 ■■■■■■■■■■■                       33% |  ETA:  1h
 ■■■■■■■■■■■                       33% |  ETA:  1h
 ■■■■■■■■■■■                       33% |  ETA:  1h
 ■■■■■■■■■■■                       33% |  ETA:  1h
 ■■■■■■■■■■■                       33% |  ETA:  1h
 ■■■■■■■■■■■                       33% |  ETA:  1h
 ■■■■■■■■■■■                       34% |  ETA:  1h
 ■■■■■■■■■■■                       34% |  ETA:  1h
 ■■■■■■■■■■■                       34% |  ETA:  1h
 ■■■■■■■■■■■                       34% |  ETA:  1h
 ■■■■■■■■■■■                       34% |  ETA:  1h
 ■■■■■■■■■■■                       34% |  ETA:  1h
 ■■■■■■■■■■■                       34% |  ETA:  1h
 ■■■■■■■■■■■                       34% |  ETA:  1h
 ■■■■■■■■■■■                       34% |  ETA:  1h
 ■■■■■■■■■■■                       34% |  ETA:  1h
 ■■■■■■■■■■■                       34% |  ETA:  1h
 ■■■■■■■■■■■                       34% |  ETA:  1h
 ■■■■■■■■■■■                       34% |  ETA:  1h
 ■■■■■■■■■■■                       34% |  ETA:  1h
 ■■■■■■■■■■■                       34% |  ETA:  1h
 ■■■■■■■■■■■                       34% |  ETA:  1h
 ■■■■■■■■■■■                       34% |  ETA:  1h
 ■■■■■■■■■■■                       34% |  ETA:  1h
 ■■■■■■■■■■■                       35% |  ETA:  1h
 ■■■■■■■■■■■                       35% |  ETA:  1h
 ■■■■■■■■■■■                       35% |  ETA:  1h
 ■■■■■■■■■■■                       35% |  ETA:  1h
 ■■■■■■■■■■■                       35% |  ETA:  1h
 ■■■■■■■■■■■                       35% |  ETA:  1h
 ■■■■■■■■■■■                       35% |  ETA:  1h
 ■■■■■■■■■■■                       35% |  ETA:  1h
 ■■■■■■■■■■■                       35% |  ETA:  1h
 ■■■■■■■■■■■■                      35% |  ETA:  1h
 ■■■■■■■■■■■■                      35% |  ETA:  1h
 ■■■■■■■■■■■■                      35% |  ETA:  1h
 ■■■■■■■■■■■■                      35% |  ETA:  1h
 ■■■■■■■■■■■■                      35% |  ETA:  1h
 ■■■■■■■■■■■■                      35% |  ETA:  1h
 ■■■■■■■■■■■■                      35% |  ETA:  1h
 ■■■■■■■■■■■■                      35% |  ETA:  1h
 ■■■■■■■■■■■■                      36% |  ETA:  1h
 ■■■■■■■■■■■■                      36% |  ETA:  1h
 ■■■■■■■■■■■■                      36% |  ETA:  1h
 ■■■■■■■■■■■■                      36% |  ETA:  1h
 ■■■■■■■■■■■■                      36% |  ETA:  1h
 ■■■■■■■■■■■■                      36% |  ETA:  1h
 ■■■■■■■■■■■■                      36% |  ETA:  1h
 ■■■■■■■■■■■■                      36% |  ETA:  1h
 ■■■■■■■■■■■■                      36% |  ETA:  1h
 ■■■■■■■■■■■■                      36% |  ETA:  1h
 ■■■■■■■■■■■■                      36% |  ETA:  1h
 ■■■■■■■■■■■■                      36% |  ETA:  1h
 ■■■■■■■■■■■■                      36% |  ETA:  1h
 ■■■■■■■■■■■■                      36% |  ETA:  1h
 ■■■■■■■■■■■■                      36% |  ETA:  1h
 ■■■■■■■■■■■■                      36% |  ETA:  1h
 ■■■■■■■■■■■■                      36% |  ETA:  1h
 ■■■■■■■■■■■■                      36% |  ETA:  1h
 ■■■■■■■■■■■■                      37% |  ETA:  1h
 ■■■■■■■■■■■■                      37% |  ETA:  1h
 ■■■■■■■■■■■■                      37% |  ETA:  1h
 ■■■■■■■■■■■■                      37% |  ETA:  1h
 ■■■■■■■■■■■■                      37% |  ETA:  1h
 ■■■■■■■■■■■■                      37% |  ETA:  1h
 ■■■■■■■■■■■■                      37% |  ETA:  1h
 ■■■■■■■■■■■■                      37% |  ETA:  1h
 ■■■■■■■■■■■■                      37% |  ETA:  1h
 ■■■■■■■■■■■■                      37% |  ETA:  1h
 ■■■■■■■■■■■■                      37% |  ETA:  1h
 ■■■■■■■■■■■■                      37% |  ETA:  1h
 ■■■■■■■■■■■■                      37% |  ETA:  1h
 ■■■■■■■■■■■■                      37% |  ETA:  1h
 ■■■■■■■■■■■■                      37% |  ETA:  1h
 ■■■■■■■■■■■■                      37% |  ETA:  1h
 ■■■■■■■■■■■■                      37% |  ETA:  1h
 ■■■■■■■■■■■■                      37% |  ETA:  1h
 ■■■■■■■■■■■■                      38% |  ETA:  1h
 ■■■■■■■■■■■■                      38% |  ETA:  1h
 ■■■■■■■■■■■■                      38% |  ETA:  1h
 ■■■■■■■■■■■■                      38% |  ETA:  1h
 ■■■■■■■■■■■■                      38% |  ETA:  1h
 ■■■■■■■■■■■■                      38% |  ETA:  1h
 ■■■■■■■■■■■■                      38% |  ETA:  1h
 ■■■■■■■■■■■■                      38% |  ETA:  1h
 ■■■■■■■■■■■■                      38% |  ETA:  1h
 ■■■■■■■■■■■■                      38% |  ETA:  1h
 ■■■■■■■■■■■■                      38% |  ETA:  1h
 ■■■■■■■■■■■■                      38% |  ETA:  1h
 ■■■■■■■■■■■■                      38% |  ETA:  1h
 ■■■■■■■■■■■■                      38% |  ETA:  1h
 ■■■■■■■■■■■■                      38% |  ETA:  1h
 ■■■■■■■■■■■■■                     38% |  ETA:  1h
 ■■■■■■■■■■■■■                     38% |  ETA:  1h
 ■■■■■■■■■■■■■                     38% |  ETA:  1h
 ■■■■■■■■■■■■■                     39% |  ETA:  1h
 ■■■■■■■■■■■■■                     39% |  ETA:  1h
 ■■■■■■■■■■■■■                     39% |  ETA:  1h
 ■■■■■■■■■■■■■                     39% |  ETA:  1h
 ■■■■■■■■■■■■■                     39% |  ETA:  1h
 ■■■■■■■■■■■■■                     39% |  ETA:  1h
 ■■■■■■■■■■■■■                     39% |  ETA:  1h
 ■■■■■■■■■■■■■                     39% |  ETA:  1h
 ■■■■■■■■■■■■■                     39% |  ETA:  1h
 ■■■■■■■■■■■■■                     39% |  ETA:  1h
 ■■■■■■■■■■■■■                     39% |  ETA:  1h
 ■■■■■■■■■■■■■                     39% |  ETA:  1h
 ■■■■■■■■■■■■■                     39% |  ETA:  1h
 ■■■■■■■■■■■■■                     39% |  ETA:  1h
 ■■■■■■■■■■■■■                     39% |  ETA:  1h
 ■■■■■■■■■■■■■                     39% |  ETA:  1h
 ■■■■■■■■■■■■■                     39% |  ETA:  1h
 ■■■■■■■■■■■■■                     39% |  ETA:  1h
 ■■■■■■■■■■■■■                     40% |  ETA:  1h
 ■■■■■■■■■■■■■                     40% |  ETA:  1h
 ■■■■■■■■■■■■■                     40% |  ETA:  1h
 ■■■■■■■■■■■■■                     40% |  ETA:  1h
 ■■■■■■■■■■■■■                     40% |  ETA:  1h
 ■■■■■■■■■■■■■                     40% |  ETA:  1h
 ■■■■■■■■■■■■■                     40% |  ETA:  1h
 ■■■■■■■■■■■■■                     40% |  ETA:  1h
 ■■■■■■■■■■■■■                     40% |  ETA:  1h
 ■■■■■■■■■■■■■                     40% |  ETA:  1h
 ■■■■■■■■■■■■■                     40% |  ETA:  1h
 ■■■■■■■■■■■■■                     40% |  ETA:  1h
 ■■■■■■■■■■■■■                     40% |  ETA:  1h
 ■■■■■■■■■■■■■                     40% |  ETA:  1h
 ■■■■■■■■■■■■■                     40% |  ETA:  1h
 ■■■■■■■■■■■■■                     40% |  ETA:  1h
 ■■■■■■■■■■■■■                     40% |  ETA:  1h
 ■■■■■■■■■■■■■                     41% |  ETA:  1h
 ■■■■■■■■■■■■■                     41% |  ETA:  1h
 ■■■■■■■■■■■■■                     41% |  ETA:  1h
 ■■■■■■■■■■■■■                     41% |  ETA:  1h
 ■■■■■■■■■■■■■                     41% |  ETA:  1h
 ■■■■■■■■■■■■■                     41% |  ETA:  1h
 ■■■■■■■■■■■■■                     41% |  ETA:  1h
 ■■■■■■■■■■■■■                     41% |  ETA:  1h
 ■■■■■■■■■■■■■                     41% |  ETA:  1h
 ■■■■■■■■■■■■■                     41% |  ETA:  1h
 ■■■■■■■■■■■■■                     41% |  ETA:  1h
 ■■■■■■■■■■■■■                     41% |  ETA:  1h
 ■■■■■■■■■■■■■                     41% |  ETA:  1h
 ■■■■■■■■■■■■■                     41% |  ETA:  1h
 ■■■■■■■■■■■■■                     41% |  ETA:  1h
 ■■■■■■■■■■■■■                     41% |  ETA:  1h
 ■■■■■■■■■■■■■                     41% |  ETA:  1h
 ■■■■■■■■■■■■■                     41% |  ETA:  1h
 ■■■■■■■■■■■■■                     42% |  ETA:  1h
 ■■■■■■■■■■■■■                     42% |  ETA:  1h
 ■■■■■■■■■■■■■■                    42% |  ETA:  1h
 ■■■■■■■■■■■■■■                    42% |  ETA:  1h
 ■■■■■■■■■■■■■■                    42% |  ETA:  1h
 ■■■■■■■■■■■■■■                    42% |  ETA:  1h
 ■■■■■■■■■■■■■■                    42% |  ETA:  1h
 ■■■■■■■■■■■■■■                    42% |  ETA:  1h
 ■■■■■■■■■■■■■■                    42% |  ETA:  1h
 ■■■■■■■■■■■■■■                    42% |  ETA:  1h
 ■■■■■■■■■■■■■■                    42% |  ETA:  1h
 ■■■■■■■■■■■■■■                    42% |  ETA:  1h
 ■■■■■■■■■■■■■■                    42% |  ETA:  1h
 ■■■■■■■■■■■■■■                    42% |  ETA:  1h
 ■■■■■■■■■■■■■■                    42% |  ETA:  1h
 ■■■■■■■■■■■■■■                    42% |  ETA:  1h
 ■■■■■■■■■■■■■■                    42% |  ETA:  1h
 ■■■■■■■■■■■■■■                    43% |  ETA:  1h
 ■■■■■■■■■■■■■■                    43% |  ETA:  1h
 ■■■■■■■■■■■■■■                    43% |  ETA:  1h
 ■■■■■■■■■■■■■■                    43% |  ETA:  1h
 ■■■■■■■■■■■■■■                    43% |  ETA:  1h
 ■■■■■■■■■■■■■■                    43% |  ETA:  1h
 ■■■■■■■■■■■■■■                    43% |  ETA:  1h
 ■■■■■■■■■■■■■■                    43% |  ETA:  1h
 ■■■■■■■■■■■■■■                    43% |  ETA:  1h
 ■■■■■■■■■■■■■■                    43% |  ETA:  1h
 ■■■■■■■■■■■■■■                    43% |  ETA:  1h
 ■■■■■■■■■■■■■■                    43% |  ETA:  1h
 ■■■■■■■■■■■■■■                    43% |  ETA:  1h
 ■■■■■■■■■■■■■■                    43% |  ETA:  1h
 ■■■■■■■■■■■■■■                    43% |  ETA:  1h
 ■■■■■■■■■■■■■■                    43% |  ETA:  1h
 ■■■■■■■■■■■■■■                    43% |  ETA:  1h
 ■■■■■■■■■■■■■■                    44% |  ETA:  1h
 ■■■■■■■■■■■■■■                    44% |  ETA:  1h
 ■■■■■■■■■■■■■■                    44% |  ETA: 50m
 ■■■■■■■■■■■■■■                    44% |  ETA: 50m
 ■■■■■■■■■■■■■■                    44% |  ETA: 50m
 ■■■■■■■■■■■■■■                    44% |  ETA: 50m
 ■■■■■■■■■■■■■■                    44% |  ETA: 50m
 ■■■■■■■■■■■■■■                    44% |  ETA: 50m
 ■■■■■■■■■■■■■■                    44% |  ETA: 50m
 ■■■■■■■■■■■■■■                    44% |  ETA: 50m
 ■■■■■■■■■■■■■■                    44% |  ETA: 50m
 ■■■■■■■■■■■■■■                    44% |  ETA: 49m
 ■■■■■■■■■■■■■■                    44% |  ETA: 49m
 ■■■■■■■■■■■■■■                    44% |  ETA: 49m
 ■■■■■■■■■■■■■■                    44% |  ETA: 49m
 ■■■■■■■■■■■■■■                    44% |  ETA: 49m
Processing biomarker (w/ -): HLA-A
Model formula: CIN3plus ~ Age_at_recruitment + Body_mass_index + Townsend_deprivation_index_at_recruitment + Smoking_status + Alcohol_intake_frequency + Genotype_measurement_batch + PC1 + PC2 + PC3 + PC4 + PC5 + PC6 + PC7 + PC8 + PC9 + PC10 + PC11 + PC12 + PC13 + PC14 + PC15 + PC16 + PC17 + PC18 + PC19 + PC20 + beta_HLA_A_P04439_OID31048_v1_SUM
Processing biomarker (w/ -): HLA-DRA
Model formula: CIN3plus ~ Age_at_recruitment + Body_mass_index + Townsend_deprivation_index_at_recruitment + Smoking_status + Alcohol_intake_frequency + Genotype_measurement_batch + PC1 + PC2 + PC3 + PC4 + PC5 + PC6 + PC7 + PC8 + PC9 + PC10 + PC11 + PC12 + PC13 + PC14 + PC15 + PC16 + PC17 + PC18 + PC19 + PC20 + beta_HLA_DRA_P01903_OID20520_v1_SUM
 ■■■■■■■■■■■■■■                    44% |  ETA: 49m
Processing biomarker (w/ -): HLA-E
Model formula: CIN3plus ~ Age_at_recruitment + Body_mass_index + Townsend_deprivation_index_at_recruitment + Smoking_status + Alcohol_intake_frequency + Genotype_measurement_batch + PC1 + PC2 + PC3 + PC4 + PC5 + PC6 + PC7 + PC8 + PC9 + PC10 + PC11 + PC12 + PC13 + PC14 + PC15 + PC16 + PC17 + PC18 + PC19 + PC20 + beta_HLA_E_P13747_OID20532_v1_SUM
 ■■■■■■■■■■■■■■                    44% |  ETA: 49m
 ■■■■■■■■■■■■■■                    44% |  ETA: 49m
 ■■■■■■■■■■■■■■                    45% |  ETA: 49m
 ■■■■■■■■■■■■■■                    45% |  ETA: 49m
 ■■■■■■■■■■■■■■                    45% |  ETA: 49m
 ■■■■■■■■■■■■■■                    45% |  ETA: 49m
 ■■■■■■■■■■■■■■                    45% |  ETA: 49m
 ■■■■■■■■■■■■■■                    45% |  ETA: 49m
 ■■■■■■■■■■■■■■                    45% |  ETA: 49m
 ■■■■■■■■■■■■■■                    45% |  ETA: 49m
 ■■■■■■■■■■■■■■■                   45% |  ETA: 49m
 ■■■■■■■■■■■■■■■                   45% |  ETA: 49m
 ■■■■■■■■■■■■■■■                   45% |  ETA: 49m
 ■■■■■■■■■■■■■■■                   45% |  ETA: 49m
 ■■■■■■■■■■■■■■■                   45% |  ETA: 49m
 ■■■■■■■■■■■■■■■                   45% |  ETA: 48m
 ■■■■■■■■■■■■■■■                   45% |  ETA: 48m
 ■■■■■■■■■■■■■■■                   45% |  ETA: 48m
 ■■■■■■■■■■■■■■■                   45% |  ETA: 48m
 ■■■■■■■■■■■■■■■                   46% |  ETA: 48m
 ■■■■■■■■■■■■■■■                   46% |  ETA: 48m
 ■■■■■■■■■■■■■■■                   46% |  ETA: 48m
 ■■■■■■■■■■■■■■■                   46% |  ETA: 48m
 ■■■■■■■■■■■■■■■                   46% |  ETA: 48m
 ■■■■■■■■■■■■■■■                   46% |  ETA: 48m
 ■■■■■■■■■■■■■■■                   46% |  ETA: 48m
 ■■■■■■■■■■■■■■■                   46% |  ETA: 48m
 ■■■■■■■■■■■■■■■                   46% |  ETA: 48m
 ■■■■■■■■■■■■■■■                   46% |  ETA: 48m
 ■■■■■■■■■■■■■■■                   46% |  ETA: 48m
 ■■■■■■■■■■■■■■■                   46% |  ETA: 48m
 ■■■■■■■■■■■■■■■                   46% |  ETA: 48m
 ■■■■■■■■■■■■■■■                   46% |  ETA: 48m
 ■■■■■■■■■■■■■■■                   46% |  ETA: 48m
 ■■■■■■■■■■■■■■■                   46% |  ETA: 48m
 ■■■■■■■■■■■■■■■                   46% |  ETA: 47m
 ■■■■■■■■■■■■■■■                   46% |  ETA: 47m
 ■■■■■■■■■■■■■■■                   47% |  ETA: 47m
 ■■■■■■■■■■■■■■■                   47% |  ETA: 47m
 ■■■■■■■■■■■■■■■                   47% |  ETA: 47m
 ■■■■■■■■■■■■■■■                   47% |  ETA: 47m
 ■■■■■■■■■■■■■■■                   47% |  ETA: 47m
 ■■■■■■■■■■■■■■■                   47% |  ETA: 47m
 ■■■■■■■■■■■■■■■                   47% |  ETA: 47m
 ■■■■■■■■■■■■■■■                   47% |  ETA: 47m
 ■■■■■■■■■■■■■■■                   47% |  ETA: 47m
 ■■■■■■■■■■■■■■■                   47% |  ETA: 47m
 ■■■■■■■■■■■■■■■                   47% |  ETA: 47m
 ■■■■■■■■■■■■■■■                   47% |  ETA: 47m
 ■■■■■■■■■■■■■■■                   47% |  ETA: 47m
 ■■■■■■■■■■■■■■■                   47% |  ETA: 47m
 ■■■■■■■■■■■■■■■                   47% |  ETA: 47m
 ■■■■■■■■■■■■■■■                   47% |  ETA: 47m
 ■■■■■■■■■■■■■■■                   47% |  ETA: 47m
 ■■■■■■■■■■■■■■■                   48% |  ETA: 46m
 ■■■■■■■■■■■■■■■                   48% |  ETA: 46m
 ■■■■■■■■■■■■■■■                   48% |  ETA: 46m
 ■■■■■■■■■■■■■■■                   48% |  ETA: 46m
 ■■■■■■■■■■■■■■■                   48% |  ETA: 46m
 ■■■■■■■■■■■■■■■                   48% |  ETA: 46m
 ■■■■■■■■■■■■■■■                   48% |  ETA: 46m
 ■■■■■■■■■■■■■■■                   48% |  ETA: 46m
 ■■■■■■■■■■■■■■■                   48% |  ETA: 46m
 ■■■■■■■■■■■■■■■                   48% |  ETA: 46m
 ■■■■■■■■■■■■■■■                   48% |  ETA: 46m
 ■■■■■■■■■■■■■■■                   48% |  ETA: 46m
 ■■■■■■■■■■■■■■■                   48% |  ETA: 46m
 ■■■■■■■■■■■■■■■                   48% |  ETA: 46m
 ■■■■■■■■■■■■■■■                   48% |  ETA: 46m
 ■■■■■■■■■■■■■■■■                  48% |  ETA: 46m
 ■■■■■■■■■■■■■■■■                  48% |  ETA: 46m
 ■■■■■■■■■■■■■■■■                  48% |  ETA: 46m
 ■■■■■■■■■■■■■■■■                  49% |  ETA: 46m
 ■■■■■■■■■■■■■■■■                  49% |  ETA: 46m
 ■■■■■■■■■■■■■■■■                  49% |  ETA: 45m
 ■■■■■■■■■■■■■■■■                  49% |  ETA: 45m
 ■■■■■■■■■■■■■■■■                  49% |  ETA: 45m
 ■■■■■■■■■■■■■■■■                  49% |  ETA: 45m
 ■■■■■■■■■■■■■■■■                  49% |  ETA: 45m
 ■■■■■■■■■■■■■■■■                  49% |  ETA: 45m
 ■■■■■■■■■■■■■■■■                  49% |  ETA: 45m
 ■■■■■■■■■■■■■■■■                  49% |  ETA: 45m
 ■■■■■■■■■■■■■■■■                  49% |  ETA: 45m
 ■■■■■■■■■■■■■■■■                  49% |  ETA: 45m
 ■■■■■■■■■■■■■■■■                  49% |  ETA: 45m
 ■■■■■■■■■■■■■■■■                  49% |  ETA: 45m
 ■■■■■■■■■■■■■■■■                  49% |  ETA: 45m
 ■■■■■■■■■■■■■■■■                  49% |  ETA: 45m
 ■■■■■■■■■■■■■■■■                  49% |  ETA: 45m
 ■■■■■■■■■■■■■■■■                  50% |  ETA: 45m
 ■■■■■■■■■■■■■■■■                  50% |  ETA: 45m
 ■■■■■■■■■■■■■■■■                  50% |  ETA: 45m
 ■■■■■■■■■■■■■■■■                  50% |  ETA: 45m
 ■■■■■■■■■■■■■■■■                  50% |  ETA: 45m
 ■■■■■■■■■■■■■■■■                  50% |  ETA: 44m
 ■■■■■■■■■■■■■■■■                  50% |  ETA: 44m
 ■■■■■■■■■■■■■■■■                  50% |  ETA: 44m
 ■■■■■■■■■■■■■■■■                  50% |  ETA: 44m
 ■■■■■■■■■■■■■■■■                  50% |  ETA: 44m
 ■■■■■■■■■■■■■■■■                  50% |  ETA: 44m
 ■■■■■■■■■■■■■■■■                  50% |  ETA: 44m
 ■■■■■■■■■■■■■■■■                  50% |  ETA: 44m
 ■■■■■■■■■■■■■■■■                  50% |  ETA: 44m
 ■■■■■■■■■■■■■■■■                  50% |  ETA: 44m
 ■■■■■■■■■■■■■■■■                  50% |  ETA: 44m
 ■■■■■■■■■■■■■■■■                  50% |  ETA: 44m
 ■■■■■■■■■■■■■■■■                  50% |  ETA: 44m
 ■■■■■■■■■■■■■■■■                  50% |  ETA: 44m
 ■■■■■■■■■■■■■■■■                  51% |  ETA: 44m
 ■■■■■■■■■■■■■■■■                  51% |  ETA: 44m
 ■■■■■■■■■■■■■■■■                  51% |  ETA: 44m
 ■■■■■■■■■■■■■■■■                  51% |  ETA: 44m
 ■■■■■■■■■■■■■■■■                  51% |  ETA: 44m
 ■■■■■■■■■■■■■■■■                  51% |  ETA: 43m
 ■■■■■■■■■■■■■■■■                  51% |  ETA: 43m
 ■■■■■■■■■■■■■■■■                  51% |  ETA: 43m
 ■■■■■■■■■■■■■■■■                  51% |  ETA: 43m
 ■■■■■■■■■■■■■■■■                  51% |  ETA: 43m
 ■■■■■■■■■■■■■■■■                  51% |  ETA: 43m
 ■■■■■■■■■■■■■■■■                  51% |  ETA: 43m
 ■■■■■■■■■■■■■■■■                  51% |  ETA: 43m
 ■■■■■■■■■■■■■■■■                  51% |  ETA: 43m
 ■■■■■■■■■■■■■■■■                  51% |  ETA: 43m
 ■■■■■■■■■■■■■■■■                  51% |  ETA: 43m
 ■■■■■■■■■■■■■■■■                  51% |  ETA: 43m
 ■■■■■■■■■■■■■■■■                  52% |  ETA: 43m
 ■■■■■■■■■■■■■■■■                  52% |  ETA: 43m
 ■■■■■■■■■■■■■■■■                  52% |  ETA: 43m
 ■■■■■■■■■■■■■■■■■                 52% |  ETA: 43m
 ■■■■■■■■■■■■■■■■■                 52% |  ETA: 43m
 ■■■■■■■■■■■■■■■■■                 52% |  ETA: 43m
 ■■■■■■■■■■■■■■■■■                 52% |  ETA: 43m
 ■■■■■■■■■■■■■■■■■                 52% |  ETA: 43m
 ■■■■■■■■■■■■■■■■■                 52% |  ETA: 43m
 ■■■■■■■■■■■■■■■■■                 52% |  ETA: 42m
 ■■■■■■■■■■■■■■■■■                 52% |  ETA: 42m
 ■■■■■■■■■■■■■■■■■                 52% |  ETA: 42m
 ■■■■■■■■■■■■■■■■■                 52% |  ETA: 42m
 ■■■■■■■■■■■■■■■■■                 52% |  ETA: 42m
 ■■■■■■■■■■■■■■■■■                 52% |  ETA: 42m
 ■■■■■■■■■■■■■■■■■                 52% |  ETA: 42m
 ■■■■■■■■■■■■■■■■■                 52% |  ETA: 42m
 ■■■■■■■■■■■■■■■■■                 52% |  ETA: 42m
 ■■■■■■■■■■■■■■■■■                 53% |  ETA: 42m
 ■■■■■■■■■■■■■■■■■                 53% |  ETA: 42m
 ■■■■■■■■■■■■■■■■■                 53% |  ETA: 42m
 ■■■■■■■■■■■■■■■■■                 53% |  ETA: 42m
 ■■■■■■■■■■■■■■■■■                 53% |  ETA: 42m
 ■■■■■■■■■■■■■■■■■                 53% |  ETA: 42m
 ■■■■■■■■■■■■■■■■■                 53% |  ETA: 42m
 ■■■■■■■■■■■■■■■■■                 53% |  ETA: 42m
 ■■■■■■■■■■■■■■■■■                 53% |  ETA: 42m
 ■■■■■■■■■■■■■■■■■                 53% |  ETA: 42m
 ■■■■■■■■■■■■■■■■■                 53% |  ETA: 41m
 ■■■■■■■■■■■■■■■■■                 53% |  ETA: 41m
 ■■■■■■■■■■■■■■■■■                 53% |  ETA: 41m
 ■■■■■■■■■■■■■■■■■                 53% |  ETA: 41m
 ■■■■■■■■■■■■■■■■■                 53% |  ETA: 41m
 ■■■■■■■■■■■■■■■■■                 53% |  ETA: 41m
 ■■■■■■■■■■■■■■■■■                 53% |  ETA: 41m
 ■■■■■■■■■■■■■■■■■                 54% |  ETA: 41m
 ■■■■■■■■■■■■■■■■■                 54% |  ETA: 41m
 ■■■■■■■■■■■■■■■■■                 54% |  ETA: 41m
 ■■■■■■■■■■■■■■■■■                 54% |  ETA: 41m
 ■■■■■■■■■■■■■■■■■                 54% |  ETA: 41m
 ■■■■■■■■■■■■■■■■■                 54% |  ETA: 41m
 ■■■■■■■■■■■■■■■■■                 54% |  ETA: 41m
 ■■■■■■■■■■■■■■■■■                 54% |  ETA: 41m
 ■■■■■■■■■■■■■■■■■                 54% |  ETA: 41m
 ■■■■■■■■■■■■■■■■■                 54% |  ETA: 41m
 ■■■■■■■■■■■■■■■■■                 54% |  ETA: 41m
 ■■■■■■■■■■■■■■■■■                 54% |  ETA: 41m
 ■■■■■■■■■■■■■■■■■                 54% |  ETA: 41m
 ■■■■■■■■■■■■■■■■■                 54% |  ETA: 40m
 ■■■■■■■■■■■■■■■■■                 54% |  ETA: 40m
 ■■■■■■■■■■■■■■■■■                 54% |  ETA: 40m
 ■■■■■■■■■■■■■■■■■                 54% |  ETA: 40m
 ■■■■■■■■■■■■■■■■■                 55% |  ETA: 40m
 ■■■■■■■■■■■■■■■■■                 55% |  ETA: 40m
 ■■■■■■■■■■■■■■■■■                 55% |  ETA: 40m
 ■■■■■■■■■■■■■■■■■                 55% |  ETA: 40m
 ■■■■■■■■■■■■■■■■■                 55% |  ETA: 40m
 ■■■■■■■■■■■■■■■■■                 55% |  ETA: 40m
 ■■■■■■■■■■■■■■■■■                 55% |  ETA: 40m
 ■■■■■■■■■■■■■■■■■                 55% |  ETA: 40m
 ■■■■■■■■■■■■■■■■■                 55% |  ETA: 40m
 ■■■■■■■■■■■■■■■■■■                55% |  ETA: 40m
 ■■■■■■■■■■■■■■■■■■                55% |  ETA: 40m
 ■■■■■■■■■■■■■■■■■■                55% |  ETA: 40m
 ■■■■■■■■■■■■■■■■■■                55% |  ETA: 40m
 ■■■■■■■■■■■■■■■■■■                55% |  ETA: 40m
 ■■■■■■■■■■■■■■■■■■                55% |  ETA: 40m
 ■■■■■■■■■■■■■■■■■■                55% |  ETA: 40m
 ■■■■■■■■■■■■■■■■■■                55% |  ETA: 39m
 ■■■■■■■■■■■■■■■■■■                55% |  ETA: 39m
 ■■■■■■■■■■■■■■■■■■                56% |  ETA: 39m
 ■■■■■■■■■■■■■■■■■■                56% |  ETA: 39m
 ■■■■■■■■■■■■■■■■■■                56% |  ETA: 39m
 ■■■■■■■■■■■■■■■■■■                56% |  ETA: 39m
 ■■■■■■■■■■■■■■■■■■                56% |  ETA: 39m
 ■■■■■■■■■■■■■■■■■■                56% |  ETA: 39m
 ■■■■■■■■■■■■■■■■■■                56% |  ETA: 39m
 ■■■■■■■■■■■■■■■■■■                56% |  ETA: 39m
 ■■■■■■■■■■■■■■■■■■                56% |  ETA: 39m
 ■■■■■■■■■■■■■■■■■■                56% |  ETA: 39m
 ■■■■■■■■■■■■■■■■■■                56% |  ETA: 39m
 ■■■■■■■■■■■■■■■■■■                56% |  ETA: 39m
 ■■■■■■■■■■■■■■■■■■                56% |  ETA: 39m
 ■■■■■■■■■■■■■■■■■■                56% |  ETA: 39m
 ■■■■■■■■■■■■■■■■■■                56% |  ETA: 39m
 ■■■■■■■■■■■■■■■■■■                56% |  ETA: 39m
 ■■■■■■■■■■■■■■■■■■                56% |  ETA: 39m
 ■■■■■■■■■■■■■■■■■■                56% |  ETA: 39m
 ■■■■■■■■■■■■■■■■■■                57% |  ETA: 38m
 ■■■■■■■■■■■■■■■■■■                57% |  ETA: 38m
 ■■■■■■■■■■■■■■■■■■                57% |  ETA: 38m
 ■■■■■■■■■■■■■■■■■■                57% |  ETA: 38m
 ■■■■■■■■■■■■■■■■■■                57% |  ETA: 38m
 ■■■■■■■■■■■■■■■■■■                57% |  ETA: 38m
 ■■■■■■■■■■■■■■■■■■                57% |  ETA: 38m
 ■■■■■■■■■■■■■■■■■■                57% |  ETA: 38m
 ■■■■■■■■■■■■■■■■■■                57% |  ETA: 38m
 ■■■■■■■■■■■■■■■■■■                57% |  ETA: 38m
 ■■■■■■■■■■■■■■■■■■                57% |  ETA: 38m
 ■■■■■■■■■■■■■■■■■■                57% |  ETA: 38m
 ■■■■■■■■■■■■■■■■■■                57% |  ETA: 38m
 ■■■■■■■■■■■■■■■■■■                57% |  ETA: 38m
 ■■■■■■■■■■■■■■■■■■                57% |  ETA: 38m
 ■■■■■■■■■■■■■■■■■■                57% |  ETA: 38m
 ■■■■■■■■■■■■■■■■■■                57% |  ETA: 38m
 ■■■■■■■■■■■■■■■■■■                57% |  ETA: 38m
 ■■■■■■■■■■■■■■■■■■                58% |  ETA: 38m
 ■■■■■■■■■■■■■■■■■■                58% |  ETA: 37m
 ■■■■■■■■■■■■■■■■■■                58% |  ETA: 37m
 ■■■■■■■■■■■■■■■■■■                58% |  ETA: 37m
 ■■■■■■■■■■■■■■■■■■                58% |  ETA: 37m
 ■■■■■■■■■■■■■■■■■■                58% |  ETA: 37m
 ■■■■■■■■■■■■■■■■■■                58% |  ETA: 37m
 ■■■■■■■■■■■■■■■■■■                58% |  ETA: 37m
 ■■■■■■■■■■■■■■■■■■                58% |  ETA: 37m
 ■■■■■■■■■■■■■■■■■■                58% |  ETA: 37m
 ■■■■■■■■■■■■■■■■■■                58% |  ETA: 37m
 ■■■■■■■■■■■■■■■■■■                58% |  ETA: 37m
 ■■■■■■■■■■■■■■■■■■                58% |  ETA: 37m
 ■■■■■■■■■■■■■■■■■■                58% |  ETA: 37m
 ■■■■■■■■■■■■■■■■■■■               58% |  ETA: 37m
 ■■■■■■■■■■■■■■■■■■■               58% |  ETA: 37m
 ■■■■■■■■■■■■■■■■■■■               58% |  ETA: 37m
 ■■■■■■■■■■■■■■■■■■■               59% |  ETA: 37m
 ■■■■■■■■■■■■■■■■■■■               59% |  ETA: 37m
 ■■■■■■■■■■■■■■■■■■■               59% |  ETA: 37m
 ■■■■■■■■■■■■■■■■■■■               59% |  ETA: 37m
 ■■■■■■■■■■■■■■■■■■■               59% |  ETA: 36m
 ■■■■■■■■■■■■■■■■■■■               59% |  ETA: 36m
 ■■■■■■■■■■■■■■■■■■■               59% |  ETA: 36m
 ■■■■■■■■■■■■■■■■■■■               59% |  ETA: 36m
 ■■■■■■■■■■■■■■■■■■■               59% |  ETA: 36m
 ■■■■■■■■■■■■■■■■■■■               59% |  ETA: 36m
 ■■■■■■■■■■■■■■■■■■■               59% |  ETA: 36m
 ■■■■■■■■■■■■■■■■■■■               59% |  ETA: 36m
 ■■■■■■■■■■■■■■■■■■■               59% |  ETA: 36m
 ■■■■■■■■■■■■■■■■■■■               59% |  ETA: 36m
 ■■■■■■■■■■■■■■■■■■■               59% |  ETA: 36m
 ■■■■■■■■■■■■■■■■■■■               59% |  ETA: 36m
 ■■■■■■■■■■■■■■■■■■■               59% |  ETA: 36m
 ■■■■■■■■■■■■■■■■■■■               60% |  ETA: 36m
 ■■■■■■■■■■■■■■■■■■■               60% |  ETA: 36m
 ■■■■■■■■■■■■■■■■■■■               60% |  ETA: 36m
 ■■■■■■■■■■■■■■■■■■■               60% |  ETA: 36m
 ■■■■■■■■■■■■■■■■■■■               60% |  ETA: 36m
 ■■■■■■■■■■■■■■■■■■■               60% |  ETA: 36m
 ■■■■■■■■■■■■■■■■■■■               60% |  ETA: 36m
 ■■■■■■■■■■■■■■■■■■■               60% |  ETA: 35m
 ■■■■■■■■■■■■■■■■■■■               60% |  ETA: 35m
 ■■■■■■■■■■■■■■■■■■■               60% |  ETA: 35m
 ■■■■■■■■■■■■■■■■■■■               60% |  ETA: 35m
 ■■■■■■■■■■■■■■■■■■■               60% |  ETA: 35m
 ■■■■■■■■■■■■■■■■■■■               60% |  ETA: 35m
 ■■■■■■■■■■■■■■■■■■■               60% |  ETA: 35m
 ■■■■■■■■■■■■■■■■■■■               60% |  ETA: 35m
 ■■■■■■■■■■■■■■■■■■■               60% |  ETA: 35m
 ■■■■■■■■■■■■■■■■■■■               60% |  ETA: 35m
 ■■■■■■■■■■■■■■■■■■■               60% |  ETA: 35m
 ■■■■■■■■■■■■■■■■■■■               61% |  ETA: 35m
 ■■■■■■■■■■■■■■■■■■■               61% |  ETA: 35m
 ■■■■■■■■■■■■■■■■■■■               61% |  ETA: 35m
 ■■■■■■■■■■■■■■■■■■■               61% |  ETA: 35m
 ■■■■■■■■■■■■■■■■■■■               61% |  ETA: 35m
 ■■■■■■■■■■■■■■■■■■■               61% |  ETA: 35m
 ■■■■■■■■■■■■■■■■■■■               61% |  ETA: 35m
 ■■■■■■■■■■■■■■■■■■■               61% |  ETA: 35m
 ■■■■■■■■■■■■■■■■■■■               61% |  ETA: 35m
 ■■■■■■■■■■■■■■■■■■■               61% |  ETA: 34m
 ■■■■■■■■■■■■■■■■■■■               61% |  ETA: 34m
 ■■■■■■■■■■■■■■■■■■■               61% |  ETA: 34m
 ■■■■■■■■■■■■■■■■■■■               61% |  ETA: 34m
 ■■■■■■■■■■■■■■■■■■■               61% |  ETA: 34m
 ■■■■■■■■■■■■■■■■■■■               61% |  ETA: 34m
 ■■■■■■■■■■■■■■■■■■■               61% |  ETA: 34m
 ■■■■■■■■■■■■■■■■■■■               61% |  ETA: 34m
 ■■■■■■■■■■■■■■■■■■■               62% |  ETA: 34m
 ■■■■■■■■■■■■■■■■■■■               62% |  ETA: 34m
 ■■■■■■■■■■■■■■■■■■■               62% |  ETA: 34m
 ■■■■■■■■■■■■■■■■■■■■              62% |  ETA: 34m
 ■■■■■■■■■■■■■■■■■■■■              62% |  ETA: 34m
 ■■■■■■■■■■■■■■■■■■■■              62% |  ETA: 34m
 ■■■■■■■■■■■■■■■■■■■■              62% |  ETA: 34m
 ■■■■■■■■■■■■■■■■■■■■              62% |  ETA: 34m
 ■■■■■■■■■■■■■■■■■■■■              62% |  ETA: 34m
 ■■■■■■■■■■■■■■■■■■■■              62% |  ETA: 34m
 ■■■■■■■■■■■■■■■■■■■■              62% |  ETA: 34m
 ■■■■■■■■■■■■■■■■■■■■              62% |  ETA: 33m
 ■■■■■■■■■■■■■■■■■■■■              62% |  ETA: 33m
 ■■■■■■■■■■■■■■■■■■■■              62% |  ETA: 33m
 ■■■■■■■■■■■■■■■■■■■■              62% |  ETA: 33m
 ■■■■■■■■■■■■■■■■■■■■              62% |  ETA: 33m
 ■■■■■■■■■■■■■■■■■■■■              62% |  ETA: 33m
 ■■■■■■■■■■■■■■■■■■■■              62% |  ETA: 33m
 ■■■■■■■■■■■■■■■■■■■■              63% |  ETA: 33m
 ■■■■■■■■■■■■■■■■■■■■              63% |  ETA: 33m
 ■■■■■■■■■■■■■■■■■■■■              63% |  ETA: 33m
 ■■■■■■■■■■■■■■■■■■■■              63% |  ETA: 33m
 ■■■■■■■■■■■■■■■■■■■■              63% |  ETA: 33m
 ■■■■■■■■■■■■■■■■■■■■              63% |  ETA: 33m
 ■■■■■■■■■■■■■■■■■■■■              63% |  ETA: 33m
 ■■■■■■■■■■■■■■■■■■■■              63% |  ETA: 33m
 ■■■■■■■■■■■■■■■■■■■■              63% |  ETA: 33m
 ■■■■■■■■■■■■■■■■■■■■              63% |  ETA: 33m
 ■■■■■■■■■■■■■■■■■■■■              63% |  ETA: 33m
 ■■■■■■■■■■■■■■■■■■■■              63% |  ETA: 33m
 ■■■■■■■■■■■■■■■■■■■■              63% |  ETA: 33m
 ■■■■■■■■■■■■■■■■■■■■              63% |  ETA: 32m
 ■■■■■■■■■■■■■■■■■■■■              63% |  ETA: 32m
 ■■■■■■■■■■■■■■■■■■■■              63% |  ETA: 32m
 ■■■■■■■■■■■■■■■■■■■■              63% |  ETA: 32m
 ■■■■■■■■■■■■■■■■■■■■              63% |  ETA: 32m
 ■■■■■■■■■■■■■■■■■■■■              64% |  ETA: 32m
 ■■■■■■■■■■■■■■■■■■■■              64% |  ETA: 32m
 ■■■■■■■■■■■■■■■■■■■■              64% |  ETA: 32m
 ■■■■■■■■■■■■■■■■■■■■              64% |  ETA: 32m
 ■■■■■■■■■■■■■■■■■■■■              64% |  ETA: 32m
 ■■■■■■■■■■■■■■■■■■■■              64% |  ETA: 32m
 ■■■■■■■■■■■■■■■■■■■■              64% |  ETA: 32m
 ■■■■■■■■■■■■■■■■■■■■              64% |  ETA: 32m
 ■■■■■■■■■■■■■■■■■■■■              64% |  ETA: 32m
 ■■■■■■■■■■■■■■■■■■■■              64% |  ETA: 32m
 ■■■■■■■■■■■■■■■■■■■■              64% |  ETA: 32m
 ■■■■■■■■■■■■■■■■■■■■              64% |  ETA: 32m
 ■■■■■■■■■■■■■■■■■■■■              64% |  ETA: 32m
 ■■■■■■■■■■■■■■■■■■■■              64% |  ETA: 32m
 ■■■■■■■■■■■■■■■■■■■■              64% |  ETA: 31m
 ■■■■■■■■■■■■■■■■■■■■              64% |  ETA: 31m
 ■■■■■■■■■■■■■■■■■■■■              64% |  ETA: 31m
 ■■■■■■■■■■■■■■■■■■■■              65% |  ETA: 31m
 ■■■■■■■■■■■■■■■■■■■■              65% |  ETA: 31m
 ■■■■■■■■■■■■■■■■■■■■              65% |  ETA: 31m
 ■■■■■■■■■■■■■■■■■■■■              65% |  ETA: 31m
 ■■■■■■■■■■■■■■■■■■■■              65% |  ETA: 31m
 ■■■■■■■■■■■■■■■■■■■■              65% |  ETA: 31m
 ■■■■■■■■■■■■■■■■■■■■              65% |  ETA: 31m
 ■■■■■■■■■■■■■■■■■■■■              65% |  ETA: 31m
 ■■■■■■■■■■■■■■■■■■■■              65% |  ETA: 31m
 ■■■■■■■■■■■■■■■■■■■■■             65% |  ETA: 31m
 ■■■■■■■■■■■■■■■■■■■■■             65% |  ETA: 31m
 ■■■■■■■■■■■■■■■■■■■■■             65% |  ETA: 31m
 ■■■■■■■■■■■■■■■■■■■■■             65% |  ETA: 31m
 ■■■■■■■■■■■■■■■■■■■■■             65% |  ETA: 31m
 ■■■■■■■■■■■■■■■■■■■■■             65% |  ETA: 31m
 ■■■■■■■■■■■■■■■■■■■■■             65% |  ETA: 31m
 ■■■■■■■■■■■■■■■■■■■■■             65% |  ETA: 31m
 ■■■■■■■■■■■■■■■■■■■■■             65% |  ETA: 31m
 ■■■■■■■■■■■■■■■■■■■■■             66% |  ETA: 30m
 ■■■■■■■■■■■■■■■■■■■■■             66% |  ETA: 30m
 ■■■■■■■■■■■■■■■■■■■■■             66% |  ETA: 30m
 ■■■■■■■■■■■■■■■■■■■■■             66% |  ETA: 30m
 ■■■■■■■■■■■■■■■■■■■■■             66% |  ETA: 30m
 ■■■■■■■■■■■■■■■■■■■■■             66% |  ETA: 30m
 ■■■■■■■■■■■■■■■■■■■■■             66% |  ETA: 30m
 ■■■■■■■■■■■■■■■■■■■■■             66% |  ETA: 30m
 ■■■■■■■■■■■■■■■■■■■■■             66% |  ETA: 30m
 ■■■■■■■■■■■■■■■■■■■■■             66% |  ETA: 30m
 ■■■■■■■■■■■■■■■■■■■■■             66% |  ETA: 30m
 ■■■■■■■■■■■■■■■■■■■■■             66% |  ETA: 30m
 ■■■■■■■■■■■■■■■■■■■■■             66% |  ETA: 30m
 ■■■■■■■■■■■■■■■■■■■■■             66% |  ETA: 30m
 ■■■■■■■■■■■■■■■■■■■■■             66% |  ETA: 30m
 ■■■■■■■■■■■■■■■■■■■■■             66% |  ETA: 30m
 ■■■■■■■■■■■■■■■■■■■■■             66% |  ETA: 30m
 ■■■■■■■■■■■■■■■■■■■■■             67% |  ETA: 30m
 ■■■■■■■■■■■■■■■■■■■■■             67% |  ETA: 30m
 ■■■■■■■■■■■■■■■■■■■■■             67% |  ETA: 29m
 ■■■■■■■■■■■■■■■■■■■■■             67% |  ETA: 29m
 ■■■■■■■■■■■■■■■■■■■■■             67% |  ETA: 29m
 ■■■■■■■■■■■■■■■■■■■■■             67% |  ETA: 29m
 ■■■■■■■■■■■■■■■■■■■■■             67% |  ETA: 29m
 ■■■■■■■■■■■■■■■■■■■■■             67% |  ETA: 29m
 ■■■■■■■■■■■■■■■■■■■■■             67% |  ETA: 29m
 ■■■■■■■■■■■■■■■■■■■■■             67% |  ETA: 29m
 ■■■■■■■■■■■■■■■■■■■■■             67% |  ETA: 29m
 ■■■■■■■■■■■■■■■■■■■■■             67% |  ETA: 29m
 ■■■■■■■■■■■■■■■■■■■■■             67% |  ETA: 29m
 ■■■■■■■■■■■■■■■■■■■■■             67% |  ETA: 29m
 ■■■■■■■■■■■■■■■■■■■■■             67% |  ETA: 29m
 ■■■■■■■■■■■■■■■■■■■■■             67% |  ETA: 29m
 ■■■■■■■■■■■■■■■■■■■■■             67% |  ETA: 29m
 ■■■■■■■■■■■■■■■■■■■■■             68% |  ETA: 29m
 ■■■■■■■■■■■■■■■■■■■■■             68% |  ETA: 29m
 ■■■■■■■■■■■■■■■■■■■■■             68% |  ETA: 29m
 ■■■■■■■■■■■■■■■■■■■■■             68% |  ETA: 29m
 ■■■■■■■■■■■■■■■■■■■■■             68% |  ETA: 29m
 ■■■■■■■■■■■■■■■■■■■■■             68% |  ETA: 28m
 ■■■■■■■■■■■■■■■■■■■■■             68% |  ETA: 28m
 ■■■■■■■■■■■■■■■■■■■■■             68% |  ETA: 28m
 ■■■■■■■■■■■■■■■■■■■■■             68% |  ETA: 28m
 ■■■■■■■■■■■■■■■■■■■■■             68% |  ETA: 28m
 ■■■■■■■■■■■■■■■■■■■■■             68% |  ETA: 28m
 ■■■■■■■■■■■■■■■■■■■■■             68% |  ETA: 28m
 ■■■■■■■■■■■■■■■■■■■■■             68% |  ETA: 28m
 ■■■■■■■■■■■■■■■■■■■■■             68% |  ETA: 28m
 ■■■■■■■■■■■■■■■■■■■■■             68% |  ETA: 28m
 ■■■■■■■■■■■■■■■■■■■■■■            68% |  ETA: 28m
 ■■■■■■■■■■■■■■■■■■■■■■            68% |  ETA: 28m
 ■■■■■■■■■■■■■■■■■■■■■■            68% |  ETA: 28m
 ■■■■■■■■■■■■■■■■■■■■■■            69% |  ETA: 28m
 ■■■■■■■■■■■■■■■■■■■■■■            69% |  ETA: 28m
 ■■■■■■■■■■■■■■■■■■■■■■            69% |  ETA: 28m
 ■■■■■■■■■■■■■■■■■■■■■■            69% |  ETA: 28m
 ■■■■■■■■■■■■■■■■■■■■■■            69% |  ETA: 28m
 ■■■■■■■■■■■■■■■■■■■■■■            69% |  ETA: 28m
 ■■■■■■■■■■■■■■■■■■■■■■            69% |  ETA: 27m
 ■■■■■■■■■■■■■■■■■■■■■■            69% |  ETA: 27m
 ■■■■■■■■■■■■■■■■■■■■■■            69% |  ETA: 27m
 ■■■■■■■■■■■■■■■■■■■■■■            69% |  ETA: 27m
 ■■■■■■■■■■■■■■■■■■■■■■            69% |  ETA: 27m
 ■■■■■■■■■■■■■■■■■■■■■■            69% |  ETA: 27m
 ■■■■■■■■■■■■■■■■■■■■■■            69% |  ETA: 27m
 ■■■■■■■■■■■■■■■■■■■■■■            69% |  ETA: 27m
 ■■■■■■■■■■■■■■■■■■■■■■            69% |  ETA: 27m
 ■■■■■■■■■■■■■■■■■■■■■■            69% |  ETA: 27m
 ■■■■■■■■■■■■■■■■■■■■■■            69% |  ETA: 27m
 ■■■■■■■■■■■■■■■■■■■■■■            69% |  ETA: 27m
 ■■■■■■■■■■■■■■■■■■■■■■            70% |  ETA: 27m
 ■■■■■■■■■■■■■■■■■■■■■■            70% |  ETA: 27m
 ■■■■■■■■■■■■■■■■■■■■■■            70% |  ETA: 27m
 ■■■■■■■■■■■■■■■■■■■■■■            70% |  ETA: 27m
 ■■■■■■■■■■■■■■■■■■■■■■            70% |  ETA: 27m
 ■■■■■■■■■■■■■■■■■■■■■■            70% |  ETA: 27m
 ■■■■■■■■■■■■■■■■■■■■■■            70% |  ETA: 27m
 ■■■■■■■■■■■■■■■■■■■■■■            70% |  ETA: 27m
 ■■■■■■■■■■■■■■■■■■■■■■            70% |  ETA: 26m
 ■■■■■■■■■■■■■■■■■■■■■■            70% |  ETA: 26m
 ■■■■■■■■■■■■■■■■■■■■■■            70% |  ETA: 26m
Processing biomarker (w/ -): PIBF1
Model formula: CIN3plus ~ Age_at_recruitment + Body_mass_index + Townsend_deprivation_index_at_recruitment + Smoking_status + Alcohol_intake_frequency + Genotype_measurement_batch + PC1 + PC2 + PC3 + PC4 + PC5 + PC6 + PC7 + PC8 + PC9 + PC10 + PC11 + PC12 + PC13 + PC14 + PC15 + PC16 + PC17 + PC18 + PC19 + PC20 + beta_PIBF1_Q8WXW3_4_OID31061_v1_SUM
 ■■■■■■■■■■■■■■■■■■■■■■            70% |  ETA: 26m
 ■■■■■■■■■■■■■■■■■■■■■■            70% |  ETA: 26m
 ■■■■■■■■■■■■■■■■■■■■■■            70% |  ETA: 26m
 ■■■■■■■■■■■■■■■■■■■■■■            70% |  ETA: 26m
 ■■■■■■■■■■■■■■■■■■■■■■            70% |  ETA: 26m
 ■■■■■■■■■■■■■■■■■■■■■■            70% |  ETA: 26m
 ■■■■■■■■■■■■■■■■■■■■■■            71% |  ETA: 26m
 ■■■■■■■■■■■■■■■■■■■■■■            71% |  ETA: 26m
 ■■■■■■■■■■■■■■■■■■■■■■            71% |  ETA: 26m
 ■■■■■■■■■■■■■■■■■■■■■■            71% |  ETA: 26m
 ■■■■■■■■■■■■■■■■■■■■■■            71% |  ETA: 26m
 ■■■■■■■■■■■■■■■■■■■■■■            71% |  ETA: 26m
 ■■■■■■■■■■■■■■■■■■■■■■            71% |  ETA: 26m
 ■■■■■■■■■■■■■■■■■■■■■■            71% |  ETA: 26m
 ■■■■■■■■■■■■■■■■■■■■■■            71% |  ETA: 26m
 ■■■■■■■■■■■■■■■■■■■■■■            71% |  ETA: 26m
 ■■■■■■■■■■■■■■■■■■■■■■            71% |  ETA: 26m
 ■■■■■■■■■■■■■■■■■■■■■■            71% |  ETA: 25m
 ■■■■■■■■■■■■■■■■■■■■■■            71% |  ETA: 25m
 ■■■■■■■■■■■■■■■■■■■■■■            71% |  ETA: 25m
 ■■■■■■■■■■■■■■■■■■■■■■            71% |  ETA: 25m
 ■■■■■■■■■■■■■■■■■■■■■■            71% |  ETA: 25m
 ■■■■■■■■■■■■■■■■■■■■■■            71% |  ETA: 25m
 ■■■■■■■■■■■■■■■■■■■■■■            72% |  ETA: 25m
 ■■■■■■■■■■■■■■■■■■■■■■            72% |  ETA: 25m
 ■■■■■■■■■■■■■■■■■■■■■■            72% |  ETA: 25m
 ■■■■■■■■■■■■■■■■■■■■■■■           72% |  ETA: 25m
 ■■■■■■■■■■■■■■■■■■■■■■■           72% |  ETA: 25m
 ■■■■■■■■■■■■■■■■■■■■■■■           72% |  ETA: 25m
 ■■■■■■■■■■■■■■■■■■■■■■■           72% |  ETA: 25m
 ■■■■■■■■■■■■■■■■■■■■■■■           72% |  ETA: 25m
 ■■■■■■■■■■■■■■■■■■■■■■■           72% |  ETA: 25m
 ■■■■■■■■■■■■■■■■■■■■■■■           72% |  ETA: 25m
 ■■■■■■■■■■■■■■■■■■■■■■■           72% |  ETA: 25m
 ■■■■■■■■■■■■■■■■■■■■■■■           72% |  ETA: 25m
 ■■■■■■■■■■■■■■■■■■■■■■■           72% |  ETA: 25m
 ■■■■■■■■■■■■■■■■■■■■■■■           72% |  ETA: 24m
 ■■■■■■■■■■■■■■■■■■■■■■■           72% |  ETA: 24m
 ■■■■■■■■■■■■■■■■■■■■■■■           72% |  ETA: 24m
 ■■■■■■■■■■■■■■■■■■■■■■■           72% |  ETA: 24m
 ■■■■■■■■■■■■■■■■■■■■■■■           72% |  ETA: 24m
 ■■■■■■■■■■■■■■■■■■■■■■■           73% |  ETA: 24m
 ■■■■■■■■■■■■■■■■■■■■■■■           73% |  ETA: 24m
 ■■■■■■■■■■■■■■■■■■■■■■■           73% |  ETA: 24m
 ■■■■■■■■■■■■■■■■■■■■■■■           73% |  ETA: 24m
 ■■■■■■■■■■■■■■■■■■■■■■■           73% |  ETA: 24m
 ■■■■■■■■■■■■■■■■■■■■■■■           73% |  ETA: 24m
 ■■■■■■■■■■■■■■■■■■■■■■■           73% |  ETA: 24m
 ■■■■■■■■■■■■■■■■■■■■■■■           73% |  ETA: 24m
 ■■■■■■■■■■■■■■■■■■■■■■■           73% |  ETA: 24m
 ■■■■■■■■■■■■■■■■■■■■■■■           73% |  ETA: 24m
 ■■■■■■■■■■■■■■■■■■■■■■■           73% |  ETA: 24m
 ■■■■■■■■■■■■■■■■■■■■■■■           73% |  ETA: 24m
 ■■■■■■■■■■■■■■■■■■■■■■■           73% |  ETA: 24m
 ■■■■■■■■■■■■■■■■■■■■■■■           73% |  ETA: 24m
 ■■■■■■■■■■■■■■■■■■■■■■■           73% |  ETA: 24m
 ■■■■■■■■■■■■■■■■■■■■■■■           73% |  ETA: 23m
 ■■■■■■■■■■■■■■■■■■■■■■■           73% |  ETA: 23m
 ■■■■■■■■■■■■■■■■■■■■■■■           74% |  ETA: 23m
 ■■■■■■■■■■■■■■■■■■■■■■■           74% |  ETA: 23m
 ■■■■■■■■■■■■■■■■■■■■■■■           74% |  ETA: 23m
 ■■■■■■■■■■■■■■■■■■■■■■■           74% |  ETA: 23m
 ■■■■■■■■■■■■■■■■■■■■■■■           74% |  ETA: 23m
 ■■■■■■■■■■■■■■■■■■■■■■■           74% |  ETA: 23m
 ■■■■■■■■■■■■■■■■■■■■■■■           74% |  ETA: 23m
 ■■■■■■■■■■■■■■■■■■■■■■■           74% |  ETA: 23m
 ■■■■■■■■■■■■■■■■■■■■■■■           74% |  ETA: 23m
 ■■■■■■■■■■■■■■■■■■■■■■■           74% |  ETA: 23m
 ■■■■■■■■■■■■■■■■■■■■■■■           74% |  ETA: 23m
 ■■■■■■■■■■■■■■■■■■■■■■■           74% |  ETA: 23m
 ■■■■■■■■■■■■■■■■■■■■■■■           74% |  ETA: 23m
 ■■■■■■■■■■■■■■■■■■■■■■■           74% |  ETA: 23m
 ■■■■■■■■■■■■■■■■■■■■■■■           74% |  ETA: 23m
 ■■■■■■■■■■■■■■■■■■■■■■■           74% |  ETA: 23m
 ■■■■■■■■■■■■■■■■■■■■■■■           74% |  ETA: 23m
 ■■■■■■■■■■■■■■■■■■■■■■■           75% |  ETA: 22m
 ■■■■■■■■■■■■■■■■■■■■■■■           75% |  ETA: 22m
 ■■■■■■■■■■■■■■■■■■■■■■■           75% |  ETA: 22m
 ■■■■■■■■■■■■■■■■■■■■■■■           75% |  ETA: 22m
 ■■■■■■■■■■■■■■■■■■■■■■■           75% |  ETA: 22m
 ■■■■■■■■■■■■■■■■■■■■■■■           75% |  ETA: 22m
 ■■■■■■■■■■■■■■■■■■■■■■■           75% |  ETA: 22m
 ■■■■■■■■■■■■■■■■■■■■■■■           75% |  ETA: 22m
 ■■■■■■■■■■■■■■■■■■■■■■■           75% |  ETA: 22m
 ■■■■■■■■■■■■■■■■■■■■■■■           75% |  ETA: 22m
 ■■■■■■■■■■■■■■■■■■■■■■■■          75% |  ETA: 22m
 ■■■■■■■■■■■■■■■■■■■■■■■■          75% |  ETA: 22m
 ■■■■■■■■■■■■■■■■■■■■■■■■          75% |  ETA: 22m
 ■■■■■■■■■■■■■■■■■■■■■■■■          75% |  ETA: 22m
 ■■■■■■■■■■■■■■■■■■■■■■■■          75% |  ETA: 22m
 ■■■■■■■■■■■■■■■■■■■■■■■■          75% |  ETA: 22m
 ■■■■■■■■■■■■■■■■■■■■■■■■          75% |  ETA: 22m
 ■■■■■■■■■■■■■■■■■■■■■■■■          75% |  ETA: 22m
 ■■■■■■■■■■■■■■■■■■■■■■■■          76% |  ETA: 22m
 ■■■■■■■■■■■■■■■■■■■■■■■■          76% |  ETA: 22m
 ■■■■■■■■■■■■■■■■■■■■■■■■          76% |  ETA: 21m
 ■■■■■■■■■■■■■■■■■■■■■■■■          76% |  ETA: 21m
 ■■■■■■■■■■■■■■■■■■■■■■■■          76% |  ETA: 21m
 ■■■■■■■■■■■■■■■■■■■■■■■■          76% |  ETA: 21m
 ■■■■■■■■■■■■■■■■■■■■■■■■          76% |  ETA: 21m
 ■■■■■■■■■■■■■■■■■■■■■■■■          76% |  ETA: 21m
 ■■■■■■■■■■■■■■■■■■■■■■■■          76% |  ETA: 21m
 ■■■■■■■■■■■■■■■■■■■■■■■■          76% |  ETA: 21m
 ■■■■■■■■■■■■■■■■■■■■■■■■          76% |  ETA: 21m
 ■■■■■■■■■■■■■■■■■■■■■■■■          76% |  ETA: 21m
 ■■■■■■■■■■■■■■■■■■■■■■■■          76% |  ETA: 21m
 ■■■■■■■■■■■■■■■■■■■■■■■■          76% |  ETA: 21m
 ■■■■■■■■■■■■■■■■■■■■■■■■          76% |  ETA: 21m
 ■■■■■■■■■■■■■■■■■■■■■■■■          76% |  ETA: 21m
 ■■■■■■■■■■■■■■■■■■■■■■■■          76% |  ETA: 21m
 ■■■■■■■■■■■■■■■■■■■■■■■■          76% |  ETA: 21m
 ■■■■■■■■■■■■■■■■■■■■■■■■          77% |  ETA: 21m
 ■■■■■■■■■■■■■■■■■■■■■■■■          77% |  ETA: 21m
 ■■■■■■■■■■■■■■■■■■■■■■■■          77% |  ETA: 21m
 ■■■■■■■■■■■■■■■■■■■■■■■■          77% |  ETA: 21m
 ■■■■■■■■■■■■■■■■■■■■■■■■          77% |  ETA: 20m
 ■■■■■■■■■■■■■■■■■■■■■■■■          77% |  ETA: 20m
 ■■■■■■■■■■■■■■■■■■■■■■■■          77% |  ETA: 20m
 ■■■■■■■■■■■■■■■■■■■■■■■■          77% |  ETA: 20m
 ■■■■■■■■■■■■■■■■■■■■■■■■          77% |  ETA: 20m
 ■■■■■■■■■■■■■■■■■■■■■■■■          77% |  ETA: 20m
 ■■■■■■■■■■■■■■■■■■■■■■■■          77% |  ETA: 20m
 ■■■■■■■■■■■■■■■■■■■■■■■■          77% |  ETA: 20m
 ■■■■■■■■■■■■■■■■■■■■■■■■          77% |  ETA: 20m
 ■■■■■■■■■■■■■■■■■■■■■■■■          77% |  ETA: 20m
 ■■■■■■■■■■■■■■■■■■■■■■■■          77% |  ETA: 20m
 ■■■■■■■■■■■■■■■■■■■■■■■■          77% |  ETA: 20m
 ■■■■■■■■■■■■■■■■■■■■■■■■          77% |  ETA: 20m
 ■■■■■■■■■■■■■■■■■■■■■■■■          78% |  ETA: 20m
 ■■■■■■■■■■■■■■■■■■■■■■■■          78% |  ETA: 20m
 ■■■■■■■■■■■■■■■■■■■■■■■■          78% |  ETA: 20m
 ■■■■■■■■■■■■■■■■■■■■■■■■          78% |  ETA: 20m
 ■■■■■■■■■■■■■■■■■■■■■■■■          78% |  ETA: 20m
 ■■■■■■■■■■■■■■■■■■■■■■■■          78% |  ETA: 20m
 ■■■■■■■■■■■■■■■■■■■■■■■■          78% |  ETA: 19m
 ■■■■■■■■■■■■■■■■■■■■■■■■          78% |  ETA: 19m
 ■■■■■■■■■■■■■■■■■■■■■■■■          78% |  ETA: 19m
 ■■■■■■■■■■■■■■■■■■■■■■■■          78% |  ETA: 19m
 ■■■■■■■■■■■■■■■■■■■■■■■■          78% |  ETA: 19m
 ■■■■■■■■■■■■■■■■■■■■■■■■          78% |  ETA: 19m
 ■■■■■■■■■■■■■■■■■■■■■■■■          78% |  ETA: 19m
 ■■■■■■■■■■■■■■■■■■■■■■■■          78% |  ETA: 19m
 ■■■■■■■■■■■■■■■■■■■■■■■■■         78% |  ETA: 19m
 ■■■■■■■■■■■■■■■■■■■■■■■■■         78% |  ETA: 19m
 ■■■■■■■■■■■■■■■■■■■■■■■■■         78% |  ETA: 19m
 ■■■■■■■■■■■■■■■■■■■■■■■■■         79% |  ETA: 19m
 ■■■■■■■■■■■■■■■■■■■■■■■■■         79% |  ETA: 19m
 ■■■■■■■■■■■■■■■■■■■■■■■■■         79% |  ETA: 19m
 ■■■■■■■■■■■■■■■■■■■■■■■■■         79% |  ETA: 19m
 ■■■■■■■■■■■■■■■■■■■■■■■■■         79% |  ETA: 19m
 ■■■■■■■■■■■■■■■■■■■■■■■■■         79% |  ETA: 19m
 ■■■■■■■■■■■■■■■■■■■■■■■■■         79% |  ETA: 19m
 ■■■■■■■■■■■■■■■■■■■■■■■■■         79% |  ETA: 19m
 ■■■■■■■■■■■■■■■■■■■■■■■■■         79% |  ETA: 19m
 ■■■■■■■■■■■■■■■■■■■■■■■■■         79% |  ETA: 19m
 ■■■■■■■■■■■■■■■■■■■■■■■■■         79% |  ETA: 18m
 ■■■■■■■■■■■■■■■■■■■■■■■■■         79% |  ETA: 18m
 ■■■■■■■■■■■■■■■■■■■■■■■■■         79% |  ETA: 18m
 ■■■■■■■■■■■■■■■■■■■■■■■■■         79% |  ETA: 18m
 ■■■■■■■■■■■■■■■■■■■■■■■■■         79% |  ETA: 18m
 ■■■■■■■■■■■■■■■■■■■■■■■■■         79% |  ETA: 18m
 ■■■■■■■■■■■■■■■■■■■■■■■■■         79% |  ETA: 18m
 ■■■■■■■■■■■■■■■■■■■■■■■■■         79% |  ETA: 18m
 ■■■■■■■■■■■■■■■■■■■■■■■■■         80% |  ETA: 18m
 ■■■■■■■■■■■■■■■■■■■■■■■■■         80% |  ETA: 18m
 ■■■■■■■■■■■■■■■■■■■■■■■■■         80% |  ETA: 18m
 ■■■■■■■■■■■■■■■■■■■■■■■■■         80% |  ETA: 18m
 ■■■■■■■■■■■■■■■■■■■■■■■■■         80% |  ETA: 18m
 ■■■■■■■■■■■■■■■■■■■■■■■■■         80% |  ETA: 18m
 ■■■■■■■■■■■■■■■■■■■■■■■■■         80% |  ETA: 18m
 ■■■■■■■■■■■■■■■■■■■■■■■■■         80% |  ETA: 18m
 ■■■■■■■■■■■■■■■■■■■■■■■■■         80% |  ETA: 18m
 ■■■■■■■■■■■■■■■■■■■■■■■■■         80% |  ETA: 18m
 ■■■■■■■■■■■■■■■■■■■■■■■■■         80% |  ETA: 18m
 ■■■■■■■■■■■■■■■■■■■■■■■■■         80% |  ETA: 17m
 ■■■■■■■■■■■■■■■■■■■■■■■■■         80% |  ETA: 17m
 ■■■■■■■■■■■■■■■■■■■■■■■■■         80% |  ETA: 17m
 ■■■■■■■■■■■■■■■■■■■■■■■■■         80% |  ETA: 17m
 ■■■■■■■■■■■■■■■■■■■■■■■■■         80% |  ETA: 17m
 ■■■■■■■■■■■■■■■■■■■■■■■■■         80% |  ETA: 17m
 ■■■■■■■■■■■■■■■■■■■■■■■■■         81% |  ETA: 17m
 ■■■■■■■■■■■■■■■■■■■■■■■■■         81% |  ETA: 17m
 ■■■■■■■■■■■■■■■■■■■■■■■■■         81% |  ETA: 17m
 ■■■■■■■■■■■■■■■■■■■■■■■■■         81% |  ETA: 17m
 ■■■■■■■■■■■■■■■■■■■■■■■■■         81% |  ETA: 17m
 ■■■■■■■■■■■■■■■■■■■■■■■■■         81% |  ETA: 17m
 ■■■■■■■■■■■■■■■■■■■■■■■■■         81% |  ETA: 17m
 ■■■■■■■■■■■■■■■■■■■■■■■■■         81% |  ETA: 17m
 ■■■■■■■■■■■■■■■■■■■■■■■■■         81% |  ETA: 17m
 ■■■■■■■■■■■■■■■■■■■■■■■■■         81% |  ETA: 17m
 ■■■■■■■■■■■■■■■■■■■■■■■■■         81% |  ETA: 17m
 ■■■■■■■■■■■■■■■■■■■■■■■■■         81% |  ETA: 17m
 ■■■■■■■■■■■■■■■■■■■■■■■■■         81% |  ETA: 17m
 ■■■■■■■■■■■■■■■■■■■■■■■■■         81% |  ETA: 17m
 ■■■■■■■■■■■■■■■■■■■■■■■■■         81% |  ETA: 16m
 ■■■■■■■■■■■■■■■■■■■■■■■■■         81% |  ETA: 16m
 ■■■■■■■■■■■■■■■■■■■■■■■■■         81% |  ETA: 16m
 ■■■■■■■■■■■■■■■■■■■■■■■■■         81% |  ETA: 16m
 ■■■■■■■■■■■■■■■■■■■■■■■■■         82% |  ETA: 16m
 ■■■■■■■■■■■■■■■■■■■■■■■■■         82% |  ETA: 16m
 ■■■■■■■■■■■■■■■■■■■■■■■■■         82% |  ETA: 16m
 ■■■■■■■■■■■■■■■■■■■■■■■■■■        82% |  ETA: 16m
 ■■■■■■■■■■■■■■■■■■■■■■■■■■        82% |  ETA: 16m
 ■■■■■■■■■■■■■■■■■■■■■■■■■■        82% |  ETA: 16m
 ■■■■■■■■■■■■■■■■■■■■■■■■■■        82% |  ETA: 16m
 ■■■■■■■■■■■■■■■■■■■■■■■■■■        82% |  ETA: 16m
 ■■■■■■■■■■■■■■■■■■■■■■■■■■        82% |  ETA: 16m
 ■■■■■■■■■■■■■■■■■■■■■■■■■■        82% |  ETA: 16m
 ■■■■■■■■■■■■■■■■■■■■■■■■■■        82% |  ETA: 16m
 ■■■■■■■■■■■■■■■■■■■■■■■■■■        82% |  ETA: 16m
 ■■■■■■■■■■■■■■■■■■■■■■■■■■        82% |  ETA: 16m
 ■■■■■■■■■■■■■■■■■■■■■■■■■■        82% |  ETA: 16m
 ■■■■■■■■■■■■■■■■■■■■■■■■■■        82% |  ETA: 16m
 ■■■■■■■■■■■■■■■■■■■■■■■■■■        82% |  ETA: 16m
 ■■■■■■■■■■■■■■■■■■■■■■■■■■        82% |  ETA: 15m
 ■■■■■■■■■■■■■■■■■■■■■■■■■■        83% |  ETA: 15m
 ■■■■■■■■■■■■■■■■■■■■■■■■■■        83% |  ETA: 15m
 ■■■■■■■■■■■■■■■■■■■■■■■■■■        83% |  ETA: 15m
 ■■■■■■■■■■■■■■■■■■■■■■■■■■        83% |  ETA: 15m
 ■■■■■■■■■■■■■■■■■■■■■■■■■■        83% |  ETA: 15m
 ■■■■■■■■■■■■■■■■■■■■■■■■■■        83% |  ETA: 15m
 ■■■■■■■■■■■■■■■■■■■■■■■■■■        83% |  ETA: 15m
 ■■■■■■■■■■■■■■■■■■■■■■■■■■        83% |  ETA: 15m
 ■■■■■■■■■■■■■■■■■■■■■■■■■■        83% |  ETA: 15m
 ■■■■■■■■■■■■■■■■■■■■■■■■■■        83% |  ETA: 15m
 ■■■■■■■■■■■■■■■■■■■■■■■■■■        83% |  ETA: 15m
 ■■■■■■■■■■■■■■■■■■■■■■■■■■        83% |  ETA: 15m
 ■■■■■■■■■■■■■■■■■■■■■■■■■■        83% |  ETA: 15m
 ■■■■■■■■■■■■■■■■■■■■■■■■■■        83% |  ETA: 15m
 ■■■■■■■■■■■■■■■■■■■■■■■■■■        83% |  ETA: 15m
 ■■■■■■■■■■■■■■■■■■■■■■■■■■        83% |  ETA: 15m
 ■■■■■■■■■■■■■■■■■■■■■■■■■■        83% |  ETA: 15m
 ■■■■■■■■■■■■■■■■■■■■■■■■■■        83% |  ETA: 15m
 ■■■■■■■■■■■■■■■■■■■■■■■■■■        84% |  ETA: 14m
 ■■■■■■■■■■■■■■■■■■■■■■■■■■        84% |  ETA: 14m
 ■■■■■■■■■■■■■■■■■■■■■■■■■■        84% |  ETA: 14m
 ■■■■■■■■■■■■■■■■■■■■■■■■■■        84% |  ETA: 14m
 ■■■■■■■■■■■■■■■■■■■■■■■■■■        84% |  ETA: 14m
 ■■■■■■■■■■■■■■■■■■■■■■■■■■        84% |  ETA: 14m
 ■■■■■■■■■■■■■■■■■■■■■■■■■■        84% |  ETA: 14m
 ■■■■■■■■■■■■■■■■■■■■■■■■■■        84% |  ETA: 14m
 ■■■■■■■■■■■■■■■■■■■■■■■■■■        84% |  ETA: 14m
 ■■■■■■■■■■■■■■■■■■■■■■■■■■        84% |  ETA: 14m
 ■■■■■■■■■■■■■■■■■■■■■■■■■■        84% |  ETA: 14m
 ■■■■■■■■■■■■■■■■■■■■■■■■■■        84% |  ETA: 14m
 ■■■■■■■■■■■■■■■■■■■■■■■■■■        84% |  ETA: 14m
 ■■■■■■■■■■■■■■■■■■■■■■■■■■        84% |  ETA: 14m
 ■■■■■■■■■■■■■■■■■■■■■■■■■■        84% |  ETA: 14m
 ■■■■■■■■■■■■■■■■■■■■■■■■■■        84% |  ETA: 14m
 ■■■■■■■■■■■■■■■■■■■■■■■■■■        84% |  ETA: 14m
 ■■■■■■■■■■■■■■■■■■■■■■■■■■        85% |  ETA: 14m
 ■■■■■■■■■■■■■■■■■■■■■■■■■■        85% |  ETA: 14m
 ■■■■■■■■■■■■■■■■■■■■■■■■■■        85% |  ETA: 14m
 ■■■■■■■■■■■■■■■■■■■■■■■■■■        85% |  ETA: 13m
 ■■■■■■■■■■■■■■■■■■■■■■■■■■        85% |  ETA: 13m
 ■■■■■■■■■■■■■■■■■■■■■■■■■■        85% |  ETA: 13m
 ■■■■■■■■■■■■■■■■■■■■■■■■■■        85% |  ETA: 13m
 ■■■■■■■■■■■■■■■■■■■■■■■■■■        85% |  ETA: 13m
 ■■■■■■■■■■■■■■■■■■■■■■■■■■        85% |  ETA: 13m
 ■■■■■■■■■■■■■■■■■■■■■■■■■■■       85% |  ETA: 13m
 ■■■■■■■■■■■■■■■■■■■■■■■■■■■       85% |  ETA: 13m
 ■■■■■■■■■■■■■■■■■■■■■■■■■■■       85% |  ETA: 13m
 ■■■■■■■■■■■■■■■■■■■■■■■■■■■       85% |  ETA: 13m
 ■■■■■■■■■■■■■■■■■■■■■■■■■■■       85% |  ETA: 13m
 ■■■■■■■■■■■■■■■■■■■■■■■■■■■       85% |  ETA: 13m
 ■■■■■■■■■■■■■■■■■■■■■■■■■■■       85% |  ETA: 13m
 ■■■■■■■■■■■■■■■■■■■■■■■■■■■       85% |  ETA: 13m
 ■■■■■■■■■■■■■■■■■■■■■■■■■■■       86% |  ETA: 13m
 ■■■■■■■■■■■■■■■■■■■■■■■■■■■       86% |  ETA: 13m
 ■■■■■■■■■■■■■■■■■■■■■■■■■■■       86% |  ETA: 13m
 ■■■■■■■■■■■■■■■■■■■■■■■■■■■       86% |  ETA: 13m
 ■■■■■■■■■■■■■■■■■■■■■■■■■■■       86% |  ETA: 13m
 ■■■■■■■■■■■■■■■■■■■■■■■■■■■       86% |  ETA: 13m
 ■■■■■■■■■■■■■■■■■■■■■■■■■■■       86% |  ETA: 12m
 ■■■■■■■■■■■■■■■■■■■■■■■■■■■       86% |  ETA: 12m
 ■■■■■■■■■■■■■■■■■■■■■■■■■■■       86% |  ETA: 12m
 ■■■■■■■■■■■■■■■■■■■■■■■■■■■       86% |  ETA: 12m
 ■■■■■■■■■■■■■■■■■■■■■■■■■■■       86% |  ETA: 12m
 ■■■■■■■■■■■■■■■■■■■■■■■■■■■       86% |  ETA: 12m
 ■■■■■■■■■■■■■■■■■■■■■■■■■■■       86% |  ETA: 12m
 ■■■■■■■■■■■■■■■■■■■■■■■■■■■       86% |  ETA: 12m
 ■■■■■■■■■■■■■■■■■■■■■■■■■■■       86% |  ETA: 12m
 ■■■■■■■■■■■■■■■■■■■■■■■■■■■       86% |  ETA: 12m
 ■■■■■■■■■■■■■■■■■■■■■■■■■■■       86% |  ETA: 12m
 ■■■■■■■■■■■■■■■■■■■■■■■■■■■       86% |  ETA: 12m
 ■■■■■■■■■■■■■■■■■■■■■■■■■■■       87% |  ETA: 12m
 ■■■■■■■■■■■■■■■■■■■■■■■■■■■       87% |  ETA: 12m
 ■■■■■■■■■■■■■■■■■■■■■■■■■■■       87% |  ETA: 12m
 ■■■■■■■■■■■■■■■■■■■■■■■■■■■       87% |  ETA: 12m
 ■■■■■■■■■■■■■■■■■■■■■■■■■■■       87% |  ETA: 12m
 ■■■■■■■■■■■■■■■■■■■■■■■■■■■       87% |  ETA: 12m
 ■■■■■■■■■■■■■■■■■■■■■■■■■■■       87% |  ETA: 12m
 ■■■■■■■■■■■■■■■■■■■■■■■■■■■       87% |  ETA: 12m
 ■■■■■■■■■■■■■■■■■■■■■■■■■■■       87% |  ETA: 11m
 ■■■■■■■■■■■■■■■■■■■■■■■■■■■       87% |  ETA: 11m
 ■■■■■■■■■■■■■■■■■■■■■■■■■■■       87% |  ETA: 11m
 ■■■■■■■■■■■■■■■■■■■■■■■■■■■       87% |  ETA: 11m
 ■■■■■■■■■■■■■■■■■■■■■■■■■■■       87% |  ETA: 11m
 ■■■■■■■■■■■■■■■■■■■■■■■■■■■       87% |  ETA: 11m
 ■■■■■■■■■■■■■■■■■■■■■■■■■■■       87% |  ETA: 11m
 ■■■■■■■■■■■■■■■■■■■■■■■■■■■       87% |  ETA: 11m
 ■■■■■■■■■■■■■■■■■■■■■■■■■■■       87% |  ETA: 11m
 ■■■■■■■■■■■■■■■■■■■■■■■■■■■       88% |  ETA: 11m
 ■■■■■■■■■■■■■■■■■■■■■■■■■■■       88% |  ETA: 11m
 ■■■■■■■■■■■■■■■■■■■■■■■■■■■       88% |  ETA: 11m
 ■■■■■■■■■■■■■■■■■■■■■■■■■■■       88% |  ETA: 11m
 ■■■■■■■■■■■■■■■■■■■■■■■■■■■       88% |  ETA: 11m
 ■■■■■■■■■■■■■■■■■■■■■■■■■■■       88% |  ETA: 11m
 ■■■■■■■■■■■■■■■■■■■■■■■■■■■       88% |  ETA: 11m
 ■■■■■■■■■■■■■■■■■■■■■■■■■■■       88% |  ETA: 11m
 ■■■■■■■■■■■■■■■■■■■■■■■■■■■       88% |  ETA: 11m
 ■■■■■■■■■■■■■■■■■■■■■■■■■■■       88% |  ETA: 11m
 ■■■■■■■■■■■■■■■■■■■■■■■■■■■       88% |  ETA: 10m
 ■■■■■■■■■■■■■■■■■■■■■■■■■■■       88% |  ETA: 10m
 ■■■■■■■■■■■■■■■■■■■■■■■■■■■       88% |  ETA: 10m
 ■■■■■■■■■■■■■■■■■■■■■■■■■■■       88% |  ETA: 10m
 ■■■■■■■■■■■■■■■■■■■■■■■■■■■       88% |  ETA: 10m
 ■■■■■■■■■■■■■■■■■■■■■■■■■■■■      88% |  ETA: 10m
 ■■■■■■■■■■■■■■■■■■■■■■■■■■■■      88% |  ETA: 10m
 ■■■■■■■■■■■■■■■■■■■■■■■■■■■■      88% |  ETA: 10m
 ■■■■■■■■■■■■■■■■■■■■■■■■■■■■      89% |  ETA: 10m
 ■■■■■■■■■■■■■■■■■■■■■■■■■■■■      89% |  ETA: 10m
 ■■■■■■■■■■■■■■■■■■■■■■■■■■■■      89% |  ETA: 10m
 ■■■■■■■■■■■■■■■■■■■■■■■■■■■■      89% |  ETA: 10m
 ■■■■■■■■■■■■■■■■■■■■■■■■■■■■      89% |  ETA: 10m
 ■■■■■■■■■■■■■■■■■■■■■■■■■■■■      89% |  ETA: 10m
 ■■■■■■■■■■■■■■■■■■■■■■■■■■■■      89% |  ETA: 10m
 ■■■■■■■■■■■■■■■■■■■■■■■■■■■■      89% |  ETA: 10m
 ■■■■■■■■■■■■■■■■■■■■■■■■■■■■      89% |  ETA: 10m
 ■■■■■■■■■■■■■■■■■■■■■■■■■■■■      89% |  ETA: 10m
 ■■■■■■■■■■■■■■■■■■■■■■■■■■■■      89% |  ETA: 10m
 ■■■■■■■■■■■■■■■■■■■■■■■■■■■■      89% |  ETA: 10m
 ■■■■■■■■■■■■■■■■■■■■■■■■■■■■      89% |  ETA:  9m
 ■■■■■■■■■■■■■■■■■■■■■■■■■■■■      89% |  ETA:  9m
 ■■■■■■■■■■■■■■■■■■■■■■■■■■■■      89% |  ETA:  9m
 ■■■■■■■■■■■■■■■■■■■■■■■■■■■■      89% |  ETA:  9m
 ■■■■■■■■■■■■■■■■■■■■■■■■■■■■      89% |  ETA:  9m
 ■■■■■■■■■■■■■■■■■■■■■■■■■■■■      90% |  ETA:  9m
 ■■■■■■■■■■■■■■■■■■■■■■■■■■■■      90% |  ETA:  9m
 ■■■■■■■■■■■■■■■■■■■■■■■■■■■■      90% |  ETA:  9m
 ■■■■■■■■■■■■■■■■■■■■■■■■■■■■      90% |  ETA:  9m
 ■■■■■■■■■■■■■■■■■■■■■■■■■■■■      90% |  ETA:  9m
 ■■■■■■■■■■■■■■■■■■■■■■■■■■■■      90% |  ETA:  9m
 ■■■■■■■■■■■■■■■■■■■■■■■■■■■■      90% |  ETA:  9m
 ■■■■■■■■■■■■■■■■■■■■■■■■■■■■      90% |  ETA:  9m
 ■■■■■■■■■■■■■■■■■■■■■■■■■■■■      90% |  ETA:  9m
 ■■■■■■■■■■■■■■■■■■■■■■■■■■■■      90% |  ETA:  9m
 ■■■■■■■■■■■■■■■■■■■■■■■■■■■■      90% |  ETA:  9m
 ■■■■■■■■■■■■■■■■■■■■■■■■■■■■      90% |  ETA:  9m
 ■■■■■■■■■■■■■■■■■■■■■■■■■■■■      90% |  ETA:  9m
 ■■■■■■■■■■■■■■■■■■■■■■■■■■■■      90% |  ETA:  9m
 ■■■■■■■■■■■■■■■■■■■■■■■■■■■■      90% |  ETA:  9m
 ■■■■■■■■■■■■■■■■■■■■■■■■■■■■      90% |  ETA:  8m
 ■■■■■■■■■■■■■■■■■■■■■■■■■■■■      90% |  ETA:  8m
 ■■■■■■■■■■■■■■■■■■■■■■■■■■■■      90% |  ETA:  8m
 ■■■■■■■■■■■■■■■■■■■■■■■■■■■■      91% |  ETA:  8m
 ■■■■■■■■■■■■■■■■■■■■■■■■■■■■      91% |  ETA:  8m
 ■■■■■■■■■■■■■■■■■■■■■■■■■■■■      91% |  ETA:  8m
 ■■■■■■■■■■■■■■■■■■■■■■■■■■■■      91% |  ETA:  8m
 ■■■■■■■■■■■■■■■■■■■■■■■■■■■■      91% |  ETA:  8m
 ■■■■■■■■■■■■■■■■■■■■■■■■■■■■      91% |  ETA:  8m
 ■■■■■■■■■■■■■■■■■■■■■■■■■■■■      91% |  ETA:  8m
 ■■■■■■■■■■■■■■■■■■■■■■■■■■■■      91% |  ETA:  8m
 ■■■■■■■■■■■■■■■■■■■■■■■■■■■■      91% |  ETA:  8m
 ■■■■■■■■■■■■■■■■■■■■■■■■■■■■      91% |  ETA:  8m
 ■■■■■■■■■■■■■■■■■■■■■■■■■■■■      91% |  ETA:  8m
 ■■■■■■■■■■■■■■■■■■■■■■■■■■■■      91% |  ETA:  8m
 ■■■■■■■■■■■■■■■■■■■■■■■■■■■■      91% |  ETA:  8m
 ■■■■■■■■■■■■■■■■■■■■■■■■■■■■      91% |  ETA:  8m
 ■■■■■■■■■■■■■■■■■■■■■■■■■■■■      91% |  ETA:  8m
 ■■■■■■■■■■■■■■■■■■■■■■■■■■■■      91% |  ETA:  8m
 ■■■■■■■■■■■■■■■■■■■■■■■■■■■■      91% |  ETA:  8m
 ■■■■■■■■■■■■■■■■■■■■■■■■■■■■      92% |  ETA:  7m
 ■■■■■■■■■■■■■■■■■■■■■■■■■■■■      92% |  ETA:  7m
 ■■■■■■■■■■■■■■■■■■■■■■■■■■■■      92% |  ETA:  7m
 ■■■■■■■■■■■■■■■■■■■■■■■■■■■■■     92% |  ETA:  7m
 ■■■■■■■■■■■■■■■■■■■■■■■■■■■■■     92% |  ETA:  7m
 ■■■■■■■■■■■■■■■■■■■■■■■■■■■■■     92% |  ETA:  7m
 ■■■■■■■■■■■■■■■■■■■■■■■■■■■■■     92% |  ETA:  7m
 ■■■■■■■■■■■■■■■■■■■■■■■■■■■■■     92% |  ETA:  7m
 ■■■■■■■■■■■■■■■■■■■■■■■■■■■■■     92% |  ETA:  7m
 ■■■■■■■■■■■■■■■■■■■■■■■■■■■■■     92% |  ETA:  7m
 ■■■■■■■■■■■■■■■■■■■■■■■■■■■■■     92% |  ETA:  7m
 ■■■■■■■■■■■■■■■■■■■■■■■■■■■■■     92% |  ETA:  7m
 ■■■■■■■■■■■■■■■■■■■■■■■■■■■■■     92% |  ETA:  7m
 ■■■■■■■■■■■■■■■■■■■■■■■■■■■■■     92% |  ETA:  7m
 ■■■■■■■■■■■■■■■■■■■■■■■■■■■■■     92% |  ETA:  7m
 ■■■■■■■■■■■■■■■■■■■■■■■■■■■■■     92% |  ETA:  7m
 ■■■■■■■■■■■■■■■■■■■■■■■■■■■■■     92% |  ETA:  7m
 ■■■■■■■■■■■■■■■■■■■■■■■■■■■■■     93% |  ETA:  7m
 ■■■■■■■■■■■■■■■■■■■■■■■■■■■■■     93% |  ETA:  7m
 ■■■■■■■■■■■■■■■■■■■■■■■■■■■■■     93% |  ETA:  7m
 ■■■■■■■■■■■■■■■■■■■■■■■■■■■■■     93% |  ETA:  6m
 ■■■■■■■■■■■■■■■■■■■■■■■■■■■■■     93% |  ETA:  6m
 ■■■■■■■■■■■■■■■■■■■■■■■■■■■■■     93% |  ETA:  6m
 ■■■■■■■■■■■■■■■■■■■■■■■■■■■■■     93% |  ETA:  6m
 ■■■■■■■■■■■■■■■■■■■■■■■■■■■■■     93% |  ETA:  6m
 ■■■■■■■■■■■■■■■■■■■■■■■■■■■■■     93% |  ETA:  6m
 ■■■■■■■■■■■■■■■■■■■■■■■■■■■■■     93% |  ETA:  6m
 ■■■■■■■■■■■■■■■■■■■■■■■■■■■■■     93% |  ETA:  6m
 ■■■■■■■■■■■■■■■■■■■■■■■■■■■■■     93% |  ETA:  6m
 ■■■■■■■■■■■■■■■■■■■■■■■■■■■■■     93% |  ETA:  6m
 ■■■■■■■■■■■■■■■■■■■■■■■■■■■■■     93% |  ETA:  6m
 ■■■■■■■■■■■■■■■■■■■■■■■■■■■■■     93% |  ETA:  6m
 ■■■■■■■■■■■■■■■■■■■■■■■■■■■■■     93% |  ETA:  6m
 ■■■■■■■■■■■■■■■■■■■■■■■■■■■■■     93% |  ETA:  6m
 ■■■■■■■■■■■■■■■■■■■■■■■■■■■■■     93% |  ETA:  6m
 ■■■■■■■■■■■■■■■■■■■■■■■■■■■■■     94% |  ETA:  6m
 ■■■■■■■■■■■■■■■■■■■■■■■■■■■■■     94% |  ETA:  6m
 ■■■■■■■■■■■■■■■■■■■■■■■■■■■■■     94% |  ETA:  6m
 ■■■■■■■■■■■■■■■■■■■■■■■■■■■■■     94% |  ETA:  6m
 ■■■■■■■■■■■■■■■■■■■■■■■■■■■■■     94% |  ETA:  6m
 ■■■■■■■■■■■■■■■■■■■■■■■■■■■■■     94% |  ETA:  5m
 ■■■■■■■■■■■■■■■■■■■■■■■■■■■■■     94% |  ETA:  5m
 ■■■■■■■■■■■■■■■■■■■■■■■■■■■■■     94% |  ETA:  5m
 ■■■■■■■■■■■■■■■■■■■■■■■■■■■■■     94% |  ETA:  5m
 ■■■■■■■■■■■■■■■■■■■■■■■■■■■■■     94% |  ETA:  5m
 ■■■■■■■■■■■■■■■■■■■■■■■■■■■■■     94% |  ETA:  5m
 ■■■■■■■■■■■■■■■■■■■■■■■■■■■■■     94% |  ETA:  5m
 ■■■■■■■■■■■■■■■■■■■■■■■■■■■■■     94% |  ETA:  5m
 ■■■■■■■■■■■■■■■■■■■■■■■■■■■■■     94% |  ETA:  5m
 ■■■■■■■■■■■■■■■■■■■■■■■■■■■■■     94% |  ETA:  5m
 ■■■■■■■■■■■■■■■■■■■■■■■■■■■■■     94% |  ETA:  5m
 ■■■■■■■■■■■■■■■■■■■■■■■■■■■■■     94% |  ETA:  5m
 ■■■■■■■■■■■■■■■■■■■■■■■■■■■■■     94% |  ETA:  5m
 ■■■■■■■■■■■■■■■■■■■■■■■■■■■■■     95% |  ETA:  5m
 ■■■■■■■■■■■■■■■■■■■■■■■■■■■■■     95% |  ETA:  5m
 ■■■■■■■■■■■■■■■■■■■■■■■■■■■■■     95% |  ETA:  5m
 ■■■■■■■■■■■■■■■■■■■■■■■■■■■■■     95% |  ETA:  5m
Processing biomarker (w/ -): TRAF3
Model formula: CIN3plus ~ Age_at_recruitment + Body_mass_index + Townsend_deprivation_index_at_recruitment + Smoking_status + Alcohol_intake_frequency + Genotype_measurement_batch + PC1 + PC2 + PC3 + PC4 + PC5 + PC6 + PC7 + PC8 + PC9 + PC10 + PC11 + PC12 + PC13 + PC14 + PC15 + PC16 + PC17 + PC18 + PC19 + PC20 + beta_TRAF3_Q13114_2_OID30479_v1_SUM
 ■■■■■■■■■■■■■■■■■■■■■■■■■■■■■     95% |  ETA:  5m
 ■■■■■■■■■■■■■■■■■■■■■■■■■■■■■     95% |  ETA:  5m
 ■■■■■■■■■■■■■■■■■■■■■■■■■■■■■     95% |  ETA:  4m
 ■■■■■■■■■■■■■■■■■■■■■■■■■■■■■     95% |  ETA:  4m
 ■■■■■■■■■■■■■■■■■■■■■■■■■■■■■■    95% |  ETA:  4m
 ■■■■■■■■■■■■■■■■■■■■■■■■■■■■■■    95% |  ETA:  4m
 ■■■■■■■■■■■■■■■■■■■■■■■■■■■■■■    95% |  ETA:  4m
 ■■■■■■■■■■■■■■■■■■■■■■■■■■■■■■    95% |  ETA:  4m
 ■■■■■■■■■■■■■■■■■■■■■■■■■■■■■■    95% |  ETA:  4m
 ■■■■■■■■■■■■■■■■■■■■■■■■■■■■■■    95% |  ETA:  4m
 ■■■■■■■■■■■■■■■■■■■■■■■■■■■■■■    95% |  ETA:  4m
 ■■■■■■■■■■■■■■■■■■■■■■■■■■■■■■    95% |  ETA:  4m
 ■■■■■■■■■■■■■■■■■■■■■■■■■■■■■■    95% |  ETA:  4m
 ■■■■■■■■■■■■■■■■■■■■■■■■■■■■■■    96% |  ETA:  4m
 ■■■■■■■■■■■■■■■■■■■■■■■■■■■■■■    96% |  ETA:  4m
 ■■■■■■■■■■■■■■■■■■■■■■■■■■■■■■    96% |  ETA:  4m
 ■■■■■■■■■■■■■■■■■■■■■■■■■■■■■■    96% |  ETA:  4m
 ■■■■■■■■■■■■■■■■■■■■■■■■■■■■■■    96% |  ETA:  4m
 ■■■■■■■■■■■■■■■■■■■■■■■■■■■■■■    96% |  ETA:  4m
 ■■■■■■■■■■■■■■■■■■■■■■■■■■■■■■    96% |  ETA:  4m
 ■■■■■■■■■■■■■■■■■■■■■■■■■■■■■■    96% |  ETA:  4m
 ■■■■■■■■■■■■■■■■■■■■■■■■■■■■■■    96% |  ETA:  4m
 ■■■■■■■■■■■■■■■■■■■■■■■■■■■■■■    96% |  ETA:  3m
 ■■■■■■■■■■■■■■■■■■■■■■■■■■■■■■    96% |  ETA:  3m
 ■■■■■■■■■■■■■■■■■■■■■■■■■■■■■■    96% |  ETA:  3m
 ■■■■■■■■■■■■■■■■■■■■■■■■■■■■■■    96% |  ETA:  3m
 ■■■■■■■■■■■■■■■■■■■■■■■■■■■■■■    96% |  ETA:  3m
 ■■■■■■■■■■■■■■■■■■■■■■■■■■■■■■    96% |  ETA:  3m
 ■■■■■■■■■■■■■■■■■■■■■■■■■■■■■■    96% |  ETA:  3m
 ■■■■■■■■■■■■■■■■■■■■■■■■■■■■■■    96% |  ETA:  3m
 ■■■■■■■■■■■■■■■■■■■■■■■■■■■■■■    97% |  ETA:  3m
 ■■■■■■■■■■■■■■■■■■■■■■■■■■■■■■    97% |  ETA:  3m
 ■■■■■■■■■■■■■■■■■■■■■■■■■■■■■■    97% |  ETA:  3m
 ■■■■■■■■■■■■■■■■■■■■■■■■■■■■■■    97% |  ETA:  3m
 ■■■■■■■■■■■■■■■■■■■■■■■■■■■■■■    97% |  ETA:  3m
 ■■■■■■■■■■■■■■■■■■■■■■■■■■■■■■    97% |  ETA:  3m
 ■■■■■■■■■■■■■■■■■■■■■■■■■■■■■■    97% |  ETA:  3m
 ■■■■■■■■■■■■■■■■■■■■■■■■■■■■■■    97% |  ETA:  3m
 ■■■■■■■■■■■■■■■■■■■■■■■■■■■■■■    97% |  ETA:  3m
 ■■■■■■■■■■■■■■■■■■■■■■■■■■■■■■    97% |  ETA:  3m
 ■■■■■■■■■■■■■■■■■■■■■■■■■■■■■■    97% |  ETA:  3m
 ■■■■■■■■■■■■■■■■■■■■■■■■■■■■■■    97% |  ETA:  3m
 ■■■■■■■■■■■■■■■■■■■■■■■■■■■■■■    97% |  ETA:  2m
 ■■■■■■■■■■■■■■■■■■■■■■■■■■■■■■    97% |  ETA:  2m
 ■■■■■■■■■■■■■■■■■■■■■■■■■■■■■■    97% |  ETA:  2m
 ■■■■■■■■■■■■■■■■■■■■■■■■■■■■■■    97% |  ETA:  2m
 ■■■■■■■■■■■■■■■■■■■■■■■■■■■■■■    97% |  ETA:  2m
 ■■■■■■■■■■■■■■■■■■■■■■■■■■■■■■    97% |  ETA:  2m
 ■■■■■■■■■■■■■■■■■■■■■■■■■■■■■■    98% |  ETA:  2m
 ■■■■■■■■■■■■■■■■■■■■■■■■■■■■■■    98% |  ETA:  2m
 ■■■■■■■■■■■■■■■■■■■■■■■■■■■■■■    98% |  ETA:  2m
 ■■■■■■■■■■■■■■■■■■■■■■■■■■■■■■    98% |  ETA:  2m
 ■■■■■■■■■■■■■■■■■■■■■■■■■■■■■■    98% |  ETA:  2m
 ■■■■■■■■■■■■■■■■■■■■■■■■■■■■■■    98% |  ETA:  2m
 ■■■■■■■■■■■■■■■■■■■■■■■■■■■■■■    98% |  ETA:  2m
 ■■■■■■■■■■■■■■■■■■■■■■■■■■■■■■    98% |  ETA:  2m
 ■■■■■■■■■■■■■■■■■■■■■■■■■■■■■■    98% |  ETA:  2m
 ■■■■■■■■■■■■■■■■■■■■■■■■■■■■■■    98% |  ETA:  2m
 ■■■■■■■■■■■■■■■■■■■■■■■■■■■■■■    98% |  ETA:  2m
 ■■■■■■■■■■■■■■■■■■■■■■■■■■■■■■    98% |  ETA:  2m
 ■■■■■■■■■■■■■■■■■■■■■■■■■■■■■■    98% |  ETA:  2m
 ■■■■■■■■■■■■■■■■■■■■■■■■■■■■■■    98% |  ETA:  1m
 ■■■■■■■■■■■■■■■■■■■■■■■■■■■■■■■   98% |  ETA:  1m
 ■■■■■■■■■■■■■■■■■■■■■■■■■■■■■■■   98% |  ETA:  1m
 ■■■■■■■■■■■■■■■■■■■■■■■■■■■■■■■   98% |  ETA:  1m
 ■■■■■■■■■■■■■■■■■■■■■■■■■■■■■■■   99% |  ETA:  1m
 ■■■■■■■■■■■■■■■■■■■■■■■■■■■■■■■   99% |  ETA:  1m
 ■■■■■■■■■■■■■■■■■■■■■■■■■■■■■■■   99% |  ETA:  1m
 ■■■■■■■■■■■■■■■■■■■■■■■■■■■■■■■   99% |  ETA:  1m
 ■■■■■■■■■■■■■■■■■■■■■■■■■■■■■■■   99% |  ETA:  1m
 ■■■■■■■■■■■■■■■■■■■■■■■■■■■■■■■   99% |  ETA:  1m
 ■■■■■■■■■■■■■■■■■■■■■■■■■■■■■■■   99% |  ETA:  1m
 ■■■■■■■■■■■■■■■■■■■■■■■■■■■■■■■   99% |  ETA:  1m
 ■■■■■■■■■■■■■■■■■■■■■■■■■■■■■■■   99% |  ETA:  1m
 ■■■■■■■■■■■■■■■■■■■■■■■■■■■■■■■   99% |  ETA:  1m
 ■■■■■■■■■■■■■■■■■■■■■■■■■■■■■■■   99% |  ETA: 48s
 ■■■■■■■■■■■■■■■■■■■■■■■■■■■■■■■   99% |  ETA: 46s
 ■■■■■■■■■■■■■■■■■■■■■■■■■■■■■■■   99% |  ETA: 42s
 ■■■■■■■■■■■■■■■■■■■■■■■■■■■■■■■   99% |  ETA: 39s
 ■■■■■■■■■■■■■■■■■■■■■■■■■■■■■■■   99% |  ETA: 35s
 ■■■■■■■■■■■■■■■■■■■■■■■■■■■■■■■   99% |  ETA: 33s
 ■■■■■■■■■■■■■■■■■■■■■■■■■■■■■■■   99% |  ETA: 31s
 ■■■■■■■■■■■■■■■■■■■■■■■■■■■■■■■  100% |  ETA: 26s
 ■■■■■■■■■■■■■■■■■■■■■■■■■■■■■■■  100% |  ETA: 24s
 ■■■■■■■■■■■■■■■■■■■■■■■■■■■■■■■  100% |  ETA: 22s
 ■■■■■■■■■■■■■■■■■■■■■■■■■■■■■■■  100% |  ETA: 17s
 ■■■■■■■■■■■■■■■■■■■■■■■■■■■■■■■  100% |  ETA: 15s
 ■■■■■■■■■■■■■■■■■■■■■■■■■■■■■■■  100% |  ETA: 11s
 ■■■■■■■■■■■■■■■■■■■■■■■■■■■■■■■  100% |  ETA:  9s
 ■■■■■■■■■■■■■■■■■■■■■■■■■■■■■■■  100% |  ETA:  7s
 ■■■■■■■■■■■■■■■■■■■■■■■■■■■■■■■  100% |  ETA:  2s
The dimension of MR results is: 2416 x 15
Done.
Warning message:
In Matrix::nearPD(corr_results, corr = TRUE, keepDiag = TRUE, do2eigen = TRUE) :
  'nearPD()' did not converge in 100 iterations
end at:
Mon Oct  6 16:53:26 CST 2025
