start at:
Fri Sep  5 20:31:04 CST 2025
This directory already exists.
regenie version:
v4.1.gz
--------start
Start time: Fri Sep  5 20:31:10 2025

              |===========================|
              |      REGENIE v4.1.gz      |
              |===========================|

Copyright (c) 2020-2024 Joelle Mbatchou, Andrey Ziyatdinov and Jonathan Marchini.
Distributed under the MIT License.
Compiled with Boost Iostream library.
Using Intel MKL with Eigen.

Log of output saved in file : /share/home/lsy_luzhen/WGS_GWAS_and_MR/tmp_ssh_data/GWAS_european/gene_based/testing_results/step2_gb_euro_cin3plus_chr19.log

Options in effect:
  --step 2 \
  --pgen /share/home/lsy_luzhen/WGS_GWAS_and_MR/tmp_ssh_data/GWAS_european/gene_based/EuroPrePCA_ref38_rsID \
  --chr 19 \
  --phenoFile /share/home/lsy_luzhen/WGS_GWAS_and_MR/tmp_ssh_data/GWAS_european/T002_CIN3plus_phenotype.txt \
  --bt \
  --covarFile /share/home/lsy_luzhen/WGS_GWAS_and_MR/tmp_ssh_data/GWAS_european/T002_CIN3plus_covars.txt \
  --catCovarList Smoking_status,Alcohol_intake_frequency,Genotype_measurement_batch \
  --strict \
  --bsize 1000 \
  --firth \
  --approx \
  --threads 16 \
  --pred /share/home/lsy_luzhen/WGS_GWAS_and_MR/tmp_ssh_data/GWAS_european/step1/regenie_step1_euro_cin3plus_pred.list \
  --use-null-firth /share/home/lsy_luzhen/WGS_GWAS_and_MR/tmp_ssh_data/GWAS_european/step1/regenie_step1_euro_cin3plus_firth.list \
  --anno-file /share/home/lsy_luzhen/WGS_GWAS_and_MR/tmp_ssh_data/GWAS_european/gene_based/anno_file_unique_filtered.txt \
  --set-list /share/home/lsy_luzhen/WGS_GWAS_and_MR/tmp_ssh_data/GWAS_european/gene_based/set_list_unique_filtered.txt \
  --mask-def /share/home/lsy_luzhen/WGS_GWAS_and_MR/tmp_ssh_data/GWAS_european/gene_based/mask_file.txt \
  --aaf-bins 0.001,0.01,0.05,0.1 \
  --vc-MACthr 10 \
  --joint acat,sbat \
  --vc-tests skato,acato-full \
  --rgc-gene-p \
  --out /share/home/lsy_luzhen/WGS_GWAS_and_MR/tmp_ssh_data/GWAS_european/gene_based/testing_results/step2_gb_euro_cin3plus_chr19

Association testing mode (joint tests) with fast multithreading using OpenMP
 * pvar             : [/share/home/lsy_luzhen/WGS_GWAS_and_MR/tmp_ssh_data/GWAS_european/gene_based/EuroPrePCA_ref38_rsID.pvar] n_snps = 1400147917
 * psam             : [/share/home/lsy_luzhen/WGS_GWAS_and_MR/tmp_ssh_data/GWAS_european/gene_based/EuroPrePCA_ref38_rsID.psam] n_samples = 202952
 * pgen             : [/share/home/lsy_luzhen/WGS_GWAS_and_MR/tmp_ssh_data/GWAS_european/gene_based/EuroPrePCA_ref38_rsID.pgen] 
 * phenotypes       : [/share/home/lsy_luzhen/WGS_GWAS_and_MR/tmp_ssh_data/GWAS_european/T002_CIN3plus_phenotype.txt] n_pheno = 1
   -dropping observations with missing values at any of the phenotypes
   -number of phenotyped individuals with no missing data = 202952
 * covariates       : [/share/home/lsy_luzhen/WGS_GWAS_and_MR/tmp_ssh_data/GWAS_european/T002_CIN3plus_covars.txt] n_cov = 26
   -number of individuals with covariate data = 202952
 * number of individuals used in analysis = 202952
 * case-control counts for each trait:
   - 'CIN3plus': 5544 cases and 197408 controls
 * LOCO predictions : [/share/home/lsy_luzhen/WGS_GWAS_and_MR/tmp_ssh_data/GWAS_european/step1/regenie_step1_euro_cin3plus_pred.list]
   -file [/share/home/lsy_luzhen/WGS_GWAS_and_MR/tmp_ssh_data/GWAS_european/step1/regenie_step1_euro_cin3plus_1.loco] for phenotype 'CIN3plus'
 * annotations      : [/share/home/lsy_luzhen/WGS_GWAS_and_MR/tmp_ssh_data/GWAS_european/gene_based/anno_file_unique_filtered.txt] 
   +number of annotations categories = 6
 * masks            : [/share/home/lsy_luzhen/WGS_GWAS_and_MR/tmp_ssh_data/GWAS_european/gene_based/mask_file.txt] n_masks = 7
 * aaf cutoffs      : [ 4 : 0.001 0.01 0.05 0.1 ] + singletons
 * set file         : [/share/home/lsy_luzhen/WGS_GWAS_and_MR/tmp_ssh_data/GWAS_european/gene_based/set_list_unique_filtered.txt] n_sets = 1778
WARNING: Detected 54 sets with variants not in genetic data or annotation files.
 * # threads        : [16]
 * # tested sets    : [1778]
 * max block size   : [1000]
 * rule used to build masks : max
 * computing gene-based tests for each set of variants included in a mask (rho=[0,0.01,0.04,0.09,0.16,0.25,0.5,1])
  -variants with MAC <= 10 are collapsed into a mask
  -weights are obtained from Beta(MAF,1,25)
  -list of gene-based tests run: ACATO,ACATV,SKATO,SKATO-ACAT
 * applying ACAT to output overall gene p-value
 * approximate memory usage : 824GB
 * using minimum MAC of 5 (masks with lower MAC are ignored)
 * using fast Firth correction for logistic/cox regression p-values less than 0.05
 * user specified to test only on select chromosomes
WARNING: Joint SBAT test only for QTs.
 * number of mask groups run through gene-p strategy = 2
 * list of joint tests run on burden masks: ACAT

Chromosome 19 [1778 sets in total]
   -reading loco predictions for the chromosome...done (7007ms) 
   -fitting null logistic regression on binary phenotypes...done (454ms) 
   -fitting null Firth logistic regression on binary phenotypes...done (3172ms) 
 set [1/1778] : A1BG - 993 variants...
     -reading in genotypes, computing gene-based tests and building masks...done (11696ms) 
     -computing association tests...done (7ms) 
     -computing joint association tests...done (0ms) 
 set [2/1778] : ABCA7 - 23995 variants...
     -reading in genotypes, computing gene-based tests and building masks...done (52603ms) 
     -computing association tests...done (137ms) 
     -computing joint association tests...done (2ms) 
 set [3/1778] : ABHD17A - 10193 variants...
     -reading in genotypes, computing gene-based tests and building masks...done (27259ms) 
     -computing association tests...done (20ms) 
     -computing joint association tests...done (0ms) 
 set [4/1778] : ABHD8 - 9959 variants...
     -reading in genotypes, computing gene-based tests and building masks...done (15892ms) 
     -computing association tests...done (20ms) 
     -computing joint association tests...done (0ms) 
 set [5/1778] : ACER1 - 19433 variants...
     -reading in genotypes, computing gene-based tests and building masks...done (45480ms) 
     -computing association tests...done (80ms) 
     -computing joint association tests...done (0ms) 
 set [6/1778] : ACP4 - 7535 variants...
     -reading in genotypes, computing gene-based tests and building masks...done (11838ms) 
     -computing association tests...done (77ms) 
     -computing joint association tests...done (0ms) 
 set [7/1778] : ACP5 - 6296 variants...
     -reading in genotypes, computing gene-based tests and building masks...done (13112ms) 
     -computing association tests...done (143ms) 
     -computing joint association tests...done (0ms) 
 set [8/1778] : ACP7 - 18639 variants...
     -reading in genotypes, computing gene-based tests and building masks...done (33540ms) 
     -computing association tests...done (20ms) 
     -computing joint association tests...done (0ms) 
 set [9/1778] : ACSBG2 - 31574 variants...
     -reading in genotypes, computing gene-based tests and building masks...done (69497ms) 
     -computing association tests...done (23ms) 
     -computing joint association tests...done (0ms) 
 set [10/1778] : ACTL9 - 5449 variants...
     -reading in genotypes, computing gene-based tests and building masks...done (17101ms) 
     -computing association tests...done (19ms) 
     -computing joint association tests...done (0ms) 
 set [11/1778] : ACTMAP - 142 variants...
     -reading in genotypes, computing gene-based tests and building masks...done (474ms) 
     -computing association tests...done (6ms) 
     -computing joint association tests...done (0ms) 
 set [12/1778] : ACTN4 - 37091 variants...
     -reading in genotypes, computing gene-based tests and building masks...done (67926ms) 
     -computing association tests...done (19ms) 
     -computing joint association tests...done (0ms) 
 set [13/1778] : ADAMTS10 - 20282 variants...
     -reading in genotypes, computing gene-based tests and building masks...done (37328ms) 
     -computing association tests...done (23ms) 
     -computing joint association tests...done (0ms) 
 set [14/1778] : ADAMTSL5 - 8358 variants...
     -reading in genotypes, computing gene-based tests and building masks...done (16443ms) 
     -computing association tests...done (21ms) 
     -computing joint association tests...done (0ms) 
 set [15/1778] : ADAT3 - 8568 variants...
     -reading in genotypes, computing gene-based tests and building masks...done (13999ms) 
     -computing association tests...done (35ms) 
     -computing joint association tests...done (0ms) 
 set [16/1778] : ADGRE1 - 28335 variants...
     -reading in genotypes, computing gene-based tests and building masks...done (54878ms) 
     -computing association tests...done (23ms) 
     -computing joint association tests...done (0ms) 
 set [17/1778] : ADGRE2 - 34564 variants...
     -reading in genotypes, computing gene-based tests and building masks...done (58144ms) 
     -computing association tests...done (135ms) 
     -computing joint association tests...done (0ms) 
 set [18/1778] : ADGRE3 - 40925 variants...
     -reading in genotypes, computing gene-based tests and building masks...done (102237ms) 
     -computing association tests...done (22ms) 
     -computing joint association tests...done (0ms) 
 set [19/1778] : ADGRE5 - 18857 variants...
     -reading in genotypes, computing gene-based tests and building masks...done (73991ms) 
     -computing association tests...done (23ms) 
     -computing joint association tests...done (0ms) 
 set [20/1778] : ADGRL1 - 33899 variants...
     -reading in genotypes, computing gene-based tests and building masks...done (58916ms) 
     -computing association tests...done (125ms) 
     -computing joint association tests...done (0ms) 
 set [21/1778] : ADGRL1-AS1 - 436 variants...
     -reading in genotypes, computing gene-based tests and building masks...done (912ms) 
     -computing association tests...done (7ms) 
     -computing joint association tests...done (0ms) 
 set [22/1778] : ADM5 - 5620 variants...
     -reading in genotypes, computing gene-based tests and building masks...done (12632ms) 
     -computing association tests...done (16ms) 
     -computing joint association tests...done (0ms) 
 set [23/1778] : AKAP8 - 17775 variants...
     -reading in genotypes, computing gene-based tests and building masks...done (30525ms) 
     -computing association tests...done (78ms) 
     -computing joint association tests...done (0ms) 
 set [24/1778] : AKAP8L - 16112 variants...
     -reading in genotypes, computing gene-based tests and building masks...done (24503ms) 
     -computing association tests...done (20ms) 
     -computing joint association tests...done (0ms) 
 set [25/1778] : AKR1B1P7 - 4491 variants...
     -reading in genotypes, computing gene-based tests and building masks...done (9872ms) 
     -computing association tests...done (16ms) 
     -computing joint association tests...done (0ms) 
 set [26/1778] : AKT1S1 - 53 variants...
     -reading in genotypes, computing gene-based tests and building masks...done (537ms) 
     -computing association tests...done (1ms) 
     -computing joint association tests...done (0ms) 
 set [27/1778] : AKT2 - 31102 variants...
     -reading in genotypes, computing gene-based tests and building masks...done (55768ms) 
     -computing association tests...done (84ms) 
     -computing joint association tests...done (0ms) 
 set [28/1778] : ALDH16A1 - 12132 variants...
     -reading in genotypes, computing gene-based tests and building masks...done (28222ms) 
     -computing association tests...done (25ms) 
     -computing joint association tests...done (0ms) 
 set [29/1778] : ALKBH6 - 4318 variants...
     -reading in genotypes, computing gene-based tests and building masks...done (16080ms) 
     -computing association tests...done (28ms) 
     -computing joint association tests...done (0ms) 
 set [30/1778] : ALKBH7 - 2892 variants...
     -reading in genotypes, computing gene-based tests and building masks...done (7157ms) 
     -computing association tests...done (14ms) 
     -computing joint association tests...done (0ms) 
 set [31/1778] : AMH - 4847 variants...
     -reading in genotypes, computing gene-based tests and building masks...done (12424ms) 
     -computing association tests...done (25ms) 
     -computing joint association tests...done (0ms) 
 set [32/1778] : ANGPTL4 - 10741 variants...
     -reading in genotypes, computing gene-based tests and building masks...done (17141ms) 
     -computing association tests...done (21ms) 
     -computing joint association tests...done (0ms) 
 set [33/1778] : ANGPTL6 - 7605 variants...
     -reading in genotypes, computing gene-based tests and building masks...done (13272ms) 
     -computing association tests...done (103ms) 
     -computing joint association tests...done (0ms) 
 set [34/1778] : ANGPTL8 - 5357 variants...
     -reading in genotypes, computing gene-based tests and building masks...done (10399ms) 
     -computing association tests...done (82ms) 
     -computing joint association tests...done (0ms) 
 set [35/1778] : ANKLE1 - 1384 variants...
     -reading in genotypes, computing gene-based tests and building masks...done (5479ms) 
     -computing association tests...done (141ms) 
     -computing joint association tests...done (0ms) 
 set [36/1778] : ANKRD24 - 20095 variants...
     -reading in genotypes, computing gene-based tests and building masks...done (36502ms) 
     -computing association tests...done (140ms) 
     -computing joint association tests...done (0ms) 
 set [37/1778] : ANKRD27 - 40852 variants...
     -reading in genotypes, computing gene-based tests and building masks...done (79729ms) 
     -computing association tests...done (23ms) 
     -computing joint association tests...done (0ms) 
 set [38/1778] : ANO8 - 7115 variants...
     -reading in genotypes, computing gene-based tests and building masks...done (21983ms) 
     -computing association tests...done (21ms) 
     -computing joint association tests...done (0ms) 
 set [39/1778] : AP1M1 - 25977 variants...
     -reading in genotypes, computing gene-based tests and building masks...done (62060ms) 
     -computing association tests...done (17ms) 
     -computing joint association tests...done (0ms) 
 set [40/1778] : AP1M2 - 9327 variants...
     -reading in genotypes, computing gene-based tests and building masks...done (15623ms) 
     -computing association tests...done (118ms) 
     -computing joint association tests...done (0ms) 
 set [41/1778] : AP2A1 - 20112 variants...
     -reading in genotypes, computing gene-based tests and building masks...done (31154ms) 
     -computing association tests...done (83ms) 
     -computing joint association tests...done (0ms) 
 set [42/1778] : AP2S1 - 10992 variants...
     -reading in genotypes, computing gene-based tests and building masks...done (26320ms) 
     -computing association tests...done (32ms) 
     -computing joint association tests...done (0ms) 
 set [43/1778] : AP3D1 - 33924 variants...
     -reading in genotypes, computing gene-based tests and building masks...done (78518ms) 
     -computing association tests...done (90ms) 
     -computing joint association tests...done (0ms) 
 set [44/1778] : APBA3 - 9238 variants...
     -reading in genotypes, computing gene-based tests and building masks...done (17998ms) 
     -computing association tests...done (102ms) 
     -computing joint association tests...done (0ms) 
 set [45/1778] : APC2 - 17233 variants...
     -reading in genotypes, computing gene-based tests and building masks...done (25885ms) 
     -computing association tests...done (89ms) 
     -computing joint association tests...done (0ms) 
 set [46/1778] : APLP1 - 5274 variants...
     -reading in genotypes, computing gene-based tests and building masks...done (16567ms) 
     -computing association tests...done (16ms) 
     -computing joint association tests...done (0ms) 
 set [47/1778] : APOC1 - 7989 variants...
     -reading in genotypes, computing gene-based tests and building masks...done (15933ms) 
     -computing association tests...done (22ms) 
     -computing joint association tests...done (0ms) 
 set [48/1778] : APOC1P1 - 5919 variants...
     -reading in genotypes, computing gene-based tests and building masks...done (11394ms) 
     -computing association tests...done (43ms) 
     -computing joint association tests...done (0ms) 
 set [49/1778] : APOC4 - 7266 variants...
     -reading in genotypes, computing gene-based tests and building masks...done (15121ms) 
     -computing association tests...done (120ms) 
     -computing joint association tests...done (0ms) 
 set [50/1778] : APOE - 3099 variants...
     -reading in genotypes, computing gene-based tests and building masks...done (7786ms) 
     -computing association tests...done (11ms) 
     -computing joint association tests...done (0ms) 
 set [51/1778] : ARHGAP33 - 11537 variants...
     -reading in genotypes, computing gene-based tests and building masks...done (17718ms) 
     -computing association tests...done (121ms) 
     -computing joint association tests...done (0ms) 
 set [52/1778] : ARHGAP35 - 67713 variants...
     -reading in genotypes, computing gene-based tests and building masks...done (131479ms) 
     -computing association tests...done (80ms) 
     -computing joint association tests...done (0ms) 
 set [53/1778] : ARHGAP45 - 6471 variants...
     -reading in genotypes, computing gene-based tests and building masks...done (10413ms) 
     -computing association tests...done (23ms) 
     -computing joint association tests...done (0ms) 
 set [54/1778] : ARHGEF1 - 9369 variants...
     -reading in genotypes, computing gene-based tests and building masks...done (26248ms) 
     -computing association tests...done (134ms) 
     -computing joint association tests...done (0ms) 
 set [55/1778] : ARHGEF18 - 64663 variants...
     -reading in genotypes, computing gene-based tests and building masks...done (156836ms) 
     -computing association tests...done (82ms) 
     -computing joint association tests...done (0ms) 
 set [56/1778] : ARHGEF18-AS1 - 30930 variants...
     -reading in genotypes, computing gene-based tests and building masks...done (96526ms) 
     -computing association tests...done (78ms) 
     -computing joint association tests...done (0ms) 
 set [57/1778] : ARID3A - 35587 variants...
     -reading in genotypes, computing gene-based tests and building masks...done (71246ms) 
     -computing association tests...done (96ms) 
     -computing joint association tests...done (0ms) 
 set [58/1778] : ARMC6 - 8851 variants...
     -reading in genotypes, computing gene-based tests and building masks...done (15057ms) 
     -computing association tests...done (17ms) 
     -computing joint association tests...done (0ms) 
 set [59/1778] : ARRDC2 - 9227 variants...
     -reading in genotypes, computing gene-based tests and building masks...done (18830ms) 
     -computing association tests...done (82ms) 
     -computing joint association tests...done (0ms) 
 set [60/1778] : ARRDC5 - 14595 variants...
     -reading in genotypes, computing gene-based tests and building masks...done (46322ms) 
     -computing association tests...done (85ms) 
     -computing joint association tests...done (0ms) 
 set [61/1778] : ASF1B - 10519 variants...
     -reading in genotypes, computing gene-based tests and building masks...done (17009ms) 
     -computing association tests...done (16ms) 
     -computing joint association tests...done (0ms) 
 set [62/1778] : ASPDH - 1347 variants...
     -reading in genotypes, computing gene-based tests and building masks...done (2753ms) 
     -computing association tests...done (117ms) 
     -computing joint association tests...done (0ms) 
 set [63/1778] : ATCAY - 31323 variants...
     -reading in genotypes, computing gene-based tests and building masks...done (57978ms) 
     -computing association tests...done (20ms) 
     -computing joint association tests...done (0ms) 
 set [64/1778] : ATF5 - 4988 variants...
     -reading in genotypes, computing gene-based tests and building masks...done (9278ms) 
     -computing association tests...done (88ms) 
     -computing joint association tests...done (0ms) 
 set [65/1778] : ATG4D - 7684 variants...
     -reading in genotypes, computing gene-based tests and building masks...done (12211ms) 
     -computing association tests...done (136ms) 
     -computing joint association tests...done (0ms) 
 set [66/1778] : ATP13A1 - 12304 variants...
     -reading in genotypes, computing gene-based tests and building masks...done (21449ms) 
     -computing association tests...done (75ms) 
     -computing joint association tests...done (0ms) 
 set [67/1778] : ATP1A3 - 13285 variants...
     -reading in genotypes, computing gene-based tests and building masks...done (20177ms) 
     -computing association tests...done (70ms) 
     -computing joint association tests...done (0ms) 
 set [68/1778] : ATP4A - 8692 variants...
     -reading in genotypes, computing gene-based tests and building masks...done (13610ms) 
     -computing association tests...done (78ms) 
     -computing joint association tests...done (0ms) 
 set [69/1778] : ATP5F1D - 10173 variants...
     -reading in genotypes, computing gene-based tests and building masks...done (18609ms) 
     -computing association tests...done (21ms) 
     -computing joint association tests...done (0ms) 
 set [70/1778] : ATP8B3 - 15238 variants...
     -reading in genotypes, computing gene-based tests and building masks...done (49062ms) 
     -computing association tests...done (23ms) 
     -computing joint association tests...done (0ms) 
 set [71/1778] : AURKC - 3439 variants...
     -reading in genotypes, computing gene-based tests and building masks...done (7700ms) 
     -computing association tests...done (29ms) 
     -computing joint association tests...done (0ms) 
 set [72/1778] : AXL - 20014 variants...
     -reading in genotypes, computing gene-based tests and building masks...done (34253ms) 
     -computing association tests...done (22ms) 
     -computing joint association tests...done (0ms) 
 set [73/1778] : AZU1 - 9887 variants...
     -reading in genotypes, computing gene-based tests and building masks...done (20597ms) 
     -computing association tests...done (22ms) 
     -computing joint association tests...done (0ms) 
 set [74/1778] : B3GNT3 - 12140 variants...
     -reading in genotypes, computing gene-based tests and building masks...done (35270ms) 
     -computing association tests...done (85ms) 
     -computing joint association tests...done (0ms) 
 set [75/1778] : B9D2 - 7497 variants...
     -reading in genotypes, computing gene-based tests and building masks...done (19919ms) 
     -computing association tests...done (17ms) 
     -computing joint association tests...done (0ms) 
 set [76/1778] : BABAM1 - 7993 variants...
     -reading in genotypes, computing gene-based tests and building masks...done (22813ms) 
     -computing association tests...done (81ms) 
     -computing joint association tests...done (0ms) 
 set [77/1778] : BAX - 6487 variants...
     -reading in genotypes, computing gene-based tests and building masks...done (19656ms) 
     -computing association tests...done (75ms) 
     -computing joint association tests...done (0ms) 
 set [78/1778] : BBC3 - 11308 variants...
     -reading in genotypes, computing gene-based tests and building masks...done (22588ms) 
     -computing association tests...done (21ms) 
     -computing joint association tests...done (0ms) 
 set [79/1778] : BCAM - 10227 variants...
     -reading in genotypes, computing gene-based tests and building masks...done (18729ms) 
     -computing association tests...done (122ms) 
     -computing joint association tests...done (0ms) 
 set [80/1778] : BCAT2 - 11750 variants...
     -reading in genotypes, computing gene-based tests and building masks...done (18891ms) 
     -computing association tests...done (20ms) 
     -computing joint association tests...done (0ms) 
 set [81/1778] : BCKDHA - 15268 variants...
     -reading in genotypes, computing gene-based tests and building masks...done (29702ms) 
     -computing association tests...done (34ms) 
     -computing joint association tests...done (0ms) 
 set [82/1778] : BCL2L12 - 1267 variants...
     -reading in genotypes, computing gene-based tests and building masks...done (5762ms) 
     -computing association tests...done (14ms) 
     -computing joint association tests...done (0ms) 
 set [83/1778] : BCL3 - 11000 variants...
     -reading in genotypes, computing gene-based tests and building masks...done (22016ms) 
     -computing association tests...done (21ms) 
     -computing joint association tests...done (0ms) 
 set [84/1778] : BEST2 - 4661 variants...
     -reading in genotypes, computing gene-based tests and building masks...done (10143ms) 
     -computing association tests...done (15ms) 
     -computing joint association tests...done (0ms) 
 set [85/1778] : BICRA - 51336 variants...
     -reading in genotypes, computing gene-based tests and building masks...done (99883ms) 
     -computing association tests...done (124ms) 
     -computing joint association tests...done (0ms) 
 set [86/1778] : BIRC8 - 1308 variants...
     -reading in genotypes, computing gene-based tests and building masks...done (5822ms) 
     -computing association tests...done (9ms) 
     -computing joint association tests...done (0ms) 
 set [87/1778] : BLOC1S3 - 15901 variants...
     -reading in genotypes, computing gene-based tests and building masks...done (35947ms) 
     -computing association tests...done (82ms) 
     -computing joint association tests...done (0ms) 
 set [88/1778] : BLVRB - 9508 variants...
     -reading in genotypes, computing gene-based tests and building masks...done (14877ms) 
     -computing association tests...done (85ms) 
     -computing joint association tests...done (0ms) 
 set [89/1778] : BNIP3P13 - 6854 variants...
     -reading in genotypes, computing gene-based tests and building masks...done (22162ms) 
     -computing association tests...done (17ms) 
     -computing joint association tests...done (0ms) 
 set [90/1778] : BNIP3P19 - 1398 variants...
     -reading in genotypes, computing gene-based tests and building masks...done (2410ms) 
     -computing association tests...done (9ms) 
     -computing joint association tests...done (0ms) 
 set [91/1778] : BNIP3P23 - 4810 variants...
     -reading in genotypes, computing gene-based tests and building masks...done (10308ms) 
     -computing association tests...done (15ms) 
     -computing joint association tests...done (0ms) 
 set [92/1778] : BNIP3P30 - 3004 variants...
     -reading in genotypes, computing gene-based tests and building masks...done (5432ms) 
     -computing association tests...done (77ms) 
     -computing joint association tests...done (0ms) 
 set [93/1778] : BNIP3P32 - 369 variants...
     -reading in genotypes, computing gene-based tests and building masks...done (5137ms) 
     -computing association tests...done (7ms) 
     -computing joint association tests...done (0ms) 
 set [94/1778] : BNIP3P33 - 864 variants...
     -reading in genotypes, computing gene-based tests and building masks...done (1498ms) 
     -computing association tests...done (12ms) 
     -computing joint association tests...done (0ms) 
 set [95/1778] : BNIP3P9 - 221 variants...
     -reading in genotypes, computing gene-based tests and building masks...done (4027ms) 
     -computing association tests...done (4ms) 
     -computing joint association tests...done (0ms) 
 set [96/1778] : BOLA3P2 - 5088 variants...
     -reading in genotypes, computing gene-based tests and building masks...done (17514ms) 
     -computing association tests...done (17ms) 
     -computing joint association tests...done (0ms) 
 set [97/1778] : BORCS8 - 9930 variants...
     -reading in genotypes, computing gene-based tests and building masks...done (16846ms) 
     -computing association tests...done (19ms) 
     -computing joint association tests...done (0ms) 
 set [98/1778] : BRD4 - 58540 variants...
     -reading in genotypes, computing gene-based tests and building masks...done (126152ms) 
     -computing association tests...done (25ms) 
     -computing joint association tests...done (0ms) 
 set [99/1778] : BRI3BPP1 - 475 variants...
     -reading in genotypes, computing gene-based tests and building masks...done (1214ms) 
     -computing association tests...done (14ms) 
     -computing joint association tests...done (0ms) 
 set [100/1778] : BRME1 - 14792 variants...
     -reading in genotypes, computing gene-based tests and building masks...done (22933ms) 
     -computing association tests...done (85ms) 
     -computing joint association tests...done (0ms) 
 set [101/1778] : BRSK1 - 17492 variants...
     -reading in genotypes, computing gene-based tests and building masks...done (28676ms) 
     -computing association tests...done (82ms) 
     -computing joint association tests...done (0ms) 
 set [102/1778] : BSG - 13777 variants...
     -reading in genotypes, computing gene-based tests and building masks...done (59400ms) 
     -computing association tests...done (24ms) 
     -computing joint association tests...done (0ms) 
 set [103/1778] : BSG-AS1 - 9847 variants...
     -reading in genotypes, computing gene-based tests and building masks...done (60576ms) 
     -computing association tests...done (16ms) 
     -computing joint association tests...done (0ms) 
 set [104/1778] : BSPH1 - 14689 variants...
     -reading in genotypes, computing gene-based tests and building masks...done (25759ms) 
     -computing association tests...done (18ms) 
     -computing joint association tests...done (0ms) 
 set [105/1778] : BST2 - 8211 variants...
     -reading in genotypes, computing gene-based tests and building masks...done (17654ms) 
     -computing association tests...done (20ms) 
     -computing joint association tests...done (0ms) 
 set [106/1778] : BTBD2 - 30526 variants...
     -reading in genotypes, computing gene-based tests and building masks...done (98105ms) 
     -computing association tests...done (81ms) 
     -computing joint association tests...done (0ms) 
 set [107/1778] : C19orf12 - 16965 variants...
     -reading in genotypes, computing gene-based tests and building masks...done (74350ms) 
     -computing association tests...done (86ms) 
     -computing joint association tests...done (0ms) 
 set [108/1778] : C19orf18 - 12701 variants...
     -reading in genotypes, computing gene-based tests and building masks...done (23807ms) 
     -computing association tests...done (19ms) 
     -computing joint association tests...done (0ms) 
 set [109/1778] : C19orf25 - 4875 variants...
     -reading in genotypes, computing gene-based tests and building masks...done (11339ms) 
     -computing association tests...done (29ms) 
     -computing joint association tests...done (0ms) 
 set [110/1778] : C19orf33 - 2927 variants...
     -reading in genotypes, computing gene-based tests and building masks...done (10421ms) 
     -computing association tests...done (29ms) 
     -computing joint association tests...done (0ms) 
 set [111/1778] : C19orf38 - 18537 variants...
     -reading in genotypes, computing gene-based tests and building masks...done (36294ms) 
     -computing association tests...done (122ms) 
     -computing joint association tests...done (0ms) 
 set [112/1778] : C19orf44 - 11265 variants...
     -reading in genotypes, computing gene-based tests and building masks...done (27301ms) 
     -computing association tests...done (28ms) 
     -computing joint association tests...done (0ms) 
 set [113/1778] : C19orf47 - 12639 variants...
     -reading in genotypes, computing gene-based tests and building masks...done (18890ms) 
     -computing association tests...done (19ms) 
     -computing joint association tests...done (0ms) 
 set [114/1778] : C19orf48P - 3806 variants...
     -reading in genotypes, computing gene-based tests and building masks...done (9032ms) 
     -computing association tests...done (183ms) 
     -computing joint association tests...done (0ms) 
 set [115/1778] : C19orf53 - 4608 variants...
     -reading in genotypes, computing gene-based tests and building masks...done (13469ms) 
     -computing association tests...done (73ms) 
     -computing joint association tests...done (0ms) 
 set [116/1778] : C19orf67 - 3327 variants...
     -reading in genotypes, computing gene-based tests and building masks...done (13362ms) 
     -computing association tests...done (118ms) 
     -computing joint association tests...done (0ms) 
 set [117/1778] : C19orf73 - 307 variants...
     -reading in genotypes, computing gene-based tests and building masks...done (2473ms) 
     -computing association tests...done (2ms) 
     -computing joint association tests...done (0ms) 
 set [118/1778] : C19orf81 - 9819 variants...
     -reading in genotypes, computing gene-based tests and building masks...done (18693ms) 
     -computing association tests...done (126ms) 
     -computing joint association tests...done (0ms) 
 set [119/1778] : C19orf84 - 3409 variants...
     -reading in genotypes, computing gene-based tests and building masks...done (14453ms) 
     -computing association tests...done (101ms) 
     -computing joint association tests...done (0ms) 
 set [120/1778] : C19orf85 - 1683 variants...
     -reading in genotypes, computing gene-based tests and building masks...done (5415ms) 
     -computing association tests...done (11ms) 
     -computing joint association tests...done (0ms) 
 set [121/1778] : C2CD4C - 14748 variants...
     -reading in genotypes, computing gene-based tests and building masks...done (215434ms) 
     -computing association tests...done (86ms) 
     -computing joint association tests...done (0ms) 
 set [122/1778] : C3 - 28531 variants...
     -reading in genotypes, computing gene-based tests and building masks...done (60143ms) 
     -computing association tests...done (28ms) 
     -computing joint association tests...done (0ms) 
 set [123/1778] : C3P1 - 26538 variants...
     -reading in genotypes, computing gene-based tests and building masks...done (67931ms) 
     -computing association tests...done (22ms) 
     -computing joint association tests...done (0ms) 
 set [124/1778] : C5AR1 - 21848 variants...
     -reading in genotypes, computing gene-based tests and building masks...done (35713ms) 
     -computing association tests...done (159ms) 
     -computing joint association tests...done (0ms) 
 set [125/1778] : C5AR2 - 12445 variants...
     -reading in genotypes, computing gene-based tests and building masks...done (21348ms) 
     -computing association tests...done (18ms) 
     -computing joint association tests...done (0ms) 
 set [126/1778] : CA11 - 6568 variants...
     -reading in genotypes, computing gene-based tests and building masks...done (10385ms) 
     -computing association tests...done (91ms) 
     -computing joint association tests...done (0ms) 
 set [127/1778] : CABP5 - 14056 variants...
     -reading in genotypes, computing gene-based tests and building masks...done (33217ms) 
     -computing association tests...done (91ms) 
     -computing joint association tests...done (0ms) 
 set [128/1778] : CACNA1A - 225430 variants...
     -reading in genotypes, computing gene-based tests and building masks...done (1099253ms) 
     -computing association tests...done (99ms) 
     -computing joint association tests...done (0ms) 
 set [129/1778] : CACNG6 - 17298 variants...
     -reading in genotypes, computing gene-based tests and building masks...done (33341ms) 
     -computing association tests...done (18ms) 
     -computing joint association tests...done (0ms) 
 set [130/1778] : CACNG7 - 29602 variants...
     -reading in genotypes, computing gene-based tests and building masks...done (94042ms) 
     -computing association tests...done (80ms) 
     -computing joint association tests...done (0ms) 
 set [131/1778] : CACNG8 - 18342 variants...
     -reading in genotypes, computing gene-based tests and building masks...done (30680ms) 
     -computing association tests...done (136ms) 
     -computing joint association tests...done (0ms) 
 set [132/1778] : CACTIN - 11392 variants...
     -reading in genotypes, computing gene-based tests and building masks...done (23202ms) 
     -computing association tests...done (85ms) 
     -computing joint association tests...done (0ms) 
 set [133/1778] : CADM4 - 10202 variants...
     -reading in genotypes, computing gene-based tests and building masks...done (26695ms) 
     -computing association tests...done (122ms) 
     -computing joint association tests...done (0ms) 
 set [134/1778] : CALM3 - 9052 variants...
     -reading in genotypes, computing gene-based tests and building masks...done (21793ms) 
     -computing association tests...done (46ms) 
     -computing joint association tests...done (0ms) 
 set [135/1778] : CALR - 5727 variants...
     -reading in genotypes, computing gene-based tests and building masks...done (14353ms) 
     -computing association tests...done (127ms) 
     -computing joint association tests...done (0ms) 
 set [136/1778] : CALR3 - 11858 variants...
     -reading in genotypes, computing gene-based tests and building masks...done (21972ms) 
     -computing association tests...done (30ms) 
     -computing joint association tests...done (0ms) 
 set [137/1778] : CAMSAP3 - 18446 variants...
     -reading in genotypes, computing gene-based tests and building masks...done (41377ms) 
     -computing association tests...done (88ms) 
     -computing joint association tests...done (0ms) 
 set [138/1778] : CAPN12 - 26957 variants...
     -reading in genotypes, computing gene-based tests and building masks...done (159575ms) 
     -computing association tests...done (23ms) 
     -computing joint association tests...done (0ms) 
 set [139/1778] : CAPNS1 - 7225 variants...
     -reading in genotypes, computing gene-based tests and building masks...done (12758ms) 
     -computing association tests...done (170ms) 
     -computing joint association tests...done (0ms) 
 set [140/1778] : CAPS - 4988 variants...
     -reading in genotypes, computing gene-based tests and building masks...done (16412ms) 
     -computing association tests...done (136ms) 
     -computing joint association tests...done (0ms) 
 set [141/1778] : CARD8 - 24483 variants...
     -reading in genotypes, computing gene-based tests and building masks...done (50238ms) 
     -computing association tests...done (137ms) 
     -computing joint association tests...done (0ms) 
 set [142/1778] : CARD8-AS1 - 922 variants...
     -reading in genotypes, computing gene-based tests and building masks...done (1694ms) 
     -computing association tests...done (12ms) 
     -computing joint association tests...done (0ms) 
 set [143/1778] : CARM1 - 19491 variants...
     -reading in genotypes, computing gene-based tests and building masks...done (28738ms) 
     -computing association tests...done (148ms) 
     -computing joint association tests...done (0ms) 
 set [144/1778] : CASP14 - 8082 variants...
     -reading in genotypes, computing gene-based tests and building masks...done (24864ms) 
     -computing association tests...done (76ms) 
     -computing joint association tests...done (0ms) 
 set [145/1778] : CATSPERD - 44138 variants...
     -reading in genotypes, computing gene-based tests and building masks...done (104963ms) 
     -computing association tests...done (131ms) 
     -computing joint association tests...done (0ms) 
 set [146/1778] : CATSPERG - 17655 variants...
     -reading in genotypes, computing gene-based tests and building masks...done (25288ms) 
     -computing association tests...done (85ms) 
     -computing joint association tests...done (0ms) 
 set [147/1778] : CBARP - 1941 variants...
     -reading in genotypes, computing gene-based tests and building masks...done (5189ms) 
     -computing association tests...done (29ms) 
     -computing joint association tests...done (0ms) 
 set [148/1778] : CBLC - 16279 variants...
     -reading in genotypes, computing gene-based tests and building masks...done (28546ms) 
     -computing association tests...done (94ms) 
     -computing joint association tests...done (0ms) 
 set [149/1778] : CC2D1A - 6807 variants...
     -reading in genotypes, computing gene-based tests and building masks...done (10691ms) 
     -computing association tests...done (20ms) 
     -computing joint association tests...done (0ms) 
 set [150/1778] : CCDC106 - 7925 variants...
     -reading in genotypes, computing gene-based tests and building masks...done (14903ms) 
     -computing association tests...done (111ms) 
     -computing joint association tests...done (0ms) 
 set [151/1778] : CCDC124 - 10569 variants...
     -reading in genotypes, computing gene-based tests and building masks...done (21642ms) 
     -computing association tests...done (18ms) 
     -computing joint association tests...done (0ms) 
 set [152/1778] : CCDC159 - 4096 variants...
     -reading in genotypes, computing gene-based tests and building masks...done (13442ms) 
     -computing association tests...done (138ms) 
     -computing joint association tests...done (0ms) 
 set [153/1778] : CCDC194 - 7225 variants...
     -reading in genotypes, computing gene-based tests and building masks...done (17260ms) 
     -computing association tests...done (20ms) 
     -computing joint association tests...done (0ms) 
 set [154/1778] : CCDC61 - 10372 variants...
     -reading in genotypes, computing gene-based tests and building masks...done (16859ms) 
     -computing association tests...done (75ms) 
     -computing joint association tests...done (0ms) 
 set [155/1778] : CCDC8 - 8183 variants...
     -reading in genotypes, computing gene-based tests and building masks...done (16859ms) 
     -computing association tests...done (20ms) 
     -computing joint association tests...done (0ms) 
 set [156/1778] : CCDC9 - 13092 variants...
     -reading in genotypes, computing gene-based tests and building masks...done (29511ms) 
     -computing association tests...done (28ms) 
     -computing joint association tests...done (0ms) 
 set [157/1778] : CCDC97 - 7765 variants...
     -reading in genotypes, computing gene-based tests and building masks...done (23202ms) 
     -computing association tests...done (144ms) 
     -computing joint association tests...done (0ms) 
 set [158/1778] : CCER2 - 1580 variants...
     -reading in genotypes, computing gene-based tests and building masks...done (3413ms) 
     -computing association tests...done (10ms) 
     -computing joint association tests...done (0ms) 
 set [159/1778] : CCL25 - 11411 variants...
     -reading in genotypes, computing gene-based tests and building masks...done (19802ms) 
     -computing association tests...done (129ms) 
     -computing joint association tests...done (0ms) 
 set [160/1778] : CCNE1 - 11992 variants...
     -reading in genotypes, computing gene-based tests and building masks...done (29032ms) 
     -computing association tests...done (74ms) 
     -computing joint association tests...done (0ms) 
 set [161/1778] : CCNP - 904 variants...
     -reading in genotypes, computing gene-based tests and building masks...done (4592ms) 
     -computing association tests...done (80ms) 
     -computing joint association tests...done (0ms) 
 set [162/1778] : CD177 - 13549 variants...
     -reading in genotypes, computing gene-based tests and building masks...done (49188ms) 
     -computing association tests...done (77ms) 
     -computing joint association tests...done (0ms) 
 set [163/1778] : CD177P1 - 6271 variants...
     -reading in genotypes, computing gene-based tests and building masks...done (21869ms) 
     -computing association tests...done (16ms) 
     -computing joint association tests...done (0ms) 
 set [164/1778] : CD209 - 7138 variants...
     -reading in genotypes, computing gene-based tests and building masks...done (10669ms) 
     -computing association tests...done (124ms) 
     -computing joint association tests...done (0ms) 
 set [165/1778] : CD22 - 7850 variants...
     -reading in genotypes, computing gene-based tests and building masks...done (21244ms) 
     -computing association tests...done (130ms) 
     -computing joint association tests...done (0ms) 
 set [166/1778] : CD320 - 11133 variants...
     -reading in genotypes, computing gene-based tests and building masks...done (52953ms) 
     -computing association tests...done (79ms) 
     -computing joint association tests...done (0ms) 
 set [167/1778] : CD33 - 9410 variants...
     -reading in genotypes, computing gene-based tests and building masks...done (13643ms) 
     -computing association tests...done (21ms) 
     -computing joint association tests...done (0ms) 
 set [168/1778] : CD37 - 6682 variants...
     -reading in genotypes, computing gene-based tests and building masks...done (10820ms) 
     -computing association tests...done (17ms) 
     -computing joint association tests...done (0ms) 
 set [169/1778] : CD70 - 14333 variants...
     -reading in genotypes, computing gene-based tests and building masks...done (24144ms) 
     -computing association tests...done (79ms) 
     -computing joint association tests...done (0ms) 
 set [170/1778] : CD79A - 6369 variants...
     -reading in genotypes, computing gene-based tests and building masks...done (10114ms) 
     -computing association tests...done (18ms) 
     -computing joint association tests...done (0ms) 
 set [171/1778] : CDC34 - 12376 variants...
     -reading in genotypes, computing gene-based tests and building masks...done (29160ms) 
     -computing association tests...done (103ms) 
     -computing joint association tests...done (0ms) 
 set [172/1778] : CDC37 - 12825 variants...
     -reading in genotypes, computing gene-based tests and building masks...done (22361ms) 
     -computing association tests...done (77ms) 
     -computing joint association tests...done (0ms) 
 set [173/1778] : CDC42EP5 - 9722 variants...
     -reading in genotypes, computing gene-based tests and building masks...done (40023ms) 
     -computing association tests...done (19ms) 
     -computing joint association tests...done (0ms) 
 set [174/1778] : CDKN2D - 3173 variants...
     -reading in genotypes, computing gene-based tests and building masks...done (8448ms) 
     -computing association tests...done (16ms) 
     -computing joint association tests...done (0ms) 
 set [175/1778] : CEACAM1 - 12125 variants...
     -reading in genotypes, computing gene-based tests and building masks...done (19537ms) 
     -computing association tests...done (85ms) 
     -computing joint association tests...done (0ms) 
 set [176/1778] : CEACAM16 - 9301 variants...
     -reading in genotypes, computing gene-based tests and building masks...done (18877ms) 
     -computing association tests...done (21ms) 
     -computing joint association tests...done (0ms) 
 set [177/1778] : CEACAM16-AS1 - 13069 variants...
     -reading in genotypes, computing gene-based tests and building masks...done (25120ms) 
     -computing association tests...done (16ms) 
     -computing joint association tests...done (0ms) 
 set [178/1778] : CEACAM18 - 5853 variants...
     -reading in genotypes, computing gene-based tests and building masks...done (13792ms) 
     -computing association tests...done (74ms) 
     -computing joint association tests...done (0ms) 
 set [179/1778] : CEACAM19 - 7606 variants...
     -reading in genotypes, computing gene-based tests and building masks...done (12781ms) 
     -computing association tests...done (29ms) 
     -computing joint association tests...done (0ms) 
 set [180/1778] : CEACAM20 - 13367 variants...
     -reading in genotypes, computing gene-based tests and building masks...done (25367ms) 
     -computing association tests...done (120ms) 
     -computing joint association tests...done (0ms) 
 set [181/1778] : CEACAM21 - 13294 variants...
     -reading in genotypes, computing gene-based tests and building masks...done (20319ms) 
     -computing association tests...done (21ms) 
     -computing joint association tests...done (0ms) 
 set [182/1778] : CEACAM22P - 38428 variants...
     -reading in genotypes, computing gene-based tests and building masks...done (176688ms) 
     -computing association tests...done (19ms) 
     -computing joint association tests...done (0ms) 
 set [183/1778] : CEACAM3 - 10780 variants...
     -reading in genotypes, computing gene-based tests and building masks...done (21775ms) 
     -computing association tests...done (103ms) 
     -computing joint association tests...done (0ms) 
 set [184/1778] : CEACAM4 - 8429 variants...
     -reading in genotypes, computing gene-based tests and building masks...done (13093ms) 
     -computing association tests...done (93ms) 
     -computing joint association tests...done (0ms) 
 set [185/1778] : CEACAM5 - 13101 variants...
     -reading in genotypes, computing gene-based tests and building masks...done (23865ms) 
     -computing association tests...done (20ms) 
     -computing joint association tests...done (0ms) 
 set [186/1778] : CEACAM6 - 13341 variants...
     -reading in genotypes, computing gene-based tests and building masks...done (24079ms) 
     -computing association tests...done (151ms) 
     -computing joint association tests...done (0ms) 
 set [187/1778] : CEACAM7 - 14429 variants...
     -reading in genotypes, computing gene-based tests and building masks...done (22083ms) 
     -computing association tests...done (118ms) 
     -computing joint association tests...done (0ms) 
 set [188/1778] : CEACAM8 - 10585 variants...
     -reading in genotypes, computing gene-based tests and building masks...done (24056ms) 
     -computing association tests...done (83ms) 
     -computing joint association tests...done (0ms) 
 set [189/1778] : CEACAMP11 - 6063 variants...
     -reading in genotypes, computing gene-based tests and building masks...done (10851ms) 
     -computing association tests...done (74ms) 
     -computing joint association tests...done (0ms) 
 set [190/1778] : CEACAMP1 - 4542 variants...
     -reading in genotypes, computing gene-based tests and building masks...done (9250ms) 
     -computing association tests...done (94ms) 
     -computing joint association tests...done (0ms) 
 set [191/1778] : CEACAMP2 - 189 variants...
     -reading in genotypes, computing gene-based tests and building masks...done (1443ms) 
     -computing association tests...done (3ms) 
     -computing joint association tests...done (0ms) 
 set [192/1778] : CEACAMP3 - 925 variants...
     -reading in genotypes, computing gene-based tests and building masks...done (1783ms) 
     -computing association tests...done (118ms) 
     -computing joint association tests...done (0ms) 
 set [193/1778] : CEACAMP4 - 4855 variants...
     -reading in genotypes, computing gene-based tests and building masks...done (7725ms) 
     -computing association tests...done (17ms) 
     -computing joint association tests...done (0ms) 
 set [194/1778] : CEACAMP5 - 8123 variants...
     -reading in genotypes, computing gene-based tests and building masks...done (58623ms) 
     -computing association tests...done (37ms) 
     -computing joint association tests...done (0ms) 
 set [195/1778] : CEACAMP6 - 9341 variants...
     -reading in genotypes, computing gene-based tests and building masks...done (17047ms) 
     -computing association tests...done (19ms) 
     -computing joint association tests...done (0ms) 
 set [196/1778] : CEACAMP7 - 6939 variants...
     -reading in genotypes, computing gene-based tests and building masks...done (21377ms) 
     -computing association tests...done (18ms) 
     -computing joint association tests...done (0ms) 
 set [197/1778] : CEBPA - 5905 variants...
     -reading in genotypes, computing gene-based tests and building masks...done (13741ms) 
     -computing association tests...done (66ms) 
     -computing joint association tests...done (0ms) 
 set [198/1778] : CEBPG - 5771 variants...
     -reading in genotypes, computing gene-based tests and building masks...done (11320ms) 
     -computing association tests...done (18ms) 
     -computing joint association tests...done (0ms) 
 set [199/1778] : CELF5 - 46494 variants...
     -reading in genotypes, computing gene-based tests and building masks...done (88430ms) 
     -computing association tests...done (20ms) 
     -computing joint association tests...done (0ms) 
 set [200/1778] : CEP89 - 36868 variants...
     -reading in genotypes, computing gene-based tests and building masks...done (60364ms) 
     -computing association tests...done (94ms) 
     -computing joint association tests...done (0ms) 
 set [201/1778] : CERS4 - 37068 variants...
     -reading in genotypes, computing gene-based tests and building masks...done (69424ms) 
     -computing association tests...done (21ms) 
     -computing joint association tests...done (0ms) 
 set [202/1778] : CFD - 8266 variants...
     -reading in genotypes, computing gene-based tests and building masks...done (24040ms) 
     -computing association tests...done (30ms) 
     -computing joint association tests...done (0ms) 
 set [203/1778] : CGB1 - 2713 variants...
     -reading in genotypes, computing gene-based tests and building masks...done (6302ms) 
     -computing association tests...done (17ms) 
     -computing joint association tests...done (0ms) 
 set [204/1778] : CGB2 - 5379 variants...
     -reading in genotypes, computing gene-based tests and building masks...done (10472ms) 
     -computing association tests...done (97ms) 
     -computing joint association tests...done (0ms) 
 set [205/1778] : CGB3 - 5853 variants...
     -reading in genotypes, computing gene-based tests and building masks...done (10867ms) 
     -computing association tests...done (19ms) 
     -computing joint association tests...done (0ms) 
 set [206/1778] : CGB5 - 6926 variants...
     -reading in genotypes, computing gene-based tests and building masks...done (21027ms) 
     -computing association tests...done (19ms) 
     -computing joint association tests...done (0ms) 
 set [207/1778] : CGB7 - 4379 variants...
     -reading in genotypes, computing gene-based tests and building masks...done (9481ms) 
     -computing association tests...done (127ms) 
     -computing joint association tests...done (0ms) 
 set [208/1778] : CGB8 - 5260 variants...
     -reading in genotypes, computing gene-based tests and building masks...done (11034ms) 
     -computing association tests...done (20ms) 
     -computing joint association tests...done (0ms) 
 set [209/1778] : CHAF1A - 24514 variants...
     -reading in genotypes, computing gene-based tests and building masks...done (42371ms) 
     -computing association tests...done (78ms) 
     -computing joint association tests...done (0ms) 
 set [210/1778] : CHCHD2P3 - 5305 variants...
     -reading in genotypes, computing gene-based tests and building masks...done (8059ms) 
     -computing association tests...done (17ms) 
     -computing joint association tests...done (0ms) 
 set [211/1778] : CHERP - 8851 variants...
     -reading in genotypes, computing gene-based tests and building masks...done (12972ms) 
     -computing association tests...done (81ms) 
     -computing joint association tests...done (0ms) 
 set [212/1778] : CHMP2A - 3164 variants...
     -reading in genotypes, computing gene-based tests and building masks...done (7379ms) 
     -computing association tests...done (124ms) 
     -computing joint association tests...done (0ms) 
 set [213/1778] : CHST8 - 81309 variants...
     -reading in genotypes, computing gene-based tests and building masks...done (229377ms) 
     -computing association tests...done (20ms) 
     -computing joint association tests...done (0ms) 
 set [214/1778] : CIB3 - 9689 variants...
     -reading in genotypes, computing gene-based tests and building masks...done (17186ms) 
     -computing association tests...done (76ms) 
     -computing joint association tests...done (0ms) 
 set [215/1778] : CIC - 14092 variants...
     -reading in genotypes, computing gene-based tests and building masks...done (27202ms) 
     -computing association tests...done (120ms) 
     -computing joint association tests...done (0ms) 
 set [216/1778] : CILP2 - 8521 variants...
     -reading in genotypes, computing gene-based tests and building masks...done (14477ms) 
     -computing association tests...done (85ms) 
     -computing joint association tests...done (0ms) 
 set [217/1778] : CIMAP1D - 10036 variants...
     -reading in genotypes, computing gene-based tests and building masks...done (28835ms) 
     -computing association tests...done (86ms) 
     -computing joint association tests...done (0ms) 
 set [218/1778] : CIRBP - 4220 variants...
     -reading in genotypes, computing gene-based tests and building masks...done (6160ms) 
     -computing association tests...done (16ms) 
     -computing joint association tests...done (0ms) 
 set [219/1778] : CIRBP-AS1 - 98 variants...
     -reading in genotypes, computing gene-based tests and building masks...done (304ms) 
     -computing association tests...done (1ms) 
     -computing joint association tests...done (0ms) 
 set [220/1778] : CIST1 - 7968 variants...
     -reading in genotypes, computing gene-based tests and building masks...done (17955ms) 
     -computing association tests...done (16ms) 
     -computing joint association tests...done (0ms) 
 set [221/1778] : CKM - 11857 variants...
     -reading in genotypes, computing gene-based tests and building masks...done (22254ms) 
     -computing association tests...done (149ms) 
     -computing joint association tests...done (0ms) 
 set [222/1778] : CLASRP - 14141 variants...
     -reading in genotypes, computing gene-based tests and building masks...done (23475ms) 
     -computing association tests...done (94ms) 
     -computing joint association tests...done (0ms) 
 set [223/1778] : CLC - 7181 variants...
     -reading in genotypes, computing gene-based tests and building masks...done (17028ms) 
     -computing association tests...done (74ms) 
     -computing joint association tests...done (0ms) 
 set [224/1778] : CLDND2 - 1686 variants...
     -reading in genotypes, computing gene-based tests and building masks...done (6243ms) 
     -computing association tests...done (28ms) 
     -computing joint association tests...done (0ms) 
 set [225/1778] : CLEC11A - 6935 variants...
     -reading in genotypes, computing gene-based tests and building masks...done (13605ms) 
     -computing association tests...done (80ms) 
     -computing joint association tests...done (0ms) 
 set [226/1778] : CLEC17A - 18032 variants...
     -reading in genotypes, computing gene-based tests and building masks...done (31255ms) 
     -computing association tests...done (22ms) 
     -computing joint association tests...done (0ms) 
 set [227/1778] : CLEC4G - 10840 variants...
     -reading in genotypes, computing gene-based tests and building masks...done (22861ms) 
     -computing association tests...done (31ms) 
     -computing joint association tests...done (0ms) 
 set [228/1778] : CLEC4GP1 - 4100 variants...
     -reading in genotypes, computing gene-based tests and building masks...done (7266ms) 
     -computing association tests...done (18ms) 
     -computing joint association tests...done (0ms) 
 set [229/1778] : CLEC4M - 7510 variants...
     -reading in genotypes, computing gene-based tests and building masks...done (12467ms) 
     -computing association tests...done (143ms) 
     -computing joint association tests...done (0ms) 
 set [230/1778] : CLEC4OP - 9286 variants...
     -reading in genotypes, computing gene-based tests and building masks...done (27097ms) 
     -computing association tests...done (77ms) 
     -computing joint association tests...done (0ms) 
 set [231/1778] : CLIC4P2 - 4056 variants...
     -reading in genotypes, computing gene-based tests and building masks...done (12625ms) 
     -computing association tests...done (15ms) 
     -computing joint association tests...done (0ms) 
 set [232/1778] : CLIP3 - 8405 variants...
     -reading in genotypes, computing gene-based tests and building masks...done (16392ms) 
     -computing association tests...done (124ms) 
     -computing joint association tests...done (0ms) 
 set [233/1778] : CLPP - 6949 variants...
     -reading in genotypes, computing gene-based tests and building masks...done (13038ms) 
     -computing association tests...done (101ms) 
     -computing joint association tests...done (0ms) 
 set [234/1778] : CLPTM1 - 22602 variants...
     -reading in genotypes, computing gene-based tests and building masks...done (38616ms) 
     -computing association tests...done (22ms) 
     -computing joint association tests...done (0ms) 
 set [235/1778] : CNFN - 5745 variants...
     -reading in genotypes, computing gene-based tests and building masks...done (10550ms) 
     -computing association tests...done (71ms) 
     -computing joint association tests...done (0ms) 
 set [236/1778] : CNN1 - 10501 variants...
     -reading in genotypes, computing gene-based tests and building masks...done (16521ms) 
     -computing association tests...done (18ms) 
     -computing joint association tests...done (0ms) 
 set [237/1778] : CNN2 - 16294 variants...
     -reading in genotypes, computing gene-based tests and building masks...done (65660ms) 
     -computing association tests...done (102ms) 
     -computing joint association tests...done (0ms) 
 set [238/1778] : CNOT3 - 21013 variants...
     -reading in genotypes, computing gene-based tests and building masks...done (65348ms) 
     -computing association tests...done (22ms) 
     -computing joint association tests...done (0ms) 
 set [239/1778] : COL5A3 - 32658 variants...
     -reading in genotypes, computing gene-based tests and building masks...done (59493ms) 
     -computing association tests...done (24ms) 
     -computing joint association tests...done (0ms) 
 set [240/1778] : COLGALT1 - 18603 variants...
     -reading in genotypes, computing gene-based tests and building masks...done (36072ms) 
     -computing association tests...done (21ms) 
     -computing joint association tests...done (0ms) 
 set [241/1778] : COMP - 9007 variants...
     -reading in genotypes, computing gene-based tests and building masks...done (14471ms) 
     -computing association tests...done (111ms) 
     -computing joint association tests...done (0ms) 
 set [242/1778] : COPE - 12254 variants...
     -reading in genotypes, computing gene-based tests and building masks...done (27385ms) 
     -computing association tests...done (80ms) 
     -computing joint association tests...done (0ms) 
 set [243/1778] : COQ8B - 7501 variants...
     -reading in genotypes, computing gene-based tests and building masks...done (13270ms) 
     -computing association tests...done (17ms) 
     -computing joint association tests...done (0ms) 
 set [244/1778] : COX16P1 - 4053 variants...
     -reading in genotypes, computing gene-based tests and building masks...done (10135ms) 
     -computing association tests...done (15ms) 
     -computing joint association tests...done (0ms) 
 set [245/1778] : COX6B1 - 8004 variants...
     -reading in genotypes, computing gene-based tests and building masks...done (17370ms) 
     -computing association tests...done (154ms) 
     -computing joint association tests...done (0ms) 
 set [246/1778] : COX6B2 - 5581 variants...
     -reading in genotypes, computing gene-based tests and building masks...done (13851ms) 
     -computing association tests...done (20ms) 
     -computing joint association tests...done (0ms) 
 set [247/1778] : COX6CP7 - 1553 variants...
     -reading in genotypes, computing gene-based tests and building masks...done (3808ms) 
     -computing association tests...done (10ms) 
     -computing joint association tests...done (0ms) 
 set [248/1778] : COX7A1 - 3292 variants...
     -reading in genotypes, computing gene-based tests and building masks...done (6131ms) 
     -computing association tests...done (16ms) 
     -computing joint association tests...done (0ms) 
 set [249/1778] : CPAMD8 - 63866 variants...
     -reading in genotypes, computing gene-based tests and building masks...done (153525ms) 
     -computing association tests...done (92ms) 
     -computing joint association tests...done (0ms) 
 set [250/1778] : CPSF6P1 - 1872 variants...
     -reading in genotypes, computing gene-based tests and building masks...done (7211ms) 
     -computing association tests...done (11ms) 
     -computing joint association tests...done (0ms) 
 set [251/1778] : CPT1C - 14334 variants...
     -reading in genotypes, computing gene-based tests and building masks...done (36079ms) 
     -computing association tests...done (81ms) 
     -computing joint association tests...done (0ms) 
 set [252/1778] : CREB3L3 - 11115 variants...
     -reading in genotypes, computing gene-based tests and building masks...done (23132ms) 
     -computing association tests...done (88ms) 
     -computing joint association tests...done (0ms) 
 set [253/1778] : CRLF1 - 10964 variants...
     -reading in genotypes, computing gene-based tests and building masks...done (17903ms) 
     -computing association tests...done (20ms) 
     -computing joint association tests...done (0ms) 
 set [254/1778] : CRTC1 - 47996 variants...
     -reading in genotypes, computing gene-based tests and building masks...done (92153ms) 
     -computing association tests...done (21ms) 
     -computing joint association tests...done (0ms) 
 set [255/1778] : CRX - 16284 variants...
     -reading in genotypes, computing gene-based tests and building masks...done (27023ms) 
     -computing association tests...done (19ms) 
     -computing joint association tests...done (0ms) 
 set [256/1778] : CSNK1G2 - 31997 variants...
     -reading in genotypes, computing gene-based tests and building masks...done (83440ms) 
     -computing association tests...done (21ms) 
     -computing joint association tests...done (0ms) 
 set [257/1778] : CTBP2P7 - 3303 variants...
     -reading in genotypes, computing gene-based tests and building masks...done (5440ms) 
     -computing association tests...done (19ms) 
     -computing joint association tests...done (0ms) 
 set [258/1778] : CTU1 - 9164 variants...
     -reading in genotypes, computing gene-based tests and building masks...done (16540ms) 
     -computing association tests...done (18ms) 
     -computing joint association tests...done (0ms) 
 set [259/1778] : CTXN1 - 1674 variants...
     -reading in genotypes, computing gene-based tests and building masks...done (7574ms) 
     -computing association tests...done (11ms) 
     -computing joint association tests...done (0ms) 
 set [260/1778] : CXCL17 - 10995 variants...
     -reading in genotypes, computing gene-based tests and building masks...done (31593ms) 
     -computing association tests...done (177ms) 
     -computing joint association tests...done (0ms) 
 set [261/1778] : CYP2A13 - 8784 variants...
     -reading in genotypes, computing gene-based tests and building masks...done (13760ms) 
     -computing association tests...done (94ms) 
     -computing joint association tests...done (0ms) 
 set [262/1778] : CYP2A6 - 10099 variants...
     -reading in genotypes, computing gene-based tests and building masks...done (25492ms) 
     -computing association tests...done (22ms) 
     -computing joint association tests...done (0ms) 
 set [263/1778] : CYP2A7 - 9841 variants...
     -reading in genotypes, computing gene-based tests and building masks...done (16579ms) 
     -computing association tests...done (77ms) 
     -computing joint association tests...done (0ms) 
 set [264/1778] : CYP2A7P1 - 959 variants...
     -reading in genotypes, computing gene-based tests and building masks...done (10091ms) 
     -computing association tests...done (79ms) 
     -computing joint association tests...done (0ms) 
 set [265/1778] : CYP2A7P2 - 1651 variants...
     -reading in genotypes, computing gene-based tests and building masks...done (14497ms) 
     -computing association tests...done (12ms) 
     -computing joint association tests...done (0ms) 
 set [266/1778] : CYP2B6 - 18002 variants...
     -reading in genotypes, computing gene-based tests and building masks...done (25690ms) 
     -computing association tests...done (20ms) 
     -computing joint association tests...done (0ms) 
 set [267/1778] : CYP2B7P - 12681 variants...
     -reading in genotypes, computing gene-based tests and building masks...done (21872ms) 
     -computing association tests...done (18ms) 
     -computing joint association tests...done (0ms) 
 set [268/1778] : CYP2F1 - 17975 variants...
     -reading in genotypes, computing gene-based tests and building masks...done (39055ms) 
     -computing association tests...done (96ms) 
     -computing joint association tests...done (0ms) 
 set [269/1778] : CYP2F2P - 4497 variants...
     -reading in genotypes, computing gene-based tests and building masks...done (8010ms) 
     -computing association tests...done (17ms) 
     -computing joint association tests...done (0ms) 
 set [270/1778] : CYP2G1P - 10410 variants...
     -reading in genotypes, computing gene-based tests and building masks...done (19036ms) 
     -computing association tests...done (18ms) 
     -computing joint association tests...done (0ms) 
 set [271/1778] : CYP2G2P - 3374 variants...
     -reading in genotypes, computing gene-based tests and building masks...done (6913ms) 
     -computing association tests...done (137ms) 
     -computing joint association tests...done (0ms) 
 set [272/1778] : CYP2S1 - 11902 variants...
     -reading in genotypes, computing gene-based tests and building masks...done (19390ms) 
     -computing association tests...done (20ms) 
     -computing joint association tests...done (0ms) 
 set [273/1778] : CYP2T1P - 2011 variants...
     -reading in genotypes, computing gene-based tests and building masks...done (3323ms) 
     -computing association tests...done (75ms) 
     -computing joint association tests...done (0ms) 
 set [274/1778] : CYP2T3P - 491 variants...
     -reading in genotypes, computing gene-based tests and building masks...done (3417ms) 
     -computing association tests...done (84ms) 
     -computing joint association tests...done (0ms) 
 set [275/1778] : CYP4F10P - 134 variants...
     -reading in genotypes, computing gene-based tests and building masks...done (1982ms) 
     -computing association tests...done (7ms) 
     -computing joint association tests...done (0ms) 
 set [276/1778] : CYP4F11 - 24188 variants...
     -reading in genotypes, computing gene-based tests and building masks...done (458834ms) 
     -computing association tests...done (21ms) 
     -computing joint association tests...done (0ms) 
 set [277/1778] : CYP4F12 - 21760 variants...
     -reading in genotypes, computing gene-based tests and building masks...done (486822ms) 
     -computing association tests...done (28ms) 
     -computing joint association tests...done (0ms) 
 set [278/1778] : CYP4F2 - 13559 variants...
     -reading in genotypes, computing gene-based tests and building masks...done (21354ms) 
     -computing association tests...done (77ms) 
     -computing joint association tests...done (0ms) 
 set [279/1778] : CYP4F22 - 25254 variants...
     -reading in genotypes, computing gene-based tests and building masks...done (49347ms) 
     -computing association tests...done (21ms) 
     -computing joint association tests...done (0ms) 
 set [280/1778] : CYP4F23P - 9284 variants...
     -reading in genotypes, computing gene-based tests and building masks...done (27249ms) 
     -computing association tests...done (18ms) 
     -computing joint association tests...done (0ms) 
 set [281/1778] : CYP4F24P - 6302 variants...
     -reading in genotypes, computing gene-based tests and building masks...done (14729ms) 
     -computing association tests...done (15ms) 
     -computing joint association tests...done (0ms) 
 set [282/1778] : CYP4F3 - 18271 variants...
     -reading in genotypes, computing gene-based tests and building masks...done (39553ms) 
     -computing association tests...done (20ms) 
     -computing joint association tests...done (0ms) 
 set [283/1778] : CYP4F36P - 1373 variants...
     -reading in genotypes, computing gene-based tests and building masks...done (2417ms) 
     -computing association tests...done (14ms) 
     -computing joint association tests...done (0ms) 
 set [284/1778] : CYP4F8 - 12102 variants...
     -reading in genotypes, computing gene-based tests and building masks...done (18456ms) 
     -computing association tests...done (18ms) 
     -computing joint association tests...done (0ms) 
 set [285/1778] : CYP4F9P - 22896 variants...
     -reading in genotypes, computing gene-based tests and building masks...done (46964ms) 
     -computing association tests...done (18ms) 
     -computing joint association tests...done (0ms) 
 set [286/1778] : CYTH2 - 4253 variants...
     -reading in genotypes, computing gene-based tests and building masks...done (6839ms) 
     -computing association tests...done (35ms) 
     -computing joint association tests...done (0ms) 
 set [287/1778] : DACT3 - 11364 variants...
     -reading in genotypes, computing gene-based tests and building masks...done (21675ms) 
     -computing association tests...done (19ms) 
     -computing joint association tests...done (0ms) 
 set [288/1778] : DACT3-AS1 - 1318 variants...
     -reading in genotypes, computing gene-based tests and building masks...done (5788ms) 
     -computing association tests...done (11ms) 
     -computing joint association tests...done (0ms) 
 set [289/1778] : DAND5 - 8879 variants...
     -reading in genotypes, computing gene-based tests and building masks...done (17819ms) 
     -computing association tests...done (87ms) 
     -computing joint association tests...done (0ms) 
 set [290/1778] : DAPK3 - 17563 variants...
     -reading in genotypes, computing gene-based tests and building masks...done (64653ms) 
     -computing association tests...done (122ms) 
     -computing joint association tests...done (0ms) 
 set [291/1778] : DAZAP1 - 15785 variants...
     -reading in genotypes, computing gene-based tests and building masks...done (29182ms) 
     -computing association tests...done (91ms) 
     -computing joint association tests...done (0ms) 
 set [292/1778] : DBP - 6148 variants...
     -reading in genotypes, computing gene-based tests and building masks...done (12217ms) 
     -computing association tests...done (91ms) 
     -computing joint association tests...done (0ms) 
 set [293/1778] : DCAF15 - 6673 variants...
     -reading in genotypes, computing gene-based tests and building masks...done (11333ms) 
     -computing association tests...done (17ms) 
     -computing joint association tests...done (0ms) 
 set [294/1778] : DDA1 - 9235 variants...
     -reading in genotypes, computing gene-based tests and building masks...done (21137ms) 
     -computing association tests...done (83ms) 
     -computing joint association tests...done (0ms) 
 set [295/1778] : DDX39A - 7458 variants...
     -reading in genotypes, computing gene-based tests and building masks...done (14392ms) 
     -computing association tests...done (129ms) 
     -computing joint association tests...done (0ms) 
 set [296/1778] : DDX49 - 6873 variants...
     -reading in genotypes, computing gene-based tests and building masks...done (11168ms) 
     -computing association tests...done (75ms) 
     -computing joint association tests...done (0ms) 
 set [297/1778] : DEDD2 - 11352 variants...
     -reading in genotypes, computing gene-based tests and building masks...done (21171ms) 
     -computing association tests...done (19ms) 
     -computing joint association tests...done (0ms) 
 set [298/1778] : DENND1C - 11405 variants...
     -reading in genotypes, computing gene-based tests and building masks...done (21838ms) 
     -computing association tests...done (133ms) 
     -computing joint association tests...done (0ms) 
 set [299/1778] : DHDH - 10502 variants...
     -reading in genotypes, computing gene-based tests and building masks...done (25221ms) 
     -computing association tests...done (124ms) 
     -computing joint association tests...done (0ms) 
 set [300/1778] : DHPS - 6537 variants...
     -reading in genotypes, computing gene-based tests and building masks...done (12626ms) 
     -computing association tests...done (29ms) 
     -computing joint association tests...done (0ms) 
 set [301/1778] : DHX34 - 18199 variants...
     -reading in genotypes, computing gene-based tests and building masks...done (39942ms) 
     -computing association tests...done (122ms) 
     -computing joint association tests...done (0ms) 
 set [302/1778] : DIRAS1 - 12074 variants...
     -reading in genotypes, computing gene-based tests and building masks...done (37924ms) 
     -computing association tests...done (197ms) 
     -computing joint association tests...done (0ms) 
 set [303/1778] : DKKL1 - 10311 variants...
     -reading in genotypes, computing gene-based tests and building masks...done (22814ms) 
     -computing association tests...done (18ms) 
     -computing joint association tests...done (0ms) 
 set [304/1778] : DLL3 - 5489 variants...
     -reading in genotypes, computing gene-based tests and building masks...done (14401ms) 
     -computing association tests...done (98ms) 
     -computing joint association tests...done (0ms) 
 set [305/1778] : DMAC2 - 7046 variants...
     -reading in genotypes, computing gene-based tests and building masks...done (19156ms) 
     -computing association tests...done (181ms) 
     -computing joint association tests...done (0ms) 
 set [306/1778] : DMKN - 9929 variants...
     -reading in genotypes, computing gene-based tests and building masks...done (17239ms) 
     -computing association tests...done (88ms) 
     -computing joint association tests...done (0ms) 
 set [307/1778] : DMPK - 2373 variants...
     -reading in genotypes, computing gene-based tests and building masks...done (11465ms) 
     -computing association tests...done (13ms) 
     -computing joint association tests...done (0ms) 
 set [308/1778] : DMRTC2 - 4367 variants...
     -reading in genotypes, computing gene-based tests and building masks...done (9177ms) 
     -computing association tests...done (75ms) 
     -computing joint association tests...done (0ms) 
 set [309/1778] : DMWD - 6610 variants...
     -reading in genotypes, computing gene-based tests and building masks...done (12061ms) 
     -computing association tests...done (16ms) 
     -computing joint association tests...done (0ms) 
 set [310/1778] : DNAAF3 - 3897 variants...
     -reading in genotypes, computing gene-based tests and building masks...done (13338ms) 
     -computing association tests...done (21ms) 
     -computing joint association tests...done (0ms) 
 set [311/1778] : DNAJB1 - 8229 variants...
     -reading in genotypes, computing gene-based tests and building masks...done (13545ms) 
     -computing association tests...done (31ms) 
     -computing joint association tests...done (0ms) 
 set [312/1778] : DNAJC19P3 - 734 variants...
     -reading in genotypes, computing gene-based tests and building masks...done (1557ms) 
     -computing association tests...done (96ms) 
     -computing joint association tests...done (0ms) 
 set [313/1778] : DNASE2 - 4002 variants...
     -reading in genotypes, computing gene-based tests and building masks...done (14547ms) 
     -computing association tests...done (17ms) 
     -computing joint association tests...done (0ms) 
 set [314/1778] : DNM2 - 49862 variants...
     -reading in genotypes, computing gene-based tests and building masks...done (104373ms) 
     -computing association tests...done (105ms) 
     -computing joint association tests...done (0ms) 
 set [315/1778] : DNMT1 - 39921 variants...
     -reading in genotypes, computing gene-based tests and building masks...done (83091ms) 
     -computing association tests...done (128ms) 
     -computing joint association tests...done (0ms) 
 set [316/1778] : DOCK6 - 30534 variants...
     -reading in genotypes, computing gene-based tests and building masks...done (60328ms) 
     -computing association tests...done (129ms) 
     -computing joint association tests...done (0ms) 
 set [317/1778] : DOHH - 9780 variants...
     -reading in genotypes, computing gene-based tests and building masks...done (19508ms) 
     -computing association tests...done (145ms) 
     -computing joint association tests...done (0ms) 
 set [318/1778] : DOT1L - 39777 variants...
     -reading in genotypes, computing gene-based tests and building masks...done (69115ms) 
     -computing association tests...done (25ms) 
     -computing joint association tests...done (0ms) 
 set [319/1778] : DPF1 - 10885 variants...
     -reading in genotypes, computing gene-based tests and building masks...done (19104ms) 
     -computing association tests...done (28ms) 
     -computing joint association tests...done (0ms) 
 set [320/1778] : DPP9 - 28183 variants...
     -reading in genotypes, computing gene-based tests and building masks...done (54674ms) 
     -computing association tests...done (22ms) 
     -computing joint association tests...done (0ms) 
 set [321/1778] : DPPA5P1 - 336 variants...
     -reading in genotypes, computing gene-based tests and building masks...done (3744ms) 
     -computing association tests...done (69ms) 
     -computing joint association tests...done (0ms) 
 set [322/1778] : DPRX - 8711 variants...
     -reading in genotypes, computing gene-based tests and building masks...done (14430ms) 
     -computing association tests...done (17ms) 
     -computing joint association tests...done (0ms) 
 set [323/1778] : DPY19L3 - 39343 variants...
     -reading in genotypes, computing gene-based tests and building masks...done (70569ms) 
     -computing association tests...done (199ms) 
     -computing joint association tests...done (0ms) 
 set [324/1778] : DPY19L3-DT - 3248 variants...
     -reading in genotypes, computing gene-based tests and building masks...done (5838ms) 
     -computing association tests...done (14ms) 
     -computing joint association tests...done (0ms) 
 set [325/1778] : DUS3L - 7292 variants...
     -reading in genotypes, computing gene-based tests and building masks...done (16633ms) 
     -computing association tests...done (19ms) 
     -computing joint association tests...done (0ms) 
 set [326/1778] : DUXA - 14166 variants...
     -reading in genotypes, computing gene-based tests and building masks...done (59549ms) 
     -computing association tests...done (20ms) 
     -computing joint association tests...done (0ms) 
 set [327/1778] : DYRK1B - 7201 variants...
     -reading in genotypes, computing gene-based tests and building masks...done (14411ms) 
     -computing association tests...done (128ms) 
     -computing joint association tests...done (0ms) 
 set [328/1778] : EBI3 - 10071 variants...
     -reading in genotypes, computing gene-based tests and building masks...done (21568ms) 
     -computing association tests...done (244ms) 
     -computing joint association tests...done (0ms) 
 set [329/1778] : ECH1 - 10536 variants...
     -reading in genotypes, computing gene-based tests and building masks...done (24536ms) 
     -computing association tests...done (17ms) 
     -computing joint association tests...done (0ms) 
 set [330/1778] : ECSIT - 12758 variants...
     -reading in genotypes, computing gene-based tests and building masks...done (19142ms) 
     -computing association tests...done (73ms) 
     -computing joint association tests...done (0ms) 
 set [331/1778] : EDDM13 - 22974 variants...
     -reading in genotypes, computing gene-based tests and building masks...done (44342ms) 
     -computing association tests...done (162ms) 
     -computing joint association tests...done (0ms) 
 set [332/1778] : EEF1A1P7 - 744 variants...
     -reading in genotypes, computing gene-based tests and building masks...done (5611ms) 
     -computing association tests...done (11ms) 
     -computing joint association tests...done (0ms) 
 set [333/1778] : EEF1DP1 - 886 variants...
     -reading in genotypes, computing gene-based tests and building masks...done (2081ms) 
     -computing association tests...done (8ms) 
     -computing joint association tests...done (0ms) 
 set [334/1778] : EEF2 - 9819 variants...
     -reading in genotypes, computing gene-based tests and building masks...done (16022ms) 
     -computing association tests...done (142ms) 
     -computing joint association tests...done (0ms) 
 set [335/1778] : EFNA2 - 17634 variants...
     -reading in genotypes, computing gene-based tests and building masks...done (31900ms) 
     -computing association tests...done (30ms) 
     -computing joint association tests...done (0ms) 
 set [336/1778] : EGLN2 - 8662 variants...
     -reading in genotypes, computing gene-based tests and building masks...done (12903ms) 
     -computing association tests...done (21ms) 
     -computing joint association tests...done (0ms) 
 set [337/1778] : EHD2 - 25457 variants...
     -reading in genotypes, computing gene-based tests and building masks...done (44530ms) 
     -computing association tests...done (128ms) 
     -computing joint association tests...done (0ms) 
 set [338/1778] : EID2 - 3004 variants...
     -reading in genotypes, computing gene-based tests and building masks...done (8504ms) 
     -computing association tests...done (114ms) 
     -computing joint association tests...done (0ms) 
 set [339/1778] : EID2B - 5817 variants...
     -reading in genotypes, computing gene-based tests and building masks...done (11824ms) 
     -computing association tests...done (17ms) 
     -computing joint association tests...done (0ms) 
 set [340/1778] : EIF3G - 5144 variants...
     -reading in genotypes, computing gene-based tests and building masks...done (10543ms) 
     -computing association tests...done (17ms) 
     -computing joint association tests...done (0ms) 
 set [341/1778] : EIF3K - 13506 variants...
     -reading in genotypes, computing gene-based tests and building masks...done (24147ms) 
     -computing association tests...done (127ms) 
     -computing joint association tests...done (0ms) 
 set [342/1778] : ELANE - 8565 variants...
     -reading in genotypes, computing gene-based tests and building masks...done (18306ms) 
     -computing association tests...done (35ms) 
     -computing joint association tests...done (0ms) 
 set [343/1778] : ELAVL1 - 27278 variants...
     -reading in genotypes, computing gene-based tests and building masks...done (50880ms) 
     -computing association tests...done (27ms) 
     -computing joint association tests...done (0ms) 
 set [344/1778] : ELAVL3 - 16762 variants...
     -reading in genotypes, computing gene-based tests and building masks...done (30888ms) 
     -computing association tests...done (45ms) 
     -computing joint association tests...done (0ms) 
 set [345/1778] : ELL - 40907 variants...
     -reading in genotypes, computing gene-based tests and building masks...done (68963ms) 
     -computing association tests...done (89ms) 
     -computing joint association tests...done (0ms) 
 set [346/1778] : ELOF1 - 4061 variants...
     -reading in genotypes, computing gene-based tests and building masks...done (5974ms) 
     -computing association tests...done (11ms) 
     -computing joint association tests...done (0ms) 
 set [347/1778] : ELSPBP1 - 20055 variants...
     -reading in genotypes, computing gene-based tests and building masks...done (30272ms) 
     -computing association tests...done (21ms) 
     -computing joint association tests...done (0ms) 
 set [348/1778] : EMC10 - 11435 variants...
     -reading in genotypes, computing gene-based tests and building masks...done (18348ms) 
     -computing association tests...done (124ms) 
     -computing joint association tests...done (0ms) 
 set [349/1778] : EML2 - 16862 variants...
     -reading in genotypes, computing gene-based tests and building masks...done (29778ms) 
     -computing association tests...done (125ms) 
     -computing joint association tests...done (0ms) 
 set [350/1778] : EML2-AS1 - 1147 variants...
     -reading in genotypes, computing gene-based tests and building masks...done (2177ms) 
     -computing association tests...done (6ms) 
     -computing joint association tests...done (0ms) 
 set [351/1778] : EMP3 - 4627 variants...
     -reading in genotypes, computing gene-based tests and building masks...done (16041ms) 
     -computing association tests...done (31ms) 
     -computing joint association tests...done (0ms) 
 set [352/1778] : EPHX3 - 9145 variants...
     -reading in genotypes, computing gene-based tests and building masks...done (15301ms) 
     -computing association tests...done (83ms) 
     -computing joint association tests...done (0ms) 
 set [353/1778] : EPN1 - 21163 variants...
     -reading in genotypes, computing gene-based tests and building masks...done (36283ms) 
     -computing association tests...done (89ms) 
     -computing joint association tests...done (0ms) 
 set [354/1778] : EPOR - 8865 variants...
     -reading in genotypes, computing gene-based tests and building masks...done (14890ms) 
     -computing association tests...done (21ms) 
     -computing joint association tests...done (0ms) 
 set [355/1778] : EPS15L1 - 53190 variants...
     -reading in genotypes, computing gene-based tests and building masks...done (111214ms) 
     -computing association tests...done (87ms) 
     -computing joint association tests...done (0ms) 
 set [356/1778] : EPS8L1 - 10395 variants...
     -reading in genotypes, computing gene-based tests and building masks...done (24798ms) 
     -computing association tests...done (21ms) 
     -computing joint association tests...done (0ms) 
 set [357/1778] : ERCC1 - 18178 variants...
     -reading in genotypes, computing gene-based tests and building masks...done (38793ms) 
     -computing association tests...done (16ms) 
     -computing joint association tests...done (0ms) 
 set [358/1778] : ERCC2 - 17483 variants...
     -reading in genotypes, computing gene-based tests and building masks...done (31765ms) 
     -computing association tests...done (93ms) 
     -computing joint association tests...done (0ms) 
 set [359/1778] : ERF - 10158 variants...
     -reading in genotypes, computing gene-based tests and building masks...done (15367ms) 
     -computing association tests...done (77ms) 
     -computing joint association tests...done (0ms) 
 set [360/1778] : ERFL - 20947 variants...
     -reading in genotypes, computing gene-based tests and building masks...done (69529ms) 
     -computing association tests...done (92ms) 
     -computing joint association tests...done (0ms) 
 set [361/1778] : ERICH4 - 2278 variants...
     -reading in genotypes, computing gene-based tests and building masks...done (4742ms) 
     -computing association tests...done (12ms) 
     -computing joint association tests...done (0ms) 
 set [362/1778] : ERVK-28 - 15265 variants...
     -reading in genotypes, computing gene-based tests and building masks...done (38560ms) 
     -computing association tests...done (18ms) 
     -computing joint association tests...done (0ms) 
 set [363/1778] : ERVK3-1 - 5814 variants...
     -reading in genotypes, computing gene-based tests and building masks...done (15231ms) 
     -computing association tests...done (18ms) 
     -computing joint association tests...done (0ms) 
 set [364/1778] : ERVV-1 - 5716 variants...
     -reading in genotypes, computing gene-based tests and building masks...done (12015ms) 
     -computing association tests...done (79ms) 
     -computing joint association tests...done (0ms) 
 set [365/1778] : ERVV-2 - 8183 variants...
     -reading in genotypes, computing gene-based tests and building masks...done (14396ms) 
     -computing association tests...done (148ms) 
     -computing joint association tests...done (0ms) 
 set [366/1778] : ETFB - 13515 variants...
     -reading in genotypes, computing gene-based tests and building masks...done (25958ms) 
     -computing association tests...done (20ms) 
     -computing joint association tests...done (0ms) 
 set [367/1778] : ETHE1 - 15475 variants...
     -reading in genotypes, computing gene-based tests and building masks...done (28526ms) 
     -computing association tests...done (22ms) 
     -computing joint association tests...done (0ms) 
 set [368/1778] : ETV2 - 4277 variants...
     -reading in genotypes, computing gene-based tests and building masks...done (9583ms) 
     -computing association tests...done (45ms) 
     -computing joint association tests...done (0ms) 
 set [369/1778] : EVI5L - 18236 variants...
     -reading in genotypes, computing gene-based tests and building masks...done (30605ms) 
     -computing association tests...done (20ms) 
     -computing joint association tests...done (0ms) 
 set [370/1778] : EXOC3L2 - 19292 variants...
     -reading in genotypes, computing gene-based tests and building masks...done (30309ms) 
     -computing association tests...done (20ms) 
     -computing joint association tests...done (0ms) 
 set [371/1778] : EXOSC3P2 - 189 variants...
     -reading in genotypes, computing gene-based tests and building masks...done (4814ms) 
     -computing association tests...done (4ms) 
     -computing joint association tests...done (0ms) 
 set [372/1778] : EXOSC5 - 6838 variants...
     -reading in genotypes, computing gene-based tests and building masks...done (15378ms) 
     -computing association tests...done (18ms) 
     -computing joint association tests...done (0ms) 
 set [373/1778] : F2RL3 - 7544 variants...
     -reading in genotypes, computing gene-based tests and building masks...done (14341ms) 
     -computing association tests...done (32ms) 
     -computing joint association tests...done (0ms) 
 set [374/1778] : FAAP24 - 4734 variants...
     -reading in genotypes, computing gene-based tests and building masks...done (11207ms) 
     -computing association tests...done (87ms) 
     -computing joint association tests...done (0ms) 
 set [375/1778] : FAM138F - 15 variants...
     -reading in genotypes, computing gene-based tests and building masks...done (3481ms) 
     -computing association tests...done (16ms) 
     -computing joint association tests...done (0ms) 
 set [376/1778] : FAM174C - 7131 variants...
     -reading in genotypes, computing gene-based tests and building masks...done (13635ms) 
     -computing association tests...done (17ms) 
     -computing joint association tests...done (0ms) 
 set [377/1778] : FAM187B - 5377 variants...
     -reading in genotypes, computing gene-based tests and building masks...done (15222ms) 
     -computing association tests...done (21ms) 
     -computing joint association tests...done (0ms) 
 set [378/1778] : FAM187B2P - 3678 variants...
     -reading in genotypes, computing gene-based tests and building masks...done (5323ms) 
     -computing association tests...done (16ms) 
     -computing joint association tests...done (0ms) 
 set [379/1778] : FAM32A - 6663 variants...
     -reading in genotypes, computing gene-based tests and building masks...done (11414ms) 
     -computing association tests...done (29ms) 
     -computing joint association tests...done (0ms) 
 set [380/1778] : FAM83E - 13575 variants...
     -reading in genotypes, computing gene-based tests and building masks...done (26557ms) 
     -computing association tests...done (24ms) 
     -computing joint association tests...done (0ms) 
 set [381/1778] : FAM90A27P - 8848 variants...
     -reading in genotypes, computing gene-based tests and building masks...done (16989ms) 
     -computing association tests...done (20ms) 
     -computing joint association tests...done (0ms) 
 set [382/1778] : FAM98C - 4737 variants...
     -reading in genotypes, computing gene-based tests and building masks...done (15077ms) 
     -computing association tests...done (114ms) 
     -computing joint association tests...done (0ms) 
 set [383/1778] : FARSA - 7505 variants...
     -reading in genotypes, computing gene-based tests and building masks...done (17135ms) 
     -computing association tests...done (120ms) 
     -computing joint association tests...done (0ms) 
 set [384/1778] : FBL - 6869 variants...
     -reading in genotypes, computing gene-based tests and building masks...done (11972ms) 
     -computing association tests...done (17ms) 
     -computing joint association tests...done (0ms) 
 set [385/1778] : FBN3 - 44258 variants...
     -reading in genotypes, computing gene-based tests and building masks...done (85777ms) 
     -computing association tests...done (137ms) 
     -computing joint association tests...done (0ms) 
 set [386/1778] : FBXL12 - 9470 variants...
     -reading in genotypes, computing gene-based tests and building masks...done (17238ms) 
     -computing association tests...done (156ms) 
     -computing joint association tests...done (0ms) 
 set [387/1778] : FBXO17 - 19008 variants...
     -reading in genotypes, computing gene-based tests and building masks...done (33011ms) 
     -computing association tests...done (19ms) 
     -computing joint association tests...done (0ms) 
 set [388/1778] : FBXO27 - 9043 variants...
     -reading in genotypes, computing gene-based tests and building masks...done (16197ms) 
     -computing association tests...done (19ms) 
     -computing joint association tests...done (0ms) 
 set [389/1778] : FBXO46 - 13727 variants...
     -reading in genotypes, computing gene-based tests and building masks...done (21161ms) 
     -computing association tests...done (17ms) 
     -computing joint association tests...done (0ms) 
 set [390/1778] : FBXW9 - 7937 variants...
     -reading in genotypes, computing gene-based tests and building masks...done (15164ms) 
     -computing association tests...done (76ms) 
     -computing joint association tests...done (0ms) 
 set [391/1778] : FCAR - 13031 variants...
     -reading in genotypes, computing gene-based tests and building masks...done (29729ms) 
     -computing association tests...done (20ms) 
     -computing joint association tests...done (0ms) 
 set [392/1778] : FCER2 - 6700 variants...
     -reading in genotypes, computing gene-based tests and building masks...done (10785ms) 
     -computing association tests...done (17ms) 
     -computing joint association tests...done (0ms) 
 set [393/1778] : FCGBP - 41905 variants...
     -reading in genotypes, computing gene-based tests and building masks...done (100433ms) 
     -computing association tests...done (98ms) 
     -computing joint association tests...done (0ms) 
 set [394/1778] : FCGRT - 9971 variants...
     -reading in genotypes, computing gene-based tests and building masks...done (15996ms) 
     -computing association tests...done (72ms) 
     -computing joint association tests...done (0ms) 
 set [395/1778] : FCHO1 - 22336 variants...
     -reading in genotypes, computing gene-based tests and building masks...done (37655ms) 
     -computing association tests...done (22ms) 
     -computing joint association tests...done (0ms) 
 set [396/1778] : FDX2 - 8688 variants...
     -reading in genotypes, computing gene-based tests and building masks...done (28653ms) 
     -computing association tests...done (77ms) 
     -computing joint association tests...done (0ms) 
 set [397/1778] : FEM1A - 11063 variants...
     -reading in genotypes, computing gene-based tests and building masks...done (19217ms) 
     -computing association tests...done (90ms) 
     -computing joint association tests...done (0ms) 
 set [398/1778] : FFAR1 - 4602 variants...
     -reading in genotypes, computing gene-based tests and building masks...done (11107ms) 
     -computing association tests...done (78ms) 
     -computing joint association tests...done (0ms) 
 set [399/1778] : FFAR2 - 6659 variants...
     -reading in genotypes, computing gene-based tests and building masks...done (19142ms) 
     -computing association tests...done (73ms) 
     -computing joint association tests...done (0ms) 
 set [400/1778] : FFAR3 - 6496 variants...
     -reading in genotypes, computing gene-based tests and building masks...done (25198ms) 
     -computing association tests...done (82ms) 
     -computing joint association tests...done (0ms) 
 set [401/1778] : FGF21 - 8031 variants...
     -reading in genotypes, computing gene-based tests and building masks...done (18948ms) 
     -computing association tests...done (102ms) 
     -computing joint association tests...done (0ms) 
 set [402/1778] : FGF22 - 4388 variants...
     -reading in genotypes, computing gene-based tests and building masks...done (16390ms) 
     -computing association tests...done (76ms) 
     -computing joint association tests...done (0ms) 
 set [403/1778] : FIGLAP1 - 3966 variants...
     -reading in genotypes, computing gene-based tests and building masks...done (5979ms) 
     -computing association tests...done (16ms) 
     -computing joint association tests...done (0ms) 
 set [404/1778] : FIZ1 - 7249 variants...
     -reading in genotypes, computing gene-based tests and building masks...done (12857ms) 
     -computing association tests...done (204ms) 
     -computing joint association tests...done (0ms) 
 set [405/1778] : FKBP1AP1 - 1757 variants...
     -reading in genotypes, computing gene-based tests and building masks...done (3148ms) 
     -computing association tests...done (90ms) 
     -computing joint association tests...done (0ms) 
 set [406/1778] : FKBP8 - 10568 variants...
     -reading in genotypes, computing gene-based tests and building masks...done (14737ms) 
     -computing association tests...done (45ms) 
     -computing joint association tests...done (0ms) 
 set [407/1778] : FKRP - 13577 variants...
     -reading in genotypes, computing gene-based tests and building masks...done (22131ms) 
     -computing association tests...done (21ms) 
     -computing joint association tests...done (0ms) 
 set [408/1778] : FLT3LG - 8126 variants...
     -reading in genotypes, computing gene-based tests and building masks...done (13601ms) 
     -computing association tests...done (111ms) 
     -computing joint association tests...done (0ms) 
 set [409/1778] : FOSB - 8937 variants...
     -reading in genotypes, computing gene-based tests and building masks...done (14511ms) 
     -computing association tests...done (18ms) 
     -computing joint association tests...done (0ms) 
 set [410/1778] : FOXA3 - 6729 variants...
     -reading in genotypes, computing gene-based tests and building masks...done (12418ms) 
     -computing association tests...done (17ms) 
     -computing joint association tests...done (0ms) 
 set [411/1778] : FPR1 - 7311 variants...
     -reading in genotypes, computing gene-based tests and building masks...done (13017ms) 
     -computing association tests...done (37ms) 
     -computing joint association tests...done (0ms) 
 set [412/1778] : FPR2 - 7965 variants...
     -reading in genotypes, computing gene-based tests and building masks...done (11856ms) 
     -computing association tests...done (21ms) 
     -computing joint association tests...done (0ms) 
 set [413/1778] : FPR3 - 16063 variants...
     -reading in genotypes, computing gene-based tests and building masks...done (31238ms) 
     -computing association tests...done (19ms) 
     -computing joint association tests...done (0ms) 
 set [414/1778] : FSD1 - 14988 variants...
     -reading in genotypes, computing gene-based tests and building masks...done (22224ms) 
     -computing association tests...done (89ms) 
     -computing joint association tests...done (0ms) 
 set [415/1778] : FSTL3 - 10823 variants...
     -reading in genotypes, computing gene-based tests and building masks...done (18750ms) 
     -computing association tests...done (180ms) 
     -computing joint association tests...done (0ms) 
 set [416/1778] : FTL - 3389 variants...
     -reading in genotypes, computing gene-based tests and building masks...done (8222ms) 
     -computing association tests...done (29ms) 
     -computing joint association tests...done (0ms) 
 set [417/1778] : FTLP5 - 857 variants...
     -reading in genotypes, computing gene-based tests and building masks...done (1768ms) 
     -computing association tests...done (8ms) 
     -computing joint association tests...done (0ms) 
 set [418/1778] : FUT2 - 10381 variants...
     -reading in genotypes, computing gene-based tests and building masks...done (22781ms) 
     -computing association tests...done (81ms) 
     -computing joint association tests...done (0ms) 
 set [419/1778] : FUT3 - 5601 variants...
     -reading in genotypes, computing gene-based tests and building masks...done (13630ms) 
     -computing association tests...done (78ms) 
     -computing joint association tests...done (0ms) 
 set [420/1778] : FUT5 - 7075 variants...
     -reading in genotypes, computing gene-based tests and building masks...done (12304ms) 
     -computing association tests...done (137ms) 
     -computing joint association tests...done (0ms) 
 set [421/1778] : FUT6 - 5163 variants...
     -reading in genotypes, computing gene-based tests and building masks...done (13639ms) 
     -computing association tests...done (17ms) 
     -computing joint association tests...done (0ms) 
 set [422/1778] : FUZ - 5555 variants...
     -reading in genotypes, computing gene-based tests and building masks...done (15791ms) 
     -computing association tests...done (20ms) 
     -computing joint association tests...done (0ms) 
 set [423/1778] : FXYD1 - 4450 variants...
     -reading in genotypes, computing gene-based tests and building masks...done (8345ms) 
     -computing association tests...done (17ms) 
     -computing joint association tests...done (0ms) 
 set [424/1778] : FXYD3 - 6138 variants...
     -reading in genotypes, computing gene-based tests and building masks...done (11039ms) 
     -computing association tests...done (18ms) 
     -computing joint association tests...done (0ms) 
 set [425/1778] : FXYD5 - 9492 variants...
     -reading in genotypes, computing gene-based tests and building masks...done (15742ms) 
     -computing association tests...done (124ms) 
     -computing joint association tests...done (0ms) 
 set [426/1778] : FXYD7 - 4423 variants...
     -reading in genotypes, computing gene-based tests and building masks...done (9122ms) 
     -computing association tests...done (17ms) 
     -computing joint association tests...done (0ms) 
 set [427/1778] : FZR1 - 17528 variants...
     -reading in genotypes, computing gene-based tests and building masks...done (31623ms) 
     -computing association tests...done (75ms) 
     -computing joint association tests...done (0ms) 
 set [428/1778] : GADD45B - 6733 variants...
     -reading in genotypes, computing gene-based tests and building masks...done (18207ms) 
     -computing association tests...done (105ms) 
     -computing joint association tests...done (0ms) 
 set [429/1778] : GADD45GIP1 - 6435 variants...
     -reading in genotypes, computing gene-based tests and building masks...done (12448ms) 
     -computing association tests...done (18ms) 
     -computing joint association tests...done (0ms) 
 set [430/1778] : GALP - 7938 variants...
     -reading in genotypes, computing gene-based tests and building masks...done (20394ms) 
     -computing association tests...done (73ms) 
     -computing joint association tests...done (0ms) 
 set [431/1778] : GAMT - 6105 variants...
     -reading in genotypes, computing gene-based tests and building masks...done (10345ms) 
     -computing association tests...done (134ms) 
     -computing joint association tests...done (0ms) 
 set [432/1778] : GAPDHP76 - 5084 variants...
     -reading in genotypes, computing gene-based tests and building masks...done (17911ms) 
     -computing association tests...done (74ms) 
     -computing joint association tests...done (0ms) 
 set [433/1778] : GAPDHS - 6697 variants...
     -reading in genotypes, computing gene-based tests and building masks...done (11836ms) 
     -computing association tests...done (21ms) 
     -computing joint association tests...done (0ms) 
 set [434/1778] : GARIN5A - 4060 variants...
     -reading in genotypes, computing gene-based tests and building masks...done (14272ms) 
     -computing association tests...done (74ms) 
     -computing joint association tests...done (0ms) 
 set [435/1778] : GARRE1 - 49169 variants...
     -reading in genotypes, computing gene-based tests and building masks...done (93064ms) 
     -computing association tests...done (123ms) 
     -computing joint association tests...done (0ms) 
 set [436/1778] : GATAD2A - 53687 variants...
     -reading in genotypes, computing gene-based tests and building masks...done (110669ms) 
     -computing association tests...done (84ms) 
     -computing joint association tests...done (0ms) 
 set [437/1778] : GCDH - 5385 variants...
     -reading in genotypes, computing gene-based tests and building masks...done (10089ms) 
     -computing association tests...done (143ms) 
     -computing joint association tests...done (0ms) 
 set [438/1778] : GDF1 - 18270 variants...
     -reading in genotypes, computing gene-based tests and building masks...done (30123ms) 
     -computing association tests...done (16ms) 
     -computing joint association tests...done (0ms) 
 set [439/1778] : GDF15 - 7343 variants...
     -reading in genotypes, computing gene-based tests and building masks...done (16603ms) 
     -computing association tests...done (122ms) 
     -computing joint association tests...done (0ms) 
 set [440/1778] : GEMIN7 - 8443 variants...
     -reading in genotypes, computing gene-based tests and building masks...done (14458ms) 
     -computing association tests...done (70ms) 
     -computing joint association tests...done (0ms) 
 set [441/1778] : GET3 - 10064 variants...
     -reading in genotypes, computing gene-based tests and building masks...done (15850ms) 
     -computing association tests...done (82ms) 
     -computing joint association tests...done (0ms) 
 set [442/1778] : GGN - 7297 variants...
     -reading in genotypes, computing gene-based tests and building masks...done (12157ms) 
     -computing association tests...done (25ms) 
     -computing joint association tests...done (0ms) 
 set [443/1778] : GIPC1 - 12379 variants...
     -reading in genotypes, computing gene-based tests and building masks...done (24958ms) 
     -computing association tests...done (74ms) 
     -computing joint association tests...done (0ms) 
 set [444/1778] : GIPC3 - 2951 variants...
     -reading in genotypes, computing gene-based tests and building masks...done (7068ms) 
     -computing association tests...done (14ms) 
     -computing joint association tests...done (0ms) 
 set [445/1778] : GIPR - 9568 variants...
     -reading in genotypes, computing gene-based tests and building masks...done (23829ms) 
     -computing association tests...done (123ms) 
     -computing joint association tests...done (0ms) 
 set [446/1778] : GMFG - 8197 variants...
     -reading in genotypes, computing gene-based tests and building masks...done (22795ms) 
     -computing association tests...done (31ms) 
     -computing joint association tests...done (0ms) 
 set [447/1778] : GMIP - 6940 variants...
     -reading in genotypes, computing gene-based tests and building masks...done (16605ms) 
     -computing association tests...done (25ms) 
     -computing joint association tests...done (0ms) 
 set [448/1778] : GNA11 - 21758 variants...
     -reading in genotypes, computing gene-based tests and building masks...done (41553ms) 
     -computing association tests...done (126ms) 
     -computing joint association tests...done (0ms) 
 set [449/1778] : GNA15 - 21743 variants...
     -reading in genotypes, computing gene-based tests and building masks...done (39966ms) 
     -computing association tests...done (83ms) 
     -computing joint association tests...done (0ms) 
 set [450/1778] : GNG7 - 121660 variants...
     -reading in genotypes, computing gene-based tests and building masks...done (486197ms) 
     -computing association tests...done (159ms) 
     -computing joint association tests...done (0ms) 
 set [451/1778] : GNG8 - 6684 variants...
     -reading in genotypes, computing gene-based tests and building masks...done (33963ms) 
     -computing association tests...done (19ms) 
     -computing joint association tests...done (0ms) 
 set [452/1778] : GOLGA2P9 - 7227 variants...
     -reading in genotypes, computing gene-based tests and building masks...done (9738ms) 
     -computing association tests...done (15ms) 
     -computing joint association tests...done (0ms) 
 set [453/1778] : GP6 - 24077 variants...
     -reading in genotypes, computing gene-based tests and building masks...done (80815ms) 
     -computing association tests...done (20ms) 
     -computing joint association tests...done (0ms) 
 set [454/1778] : GP6-AS1 - 1308 variants...
     -reading in genotypes, computing gene-based tests and building masks...done (3624ms) 
     -computing association tests...done (9ms) 
     -computing joint association tests...done (0ms) 
 set [455/1778] : GPATCH1 - 25273 variants...
     -reading in genotypes, computing gene-based tests and building masks...done (43091ms) 
     -computing association tests...done (22ms) 
     -computing joint association tests...done (0ms) 
 set [456/1778] : GPI - 19243 variants...
     -reading in genotypes, computing gene-based tests and building masks...done (30555ms) 
     -computing association tests...done (19ms) 
     -computing joint association tests...done (0ms) 
 set [457/1778] : GPR108 - 8525 variants...
     -reading in genotypes, computing gene-based tests and building masks...done (19729ms) 
     -computing association tests...done (19ms) 
     -computing joint association tests...done (0ms) 
 set [458/1778] : GPR32 - 6061 variants...
     -reading in genotypes, computing gene-based tests and building masks...done (22904ms) 
     -computing association tests...done (21ms) 
     -computing joint association tests...done (0ms) 
 set [459/1778] : GPR32P1 - 394 variants...
     -reading in genotypes, computing gene-based tests and building masks...done (1062ms) 
     -computing association tests...done (80ms) 
     -computing joint association tests...done (0ms) 
 set [460/1778] : GPR4 - 10290 variants...
     -reading in genotypes, computing gene-based tests and building masks...done (24234ms) 
     -computing association tests...done (75ms) 
     -computing joint association tests...done (0ms) 
 set [461/1778] : GPR42 - 8349 variants...
     -reading in genotypes, computing gene-based tests and building masks...done (35510ms) 
     -computing association tests...done (28ms) 
     -computing joint association tests...done (0ms) 
 set [462/1778] : GPX4 - 4261 variants...
     -reading in genotypes, computing gene-based tests and building masks...done (7710ms) 
     -computing association tests...done (17ms) 
     -computing joint association tests...done (0ms) 
 set [463/1778] : GRAMD1A - 16519 variants...
     -reading in genotypes, computing gene-based tests and building masks...done (26578ms) 
     -computing association tests...done (22ms) 
     -computing joint association tests...done (0ms) 
 set [464/1778] : GRAMD1A-AS1 - 907 variants...
     -reading in genotypes, computing gene-based tests and building masks...done (1887ms) 
     -computing association tests...done (11ms) 
     -computing joint association tests...done (0ms) 
 set [465/1778] : GRIK5 - 34942 variants...
     -reading in genotypes, computing gene-based tests and building masks...done (63667ms) 
     -computing association tests...done (21ms) 
     -computing joint association tests...done (0ms) 
 set [466/1778] : GRIN2D - 26775 variants...
     -reading in genotypes, computing gene-based tests and building masks...done (45323ms) 
     -computing association tests...done (95ms) 
     -computing joint association tests...done (0ms) 
 set [467/1778] : GRIN3B - 11459 variants...
     -reading in genotypes, computing gene-based tests and building masks...done (17581ms) 
     -computing association tests...done (24ms) 
     -computing joint association tests...done (0ms) 
 set [468/1778] : GRWD1 - 5732 variants...
     -reading in genotypes, computing gene-based tests and building masks...done (9712ms) 
     -computing association tests...done (20ms) 
     -computing joint association tests...done (0ms) 
 set [469/1778] : GSK3A - 3961 variants...
     -reading in genotypes, computing gene-based tests and building masks...done (12520ms) 
     -computing association tests...done (15ms) 
     -computing joint association tests...done (0ms) 
 set [470/1778] : GTF2F1 - 9714 variants...
     -reading in genotypes, computing gene-based tests and building masks...done (15132ms) 
     -computing association tests...done (21ms) 
     -computing joint association tests...done (0ms) 
 set [471/1778] : GTPBP3 - 5222 variants...
     -reading in genotypes, computing gene-based tests and building masks...done (10767ms) 
     -computing association tests...done (96ms) 
     -computing joint association tests...done (0ms) 
 set [472/1778] : GYS1 - 13572 variants...
     -reading in genotypes, computing gene-based tests and building masks...done (22826ms) 
     -computing association tests...done (73ms) 
     -computing joint association tests...done (0ms) 
 set [473/1778] : GZMM - 10515 variants...
     -reading in genotypes, computing gene-based tests and building masks...done (20530ms) 
     -computing association tests...done (116ms) 
     -computing joint association tests...done (0ms) 
 set [474/1778] : HAMP - 3078 variants...
     -reading in genotypes, computing gene-based tests and building masks...done (10236ms) 
     -computing association tests...done (15ms) 
     -computing joint association tests...done (0ms) 
 set [475/1778] : HAPLN4 - 4344 variants...
     -reading in genotypes, computing gene-based tests and building masks...done (7804ms) 
     -computing association tests...done (20ms) 
     -computing joint association tests...done (0ms) 
 set [476/1778] : HAS1 - 9017 variants...
     -reading in genotypes, computing gene-based tests and building masks...done (15115ms) 
     -computing association tests...done (84ms) 
     -computing joint association tests...done (0ms) 
 set [477/1778] : HAUS5 - 9137 variants...
     -reading in genotypes, computing gene-based tests and building masks...done (21323ms) 
     -computing association tests...done (79ms) 
     -computing joint association tests...done (0ms) 
 set [478/1778] : HAUS5-DT - 1986 variants...
     -reading in genotypes, computing gene-based tests and building masks...done (3224ms) 
     -computing association tests...done (14ms) 
     -computing joint association tests...done (0ms) 
 set [479/1778] : HAUS8 - 18948 variants...
     -reading in genotypes, computing gene-based tests and building masks...done (54036ms) 
     -computing association tests...done (151ms) 
     -computing joint association tests...done (0ms) 
 set [480/1778] : HCN2 - 27062 variants...
     -reading in genotypes, computing gene-based tests and building masks...done (62241ms) 
     -computing association tests...done (95ms) 
     -computing joint association tests...done (0ms) 
 set [481/1778] : HCST - 8249 variants...
     -reading in genotypes, computing gene-based tests and building masks...done (21639ms) 
     -computing association tests...done (44ms) 
     -computing joint association tests...done (0ms) 
 set [482/1778] : HDGFL2 - 18550 variants...
     -reading in genotypes, computing gene-based tests and building masks...done (29830ms) 
     -computing association tests...done (99ms) 
     -computing joint association tests...done (0ms) 
 set [483/1778] : HIF3A - 22900 variants...
     -reading in genotypes, computing gene-based tests and building masks...done (40444ms) 
     -computing association tests...done (162ms) 
     -computing joint association tests...done (0ms) 
 set [484/1778] : HIKESHIP2 - 881 variants...
     -reading in genotypes, computing gene-based tests and building masks...done (4816ms) 
     -computing association tests...done (6ms) 
     -computing joint association tests...done (0ms) 
 set [485/1778] : HIPK4 - 6460 variants...
     -reading in genotypes, computing gene-based tests and building masks...done (11587ms) 
     -computing association tests...done (105ms) 
     -computing joint association tests...done (0ms) 
 set [486/1778] : HMG20B - 9622 variants...
     -reading in genotypes, computing gene-based tests and building masks...done (15269ms) 
     -computing association tests...done (23ms) 
     -computing joint association tests...done (0ms) 
 set [487/1778] : HMGB2P1 - 1419 variants...
     -reading in genotypes, computing gene-based tests and building masks...done (2863ms) 
     -computing association tests...done (12ms) 
     -computing joint association tests...done (0ms) 
 set [488/1778] : HMGN1P32 - 587 variants...
     -reading in genotypes, computing gene-based tests and building masks...done (7538ms) 
     -computing association tests...done (8ms) 
     -computing joint association tests...done (0ms) 
 set [489/1778] : HNRNPA1P52 - 2525 variants...
     -reading in genotypes, computing gene-based tests and building masks...done (9965ms) 
     -computing association tests...done (180ms) 
     -computing joint association tests...done (0ms) 
 set [490/1778] : HNRNPL - 12135 variants...
     -reading in genotypes, computing gene-based tests and building masks...done (25090ms) 
     -computing association tests...done (107ms) 
     -computing joint association tests...done (0ms) 
 set [491/1778] : HNRNPM - 20274 variants...
     -reading in genotypes, computing gene-based tests and building masks...done (31101ms) 
     -computing association tests...done (18ms) 
     -computing joint association tests...done (0ms) 
 set [492/1778] : HNRNPUL1 - 20652 variants...
     -reading in genotypes, computing gene-based tests and building masks...done (32273ms) 
     -computing association tests...done (133ms) 
     -computing joint association tests...done (0ms) 
 set [493/1778] : HOMER3 - 6359 variants...
     -reading in genotypes, computing gene-based tests and building masks...done (12642ms) 
     -computing association tests...done (142ms) 
     -computing joint association tests...done (0ms) 
 set [494/1778] : HOMER3-AS1 - 2873 variants...
     -reading in genotypes, computing gene-based tests and building masks...done (6970ms) 
     -computing association tests...done (12ms) 
     -computing joint association tests...done (0ms) 
 set [495/1778] : HOOK2 - 9330 variants...
     -reading in genotypes, computing gene-based tests and building masks...done (14506ms) 
     -computing association tests...done (18ms) 
     -computing joint association tests...done (0ms) 
 set [496/1778] : HPN - 10940 variants...
     -reading in genotypes, computing gene-based tests and building masks...done (17077ms) 
     -computing association tests...done (116ms) 
     -computing joint association tests...done (0ms) 
 set [497/1778] : HPN-AS1 - 9930 variants...
     -reading in genotypes, computing gene-based tests and building masks...done (13308ms) 
     -computing association tests...done (18ms) 
     -computing joint association tests...done (0ms) 
 set [498/1778] : HRC - 4790 variants...
     -reading in genotypes, computing gene-based tests and building masks...done (7990ms) 
     -computing association tests...done (25ms) 
     -computing joint association tests...done (0ms) 
 set [499/1778] : HSD11B1L - 4930 variants...
     -reading in genotypes, computing gene-based tests and building masks...done (9172ms) 
     -computing association tests...done (16ms) 
     -computing joint association tests...done (0ms) 
 set [500/1778] : HSD17B14 - 17698 variants...
     -reading in genotypes, computing gene-based tests and building masks...done (37853ms) 
     -computing association tests...done (125ms) 
     -computing joint association tests...done (0ms) 
 set [501/1778] : HSH2D - 7794 variants...
     -reading in genotypes, computing gene-based tests and building masks...done (23943ms) 
     -computing association tests...done (75ms) 
     -computing joint association tests...done (0ms) 
 set [502/1778] : HSPB6 - 3390 variants...
     -reading in genotypes, computing gene-based tests and building masks...done (7298ms) 
     -computing association tests...done (184ms) 
     -computing joint association tests...done (0ms) 
 set [503/1778] : HSPBP1 - 8292 variants...
     -reading in genotypes, computing gene-based tests and building masks...done (15309ms) 
     -computing association tests...done (83ms) 
     -computing joint association tests...done (0ms) 
 set [504/1778] : ICAM1 - 9976 variants...
     -reading in genotypes, computing gene-based tests and building masks...done (16586ms) 
     -computing association tests...done (22ms) 
     -computing joint association tests...done (0ms) 
 set [505/1778] : ICAM3 - 7479 variants...
     -reading in genotypes, computing gene-based tests and building masks...done (11890ms) 
     -computing association tests...done (132ms) 
     -computing joint association tests...done (0ms) 
 set [506/1778] : ICAM5 - 7954 variants...
     -reading in genotypes, computing gene-based tests and building masks...done (12653ms) 
     -computing association tests...done (81ms) 
     -computing joint association tests...done (0ms) 
 set [507/1778] : IER2 - 4706 variants...
     -reading in genotypes, computing gene-based tests and building masks...done (13416ms) 
     -computing association tests...done (203ms) 
     -computing joint association tests...done (0ms) 
 set [508/1778] : IFI30 - 5835 variants...
     -reading in genotypes, computing gene-based tests and building masks...done (10517ms) 
     -computing association tests...done (18ms) 
     -computing joint association tests...done (0ms) 
 set [509/1778] : IFNL1 - 4684 variants...
     -reading in genotypes, computing gene-based tests and building masks...done (14043ms) 
     -computing association tests...done (17ms) 
     -computing joint association tests...done (0ms) 
 set [510/1778] : IFNL2 - 6101 variants...
     -reading in genotypes, computing gene-based tests and building masks...done (14253ms) 
     -computing association tests...done (20ms) 
     -computing joint association tests...done (0ms) 
 set [511/1778] : IFNL3 - 5484 variants...
     -reading in genotypes, computing gene-based tests and building masks...done (9614ms) 
     -computing association tests...done (21ms) 
     -computing joint association tests...done (0ms) 
 set [512/1778] : IFNL3P1 - 416 variants...
     -reading in genotypes, computing gene-based tests and building masks...done (3415ms) 
     -computing association tests...done (13ms) 
     -computing joint association tests...done (0ms) 
 set [513/1778] : IFNL4 - 1486 variants...
     -reading in genotypes, computing gene-based tests and building masks...done (5105ms) 
     -computing association tests...done (11ms) 
     -computing joint association tests...done (0ms) 
 set [514/1778] : IFNL4P1 - 1711 variants...
     -reading in genotypes, computing gene-based tests and building masks...done (2637ms) 
     -computing association tests...done (13ms) 
     -computing joint association tests...done (0ms) 
 set [515/1778] : IGFL1 - 4935 variants...
     -reading in genotypes, computing gene-based tests and building masks...done (10011ms) 
     -computing association tests...done (93ms) 
     -computing joint association tests...done (0ms) 
 set [516/1778] : IGFL1P2 - 2416 variants...
     -reading in genotypes, computing gene-based tests and building masks...done (3686ms) 
     -computing association tests...done (20ms) 
     -computing joint association tests...done (0ms) 
 set [517/1778] : IGFL2 - 9552 variants...
     -reading in genotypes, computing gene-based tests and building masks...done (21312ms) 
     -computing association tests...done (75ms) 
     -computing joint association tests...done (0ms) 
 set [518/1778] : IGFL2-AS1 - 264 variants...
     -reading in genotypes, computing gene-based tests and building masks...done (2990ms) 
     -computing association tests...done (199ms) 
     -computing joint association tests...done (0ms) 
 set [519/1778] : IGFL3 - 5913 variants...
     -reading in genotypes, computing gene-based tests and building masks...done (10151ms) 
     -computing association tests...done (19ms) 
     -computing joint association tests...done (0ms) 
 set [520/1778] : IGFL4 - 19833 variants...
     -reading in genotypes, computing gene-based tests and building masks...done (34443ms) 
     -computing association tests...done (152ms) 
     -computing joint association tests...done (0ms) 
 set [521/1778] : IGFLR1 - 1010 variants...
     -reading in genotypes, computing gene-based tests and building masks...done (5532ms) 
     -computing association tests...done (11ms) 
     -computing joint association tests...done (0ms) 
 set [522/1778] : IGLON5 - 13716 variants...
     -reading in genotypes, computing gene-based tests and building masks...done (29976ms) 
     -computing association tests...done (84ms) 
     -computing joint association tests...done (0ms) 
 set [523/1778] : IGSF23 - 13790 variants...
     -reading in genotypes, computing gene-based tests and building masks...done (21306ms) 
     -computing association tests...done (21ms) 
     -computing joint association tests...done (0ms) 
 set [524/1778] : IL11 - 11111 variants...
     -reading in genotypes, computing gene-based tests and building masks...done (27866ms) 
     -computing association tests...done (89ms) 
     -computing joint association tests...done (0ms) 
 set [525/1778] : IL12RB1 - 18093 variants...
     -reading in genotypes, computing gene-based tests and building masks...done (33475ms) 
     -computing association tests...done (111ms) 
     -computing joint association tests...done (0ms) 
 set [526/1778] : IL27RA - 13676 variants...
     -reading in genotypes, computing gene-based tests and building masks...done (23171ms) 
     -computing association tests...done (131ms) 
     -computing joint association tests...done (0ms) 
 set [527/1778] : IL4I1 - 3592 variants...
     -reading in genotypes, computing gene-based tests and building masks...done (8482ms) 
     -computing association tests...done (18ms) 
     -computing joint association tests...done (0ms) 
 set [528/1778] : ILF3 - 27637 variants...
     -reading in genotypes, computing gene-based tests and building masks...done (46353ms) 
     -computing association tests...done (17ms) 
     -computing joint association tests...done (0ms) 
 set [529/1778] : ILVBL - 9329 variants...
     -reading in genotypes, computing gene-based tests and building masks...done (13999ms) 
     -computing association tests...done (24ms) 
     -computing joint association tests...done (0ms) 
 set [530/1778] : ILVBL-AS1 - 162 variants...
     -reading in genotypes, computing gene-based tests and building masks...done (496ms) 
     -computing association tests...done (1ms) 
     -computing joint association tests...done (0ms) 
 set [531/1778] : INAFM1 - 7008 variants...
     -reading in genotypes, computing gene-based tests and building masks...done (17066ms) 
     -computing association tests...done (84ms) 
     -computing joint association tests...done (0ms) 
 set [532/1778] : INSL3 - 4645 variants...
     -reading in genotypes, computing gene-based tests and building masks...done (12584ms) 
     -computing association tests...done (81ms) 
     -computing joint association tests...done (0ms) 
 set [533/1778] : INSR - 101065 variants...
     -reading in genotypes, computing gene-based tests and building masks...done (292514ms) 
     -computing association tests...done (131ms) 
     -computing joint association tests...done (0ms) 
 set [534/1778] : IQCN - 6698 variants...
     -reading in genotypes, computing gene-based tests and building masks...done (17591ms) 
     -computing association tests...done (84ms) 
     -computing joint association tests...done (0ms) 
 set [535/1778] : IRF2BP1 - 2795 variants...
     -reading in genotypes, computing gene-based tests and building masks...done (6690ms) 
     -computing association tests...done (79ms) 
     -computing joint association tests...done (0ms) 
 set [536/1778] : IRF3 - 7975 variants...
     -reading in genotypes, computing gene-based tests and building masks...done (14190ms) 
     -computing association tests...done (20ms) 
     -computing joint association tests...done (0ms) 
 set [537/1778] : IRGC - 5219 variants...
     -reading in genotypes, computing gene-based tests and building masks...done (10933ms) 
     -computing association tests...done (32ms) 
     -computing joint association tests...done (0ms) 
 set [538/1778] : IRGQ - 4316 variants...
     -reading in genotypes, computing gene-based tests and building masks...done (8072ms) 
     -computing association tests...done (14ms) 
     -computing joint association tests...done (0ms) 
 set [539/1778] : ISOC2 - 17430 variants...
     -reading in genotypes, computing gene-based tests and building masks...done (30849ms) 
     -computing association tests...done (73ms) 
     -computing joint association tests...done (0ms) 
 set [540/1778] : ISYNA1 - 18263 variants...
     -reading in genotypes, computing gene-based tests and building masks...done (38617ms) 
     -computing association tests...done (78ms) 
     -computing joint association tests...done (0ms) 
 set [541/1778] : ITPKC - 14689 variants...
     -reading in genotypes, computing gene-based tests and building masks...done (24293ms) 
     -computing association tests...done (121ms) 
     -computing joint association tests...done (0ms) 
 set [542/1778] : IZUMO1 - 4861 variants...
     -reading in genotypes, computing gene-based tests and building masks...done (8797ms) 
     -computing association tests...done (17ms) 
     -computing joint association tests...done (0ms) 
 set [543/1778] : IZUMO2 - 11406 variants...
     -reading in genotypes, computing gene-based tests and building masks...done (22137ms) 
     -computing association tests...done (19ms) 
     -computing joint association tests...done (0ms) 
 set [544/1778] : JAK3 - 11942 variants...
     -reading in genotypes, computing gene-based tests and building masks...done (18044ms) 
     -computing association tests...done (20ms) 
     -computing joint association tests...done (0ms) 
 set [545/1778] : JOSD2 - 8292 variants...
     -reading in genotypes, computing gene-based tests and building masks...done (15755ms) 
     -computing association tests...done (100ms) 
     -computing joint association tests...done (0ms) 
 set [546/1778] : JSRP1 - 4073 variants...
     -reading in genotypes, computing gene-based tests and building masks...done (11762ms) 
     -computing association tests...done (14ms) 
     -computing joint association tests...done (0ms) 
 set [547/1778] : JUNB - 2623 variants...
     -reading in genotypes, computing gene-based tests and building masks...done (4265ms) 
     -computing association tests...done (11ms) 
     -computing joint association tests...done (0ms) 
 set [548/1778] : JUND - 7518 variants...
     -reading in genotypes, computing gene-based tests and building masks...done (13024ms) 
     -computing association tests...done (19ms) 
     -computing joint association tests...done (0ms) 
 set [549/1778] : KANK2 - 21580 variants...
     -reading in genotypes, computing gene-based tests and building masks...done (46424ms) 
     -computing association tests...done (22ms) 
     -computing joint association tests...done (0ms) 
 set [550/1778] : KANK3 - 14749 variants...
     -reading in genotypes, computing gene-based tests and building masks...done (35241ms) 
     -computing association tests...done (180ms) 
     -computing joint association tests...done (0ms) 
 set [551/1778] : KASH5 - 19718 variants...
     -reading in genotypes, computing gene-based tests and building masks...done (41799ms) 
     -computing association tests...done (20ms) 
     -computing joint association tests...done (0ms) 
 set [552/1778] : KCNA7 - 8863 variants...
     -reading in genotypes, computing gene-based tests and building masks...done (15807ms) 
     -computing association tests...done (16ms) 
     -computing joint association tests...done (0ms) 
 set [553/1778] : KCNC3 - 10773 variants...
     -reading in genotypes, computing gene-based tests and building masks...done (19914ms) 
     -computing association tests...done (23ms) 
     -computing joint association tests...done (0ms) 
 set [554/1778] : KCNJ14 - 7064 variants...
     -reading in genotypes, computing gene-based tests and building masks...done (12223ms) 
     -computing association tests...done (20ms) 
     -computing joint association tests...done (0ms) 
 set [555/1778] : KCNK6 - 7557 variants...
     -reading in genotypes, computing gene-based tests and building masks...done (12132ms) 
     -computing association tests...done (16ms) 
     -computing joint association tests...done (0ms) 
 set [556/1778] : KCNN1 - 22845 variants...
     -reading in genotypes, computing gene-based tests and building masks...done (48618ms) 
     -computing association tests...done (20ms) 
     -computing joint association tests...done (0ms) 
 set [557/1778] : KCNN4 - 11199 variants...
     -reading in genotypes, computing gene-based tests and building masks...done (29740ms) 
     -computing association tests...done (19ms) 
     -computing joint association tests...done (0ms) 
 set [558/1778] : KCTD15 - 14143 variants...
     -reading in genotypes, computing gene-based tests and building masks...done (24652ms) 
     -computing association tests...done (169ms) 
     -computing joint association tests...done (0ms) 
 set [559/1778] : KDELR1 - 4657 variants...
     -reading in genotypes, computing gene-based tests and building masks...done (10245ms) 
     -computing association tests...done (37ms) 
     -computing joint association tests...done (0ms) 
 set [560/1778] : KDM4B - 103942 variants...
     -reading in genotypes, computing gene-based tests and building masks...done (316862ms) 
     -computing association tests...done (102ms) 
     -computing joint association tests...done (0ms) 
 set [561/1778] : KEAP1 - 13692 variants...
     -reading in genotypes, computing gene-based tests and building masks...done (22539ms) 
     -computing association tests...done (18ms) 
     -computing joint association tests...done (0ms) 
 set [562/1778] : KHSRP - 8153 variants...
     -reading in genotypes, computing gene-based tests and building masks...done (12940ms) 
     -computing association tests...done (73ms) 
     -computing joint association tests...done (0ms) 
 set [563/1778] : KIR2DL1 - 21574 variants...
     -reading in genotypes, computing gene-based tests and building masks...done (70206ms) 
     -computing association tests...done (20ms) 
     -computing joint association tests...done (0ms) 
 set [564/1778] : KIR2DL3 - 25196 variants...
     -reading in genotypes, computing gene-based tests and building masks...done (114757ms) 
     -computing association tests...done (24ms) 
     -computing joint association tests...done (0ms) 
 set [565/1778] : KIR2DL4 - 6247 variants...
     -reading in genotypes, computing gene-based tests and building masks...done (9833ms) 
     -computing association tests...done (21ms) 
     -computing joint association tests...done (0ms) 
 set [566/1778] : KIR2DP1 - 5368 variants...
     -reading in genotypes, computing gene-based tests and building masks...done (14060ms) 
     -computing association tests...done (234ms) 
     -computing joint association tests...done (0ms) 
 set [567/1778] : KIR2DS4 - 9365 variants...
     -reading in genotypes, computing gene-based tests and building masks...done (27168ms) 
     -computing association tests...done (44ms) 
     -computing joint association tests...done (0ms) 
 set [568/1778] : KIR3DL1 - 20107 variants...
     -reading in genotypes, computing gene-based tests and building masks...done (55916ms) 
     -computing association tests...done (24ms) 
     -computing joint association tests...done (0ms) 
 set [569/1778] : KIR3DL2 - 14294 variants...
     -reading in genotypes, computing gene-based tests and building masks...done (24404ms) 
     -computing association tests...done (24ms) 
     -computing joint association tests...done (0ms) 
 set [570/1778] : KIR3DL3 - 8833 variants...
     -reading in genotypes, computing gene-based tests and building masks...done (13756ms) 
     -computing association tests...done (76ms) 
     -computing joint association tests...done (0ms) 
 set [571/1778] : KIR3DP1 - 4951 variants...
     -reading in genotypes, computing gene-based tests and building masks...done (15548ms) 
     -computing association tests...done (74ms) 
     -computing joint association tests...done (0ms) 
 set [572/1778] : KIRREL2 - 6604 variants...
     -reading in genotypes, computing gene-based tests and building masks...done (13792ms) 
     -computing association tests...done (18ms) 
     -computing joint association tests...done (0ms) 
 set [573/1778] : KISS1R - 5120 variants...
     -reading in genotypes, computing gene-based tests and building masks...done (9557ms) 
     -computing association tests...done (145ms) 
     -computing joint association tests...done (0ms) 
 set [574/1778] : KLC3 - 5776 variants...
     -reading in genotypes, computing gene-based tests and building masks...done (13382ms) 
     -computing association tests...done (16ms) 
     -computing joint association tests...done (0ms) 
 set [575/1778] : KLF1 - 1232 variants...
     -reading in genotypes, computing gene-based tests and building masks...done (8867ms) 
     -computing association tests...done (73ms) 
     -computing joint association tests...done (0ms) 
 set [576/1778] : KLF16 - 13588 variants...
     -reading in genotypes, computing gene-based tests and building masks...done (27908ms) 
     -computing association tests...done (78ms) 
     -computing joint association tests...done (0ms) 
 set [577/1778] : KLF2 - 6884 variants...
     -reading in genotypes, computing gene-based tests and building masks...done (10885ms) 
     -computing association tests...done (17ms) 
     -computing joint association tests...done (0ms) 
 set [578/1778] : KLF2-DT - 18489 variants...
     -reading in genotypes, computing gene-based tests and building masks...done (37239ms) 
     -computing association tests...done (17ms) 
     -computing joint association tests...done (0ms) 
 set [579/1778] : KLHL26 - 24758 variants...
     -reading in genotypes, computing gene-based tests and building masks...done (43904ms) 
     -computing association tests...done (135ms) 
     -computing joint association tests...done (0ms) 
 set [580/1778] : KLK10 - 5551 variants...
     -reading in genotypes, computing gene-based tests and building masks...done (11860ms) 
     -computing association tests...done (72ms) 
     -computing joint association tests...done (0ms) 
 set [581/1778] : KLK11 - 4920 variants...
     -reading in genotypes, computing gene-based tests and building masks...done (7778ms) 
     -computing association tests...done (197ms) 
     -computing joint association tests...done (0ms) 
 set [582/1778] : KLK1 - 6601 variants...
     -reading in genotypes, computing gene-based tests and building masks...done (10953ms) 
     -computing association tests...done (29ms) 
     -computing joint association tests...done (0ms) 
 set [583/1778] : KLK12 - 3806 variants...
     -reading in genotypes, computing gene-based tests and building masks...done (7685ms) 
     -computing association tests...done (28ms) 
     -computing joint association tests...done (0ms) 
 set [584/1778] : KLK13 - 8606 variants...
     -reading in genotypes, computing gene-based tests and building masks...done (14944ms) 
     -computing association tests...done (108ms) 
     -computing joint association tests...done (0ms) 
 set [585/1778] : KLK14 - 7934 variants...
     -reading in genotypes, computing gene-based tests and building masks...done (13781ms) 
     -computing association tests...done (21ms) 
     -computing joint association tests...done (0ms) 
 set [586/1778] : KLK15 - 4709 variants...
     -reading in genotypes, computing gene-based tests and building masks...done (8902ms) 
     -computing association tests...done (17ms) 
     -computing joint association tests...done (0ms) 
 set [587/1778] : KLK2 - 8602 variants...
     -reading in genotypes, computing gene-based tests and building masks...done (21191ms) 
     -computing association tests...done (90ms) 
     -computing joint association tests...done (0ms) 
 set [588/1778] : KLK3 - 7645 variants...
     -reading in genotypes, computing gene-based tests and building masks...done (21316ms) 
     -computing association tests...done (20ms) 
     -computing joint association tests...done (0ms) 
 set [589/1778] : KLK4 - 9581 variants...
     -reading in genotypes, computing gene-based tests and building masks...done (26009ms) 
     -computing association tests...done (19ms) 
     -computing joint association tests...done (0ms) 
 set [590/1778] : KLK5 - 11782 variants...
     -reading in genotypes, computing gene-based tests and building masks...done (35052ms) 
     -computing association tests...done (20ms) 
     -computing joint association tests...done (0ms) 
 set [591/1778] : KLK6 - 11297 variants...
     -reading in genotypes, computing gene-based tests and building masks...done (26970ms) 
     -computing association tests...done (81ms) 
     -computing joint association tests...done (0ms) 
 set [592/1778] : KLK7 - 11596 variants...
     -reading in genotypes, computing gene-based tests and building masks...done (24021ms) 
     -computing association tests...done (101ms) 
     -computing joint association tests...done (0ms) 
 set [593/1778] : KLK8 - 3586 variants...
     -reading in genotypes, computing gene-based tests and building masks...done (8521ms) 
     -computing association tests...done (18ms) 
     -computing joint association tests...done (0ms) 
 set [594/1778] : KLK9 - 7617 variants...
     -reading in genotypes, computing gene-based tests and building masks...done (13311ms) 
     -computing association tests...done (15ms) 
     -computing joint association tests...done (0ms) 
 set [595/1778] : KLKP1 - 6948 variants...
     -reading in genotypes, computing gene-based tests and building masks...done (12974ms) 
     -computing association tests...done (218ms) 
     -computing joint association tests...done (0ms) 
 set [596/1778] : KMT2B - 7534 variants...
     -reading in genotypes, computing gene-based tests and building masks...done (11661ms) 
     -computing association tests...done (81ms) 
     -computing joint association tests...done (0ms) 
 set [597/1778] : KMT5C - 7983 variants...
     -reading in genotypes, computing gene-based tests and building masks...done (14492ms) 
     -computing association tests...done (21ms) 
     -computing joint association tests...done (0ms) 
 set [598/1778] : KPTN - 5974 variants...
     -reading in genotypes, computing gene-based tests and building masks...done (11142ms) 
     -computing association tests...done (84ms) 
     -computing joint association tests...done (0ms) 
 set [599/1778] : KRI1 - 7975 variants...
     -reading in genotypes, computing gene-based tests and building masks...done (13614ms) 
     -computing association tests...done (19ms) 
     -computing joint association tests...done (0ms) 
 set [600/1778] : KRT18P40 - 1766 variants...
     -reading in genotypes, computing gene-based tests and building masks...done (3920ms) 
     -computing association tests...done (12ms) 
     -computing joint association tests...done (0ms) 
 set [601/1778] : KRTDAP - 5265 variants...
     -reading in genotypes, computing gene-based tests and building masks...done (11537ms) 
     -computing association tests...done (15ms) 
     -computing joint association tests...done (0ms) 
 set [602/1778] : KXD1 - 8211 variants...
     -reading in genotypes, computing gene-based tests and building masks...done (15082ms) 
     -computing association tests...done (21ms) 
     -computing joint association tests...done (0ms) 
 set [603/1778] : LAIR1 - 12053 variants...
     -reading in genotypes, computing gene-based tests and building masks...done (28640ms) 
     -computing association tests...done (21ms) 
     -computing joint association tests...done (0ms) 
 set [604/1778] : LAIR2 - 11876 variants...
     -reading in genotypes, computing gene-based tests and building masks...done (29334ms) 
     -computing association tests...done (19ms) 
     -computing joint association tests...done (0ms) 
 set [605/1778] : LDLR - 26725 variants...
     -reading in genotypes, computing gene-based tests and building masks...done (44068ms) 
     -computing association tests...done (84ms) 
     -computing joint association tests...done (0ms) 
 set [606/1778] : LENG1 - 2473 variants...
     -reading in genotypes, computing gene-based tests and building masks...done (11875ms) 
     -computing association tests...done (17ms) 
     -computing joint association tests...done (0ms) 
 set [607/1778] : LENG8 - 12099 variants...
     -reading in genotypes, computing gene-based tests and building masks...done (19007ms) 
     -computing association tests...done (166ms) 
     -computing joint association tests...done (0ms) 
 set [608/1778] : LENG8-AS1 - 1246 variants...
     -reading in genotypes, computing gene-based tests and building masks...done (2551ms) 
     -computing association tests...done (12ms) 
     -computing joint association tests...done (0ms) 
 set [609/1778] : LEUTX - 8461 variants...
     -reading in genotypes, computing gene-based tests and building masks...done (14787ms) 
     -computing association tests...done (29ms) 
     -computing joint association tests...done (0ms) 
 set [610/1778] : LGALS13 - 6527 variants...
     -reading in genotypes, computing gene-based tests and building masks...done (12115ms) 
     -computing association tests...done (19ms) 
     -computing joint association tests...done (0ms) 
 set [611/1778] : LGALS14 - 6099 variants...
     -reading in genotypes, computing gene-based tests and building masks...done (10978ms) 
     -computing association tests...done (18ms) 
     -computing joint association tests...done (0ms) 
 set [612/1778] : LGALS16 - 7784 variants...
     -reading in genotypes, computing gene-based tests and building masks...done (16851ms) 
     -computing association tests...done (188ms) 
     -computing joint association tests...done (0ms) 
 set [613/1778] : LGALS17A - 12567 variants...
     -reading in genotypes, computing gene-based tests and building masks...done (24289ms) 
     -computing association tests...done (72ms) 
     -computing joint association tests...done (0ms) 
 set [614/1778] : LGALS4 - 9056 variants...
     -reading in genotypes, computing gene-based tests and building masks...done (23445ms) 
     -computing association tests...done (22ms) 
     -computing joint association tests...done (0ms) 
 set [615/1778] : LGALS7 - 6706 variants...
     -reading in genotypes, computing gene-based tests and building masks...done (34610ms) 
     -computing association tests...done (100ms) 
     -computing joint association tests...done (0ms) 
 set [616/1778] : LGALS7B - 6855 variants...
     -reading in genotypes, computing gene-based tests and building masks...done (17963ms) 
     -computing association tests...done (126ms) 
     -computing joint association tests...done (0ms) 
 set [617/1778] : LGI4 - 7020 variants...
     -reading in genotypes, computing gene-based tests and building masks...done (11687ms) 
     -computing association tests...done (18ms) 
     -computing joint association tests...done (0ms) 
 set [618/1778] : LIG1 - 26261 variants...
     -reading in genotypes, computing gene-based tests and building masks...done (47739ms) 
     -computing association tests...done (89ms) 
     -computing joint association tests...done (0ms) 
 set [619/1778] : LILRA1 - 9185 variants...
     -reading in genotypes, computing gene-based tests and building masks...done (13705ms) 
     -computing association tests...done (101ms) 
     -computing joint association tests...done (0ms) 
 set [620/1778] : LILRA2 - 10995 variants...
     -reading in genotypes, computing gene-based tests and building masks...done (29576ms) 
     -computing association tests...done (134ms) 
     -computing joint association tests...done (0ms) 
 set [621/1778] : LILRA4 - 7944 variants...
     -reading in genotypes, computing gene-based tests and building masks...done (18766ms) 
     -computing association tests...done (19ms) 
     -computing joint association tests...done (0ms) 
 set [622/1778] : LILRA5 - 9122 variants...
     -reading in genotypes, computing gene-based tests and building masks...done (28025ms) 
     -computing association tests...done (40ms) 
     -computing joint association tests...done (0ms) 
 set [623/1778] : LILRA6 - 16213 variants...
     -reading in genotypes, computing gene-based tests and building masks...done (57786ms) 
     -computing association tests...done (23ms) 
     -computing joint association tests...done (0ms) 
 set [624/1778] : LILRB1 - 13912 variants...
     -reading in genotypes, computing gene-based tests and building masks...done (20151ms) 
     -computing association tests...done (90ms) 
     -computing joint association tests...done (0ms) 
 set [625/1778] : LILRB1-AS1 - 420 variants...
     -reading in genotypes, computing gene-based tests and building masks...done (897ms) 
     -computing association tests...done (10ms) 
     -computing joint association tests...done (0ms) 
 set [626/1778] : LILRB2 - 8429 variants...
     -reading in genotypes, computing gene-based tests and building masks...done (12397ms) 
     -computing association tests...done (86ms) 
     -computing joint association tests...done (0ms) 
 set [627/1778] : LILRB3 - 10426 variants...
     -reading in genotypes, computing gene-based tests and building masks...done (27246ms) 
     -computing association tests...done (18ms) 
     -computing joint association tests...done (0ms) 
 set [628/1778] : LILRB4 - 7795 variants...
     -reading in genotypes, computing gene-based tests and building masks...done (13118ms) 
     -computing association tests...done (26ms) 
     -computing joint association tests...done (0ms) 
 set [629/1778] : LILRB5 - 7065 variants...
     -reading in genotypes, computing gene-based tests and building masks...done (10835ms) 
     -computing association tests...done (86ms) 
     -computing joint association tests...done (0ms) 
 set [630/1778] : LILRP1 - 4753 variants...
     -reading in genotypes, computing gene-based tests and building masks...done (11131ms) 
     -computing association tests...done (79ms) 
     -computing joint association tests...done (0ms) 
 set [631/1778] : LILRP2 - 9196 variants...
     -reading in genotypes, computing gene-based tests and building masks...done (19696ms) 
     -computing association tests...done (43ms) 
     -computing joint association tests...done (0ms) 
 set [632/1778] : LIM2 - 4736 variants...
     -reading in genotypes, computing gene-based tests and building masks...done (9404ms) 
     -computing association tests...done (133ms) 
     -computing joint association tests...done (0ms) 
 set [633/1778] : LIM2-AS1 - 1147 variants...
     -reading in genotypes, computing gene-based tests and building masks...done (2553ms) 
     -computing association tests...done (12ms) 
     -computing joint association tests...done (0ms) 
 set [634/1778] : LIMASI - 5536 variants...
     -reading in genotypes, computing gene-based tests and building masks...done (12274ms) 
     -computing association tests...done (15ms) 
     -computing joint association tests...done (0ms) 
 set [635/1778] : LIN37 - 3811 variants...
     -reading in genotypes, computing gene-based tests and building masks...done (8724ms) 
     -computing association tests...done (17ms) 
     -computing joint association tests...done (0ms) 
 set [636/1778] : LIN7B - 7583 variants...
     -reading in genotypes, computing gene-based tests and building masks...done (11625ms) 
     -computing association tests...done (17ms) 
     -computing joint association tests...done (0ms) 
 set [637/1778] : LINC00661 - 10896 variants...
     -reading in genotypes, computing gene-based tests and building masks...done (24496ms) 
     -computing association tests...done (17ms) 
     -computing joint association tests...done (0ms) 
 set [638/1778] : LINC00662 - 63955 variants...
     -reading in genotypes, computing gene-based tests and building masks...done (136205ms) 
     -computing association tests...done (111ms) 
     -computing joint association tests...done (0ms) 
 set [639/1778] : LINC00663 - 2283 variants...
     -reading in genotypes, computing gene-based tests and building masks...done (7088ms) 
     -computing association tests...done (16ms) 
     -computing joint association tests...done (0ms) 
 set [640/1778] : LINC00664 - 10934 variants...
     -reading in genotypes, computing gene-based tests and building masks...done (19511ms) 
     -computing association tests...done (18ms) 
     -computing joint association tests...done (0ms) 
 set [641/1778] : LINC00665 - 33299 variants...
     -reading in genotypes, computing gene-based tests and building masks...done (207801ms) 
     -computing association tests...done (20ms) 
     -computing joint association tests...done (0ms) 
 set [642/1778] : LINC00904 - 5877 variants...
     -reading in genotypes, computing gene-based tests and building masks...done (19560ms) 
     -computing association tests...done (18ms) 
     -computing joint association tests...done (0ms) 
 set [643/1778] : LINC00905 - 17474 variants...
     -reading in genotypes, computing gene-based tests and building masks...done (34617ms) 
     -computing association tests...done (18ms) 
     -computing joint association tests...done (0ms) 
 set [644/1778] : LINC00906 - 33766 variants...
     -reading in genotypes, computing gene-based tests and building masks...done (64961ms) 
     -computing association tests...done (19ms) 
     -computing joint association tests...done (0ms) 
 set [645/1778] : LINC01002 - 22920 variants...
     -reading in genotypes, computing gene-based tests and building masks...done (113406ms) 
     -computing association tests...done (18ms) 
     -computing joint association tests...done (0ms) 
 set [646/1778] : LINC01224 - 2960 variants...
     -reading in genotypes, computing gene-based tests and building masks...done (4608ms) 
     -computing association tests...done (71ms) 
     -computing joint association tests...done (0ms) 
 set [647/1778] : LINC01233 - 3700 variants...
     -reading in genotypes, computing gene-based tests and building masks...done (6400ms) 
     -computing association tests...done (18ms) 
     -computing joint association tests...done (0ms) 
 set [648/1778] : LINC01480 - 4937 variants...
     -reading in genotypes, computing gene-based tests and building masks...done (9532ms) 
     -computing association tests...done (73ms) 
     -computing joint association tests...done (0ms) 
 set [649/1778] : LINC01531 - 12653 variants...
     -reading in genotypes, computing gene-based tests and building masks...done (22439ms) 
     -computing association tests...done (14ms) 
     -computing joint association tests...done (0ms) 
 set [650/1778] : LINC01532 - 33628 variants...
     -reading in genotypes, computing gene-based tests and building masks...done (56036ms) 
     -computing association tests...done (80ms) 
     -computing joint association tests...done (0ms) 
 set [651/1778] : LINC01533 - 26066 variants...
     -reading in genotypes, computing gene-based tests and building masks...done (41940ms) 
     -computing association tests...done (21ms) 
     -computing joint association tests...done (0ms) 
 set [652/1778] : LINC01535 - 167 variants...
     -reading in genotypes, computing gene-based tests and building masks...done (4451ms) 
     -computing association tests...done (136ms) 
     -computing joint association tests...done (0ms) 
 set [653/1778] : LINC01766 - 9246 variants...
     -reading in genotypes, computing gene-based tests and building masks...done (15682ms) 
     -computing association tests...done (73ms) 
     -computing joint association tests...done (0ms) 
 set [654/1778] : LINC01775 - 2736 variants...
     -reading in genotypes, computing gene-based tests and building masks...done (6973ms) 
     -computing association tests...done (14ms) 
     -computing joint association tests...done (0ms) 
 set [655/1778] : LINC01782 - 5740 variants...
     -reading in genotypes, computing gene-based tests and building masks...done (9973ms) 
     -computing association tests...done (17ms) 
     -computing joint association tests...done (0ms) 
 set [656/1778] : LINC01785 - 8472 variants...
     -reading in genotypes, computing gene-based tests and building masks...done (13532ms) 
     -computing association tests...done (16ms) 
     -computing joint association tests...done (0ms) 
 set [657/1778] : LINC01791 - 29838 variants...
     -reading in genotypes, computing gene-based tests and building masks...done (49915ms) 
     -computing association tests...done (119ms) 
     -computing joint association tests...done (0ms) 
 set [658/1778] : LINC01801 - 18383 variants...
     -reading in genotypes, computing gene-based tests and building masks...done (28766ms) 
     -computing association tests...done (17ms) 
     -computing joint association tests...done (0ms) 
 set [659/1778] : LINC01834 - 86533 variants...
     -reading in genotypes, computing gene-based tests and building masks...done (203232ms) 
     -computing association tests...done (18ms) 
     -computing joint association tests...done (0ms) 
 set [660/1778] : LINC01836 - 6329 variants...
     -reading in genotypes, computing gene-based tests and building masks...done (14267ms) 
     -computing association tests...done (16ms) 
     -computing joint association tests...done (0ms) 
 set [661/1778] : LINC01837 - 92524 variants...
     -reading in genotypes, computing gene-based tests and building masks...done (236915ms) 
     -computing association tests...done (83ms) 
     -computing joint association tests...done (0ms) 
 set [662/1778] : LINC01838 - 5007 variants...
     -reading in genotypes, computing gene-based tests and building masks...done (9039ms) 
     -computing association tests...done (16ms) 
     -computing joint association tests...done (0ms) 
 set [663/1778] : LINC01841 - 25567 variants...
     -reading in genotypes, computing gene-based tests and building masks...done (56534ms) 
     -computing association tests...done (19ms) 
     -computing joint association tests...done (0ms) 
 set [664/1778] : LINC01842 - 10319 variants...
     -reading in genotypes, computing gene-based tests and building masks...done (14775ms) 
     -computing association tests...done (17ms) 
     -computing joint association tests...done (0ms) 
 set [665/1778] : LINC01858 - 9777 variants...
     -reading in genotypes, computing gene-based tests and building masks...done (15795ms) 
     -computing association tests...done (17ms) 
     -computing joint association tests...done (0ms) 
 set [666/1778] : LINC01859 - 11683 variants...
     -reading in genotypes, computing gene-based tests and building masks...done (21463ms) 
     -computing association tests...done (16ms) 
     -computing joint association tests...done (0ms) 
 set [667/1778] : LINC01864 - 10339 variants...
     -reading in genotypes, computing gene-based tests and building masks...done (42098ms) 
     -computing association tests...done (17ms) 
     -computing joint association tests...done (0ms) 
 set [668/1778] : LINC01872 - 2512 variants...
     -reading in genotypes, computing gene-based tests and building masks...done (6075ms) 
     -computing association tests...done (116ms) 
     -computing joint association tests...done (0ms) 
 set [669/1778] : LINC02841 - 20359 variants...
     -reading in genotypes, computing gene-based tests and building masks...done (28987ms) 
     -computing association tests...done (18ms) 
     -computing joint association tests...done (0ms) 
 set [670/1778] : LINC02926 - 926 variants...
     -reading in genotypes, computing gene-based tests and building masks...done (3592ms) 
     -computing association tests...done (73ms) 
     -computing joint association tests...done (0ms) 
 set [671/1778] : LINC02959 - 5613 variants...
     -reading in genotypes, computing gene-based tests and building masks...done (15829ms) 
     -computing association tests...done (16ms) 
     -computing joint association tests...done (0ms) 
 set [672/1778] : LINC02965 - 16139 variants...
     -reading in genotypes, computing gene-based tests and building masks...done (23709ms) 
     -computing association tests...done (29ms) 
     -computing joint association tests...done (0ms) 
 set [673/1778] : LINC02987 - 71683 variants...
     -reading in genotypes, computing gene-based tests and building masks...done (153582ms) 
     -computing association tests...done (21ms) 
     -computing joint association tests...done (0ms) 
 set [674/1778] : LINC03078 - 8824 variants...
     -reading in genotypes, computing gene-based tests and building masks...done (14767ms) 
     -computing association tests...done (96ms) 
     -computing joint association tests...done (0ms) 
 set [675/1778] : LINC03085 - 6635 variants...
     -reading in genotypes, computing gene-based tests and building masks...done (15001ms) 
     -computing association tests...done (16ms) 
     -computing joint association tests...done (0ms) 
 set [676/1778] : LINC03103 - 2040 variants...
     -reading in genotypes, computing gene-based tests and building masks...done (3060ms) 
     -computing association tests...done (10ms) 
     -computing joint association tests...done (0ms) 
 set [677/1778] : LINGO3 - 14887 variants...
     -reading in genotypes, computing gene-based tests and building masks...done (36068ms) 
     -computing association tests...done (20ms) 
     -computing joint association tests...done (0ms) 
 set [678/1778] : LIPE - 11034 variants...
     -reading in genotypes, computing gene-based tests and building masks...done (16671ms) 
     -computing association tests...done (124ms) 
     -computing joint association tests...done (0ms) 
 set [679/1778] : LIPE-AS1 - 87619 variants...
     -reading in genotypes, computing gene-based tests and building masks...done (229205ms) 
     -computing association tests...done (82ms) 
     -computing joint association tests...done (0ms) 
 set [680/1778] : LMNB2 - 20339 variants...
     -reading in genotypes, computing gene-based tests and building masks...done (34955ms) 
     -computing association tests...done (21ms) 
     -computing joint association tests...done (0ms) 
 set [681/1778] : LMTK3 - 19733 variants...
     -reading in genotypes, computing gene-based tests and building masks...done (32434ms) 
     -computing association tests...done (22ms) 
     -computing joint association tests...done (0ms) 
 set [682/1778] : LNROP - 9805 variants...
     -reading in genotypes, computing gene-based tests and building masks...done (13695ms) 
     -computing association tests...done (17ms) 
     -computing joint association tests...done (0ms) 
 set [683/1778] : LONP1 - 19743 variants...
     -reading in genotypes, computing gene-based tests and building masks...done (36230ms) 
     -computing association tests...done (130ms) 
     -computing joint association tests...done (0ms) 
 set [684/1778] : LPAR2 - 2920 variants...
     -reading in genotypes, computing gene-based tests and building masks...done (8680ms) 
     -computing association tests...done (116ms) 
     -computing joint association tests...done (0ms) 
 set [685/1778] : LRFN1 - 11413 variants...
     -reading in genotypes, computing gene-based tests and building masks...done (32477ms) 
     -computing association tests...done (16ms) 
     -computing joint association tests...done (0ms) 
 set [686/1778] : LRFN3 - 8870 variants...
     -reading in genotypes, computing gene-based tests and building masks...done (26422ms) 
     -computing association tests...done (21ms) 
     -computing joint association tests...done (0ms) 
 set [687/1778] : LRG1 - 2639 variants...
     -reading in genotypes, computing gene-based tests and building masks...done (8798ms) 
     -computing association tests...done (15ms) 
     -computing joint association tests...done (0ms) 
 set [688/1778] : LRP3 - 11679 variants...
     -reading in genotypes, computing gene-based tests and building masks...done (23481ms) 
     -computing association tests...done (104ms) 
     -computing joint association tests...done (0ms) 
 set [689/1778] : LRRC25 - 5118 variants...
     -reading in genotypes, computing gene-based tests and building masks...done (14583ms) 
     -computing association tests...done (18ms) 
     -computing joint association tests...done (0ms) 
 set [690/1778] : LRRC4B - 27873 variants...
     -reading in genotypes, computing gene-based tests and building masks...done (50184ms) 
     -computing association tests...done (81ms) 
     -computing joint association tests...done (0ms) 
 set [691/1778] : LRRC8E - 13261 variants...
     -reading in genotypes, computing gene-based tests and building masks...done (30028ms) 
     -computing association tests...done (21ms) 
     -computing joint association tests...done (0ms) 
 set [692/1778] : LSM14A - 30866 variants...
     -reading in genotypes, computing gene-based tests and building masks...done (52250ms) 
     -computing association tests...done (89ms) 
     -computing joint association tests...done (0ms) 
 set [693/1778] : LSM2P1 - 5168 variants...
     -reading in genotypes, computing gene-based tests and building masks...done (10222ms) 
     -computing association tests...done (15ms) 
     -computing joint association tests...done (0ms) 
 set [694/1778] : LSM4 - 12368 variants...
     -reading in genotypes, computing gene-based tests and building masks...done (19587ms) 
     -computing association tests...done (19ms) 
     -computing joint association tests...done (0ms) 
 set [695/1778] : LSM7 - 8977 variants...
     -reading in genotypes, computing gene-based tests and building masks...done (16907ms) 
     -computing association tests...done (20ms) 
     -computing joint association tests...done (0ms) 
 set [696/1778] : LSR - 9752 variants...
     -reading in genotypes, computing gene-based tests and building masks...done (16693ms) 
     -computing association tests...done (21ms) 
     -computing joint association tests...done (0ms) 
 set [697/1778] : LTBP4 - 23015 variants...
     -reading in genotypes, computing gene-based tests and building masks...done (50591ms) 
     -computing association tests...done (26ms) 
     -computing joint association tests...done (0ms) 
 set [698/1778] : LYL1 - 7919 variants...
     -reading in genotypes, computing gene-based tests and building masks...done (19708ms) 
     -computing association tests...done (79ms) 
     -computing joint association tests...done (0ms) 
 set [699/1778] : LYPD3 - 6074 variants...
     -reading in genotypes, computing gene-based tests and building masks...done (17965ms) 
     -computing association tests...done (18ms) 
     -computing joint association tests...done (0ms) 
 set [700/1778] : LYPD4 - 7773 variants...
     -reading in genotypes, computing gene-based tests and building masks...done (18672ms) 
     -computing association tests...done (94ms) 
     -computing joint association tests...done (0ms) 
 set [701/1778] : LYPD5 - 13167 variants...
     -reading in genotypes, computing gene-based tests and building masks...done (29071ms) 
     -computing association tests...done (75ms) 
     -computing joint association tests...done (0ms) 
 set [702/1778] : LYPLA2P2 - 2837 variants...
     -reading in genotypes, computing gene-based tests and building masks...done (6017ms) 
     -computing association tests...done (15ms) 
     -computing joint association tests...done (0ms) 
 set [703/1778] : MADCAM1 - 13774 variants...
     -reading in genotypes, computing gene-based tests and building masks...done (25335ms) 
     -computing association tests...done (21ms) 
     -computing joint association tests...done (0ms) 
 set [704/1778] : MADCAM1-AS1 - 1983 variants...
     -reading in genotypes, computing gene-based tests and building masks...done (3996ms) 
     -computing association tests...done (15ms) 
     -computing joint association tests...done (0ms) 
 set [705/1778] : MAG - 14524 variants...
     -reading in genotypes, computing gene-based tests and building masks...done (22678ms) 
     -computing association tests...done (91ms) 
     -computing joint association tests...done (0ms) 
 set [706/1778] : MAMSTR - 2150 variants...
     -reading in genotypes, computing gene-based tests and building masks...done (7485ms) 
     -computing association tests...done (12ms) 
     -computing joint association tests...done (0ms) 
 set [707/1778] : MAN1A2P1 - 3343 variants...
     -reading in genotypes, computing gene-based tests and building masks...done (6685ms) 
     -computing association tests...done (16ms) 
     -computing joint association tests...done (0ms) 
 set [708/1778] : MAN2B1 - 10029 variants...
     -reading in genotypes, computing gene-based tests and building masks...done (26036ms) 
     -computing association tests...done (75ms) 
     -computing joint association tests...done (0ms) 
 set [709/1778] : MAP1S - 13236 variants...
     -reading in genotypes, computing gene-based tests and building masks...done (20343ms) 
     -computing association tests...done (22ms) 
     -computing joint association tests...done (0ms) 
 set [710/1778] : MAP2K2 - 24175 variants...
     -reading in genotypes, computing gene-based tests and building masks...done (39264ms) 
     -computing association tests...done (19ms) 
     -computing joint association tests...done (0ms) 
 set [711/1778] : MAP2K7 - 1505 variants...
     -reading in genotypes, computing gene-based tests and building masks...done (6460ms) 
     -computing association tests...done (159ms) 
     -computing joint association tests...done (0ms) 
 set [712/1778] : MAP3K10 - 13199 variants...
     -reading in genotypes, computing gene-based tests and building masks...done (21147ms) 
     -computing association tests...done (81ms) 
     -computing joint association tests...done (0ms) 
 set [713/1778] : MAP4K1 - 17353 variants...
     -reading in genotypes, computing gene-based tests and building masks...done (41459ms) 
     -computing association tests...done (97ms) 
     -computing joint association tests...done (0ms) 
 set [714/1778] : MARCHF2 - 18586 variants...
     -reading in genotypes, computing gene-based tests and building masks...done (39098ms) 
     -computing association tests...done (80ms) 
     -computing joint association tests...done (0ms) 
 set [715/1778] : MARK2P21 - 8128 variants...
     -reading in genotypes, computing gene-based tests and building masks...done (21134ms) 
     -computing association tests...done (17ms) 
     -computing joint association tests...done (0ms) 
 set [716/1778] : MARK4 - 28645 variants...
     -reading in genotypes, computing gene-based tests and building masks...done (57466ms) 
     -computing association tests...done (22ms) 
     -computing joint association tests...done (0ms) 
 set [717/1778] : MAST1 - 18824 variants...
     -reading in genotypes, computing gene-based tests and building masks...done (27443ms) 
     -computing association tests...done (20ms) 
     -computing joint association tests...done (0ms) 
 set [718/1778] : MAST3 - 25127 variants...
     -reading in genotypes, computing gene-based tests and building masks...done (49442ms) 
     -computing association tests...done (23ms) 
     -computing joint association tests...done (0ms) 
 set [719/1778] : MATK - 10759 variants...
     -reading in genotypes, computing gene-based tests and building masks...done (18053ms) 
     -computing association tests...done (92ms) 
     -computing joint association tests...done (0ms) 
 set [720/1778] : MAU2 - 21243 variants...
     -reading in genotypes, computing gene-based tests and building masks...done (37331ms) 
     -computing association tests...done (82ms) 
     -computing joint association tests...done (0ms) 
 set [721/1778] : MBD3 - 13873 variants...
     -reading in genotypes, computing gene-based tests and building masks...done (22394ms) 
     -computing association tests...done (20ms) 
     -computing joint association tests...done (0ms) 
 set [722/1778] : MBD3L1 - 8430 variants...
     -reading in genotypes, computing gene-based tests and building masks...done (17893ms) 
     -computing association tests...done (17ms) 
     -computing joint association tests...done (0ms) 
 set [723/1778] : MBD3L2 - 3589 variants...
     -reading in genotypes, computing gene-based tests and building masks...done (27538ms) 
     -computing association tests...done (16ms) 
     -computing joint association tests...done (0ms) 
 set [724/1778] : MBD3L2B - 5949 variants...
     -reading in genotypes, computing gene-based tests and building masks...done (35679ms) 
     -computing association tests...done (17ms) 
     -computing joint association tests...done (0ms) 
 set [725/1778] : MBD3L3 - 18852 variants...
     -reading in genotypes, computing gene-based tests and building masks...done (329733ms) 
     -computing association tests...done (232ms) 
     -computing joint association tests...done (0ms) 
 set [726/1778] : MBD3L4 - 3938 variants...
     -reading in genotypes, computing gene-based tests and building masks...done (36216ms) 
     -computing association tests...done (55ms) 
     -computing joint association tests...done (0ms) 
 set [727/1778] : MBD3L5 - 13212 variants...
     -reading in genotypes, computing gene-based tests and building masks...done (197714ms) 
     -computing association tests...done (45ms) 
     -computing joint association tests...done (0ms) 
 set [728/1778] : MBOAT7 - 15830 variants...
     -reading in genotypes, computing gene-based tests and building masks...done (31750ms) 
     -computing association tests...done (20ms) 
     -computing joint association tests...done (0ms) 
 set [729/1778] : MCEMP1 - 140 variants...
     -reading in genotypes, computing gene-based tests and building masks...done (2739ms) 
     -computing association tests...done (7ms) 
     -computing joint association tests...done (0ms) 
 set [730/1778] : MCOLN1 - 9904 variants...
     -reading in genotypes, computing gene-based tests and building masks...done (15645ms) 
     -computing association tests...done (20ms) 
     -computing joint association tests...done (0ms) 
 set [731/1778] : MED16 - 23724 variants...
     -reading in genotypes, computing gene-based tests and building masks...done (63175ms) 
     -computing association tests...done (125ms) 
     -computing joint association tests...done (0ms) 
 set [732/1778] : MED25 - 10878 variants...
     -reading in genotypes, computing gene-based tests and building masks...done (17720ms) 
     -computing association tests...done (23ms) 
     -computing joint association tests...done (0ms) 
 set [733/1778] : MED26 - 25110 variants...
     -reading in genotypes, computing gene-based tests and building masks...done (36738ms) 
     -computing association tests...done (20ms) 
     -computing joint association tests...done (0ms) 
 set [734/1778] : MED29 - 5059 variants...
     -reading in genotypes, computing gene-based tests and building masks...done (10729ms) 
     -computing association tests...done (21ms) 
     -computing joint association tests...done (0ms) 
 set [735/1778] : MEF2B - 12578 variants...
     -reading in genotypes, computing gene-based tests and building masks...done (23801ms) 
     -computing association tests...done (144ms) 
     -computing joint association tests...done (0ms) 
 set [736/1778] : MEGF8 - 25644 variants...
     -reading in genotypes, computing gene-based tests and building masks...done (42483ms) 
     -computing association tests...done (24ms) 
     -computing joint association tests...done (0ms) 
 set [737/1778] : MEIOSIN - 10553 variants...
     -reading in genotypes, computing gene-based tests and building masks...done (17060ms) 
     -computing association tests...done (81ms) 
     -computing joint association tests...done (0ms) 
 set [738/1778] : MEIS3 - 13678 variants...
     -reading in genotypes, computing gene-based tests and building masks...done (30134ms) 
     -computing association tests...done (21ms) 
     -computing joint association tests...done (0ms) 
 set [739/1778] : Metazoa_SRP - 4962 variants...
     -reading in genotypes, computing gene-based tests and building masks...done (7703ms) 
     -computing association tests...done (77ms) 
     -computing joint association tests...done (0ms) 
 set [740/1778] : MEX3D - 17362 variants...
     -reading in genotypes, computing gene-based tests and building masks...done (31906ms) 
     -computing association tests...done (142ms) 
     -computing joint association tests...done (0ms) 
 set [741/1778] : MFSD12 - 16043 variants...
     -reading in genotypes, computing gene-based tests and building masks...done (29111ms) 
     -computing association tests...done (89ms) 
     -computing joint association tests...done (0ms) 
 set [742/1778] : MIA - 1965 variants...
     -reading in genotypes, computing gene-based tests and building masks...done (4658ms) 
     -computing association tests...done (81ms) 
     -computing joint association tests...done (0ms) 
 set [743/1778] : MICOS13 - 2689 variants...
     -reading in genotypes, computing gene-based tests and building masks...done (8168ms) 
     -computing association tests...done (167ms) 
     -computing joint association tests...done (0ms) 
 set [744/1778] : MIDN - 10467 variants...
     -reading in genotypes, computing gene-based tests and building masks...done (17302ms) 
     -computing association tests...done (20ms) 
     -computing joint association tests...done (0ms) 
 set [745/1778] : MIER2 - 32911 variants...
     -reading in genotypes, computing gene-based tests and building masks...done (80142ms) 
     -computing association tests...done (22ms) 
     -computing joint association tests...done (0ms) 
 set [746/1778] : MIMT1 - 2989 variants...
     -reading in genotypes, computing gene-based tests and building masks...done (4315ms) 
     -computing association tests...done (12ms) 
     -computing joint association tests...done (0ms) 
 set [747/1778] : MIR1283-1 - 45 variants...
     -reading in genotypes, computing gene-based tests and building masks...done (7069ms) 
     -computing association tests...done (9ms) 
     -computing joint association tests...done (0ms) 
 set [748/1778] : MIR1283-2 - 48 variants...
     -reading in genotypes, computing gene-based tests and building masks...done (1760ms) 
     -computing association tests...done (6ms) 
     -computing joint association tests...done (0ms) 
 set [749/1778] : MIR1323 - 23 variants...
     -reading in genotypes, computing gene-based tests and building masks...done (1271ms) 
     -computing association tests...done (1ms) 
     -computing joint association tests...done (0ms) 
 set [750/1778] : MIR181C - 148 variants...
     -reading in genotypes, computing gene-based tests and building masks...done (786ms) 
     -computing association tests...done (7ms) 
     -computing joint association tests...done (0ms) 
 set [751/1778] : MIR181D - 1191 variants...
     -reading in genotypes, computing gene-based tests and building masks...done (2919ms) 
     -computing association tests...done (78ms) 
     -computing joint association tests...done (0ms) 
 set [752/1778] : MIR23AHG - 3840 variants...
     -reading in genotypes, computing gene-based tests and building masks...done (7906ms) 
     -computing association tests...done (14ms) 
     -computing joint association tests...done (0ms) 
 set [753/1778] : MIR4752 - 475 variants...
     -reading in genotypes, computing gene-based tests and building masks...done (1403ms) 
     -computing association tests...done (6ms) 
     -computing joint association tests...done (0ms) 
 set [754/1778] : MIR498 - 52 variants...
     -reading in genotypes, computing gene-based tests and building masks...done (1176ms) 
     -computing association tests...done (1ms) 
     -computing joint association tests...done (0ms) 
 set [755/1778] : MIR512-1 - 69 variants...
     -reading in genotypes, computing gene-based tests and building masks...done (2095ms) 
     -computing association tests...done (1ms) 
     -computing joint association tests...done (0ms) 
 set [756/1778] : MIR512-2 - 92 variants...
     -reading in genotypes, computing gene-based tests and building masks...done (656ms) 
     -computing association tests...done (1ms) 
     -computing joint association tests...done (0ms) 
 set [757/1778] : MIR515-1 - 41 variants...
     -reading in genotypes, computing gene-based tests and building masks...done (1442ms) 
     -computing association tests...done (1ms) 
     -computing joint association tests...done (0ms) 
 set [758/1778] : MIR515-2 - 34 variants...
     -reading in genotypes, computing gene-based tests and building masks...done (919ms) 
     -computing association tests...done (1ms) 
     -computing joint association tests...done (0ms) 
 set [759/1778] : MIR516A1 - 44 variants...
     -reading in genotypes, computing gene-based tests and building masks...done (267ms) 
     -computing association tests...done (1ms) 
     -computing joint association tests...done (0ms) 
 set [760/1778] : MIR516A2 - 35 variants...
     -reading in genotypes, computing gene-based tests and building masks...done (449ms) 
     -computing association tests...done (118ms) 
     -computing joint association tests...done (0ms) 
 set [761/1778] : MIR516B1 - 44 variants...
     -reading in genotypes, computing gene-based tests and building masks...done (1273ms) 
     -computing association tests...done (119ms) 
     -computing joint association tests...done (0ms) 
 set [762/1778] : MIR516B2 - 42 variants...
     -reading in genotypes, computing gene-based tests and building masks...done (1146ms) 
     -computing association tests...done (10ms) 
     -computing joint association tests...done (0ms) 
 set [763/1778] : MIR517A - 47 variants...
     -reading in genotypes, computing gene-based tests and building masks...done (1093ms) 
     -computing association tests...done (1ms) 
     -computing joint association tests...done (0ms) 
 set [764/1778] : MIR517B - 32 variants...
     -reading in genotypes, computing gene-based tests and building masks...done (146ms) 
     -computing association tests...done (1ms) 
     -computing joint association tests...done (0ms) 
 set [765/1778] : MIR517C - 39 variants...
     -reading in genotypes, computing gene-based tests and building masks...done (944ms) 
     -computing association tests...done (1ms) 
     -computing joint association tests...done (0ms) 
 set [766/1778] : MIR518A1 - 38 variants...
     -reading in genotypes, computing gene-based tests and building masks...done (258ms) 
     -computing association tests...done (1ms) 
     -computing joint association tests...done (0ms) 
 set [767/1778] : MIR518A2 - 39 variants...
     -reading in genotypes, computing gene-based tests and building masks...done (314ms) 
     -computing association tests...done (1ms) 
     -computing joint association tests...done (0ms) 
 set [768/1778] : MIR518B - 31 variants...
     -reading in genotypes, computing gene-based tests and building masks...done (520ms) 
     -computing association tests...done (1ms) 
     -computing joint association tests...done (0ms) 
 set [769/1778] : MIR518C - 43 variants...
     -reading in genotypes, computing gene-based tests and building masks...done (1177ms) 
     -computing association tests...done (1ms) 
     -computing joint association tests...done (0ms) 
 set [770/1778] : MIR518D - 35 variants...
     -reading in genotypes, computing gene-based tests and building masks...done (368ms) 
     -computing association tests...done (8ms) 
     -computing joint association tests...done (0ms) 
 set [771/1778] : MIR518E - 41 variants...
     -reading in genotypes, computing gene-based tests and building masks...done (764ms) 
     -computing association tests...done (28ms) 
     -computing joint association tests...done (0ms) 
 set [772/1778] : MIR518F - 37 variants...
     -reading in genotypes, computing gene-based tests and building masks...done (1121ms) 
     -computing association tests...done (1ms) 
     -computing joint association tests...done (0ms) 
 set [773/1778] : MIR519A1 - 33 variants...
     -reading in genotypes, computing gene-based tests and building masks...done (545ms) 
     -computing association tests...done (1ms) 
     -computing joint association tests...done (0ms) 
 set [774/1778] : MIR519A2 - 34 variants...
     -reading in genotypes, computing gene-based tests and building masks...done (1093ms) 
     -computing association tests...done (1ms) 
     -computing joint association tests...done (0ms) 
 set [775/1778] : MIR519B - 38 variants...
     -reading in genotypes, computing gene-based tests and building masks...done (1254ms) 
     -computing association tests...done (29ms) 
     -computing joint association tests...done (0ms) 
 set [776/1778] : MIR519C - 38 variants...
     -reading in genotypes, computing gene-based tests and building masks...done (1456ms) 
     -computing association tests...done (1ms) 
     -computing joint association tests...done (0ms) 
 set [777/1778] : MIR519D - 43 variants...
     -reading in genotypes, computing gene-based tests and building masks...done (292ms) 
     -computing association tests...done (1ms) 
     -computing joint association tests...done (0ms) 
 set [778/1778] : MIR519E - 36 variants...
     -reading in genotypes, computing gene-based tests and building masks...done (1274ms) 
     -computing association tests...done (1ms) 
     -computing joint association tests...done (0ms) 
 set [779/1778] : MIR520A - 40 variants...
     -reading in genotypes, computing gene-based tests and building masks...done (860ms) 
     -computing association tests...done (1ms) 
     -computing joint association tests...done (0ms) 
 set [780/1778] : MIR520B - 28 variants...
     -reading in genotypes, computing gene-based tests and building masks...done (1009ms) 
     -computing association tests...done (1ms) 
     -computing joint association tests...done (0ms) 
 set [781/1778] : MIR520C - 47 variants...
     -reading in genotypes, computing gene-based tests and building masks...done (1173ms) 
     -computing association tests...done (1ms) 
     -computing joint association tests...done (0ms) 
 set [782/1778] : MIR520D - 32 variants...
     -reading in genotypes, computing gene-based tests and building masks...done (632ms) 
     -computing association tests...done (1ms) 
     -computing joint association tests...done (0ms) 
 set [783/1778] : MIR520E - 39 variants...
     -reading in genotypes, computing gene-based tests and building masks...done (900ms) 
     -computing association tests...done (1ms) 
     -computing joint association tests...done (0ms) 
 set [784/1778] : MIR520F - 36 variants...
     -reading in genotypes, computing gene-based tests and building masks...done (377ms) 
     -computing association tests...done (8ms) 
     -computing joint association tests...done (0ms) 
 set [785/1778] : MIR520G - 50 variants...
     -reading in genotypes, computing gene-based tests and building masks...done (876ms) 
     -computing association tests...done (1ms) 
     -computing joint association tests...done (0ms) 
 set [786/1778] : MIR520H - 35 variants...
     -reading in genotypes, computing gene-based tests and building masks...done (885ms) 
     -computing association tests...done (8ms) 
     -computing joint association tests...done (0ms) 
 set [787/1778] : MIR521-1 - 49 variants...
     -reading in genotypes, computing gene-based tests and building masks...done (425ms) 
     -computing association tests...done (1ms) 
     -computing joint association tests...done (0ms) 
 set [788/1778] : MIR521-2 - 52 variants...
     -reading in genotypes, computing gene-based tests and building masks...done (1183ms) 
     -computing association tests...done (1ms) 
     -computing joint association tests...done (0ms) 
 set [789/1778] : MIR522 - 38 variants...
     -reading in genotypes, computing gene-based tests and building masks...done (549ms) 
     -computing association tests...done (1ms) 
     -computing joint association tests...done (0ms) 
 set [790/1778] : MIR523 - 39 variants...
     -reading in genotypes, computing gene-based tests and building masks...done (1240ms) 
     -computing association tests...done (1ms) 
     -computing joint association tests...done (0ms) 
 set [791/1778] : MIR524 - 42 variants...
     -reading in genotypes, computing gene-based tests and building masks...done (839ms) 
     -computing association tests...done (1ms) 
     -computing joint association tests...done (0ms) 
 set [792/1778] : MIR525 - 51 variants...
     -reading in genotypes, computing gene-based tests and building masks...done (1406ms) 
     -computing association tests...done (1ms) 
     -computing joint association tests...done (0ms) 
 set [793/1778] : MIR526A1 - 36 variants...
     -reading in genotypes, computing gene-based tests and building masks...done (367ms) 
     -computing association tests...done (1ms) 
     -computing joint association tests...done (0ms) 
 set [794/1778] : MIR526A2 - 27 variants...
     -reading in genotypes, computing gene-based tests and building masks...done (141ms) 
     -computing association tests...done (28ms) 
     -computing joint association tests...done (0ms) 
 set [795/1778] : MIR526B - 32 variants...
     -reading in genotypes, computing gene-based tests and building masks...done (1144ms) 
     -computing association tests...done (1ms) 
     -computing joint association tests...done (0ms) 
 set [796/1778] : MIR527 - 46 variants...
     -reading in genotypes, computing gene-based tests and building masks...done (961ms) 
     -computing association tests...done (1ms) 
     -computing joint association tests...done (0ms) 
 set [797/1778] : MIR6088 - 3603 variants...
     -reading in genotypes, computing gene-based tests and building masks...done (4920ms) 
     -computing association tests...done (15ms) 
     -computing joint association tests...done (0ms) 
 set [798/1778] : MIR639 - 16 variants...
     -reading in genotypes, computing gene-based tests and building masks...done (219ms) 
     -computing association tests...done (1ms) 
     -computing joint association tests...done (0ms) 
 set [799/1778] : MIR7-3 - 44 variants...
     -reading in genotypes, computing gene-based tests and building masks...done (1092ms) 
     -computing association tests...done (1ms) 
     -computing joint association tests...done (0ms) 
 set [800/1778] : MIR7-3HG - 3329 variants...
     -reading in genotypes, computing gene-based tests and building masks...done (8796ms) 
     -computing association tests...done (17ms) 
     -computing joint association tests...done (0ms) 
 set [801/1778] : MIR7975 - 1564 variants...
     -reading in genotypes, computing gene-based tests and building masks...done (2772ms) 
     -computing association tests...done (15ms) 
     -computing joint association tests...done (0ms) 
 set [802/1778] : MIR8061 - 82 variants...
     -reading in genotypes, computing gene-based tests and building masks...done (2796ms) 
     -computing association tests...done (11ms) 
     -computing joint association tests...done (0ms) 
 set [803/1778] : MIR8074 - 39 variants...
     -reading in genotypes, computing gene-based tests and building masks...done (713ms) 
     -computing association tests...done (1ms) 
     -computing joint association tests...done (0ms) 
 set [804/1778] : MISP - 11158 variants...
     -reading in genotypes, computing gene-based tests and building masks...done (23972ms) 
     -computing association tests...done (86ms) 
     -computing joint association tests...done (0ms) 
 set [805/1778] : MISP3 - 6001 variants...
     -reading in genotypes, computing gene-based tests and building masks...done (17023ms) 
     -computing association tests...done (15ms) 
     -computing joint association tests...done (0ms) 
 set [806/1778] : MKNK2 - 14261 variants...
     -reading in genotypes, computing gene-based tests and building masks...done (21977ms) 
     -computing association tests...done (22ms) 
     -computing joint association tests...done (0ms) 
 set [807/1778] : MLLT1 - 37546 variants...
     -reading in genotypes, computing gene-based tests and building masks...done (67487ms) 
     -computing association tests...done (87ms) 
     -computing joint association tests...done (0ms) 
 set [808/1778] : MOB3A - 18773 variants...
     -reading in genotypes, computing gene-based tests and building masks...done (28307ms) 
     -computing association tests...done (40ms) 
     -computing joint association tests...done (0ms) 
 set [809/1778] : MPND - 6633 variants...
     -reading in genotypes, computing gene-based tests and building masks...done (12617ms) 
     -computing association tests...done (137ms) 
     -computing joint association tests...done (0ms) 
 set [810/1778] : MPV17L2 - 4794 variants...
     -reading in genotypes, computing gene-based tests and building masks...done (9964ms) 
     -computing association tests...done (18ms) 
     -computing joint association tests...done (0ms) 
 set [811/1778] : MRI1 - 7802 variants...
     -reading in genotypes, computing gene-based tests and building masks...done (25470ms) 
     -computing association tests...done (23ms) 
     -computing joint association tests...done (0ms) 
 set [812/1778] : MRPL34 - 434 variants...
     -reading in genotypes, computing gene-based tests and building masks...done (3069ms) 
     -computing association tests...done (13ms) 
     -computing joint association tests...done (0ms) 
 set [813/1778] : MRPL4 - 9074 variants...
     -reading in genotypes, computing gene-based tests and building masks...done (15809ms) 
     -computing association tests...done (142ms) 
     -computing joint association tests...done (0ms) 
 set [814/1778] : MRPL54 - 2665 variants...
     -reading in genotypes, computing gene-based tests and building masks...done (7937ms) 
     -computing association tests...done (196ms) 
     -computing joint association tests...done (0ms) 
 set [815/1778] : MRPS12 - 4961 variants...
     -reading in genotypes, computing gene-based tests and building masks...done (10060ms) 
     -computing association tests...done (22ms) 
     -computing joint association tests...done (0ms) 
 set [816/1778] : MSRB1P1 - 2571 variants...
     -reading in genotypes, computing gene-based tests and building masks...done (10383ms) 
     -computing association tests...done (74ms) 
     -computing joint association tests...done (0ms) 
 set [817/1778] : MTATP6P27 - 5929 variants...
     -reading in genotypes, computing gene-based tests and building masks...done (19805ms) 
     -computing association tests...done (197ms) 
     -computing joint association tests...done (0ms) 
 set [818/1778] : MTCO1P27 - 89 variants...
     -reading in genotypes, computing gene-based tests and building masks...done (353ms) 
     -computing association tests...done (1ms) 
     -computing joint association tests...done (0ms) 
 set [819/1778] : MTCO2P27 - 542 variants...
     -reading in genotypes, computing gene-based tests and building masks...done (2404ms) 
     -computing association tests...done (8ms) 
     -computing joint association tests...done (0ms) 
 set [820/1778] : MTDHP2 - 4312 variants...
     -reading in genotypes, computing gene-based tests and building masks...done (5875ms) 
     -computing association tests...done (13ms) 
     -computing joint association tests...done (0ms) 
 set [821/1778] : MTDHP3 - 4795 variants...
     -reading in genotypes, computing gene-based tests and building masks...done (6939ms) 
     -computing association tests...done (15ms) 
     -computing joint association tests...done (0ms) 
 set [822/1778] : MTDHP4 - 6509 variants...
     -reading in genotypes, computing gene-based tests and building masks...done (9798ms) 
     -computing association tests...done (18ms) 
     -computing joint association tests...done (0ms) 
 set [823/1778] : MTDHP5 - 3151 variants...
     -reading in genotypes, computing gene-based tests and building masks...done (5142ms) 
     -computing association tests...done (15ms) 
     -computing joint association tests...done (0ms) 
 set [824/1778] : MTND2P40 - 3022 variants...
     -reading in genotypes, computing gene-based tests and building masks...done (5026ms) 
     -computing association tests...done (14ms) 
     -computing joint association tests...done (0ms) 
 set [825/1778] : MUC16 - 83212 variants...
     -reading in genotypes, computing gene-based tests and building masks...done (195928ms) 
     -computing association tests...done (105ms) 
     -computing joint association tests...done (0ms) 
 set [826/1778] : MVB12A - 7855 variants...
     -reading in genotypes, computing gene-based tests and building masks...done (15267ms) 
     -computing association tests...done (73ms) 
     -computing joint association tests...done (0ms) 
 set [827/1778] : MYADM - 7914 variants...
     -reading in genotypes, computing gene-based tests and building masks...done (14198ms) 
     -computing association tests...done (31ms) 
     -computing joint association tests...done (0ms) 
 set [828/1778] : MYADM-AS1 - 11224 variants...
     -reading in genotypes, computing gene-based tests and building masks...done (18418ms) 
     -computing association tests...done (18ms) 
     -computing joint association tests...done (0ms) 
 set [829/1778] : MYBPC2 - 18909 variants...
     -reading in genotypes, computing gene-based tests and building masks...done (28370ms) 
     -computing association tests...done (26ms) 
     -computing joint association tests...done (0ms) 
 set [830/1778] : MYDGF - 12808 variants...
     -reading in genotypes, computing gene-based tests and building masks...done (37386ms) 
     -computing association tests...done (20ms) 
     -computing joint association tests...done (0ms) 
 set [831/1778] : MYH14 - 53596 variants...
     -reading in genotypes, computing gene-based tests and building masks...done (100894ms) 
     -computing association tests...done (104ms) 
     -computing joint association tests...done (0ms) 
 set [832/1778] : MYO1F - 32175 variants...
     -reading in genotypes, computing gene-based tests and building masks...done (72680ms) 
     -computing association tests...done (27ms) 
     -computing joint association tests...done (0ms) 
 set [833/1778] : MYO9B - 60517 variants...
     -reading in genotypes, computing gene-based tests and building masks...done (132331ms) 
     -computing association tests...done (158ms) 
     -computing joint association tests...done (0ms) 
 set [834/1778] : MYPOP - 11872 variants...
     -reading in genotypes, computing gene-based tests and building masks...done (19042ms) 
     -computing association tests...done (21ms) 
     -computing joint association tests...done (0ms) 
 set [835/1778] : MYREM - 8374 variants...
     -reading in genotypes, computing gene-based tests and building masks...done (19785ms) 
     -computing association tests...done (18ms) 
     -computing joint association tests...done (0ms) 
 set [836/1778] : MZF1 - 9649 variants...
     -reading in genotypes, computing gene-based tests and building masks...done (15744ms) 
     -computing association tests...done (18ms) 
     -computing joint association tests...done (0ms) 
 set [837/1778] : MZF1-AS1 - 17467 variants...
     -reading in genotypes, computing gene-based tests and building masks...done (79655ms) 
     -computing association tests...done (169ms) 
     -computing joint association tests...done (0ms) 
 set [838/1778] : NACC1 - 15062 variants...
     -reading in genotypes, computing gene-based tests and building masks...done (23527ms) 
     -computing association tests...done (19ms) 
     -computing joint association tests...done (0ms) 
 set [839/1778] : NANOS2 - 5189 variants...
     -reading in genotypes, computing gene-based tests and building masks...done (7341ms) 
     -computing association tests...done (46ms) 
     -computing joint association tests...done (0ms) 
 set [840/1778] : NANOS3 - 3558 variants...
     -reading in genotypes, computing gene-based tests and building masks...done (7142ms) 
     -computing association tests...done (176ms) 
     -computing joint association tests...done (0ms) 
 set [841/1778] : NAPA - 14405 variants...
     -reading in genotypes, computing gene-based tests and building masks...done (21366ms) 
     -computing association tests...done (19ms) 
     -computing joint association tests...done (0ms) 
 set [842/1778] : NAPSA - 8242 variants...
     -reading in genotypes, computing gene-based tests and building masks...done (12429ms) 
     -computing association tests...done (16ms) 
     -computing joint association tests...done (0ms) 
 set [843/1778] : NAPSB - 6971 variants...
     -reading in genotypes, computing gene-based tests and building masks...done (10927ms) 
     -computing association tests...done (18ms) 
     -computing joint association tests...done (0ms) 
 set [844/1778] : NAT14 - 3377 variants...
     -reading in genotypes, computing gene-based tests and building masks...done (8786ms) 
     -computing association tests...done (19ms) 
     -computing joint association tests...done (0ms) 
 set [845/1778] : NCAN - 21273 variants...
     -reading in genotypes, computing gene-based tests and building masks...done (32429ms) 
     -computing association tests...done (73ms) 
     -computing joint association tests...done (0ms) 
 set [846/1778] : NCCRP1 - 4839 variants...
     -reading in genotypes, computing gene-based tests and building masks...done (9280ms) 
     -computing association tests...done (80ms) 
     -computing joint association tests...done (0ms) 
 set [847/1778] : NCLN - 18250 variants...
     -reading in genotypes, computing gene-based tests and building masks...done (32341ms) 
     -computing association tests...done (131ms) 
     -computing joint association tests...done (0ms) 
 set [848/1778] : NCR1 - 10425 variants...
     -reading in genotypes, computing gene-based tests and building masks...done (17653ms) 
     -computing association tests...done (22ms) 
     -computing joint association tests...done (0ms) 
 set [849/1778] : NDUFA11 - 8755 variants...
     -reading in genotypes, computing gene-based tests and building masks...done (14796ms) 
     -computing association tests...done (159ms) 
     -computing joint association tests...done (0ms) 
 set [850/1778] : NDUFA13 - 11393 variants...
     -reading in genotypes, computing gene-based tests and building masks...done (19790ms) 
     -computing association tests...done (17ms) 
     -computing joint association tests...done (0ms) 
 set [851/1778] : NDUFA3 - 5939 variants...
     -reading in genotypes, computing gene-based tests and building masks...done (20518ms) 
     -computing association tests...done (28ms) 
     -computing joint association tests...done (0ms) 
 set [852/1778] : NDUFA7 - 6450 variants...
     -reading in genotypes, computing gene-based tests and building masks...done (17181ms) 
     -computing association tests...done (103ms) 
     -computing joint association tests...done (0ms) 
 set [853/1778] : NDUFB7 - 5114 variants...
     -reading in genotypes, computing gene-based tests and building masks...done (8746ms) 
     -computing association tests...done (16ms) 
     -computing joint association tests...done (0ms) 
 set [854/1778] : NDUFS7 - 9713 variants...
     -reading in genotypes, computing gene-based tests and building masks...done (23180ms) 
     -computing association tests...done (155ms) 
     -computing joint association tests...done (0ms) 
 set [855/1778] : NDUFV2P1 - 385 variants...
     -reading in genotypes, computing gene-based tests and building masks...done (1877ms) 
     -computing association tests...done (77ms) 
     -computing joint association tests...done (0ms) 
 set [856/1778] : NECTIN2 - 20600 variants...
     -reading in genotypes, computing gene-based tests and building masks...done (40554ms) 
     -computing association tests...done (22ms) 
     -computing joint association tests...done (0ms) 
 set [857/1778] : NFIC - 69333 variants...
     -reading in genotypes, computing gene-based tests and building masks...done (163176ms) 
     -computing association tests...done (19ms) 
     -computing joint association tests...done (0ms) 
 set [858/1778] : NFILZ - 50516 variants...
     -reading in genotypes, computing gene-based tests and building masks...done (111161ms) 
     -computing association tests...done (23ms) 
     -computing joint association tests...done (0ms) 
 set [859/1778] : NFIX - 46349 variants...
     -reading in genotypes, computing gene-based tests and building masks...done (84736ms) 
     -computing association tests...done (18ms) 
     -computing joint association tests...done (0ms) 
 set [860/1778] : NFKBIB - 7017 variants...
     -reading in genotypes, computing gene-based tests and building masks...done (20451ms) 
     -computing association tests...done (39ms) 
     -computing joint association tests...done (0ms) 
 set [861/1778] : NFKBID - 5970 variants...
     -reading in genotypes, computing gene-based tests and building masks...done (16943ms) 
     -computing association tests...done (18ms) 
     -computing joint association tests...done (0ms) 
 set [862/1778] : NIBAN3 - 10915 variants...
     -reading in genotypes, computing gene-based tests and building masks...done (17589ms) 
     -computing association tests...done (136ms) 
     -computing joint association tests...done (0ms) 
 set [863/1778] : NIFKP6 - 2724 variants...
     -reading in genotypes, computing gene-based tests and building masks...done (8545ms) 
     -computing association tests...done (16ms) 
     -computing joint association tests...done (0ms) 
 set [864/1778] : NKG7 - 2207 variants...
     -reading in genotypes, computing gene-based tests and building masks...done (6655ms) 
     -computing association tests...done (13ms) 
     -computing joint association tests...done (0ms) 
 set [865/1778] : NKPD1 - 2702 variants...
     -reading in genotypes, computing gene-based tests and building masks...done (5289ms) 
     -computing association tests...done (18ms) 
     -computing joint association tests...done (0ms) 
 set [866/1778] : NLRP11 - 29086 variants...
     -reading in genotypes, computing gene-based tests and building masks...done (64962ms) 
     -computing association tests...done (24ms) 
     -computing joint association tests...done (0ms) 
 set [867/1778] : NLRP12 - 26953 variants...
     -reading in genotypes, computing gene-based tests and building masks...done (46381ms) 
     -computing association tests...done (19ms) 
     -computing joint association tests...done (0ms) 
 set [868/1778] : NLRP13 - 34377 variants...
     -reading in genotypes, computing gene-based tests and building masks...done (70445ms) 
     -computing association tests...done (88ms) 
     -computing joint association tests...done (0ms) 
 set [869/1778] : NLRP2 - 43570 variants...
     -reading in genotypes, computing gene-based tests and building masks...done (127464ms) 
     -computing association tests...done (97ms) 
     -computing joint association tests...done (0ms) 
 set [870/1778] : NLRP4 - 29005 variants...
     -reading in genotypes, computing gene-based tests and building masks...done (54387ms) 
     -computing association tests...done (89ms) 
     -computing joint association tests...done (0ms) 
 set [871/1778] : NLRP5 - 48667 variants...
     -reading in genotypes, computing gene-based tests and building masks...done (98675ms) 
     -computing association tests...done (26ms) 
     -computing joint association tests...done (0ms) 
 set [872/1778] : NLRP7 - 22288 variants...
     -reading in genotypes, computing gene-based tests and building masks...done (37118ms) 
     -computing association tests...done (26ms) 
     -computing joint association tests...done (0ms) 
 set [873/1778] : NLRP8 - 28009 variants...
     -reading in genotypes, computing gene-based tests and building masks...done (122436ms) 
     -computing association tests...done (86ms) 
     -computing joint association tests...done (0ms) 
 set [874/1778] : NLRP9 - 26750 variants...
     -reading in genotypes, computing gene-based tests and building masks...done (95108ms) 
     -computing association tests...done (87ms) 
     -computing joint association tests...done (0ms) 
 set [875/1778] : NMRK2 - 9347 variants...
     -reading in genotypes, computing gene-based tests and building masks...done (19745ms) 
     -computing association tests...done (95ms) 
     -computing joint association tests...done (0ms) 
 set [876/1778] : NOP53 - 10330 variants...
     -reading in genotypes, computing gene-based tests and building masks...done (30858ms) 
     -computing association tests...done (150ms) 
     -computing joint association tests...done (0ms) 
 set [877/1778] : NOP53-AS1 - 6137 variants...
     -reading in genotypes, computing gene-based tests and building masks...done (9321ms) 
     -computing association tests...done (17ms) 
     -computing joint association tests...done (0ms) 
 set [878/1778] : NOSIP - 13124 variants...
     -reading in genotypes, computing gene-based tests and building masks...done (20211ms) 
     -computing association tests...done (18ms) 
     -computing joint association tests...done (0ms) 
 set [879/1778] : NOTCH3 - 27715 variants...
     -reading in genotypes, computing gene-based tests and building masks...done (47847ms) 
     -computing association tests...done (22ms) 
     -computing joint association tests...done (0ms) 
 set [880/1778] : NOVA2 - 23682 variants...
     -reading in genotypes, computing gene-based tests and building masks...done (47510ms) 
     -computing association tests...done (18ms) 
     -computing joint association tests...done (0ms) 
 set [881/1778] : NPAS1 - 17365 variants...
     -reading in genotypes, computing gene-based tests and building masks...done (34510ms) 
     -computing association tests...done (21ms) 
     -computing joint association tests...done (0ms) 
 set [882/1778] : NPHS1 - 17368 variants...
     -reading in genotypes, computing gene-based tests and building masks...done (36959ms) 
     -computing association tests...done (27ms) 
     -computing joint association tests...done (0ms) 
 set [883/1778] : NR1H2 - 7844 variants...
     -reading in genotypes, computing gene-based tests and building masks...done (25827ms) 
     -computing association tests...done (20ms) 
     -computing joint association tests...done (0ms) 
 set [884/1778] : NR2C2AP - 2365 variants...
     -reading in genotypes, computing gene-based tests and building masks...done (6598ms) 
     -computing association tests...done (77ms) 
     -computing joint association tests...done (0ms) 
 set [885/1778] : NR2F6 - 12070 variants...
     -reading in genotypes, computing gene-based tests and building masks...done (19487ms) 
     -computing association tests...done (134ms) 
     -computing joint association tests...done (0ms) 
 set [886/1778] : NRTN - 16777 variants...
     -reading in genotypes, computing gene-based tests and building masks...done (27109ms) 
     -computing association tests...done (20ms) 
     -computing joint association tests...done (0ms) 
 set [887/1778] : NTF4 - 545 variants...
     -reading in genotypes, computing gene-based tests and building masks...done (4644ms) 
     -computing association tests...done (7ms) 
     -computing joint association tests...done (0ms) 
 set [888/1778] : NTN5 - 13031 variants...
     -reading in genotypes, computing gene-based tests and building masks...done (27137ms) 
     -computing association tests...done (26ms) 
     -computing joint association tests...done (0ms) 
 set [889/1778] : NUCB1 - 14899 variants...
     -reading in genotypes, computing gene-based tests and building masks...done (28719ms) 
     -computing association tests...done (21ms) 
     -computing joint association tests...done (0ms) 
 set [890/1778] : NUDT19 - 14949 variants...
     -reading in genotypes, computing gene-based tests and building masks...done (27432ms) 
     -computing association tests...done (133ms) 
     -computing joint association tests...done (0ms) 
 set [891/1778] : NUDT19-DT - 1553 variants...
     -reading in genotypes, computing gene-based tests and building masks...done (2784ms) 
     -computing association tests...done (11ms) 
     -computing joint association tests...done (0ms) 
 set [892/1778] : NUMBL - 15375 variants...
     -reading in genotypes, computing gene-based tests and building masks...done (27455ms) 
     -computing association tests...done (23ms) 
     -computing joint association tests...done (0ms) 
 set [893/1778] : NUP62 - 14635 variants...
     -reading in genotypes, computing gene-based tests and building masks...done (24356ms) 
     -computing association tests...done (21ms) 
     -computing joint association tests...done (0ms) 
 set [894/1778] : NWD1 - 53937 variants...
     -reading in genotypes, computing gene-based tests and building masks...done (128857ms) 
     -computing association tests...done (26ms) 
     -computing joint association tests...done (0ms) 
 set [895/1778] : NXNL1 - 17047 variants...
     -reading in genotypes, computing gene-based tests and building masks...done (55979ms) 
     -computing association tests...done (23ms) 
     -computing joint association tests...done (0ms) 
 set [896/1778] : OAZ1 - 2936 variants...
     -reading in genotypes, computing gene-based tests and building masks...done (4933ms) 
     -computing association tests...done (13ms) 
     -computing joint association tests...done (0ms) 
 set [897/1778] : OCEL1 - 2008 variants...
     -reading in genotypes, computing gene-based tests and building masks...done (6683ms) 
     -computing association tests...done (18ms) 
     -computing joint association tests...done (0ms) 
 set [898/1778] : ODAD1 - 12242 variants...
     -reading in genotypes, computing gene-based tests and building masks...done (21430ms) 
     -computing association tests...done (22ms) 
     -computing joint association tests...done (0ms) 
 set [899/1778] : ODAD3 - 11841 variants...
     -reading in genotypes, computing gene-based tests and building masks...done (30108ms) 
     -computing association tests...done (26ms) 
     -computing joint association tests...done (0ms) 
 set [900/1778] : OLFM2 - 41577 variants...
     -reading in genotypes, computing gene-based tests and building masks...done (72093ms) 
     -computing association tests...done (18ms) 
     -computing joint association tests...done (0ms) 
 set [901/1778] : ONECUT3 - 23312 variants...
     -reading in genotypes, computing gene-based tests and building masks...done (37410ms) 
     -computing association tests...done (23ms) 
     -computing joint association tests...done (0ms) 
 set [902/1778] : OPA3 - 28174 variants...
     -reading in genotypes, computing gene-based tests and building masks...done (55465ms) 
     -computing association tests...done (20ms) 
     -computing joint association tests...done (0ms) 
 set [903/1778] : OR10B1P - 4342 variants...
     -reading in genotypes, computing gene-based tests and building masks...done (11982ms) 
     -computing association tests...done (15ms) 
     -computing joint association tests...done (0ms) 
 set [904/1778] : OR10H1 - 11750 variants...
     -reading in genotypes, computing gene-based tests and building masks...done (22566ms) 
     -computing association tests...done (18ms) 
     -computing joint association tests...done (0ms) 
 set [905/1778] : OR10H2 - 4335 variants...
     -reading in genotypes, computing gene-based tests and building masks...done (8096ms) 
     -computing association tests...done (28ms) 
     -computing joint association tests...done (0ms) 
 set [906/1778] : OR10H3 - 6009 variants...
     -reading in genotypes, computing gene-based tests and building masks...done (11137ms) 
     -computing association tests...done (20ms) 
     -computing joint association tests...done (0ms) 
 set [907/1778] : OR10H4 - 6720 variants...
     -reading in genotypes, computing gene-based tests and building masks...done (16032ms) 
     -computing association tests...done (17ms) 
     -computing joint association tests...done (0ms) 
 set [908/1778] : OR10H5 - 8150 variants...
     -reading in genotypes, computing gene-based tests and building masks...done (18354ms) 
     -computing association tests...done (72ms) 
     -computing joint association tests...done (0ms) 
 set [909/1778] : OR1AB1P - 271 variants...
     -reading in genotypes, computing gene-based tests and building masks...done (1607ms) 
     -computing association tests...done (4ms) 
     -computing joint association tests...done (0ms) 
 set [910/1778] : OR1I1 - 11317 variants...
     -reading in genotypes, computing gene-based tests and building masks...done (24868ms) 
     -computing association tests...done (135ms) 
     -computing joint association tests...done (0ms) 
 set [911/1778] : OR1M1 - 5971 variants...
     -reading in genotypes, computing gene-based tests and building masks...done (10009ms) 
     -computing association tests...done (16ms) 
     -computing joint association tests...done (0ms) 
 set [912/1778] : OR1M4P - 1849 variants...
     -reading in genotypes, computing gene-based tests and building masks...done (3057ms) 
     -computing association tests...done (15ms) 
     -computing joint association tests...done (0ms) 
 set [913/1778] : OR2Z1 - 10919 variants...
     -reading in genotypes, computing gene-based tests and building masks...done (24736ms) 
     -computing association tests...done (71ms) 
     -computing joint association tests...done (0ms) 
 set [914/1778] : OR4F17 - 14900 variants...
     -reading in genotypes, computing gene-based tests and building masks...done (52729ms) 
     -computing association tests...done (22ms) 
     -computing joint association tests...done (0ms) 
 set [915/1778] : OR4G3P - 2996 variants...
     -reading in genotypes, computing gene-based tests and building masks...done (9139ms) 
     -computing association tests...done (12ms) 
     -computing joint association tests...done (0ms) 
 set [916/1778] : OR5AH1P - 117 variants...
     -reading in genotypes, computing gene-based tests and building masks...done (458ms) 
     -computing association tests...done (3ms) 
     -computing joint association tests...done (0ms) 
 set [917/1778] : OR7A10 - 7554 variants...
     -reading in genotypes, computing gene-based tests and building masks...done (12997ms) 
     -computing association tests...done (77ms) 
     -computing joint association tests...done (0ms) 
 set [918/1778] : OR7A11P - 8436 variants...
     -reading in genotypes, computing gene-based tests and building masks...done (27336ms) 
     -computing association tests...done (16ms) 
     -computing joint association tests...done (0ms) 
 set [919/1778] : OR7A15P - 4670 variants...
     -reading in genotypes, computing gene-based tests and building masks...done (7085ms) 
     -computing association tests...done (15ms) 
     -computing joint association tests...done (0ms) 
 set [920/1778] : OR7A17 - 7724 variants...
     -reading in genotypes, computing gene-based tests and building masks...done (13619ms) 
     -computing association tests...done (15ms) 
     -computing joint association tests...done (0ms) 
 set [921/1778] : OR7A18P - 245 variants...
     -reading in genotypes, computing gene-based tests and building masks...done (709ms) 
     -computing association tests...done (9ms) 
     -computing joint association tests...done (0ms) 
 set [922/1778] : OR7A3P - 2699 variants...
     -reading in genotypes, computing gene-based tests and building masks...done (4205ms) 
     -computing association tests...done (15ms) 
     -computing joint association tests...done (0ms) 
 set [923/1778] : OR7A5 - 776 variants...
     -reading in genotypes, computing gene-based tests and building masks...done (4494ms) 
     -computing association tests...done (11ms) 
     -computing joint association tests...done (0ms) 
 set [924/1778] : OR7C1 - 18397 variants...
     -reading in genotypes, computing gene-based tests and building masks...done (27550ms) 
     -computing association tests...done (18ms) 
     -computing joint association tests...done (0ms) 
 set [925/1778] : OR7C2 - 3742 variants...
     -reading in genotypes, computing gene-based tests and building masks...done (10882ms) 
     -computing association tests...done (15ms) 
     -computing joint association tests...done (0ms) 
 set [926/1778] : OR7D1P - 4540 variants...
     -reading in genotypes, computing gene-based tests and building masks...done (6583ms) 
     -computing association tests...done (15ms) 
     -computing joint association tests...done (0ms) 
 set [927/1778] : OR7D2 - 9434 variants...
     -reading in genotypes, computing gene-based tests and building masks...done (14581ms) 
     -computing association tests...done (16ms) 
     -computing joint association tests...done (0ms) 
 set [928/1778] : OR7D4 - 8001 variants...
     -reading in genotypes, computing gene-based tests and building masks...done (13183ms) 
     -computing association tests...done (84ms) 
     -computing joint association tests...done (0ms) 
 set [929/1778] : OR7E18P - 3024 variants...
     -reading in genotypes, computing gene-based tests and building masks...done (4104ms) 
     -computing association tests...done (11ms) 
     -computing joint association tests...done (0ms) 
 set [930/1778] : OR7E24 - 6601 variants...
     -reading in genotypes, computing gene-based tests and building masks...done (11204ms) 
     -computing association tests...done (70ms) 
     -computing joint association tests...done (0ms) 
 set [931/1778] : OR7G1 - 4059 variants...
     -reading in genotypes, computing gene-based tests and building masks...done (8462ms) 
     -computing association tests...done (16ms) 
     -computing joint association tests...done (0ms) 
 set [932/1778] : OR7G15P - 98 variants...
     -reading in genotypes, computing gene-based tests and building masks...done (981ms) 
     -computing association tests...done (9ms) 
     -computing joint association tests...done (0ms) 
 set [933/1778] : OR7G2 - 7901 variants...
     -reading in genotypes, computing gene-based tests and building masks...done (12867ms) 
     -computing association tests...done (44ms) 
     -computing joint association tests...done (0ms) 
 set [934/1778] : OR7G3 - 5758 variants...
     -reading in genotypes, computing gene-based tests and building masks...done (9886ms) 
     -computing association tests...done (18ms) 
     -computing joint association tests...done (0ms) 
 set [935/1778] : OR7H1P - 3993 variants...
     -reading in genotypes, computing gene-based tests and building masks...done (5862ms) 
     -computing association tests...done (16ms) 
     -computing joint association tests...done (0ms) 
 set [936/1778] : OSCAR - 9842 variants...
     -reading in genotypes, computing gene-based tests and building masks...done (26947ms) 
     -computing association tests...done (20ms) 
     -computing joint association tests...done (0ms) 
 set [937/1778] : OSTCP3 - 4357 variants...
     -reading in genotypes, computing gene-based tests and building masks...done (6489ms) 
     -computing association tests...done (15ms) 
     -computing joint association tests...done (0ms) 
 set [938/1778] : OVOL3 - 1172 variants...
     -reading in genotypes, computing gene-based tests and building masks...done (2239ms) 
     -computing association tests...done (11ms) 
     -computing joint association tests...done (0ms) 
 set [939/1778] : P2RY11 - 2266 variants...
     -reading in genotypes, computing gene-based tests and building masks...done (8968ms) 
     -computing association tests...done (124ms) 
     -computing joint association tests...done (0ms) 
 set [940/1778] : PAF1 - 4512 variants...
     -reading in genotypes, computing gene-based tests and building masks...done (9652ms) 
     -computing association tests...done (84ms) 
     -computing joint association tests...done (0ms) 
 set [941/1778] : PAFAH1B3 - 7638 variants...
     -reading in genotypes, computing gene-based tests and building masks...done (11680ms) 
     -computing association tests...done (37ms) 
     -computing joint association tests...done (0ms) 
 set [942/1778] : PAK4 - 36241 variants...
     -reading in genotypes, computing gene-based tests and building masks...done (66771ms) 
     -computing association tests...done (127ms) 
     -computing joint association tests...done (0ms) 
 set [943/1778] : PALM - 26719 variants...
     -reading in genotypes, computing gene-based tests and building masks...done (50824ms) 
     -computing association tests...done (137ms) 
     -computing joint association tests...done (0ms) 
 set [944/1778] : PALM3 - 4208 variants...
     -reading in genotypes, computing gene-based tests and building masks...done (6818ms) 
     -computing association tests...done (61ms) 
     -computing joint association tests...done (0ms) 
 set [945/1778] : PBX4 - 28803 variants...
     -reading in genotypes, computing gene-based tests and building masks...done (44245ms) 
     -computing association tests...done (21ms) 
     -computing joint association tests...done (0ms) 
 set [946/1778] : PCAT19 - 22812 variants...
     -reading in genotypes, computing gene-based tests and building masks...done (32904ms) 
     -computing association tests...done (18ms) 
     -computing joint association tests...done (0ms) 
 set [947/1778] : PCGF7P - 3080 variants...
     -reading in genotypes, computing gene-based tests and building masks...done (6748ms) 
     -computing association tests...done (77ms) 
     -computing joint association tests...done (0ms) 
 set [948/1778] : PCSK4 - 5863 variants...
     -reading in genotypes, computing gene-based tests and building masks...done (12017ms) 
     -computing association tests...done (98ms) 
     -computing joint association tests...done (0ms) 
 set [949/1778] : PDCD2L - 10961 variants...
     -reading in genotypes, computing gene-based tests and building masks...done (21592ms) 
     -computing association tests...done (76ms) 
     -computing joint association tests...done (0ms) 
 set [950/1778] : PDCD5 - 7485 variants...
     -reading in genotypes, computing gene-based tests and building masks...done (17928ms) 
     -computing association tests...done (21ms) 
     -computing joint association tests...done (0ms) 
 set [951/1778] : PDE4A - 29876 variants...
     -reading in genotypes, computing gene-based tests and building masks...done (49440ms) 
     -computing association tests...done (115ms) 
     -computing joint association tests...done (0ms) 
 set [952/1778] : PDE4C - 16257 variants...
     -reading in genotypes, computing gene-based tests and building masks...done (27397ms) 
     -computing association tests...done (156ms) 
     -computing joint association tests...done (0ms) 
 set [953/1778] : PEAK3 - 10877 variants...
     -reading in genotypes, computing gene-based tests and building masks...done (20888ms) 
     -computing association tests...done (17ms) 
     -computing joint association tests...done (0ms) 
 set [954/1778] : PEG3 - 16821 variants...
     -reading in genotypes, computing gene-based tests and building masks...done (23762ms) 
     -computing association tests...done (22ms) 
     -computing joint association tests...done (0ms) 
 set [955/1778] : PEPD - 69485 variants...
     -reading in genotypes, computing gene-based tests and building masks...done (152826ms) 
     -computing association tests...done (19ms) 
     -computing joint association tests...done (0ms) 
 set [956/1778] : PET100 - 2116 variants...
     -reading in genotypes, computing gene-based tests and building masks...done (7682ms) 
     -computing association tests...done (77ms) 
     -computing joint association tests...done (0ms) 
 set [957/1778] : PEX11G - 9778 variants...
     -reading in genotypes, computing gene-based tests and building masks...done (19114ms) 
     -computing association tests...done (85ms) 
     -computing joint association tests...done (0ms) 
 set [958/1778] : PGK1P2 - 3200 variants...
     -reading in genotypes, computing gene-based tests and building masks...done (5347ms) 
     -computing association tests...done (15ms) 
     -computing joint association tests...done (0ms) 
 set [959/1778] : PGLS - 9478 variants...
     -reading in genotypes, computing gene-based tests and building masks...done (15304ms) 
     -computing association tests...done (17ms) 
     -computing joint association tests...done (0ms) 
 set [960/1778] : PGLYRP1 - 6014 variants...
     -reading in genotypes, computing gene-based tests and building masks...done (12301ms) 
     -computing association tests...done (17ms) 
     -computing joint association tests...done (0ms) 
 set [961/1778] : PGLYRP2 - 17529 variants...
     -reading in genotypes, computing gene-based tests and building masks...done (34610ms) 
     -computing association tests...done (19ms) 
     -computing joint association tests...done (0ms) 
 set [962/1778] : PGPEP1 - 18672 variants...
     -reading in genotypes, computing gene-based tests and building masks...done (29272ms) 
     -computing association tests...done (19ms) 
     -computing joint association tests...done (0ms) 
 set [963/1778] : PHLDB3 - 15101 variants...
     -reading in genotypes, computing gene-based tests and building masks...done (27359ms) 
     -computing association tests...done (39ms) 
     -computing joint association tests...done (0ms) 
 set [964/1778] : PIAS4 - 24993 variants...
     -reading in genotypes, computing gene-based tests and building masks...done (65027ms) 
     -computing association tests...done (20ms) 
     -computing joint association tests...done (0ms) 
 set [965/1778] : PIH1D1 - 2458 variants...
     -reading in genotypes, computing gene-based tests and building masks...done (7094ms) 
     -computing association tests...done (8ms) 
     -computing joint association tests...done (0ms) 
 set [966/1778] : PIK3R2 - 10657 variants...
     -reading in genotypes, computing gene-based tests and building masks...done (16113ms) 
     -computing association tests...done (17ms) 
     -computing joint association tests...done (0ms) 
 set [967/1778] : PIN1 - 10741 variants...
     -reading in genotypes, computing gene-based tests and building masks...done (17596ms) 
     -computing association tests...done (77ms) 
     -computing joint association tests...done (0ms) 
 set [968/1778] : PIP5K1C - 44326 variants...
     -reading in genotypes, computing gene-based tests and building masks...done (95078ms) 
     -computing association tests...done (88ms) 
     -computing joint association tests...done (0ms) 
 set [969/1778] : PKMYT1AR - 223 variants...
     -reading in genotypes, computing gene-based tests and building masks...done (845ms) 
     -computing association tests...done (5ms) 
     -computing joint association tests...done (0ms) 
 set [970/1778] : PKN1 - 18835 variants...
     -reading in genotypes, computing gene-based tests and building masks...done (34885ms) 
     -computing association tests...done (129ms) 
     -computing joint association tests...done (0ms) 
 set [971/1778] : PLA2G4C - 32136 variants...
     -reading in genotypes, computing gene-based tests and building masks...done (72630ms) 
     -computing association tests...done (44ms) 
     -computing joint association tests...done (0ms) 
 set [972/1778] : PLAUR - 13204 variants...
     -reading in genotypes, computing gene-based tests and building masks...done (21206ms) 
     -computing association tests...done (142ms) 
     -computing joint association tests...done (0ms) 
 set [973/1778] : PLD3 - 16104 variants...
     -reading in genotypes, computing gene-based tests and building masks...done (23740ms) 
     -computing association tests...done (20ms) 
     -computing joint association tests...done (0ms) 
 set [974/1778] : PLEKHA3P1 - 5319 variants...
     -reading in genotypes, computing gene-based tests and building masks...done (7663ms) 
     -computing association tests...done (16ms) 
     -computing joint association tests...done (0ms) 
 set [975/1778] : PLEKHA4 - 17650 variants...
     -reading in genotypes, computing gene-based tests and building masks...done (36654ms) 
     -computing association tests...done (103ms) 
     -computing joint association tests...done (0ms) 
 set [976/1778] : PLEKHF1 - 8454 variants...
     -reading in genotypes, computing gene-based tests and building masks...done (17190ms) 
     -computing association tests...done (18ms) 
     -computing joint association tests...done (0ms) 
 set [977/1778] : PLEKHG2 - 6067 variants...
     -reading in genotypes, computing gene-based tests and building masks...done (10398ms) 
     -computing association tests...done (147ms) 
     -computing joint association tests...done (0ms) 
 set [978/1778] : PLEKHJ1 - 4185 variants...
     -reading in genotypes, computing gene-based tests and building masks...done (9504ms) 
     -computing association tests...done (15ms) 
     -computing joint association tests...done (0ms) 
 set [979/1778] : PLIN3 - 19435 variants...
     -reading in genotypes, computing gene-based tests and building masks...done (34921ms) 
     -computing association tests...done (22ms) 
     -computing joint association tests...done (0ms) 
 set [980/1778] : PLIN4 - 14994 variants...
     -reading in genotypes, computing gene-based tests and building masks...done (31438ms) 
     -computing association tests...done (96ms) 
     -computing joint association tests...done (0ms) 
 set [981/1778] : PLIN5 - 10671 variants...
     -reading in genotypes, computing gene-based tests and building masks...done (16717ms) 
     -computing association tests...done (131ms) 
     -computing joint association tests...done (0ms) 
 set [982/1778] : PLK5 - 14869 variants...
     -reading in genotypes, computing gene-based tests and building masks...done (32887ms) 
     -computing association tests...done (23ms) 
     -computing joint association tests...done (0ms) 
 set [983/1778] : PLPP2 - 12033 variants...
     -reading in genotypes, computing gene-based tests and building masks...done (55665ms) 
     -computing association tests...done (18ms) 
     -computing joint association tests...done (0ms) 
 set [984/1778] : PLPPR2 - 4148 variants...
     -reading in genotypes, computing gene-based tests and building masks...done (15153ms) 
     -computing association tests...done (27ms) 
     -computing joint association tests...done (0ms) 
 set [985/1778] : PLPPR3 - 14920 variants...
     -reading in genotypes, computing gene-based tests and building masks...done (27591ms) 
     -computing association tests...done (87ms) 
     -computing joint association tests...done (0ms) 
 set [986/1778] : PLVAP - 20766 variants...
     -reading in genotypes, computing gene-based tests and building masks...done (64602ms) 
     -computing association tests...done (21ms) 
     -computing joint association tests...done (0ms) 
 set [987/1778] : PMIS2 - 4450 variants...
     -reading in genotypes, computing gene-based tests and building masks...done (9693ms) 
     -computing association tests...done (15ms) 
     -computing joint association tests...done (0ms) 
 set [988/1778] : PNKP - 10150 variants...
     -reading in genotypes, computing gene-based tests and building masks...done (15321ms) 
     -computing association tests...done (79ms) 
     -computing joint association tests...done (0ms) 
 set [989/1778] : PNMA8A - 8777 variants...
     -reading in genotypes, computing gene-based tests and building masks...done (18148ms) 
     -computing association tests...done (151ms) 
     -computing joint association tests...done (0ms) 
 set [990/1778] : PNMA8B - 6970 variants...
     -reading in genotypes, computing gene-based tests and building masks...done (16648ms) 
     -computing association tests...done (186ms) 
     -computing joint association tests...done (0ms) 
 set [991/1778] : PNMA8C - 7032 variants...
     -reading in genotypes, computing gene-based tests and building masks...done (19686ms) 
     -computing association tests...done (139ms) 
     -computing joint association tests...done (0ms) 
 set [992/1778] : PNPLA6 - 13099 variants...
     -reading in genotypes, computing gene-based tests and building masks...done (21254ms) 
     -computing association tests...done (20ms) 
     -computing joint association tests...done (0ms) 
 set [993/1778] : PODNL1 - 10924 variants...
     -reading in genotypes, computing gene-based tests and building masks...done (33508ms) 
     -computing association tests...done (76ms) 
     -computing joint association tests...done (0ms) 
 set [994/1778] : POLD1 - 19441 variants...
     -reading in genotypes, computing gene-based tests and building masks...done (31877ms) 
     -computing association tests...done (23ms) 
     -computing joint association tests...done (0ms) 
 set [995/1778] : POLR2E - 13021 variants...
     -reading in genotypes, computing gene-based tests and building masks...done (30993ms) 
     -computing association tests...done (77ms) 
     -computing joint association tests...done (0ms) 
 set [996/1778] : POLR2I - 1373 variants...
     -reading in genotypes, computing gene-based tests and building masks...done (4462ms) 
     -computing association tests...done (12ms) 
     -computing joint association tests...done (0ms) 
 set [997/1778] : POLRMT - 15806 variants...
     -reading in genotypes, computing gene-based tests and building masks...done (24843ms) 
     -computing association tests...done (26ms) 
     -computing joint association tests...done (0ms) 
 set [998/1778] : POP4 - 9546 variants...
     -reading in genotypes, computing gene-based tests and building masks...done (16171ms) 
     -computing association tests...done (128ms) 
     -computing joint association tests...done (0ms) 
 set [999/1778] : POU2F2 - 33644 variants...
     -reading in genotypes, computing gene-based tests and building masks...done (54127ms) 
     -computing association tests...done (141ms) 
     -computing joint association tests...done (0ms) 
 set [1000/1778] : PPAN - 5424 variants...
     -reading in genotypes, computing gene-based tests and building masks...done (9285ms) 
     -computing association tests...done (19ms) 
     -computing joint association tests...done (0ms) 
 set [1001/1778] : PPFIA3 - 10970 variants...
     -reading in genotypes, computing gene-based tests and building masks...done (19674ms) 
     -computing association tests...done (20ms) 
     -computing joint association tests...done (0ms) 
 set [1002/1778] : PPIAP20 - 735 variants...
     -reading in genotypes, computing gene-based tests and building masks...done (1511ms) 
     -computing association tests...done (71ms) 
     -computing joint association tests...done (0ms) 
 set [1003/1778] : PPIAP58 - 2776 variants...
     -reading in genotypes, computing gene-based tests and building masks...done (10355ms) 
     -computing association tests...done (19ms) 
     -computing joint association tests...done (0ms) 
 set [1004/1778] : PPIAP59 - 4901 variants...
     -reading in genotypes, computing gene-based tests and building masks...done (12856ms) 
     -computing association tests...done (15ms) 
     -computing joint association tests...done (0ms) 
 set [1005/1778] : PPM1N - 5234 variants...
     -reading in genotypes, computing gene-based tests and building masks...done (19147ms) 
     -computing association tests...done (166ms) 
     -computing joint association tests...done (0ms) 
 set [1006/1778] : PPP1R12C - 22742 variants...
     -reading in genotypes, computing gene-based tests and building masks...done (179099ms) 
     -computing association tests...done (21ms) 
     -computing joint association tests...done (0ms) 
 set [1007/1778] : PPP1R13L - 16720 variants...
     -reading in genotypes, computing gene-based tests and building masks...done (32294ms) 
     -computing association tests...done (21ms) 
     -computing joint association tests...done (0ms) 
 set [1008/1778] : PPP1R14A - 6648 variants...
     -reading in genotypes, computing gene-based tests and building masks...done (13515ms) 
     -computing association tests...done (17ms) 
     -computing joint association tests...done (0ms) 
 set [1009/1778] : PPP1R15A - 3435 variants...
     -reading in genotypes, computing gene-based tests and building masks...done (6737ms) 
     -computing association tests...done (18ms) 
     -computing joint association tests...done (0ms) 
 set [1010/1778] : PPP1R37 - 25550 variants...
     -reading in genotypes, computing gene-based tests and building masks...done (37083ms) 
     -computing association tests...done (127ms) 
     -computing joint association tests...done (0ms) 
 set [1011/1778] : PPP2R1A - 23741 variants...
     -reading in genotypes, computing gene-based tests and building masks...done (38619ms) 
     -computing association tests...done (18ms) 
     -computing joint association tests...done (0ms) 
 set [1012/1778] : PPP5C - 25667 variants...
     -reading in genotypes, computing gene-based tests and building masks...done (51579ms) 
     -computing association tests...done (20ms) 
     -computing joint association tests...done (0ms) 
 set [1013/1778] : PPP6R1 - 18343 variants...
     -reading in genotypes, computing gene-based tests and building masks...done (33064ms) 
     -computing association tests...done (158ms) 
     -computing joint association tests...done (0ms) 
 set [1014/1778] : PRAM1 - 11423 variants...
     -reading in genotypes, computing gene-based tests and building masks...done (24966ms) 
     -computing association tests...done (136ms) 
     -computing joint association tests...done (0ms) 
 set [1015/1778] : PRDX2 - 4633 variants...
     -reading in genotypes, computing gene-based tests and building masks...done (9311ms) 
     -computing association tests...done (129ms) 
     -computing joint association tests...done (0ms) 
 set [1016/1778] : PRKACA - 22888 variants...
     -reading in genotypes, computing gene-based tests and building masks...done (47605ms) 
     -computing association tests...done (20ms) 
     -computing joint association tests...done (0ms) 
 set [1017/1778] : PRKCG - 22449 variants...
     -reading in genotypes, computing gene-based tests and building masks...done (64782ms) 
     -computing association tests...done (79ms) 
     -computing joint association tests...done (0ms) 
 set [1018/1778] : PRKCSH - 2966 variants...
     -reading in genotypes, computing gene-based tests and building masks...done (6340ms) 
     -computing association tests...done (18ms) 
     -computing joint association tests...done (0ms) 
 set [1019/1778] : PRKD2 - 25683 variants...
     -reading in genotypes, computing gene-based tests and building masks...done (48237ms) 
     -computing association tests...done (22ms) 
     -computing joint association tests...done (0ms) 
 set [1020/1778] : PRMT1 - 5543 variants...
     -reading in genotypes, computing gene-based tests and building masks...done (11900ms) 
     -computing association tests...done (20ms) 
     -computing joint association tests...done (0ms) 
 set [1021/1778] : PRODH2 - 11330 variants...
     -reading in genotypes, computing gene-based tests and building masks...done (27303ms) 
     -computing association tests...done (152ms) 
     -computing joint association tests...done (0ms) 
 set [1022/1778] : PROSER3 - 3911 variants...
     -reading in genotypes, computing gene-based tests and building masks...done (6845ms) 
     -computing association tests...done (16ms) 
     -computing joint association tests...done (0ms) 
 set [1023/1778] : PRPF31 - 8407 variants...
     -reading in genotypes, computing gene-based tests and building masks...done (13331ms) 
     -computing association tests...done (83ms) 
     -computing joint association tests...done (0ms) 
 set [1024/1778] : PRR12 - 18790 variants...
     -reading in genotypes, computing gene-based tests and building masks...done (36726ms) 
     -computing association tests...done (78ms) 
     -computing joint association tests...done (0ms) 
 set [1025/1778] : PRR13P5 - 190 variants...
     -reading in genotypes, computing gene-based tests and building masks...done (686ms) 
     -computing association tests...done (27ms) 
     -computing joint association tests...done (0ms) 
 set [1026/1778] : PRR19 - 3756 variants...
     -reading in genotypes, computing gene-based tests and building masks...done (7412ms) 
     -computing association tests...done (101ms) 
     -computing joint association tests...done (0ms) 
 set [1027/1778] : PRR22 - 17488 variants...
     -reading in genotypes, computing gene-based tests and building masks...done (68704ms) 
     -computing association tests...done (45ms) 
     -computing joint association tests...done (0ms) 
 set [1028/1778] : PRR36 - 9085 variants...
     -reading in genotypes, computing gene-based tests and building masks...done (14839ms) 
     -computing association tests...done (26ms) 
     -computing joint association tests...done (0ms) 
 set [1029/1778] : PRRG2 - 10462 variants...
     -reading in genotypes, computing gene-based tests and building masks...done (16841ms) 
     -computing association tests...done (17ms) 
     -computing joint association tests...done (0ms) 
 set [1030/1778] : PRSS57 - 7846 variants...
     -reading in genotypes, computing gene-based tests and building masks...done (14726ms) 
     -computing association tests...done (75ms) 
     -computing joint association tests...done (0ms) 
 set [1031/1778] : PRTN3 - 9021 variants...
     -reading in genotypes, computing gene-based tests and building masks...done (20800ms) 
     -computing association tests...done (20ms) 
     -computing joint association tests...done (0ms) 
 set [1032/1778] : PRX - 11850 variants...
     -reading in genotypes, computing gene-based tests and building masks...done (22785ms) 
     -computing association tests...done (148ms) 
     -computing joint association tests...done (0ms) 
 set [1033/1778] : PSENEN - 2288 variants...
     -reading in genotypes, computing gene-based tests and building masks...done (8282ms) 
     -computing association tests...done (83ms) 
     -computing joint association tests...done (0ms) 
 set [1034/1778] : PSG10P - 8185 variants...
     -reading in genotypes, computing gene-based tests and building masks...done (18168ms) 
     -computing association tests...done (17ms) 
     -computing joint association tests...done (0ms) 
 set [1035/1778] : PSG11 - 19242 variants...
     -reading in genotypes, computing gene-based tests and building masks...done (33237ms) 
     -computing association tests...done (77ms) 
     -computing joint association tests...done (0ms) 
 set [1036/1778] : PSG1 - 16889 variants...
     -reading in genotypes, computing gene-based tests and building masks...done (31531ms) 
     -computing association tests...done (82ms) 
     -computing joint association tests...done (0ms) 
 set [1037/1778] : PSG11-AS1 - 77502 variants...
     -reading in genotypes, computing gene-based tests and building masks...done (201788ms) 
     -computing association tests...done (17ms) 
     -computing joint association tests...done (0ms) 
 set [1038/1778] : PSG2 - 19609 variants...
     -reading in genotypes, computing gene-based tests and building masks...done (30533ms) 
     -computing association tests...done (77ms) 
     -computing joint association tests...done (0ms) 
 set [1039/1778] : PSG3 - 18700 variants...
     -reading in genotypes, computing gene-based tests and building masks...done (33805ms) 
     -computing association tests...done (23ms) 
     -computing joint association tests...done (0ms) 
 set [1040/1778] : PSG4 - 18356 variants...
     -reading in genotypes, computing gene-based tests and building masks...done (51187ms) 
     -computing association tests...done (20ms) 
     -computing joint association tests...done (0ms) 
 set [1041/1778] : PSG5 - 16211 variants...
     -reading in genotypes, computing gene-based tests and building masks...done (31586ms) 
     -computing association tests...done (19ms) 
     -computing joint association tests...done (0ms) 
 set [1042/1778] : PSG6 - 18157 variants...
     -reading in genotypes, computing gene-based tests and building masks...done (27530ms) 
     -computing association tests...done (23ms) 
     -computing joint association tests...done (0ms) 
 set [1043/1778] : PSG7 - 19210 variants...
     -reading in genotypes, computing gene-based tests and building masks...done (38934ms) 
     -computing association tests...done (92ms) 
     -computing joint association tests...done (0ms) 
 set [1044/1778] : PSG8 - 16683 variants...
     -reading in genotypes, computing gene-based tests and building masks...done (27003ms) 
     -computing association tests...done (79ms) 
     -computing joint association tests...done (0ms) 
 set [1045/1778] : PSG8-AS1 - 9850 variants...
     -reading in genotypes, computing gene-based tests and building masks...done (20395ms) 
     -computing association tests...done (17ms) 
     -computing joint association tests...done (0ms) 
 set [1046/1778] : PSG9 - 16519 variants...
     -reading in genotypes, computing gene-based tests and building masks...done (27830ms) 
     -computing association tests...done (106ms) 
     -computing joint association tests...done (0ms) 
 set [1047/1778] : PSMC4 - 8451 variants...
     -reading in genotypes, computing gene-based tests and building masks...done (14307ms) 
     -computing association tests...done (134ms) 
     -computing joint association tests...done (0ms) 
 set [1048/1778] : PSMD8 - 1386 variants...
     -reading in genotypes, computing gene-based tests and building masks...done (6829ms) 
     -computing association tests...done (14ms) 
     -computing joint association tests...done (0ms) 
 set [1049/1778] : PSPN - 2200 variants...
     -reading in genotypes, computing gene-based tests and building masks...done (5245ms) 
     -computing association tests...done (14ms) 
     -computing joint association tests...done (0ms) 
 set [1050/1778] : PTBP1 - 11024 variants...
     -reading in genotypes, computing gene-based tests and building masks...done (17369ms) 
     -computing association tests...done (136ms) 
     -computing joint association tests...done (0ms) 
 set [1051/1778] : PTGER1 - 5549 variants...
     -reading in genotypes, computing gene-based tests and building masks...done (9695ms) 
     -computing association tests...done (82ms) 
     -computing joint association tests...done (0ms) 
 set [1052/1778] : PTGIR - 7742 variants...
     -reading in genotypes, computing gene-based tests and building masks...done (14036ms) 
     -computing association tests...done (21ms) 
     -computing joint association tests...done (0ms) 
 set [1053/1778] : PTH2 - 3159 variants...
     -reading in genotypes, computing gene-based tests and building masks...done (18212ms) 
     -computing association tests...done (30ms) 
     -computing joint association tests...done (0ms) 
 set [1054/1778] : PTOV1 - 5424 variants...
     -reading in genotypes, computing gene-based tests and building masks...done (10439ms) 
     -computing association tests...done (76ms) 
     -computing joint association tests...done (0ms) 
 set [1055/1778] : PTOV1-AS1 - 1914 variants...
     -reading in genotypes, computing gene-based tests and building masks...done (3626ms) 
     -computing association tests...done (161ms) 
     -computing joint association tests...done (0ms) 
 set [1056/1778] : PTPRH - 19392 variants...
     -reading in genotypes, computing gene-based tests and building masks...done (43179ms) 
     -computing association tests...done (135ms) 
     -computing joint association tests...done (0ms) 
 set [1057/1778] : PTPRS - 94409 variants...
     -reading in genotypes, computing gene-based tests and building masks...done (253322ms) 
     -computing association tests...done (98ms) 
     -computing joint association tests...done (0ms) 
 set [1058/1778] : PTPRS-AS1 - 5159 variants...
     -reading in genotypes, computing gene-based tests and building masks...done (7765ms) 
     -computing association tests...done (17ms) 
     -computing joint association tests...done (0ms) 
 set [1059/1778] : PVR - 18527 variants...
     -reading in genotypes, computing gene-based tests and building masks...done (89681ms) 
     -computing association tests...done (45ms) 
     -computing joint association tests...done (0ms) 
 set [1060/1778] : PWWP3A - 17421 variants...
     -reading in genotypes, computing gene-based tests and building masks...done (29078ms) 
     -computing association tests...done (77ms) 
     -computing joint association tests...done (0ms) 
 set [1061/1778] : QPCTL - 4063 variants...
     -reading in genotypes, computing gene-based tests and building masks...done (11423ms) 
     -computing association tests...done (17ms) 
     -computing joint association tests...done (0ms) 
 set [1062/1778] : QTRT1 - 13317 variants...
     -reading in genotypes, computing gene-based tests and building masks...done (22752ms) 
     -computing association tests...done (71ms) 
     -computing joint association tests...done (0ms) 
 set [1063/1778] : R3HDM4 - 14957 variants...
     -reading in genotypes, computing gene-based tests and building masks...done (30546ms) 
     -computing association tests...done (21ms) 
     -computing joint association tests...done (0ms) 
 set [1064/1778] : RAB11B - 12183 variants...
     -reading in genotypes, computing gene-based tests and building masks...done (20639ms) 
     -computing association tests...done (176ms) 
     -computing joint association tests...done (0ms) 
 set [1065/1778] : RAB11B-AS1 - 2467 variants...
     -reading in genotypes, computing gene-based tests and building masks...done (4108ms) 
     -computing association tests...done (11ms) 
     -computing joint association tests...done (0ms) 
 set [1066/1778] : RAB3A - 6029 variants...
     -reading in genotypes, computing gene-based tests and building masks...done (11367ms) 
     -computing association tests...done (73ms) 
     -computing joint association tests...done (0ms) 
 set [1067/1778] : RAB3D - 11613 variants...
     -reading in genotypes, computing gene-based tests and building masks...done (18433ms) 
     -computing association tests...done (88ms) 
     -computing joint association tests...done (0ms) 
 set [1068/1778] : RAB4B - 10603 variants...
     -reading in genotypes, computing gene-based tests and building masks...done (16224ms) 
     -computing association tests...done (100ms) 
     -computing joint association tests...done (0ms) 
 set [1069/1778] : RAB8A - 14277 variants...
     -reading in genotypes, computing gene-based tests and building masks...done (28725ms) 
     -computing association tests...done (22ms) 
     -computing joint association tests...done (0ms) 
 set [1070/1778] : RABAC1 - 6197 variants...
     -reading in genotypes, computing gene-based tests and building masks...done (16550ms) 
     -computing association tests...done (16ms) 
     -computing joint association tests...done (0ms) 
 set [1071/1778] : RAD54L2P1 - 782 variants...
     -reading in genotypes, computing gene-based tests and building masks...done (7041ms) 
     -computing association tests...done (7ms) 
     -computing joint association tests...done (0ms) 
 set [1072/1778] : RANBP3 - 29247 variants...
     -reading in genotypes, computing gene-based tests and building masks...done (48288ms) 
     -computing association tests...done (81ms) 
     -computing joint association tests...done (0ms) 
 set [1073/1778] : RANBP3-DT - 2041 variants...
     -reading in genotypes, computing gene-based tests and building masks...done (3107ms) 
     -computing association tests...done (11ms) 
     -computing joint association tests...done (0ms) 
 set [1074/1778] : RASAL3 - 11354 variants...
     -reading in genotypes, computing gene-based tests and building masks...done (25640ms) 
     -computing association tests...done (84ms) 
     -computing joint association tests...done (0ms) 
 set [1075/1778] : RASGRP4 - 9660 variants...
     -reading in genotypes, computing gene-based tests and building masks...done (17107ms) 
     -computing association tests...done (88ms) 
     -computing joint association tests...done (0ms) 
 set [1076/1778] : RASIP1 - 11105 variants...
     -reading in genotypes, computing gene-based tests and building masks...done (24338ms) 
     -computing association tests...done (90ms) 
     -computing joint association tests...done (0ms) 
 set [1077/1778] : RAVER1 - 3335 variants...
     -reading in genotypes, computing gene-based tests and building masks...done (7476ms) 
     -computing association tests...done (109ms) 
     -computing joint association tests...done (0ms) 
 set [1078/1778] : RAX2 - 5144 variants...
     -reading in genotypes, computing gene-based tests and building masks...done (15324ms) 
     -computing association tests...done (18ms) 
     -computing joint association tests...done (0ms) 
 set [1079/1778] : RBM42 - 2666 variants...
     -reading in genotypes, computing gene-based tests and building masks...done (9412ms) 
     -computing association tests...done (20ms) 
     -computing joint association tests...done (0ms) 
 set [1080/1778] : RCN3 - 12761 variants...
     -reading in genotypes, computing gene-based tests and building masks...done (23749ms) 
     -computing association tests...done (92ms) 
     -computing joint association tests...done (0ms) 
 set [1081/1778] : RDH13 - 18847 variants...
     -reading in genotypes, computing gene-based tests and building masks...done (37041ms) 
     -computing association tests...done (20ms) 
     -computing joint association tests...done (0ms) 
 set [1082/1778] : RDH8 - 6563 variants...
     -reading in genotypes, computing gene-based tests and building masks...done (16542ms) 
     -computing association tests...done (152ms) 
     -computing joint association tests...done (0ms) 
 set [1083/1778] : REEP6 - 9642 variants...
     -reading in genotypes, computing gene-based tests and building masks...done (27319ms) 
     -computing association tests...done (17ms) 
     -computing joint association tests...done (0ms) 
 set [1084/1778] : RELB - 20153 variants...
     -reading in genotypes, computing gene-based tests and building masks...done (33596ms) 
     -computing association tests...done (20ms) 
     -computing joint association tests...done (0ms) 
 set [1085/1778] : RETN - 6778 variants...
     -reading in genotypes, computing gene-based tests and building masks...done (19408ms) 
     -computing association tests...done (33ms) 
     -computing joint association tests...done (0ms) 
 set [1086/1778] : REX1BD - 2209 variants...
     -reading in genotypes, computing gene-based tests and building masks...done (4069ms) 
     -computing association tests...done (14ms) 
     -computing joint association tests...done (0ms) 
 set [1087/1778] : REXO1 - 20003 variants...
     -reading in genotypes, computing gene-based tests and building masks...done (31135ms) 
     -computing association tests...done (83ms) 
     -computing joint association tests...done (0ms) 
 set [1088/1778] : RFPL4A - 8188 variants...
     -reading in genotypes, computing gene-based tests and building masks...done (21912ms) 
     -computing association tests...done (87ms) 
     -computing joint association tests...done (0ms) 
 set [1089/1778] : RFPL4AL1 - 10654 variants...
     -reading in genotypes, computing gene-based tests and building masks...done (24748ms) 
     -computing association tests...done (79ms) 
     -computing joint association tests...done (0ms) 
 set [1090/1778] : RFPL4AP1 - 946 variants...
     -reading in genotypes, computing gene-based tests and building masks...done (2057ms) 
     -computing association tests...done (81ms) 
     -computing joint association tests...done (0ms) 
 set [1091/1778] : RFX1 - 23046 variants...
     -reading in genotypes, computing gene-based tests and building masks...done (42773ms) 
     -computing association tests...done (152ms) 
     -computing joint association tests...done (0ms) 
 set [1092/1778] : RFX2 - 53105 variants...
     -reading in genotypes, computing gene-based tests and building masks...done (96995ms) 
     -computing association tests...done (107ms) 
     -computing joint association tests...done (0ms) 
 set [1093/1778] : RFXANK - 4491 variants...
     -reading in genotypes, computing gene-based tests and building masks...done (13663ms) 
     -computing association tests...done (33ms) 
     -computing joint association tests...done (0ms) 
 set [1094/1778] : RGL3 - 22093 variants...
     -reading in genotypes, computing gene-based tests and building masks...done (50364ms) 
     -computing association tests...done (73ms) 
     -computing joint association tests...done (0ms) 
 set [1095/1778] : RGS9BP - 1572 variants...
     -reading in genotypes, computing gene-based tests and building masks...done (2905ms) 
     -computing association tests...done (12ms) 
     -computing joint association tests...done (0ms) 
 set [1096/1778] : RHPN2 - 39979 variants...
     -reading in genotypes, computing gene-based tests and building masks...done (80524ms) 
     -computing association tests...done (126ms) 
     -computing joint association tests...done (0ms) 
 set [1097/1778] : RINL - 4603 variants...
     -reading in genotypes, computing gene-based tests and building masks...done (10771ms) 
     -computing association tests...done (30ms) 
     -computing joint association tests...done (0ms) 
 set [1098/1778] : RLN3 - 3307 variants...
     -reading in genotypes, computing gene-based tests and building masks...done (10263ms) 
     -computing association tests...done (16ms) 
     -computing joint association tests...done (0ms) 
 set [1099/1778] : RN7SL150P - 4334 variants...
     -reading in genotypes, computing gene-based tests and building masks...done (6446ms) 
     -computing association tests...done (15ms) 
     -computing joint association tests...done (0ms) 
 set [1100/1778] : RN7SL155P - 2227 variants...
     -reading in genotypes, computing gene-based tests and building masks...done (6021ms) 
     -computing association tests...done (78ms) 
     -computing joint association tests...done (0ms) 
 set [1101/1778] : RN7SL231P - 122 variants...
     -reading in genotypes, computing gene-based tests and building masks...done (751ms) 
     -computing association tests...done (28ms) 
     -computing joint association tests...done (0ms) 
 set [1102/1778] : RN7SL317P - 1009 variants...
     -reading in genotypes, computing gene-based tests and building masks...done (2282ms) 
     -computing association tests...done (14ms) 
     -computing joint association tests...done (0ms) 
 set [1103/1778] : RN7SL322P - 4160 variants...
     -reading in genotypes, computing gene-based tests and building masks...done (6772ms) 
     -computing association tests...done (15ms) 
     -computing joint association tests...done (0ms) 
 set [1104/1778] : RN7SL340P - 151 variants...
     -reading in genotypes, computing gene-based tests and building masks...done (641ms) 
     -computing association tests...done (2ms) 
     -computing joint association tests...done (0ms) 
 set [1105/1778] : RN7SL513P - 132 variants...
     -reading in genotypes, computing gene-based tests and building masks...done (487ms) 
     -computing association tests...done (2ms) 
     -computing joint association tests...done (0ms) 
 set [1106/1778] : RN7SL525P - 391 variants...
     -reading in genotypes, computing gene-based tests and building masks...done (964ms) 
     -computing association tests...done (2ms) 
     -computing joint association tests...done (0ms) 
 set [1107/1778] : RN7SL526P - 262 variants...
     -reading in genotypes, computing gene-based tests and building masks...done (1925ms) 
     -computing association tests...done (3ms) 
     -computing joint association tests...done (0ms) 
 set [1108/1778] : RN7SL693P - 4026 variants...
     -reading in genotypes, computing gene-based tests and building masks...done (9690ms) 
     -computing association tests...done (15ms) 
     -computing joint association tests...done (0ms) 
 set [1109/1778] : RN7SL708P - 1925 variants...
     -reading in genotypes, computing gene-based tests and building masks...done (3575ms) 
     -computing association tests...done (20ms) 
     -computing joint association tests...done (0ms) 
 set [1110/1778] : RN7SL70P - 5762 variants...
     -reading in genotypes, computing gene-based tests and building masks...done (9130ms) 
     -computing association tests...done (16ms) 
     -computing joint association tests...done (0ms) 
 set [1111/1778] : RN7SL836P - 5990 variants...
     -reading in genotypes, computing gene-based tests and building masks...done (9626ms) 
     -computing association tests...done (17ms) 
     -computing joint association tests...done (0ms) 
 set [1112/1778] : RNA5-8SP4 - 5927 variants...
     -reading in genotypes, computing gene-based tests and building masks...done (8526ms) 
     -computing association tests...done (74ms) 
     -computing joint association tests...done (0ms) 
 set [1113/1778] : RNA5SP470 - 354 variants...
     -reading in genotypes, computing gene-based tests and building masks...done (1443ms) 
     -computing association tests...done (70ms) 
     -computing joint association tests...done (0ms) 
 set [1114/1778] : RNA5SP471 - 49 variants...
     -reading in genotypes, computing gene-based tests and building masks...done (914ms) 
     -computing association tests...done (1ms) 
     -computing joint association tests...done (0ms) 
 set [1115/1778] : RNA5SP472 - 54 variants...
     -reading in genotypes, computing gene-based tests and building masks...done (1986ms) 
     -computing association tests...done (6ms) 
     -computing joint association tests...done (0ms) 
 set [1116/1778] : RNASEH2A - 8499 variants...
     -reading in genotypes, computing gene-based tests and building masks...done (15098ms) 
     -computing association tests...done (19ms) 
     -computing joint association tests...done (0ms) 
 set [1117/1778] : RNF126 - 15957 variants...
     -reading in genotypes, computing gene-based tests and building masks...done (32073ms) 
     -computing association tests...done (83ms) 
     -computing joint association tests...done (0ms) 
 set [1118/1778] : RNF225 - 1315 variants...
     -reading in genotypes, computing gene-based tests and building masks...done (2486ms) 
     -computing association tests...done (9ms) 
     -computing joint association tests...done (0ms) 
 set [1119/1778] : RNU4-60P - 53 variants...
     -reading in genotypes, computing gene-based tests and building masks...done (1883ms) 
     -computing association tests...done (1ms) 
     -computing joint association tests...done (0ms) 
 set [1120/1778] : RNU6-1041P - 541 variants...
     -reading in genotypes, computing gene-based tests and building masks...done (4976ms) 
     -computing association tests...done (5ms) 
     -computing joint association tests...done (0ms) 
 set [1121/1778] : RNU6-1076P - 57 variants...
     -reading in genotypes, computing gene-based tests and building masks...done (896ms) 
     -computing association tests...done (12ms) 
     -computing joint association tests...done (0ms) 
 set [1122/1778] : RNU6-1179P - 3888 variants...
     -reading in genotypes, computing gene-based tests and building masks...done (5627ms) 
     -computing association tests...done (12ms) 
     -computing joint association tests...done (0ms) 
 set [1123/1778] : RNU6-1307P - 34 variants...
     -reading in genotypes, computing gene-based tests and building masks...done (1030ms) 
     -computing association tests...done (1ms) 
     -computing joint association tests...done (0ms) 
 set [1124/1778] : RNU6-165P - 701 variants...
     -reading in genotypes, computing gene-based tests and building masks...done (1345ms) 
     -computing association tests...done (5ms) 
     -computing joint association tests...done (0ms) 
 set [1125/1778] : RNU6-317P - 1671 variants...
     -reading in genotypes, computing gene-based tests and building masks...done (3568ms) 
     -computing association tests...done (116ms) 
     -computing joint association tests...done (0ms) 
 set [1126/1778] : RNU6-698P - 55 variants...
     -reading in genotypes, computing gene-based tests and building masks...done (1469ms) 
     -computing association tests...done (104ms) 
     -computing joint association tests...done (0ms) 
 set [1127/1778] : RNU6-751P - 56 variants...
     -reading in genotypes, computing gene-based tests and building masks...done (1340ms) 
     -computing association tests...done (1ms) 
     -computing joint association tests...done (0ms) 
 set [1128/1778] : RNU6-782P - 1705 variants...
     -reading in genotypes, computing gene-based tests and building masks...done (4813ms) 
     -computing association tests...done (10ms) 
     -computing joint association tests...done (0ms) 
 set [1129/1778] : RNU6-803P - 50 variants...
     -reading in genotypes, computing gene-based tests and building masks...done (3037ms) 
     -computing association tests...done (3ms) 
     -computing joint association tests...done (0ms) 
 set [1130/1778] : RNU6-945P - 4299 variants...
     -reading in genotypes, computing gene-based tests and building masks...done (6892ms) 
     -computing association tests...done (16ms) 
     -computing joint association tests...done (0ms) 
 set [1131/1778] : RNU6-967P - 4223 variants...
     -reading in genotypes, computing gene-based tests and building masks...done (10049ms) 
     -computing association tests...done (14ms) 
     -computing joint association tests...done (0ms) 
 set [1132/1778] : RNU6-980P - 47 variants...
     -reading in genotypes, computing gene-based tests and building masks...done (1403ms) 
     -computing association tests...done (1ms) 
     -computing joint association tests...done (0ms) 
 set [1133/1778] : RNU6-982P - 52 variants...
     -reading in genotypes, computing gene-based tests and building masks...done (570ms) 
     -computing association tests...done (6ms) 
     -computing joint association tests...done (0ms) 
 set [1134/1778] : RNU6-993P - 1541 variants...
     -reading in genotypes, computing gene-based tests and building masks...done (4255ms) 
     -computing association tests...done (8ms) 
     -computing joint association tests...done (0ms) 
 set [1135/1778] : RPL10P16 - 1187 variants...
     -reading in genotypes, computing gene-based tests and building masks...done (2349ms) 
     -computing association tests...done (8ms) 
     -computing joint association tests...done (0ms) 
 set [1136/1778] : RPL12P41 - 4567 variants...
     -reading in genotypes, computing gene-based tests and building masks...done (7066ms) 
     -computing association tests...done (74ms) 
     -computing joint association tests...done (0ms) 
 set [1137/1778] : RPL13A - 4948 variants...
     -reading in genotypes, computing gene-based tests and building masks...done (9433ms) 
     -computing association tests...done (29ms) 
     -computing joint association tests...done (0ms) 
 set [1138/1778] : RPL18 - 3981 variants...
     -reading in genotypes, computing gene-based tests and building masks...done (7201ms) 
     -computing association tests...done (16ms) 
     -computing joint association tests...done (0ms) 
 set [1139/1778] : RPL18A - 6237 variants...
     -reading in genotypes, computing gene-based tests and building masks...done (10184ms) 
     -computing association tests...done (18ms) 
     -computing joint association tests...done (0ms) 
 set [1140/1778] : RPL21P129 - 1604 variants...
     -reading in genotypes, computing gene-based tests and building masks...done (3186ms) 
     -computing association tests...done (10ms) 
     -computing joint association tests...done (0ms) 
 set [1141/1778] : RPL21P130 - 3182 variants...
     -reading in genotypes, computing gene-based tests and building masks...done (5270ms) 
     -computing association tests...done (15ms) 
     -computing joint association tests...done (0ms) 
 set [1142/1778] : RPL21P131 - 4347 variants...
     -reading in genotypes, computing gene-based tests and building masks...done (5938ms) 
     -computing association tests...done (15ms) 
     -computing joint association tests...done (0ms) 
 set [1143/1778] : RPL23AP80 - 70 variants...
     -reading in genotypes, computing gene-based tests and building masks...done (1901ms) 
     -computing association tests...done (8ms) 
     -computing joint association tests...done (0ms) 
 set [1144/1778] : RPL28 - 5172 variants...
     -reading in genotypes, computing gene-based tests and building masks...done (10136ms) 
     -computing association tests...done (15ms) 
     -computing joint association tests...done (0ms) 
 set [1145/1778] : RPL34P34 - 2808 variants...
     -reading in genotypes, computing gene-based tests and building masks...done (4303ms) 
     -computing association tests...done (79ms) 
     -computing joint association tests...done (0ms) 
 set [1146/1778] : RPL35P10 - 1107 variants...
     -reading in genotypes, computing gene-based tests and building masks...done (8295ms) 
     -computing association tests...done (79ms) 
     -computing joint association tests...done (1ms) 
 set [1147/1778] : RPL36 - 2060 variants...
     -reading in genotypes, computing gene-based tests and building masks...done (6452ms) 
     -computing association tests...done (12ms) 
     -computing joint association tests...done (0ms) 
 set [1148/1778] : RPL36AP51 - 132 variants...
     -reading in genotypes, computing gene-based tests and building masks...done (1442ms) 
     -computing association tests...done (135ms) 
     -computing joint association tests...done (0ms) 
 set [1149/1778] : RPL36P16 - 139 variants...
     -reading in genotypes, computing gene-based tests and building masks...done (2527ms) 
     -computing association tests...done (74ms) 
     -computing joint association tests...done (0ms) 
 set [1150/1778] : RPL39P34 - 1549 variants...
     -reading in genotypes, computing gene-based tests and building masks...done (3482ms) 
     -computing association tests...done (10ms) 
     -computing joint association tests...done (0ms) 
 set [1151/1778] : RPL39P36 - 215 variants...
     -reading in genotypes, computing gene-based tests and building masks...done (777ms) 
     -computing association tests...done (1ms) 
     -computing joint association tests...done (0ms) 
 set [1152/1778] : RPL39P38 - 650 variants...
     -reading in genotypes, computing gene-based tests and building masks...done (2555ms) 
     -computing association tests...done (4ms) 
     -computing joint association tests...done (0ms) 
 set [1153/1778] : RPL7AP69 - 4167 variants...
     -reading in genotypes, computing gene-based tests and building masks...done (7583ms) 
     -computing association tests...done (19ms) 
     -computing joint association tests...done (0ms) 
 set [1154/1778] : RPL7P50 - 1290 variants...
     -reading in genotypes, computing gene-based tests and building masks...done (2652ms) 
     -computing association tests...done (75ms) 
     -computing joint association tests...done (0ms) 
 set [1155/1778] : RPL7P51 - 2 variants...
     -reading in genotypes, computing gene-based tests and building masks...done (183ms) 
     -computing association tests...done (1ms) 
     -computing joint association tests...done (0ms) 
 set [1156/1778] : RPS10P28 - 220 variants...
     -reading in genotypes, computing gene-based tests and building masks...done (3953ms) 
     -computing association tests...done (8ms) 
     -computing joint association tests...done (0ms) 
 set [1157/1778] : RPS11 - 8101 variants...
     -reading in genotypes, computing gene-based tests and building masks...done (11968ms) 
     -computing association tests...done (39ms) 
     -computing joint association tests...done (0ms) 
 set [1158/1778] : RPS15 - 7417 variants...
     -reading in genotypes, computing gene-based tests and building masks...done (14350ms) 
     -computing association tests...done (117ms) 
     -computing joint association tests...done (0ms) 
 set [1159/1778] : RPS15P9 - 4119 variants...
     -reading in genotypes, computing gene-based tests and building masks...done (8146ms) 
     -computing association tests...done (70ms) 
     -computing joint association tests...done (0ms) 
 set [1160/1778] : RPS16 - 7326 variants...
     -reading in genotypes, computing gene-based tests and building masks...done (12218ms) 
     -computing association tests...done (157ms) 
     -computing joint association tests...done (0ms) 
 set [1161/1778] : RPS16P9 - 4355 variants...
     -reading in genotypes, computing gene-based tests and building masks...done (14543ms) 
     -computing association tests...done (15ms) 
     -computing joint association tests...done (0ms) 
 set [1162/1778] : RPS18P13 - 2038 variants...
     -reading in genotypes, computing gene-based tests and building masks...done (3792ms) 
     -computing association tests...done (80ms) 
     -computing joint association tests...done (0ms) 
 set [1163/1778] : RPS19 - 9323 variants...
     -reading in genotypes, computing gene-based tests and building masks...done (16481ms) 
     -computing association tests...done (134ms) 
     -computing joint association tests...done (0ms) 
 set [1164/1778] : RPS26P55 - 5000 variants...
     -reading in genotypes, computing gene-based tests and building masks...done (16242ms) 
     -computing association tests...done (16ms) 
     -computing joint association tests...done (0ms) 
 set [1165/1778] : RPS27AP19 - 1440 variants...
     -reading in genotypes, computing gene-based tests and building masks...done (2726ms) 
     -computing association tests...done (10ms) 
     -computing joint association tests...done (0ms) 
 set [1166/1778] : RPS27P29 - 97 variants...
     -reading in genotypes, computing gene-based tests and building masks...done (558ms) 
     -computing association tests...done (1ms) 
     -computing joint association tests...done (0ms) 
 set [1167/1778] : RPS28 - 1984 variants...
     -reading in genotypes, computing gene-based tests and building masks...done (5233ms) 
     -computing association tests...done (150ms) 
     -computing joint association tests...done (0ms) 
 set [1168/1778] : RPS29P23 - 1656 variants...
     -reading in genotypes, computing gene-based tests and building masks...done (5308ms) 
     -computing association tests...done (16ms) 
     -computing joint association tests...done (0ms) 
 set [1169/1778] : RPS29P24 - 73 variants...
     -reading in genotypes, computing gene-based tests and building masks...done (753ms) 
     -computing association tests...done (5ms) 
     -computing joint association tests...done (0ms) 
 set [1170/1778] : RPS29P25 - 2645 variants...
     -reading in genotypes, computing gene-based tests and building masks...done (4065ms) 
     -computing association tests...done (11ms) 
     -computing joint association tests...done (0ms) 
 set [1171/1778] : RPS29P26 - 2132 variants...
     -reading in genotypes, computing gene-based tests and building masks...done (3074ms) 
     -computing association tests...done (9ms) 
     -computing joint association tests...done (0ms) 
 set [1172/1778] : RPS29P27 - 625 variants...
     -reading in genotypes, computing gene-based tests and building masks...done (7623ms) 
     -computing association tests...done (2ms) 
     -computing joint association tests...done (0ms) 
 set [1173/1778] : RPS29P30 - 954 variants...
     -reading in genotypes, computing gene-based tests and building masks...done (4074ms) 
     -computing association tests...done (8ms) 
     -computing joint association tests...done (0ms) 
 set [1174/1778] : RPS3AP50 - 4648 variants...
     -reading in genotypes, computing gene-based tests and building masks...done (13894ms) 
     -computing association tests...done (16ms) 
     -computing joint association tests...done (0ms) 
 set [1175/1778] : RPS4XP20 - 295 variants...
     -reading in genotypes, computing gene-based tests and building masks...done (790ms) 
     -computing association tests...done (75ms) 
     -computing joint association tests...done (0ms) 
 set [1176/1778] : RPS4XP21 - 4295 variants...
     -reading in genotypes, computing gene-based tests and building masks...done (12453ms) 
     -computing association tests...done (15ms) 
     -computing joint association tests...done (0ms) 
 set [1177/1778] : RPS4XP22 - 404 variants...
     -reading in genotypes, computing gene-based tests and building masks...done (1607ms) 
     -computing association tests...done (60ms) 
     -computing joint association tests...done (0ms) 
 set [1178/1778] : RPS4XP23 - 101 variants...
     -reading in genotypes, computing gene-based tests and building masks...done (413ms) 
     -computing association tests...done (1ms) 
     -computing joint association tests...done (0ms) 
 set [1179/1778] : RPS5 - 9063 variants...
     -reading in genotypes, computing gene-based tests and building masks...done (21955ms) 
     -computing association tests...done (16ms) 
     -computing joint association tests...done (0ms) 
 set [1180/1778] : RPS9 - 9991 variants...
     -reading in genotypes, computing gene-based tests and building masks...done (17281ms) 
     -computing association tests...done (20ms) 
     -computing joint association tests...done (0ms) 
 set [1181/1778] : RPSA2 - 31303 variants...
     -reading in genotypes, computing gene-based tests and building masks...done (64517ms) 
     -computing association tests...done (111ms) 
     -computing joint association tests...done (0ms) 
 set [1182/1778] : RRAS - 7272 variants...
     -reading in genotypes, computing gene-based tests and building masks...done (12365ms) 
     -computing association tests...done (19ms) 
     -computing joint association tests...done (0ms) 
 set [1183/1778] : RSPH6A - 12295 variants...
     -reading in genotypes, computing gene-based tests and building masks...done (19288ms) 
     -computing association tests...done (146ms) 
     -computing joint association tests...done (0ms) 
 set [1184/1778] : RTBDN - 5676 variants...
     -reading in genotypes, computing gene-based tests and building masks...done (12033ms) 
     -computing association tests...done (27ms) 
     -computing joint association tests...done (0ms) 
 set [1185/1778] : RTN2 - 6779 variants...
     -reading in genotypes, computing gene-based tests and building masks...done (13562ms) 
     -computing association tests...done (124ms) 
     -computing joint association tests...done (0ms) 
 set [1186/1778] : RUVBL2 - 13330 variants...
     -reading in genotypes, computing gene-based tests and building masks...done (27260ms) 
     -computing association tests...done (79ms) 
     -computing joint association tests...done (0ms) 
 set [1187/1778] : RYR1 - 72353 variants...
     -reading in genotypes, computing gene-based tests and building masks...done (157548ms) 
     -computing association tests...done (36ms) 
     -computing joint association tests...done (0ms) 
 set [1188/1778] : S1PR2 - 9531 variants...
     -reading in genotypes, computing gene-based tests and building masks...done (16967ms) 
     -computing association tests...done (19ms) 
     -computing joint association tests...done (0ms) 
 set [1189/1778] : S1PR4 - 19431 variants...
     -reading in genotypes, computing gene-based tests and building masks...done (354642ms) 
     -computing association tests...done (82ms) 
     -computing joint association tests...done (0ms) 
 set [1190/1778] : S1PR5 - 7262 variants...
     -reading in genotypes, computing gene-based tests and building masks...done (13834ms) 
     -computing association tests...done (109ms) 
     -computing joint association tests...done (0ms) 
 set [1191/1778] : SAE1 - 47070 variants...
     -reading in genotypes, computing gene-based tests and building masks...done (93375ms) 
     -computing association tests...done (69ms) 
     -computing joint association tests...done (0ms) 
 set [1192/1778] : SAFB - 22154 variants...
     -reading in genotypes, computing gene-based tests and building masks...done (38147ms) 
     -computing association tests...done (21ms) 
     -computing joint association tests...done (0ms) 
 set [1193/1778] : SAFB2 - 22488 variants...
     -reading in genotypes, computing gene-based tests and building masks...done (35494ms) 
     -computing association tests...done (81ms) 
     -computing joint association tests...done (0ms) 
 set [1194/1778] : SAMD4B - 17103 variants...
     -reading in genotypes, computing gene-based tests and building masks...done (27631ms) 
     -computing association tests...done (72ms) 
     -computing joint association tests...done (0ms) 
 set [1195/1778] : SARS2 - 4391 variants...
     -reading in genotypes, computing gene-based tests and building masks...done (8358ms) 
     -computing association tests...done (15ms) 
     -computing joint association tests...done (0ms) 
 set [1196/1778] : SAXO5 - 10561 variants...
     -reading in genotypes, computing gene-based tests and building masks...done (15633ms) 
     -computing association tests...done (78ms) 
     -computing joint association tests...done (0ms) 
 set [1197/1778] : SBK2 - 11688 variants...
     -reading in genotypes, computing gene-based tests and building masks...done (31766ms) 
     -computing association tests...done (18ms) 
     -computing joint association tests...done (0ms) 
 set [1198/1778] : SBK3 - 6924 variants...
     -reading in genotypes, computing gene-based tests and building masks...done (14084ms) 
     -computing association tests...done (110ms) 
     -computing joint association tests...done (0ms) 
 set [1199/1778] : SBNO2 - 54787 variants...
     -reading in genotypes, computing gene-based tests and building masks...done (303018ms) 
     -computing association tests...done (30ms) 
     -computing joint association tests...done (0ms) 
 set [1200/1778] : SBSN - 5507 variants...
     -reading in genotypes, computing gene-based tests and building masks...done (12753ms) 
     -computing association tests...done (131ms) 
     -computing joint association tests...done (0ms) 
 set [1201/1778] : SCAF1 - 4787 variants...
     -reading in genotypes, computing gene-based tests and building masks...done (8449ms) 
     -computing association tests...done (162ms) 
     -computing joint association tests...done (0ms) 
 set [1202/1778] : SCAMP4 - 11503 variants...
     -reading in genotypes, computing gene-based tests and building masks...done (19981ms) 
     -computing association tests...done (22ms) 
     -computing joint association tests...done (0ms) 
 set [1203/1778] : SCGB1B2P - 6152 variants...
     -reading in genotypes, computing gene-based tests and building masks...done (13235ms) 
     -computing association tests...done (36ms) 
     -computing joint association tests...done (0ms) 
 set [1204/1778] : SCGB2B2 - 41876 variants...
     -reading in genotypes, computing gene-based tests and building masks...done (67947ms) 
     -computing association tests...done (20ms) 
     -computing joint association tests...done (0ms) 
 set [1205/1778] : SCN1B - 9218 variants...
     -reading in genotypes, computing gene-based tests and building masks...done (23025ms) 
     -computing association tests...done (22ms) 
     -computing joint association tests...done (0ms) 
 set [1206/1778] : SDHAF1 - 4523 variants...
     -reading in genotypes, computing gene-based tests and building masks...done (9100ms) 
     -computing association tests...done (36ms) 
     -computing joint association tests...done (0ms) 
 set [1207/1778] : SEC1P - 8154 variants...
     -reading in genotypes, computing gene-based tests and building masks...done (16146ms) 
     -computing association tests...done (17ms) 
     -computing joint association tests...done (0ms) 
 set [1208/1778] : SELENOV - 8160 variants...
     -reading in genotypes, computing gene-based tests and building masks...done (21525ms) 
     -computing association tests...done (17ms) 
     -computing joint association tests...done (0ms) 
 set [1209/1778] : SELENOW - 8448 variants...
     -reading in genotypes, computing gene-based tests and building masks...done (14752ms) 
     -computing association tests...done (18ms) 
     -computing joint association tests...done (0ms) 
 set [1210/1778] : SEMA6B - 17760 variants...
     -reading in genotypes, computing gene-based tests and building masks...done (30504ms) 
     -computing association tests...done (154ms) 
     -computing joint association tests...done (0ms) 
 set [1211/1778] : SEPTIN14P19 - 20 variants...
     -reading in genotypes, computing gene-based tests and building masks...done (1212ms) 
     -computing association tests...done (154ms) 
     -computing joint association tests...done (0ms) 
 set [1212/1778] : SEPTIN7P8 - 2809 variants...
     -reading in genotypes, computing gene-based tests and building masks...done (7544ms) 
     -computing association tests...done (15ms) 
     -computing joint association tests...done (0ms) 
 set [1213/1778] : SERTAD1 - 6047 variants...
     -reading in genotypes, computing gene-based tests and building masks...done (11135ms) 
     -computing association tests...done (18ms) 
     -computing joint association tests...done (0ms) 
 set [1214/1778] : SERTAD3 - 6297 variants...
     -reading in genotypes, computing gene-based tests and building masks...done (12759ms) 
     -computing association tests...done (17ms) 
     -computing joint association tests...done (0ms) 
 set [1215/1778] : SF3A2 - 7672 variants...
     -reading in genotypes, computing gene-based tests and building masks...done (11637ms) 
     -computing association tests...done (23ms) 
     -computing joint association tests...done (0ms) 
 set [1216/1778] : SGTA - 17838 variants...
     -reading in genotypes, computing gene-based tests and building masks...done (29620ms) 
     -computing association tests...done (20ms) 
     -computing joint association tests...done (0ms) 
 set [1217/1778] : SH2D3A - 9082 variants...
     -reading in genotypes, computing gene-based tests and building masks...done (15442ms) 
     -computing association tests...done (73ms) 
     -computing joint association tests...done (0ms) 
 set [1218/1778] : SH3GL1 - 23893 variants...
     -reading in genotypes, computing gene-based tests and building masks...done (48522ms) 
     -computing association tests...done (23ms) 
     -computing joint association tests...done (0ms) 
 set [1219/1778] : SHANK1 - 28483 variants...
     -reading in genotypes, computing gene-based tests and building masks...done (62730ms) 
     -computing association tests...done (83ms) 
     -computing joint association tests...done (0ms) 
 set [1220/1778] : SHC2 - 41616 variants...
     -reading in genotypes, computing gene-based tests and building masks...done (129004ms) 
     -computing association tests...done (84ms) 
     -computing joint association tests...done (0ms) 
 set [1221/1778] : SHD - 12552 variants...
     -reading in genotypes, computing gene-based tests and building masks...done (22395ms) 
     -computing association tests...done (21ms) 
     -computing joint association tests...done (0ms) 
 set [1222/1778] : SHFL - 3043 variants...
     -reading in genotypes, computing gene-based tests and building masks...done (7322ms) 
     -computing association tests...done (16ms) 
     -computing joint association tests...done (0ms) 
 set [1223/1778] : SHISA7 - 13835 variants...
     -reading in genotypes, computing gene-based tests and building masks...done (27230ms) 
     -computing association tests...done (80ms) 
     -computing joint association tests...done (0ms) 
 set [1224/1778] : SHKBP1 - 9091 variants...
     -reading in genotypes, computing gene-based tests and building masks...done (23956ms) 
     -computing association tests...done (83ms) 
     -computing joint association tests...done (0ms) 
 set [1225/1778] : SIGLEC10 - 7948 variants...
     -reading in genotypes, computing gene-based tests and building masks...done (19334ms) 
     -computing association tests...done (75ms) 
     -computing joint association tests...done (0ms) 
 set [1226/1778] : SIGLEC11 - 11063 variants...
     -reading in genotypes, computing gene-based tests and building masks...done (24827ms) 
     -computing association tests...done (115ms) 
     -computing joint association tests...done (0ms) 
 set [1227/1778] : SIGLEC12 - 10742 variants...
     -reading in genotypes, computing gene-based tests and building masks...done (21724ms) 
     -computing association tests...done (17ms) 
     -computing joint association tests...done (0ms) 
 set [1228/1778] : SIGLEC14 - 9282 variants...
     -reading in genotypes, computing gene-based tests and building masks...done (17872ms) 
     -computing association tests...done (76ms) 
     -computing joint association tests...done (0ms) 
 set [1229/1778] : SIGLEC16 - 3458 variants...
     -reading in genotypes, computing gene-based tests and building masks...done (7979ms) 
     -computing association tests...done (26ms) 
     -computing joint association tests...done (0ms) 
 set [1230/1778] : SIGLEC17P - 6818 variants...
     -reading in genotypes, computing gene-based tests and building masks...done (14582ms) 
     -computing association tests...done (18ms) 
     -computing joint association tests...done (0ms) 
 set [1231/1778] : SIGLEC18P - 1863 variants...
     -reading in genotypes, computing gene-based tests and building masks...done (3410ms) 
     -computing association tests...done (10ms) 
     -computing joint association tests...done (0ms) 
 set [1232/1778] : SIGLEC20P - 2856 variants...
     -reading in genotypes, computing gene-based tests and building masks...done (5823ms) 
     -computing association tests...done (19ms) 
     -computing joint association tests...done (0ms) 
 set [1233/1778] : SIGLEC21P - 1113 variants...
     -reading in genotypes, computing gene-based tests and building masks...done (5752ms) 
     -computing association tests...done (41ms) 
     -computing joint association tests...done (0ms) 
 set [1234/1778] : SIGLEC22P - 19 variants...
     -reading in genotypes, computing gene-based tests and building masks...done (2145ms) 
     -computing association tests...done (1ms) 
     -computing joint association tests...done (0ms) 
 set [1235/1778] : SIGLEC24P - 7699 variants...
     -reading in genotypes, computing gene-based tests and building masks...done (13054ms) 
     -computing association tests...done (16ms) 
     -computing joint association tests...done (0ms) 
 set [1236/1778] : SIGLEC27P - 129 variants...
     -reading in genotypes, computing gene-based tests and building masks...done (518ms) 
     -computing association tests...done (41ms) 
     -computing joint association tests...done (0ms) 
 set [1237/1778] : SIGLEC29P - 1658 variants...
     -reading in genotypes, computing gene-based tests and building masks...done (5963ms) 
     -computing association tests...done (125ms) 
     -computing joint association tests...done (0ms) 
 set [1238/1778] : SIGLEC31P - 969 variants...
     -reading in genotypes, computing gene-based tests and building masks...done (5236ms) 
     -computing association tests...done (10ms) 
     -computing joint association tests...done (0ms) 
 set [1239/1778] : SIGLEC5 - 13170 variants...
     -reading in genotypes, computing gene-based tests and building masks...done (21654ms) 
     -computing association tests...done (20ms) 
     -computing joint association tests...done (0ms) 
 set [1240/1778] : SIGLEC6 - 9647 variants...
     -reading in genotypes, computing gene-based tests and building masks...done (15490ms) 
     -computing association tests...done (127ms) 
     -computing joint association tests...done (0ms) 
 set [1241/1778] : SIGLEC7 - 8227 variants...
     -reading in genotypes, computing gene-based tests and building masks...done (13384ms) 
     -computing association tests...done (19ms) 
     -computing joint association tests...done (0ms) 
 set [1242/1778] : SIGLEC8 - 7699 variants...
     -reading in genotypes, computing gene-based tests and building masks...done (13312ms) 
     -computing association tests...done (19ms) 
     -computing joint association tests...done (0ms) 
 set [1243/1778] : SIGLEC9 - 6716 variants...
     -reading in genotypes, computing gene-based tests and building masks...done (10893ms) 
     -computing association tests...done (80ms) 
     -computing joint association tests...done (0ms) 
 set [1244/1778] : SIGLECL1 - 10513 variants...
     -reading in genotypes, computing gene-based tests and building masks...done (17545ms) 
     -computing association tests...done (72ms) 
     -computing joint association tests...done (0ms) 
 set [1245/1778] : SIN3B - 27939 variants...
     -reading in genotypes, computing gene-based tests and building masks...done (47395ms) 
     -computing association tests...done (22ms) 
     -computing joint association tests...done (0ms) 
 set [1246/1778] : SIPA1L3 - 140803 variants...
     -reading in genotypes, computing gene-based tests and building masks...done (442576ms) 
     -computing association tests...done (98ms) 
     -computing joint association tests...done (0ms) 
 set [1247/1778] : SIRT2 - 11105 variants...
     -reading in genotypes, computing gene-based tests and building masks...done (18578ms) 
     -computing association tests...done (128ms) 
     -computing joint association tests...done (0ms) 
 set [1248/1778] : SIRT6 - 9104 variants...
     -reading in genotypes, computing gene-based tests and building masks...done (16181ms) 
     -computing association tests...done (17ms) 
     -computing joint association tests...done (0ms) 
 set [1249/1778] : SIX5 - 8522 variants...
     -reading in genotypes, computing gene-based tests and building masks...done (13238ms) 
     -computing association tests...done (79ms) 
     -computing joint association tests...done (0ms) 
 set [1250/1778] : SLC17A7 - 9713 variants...
     -reading in genotypes, computing gene-based tests and building masks...done (17670ms) 
     -computing association tests...done (46ms) 
     -computing joint association tests...done (0ms) 
 set [1251/1778] : SLC1A5 - 11153 variants...
     -reading in genotypes, computing gene-based tests and building masks...done (25827ms) 
     -computing association tests...done (119ms) 
     -computing joint association tests...done (0ms) 
 set [1252/1778] : SLC1A6 - 21121 variants...
     -reading in genotypes, computing gene-based tests and building masks...done (37406ms) 
     -computing association tests...done (31ms) 
     -computing joint association tests...done (0ms) 
 set [1253/1778] : SLC25A1P5 - 441 variants...
     -reading in genotypes, computing gene-based tests and building masks...done (7938ms) 
     -computing association tests...done (86ms) 
     -computing joint association tests...done (0ms) 
 set [1254/1778] : SLC25A23 - 14303 variants...
     -reading in genotypes, computing gene-based tests and building masks...done (32455ms) 
     -computing association tests...done (22ms) 
     -computing joint association tests...done (0ms) 
 set [1255/1778] : SLC25A41 - 16616 variants...
     -reading in genotypes, computing gene-based tests and building masks...done (67008ms) 
     -computing association tests...done (76ms) 
     -computing joint association tests...done (0ms) 
 set [1256/1778] : SLC25A42 - 22848 variants...
     -reading in genotypes, computing gene-based tests and building masks...done (36123ms) 
     -computing association tests...done (79ms) 
     -computing joint association tests...done (0ms) 
 set [1257/1778] : SLC27A1 - 21398 variants...
     -reading in genotypes, computing gene-based tests and building masks...done (45071ms) 
     -computing association tests...done (31ms) 
     -computing joint association tests...done (0ms) 
 set [1258/1778] : SLC27A5 - 13055 variants...
     -reading in genotypes, computing gene-based tests and building masks...done (23420ms) 
     -computing association tests...done (82ms) 
     -computing joint association tests...done (0ms) 
 set [1259/1778] : SLC35E1 - 14426 variants...
     -reading in genotypes, computing gene-based tests and building masks...done (25031ms) 
     -computing association tests...done (30ms) 
     -computing joint association tests...done (0ms) 
 set [1260/1778] : SLC39A3 - 8882 variants...
     -reading in genotypes, computing gene-based tests and building masks...done (15680ms) 
     -computing association tests...done (18ms) 
     -computing joint association tests...done (0ms) 
 set [1261/1778] : SLC44A2 - 22052 variants...
     -reading in genotypes, computing gene-based tests and building masks...done (40961ms) 
     -computing association tests...done (22ms) 
     -computing joint association tests...done (0ms) 
 set [1262/1778] : SLC5A5 - 15885 variants...
     -reading in genotypes, computing gene-based tests and building masks...done (22918ms) 
     -computing association tests...done (22ms) 
     -computing joint association tests...done (0ms) 
 set [1263/1778] : SLC6A16 - 18644 variants...
     -reading in genotypes, computing gene-based tests and building masks...done (32512ms) 
     -computing association tests...done (23ms) 
     -computing joint association tests...done (0ms) 
 set [1264/1778] : SLC6A21P - 87 variants...
     -reading in genotypes, computing gene-based tests and building masks...done (2494ms) 
     -computing association tests...done (6ms) 
     -computing joint association tests...done (0ms) 
 set [1265/1778] : SLC7A10 - 21669 variants...
     -reading in genotypes, computing gene-based tests and building masks...done (35871ms) 
     -computing association tests...done (115ms) 
     -computing joint association tests...done (0ms) 
 set [1266/1778] : SLC7A9 - 21976 variants...
     -reading in genotypes, computing gene-based tests and building masks...done (43653ms) 
     -computing association tests...done (90ms) 
     -computing joint association tests...done (0ms) 
 set [1267/1778] : SLC8A2 - 23844 variants...
     -reading in genotypes, computing gene-based tests and building masks...done (38862ms) 
     -computing association tests...done (160ms) 
     -computing joint association tests...done (0ms) 
 set [1268/1778] : SMARCA4 - 62561 variants...
     -reading in genotypes, computing gene-based tests and building masks...done (149807ms) 
     -computing association tests...done (92ms) 
     -computing joint association tests...done (0ms) 
 set [1269/1778] : SMG9 - 17812 variants...
     -reading in genotypes, computing gene-based tests and building masks...done (27415ms) 
     -computing association tests...done (19ms) 
     -computing joint association tests...done (0ms) 
 set [1270/1778] : SMIM17 - 8200 variants...
     -reading in genotypes, computing gene-based tests and building masks...done (21407ms) 
     -computing association tests...done (29ms) 
     -computing joint association tests...done (0ms) 
 set [1271/1778] : SMIM24 - 9120 variants...
     -reading in genotypes, computing gene-based tests and building masks...done (15721ms) 
     -computing association tests...done (79ms) 
     -computing joint association tests...done (0ms) 
 set [1272/1778] : SMIM44 - 117 variants...
     -reading in genotypes, computing gene-based tests and building masks...done (623ms) 
     -computing association tests...done (1ms) 
     -computing joint association tests...done (0ms) 
 set [1273/1778] : SMIM47 - 5463 variants...
     -reading in genotypes, computing gene-based tests and building masks...done (23931ms) 
     -computing association tests...done (81ms) 
     -computing joint association tests...done (0ms) 
 set [1274/1778] : SMIM7 - 6753 variants...
     -reading in genotypes, computing gene-based tests and building masks...done (15906ms) 
     -computing association tests...done (18ms) 
     -computing joint association tests...done (0ms) 
 set [1275/1778] : SNAPC2 - 4471 variants...
     -reading in genotypes, computing gene-based tests and building masks...done (11673ms) 
     -computing association tests...done (12ms) 
     -computing joint association tests...done (0ms) 
 set [1276/1778] : SNORA70 - 20 variants...
     -reading in genotypes, computing gene-based tests and building masks...done (973ms) 
     -computing association tests...done (1ms) 
     -computing joint association tests...done (0ms) 
 set [1277/1778] : SNORD88C - 59 variants...
     -reading in genotypes, computing gene-based tests and building masks...done (1425ms) 
     -computing association tests...done (1ms) 
     -computing joint association tests...done (0ms) 
 set [1278/1778] : SNRNP70 - 15436 variants...
     -reading in genotypes, computing gene-based tests and building masks...done (24000ms) 
     -computing association tests...done (22ms) 
     -computing joint association tests...done (0ms) 
 set [1279/1778] : SNRPA - 12284 variants...
     -reading in genotypes, computing gene-based tests and building masks...done (25403ms) 
     -computing association tests...done (166ms) 
     -computing joint association tests...done (0ms) 
 set [1280/1778] : SNRPD2 - 6544 variants...
     -reading in genotypes, computing gene-based tests and building masks...done (17557ms) 
     -computing association tests...done (17ms) 
     -computing joint association tests...done (0ms) 
 set [1281/1778] : SNRPEP4 - 4494 variants...
     -reading in genotypes, computing gene-based tests and building masks...done (6534ms) 
     -computing association tests...done (17ms) 
     -computing joint association tests...done (0ms) 
 set [1282/1778] : SNX33P1 - 801 variants...
     -reading in genotypes, computing gene-based tests and building masks...done (8323ms) 
     -computing association tests...done (7ms) 
     -computing joint association tests...done (0ms) 
 set [1283/1778] : SPACA6 - 11150 variants...
     -reading in genotypes, computing gene-based tests and building masks...done (17407ms) 
     -computing association tests...done (129ms) 
     -computing joint association tests...done (0ms) 
 set [1284/1778] : SPACA6-AS1 - 3022 variants...
     -reading in genotypes, computing gene-based tests and building masks...done (4093ms) 
     -computing association tests...done (12ms) 
     -computing joint association tests...done (0ms) 
 set [1285/1778] : SPC24 - 11889 variants...
     -reading in genotypes, computing gene-based tests and building masks...done (25095ms) 
     -computing association tests...done (82ms) 
     -computing joint association tests...done (0ms) 
 set [1286/1778] : SPHK2 - 494 variants...
     -reading in genotypes, computing gene-based tests and building masks...done (1050ms) 
     -computing association tests...done (2ms) 
     -computing joint association tests...done (0ms) 
 set [1287/1778] : SPIB - 6060 variants...
     -reading in genotypes, computing gene-based tests and building masks...done (11402ms) 
     -computing association tests...done (72ms) 
     -computing joint association tests...done (0ms) 
 set [1288/1778] : SPINT2 - 24501 variants...
     -reading in genotypes, computing gene-based tests and building masks...done (46681ms) 
     -computing association tests...done (85ms) 
     -computing joint association tests...done (0ms) 
 set [1289/1778] : SPMAP2 - 19985 variants...
     -reading in genotypes, computing gene-based tests and building masks...done (163372ms) 
     -computing association tests...done (23ms) 
     -computing joint association tests...done (0ms) 
 set [1290/1778] : SPPL2B - 18629 variants...
     -reading in genotypes, computing gene-based tests and building masks...done (58886ms) 
     -computing association tests...done (142ms) 
     -computing joint association tests...done (0ms) 
 set [1291/1778] : SPRED3 - 2194 variants...
     -reading in genotypes, computing gene-based tests and building masks...done (5993ms) 
     -computing association tests...done (31ms) 
     -computing joint association tests...done (0ms) 
 set [1292/1778] : SPTBN4 - 50033 variants...
     -reading in genotypes, computing gene-based tests and building masks...done (92889ms) 
     -computing association tests...done (26ms) 
     -computing joint association tests...done (0ms) 
 set [1293/1778] : SSBP4 - 11206 variants...
     -reading in genotypes, computing gene-based tests and building masks...done (23259ms) 
     -computing association tests...done (87ms) 
     -computing joint association tests...done (0ms) 
 set [1294/1778] : SSC5D - 19921 variants...
     -reading in genotypes, computing gene-based tests and building masks...done (63587ms) 
     -computing association tests...done (112ms) 
     -computing joint association tests...done (0ms) 
 set [1295/1778] : STAP2 - 9772 variants...
     -reading in genotypes, computing gene-based tests and building masks...done (18384ms) 
     -computing association tests...done (20ms) 
     -computing joint association tests...done (0ms) 
 set [1296/1778] : STK11 - 33498 variants...
     -reading in genotypes, computing gene-based tests and building masks...done (90429ms) 
     -computing association tests...done (48ms) 
     -computing joint association tests...done (0ms) 
 set [1297/1778] : STRN4 - 8632 variants...
     -reading in genotypes, computing gene-based tests and building masks...done (19264ms) 
     -computing association tests...done (17ms) 
     -computing joint association tests...done (0ms) 
 set [1298/1778] : STX10 - 3540 variants...
     -reading in genotypes, computing gene-based tests and building masks...done (11307ms) 
     -computing association tests...done (17ms) 
     -computing joint association tests...done (0ms) 
 set [1299/1778] : STXBP2 - 9040 variants...
     -reading in genotypes, computing gene-based tests and building masks...done (14577ms) 
     -computing association tests...done (132ms) 
     -computing joint association tests...done (0ms) 
 set [1300/1778] : SUGP1 - 20469 variants...
     -reading in genotypes, computing gene-based tests and building masks...done (38863ms) 
     -computing association tests...done (125ms) 
     -computing joint association tests...done (0ms) 
 set [1301/1778] : SUGP2 - 23122 variants...
     -reading in genotypes, computing gene-based tests and building masks...done (43871ms) 
     -computing association tests...done (17ms) 
     -computing joint association tests...done (0ms) 
 set [1302/1778] : SULT2A1 - 12930 variants...
     -reading in genotypes, computing gene-based tests and building masks...done (28796ms) 
     -computing association tests...done (20ms) 
     -computing joint association tests...done (0ms) 
 set [1303/1778] : SULT2B1 - 26683 variants...
     -reading in genotypes, computing gene-based tests and building masks...done (57722ms) 
     -computing association tests...done (81ms) 
     -computing joint association tests...done (0ms) 
 set [1304/1778] : SUMO1P4 - 134 variants...
     -reading in genotypes, computing gene-based tests and building masks...done (441ms) 
     -computing association tests...done (1ms) 
     -computing joint association tests...done (0ms) 
 set [1305/1778] : SUNO1 - 4983 variants...
     -reading in genotypes, computing gene-based tests and building masks...done (7360ms) 
     -computing association tests...done (70ms) 
     -computing joint association tests...done (0ms) 
 set [1306/1778] : SUPT5H - 16086 variants...
     -reading in genotypes, computing gene-based tests and building masks...done (24378ms) 
     -computing association tests...done (87ms) 
     -computing joint association tests...done (0ms) 
 set [1307/1778] : SWSAP1 - 1049 variants...
     -reading in genotypes, computing gene-based tests and building masks...done (2058ms) 
     -computing association tests...done (10ms) 
     -computing joint association tests...done (0ms) 
 set [1308/1778] : SYCE2 - 10920 variants...
     -reading in genotypes, computing gene-based tests and building masks...done (19524ms) 
     -computing association tests...done (104ms) 
     -computing joint association tests...done (0ms) 
 set [1309/1778] : SYCN - 3032 variants...
     -reading in genotypes, computing gene-based tests and building masks...done (6735ms) 
     -computing association tests...done (133ms) 
     -computing joint association tests...done (0ms) 
 set [1310/1778] : SYDE1 - 3216 variants...
     -reading in genotypes, computing gene-based tests and building masks...done (7312ms) 
     -computing association tests...done (14ms) 
     -computing joint association tests...done (0ms) 
 set [1311/1778] : SYMPK - 23602 variants...
     -reading in genotypes, computing gene-based tests and building masks...done (42444ms) 
     -computing association tests...done (80ms) 
     -computing joint association tests...done (0ms) 
 set [1312/1778] : SYNE4 - 1322 variants...
     -reading in genotypes, computing gene-based tests and building masks...done (6369ms) 
     -computing association tests...done (142ms) 
     -computing joint association tests...done (0ms) 
 set [1313/1778] : SYNGR4 - 8182 variants...
     -reading in genotypes, computing gene-based tests and building masks...done (14738ms) 
     -computing association tests...done (18ms) 
     -computing joint association tests...done (0ms) 
 set [1314/1778] : SYT3 - 13031 variants...
     -reading in genotypes, computing gene-based tests and building masks...done (19795ms) 
     -computing association tests...done (126ms) 
     -computing joint association tests...done (0ms) 
 set [1315/1778] : SYT5 - 8244 variants...
     -reading in genotypes, computing gene-based tests and building masks...done (14229ms) 
     -computing association tests...done (161ms) 
     -computing joint association tests...done (0ms) 
 set [1316/1778] : TAF9P3 - 46 variants...
     -reading in genotypes, computing gene-based tests and building masks...done (3233ms) 
     -computing association tests...done (1ms) 
     -computing joint association tests...done (0ms) 
 set [1317/1778] : TARM1 - 9363 variants...
     -reading in genotypes, computing gene-based tests and building masks...done (17378ms) 
     -computing association tests...done (81ms) 
     -computing joint association tests...done (0ms) 
 set [1318/1778] : TBC1D17 - 10923 variants...
     -reading in genotypes, computing gene-based tests and building masks...done (15958ms) 
     -computing association tests...done (20ms) 
     -computing joint association tests...done (0ms) 
 set [1319/1778] : TBCB - 9381 variants...
     -reading in genotypes, computing gene-based tests and building masks...done (15557ms) 
     -computing association tests...done (21ms) 
     -computing joint association tests...done (0ms) 
 set [1320/1778] : TBXA2R - 10756 variants...
     -reading in genotypes, computing gene-based tests and building masks...done (22060ms) 
     -computing association tests...done (16ms) 
     -computing joint association tests...done (0ms) 
 set [1321/1778] : TCF3 - 33938 variants...
     -reading in genotypes, computing gene-based tests and building masks...done (94483ms) 
     -computing association tests...done (25ms) 
     -computing joint association tests...done (0ms) 
 set [1322/1778] : TDRD12 - 51187 variants...
     -reading in genotypes, computing gene-based tests and building masks...done (128125ms) 
     -computing association tests...done (82ms) 
     -computing joint association tests...done (0ms) 
 set [1323/1778] : TEAD2 - 5944 variants...
     -reading in genotypes, computing gene-based tests and building masks...done (13626ms) 
     -computing association tests...done (138ms) 
     -computing joint association tests...done (0ms) 
 set [1324/1778] : TECR - 26831 variants...
     -reading in genotypes, computing gene-based tests and building masks...done (65953ms) 
     -computing association tests...done (19ms) 
     -computing joint association tests...done (0ms) 
 set [1325/1778] : TEKTIP1 - 2944 variants...
     -reading in genotypes, computing gene-based tests and building masks...done (5888ms) 
     -computing association tests...done (10ms) 
     -computing joint association tests...done (0ms) 
 set [1326/1778] : TEKTL1 - 12242 variants...
     -reading in genotypes, computing gene-based tests and building masks...done (19362ms) 
     -computing association tests...done (30ms) 
     -computing joint association tests...done (0ms) 
 set [1327/1778] : TEX101 - 12805 variants...
     -reading in genotypes, computing gene-based tests and building masks...done (23837ms) 
     -computing association tests...done (32ms) 
     -computing joint association tests...done (0ms) 
 set [1328/1778] : TEX14BP - 617 variants...
     -reading in genotypes, computing gene-based tests and building masks...done (1338ms) 
     -computing association tests...done (10ms) 
     -computing joint association tests...done (0ms) 
 set [1329/1778] : TFPT - 6859 variants...
     -reading in genotypes, computing gene-based tests and building masks...done (12426ms) 
     -computing association tests...done (98ms) 
     -computing joint association tests...done (0ms) 
 set [1330/1778] : TGFB1 - 13983 variants...
     -reading in genotypes, computing gene-based tests and building masks...done (33258ms) 
     -computing association tests...done (37ms) 
     -computing joint association tests...done (0ms) 
 set [1331/1778] : TGFBR1P1 - 6505 variants...
     -reading in genotypes, computing gene-based tests and building masks...done (12608ms) 
     -computing association tests...done (166ms) 
     -computing joint association tests...done (0ms) 
 set [1332/1778] : TGFBR3L - 3403 variants...
     -reading in genotypes, computing gene-based tests and building masks...done (7458ms) 
     -computing association tests...done (16ms) 
     -computing joint association tests...done (0ms) 
 set [1333/1778] : THAP8 - 10516 variants...
     -reading in genotypes, computing gene-based tests and building masks...done (26596ms) 
     -computing association tests...done (34ms) 
     -computing joint association tests...done (0ms) 
 set [1334/1778] : THOP1 - 16865 variants...
     -reading in genotypes, computing gene-based tests and building masks...done (34509ms) 
     -computing association tests...done (78ms) 
     -computing joint association tests...done (0ms) 
 set [1335/1778] : TICAM1 - 12924 variants...
     -reading in genotypes, computing gene-based tests and building masks...done (20955ms) 
     -computing association tests...done (19ms) 
     -computing joint association tests...done (0ms) 
 set [1336/1778] : TIMM13 - 3278 variants...
     -reading in genotypes, computing gene-based tests and building masks...done (9340ms) 
     -computing association tests...done (19ms) 
     -computing joint association tests...done (0ms) 
 set [1337/1778] : TIMM29 - 2925 variants...
     -reading in genotypes, computing gene-based tests and building masks...done (7401ms) 
     -computing association tests...done (14ms) 
     -computing joint association tests...done (0ms) 
 set [1338/1778] : TIMM44 - 11349 variants...
     -reading in genotypes, computing gene-based tests and building masks...done (17800ms) 
     -computing association tests...done (87ms) 
     -computing joint association tests...done (0ms) 
 set [1339/1778] : TIMM50 - 11495 variants...
     -reading in genotypes, computing gene-based tests and building masks...done (17951ms) 
     -computing association tests...done (89ms) 
     -computing joint association tests...done (0ms) 
 set [1340/1778] : TINCR - 9637 variants...
     -reading in genotypes, computing gene-based tests and building masks...done (14992ms) 
     -computing association tests...done (38ms) 
     -computing joint association tests...done (0ms) 
 set [1341/1778] : TJP3 - 22788 variants...
     -reading in genotypes, computing gene-based tests and building masks...done (40021ms) 
     -computing association tests...done (22ms) 
     -computing joint association tests...done (0ms) 
 set [1342/1778] : TLE2 - 30303 variants...
     -reading in genotypes, computing gene-based tests and building masks...done (69986ms) 
     -computing association tests...done (93ms) 
     -computing joint association tests...done (0ms) 
 set [1343/1778] : TLE5 - 12964 variants...
     -reading in genotypes, computing gene-based tests and building masks...done (25643ms) 
     -computing association tests...done (20ms) 
     -computing joint association tests...done (0ms) 
 set [1344/1778] : TLE6 - 18744 variants...
     -reading in genotypes, computing gene-based tests and building masks...done (38871ms) 
     -computing association tests...done (139ms) 
     -computing joint association tests...done (0ms) 
 set [1345/1778] : TM6SF2 - 5004 variants...
     -reading in genotypes, computing gene-based tests and building masks...done (9687ms) 
     -computing association tests...done (20ms) 
     -computing joint association tests...done (0ms) 
 set [1346/1778] : TMC4 - 8984 variants...
     -reading in genotypes, computing gene-based tests and building masks...done (25116ms) 
     -computing association tests...done (20ms) 
     -computing joint association tests...done (0ms) 
 set [1347/1778] : TMED1 - 6702 variants...
     -reading in genotypes, computing gene-based tests and building masks...done (20123ms) 
     -computing association tests...done (17ms) 
     -computing joint association tests...done (0ms) 
 set [1348/1778] : TMEM143 - 17199 variants...
     -reading in genotypes, computing gene-based tests and building masks...done (35675ms) 
     -computing association tests...done (35ms) 
     -computing joint association tests...done (0ms) 
 set [1349/1778] : TMEM145 - 2131 variants...
     -reading in genotypes, computing gene-based tests and building masks...done (7855ms) 
     -computing association tests...done (77ms) 
     -computing joint association tests...done (0ms) 
 set [1350/1778] : TMEM147 - 941 variants...
     -reading in genotypes, computing gene-based tests and building masks...done (2745ms) 
     -computing association tests...done (29ms) 
     -computing joint association tests...done (0ms) 
 set [1351/1778] : TMEM150B - 18773 variants...
     -reading in genotypes, computing gene-based tests and building masks...done (40544ms) 
     -computing association tests...done (81ms) 
     -computing joint association tests...done (0ms) 
 set [1352/1778] : TMEM160 - 4416 variants...
     -reading in genotypes, computing gene-based tests and building masks...done (8408ms) 
     -computing association tests...done (72ms) 
     -computing joint association tests...done (0ms) 
 set [1353/1778] : TMEM161A - 12539 variants...
     -reading in genotypes, computing gene-based tests and building masks...done (20131ms) 
     -computing association tests...done (21ms) 
     -computing joint association tests...done (0ms) 
 set [1354/1778] : TMEM190 - 2428 variants...
     -reading in genotypes, computing gene-based tests and building masks...done (6932ms) 
     -computing association tests...done (84ms) 
     -computing joint association tests...done (0ms) 
 set [1355/1778] : TMEM205 - 3474 variants...
     -reading in genotypes, computing gene-based tests and building masks...done (7158ms) 
     -computing association tests...done (13ms) 
     -computing joint association tests...done (0ms) 
 set [1356/1778] : TMEM221 - 9195 variants...
     -reading in genotypes, computing gene-based tests and building masks...done (17932ms) 
     -computing association tests...done (127ms) 
     -computing joint association tests...done (0ms) 
 set [1357/1778] : TMEM238 - 4274 variants...
     -reading in genotypes, computing gene-based tests and building masks...done (28054ms) 
     -computing association tests...done (16ms) 
     -computing joint association tests...done (0ms) 
 set [1358/1778] : TMEM259 - 4024 variants...
     -reading in genotypes, computing gene-based tests and building masks...done (13417ms) 
     -computing association tests...done (16ms) 
     -computing joint association tests...done (0ms) 
 set [1359/1778] : TMEM277P - 4807 variants...
     -reading in genotypes, computing gene-based tests and building masks...done (10605ms) 
     -computing association tests...done (18ms) 
     -computing joint association tests...done (0ms) 
 set [1360/1778] : TMEM38A - 17835 variants...
     -reading in genotypes, computing gene-based tests and building masks...done (26632ms) 
     -computing association tests...done (19ms) 
     -computing joint association tests...done (0ms) 
 set [1361/1778] : TMEM59L - 8344 variants...
     -reading in genotypes, computing gene-based tests and building masks...done (12920ms) 
     -computing association tests...done (21ms) 
     -computing joint association tests...done (0ms) 
 set [1362/1778] : TMEM86B - 3082 variants...
     -reading in genotypes, computing gene-based tests and building masks...done (7332ms) 
     -computing association tests...done (132ms) 
     -computing joint association tests...done (0ms) 
 set [1363/1778] : TMEM91 - 5243 variants...
     -reading in genotypes, computing gene-based tests and building masks...done (12432ms) 
     -computing association tests...done (16ms) 
     -computing joint association tests...done (0ms) 
 set [1364/1778] : TMIGD2 - 1765 variants...
     -reading in genotypes, computing gene-based tests and building masks...done (5528ms) 
     -computing association tests...done (14ms) 
     -computing joint association tests...done (0ms) 
 set [1365/1778] : TMPRSS9 - 56446 variants...
     -reading in genotypes, computing gene-based tests and building masks...done (399963ms) 
     -computing association tests...done (111ms) 
     -computing joint association tests...done (0ms) 
 set [1366/1778] : TNFAIP8L1 - 10982 variants...
     -reading in genotypes, computing gene-based tests and building masks...done (21988ms) 
     -computing association tests...done (17ms) 
     -computing joint association tests...done (0ms) 
 set [1367/1778] : TNFSF14 - 8989 variants...
     -reading in genotypes, computing gene-based tests and building masks...done (20959ms) 
     -computing association tests...done (210ms) 
     -computing joint association tests...done (0ms) 
 set [1368/1778] : TNFSF9 - 11611 variants...
     -reading in genotypes, computing gene-based tests and building masks...done (27301ms) 
     -computing association tests...done (77ms) 
     -computing joint association tests...done (0ms) 
 set [1369/1778] : TNNI3 - 8167 variants...
     -reading in genotypes, computing gene-based tests and building masks...done (15367ms) 
     -computing association tests...done (19ms) 
     -computing joint association tests...done (0ms) 
 set [1370/1778] : TNNT1 - 11724 variants...
     -reading in genotypes, computing gene-based tests and building masks...done (23460ms) 
     -computing association tests...done (73ms) 
     -computing joint association tests...done (0ms) 
 set [1371/1778] : TNPO2 - 11385 variants...
     -reading in genotypes, computing gene-based tests and building masks...done (16762ms) 
     -computing association tests...done (133ms) 
     -computing joint association tests...done (0ms) 
 set [1372/1778] : TOMM40 - 8722 variants...
     -reading in genotypes, computing gene-based tests and building masks...done (20544ms) 
     -computing association tests...done (30ms) 
     -computing joint association tests...done (0ms) 
 set [1373/1778] : TPGS1 - 16692 variants...
     -reading in genotypes, computing gene-based tests and building masks...done (29869ms) 
     -computing association tests...done (30ms) 
     -computing joint association tests...done (0ms) 
 set [1374/1778] : TPM3P5 - 319 variants...
     -reading in genotypes, computing gene-based tests and building masks...done (898ms) 
     -computing association tests...done (77ms) 
     -computing joint association tests...done (0ms) 
 set [1375/1778] : TPM4 - 16495 variants...
     -reading in genotypes, computing gene-based tests and building masks...done (23307ms) 
     -computing association tests...done (19ms) 
     -computing joint association tests...done (0ms) 
 set [1376/1778] : TPRX1 - 13321 variants...
     -reading in genotypes, computing gene-based tests and building masks...done (23796ms) 
     -computing association tests...done (113ms) 
     -computing joint association tests...done (0ms) 
 set [1377/1778] : TPRX2 - 5611 variants...
     -reading in genotypes, computing gene-based tests and building masks...done (11731ms) 
     -computing association tests...done (148ms) 
     -computing joint association tests...done (0ms) 
 set [1378/1778] : TRAPPC2B - 241 variants...
     -reading in genotypes, computing gene-based tests and building masks...done (14104ms) 
     -computing association tests...done (5ms) 
     -computing joint association tests...done (0ms) 
 set [1379/1778] : TRAPPC5 - 8084 variants...
     -reading in genotypes, computing gene-based tests and building masks...done (20213ms) 
     -computing association tests...done (127ms) 
     -computing joint association tests...done (0ms) 
 set [1380/1778] : TRAPPC6A - 11733 variants...
     -reading in genotypes, computing gene-based tests and building masks...done (22128ms) 
     -computing association tests...done (79ms) 
     -computing joint association tests...done (0ms) 
 set [1381/1778] : TRIM28 - 11096 variants...
     -reading in genotypes, computing gene-based tests and building masks...done (24663ms) 
     -computing association tests...done (20ms) 
     -computing joint association tests...done (0ms) 
 set [1382/1778] : TRIP10 - 2439 variants...
     -reading in genotypes, computing gene-based tests and building masks...done (6205ms) 
     -computing association tests...done (88ms) 
     -computing joint association tests...done (0ms) 
 set [1383/1778] : TRIR - 3298 variants...
     -reading in genotypes, computing gene-based tests and building masks...done (5419ms) 
     -computing association tests...done (20ms) 
     -computing joint association tests...done (0ms) 
 set [1384/1778] : TRMT1 - 2669 variants...
     -reading in genotypes, computing gene-based tests and building masks...done (9676ms) 
     -computing association tests...done (123ms) 
     -computing joint association tests...done (0ms) 
 set [1385/1778] : TRPM4 - 33749 variants...
     -reading in genotypes, computing gene-based tests and building masks...done (66005ms) 
     -computing association tests...done (86ms) 
     -computing joint association tests...done (0ms) 
 set [1386/1778] : TSEN34 - 813 variants...
     -reading in genotypes, computing gene-based tests and building masks...done (2313ms) 
     -computing association tests...done (9ms) 
     -computing joint association tests...done (0ms) 
 set [1387/1778] : TSHZ3 - 58213 variants...
     -reading in genotypes, computing gene-based tests and building masks...done (115767ms) 
     -computing association tests...done (26ms) 
     -computing joint association tests...done (0ms) 
 set [1388/1778] : TSHZ3-AS1 - 33563 variants...
     -reading in genotypes, computing gene-based tests and building masks...done (58653ms) 
     -computing association tests...done (20ms) 
     -computing joint association tests...done (0ms) 
 set [1389/1778] : TSKS - 12676 variants...
     -reading in genotypes, computing gene-based tests and building masks...done (34220ms) 
     -computing association tests...done (78ms) 
     -computing joint association tests...done (0ms) 
 set [1390/1778] : TSPAN16 - 12072 variants...
     -reading in genotypes, computing gene-based tests and building masks...done (27169ms) 
     -computing association tests...done (96ms) 
     -computing joint association tests...done (0ms) 
 set [1391/1778] : TSSK6 - 1006 variants...
     -reading in genotypes, computing gene-based tests and building masks...done (2141ms) 
     -computing association tests...done (79ms) 
     -computing joint association tests...done (0ms) 
 set [1392/1778] : TTC9B - 3425 variants...
     -reading in genotypes, computing gene-based tests and building masks...done (7042ms) 
     -computing association tests...done (19ms) 
     -computing joint association tests...done (0ms) 
 set [1393/1778] : TTYH1 - 17569 variants...
     -reading in genotypes, computing gene-based tests and building masks...done (34850ms) 
     -computing association tests...done (20ms) 
     -computing joint association tests...done (0ms) 
 set [1394/1778] : TUBB4A - 14029 variants...
     -reading in genotypes, computing gene-based tests and building masks...done (34433ms) 
     -computing association tests...done (19ms) 
     -computing joint association tests...done (0ms) 
 set [1395/1778] : TULP2 - 11163 variants...
     -reading in genotypes, computing gene-based tests and building masks...done (18326ms) 
     -computing association tests...done (150ms) 
     -computing joint association tests...done (0ms) 
 set [1396/1778] : TYK2 - 23334 variants...
     -reading in genotypes, computing gene-based tests and building masks...done (39550ms) 
     -computing association tests...done (126ms) 
     -computing joint association tests...done (0ms) 
 set [1397/1778] : TYMSP2 - 3019 variants...
     -reading in genotypes, computing gene-based tests and building masks...done (4641ms) 
     -computing association tests...done (15ms) 
     -computing joint association tests...done (0ms) 
 set [1398/1778] : TYROBP - 1791 variants...
     -reading in genotypes, computing gene-based tests and building masks...done (3475ms) 
     -computing association tests...done (11ms) 
     -computing joint association tests...done (0ms) 
 set [1399/1778] : U2AF2 - 7278 variants...
     -reading in genotypes, computing gene-based tests and building masks...done (13325ms) 
     -computing association tests...done (166ms) 
     -computing joint association tests...done (0ms) 
 set [1400/1778] : UBA2 - 24549 variants...
     -reading in genotypes, computing gene-based tests and building masks...done (46644ms) 
     -computing association tests...done (84ms) 
     -computing joint association tests...done (0ms) 
 set [1401/1778] : UBA52 - 6561 variants...
     -reading in genotypes, computing gene-based tests and building masks...done (10944ms) 
     -computing association tests...done (30ms) 
     -computing joint association tests...done (0ms) 
 set [1402/1778] : UBE2L4 - 2268 variants...
     -reading in genotypes, computing gene-based tests and building masks...done (4627ms) 
     -computing association tests...done (16ms) 
     -computing joint association tests...done (0ms) 
 set [1403/1778] : UBE2M - 2446 variants...
     -reading in genotypes, computing gene-based tests and building masks...done (6077ms) 
     -computing association tests...done (17ms) 
     -computing joint association tests...done (0ms) 
 set [1404/1778] : UBE2S - 10827 variants...
     -reading in genotypes, computing gene-based tests and building masks...done (33930ms) 
     -computing association tests...done (79ms) 
     -computing joint association tests...done (0ms) 
 set [1405/1778] : UBL5 - 3062 variants...
     -reading in genotypes, computing gene-based tests and building masks...done (7502ms) 
     -computing association tests...done (42ms) 
     -computing joint association tests...done (0ms) 
 set [1406/1778] : UBXN6 - 9981 variants...
     -reading in genotypes, computing gene-based tests and building masks...done (16338ms) 
     -computing association tests...done (78ms) 
     -computing joint association tests...done (0ms) 
 set [1407/1778] : UCA1 - 4502 variants...
     -reading in genotypes, computing gene-based tests and building masks...done (8655ms) 
     -computing association tests...done (13ms) 
     -computing joint association tests...done (0ms) 
 set [1408/1778] : UCA1-AS1 - 9864 variants...
     -reading in genotypes, computing gene-based tests and building masks...done (19187ms) 
     -computing association tests...done (17ms) 
     -computing joint association tests...done (0ms) 
 set [1409/1778] : UHRF1 - 30714 variants...
     -reading in genotypes, computing gene-based tests and building masks...done (55959ms) 
     -computing association tests...done (48ms) 
     -computing joint association tests...done (0ms) 
 set [1410/1778] : UNC13A - 47498 variants...
     -reading in genotypes, computing gene-based tests and building masks...done (103389ms) 
     -computing association tests...done (26ms) 
     -computing joint association tests...done (0ms) 
 set [1411/1778] : UPF1 - 18239 variants...
     -reading in genotypes, computing gene-based tests and building masks...done (38057ms) 
     -computing association tests...done (77ms) 
     -computing joint association tests...done (0ms) 
 set [1412/1778] : UPK1A - 10830 variants...
     -reading in genotypes, computing gene-based tests and building masks...done (24152ms) 
     -computing association tests...done (19ms) 
     -computing joint association tests...done (0ms) 
 set [1413/1778] : UQCR11 - 7606 variants...
     -reading in genotypes, computing gene-based tests and building masks...done (13491ms) 
     -computing association tests...done (19ms) 
     -computing joint association tests...done (0ms) 
 set [1414/1778] : UQCRFS1 - 8055 variants...
     -reading in genotypes, computing gene-based tests and building masks...done (19785ms) 
     -computing association tests...done (45ms) 
     -computing joint association tests...done (0ms) 
 set [1415/1778] : UQCRFS1-DT - 2004 variants...
     -reading in genotypes, computing gene-based tests and building masks...done (4923ms) 
     -computing association tests...done (11ms) 
     -computing joint association tests...done (0ms) 
 set [1416/1778] : URI1 - 42694 variants...
     -reading in genotypes, computing gene-based tests and building masks...done (74566ms) 
     -computing association tests...done (127ms) 
     -computing joint association tests...done (0ms) 
 set [1417/1778] : USE1 - 7289 variants...
     -reading in genotypes, computing gene-based tests and building masks...done (11881ms) 
     -computing association tests...done (125ms) 
     -computing joint association tests...done (0ms) 
 set [1418/1778] : USF2 - 9393 variants...
     -reading in genotypes, computing gene-based tests and building masks...done (17115ms) 
     -computing association tests...done (115ms) 
     -computing joint association tests...done (0ms) 
 set [1419/1778] : USHBP1 - 8737 variants...
     -reading in genotypes, computing gene-based tests and building masks...done (27178ms) 
     -computing association tests...done (23ms) 
     -computing joint association tests...done (0ms) 
 set [1420/1778] : USP29 - 9038 variants...
     -reading in genotypes, computing gene-based tests and building masks...done (25911ms) 
     -computing association tests...done (92ms) 
     -computing joint association tests...done (0ms) 
 set [1421/1778] : VASP - 14927 variants...
     -reading in genotypes, computing gene-based tests and building masks...done (23750ms) 
     -computing association tests...done (91ms) 
     -computing joint association tests...done (0ms) 
 set [1422/1778] : VAV1 - 48398 variants...
     -reading in genotypes, computing gene-based tests and building masks...done (101831ms) 
     -computing association tests...done (83ms) 
     -computing joint association tests...done (0ms) 
 set [1423/1778] : VMAC - 4512 variants...
     -reading in genotypes, computing gene-based tests and building masks...done (11361ms) 
     -computing association tests...done (16ms) 
     -computing joint association tests...done (0ms) 
 set [1424/1778] : VN1R104P - 3233 variants...
     -reading in genotypes, computing gene-based tests and building masks...done (5236ms) 
     -computing association tests...done (11ms) 
     -computing joint association tests...done (0ms) 
 set [1425/1778] : VN1R105P - 378 variants...
     -reading in genotypes, computing gene-based tests and building masks...done (6321ms) 
     -computing association tests...done (9ms) 
     -computing joint association tests...done (0ms) 
 set [1426/1778] : VN1R107P - 863 variants...
     -reading in genotypes, computing gene-based tests and building masks...done (1626ms) 
     -computing association tests...done (5ms) 
     -computing joint association tests...done (0ms) 
 set [1427/1778] : VN1R1 - 5271 variants...
     -reading in genotypes, computing gene-based tests and building masks...done (9277ms) 
     -computing association tests...done (72ms) 
     -computing joint association tests...done (0ms) 
 set [1428/1778] : VN1R2 - 1847 variants...
     -reading in genotypes, computing gene-based tests and building masks...done (8043ms) 
     -computing association tests...done (10ms) 
     -computing joint association tests...done (0ms) 
 set [1429/1778] : VN1R4 - 4638 variants...
     -reading in genotypes, computing gene-based tests and building masks...done (7743ms) 
     -computing association tests...done (20ms) 
     -computing joint association tests...done (0ms) 
 set [1430/1778] : VN1R6P - 3580 variants...
     -reading in genotypes, computing gene-based tests and building masks...done (5406ms) 
     -computing association tests...done (15ms) 
     -computing joint association tests...done (0ms) 
 set [1431/1778] : VN1R78P - 13132 variants...
     -reading in genotypes, computing gene-based tests and building masks...done (30398ms) 
     -computing association tests...done (17ms) 
     -computing joint association tests...done (0ms) 
 set [1432/1778] : VN1R79P - 1852 variants...
     -reading in genotypes, computing gene-based tests and building masks...done (7031ms) 
     -computing association tests...done (79ms) 
     -computing joint association tests...done (0ms) 
 set [1433/1778] : VN1R80P - 1720 variants...
     -reading in genotypes, computing gene-based tests and building masks...done (2836ms) 
     -computing association tests...done (12ms) 
     -computing joint association tests...done (0ms) 
 set [1434/1778] : VN1R83P - 611 variants...
     -reading in genotypes, computing gene-based tests and building masks...done (4285ms) 
     -computing association tests...done (7ms) 
     -computing joint association tests...done (0ms) 
 set [1435/1778] : VN1R84P - 1265 variants...
     -reading in genotypes, computing gene-based tests and building masks...done (2332ms) 
     -computing association tests...done (12ms) 
     -computing joint association tests...done (0ms) 
 set [1436/1778] : VN1R85P - 1986 variants...
     -reading in genotypes, computing gene-based tests and building masks...done (9018ms) 
     -computing association tests...done (11ms) 
     -computing joint association tests...done (0ms) 
 set [1437/1778] : VN1R87P - 4506 variants...
     -reading in genotypes, computing gene-based tests and building masks...done (14835ms) 
     -computing association tests...done (17ms) 
     -computing joint association tests...done (0ms) 
 set [1438/1778] : VN1R88P - 1834 variants...
     -reading in genotypes, computing gene-based tests and building masks...done (8222ms) 
     -computing association tests...done (12ms) 
     -computing joint association tests...done (0ms) 
 set [1439/1778] : VN1R90P - 3639 variants...
     -reading in genotypes, computing gene-based tests and building masks...done (5397ms) 
     -computing association tests...done (14ms) 
     -computing joint association tests...done (0ms) 
 set [1440/1778] : VN1R91P - 1773 variants...
     -reading in genotypes, computing gene-based tests and building masks...done (3118ms) 
     -computing association tests...done (82ms) 
     -computing joint association tests...done (0ms) 
 set [1441/1778] : VN1R92P - 4475 variants...
     -reading in genotypes, computing gene-based tests and building masks...done (6622ms) 
     -computing association tests...done (15ms) 
     -computing joint association tests...done (0ms) 
 set [1442/1778] : VN1R93P - 4505 variants...
     -reading in genotypes, computing gene-based tests and building masks...done (6121ms) 
     -computing association tests...done (13ms) 
     -computing joint association tests...done (0ms) 
 set [1443/1778] : VN1R95P - 203 variants...
     -reading in genotypes, computing gene-based tests and building masks...done (7195ms) 
     -computing association tests...done (2ms) 
     -computing joint association tests...done (0ms) 
 set [1444/1778] : VN1R96P - 321 variants...
     -reading in genotypes, computing gene-based tests and building masks...done (5737ms) 
     -computing association tests...done (8ms) 
     -computing joint association tests...done (0ms) 
 set [1445/1778] : VN2R19P - 13545 variants...
     -reading in genotypes, computing gene-based tests and building masks...done (21734ms) 
     -computing association tests...done (16ms) 
     -computing joint association tests...done (0ms) 
 set [1446/1778] : VRK3 - 24806 variants...
     -reading in genotypes, computing gene-based tests and building masks...done (44998ms) 
     -computing association tests...done (19ms) 
     -computing joint association tests...done (0ms) 
 set [1447/1778] : VSIG10L - 4003 variants...
     -reading in genotypes, computing gene-based tests and building masks...done (9014ms) 
     -computing association tests...done (78ms) 
     -computing joint association tests...done (0ms) 
 set [1448/1778] : VSTM1 - 17336 variants...
     -reading in genotypes, computing gene-based tests and building masks...done (43084ms) 
     -computing association tests...done (94ms) 
     -computing joint association tests...done (0ms) 
 set [1449/1778] : VSTM2B - 23798 variants...
     -reading in genotypes, computing gene-based tests and building masks...done (42154ms) 
     -computing association tests...done (18ms) 
     -computing joint association tests...done (0ms) 
 set [1450/1778] : VSTM2B-DT - 125200 variants...
     -reading in genotypes, computing gene-based tests and building masks...done (587221ms) 
     -computing association tests...done (20ms) 
     -computing joint association tests...done (0ms) 
 set [1451/1778] : WASH5P - 4560 variants...
     -reading in genotypes, computing gene-based tests and building masks...done (69197ms) 
     -computing association tests...done (19ms) 
     -computing joint association tests...done (0ms) 
 set [1452/1778] : WBP1LP11 - 1457 variants...
     -reading in genotypes, computing gene-based tests and building masks...done (9934ms) 
     -computing association tests...done (13ms) 
     -computing joint association tests...done (0ms) 
 set [1453/1778] : WDR18 - 11015 variants...
     -reading in genotypes, computing gene-based tests and building masks...done (27950ms) 
     -computing association tests...done (91ms) 
     -computing joint association tests...done (0ms) 
 set [1454/1778] : WDR62 - 21147 variants...
     -reading in genotypes, computing gene-based tests and building masks...done (33218ms) 
     -computing association tests...done (109ms) 
     -computing joint association tests...done (0ms) 
 set [1455/1778] : WDR83 - 6529 variants...
     -reading in genotypes, computing gene-based tests and building masks...done (10717ms) 
     -computing association tests...done (121ms) 
     -computing joint association tests...done (0ms) 
 set [1456/1778] : WDR87 - 15954 variants...
     -reading in genotypes, computing gene-based tests and building masks...done (165974ms) 
     -computing association tests...done (28ms) 
     -computing joint association tests...done (0ms) 
 set [1457/1778] : WDR87BP - 19569 variants...
     -reading in genotypes, computing gene-based tests and building masks...done (56038ms) 
     -computing association tests...done (19ms) 
     -computing joint association tests...done (0ms) 
 set [1458/1778] : WDR88 - 19726 variants...
     -reading in genotypes, computing gene-based tests and building masks...done (30212ms) 
     -computing association tests...done (19ms) 
     -computing joint association tests...done (0ms) 
 set [1459/1778] : WIZ - 15156 variants...
     -reading in genotypes, computing gene-based tests and building masks...done (26292ms) 
     -computing association tests...done (23ms) 
     -computing joint association tests...done (0ms) 
 set [1460/1778] : WTIP - 20284 variants...
     -reading in genotypes, computing gene-based tests and building masks...done (34762ms) 
     -computing association tests...done (96ms) 
     -computing joint association tests...done (0ms) 
 set [1461/1778] : XAB2 - 9044 variants...
     -reading in genotypes, computing gene-based tests and building masks...done (15042ms) 
     -computing association tests...done (103ms) 
     -computing joint association tests...done (0ms) 
 set [1462/1778] : XRCC1 - 19085 variants...
     -reading in genotypes, computing gene-based tests and building masks...done (29213ms) 
     -computing association tests...done (123ms) 
     -computing joint association tests...done (0ms) 
 set [1463/1778] : YIF1B - 7993 variants...
     -reading in genotypes, computing gene-based tests and building masks...done (17256ms) 
     -computing association tests...done (172ms) 
     -computing joint association tests...done (0ms) 
 set [1464/1778] : YIPF2 - 7807 variants...
     -reading in genotypes, computing gene-based tests and building masks...done (13376ms) 
     -computing association tests...done (19ms) 
     -computing joint association tests...done (0ms) 
 set [1465/1778] : YJEFN3 - 28 variants...
     -reading in genotypes, computing gene-based tests and building masks...done (758ms) 
     -computing association tests...done (1ms) 
     -computing joint association tests...done (0ms) 
 set [1466/1778] : YJU2 - 17269 variants...
     -reading in genotypes, computing gene-based tests and building masks...done (37505ms) 
     -computing association tests...done (83ms) 
     -computing joint association tests...done (0ms) 
 set [1467/1778] : YJU2B - 18202 variants...
     -reading in genotypes, computing gene-based tests and building masks...done (41719ms) 
     -computing association tests...done (73ms) 
     -computing joint association tests...done (0ms) 
 set [1468/1778] : Y_RNA - 5024 variants...
     -reading in genotypes, computing gene-based tests and building masks...done (12330ms) 
     -computing association tests...done (19ms) 
     -computing joint association tests...done (0ms) 
 set [1469/1778] : ZBTB32 - 11152 variants...
     -reading in genotypes, computing gene-based tests and building masks...done (24905ms) 
     -computing association tests...done (76ms) 
     -computing joint association tests...done (0ms) 
 set [1470/1778] : ZBTB45 - 5823 variants...
     -reading in genotypes, computing gene-based tests and building masks...done (11363ms) 
     -computing association tests...done (20ms) 
     -computing joint association tests...done (0ms) 
 set [1471/1778] : ZBTB7A - 22695 variants...
     -reading in genotypes, computing gene-based tests and building masks...done (45310ms) 
     -computing association tests...done (19ms) 
     -computing joint association tests...done (0ms) 
 set [1472/1778] : ZC3H4 - 29820 variants...
     -reading in genotypes, computing gene-based tests and building masks...done (45044ms) 
     -computing association tests...done (132ms) 
     -computing joint association tests...done (0ms) 
 set [1473/1778] : ZFP14 - 23803 variants...
     -reading in genotypes, computing gene-based tests and building masks...done (42957ms) 
     -computing association tests...done (18ms) 
     -computing joint association tests...done (0ms) 
 set [1474/1778] : ZFP28 - 11936 variants...
     -reading in genotypes, computing gene-based tests and building masks...done (23296ms) 
     -computing association tests...done (20ms) 
     -computing joint association tests...done (0ms) 
 set [1475/1778] : ZFP30 - 18391 variants...
     -reading in genotypes, computing gene-based tests and building masks...done (28375ms) 
     -computing association tests...done (139ms) 
     -computing joint association tests...done (0ms) 
 set [1476/1778] : ZFP36 - 6515 variants...
     -reading in genotypes, computing gene-based tests and building masks...done (10081ms) 
     -computing association tests...done (12ms) 
     -computing joint association tests...done (0ms) 
 set [1477/1778] : ZFP82 - 16205 variants...
     -reading in genotypes, computing gene-based tests and building masks...done (25888ms) 
     -computing association tests...done (19ms) 
     -computing joint association tests...done (0ms) 
 set [1478/1778] : ZFR2 - 36925 variants...
     -reading in genotypes, computing gene-based tests and building masks...done (71779ms) 
     -computing association tests...done (107ms) 
     -computing joint association tests...done (0ms) 
 set [1479/1778] : ZGLP1 - 1434 variants...
     -reading in genotypes, computing gene-based tests and building masks...done (8846ms) 
     -computing association tests...done (11ms) 
     -computing joint association tests...done (0ms) 
 set [1480/1778] : ZIK1 - 6239 variants...
     -reading in genotypes, computing gene-based tests and building masks...done (11582ms) 
     -computing association tests...done (16ms) 
     -computing joint association tests...done (0ms) 
 set [1481/1778] : ZIM2 - 15237 variants...
     -reading in genotypes, computing gene-based tests and building masks...done (27989ms) 
     -computing association tests...done (81ms) 
     -computing joint association tests...done (0ms) 
 set [1482/1778] : ZIM3 - 14616 variants...
     -reading in genotypes, computing gene-based tests and building masks...done (43765ms) 
     -computing association tests...done (21ms) 
     -computing joint association tests...done (0ms) 
 set [1483/1778] : ZNF100 - 24943 variants...
     -reading in genotypes, computing gene-based tests and building masks...done (58272ms) 
     -computing association tests...done (122ms) 
     -computing joint association tests...done (0ms) 
 set [1484/1778] : ZNF101 - 12495 variants...
     -reading in genotypes, computing gene-based tests and building masks...done (61930ms) 
     -computing association tests...done (116ms) 
     -computing joint association tests...done (0ms) 
 set [1485/1778] : ZNF112 - 17133 variants...
     -reading in genotypes, computing gene-based tests and building masks...done (34407ms) 
     -computing association tests...done (17ms) 
     -computing joint association tests...done (0ms) 
 set [1486/1778] : ZNF114 - 14956 variants...
     -reading in genotypes, computing gene-based tests and building masks...done (24192ms) 
     -computing association tests...done (22ms) 
     -computing joint association tests...done (0ms) 
 set [1487/1778] : ZNF114-AS1 - 773 variants...
     -reading in genotypes, computing gene-based tests and building masks...done (1526ms) 
     -computing association tests...done (9ms) 
     -computing joint association tests...done (0ms) 
 set [1488/1778] : ZNF121 - 15177 variants...
     -reading in genotypes, computing gene-based tests and building masks...done (24433ms) 
     -computing association tests...done (19ms) 
     -computing joint association tests...done (0ms) 
 set [1489/1778] : ZNF132 - 7734 variants...
     -reading in genotypes, computing gene-based tests and building masks...done (13292ms) 
     -computing association tests...done (20ms) 
     -computing joint association tests...done (0ms) 
 set [1490/1778] : ZNF132-DT - 708 variants...
     -reading in genotypes, computing gene-based tests and building masks...done (6350ms) 
     -computing association tests...done (10ms) 
     -computing joint association tests...done (0ms) 
 set [1491/1778] : ZNF134 - 8879 variants...
     -reading in genotypes, computing gene-based tests and building masks...done (15581ms) 
     -computing association tests...done (16ms) 
     -computing joint association tests...done (0ms) 
 set [1492/1778] : ZNF135 - 8176 variants...
     -reading in genotypes, computing gene-based tests and building masks...done (16894ms) 
     -computing association tests...done (119ms) 
     -computing joint association tests...done (0ms) 
 set [1493/1778] : ZNF136 - 17136 variants...
     -reading in genotypes, computing gene-based tests and building masks...done (35457ms) 
     -computing association tests...done (152ms) 
     -computing joint association tests...done (0ms) 
 set [1494/1778] : ZNF14 - 14454 variants...
     -reading in genotypes, computing gene-based tests and building masks...done (25131ms) 
     -computing association tests...done (20ms) 
     -computing joint association tests...done (0ms) 
 set [1495/1778] : ZNF146 - 15215 variants...
     -reading in genotypes, computing gene-based tests and building masks...done (24342ms) 
     -computing association tests...done (24ms) 
     -computing joint association tests...done (0ms) 
 set [1496/1778] : ZNF154 - 7537 variants...
     -reading in genotypes, computing gene-based tests and building masks...done (12280ms) 
     -computing association tests...done (114ms) 
     -computing joint association tests...done (0ms) 
 set [1497/1778] : ZNF155 - 7091 variants...
     -reading in genotypes, computing gene-based tests and building masks...done (12025ms) 
     -computing association tests...done (17ms) 
     -computing joint association tests...done (0ms) 
 set [1498/1778] : ZNF160 - 20498 variants...
     -reading in genotypes, computing gene-based tests and building masks...done (41062ms) 
     -computing association tests...done (129ms) 
     -computing joint association tests...done (0ms) 
 set [1499/1778] : ZNF17 - 8721 variants...
     -reading in genotypes, computing gene-based tests and building masks...done (18801ms) 
     -computing association tests...done (19ms) 
     -computing joint association tests...done (0ms) 
 set [1500/1778] : ZNF175 - 12516 variants...
     -reading in genotypes, computing gene-based tests and building masks...done (22007ms) 
     -computing association tests...done (134ms) 
     -computing joint association tests...done (0ms) 
 set [1501/1778] : ZNF177 - 13411 variants...
     -reading in genotypes, computing gene-based tests and building masks...done (21295ms) 
     -computing association tests...done (19ms) 
     -computing joint association tests...done (0ms) 
 set [1502/1778] : ZNF180 - 15299 variants...
     -reading in genotypes, computing gene-based tests and building masks...done (27517ms) 
     -computing association tests...done (19ms) 
     -computing joint association tests...done (0ms) 
 set [1503/1778] : ZNF181 - 8189 variants...
     -reading in genotypes, computing gene-based tests and building masks...done (12946ms) 
     -computing association tests...done (72ms) 
     -computing joint association tests...done (0ms) 
 set [1504/1778] : ZNF20 - 8353 variants...
     -reading in genotypes, computing gene-based tests and building masks...done (20419ms) 
     -computing association tests...done (19ms) 
     -computing joint association tests...done (0ms) 
 set [1505/1778] : ZNF208 - 34354 variants...
     -reading in genotypes, computing gene-based tests and building masks...done (53898ms) 
     -computing association tests...done (139ms) 
     -computing joint association tests...done (0ms) 
 set [1506/1778] : ZNF209P - 7376 variants...
     -reading in genotypes, computing gene-based tests and building masks...done (21099ms) 
     -computing association tests...done (15ms) 
     -computing joint association tests...done (0ms) 
 set [1507/1778] : ZNF211 - 8086 variants...
     -reading in genotypes, computing gene-based tests and building masks...done (12174ms) 
     -computing association tests...done (30ms) 
     -computing joint association tests...done (0ms) 
 set [1508/1778] : ZNF221 - 10725 variants...
     -reading in genotypes, computing gene-based tests and building masks...done (17046ms) 
     -computing association tests...done (78ms) 
     -computing joint association tests...done (0ms) 
 set [1509/1778] : ZNF222 - 6556 variants...
     -reading in genotypes, computing gene-based tests and building masks...done (11958ms) 
     -computing association tests...done (173ms) 
     -computing joint association tests...done (0ms) 
 set [1510/1778] : ZNF222-DT - 531 variants...
     -reading in genotypes, computing gene-based tests and building masks...done (1120ms) 
     -computing association tests...done (3ms) 
     -computing joint association tests...done (0ms) 
 set [1511/1778] : ZNF223 - 8272 variants...
     -reading in genotypes, computing gene-based tests and building masks...done (13620ms) 
     -computing association tests...done (144ms) 
     -computing joint association tests...done (0ms) 
 set [1512/1778] : ZNF224 - 4963 variants...
     -reading in genotypes, computing gene-based tests and building masks...done (8383ms) 
     -computing association tests...done (17ms) 
     -computing joint association tests...done (0ms) 
 set [1513/1778] : ZNF225 - 10560 variants...
     -reading in genotypes, computing gene-based tests and building masks...done (15804ms) 
     -computing association tests...done (17ms) 
     -computing joint association tests...done (0ms) 
 set [1514/1778] : ZNF226 - 9957 variants...
     -reading in genotypes, computing gene-based tests and building masks...done (15193ms) 
     -computing association tests...done (23ms) 
     -computing joint association tests...done (0ms) 
 set [1515/1778] : ZNF227 - 18043 variants...
     -reading in genotypes, computing gene-based tests and building masks...done (25864ms) 
     -computing association tests...done (77ms) 
     -computing joint association tests...done (0ms) 
 set [1516/1778] : ZNF229 - 13040 variants...
     -reading in genotypes, computing gene-based tests and building masks...done (20418ms) 
     -computing association tests...done (92ms) 
     -computing joint association tests...done (0ms) 
 set [1517/1778] : ZNF230 - 8876 variants...
     -reading in genotypes, computing gene-based tests and building masks...done (15598ms) 
     -computing association tests...done (77ms) 
     -computing joint association tests...done (0ms) 
 set [1518/1778] : ZNF233 - 9866 variants...
     -reading in genotypes, computing gene-based tests and building masks...done (14770ms) 
     -computing association tests...done (81ms) 
     -computing joint association tests...done (0ms) 
 set [1519/1778] : ZNF234 - 9322 variants...
     -reading in genotypes, computing gene-based tests and building masks...done (13971ms) 
     -computing association tests...done (81ms) 
     -computing joint association tests...done (0ms) 
 set [1520/1778] : ZNF235 - 12988 variants...
     -reading in genotypes, computing gene-based tests and building masks...done (19235ms) 
     -computing association tests...done (19ms) 
     -computing joint association tests...done (0ms) 
 set [1521/1778] : ZNF253 - 17350 variants...
     -reading in genotypes, computing gene-based tests and building masks...done (33064ms) 
     -computing association tests...done (21ms) 
     -computing joint association tests...done (0ms) 
 set [1522/1778] : ZNF254 - 28354 variants...
     -reading in genotypes, computing gene-based tests and building masks...done (56991ms) 
     -computing association tests...done (108ms) 
     -computing joint association tests...done (0ms) 
 set [1523/1778] : ZNF256 - 8325 variants...
     -reading in genotypes, computing gene-based tests and building masks...done (16857ms) 
     -computing association tests...done (127ms) 
     -computing joint association tests...done (0ms) 
 set [1524/1778] : ZNF257 - 18985 variants...
     -reading in genotypes, computing gene-based tests and building masks...done (29232ms) 
     -computing association tests...done (19ms) 
     -computing joint association tests...done (0ms) 
 set [1525/1778] : ZNF260 - 12795 variants...
     -reading in genotypes, computing gene-based tests and building masks...done (20505ms) 
     -computing association tests...done (44ms) 
     -computing joint association tests...done (0ms) 
 set [1526/1778] : ZNF264 - 18307 variants...
     -reading in genotypes, computing gene-based tests and building masks...done (26723ms) 
     -computing association tests...done (19ms) 
     -computing joint association tests...done (0ms) 
 set [1527/1778] : ZNF266 - 15002 variants...
     -reading in genotypes, computing gene-based tests and building masks...done (21279ms) 
     -computing association tests...done (23ms) 
     -computing joint association tests...done (0ms) 
 set [1528/1778] : ZNF274 - 18786 variants...
     -reading in genotypes, computing gene-based tests and building masks...done (34013ms) 
     -computing association tests...done (18ms) 
     -computing joint association tests...done (0ms) 
 set [1529/1778] : ZNF28 - 22762 variants...
     -reading in genotypes, computing gene-based tests and building masks...done (55126ms) 
     -computing association tests...done (47ms) 
     -computing joint association tests...done (0ms) 
 set [1530/1778] : ZNF283 - 13245 variants...
     -reading in genotypes, computing gene-based tests and building masks...done (22323ms) 
     -computing association tests...done (90ms) 
     -computing joint association tests...done (0ms) 
 set [1531/1778] : ZNF284 - 10793 variants...
     -reading in genotypes, computing gene-based tests and building masks...done (19329ms) 
     -computing association tests...done (81ms) 
     -computing joint association tests...done (0ms) 
 set [1532/1778] : ZNF285 - 12068 variants...
     -reading in genotypes, computing gene-based tests and building masks...done (20148ms) 
     -computing association tests...done (83ms) 
     -computing joint association tests...done (0ms) 
 set [1533/1778] : ZNF285BP - 2830 variants...
     -reading in genotypes, computing gene-based tests and building masks...done (4126ms) 
     -computing association tests...done (14ms) 
     -computing joint association tests...done (0ms) 
 set [1534/1778] : ZNF296 - 6529 variants...
     -reading in genotypes, computing gene-based tests and building masks...done (20980ms) 
     -computing association tests...done (116ms) 
     -computing joint association tests...done (0ms) 
 set [1535/1778] : ZNF30 - 16858 variants...
     -reading in genotypes, computing gene-based tests and building masks...done (30725ms) 
     -computing association tests...done (23ms) 
     -computing joint association tests...done (0ms) 
 set [1536/1778] : ZNF302 - 3837 variants...
     -reading in genotypes, computing gene-based tests and building masks...done (18806ms) 
     -computing association tests...done (137ms) 
     -computing joint association tests...done (0ms) 
 set [1537/1778] : ZNF304 - 5176 variants...
     -reading in genotypes, computing gene-based tests and building masks...done (9220ms) 
     -computing association tests...done (17ms) 
     -computing joint association tests...done (0ms) 
 set [1538/1778] : ZNF30-AS1 - 4072 variants...
     -reading in genotypes, computing gene-based tests and building masks...done (6053ms) 
     -computing association tests...done (17ms) 
     -computing joint association tests...done (0ms) 
 set [1539/1778] : ZNF317 - 14679 variants...
     -reading in genotypes, computing gene-based tests and building masks...done (30773ms) 
     -computing association tests...done (20ms) 
     -computing joint association tests...done (0ms) 
 set [1540/1778] : ZNF320 - 12837 variants...
     -reading in genotypes, computing gene-based tests and building masks...done (20271ms) 
     -computing association tests...done (16ms) 
     -computing joint association tests...done (0ms) 
 set [1541/1778] : ZNF321P - 8380 variants...
     -reading in genotypes, computing gene-based tests and building masks...done (16552ms) 
     -computing association tests...done (17ms) 
     -computing joint association tests...done (0ms) 
 set [1542/1778] : ZNF324 - 7511 variants...
     -reading in genotypes, computing gene-based tests and building masks...done (12577ms) 
     -computing association tests...done (19ms) 
     -computing joint association tests...done (0ms) 
 set [1543/1778] : ZNF324B - 7302 variants...
     -reading in genotypes, computing gene-based tests and building masks...done (11268ms) 
     -computing association tests...done (90ms) 
     -computing joint association tests...done (0ms) 
 set [1544/1778] : ZNF329 - 16641 variants...
     -reading in genotypes, computing gene-based tests and building masks...done (24809ms) 
     -computing association tests...done (21ms) 
     -computing joint association tests...done (0ms) 
 set [1545/1778] : ZNF331 - 31501 variants...
     -reading in genotypes, computing gene-based tests and building masks...done (51425ms) 
     -computing association tests...done (18ms) 
     -computing joint association tests...done (0ms) 
 set [1546/1778] : ZNF333 - 17636 variants...
     -reading in genotypes, computing gene-based tests and building masks...done (26628ms) 
     -computing association tests...done (19ms) 
     -computing joint association tests...done (0ms) 
 set [1547/1778] : ZNF345 - 14702 variants...
     -reading in genotypes, computing gene-based tests and building masks...done (23561ms) 
     -computing association tests...done (93ms) 
     -computing joint association tests...done (0ms) 
 set [1548/1778] : ZNF347 - 11000 variants...
     -reading in genotypes, computing gene-based tests and building masks...done (17781ms) 
     -computing association tests...done (18ms) 
     -computing joint association tests...done (0ms) 
 set [1549/1778] : ZNF350 - 13524 variants...
     -reading in genotypes, computing gene-based tests and building masks...done (22513ms) 
     -computing association tests...done (87ms) 
     -computing joint association tests...done (0ms) 
 set [1550/1778] : ZNF350-AS1 - 3283 variants...
     -reading in genotypes, computing gene-based tests and building masks...done (5226ms) 
     -computing association tests...done (16ms) 
     -computing joint association tests...done (0ms) 
 set [1551/1778] : ZNF358 - 1978 variants...
     -reading in genotypes, computing gene-based tests and building masks...done (5044ms) 
     -computing association tests...done (17ms) 
     -computing joint association tests...done (0ms) 
 set [1552/1778] : ZNF382 - 16488 variants...
     -reading in genotypes, computing gene-based tests and building masks...done (27470ms) 
     -computing association tests...done (21ms) 
     -computing joint association tests...done (0ms) 
 set [1553/1778] : ZNF383 - 20309 variants...
     -reading in genotypes, computing gene-based tests and building masks...done (34160ms) 
     -computing association tests...done (20ms) 
     -computing joint association tests...done (0ms) 
 set [1554/1778] : ZNF404 - 7371 variants...
     -reading in genotypes, computing gene-based tests and building masks...done (12290ms) 
     -computing association tests...done (19ms) 
     -computing joint association tests...done (0ms) 
 set [1555/1778] : ZNF414 - 5580 variants...
     -reading in genotypes, computing gene-based tests and building masks...done (9759ms) 
     -computing association tests...done (143ms) 
     -computing joint association tests...done (0ms) 
 set [1556/1778] : ZNF415 - 12539 variants...
     -reading in genotypes, computing gene-based tests and building masks...done (24113ms) 
     -computing association tests...done (36ms) 
     -computing joint association tests...done (0ms) 
 set [1557/1778] : ZNF416 - 6814 variants...
     -reading in genotypes, computing gene-based tests and building masks...done (15058ms) 
     -computing association tests...done (91ms) 
     -computing joint association tests...done (0ms) 
 set [1558/1778] : ZNF417 - 9180 variants...
     -reading in genotypes, computing gene-based tests and building masks...done (25418ms) 
     -computing association tests...done (94ms) 
     -computing joint association tests...done (0ms) 
 set [1559/1778] : ZNF418 - 9641 variants...
     -reading in genotypes, computing gene-based tests and building masks...done (16220ms) 
     -computing association tests...done (144ms) 
     -computing joint association tests...done (0ms) 
 set [1560/1778] : ZNF419 - 6969 variants...
     -reading in genotypes, computing gene-based tests and building masks...done (15842ms) 
     -computing association tests...done (93ms) 
     -computing joint association tests...done (0ms) 
 set [1561/1778] : ZNF420 - 25707 variants...
     -reading in genotypes, computing gene-based tests and building masks...done (47087ms) 
     -computing association tests...done (129ms) 
     -computing joint association tests...done (0ms) 
 set [1562/1778] : ZNF426 - 11645 variants...
     -reading in genotypes, computing gene-based tests and building masks...done (17449ms) 
     -computing association tests...done (124ms) 
     -computing joint association tests...done (0ms) 
 set [1563/1778] : ZNF426-DT - 481 variants...
     -reading in genotypes, computing gene-based tests and building masks...done (1029ms) 
     -computing association tests...done (9ms) 
     -computing joint association tests...done (0ms) 
 set [1564/1778] : ZNF428 - 9222 variants...
     -reading in genotypes, computing gene-based tests and building masks...done (15237ms) 
     -computing association tests...done (30ms) 
     -computing joint association tests...done (0ms) 
 set [1565/1778] : ZNF429 - 21936 variants...
     -reading in genotypes, computing gene-based tests and building masks...done (39219ms) 
     -computing association tests...done (124ms) 
     -computing joint association tests...done (0ms) 
 set [1566/1778] : ZNF430 - 24770 variants...
     -reading in genotypes, computing gene-based tests and building masks...done (90231ms) 
     -computing association tests...done (74ms) 
     -computing joint association tests...done (0ms) 
 set [1567/1778] : ZNF431 - 25844 variants...
     -reading in genotypes, computing gene-based tests and building masks...done (41360ms) 
     -computing association tests...done (85ms) 
     -computing joint association tests...done (0ms) 
 set [1568/1778] : ZNF43 - 21127 variants...
     -reading in genotypes, computing gene-based tests and building masks...done (35449ms) 
     -computing association tests...done (91ms) 
     -computing joint association tests...done (0ms) 
 set [1569/1778] : ZNF432 - 9820 variants...
     -reading in genotypes, computing gene-based tests and building masks...done (19244ms) 
     -computing association tests...done (73ms) 
     -computing joint association tests...done (0ms) 
 set [1570/1778] : ZNF433 - 12345 variants...
     -reading in genotypes, computing gene-based tests and building masks...done (20984ms) 
     -computing association tests...done (31ms) 
     -computing joint association tests...done (0ms) 
 set [1571/1778] : ZNF433-AS1 - 12936 variants...
     -reading in genotypes, computing gene-based tests and building masks...done (19902ms) 
     -computing association tests...done (77ms) 
     -computing joint association tests...done (0ms) 
 set [1572/1778] : ZNF439 - 15322 variants...
     -reading in genotypes, computing gene-based tests and building masks...done (34133ms) 
     -computing association tests...done (128ms) 
     -computing joint association tests...done (0ms) 
 set [1573/1778] : ZNF440 - 14756 variants...
     -reading in genotypes, computing gene-based tests and building masks...done (24410ms) 
     -computing association tests...done (73ms) 
     -computing joint association tests...done (0ms) 
 set [1574/1778] : ZNF441 - 10250 variants...
     -reading in genotypes, computing gene-based tests and building masks...done (17827ms) 
     -computing association tests...done (88ms) 
     -computing joint association tests...done (0ms) 
 set [1575/1778] : ZNF44 - 15566 variants...
     -reading in genotypes, computing gene-based tests and building masks...done (23013ms) 
     -computing association tests...done (20ms) 
     -computing joint association tests...done (0ms) 
 set [1576/1778] : ZNF442 - 12120 variants...
     -reading in genotypes, computing gene-based tests and building masks...done (30362ms) 
     -computing association tests...done (41ms) 
     -computing joint association tests...done (0ms) 
 set [1577/1778] : ZNF443 - 10909 variants...
     -reading in genotypes, computing gene-based tests and building masks...done (19963ms) 
     -computing association tests...done (83ms) 
     -computing joint association tests...done (0ms) 
 set [1578/1778] : ZNF444 - 15718 variants...
     -reading in genotypes, computing gene-based tests and building masks...done (33556ms) 
     -computing association tests...done (83ms) 
     -computing joint association tests...done (0ms) 
 set [1579/1778] : ZNF446 - 5768 variants...
     -reading in genotypes, computing gene-based tests and building masks...done (9325ms) 
     -computing association tests...done (126ms) 
     -computing joint association tests...done (0ms) 
 set [1580/1778] : ZNF45 - 12322 variants...
     -reading in genotypes, computing gene-based tests and building masks...done (28633ms) 
     -computing association tests...done (136ms) 
     -computing joint association tests...done (0ms) 
 set [1581/1778] : ZNF45-AS1 - 455 variants...
     -reading in genotypes, computing gene-based tests and building masks...done (961ms) 
     -computing association tests...done (7ms) 
     -computing joint association tests...done (0ms) 
 set [1582/1778] : ZNF460 - 10695 variants...
     -reading in genotypes, computing gene-based tests and building masks...done (23835ms) 
     -computing association tests...done (17ms) 
     -computing joint association tests...done (0ms) 
 set [1583/1778] : ZNF460-AS1 - 3633 variants...
     -reading in genotypes, computing gene-based tests and building masks...done (5019ms) 
     -computing association tests...done (13ms) 
     -computing joint association tests...done (0ms) 
 set [1584/1778] : ZNF461 - 12047 variants...
     -reading in genotypes, computing gene-based tests and building masks...done (18703ms) 
     -computing association tests...done (126ms) 
     -computing joint association tests...done (0ms) 
 set [1585/1778] : ZNF468 - 14385 variants...
     -reading in genotypes, computing gene-based tests and building masks...done (21724ms) 
     -computing association tests...done (139ms) 
     -computing joint association tests...done (0ms) 
 set [1586/1778] : ZNF470 - 19942 variants...
     -reading in genotypes, computing gene-based tests and building masks...done (34620ms) 
     -computing association tests...done (122ms) 
     -computing joint association tests...done (0ms) 
 set [1587/1778] : ZNF470-DT - 228 variants...
     -reading in genotypes, computing gene-based tests and building masks...done (556ms) 
     -computing association tests...done (1ms) 
     -computing joint association tests...done (0ms) 
 set [1588/1778] : ZNF471 - 11719 variants...
     -reading in genotypes, computing gene-based tests and building masks...done (21744ms) 
     -computing association tests...done (19ms) 
     -computing joint association tests...done (0ms) 
 set [1589/1778] : ZNF473 - 14078 variants...
     -reading in genotypes, computing gene-based tests and building masks...done (30178ms) 
     -computing association tests...done (24ms) 
     -computing joint association tests...done (0ms) 
 set [1590/1778] : ZNF473CR - 8131 variants...
     -reading in genotypes, computing gene-based tests and building masks...done (12823ms) 
     -computing association tests...done (18ms) 
     -computing joint association tests...done (0ms) 
 set [1591/1778] : ZNF480 - 16395 variants...
     -reading in genotypes, computing gene-based tests and building masks...done (58191ms) 
     -computing association tests...done (79ms) 
     -computing joint association tests...done (0ms) 
 set [1592/1778] : ZNF486 - 24733 variants...
     -reading in genotypes, computing gene-based tests and building masks...done (51246ms) 
     -computing association tests...done (22ms) 
     -computing joint association tests...done (0ms) 
 set [1593/1778] : ZNF490 - 18356 variants...
     -reading in genotypes, computing gene-based tests and building masks...done (56544ms) 
     -computing association tests...done (196ms) 
     -computing joint association tests...done (0ms) 
 set [1594/1778] : ZNF491 - 5979 variants...
     -reading in genotypes, computing gene-based tests and building masks...done (10253ms) 
     -computing association tests...done (89ms) 
     -computing joint association tests...done (0ms) 
 set [1595/1778] : ZNF492 - 20506 variants...
     -reading in genotypes, computing gene-based tests and building masks...done (39444ms) 
     -computing association tests...done (21ms) 
     -computing joint association tests...done (0ms) 
 set [1596/1778] : ZNF493 - 21067 variants...
     -reading in genotypes, computing gene-based tests and building masks...done (55180ms) 
     -computing association tests...done (142ms) 
     -computing joint association tests...done (0ms) 
 set [1597/1778] : ZNF497 - 9752 variants...
     -reading in genotypes, computing gene-based tests and building masks...done (15131ms) 
     -computing association tests...done (18ms) 
     -computing joint association tests...done (0ms) 
 set [1598/1778] : ZNF506 - 17490 variants...
     -reading in genotypes, computing gene-based tests and building masks...done (28157ms) 
     -computing association tests...done (21ms) 
     -computing joint association tests...done (0ms) 
 set [1599/1778] : ZNF507 - 22932 variants...
     -reading in genotypes, computing gene-based tests and building masks...done (39543ms) 
     -computing association tests...done (84ms) 
     -computing joint association tests...done (0ms) 
 set [1600/1778] : ZNF524 - 3567 variants...
     -reading in genotypes, computing gene-based tests and building masks...done (8455ms) 
     -computing association tests...done (18ms) 
     -computing joint association tests...done (0ms) 
 set [1601/1778] : ZNF525 - 13209 variants...
     -reading in genotypes, computing gene-based tests and building masks...done (26563ms) 
     -computing association tests...done (30ms) 
     -computing joint association tests...done (0ms) 
 set [1602/1778] : ZNF526 - 8342 variants...
     -reading in genotypes, computing gene-based tests and building masks...done (15109ms) 
     -computing association tests...done (30ms) 
     -computing joint association tests...done (0ms) 
 set [1603/1778] : ZNF527 - 12790 variants...
     -reading in genotypes, computing gene-based tests and building masks...done (28284ms) 
     -computing association tests...done (74ms) 
     -computing joint association tests...done (0ms) 
 set [1604/1778] : ZNF528 - 13988 variants...
     -reading in genotypes, computing gene-based tests and building masks...done (22358ms) 
     -computing association tests...done (22ms) 
     -computing joint association tests...done (0ms) 
 set [1605/1778] : ZNF528-AS1 - 949 variants...
     -reading in genotypes, computing gene-based tests and building masks...done (1878ms) 
     -computing association tests...done (11ms) 
     -computing joint association tests...done (0ms) 
 set [1606/1778] : ZNF529 - 15764 variants...
     -reading in genotypes, computing gene-based tests and building masks...done (26271ms) 
     -computing association tests...done (110ms) 
     -computing joint association tests...done (0ms) 
 set [1607/1778] : ZNF529-AS1 - 8095 variants...
     -reading in genotypes, computing gene-based tests and building masks...done (14914ms) 
     -computing association tests...done (15ms) 
     -computing joint association tests...done (0ms) 
 set [1608/1778] : ZNF530 - 3990 variants...
     -reading in genotypes, computing gene-based tests and building masks...done (7048ms) 
     -computing association tests...done (20ms) 
     -computing joint association tests...done (0ms) 
 set [1609/1778] : ZNF534 - 12239 variants...
     -reading in genotypes, computing gene-based tests and building masks...done (24132ms) 
     -computing association tests...done (20ms) 
     -computing joint association tests...done (0ms) 
 set [1610/1778] : ZNF536 - 214952 variants...
     -reading in genotypes, computing gene-based tests and building masks...done (922701ms) 
     -computing association tests...done (26ms) 
     -computing joint association tests...done (0ms) 
 set [1611/1778] : ZNF540 - 6969 variants...
     -reading in genotypes, computing gene-based tests and building masks...done (12143ms) 
     -computing association tests...done (19ms) 
     -computing joint association tests...done (0ms) 
 set [1612/1778] : ZNF541 - 25845 variants...
     -reading in genotypes, computing gene-based tests and building masks...done (40455ms) 
     -computing association tests...done (23ms) 
     -computing joint association tests...done (0ms) 
 set [1613/1778] : ZNF542P - 5631 variants...
     -reading in genotypes, computing gene-based tests and building masks...done (13465ms) 
     -computing association tests...done (16ms) 
     -computing joint association tests...done (0ms) 
 set [1614/1778] : ZNF543 - 13764 variants...
     -reading in genotypes, computing gene-based tests and building masks...done (43874ms) 
     -computing association tests...done (32ms) 
     -computing joint association tests...done (0ms) 
 set [1615/1778] : ZNF544 - 25171 variants...
     -reading in genotypes, computing gene-based tests and building masks...done (43184ms) 
     -computing association tests...done (86ms) 
     -computing joint association tests...done (0ms) 
 set [1616/1778] : ZNF546 - 11606 variants...
     -reading in genotypes, computing gene-based tests and building masks...done (20284ms) 
     -computing association tests...done (101ms) 
     -computing joint association tests...done (0ms) 
 set [1617/1778] : ZNF547 - 11712 variants...
     -reading in genotypes, computing gene-based tests and building masks...done (18380ms) 
     -computing association tests...done (90ms) 
     -computing joint association tests...done (0ms) 
 set [1618/1778] : ZNF548 - 8785 variants...
     -reading in genotypes, computing gene-based tests and building masks...done (15006ms) 
     -computing association tests...done (126ms) 
     -computing joint association tests...done (0ms) 
 set [1619/1778] : ZNF549 - 6217 variants...
     -reading in genotypes, computing gene-based tests and building masks...done (13545ms) 
     -computing association tests...done (18ms) 
     -computing joint association tests...done (0ms) 
 set [1620/1778] : ZNF550 - 11152 variants...
     -reading in genotypes, computing gene-based tests and building masks...done (19379ms) 
     -computing association tests...done (22ms) 
     -computing joint association tests...done (0ms) 
 set [1621/1778] : ZNF551 - 8213 variants...
     -reading in genotypes, computing gene-based tests and building masks...done (13363ms) 
     -computing association tests...done (79ms) 
     -computing joint association tests...done (0ms) 
 set [1622/1778] : ZNF552 - 10019 variants...
     -reading in genotypes, computing gene-based tests and building masks...done (21003ms) 
     -computing association tests...done (126ms) 
     -computing joint association tests...done (0ms) 
 set [1623/1778] : ZNF554 - 13911 variants...
     -reading in genotypes, computing gene-based tests and building masks...done (25421ms) 
     -computing association tests...done (20ms) 
     -computing joint association tests...done (0ms) 
 set [1624/1778] : ZNF555 - 10472 variants...
     -reading in genotypes, computing gene-based tests and building masks...done (17325ms) 
     -computing association tests...done (87ms) 
     -computing joint association tests...done (0ms) 
 set [1625/1778] : ZNF556 - 12035 variants...
     -reading in genotypes, computing gene-based tests and building masks...done (19851ms) 
     -computing association tests...done (74ms) 
     -computing joint association tests...done (0ms) 
 set [1626/1778] : ZNF557 - 14687 variants...
     -reading in genotypes, computing gene-based tests and building masks...done (32082ms) 
     -computing association tests...done (79ms) 
     -computing joint association tests...done (0ms) 
 set [1627/1778] : ZNF558 - 15399 variants...
     -reading in genotypes, computing gene-based tests and building masks...done (24788ms) 
     -computing association tests...done (20ms) 
     -computing joint association tests...done (0ms) 
 set [1628/1778] : ZNF559 - 17527 variants...
     -reading in genotypes, computing gene-based tests and building masks...done (50267ms) 
     -computing association tests...done (78ms) 
     -computing joint association tests...done (0ms) 
 set [1629/1778] : ZNF560 - 19022 variants...
     -reading in genotypes, computing gene-based tests and building masks...done (29063ms) 
     -computing association tests...done (95ms) 
     -computing joint association tests...done (0ms) 
 set [1630/1778] : ZNF561 - 16080 variants...
     -reading in genotypes, computing gene-based tests and building masks...done (26837ms) 
     -computing association tests...done (21ms) 
     -computing joint association tests...done (0ms) 
 set [1631/1778] : ZNF561-AS1 - 4569 variants...
     -reading in genotypes, computing gene-based tests and building masks...done (6679ms) 
     -computing association tests...done (13ms) 
     -computing joint association tests...done (0ms) 
 set [1632/1778] : ZNF562 - 23158 variants...
     -reading in genotypes, computing gene-based tests and building masks...done (42628ms) 
     -computing association tests...done (139ms) 
     -computing joint association tests...done (0ms) 
 set [1633/1778] : ZNF563 - 10183 variants...
     -reading in genotypes, computing gene-based tests and building masks...done (14999ms) 
     -computing association tests...done (82ms) 
     -computing joint association tests...done (0ms) 
 set [1634/1778] : ZNF564 - 17882 variants...
     -reading in genotypes, computing gene-based tests and building masks...done (32125ms) 
     -computing association tests...done (154ms) 
     -computing joint association tests...done (0ms) 
 set [1635/1778] : ZNF565 - 17856 variants...
     -reading in genotypes, computing gene-based tests and building masks...done (33284ms) 
     -computing association tests...done (19ms) 
     -computing joint association tests...done (0ms) 
 set [1636/1778] : ZNF566 - 24929 variants...
     -reading in genotypes, computing gene-based tests and building masks...done (45646ms) 
     -computing association tests...done (140ms) 
     -computing joint association tests...done (0ms) 
 set [1637/1778] : ZNF566-AS1 - 757 variants...
     -reading in genotypes, computing gene-based tests and building masks...done (1405ms) 
     -computing association tests...done (10ms) 
     -computing joint association tests...done (0ms) 
 set [1638/1778] : ZNF567 - 18756 variants...
     -reading in genotypes, computing gene-based tests and building masks...done (34580ms) 
     -computing association tests...done (20ms) 
     -computing joint association tests...done (0ms) 
 set [1639/1778] : ZNF567-DT - 2451 variants...
     -reading in genotypes, computing gene-based tests and building masks...done (5881ms) 
     -computing association tests...done (15ms) 
     -computing joint association tests...done (0ms) 
 set [1640/1778] : ZNF568 - 39697 variants...
     -reading in genotypes, computing gene-based tests and building masks...done (79502ms) 
     -computing association tests...done (142ms) 
     -computing joint association tests...done (0ms) 
 set [1641/1778] : ZNF569 - 21677 variants...
     -reading in genotypes, computing gene-based tests and building masks...done (33579ms) 
     -computing association tests...done (20ms) 
     -computing joint association tests...done (0ms) 
 set [1642/1778] : ZNF56P - 10937 variants...
     -reading in genotypes, computing gene-based tests and building masks...done (15606ms) 
     -computing association tests...done (28ms) 
     -computing joint association tests...done (0ms) 
 set [1643/1778] : ZNF570 - 11739 variants...
     -reading in genotypes, computing gene-based tests and building masks...done (20375ms) 
     -computing association tests...done (22ms) 
     -computing joint association tests...done (0ms) 
 set [1644/1778] : ZNF571 - 16369 variants...
     -reading in genotypes, computing gene-based tests and building masks...done (29281ms) 
     -computing association tests...done (91ms) 
     -computing joint association tests...done (0ms) 
 set [1645/1778] : ZNF57 - 16877 variants...
     -reading in genotypes, computing gene-based tests and building masks...done (38637ms) 
     -computing association tests...done (82ms) 
     -computing joint association tests...done (0ms) 
 set [1646/1778] : ZNF571-AS1 - 5033 variants...
     -reading in genotypes, computing gene-based tests and building masks...done (7088ms) 
     -computing association tests...done (16ms) 
     -computing joint association tests...done (0ms) 
 set [1647/1778] : ZNF573 - 27406 variants...
     -reading in genotypes, computing gene-based tests and building masks...done (53509ms) 
     -computing association tests...done (19ms) 
     -computing joint association tests...done (0ms) 
 set [1648/1778] : ZNF574 - 7862 variants...
     -reading in genotypes, computing gene-based tests and building masks...done (14235ms) 
     -computing association tests...done (17ms) 
     -computing joint association tests...done (0ms) 
 set [1649/1778] : ZNF575 - 2768 variants...
     -reading in genotypes, computing gene-based tests and building masks...done (5827ms) 
     -computing association tests...done (13ms) 
     -computing joint association tests...done (0ms) 
 set [1650/1778] : ZNF576 - 4518 variants...
     -reading in genotypes, computing gene-based tests and building masks...done (9217ms) 
     -computing association tests...done (28ms) 
     -computing joint association tests...done (0ms) 
 set [1651/1778] : ZNF577 - 12750 variants...
     -reading in genotypes, computing gene-based tests and building masks...done (23336ms) 
     -computing association tests...done (21ms) 
     -computing joint association tests...done (0ms) 
 set [1652/1778] : ZNF578 - 37721 variants...
     -reading in genotypes, computing gene-based tests and building masks...done (61568ms) 
     -computing association tests...done (142ms) 
     -computing joint association tests...done (0ms) 
 set [1653/1778] : ZNF579 - 7449 variants...
     -reading in genotypes, computing gene-based tests and building masks...done (15669ms) 
     -computing association tests...done (96ms) 
     -computing joint association tests...done (0ms) 
 set [1654/1778] : ZNF580 - 3047 variants...
     -reading in genotypes, computing gene-based tests and building masks...done (6305ms) 
     -computing association tests...done (79ms) 
     -computing joint association tests...done (0ms) 
 set [1655/1778] : ZNF581 - 5236 variants...
     -reading in genotypes, computing gene-based tests and building masks...done (10953ms) 
     -computing association tests...done (75ms) 
     -computing joint association tests...done (0ms) 
 set [1656/1778] : ZNF582 - 9047 variants...
     -reading in genotypes, computing gene-based tests and building masks...done (14461ms) 
     -computing association tests...done (119ms) 
     -computing joint association tests...done (0ms) 
 set [1657/1778] : ZNF582-DT - 292 variants...
     -reading in genotypes, computing gene-based tests and building masks...done (826ms) 
     -computing association tests...done (4ms) 
     -computing joint association tests...done (0ms) 
 set [1658/1778] : ZNF583 - 13131 variants...
     -reading in genotypes, computing gene-based tests and building masks...done (21354ms) 
     -computing association tests...done (22ms) 
     -computing joint association tests...done (0ms) 
 set [1659/1778] : ZNF584 - 16397 variants...
     -reading in genotypes, computing gene-based tests and building masks...done (66820ms) 
     -computing association tests...done (20ms) 
     -computing joint association tests...done (0ms) 
 set [1660/1778] : ZNF584-DT - 805 variants...
     -reading in genotypes, computing gene-based tests and building masks...done (1719ms) 
     -computing association tests...done (13ms) 
     -computing joint association tests...done (0ms) 
 set [1661/1778] : ZNF585A - 14308 variants...
     -reading in genotypes, computing gene-based tests and building masks...done (22037ms) 
     -computing association tests...done (123ms) 
     -computing joint association tests...done (0ms) 
 set [1662/1778] : ZNF585B - 16491 variants...
     -reading in genotypes, computing gene-based tests and building masks...done (25108ms) 
     -computing association tests...done (22ms) 
     -computing joint association tests...done (0ms) 
 set [1663/1778] : ZNF586 - 17985 variants...
     -reading in genotypes, computing gene-based tests and building masks...done (34406ms) 
     -computing association tests...done (20ms) 
     -computing joint association tests...done (0ms) 
 set [1664/1778] : ZNF587 - 11780 variants...
     -reading in genotypes, computing gene-based tests and building masks...done (26049ms) 
     -computing association tests...done (78ms) 
     -computing joint association tests...done (0ms) 
 set [1665/1778] : ZNF587B - 12948 variants...
     -reading in genotypes, computing gene-based tests and building masks...done (34262ms) 
     -computing association tests...done (75ms) 
     -computing joint association tests...done (0ms) 
 set [1666/1778] : ZNF599 - 10298 variants...
     -reading in genotypes, computing gene-based tests and building masks...done (16764ms) 
     -computing association tests...done (76ms) 
     -computing joint association tests...done (0ms) 
 set [1667/1778] : ZNF600 - 22467 variants...
     -reading in genotypes, computing gene-based tests and building masks...done (35425ms) 
     -computing association tests...done (20ms) 
     -computing joint association tests...done (0ms) 
 set [1668/1778] : ZNF606 - 13189 variants...
     -reading in genotypes, computing gene-based tests and building masks...done (19527ms) 
     -computing association tests...done (19ms) 
     -computing joint association tests...done (0ms) 
 set [1669/1778] : ZNF606-AS1 - 1151 variants...
     -reading in genotypes, computing gene-based tests and building masks...done (6721ms) 
     -computing association tests...done (11ms) 
     -computing joint association tests...done (0ms) 
 set [1670/1778] : ZNF607 - 13743 variants...
     -reading in genotypes, computing gene-based tests and building masks...done (25587ms) 
     -computing association tests...done (79ms) 
     -computing joint association tests...done (0ms) 
 set [1671/1778] : ZNF610 - 18093 variants...
     -reading in genotypes, computing gene-based tests and building masks...done (29971ms) 
     -computing association tests...done (21ms) 
     -computing joint association tests...done (0ms) 
 set [1672/1778] : ZNF611 - 23685 variants...
     -reading in genotypes, computing gene-based tests and building masks...done (49770ms) 
     -computing association tests...done (120ms) 
     -computing joint association tests...done (0ms) 
 set [1673/1778] : ZNF613 - 11308 variants...
     -reading in genotypes, computing gene-based tests and building masks...done (16671ms) 
     -computing association tests...done (37ms) 
     -computing joint association tests...done (0ms) 
 set [1674/1778] : ZNF614 - 9392 variants...
     -reading in genotypes, computing gene-based tests and building masks...done (15606ms) 
     -computing association tests...done (28ms) 
     -computing joint association tests...done (0ms) 
 set [1675/1778] : ZNF615 - 6363 variants...
     -reading in genotypes, computing gene-based tests and building masks...done (9892ms) 
     -computing association tests...done (19ms) 
     -computing joint association tests...done (0ms) 
 set [1676/1778] : ZNF616 - 14971 variants...
     -reading in genotypes, computing gene-based tests and building masks...done (21685ms) 
     -computing association tests...done (78ms) 
     -computing joint association tests...done (0ms) 
 set [1677/1778] : ZNF625 - 5692 variants...
     -reading in genotypes, computing gene-based tests and building masks...done (9995ms) 
     -computing association tests...done (45ms) 
     -computing joint association tests...done (0ms) 
 set [1678/1778] : ZNF626 - 23520 variants...
     -reading in genotypes, computing gene-based tests and building masks...done (50041ms) 
     -computing association tests...done (84ms) 
     -computing joint association tests...done (0ms) 
 set [1679/1778] : ZNF627 - 21406 variants...
     -reading in genotypes, computing gene-based tests and building masks...done (53891ms) 
     -computing association tests...done (32ms) 
     -computing joint association tests...done (0ms) 
 set [1680/1778] : ZNF628 - 9118 variants...
     -reading in genotypes, computing gene-based tests and building masks...done (17402ms) 
     -computing association tests...done (21ms) 
     -computing joint association tests...done (0ms) 
 set [1681/1778] : ZNF649 - 10783 variants...
     -reading in genotypes, computing gene-based tests and building masks...done (17849ms) 
     -computing association tests...done (88ms) 
     -computing joint association tests...done (0ms) 
 set [1682/1778] : ZNF653 - 13561 variants...
     -reading in genotypes, computing gene-based tests and building masks...done (26357ms) 
     -computing association tests...done (97ms) 
     -computing joint association tests...done (0ms) 
 set [1683/1778] : ZNF66 - 21265 variants...
     -reading in genotypes, computing gene-based tests and building masks...done (34394ms) 
     -computing association tests...done (23ms) 
     -computing joint association tests...done (0ms) 
 set [1684/1778] : ZNF665 - 24401 variants...
     -reading in genotypes, computing gene-based tests and building masks...done (188572ms) 
     -computing association tests...done (21ms) 
     -computing joint association tests...done (0ms) 
 set [1685/1778] : ZNF667 - 19845 variants...
     -reading in genotypes, computing gene-based tests and building masks...done (31412ms) 
     -computing association tests...done (20ms) 
     -computing joint association tests...done (0ms) 
 set [1686/1778] : ZNF667-AS1 - 5186 variants...
     -reading in genotypes, computing gene-based tests and building masks...done (11222ms) 
     -computing association tests...done (14ms) 
     -computing joint association tests...done (0ms) 
 set [1687/1778] : ZNF671 - 8235 variants...
     -reading in genotypes, computing gene-based tests and building masks...done (12851ms) 
     -computing association tests...done (100ms) 
     -computing joint association tests...done (0ms) 
 set [1688/1778] : ZNF675 - 57400 variants...
     -reading in genotypes, computing gene-based tests and building masks...done (140580ms) 
     -computing association tests...done (159ms) 
     -computing joint association tests...done (0ms) 
 set [1689/1778] : ZNF676 - 14746 variants...
     -reading in genotypes, computing gene-based tests and building masks...done (28146ms) 
     -computing association tests...done (79ms) 
     -computing joint association tests...done (0ms) 
 set [1690/1778] : ZNF677 - 12223 variants...
     -reading in genotypes, computing gene-based tests and building masks...done (19505ms) 
     -computing association tests...done (138ms) 
     -computing joint association tests...done (0ms) 
 set [1691/1778] : ZNF681 - 21052 variants...
     -reading in genotypes, computing gene-based tests and building masks...done (34578ms) 
     -computing association tests...done (97ms) 
     -computing joint association tests...done (0ms) 
 set [1692/1778] : ZNF682 - 21669 variants...
     -reading in genotypes, computing gene-based tests and building masks...done (43380ms) 
     -computing association tests...done (140ms) 
     -computing joint association tests...done (0ms) 
 set [1693/1778] : ZNF69 - 15305 variants...
     -reading in genotypes, computing gene-based tests and building masks...done (24293ms) 
     -computing association tests...done (18ms) 
     -computing joint association tests...done (0ms) 
 set [1694/1778] : ZNF699 - 10889 variants...
     -reading in genotypes, computing gene-based tests and building masks...done (21564ms) 
     -computing association tests...done (123ms) 
     -computing joint association tests...done (0ms) 
 set [1695/1778] : ZNF700 - 15806 variants...
     -reading in genotypes, computing gene-based tests and building masks...done (23936ms) 
     -computing association tests...done (35ms) 
     -computing joint association tests...done (0ms) 
 set [1696/1778] : ZNF701 - 13882 variants...
     -reading in genotypes, computing gene-based tests and building masks...done (24793ms) 
     -computing association tests...done (20ms) 
     -computing joint association tests...done (0ms) 
 set [1697/1778] : ZNF702P - 24221 variants...
     -reading in genotypes, computing gene-based tests and building masks...done (48561ms) 
     -computing association tests...done (77ms) 
     -computing joint association tests...done (0ms) 
 set [1698/1778] : ZNF708 - 22555 variants...
     -reading in genotypes, computing gene-based tests and building masks...done (61297ms) 
     -computing association tests...done (71ms) 
     -computing joint association tests...done (0ms) 
 set [1699/1778] : ZNF709 - 19883 variants...
     -reading in genotypes, computing gene-based tests and building masks...done (32266ms) 
     -computing association tests...done (123ms) 
     -computing joint association tests...done (0ms) 
 set [1700/1778] : ZNF71 - 18023 variants...
     -reading in genotypes, computing gene-based tests and building masks...done (30786ms) 
     -computing association tests...done (82ms) 
     -computing joint association tests...done (0ms) 
 set [1701/1778] : ZNF714 - 22521 variants...
     -reading in genotypes, computing gene-based tests and building masks...done (34900ms) 
     -computing association tests...done (19ms) 
     -computing joint association tests...done (0ms) 
 set [1702/1778] : ZNF723 - 17297 variants...
     -reading in genotypes, computing gene-based tests and building masks...done (33329ms) 
     -computing association tests...done (75ms) 
     -computing joint association tests...done (0ms) 
 set [1703/1778] : ZNF724 - 17775 variants...
     -reading in genotypes, computing gene-based tests and building masks...done (35632ms) 
     -computing association tests...done (74ms) 
     -computing joint association tests...done (0ms) 
 set [1704/1778] : ZNF725P - 12866 variants...
     -reading in genotypes, computing gene-based tests and building masks...done (20724ms) 
     -computing association tests...done (18ms) 
     -computing joint association tests...done (0ms) 
 set [1705/1778] : ZNF726 - 14531 variants...
     -reading in genotypes, computing gene-based tests and building masks...done (21953ms) 
     -computing association tests...done (87ms) 
     -computing joint association tests...done (0ms) 
 set [1706/1778] : ZNF728 - 15633 variants...
     -reading in genotypes, computing gene-based tests and building masks...done (23170ms) 
     -computing association tests...done (98ms) 
     -computing joint association tests...done (0ms) 
 set [1707/1778] : ZNF729 - 17823 variants...
     -reading in genotypes, computing gene-based tests and building masks...done (27639ms) 
     -computing association tests...done (24ms) 
     -computing joint association tests...done (0ms) 
 set [1708/1778] : ZNF730 - 21755 variants...
     -reading in genotypes, computing gene-based tests and building masks...done (43389ms) 
     -computing association tests...done (27ms) 
     -computing joint association tests...done (0ms) 
 set [1709/1778] : ZNF737 - 18143 variants...
     -reading in genotypes, computing gene-based tests and building masks...done (34552ms) 
     -computing association tests...done (78ms) 
     -computing joint association tests...done (0ms) 
 set [1710/1778] : ZNF738 - 16014 variants...
     -reading in genotypes, computing gene-based tests and building masks...done (32435ms) 
     -computing association tests...done (21ms) 
     -computing joint association tests...done (0ms) 
 set [1711/1778] : ZNF749 - 9786 variants...
     -reading in genotypes, computing gene-based tests and building masks...done (15798ms) 
     -computing association tests...done (77ms) 
     -computing joint association tests...done (0ms) 
 set [1712/1778] : ZNF761 - 17718 variants...
     -reading in genotypes, computing gene-based tests and building masks...done (28037ms) 
     -computing association tests...done (76ms) 
     -computing joint association tests...done (0ms) 
 set [1713/1778] : ZNF763 - 10913 variants...
     -reading in genotypes, computing gene-based tests and building masks...done (18657ms) 
     -computing association tests...done (79ms) 
     -computing joint association tests...done (0ms) 
 set [1714/1778] : ZNF765 - 18063 variants...
     -reading in genotypes, computing gene-based tests and building masks...done (44340ms) 
     -computing association tests...done (22ms) 
     -computing joint association tests...done (0ms) 
 set [1715/1778] : ZNF766 - 13970 variants...
     -reading in genotypes, computing gene-based tests and building masks...done (21773ms) 
     -computing association tests...done (16ms) 
     -computing joint association tests...done (0ms) 
 set [1716/1778] : ZNF77 - 12796 variants...
     -reading in genotypes, computing gene-based tests and building masks...done (21775ms) 
     -computing association tests...done (78ms) 
     -computing joint association tests...done (0ms) 
 set [1717/1778] : ZNF772 - 7872 variants...
     -reading in genotypes, computing gene-based tests and building masks...done (19161ms) 
     -computing association tests...done (83ms) 
     -computing joint association tests...done (0ms) 
 set [1718/1778] : ZNF773 - 12723 variants...
     -reading in genotypes, computing gene-based tests and building masks...done (21227ms) 
     -computing association tests...done (69ms) 
     -computing joint association tests...done (0ms) 
 set [1719/1778] : ZNF776 - 9202 variants...
     -reading in genotypes, computing gene-based tests and building masks...done (14446ms) 
     -computing association tests...done (76ms) 
     -computing joint association tests...done (0ms) 
 set [1720/1778] : ZNF780A - 11174 variants...
     -reading in genotypes, computing gene-based tests and building masks...done (16646ms) 
     -computing association tests...done (106ms) 
     -computing joint association tests...done (0ms) 
 set [1721/1778] : ZNF780B - 14198 variants...
     -reading in genotypes, computing gene-based tests and building masks...done (21017ms) 
     -computing association tests...done (97ms) 
     -computing joint association tests...done (0ms) 
 set [1722/1778] : ZNF781 - 11501 variants...
     -reading in genotypes, computing gene-based tests and building masks...done (25132ms) 
     -computing association tests...done (16ms) 
     -computing joint association tests...done (0ms) 
 set [1723/1778] : ZNF784 - 6681 variants...
     -reading in genotypes, computing gene-based tests and building masks...done (12465ms) 
     -computing association tests...done (82ms) 
     -computing joint association tests...done (0ms) 
 set [1724/1778] : ZNF787 - 28350 variants...
     -reading in genotypes, computing gene-based tests and building masks...done (62920ms) 
     -computing association tests...done (162ms) 
     -computing joint association tests...done (0ms) 
 set [1725/1778] : ZNF788P - 11983 variants...
     -reading in genotypes, computing gene-based tests and building masks...done (20360ms) 
     -computing association tests...done (19ms) 
     -computing joint association tests...done (0ms) 
 set [1726/1778] : ZNF790 - 13336 variants...
     -reading in genotypes, computing gene-based tests and building masks...done (21078ms) 
     -computing association tests...done (72ms) 
     -computing joint association tests...done (0ms) 
 set [1727/1778] : ZNF790-AS1 - 15522 variants...
     -reading in genotypes, computing gene-based tests and building masks...done (35083ms) 
     -computing association tests...done (18ms) 
     -computing joint association tests...done (0ms) 
 set [1728/1778] : ZNF791 - 15780 variants...
     -reading in genotypes, computing gene-based tests and building masks...done (26825ms) 
     -computing association tests...done (20ms) 
     -computing joint association tests...done (0ms) 
 set [1729/1778] : ZNF792 - 7092 variants...
     -reading in genotypes, computing gene-based tests and building masks...done (12753ms) 
     -computing association tests...done (123ms) 
     -computing joint association tests...done (0ms) 
 set [1730/1778] : ZNF793 - 18097 variants...
     -reading in genotypes, computing gene-based tests and building masks...done (27534ms) 
     -computing association tests...done (83ms) 
     -computing joint association tests...done (0ms) 
 set [1731/1778] : ZNF793-AS1 - 3579 variants...
     -reading in genotypes, computing gene-based tests and building masks...done (5659ms) 
     -computing association tests...done (15ms) 
     -computing joint association tests...done (0ms) 
 set [1732/1778] : ZNF799 - 11582 variants...
     -reading in genotypes, computing gene-based tests and building masks...done (21303ms) 
     -computing association tests...done (74ms) 
     -computing joint association tests...done (0ms) 
 set [1733/1778] : ZNF805 - 13901 variants...
     -reading in genotypes, computing gene-based tests and building masks...done (21205ms) 
     -computing association tests...done (85ms) 
     -computing joint association tests...done (0ms) 
 set [1734/1778] : ZNF807P - 4189 variants...
     -reading in genotypes, computing gene-based tests and building masks...done (8701ms) 
     -computing association tests...done (15ms) 
     -computing joint association tests...done (0ms) 
 set [1735/1778] : ZNF808 - 21464 variants...
     -reading in genotypes, computing gene-based tests and building masks...done (36921ms) 
     -computing association tests...done (18ms) 
     -computing joint association tests...done (0ms) 
 set [1736/1778] : ZNF812P - 2845 variants...
     -reading in genotypes, computing gene-based tests and building masks...done (4018ms) 
     -computing association tests...done (14ms) 
     -computing joint association tests...done (0ms) 
 set [1737/1778] : ZNF813 - 19522 variants...
     -reading in genotypes, computing gene-based tests and building masks...done (30735ms) 
     -computing association tests...done (90ms) 
     -computing joint association tests...done (0ms) 
 set [1738/1778] : ZNF814 - 17267 variants...
     -reading in genotypes, computing gene-based tests and building masks...done (33838ms) 
     -computing association tests...done (117ms) 
     -computing joint association tests...done (0ms) 
 set [1739/1778] : ZNF816 - 10072 variants...
     -reading in genotypes, computing gene-based tests and building masks...done (15877ms) 
     -computing association tests...done (79ms) 
     -computing joint association tests...done (0ms) 
 set [1740/1778] : ZNF818P - 3926 variants...
     -reading in genotypes, computing gene-based tests and building masks...done (5579ms) 
     -computing association tests...done (15ms) 
     -computing joint association tests...done (0ms) 
 set [1741/1778] : ZNF8 - 15014 variants...
     -reading in genotypes, computing gene-based tests and building masks...done (36971ms) 
     -computing association tests...done (100ms) 
     -computing joint association tests...done (0ms) 
 set [1742/1778] : ZNF823 - 11995 variants...
     -reading in genotypes, computing gene-based tests and building masks...done (19931ms) 
     -computing association tests...done (138ms) 
     -computing joint association tests...done (0ms) 
 set [1743/1778] : ZNF829 - 10017 variants...
     -reading in genotypes, computing gene-based tests and building masks...done (16168ms) 
     -computing association tests...done (151ms) 
     -computing joint association tests...done (0ms) 
 set [1744/1778] : ZNF83 - 18439 variants...
     -reading in genotypes, computing gene-based tests and building masks...done (27754ms) 
     -computing association tests...done (20ms) 
     -computing joint association tests...done (0ms) 
 set [1745/1778] : ZNF833P - 29823 variants...
     -reading in genotypes, computing gene-based tests and building masks...done (59317ms) 
     -computing association tests...done (79ms) 
     -computing joint association tests...done (0ms) 
 set [1746/1778] : ZNF835 - 9921 variants...
     -reading in genotypes, computing gene-based tests and building masks...done (15615ms) 
     -computing association tests...done (28ms) 
     -computing joint association tests...done (0ms) 
 set [1747/1778] : ZNF836 - 11539 variants...
     -reading in genotypes, computing gene-based tests and building masks...done (18174ms) 
     -computing association tests...done (71ms) 
     -computing joint association tests...done (0ms) 
 set [1748/1778] : ZNF837 - 8626 variants...
     -reading in genotypes, computing gene-based tests and building masks...done (17628ms) 
     -computing association tests...done (18ms) 
     -computing joint association tests...done (0ms) 
 set [1749/1778] : ZNF841 - 17088 variants...
     -reading in genotypes, computing gene-based tests and building masks...done (25217ms) 
     -computing association tests...done (127ms) 
     -computing joint association tests...done (0ms) 
 set [1750/1778] : ZNF844 - 12474 variants...
     -reading in genotypes, computing gene-based tests and building masks...done (22434ms) 
     -computing association tests...done (100ms) 
     -computing joint association tests...done (0ms) 
 set [1751/1778] : ZNF845 - 15552 variants...
     -reading in genotypes, computing gene-based tests and building masks...done (24171ms) 
     -computing association tests...done (18ms) 
     -computing joint association tests...done (0ms) 
 set [1752/1778] : ZNF846 - 18363 variants...
     -reading in genotypes, computing gene-based tests and building masks...done (38062ms) 
     -computing association tests...done (20ms) 
     -computing joint association tests...done (0ms) 
 set [1753/1778] : ZNF850 - 20707 variants...
     -reading in genotypes, computing gene-based tests and building masks...done (45326ms) 
     -computing association tests...done (18ms) 
     -computing joint association tests...done (0ms) 
 set [1754/1778] : ZNF85 - 19004 variants...
     -reading in genotypes, computing gene-based tests and building masks...done (40693ms) 
     -computing association tests...done (20ms) 
     -computing joint association tests...done (0ms) 
 set [1755/1778] : ZNF861P - 1285 variants...
     -reading in genotypes, computing gene-based tests and building masks...done (2537ms) 
     -computing association tests...done (9ms) 
     -computing joint association tests...done (0ms) 
 set [1756/1778] : ZNF865 - 3518 variants...
     -reading in genotypes, computing gene-based tests and building masks...done (7622ms) 
     -computing association tests...done (104ms) 
     -computing joint association tests...done (0ms) 
 set [1757/1778] : ZNF875 - 18390 variants...
     -reading in genotypes, computing gene-based tests and building masks...done (26255ms) 
     -computing association tests...done (102ms) 
     -computing joint association tests...done (0ms) 
 set [1758/1778] : ZNF878 - 9585 variants...
     -reading in genotypes, computing gene-based tests and building masks...done (14501ms) 
     -computing association tests...done (79ms) 
     -computing joint association tests...done (0ms) 
 set [1759/1778] : ZNF880 - 9768 variants...
     -reading in genotypes, computing gene-based tests and building masks...done (17039ms) 
     -computing association tests...done (181ms) 
     -computing joint association tests...done (0ms) 
 set [1760/1778] : ZNF888 - 20219 variants...
     -reading in genotypes, computing gene-based tests and building masks...done (413209ms) 
     -computing association tests...done (20ms) 
     -computing joint association tests...done (0ms) 
 set [1761/1778] : ZNF8-DT - 2753 variants...
     -reading in genotypes, computing gene-based tests and building masks...done (4183ms) 
     -computing association tests...done (13ms) 
     -computing joint association tests...done (0ms) 
 set [1762/1778] : ZNF90 - 25812 variants...
     -reading in genotypes, computing gene-based tests and building masks...done (39882ms) 
     -computing association tests...done (32ms) 
     -computing joint association tests...done (0ms) 
 set [1763/1778] : ZNF91 - 32047 variants...
     -reading in genotypes, computing gene-based tests and building masks...done (47403ms) 
     -computing association tests...done (108ms) 
     -computing joint association tests...done (0ms) 
 set [1764/1778] : ZNF92P2 - 3612 variants...
     -reading in genotypes, computing gene-based tests and building masks...done (14426ms) 
     -computing association tests...done (13ms) 
     -computing joint association tests...done (0ms) 
 set [1765/1778] : ZNF93 - 29681 variants...
     -reading in genotypes, computing gene-based tests and building masks...done (41413ms) 
     -computing association tests...done (89ms) 
     -computing joint association tests...done (0ms) 
 set [1766/1778] : ZNF98 - 28241 variants...
     -reading in genotypes, computing gene-based tests and building masks...done (51090ms) 
     -computing association tests...done (79ms) 
     -computing joint association tests...done (0ms) 
 set [1767/1778] : ZNF99 - 18852 variants...
     -reading in genotypes, computing gene-based tests and building masks...done (38725ms) 
     -computing association tests...done (21ms) 
     -computing joint association tests...done (0ms) 
 set [1768/1778] : ZNRF4 - 4982 variants...
     -reading in genotypes, computing gene-based tests and building masks...done (9225ms) 
     -computing association tests...done (133ms) 
     -computing joint association tests...done (0ms) 
 set [1769/1778] : ZSCAN1 - 14796 variants...
     -reading in genotypes, computing gene-based tests and building masks...done (23976ms) 
     -computing association tests...done (84ms) 
     -computing joint association tests...done (0ms) 
 set [1770/1778] : ZSCAN18 - 17443 variants...
     -reading in genotypes, computing gene-based tests and building masks...done (35506ms) 
     -computing association tests...done (22ms) 
     -computing joint association tests...done (0ms) 
 set [1771/1778] : ZSCAN22 - 11642 variants...
     -reading in genotypes, computing gene-based tests and building masks...done (20840ms) 
     -computing association tests...done (22ms) 
     -computing joint association tests...done (0ms) 
 set [1772/1778] : ZSCAN4 - 5747 variants...
     -reading in genotypes, computing gene-based tests and building masks...done (10715ms) 
     -computing association tests...done (18ms) 
     -computing joint association tests...done (0ms) 
 set [1773/1778] : ZSCAN5A - 30128 variants...
     -reading in genotypes, computing gene-based tests and building masks...done (80198ms) 
     -computing association tests...done (123ms) 
     -computing joint association tests...done (0ms) 
 set [1774/1778] : ZSCAN5A-AS1 - 10976 variants...
     -reading in genotypes, computing gene-based tests and building masks...done (15258ms) 
     -computing association tests...done (17ms) 
     -computing joint association tests...done (0ms) 
 set [1775/1778] : ZSCAN5B - 6806 variants...
     -reading in genotypes, computing gene-based tests and building masks...done (12256ms) 
     -computing association tests...done (80ms) 
     -computing joint association tests...done (0ms) 
 set [1776/1778] : ZSCAN5C - 8377 variants...
     -reading in genotypes, computing gene-based tests and building masks...done (13483ms) 
     -computing association tests...done (18ms) 
     -computing joint association tests...done (0ms) 
 set [1777/1778] : ZSWIM4 - 23473 variants...
     -reading in genotypes, computing gene-based tests and building masks...done (38577ms) 
     -computing association tests...done (26ms) 
     -computing joint association tests...done (0ms) 
 set [1778/1778] : ZSWIM9 - 23505 variants...
     -reading in genotypes, computing gene-based tests and building masks...done (63761ms) 
     -computing association tests...done (126ms) 
     -computing joint association tests...done (0ms) 

Association results stored separately for each trait in files : 
* [/share/home/lsy_luzhen/WGS_GWAS_and_MR/tmp_ssh_data/GWAS_european/gene_based/testing_results/step2_gb_euro_cin3plus_chr19_CIN3plus.regenie]

Number of tests with Firth correction : 2804
Number of failed tests : (0/2804)
Number of ignored tests due to low MAC : 0

Elapsed time : 55289.1s
End time: Sat Sep  6 11:52:39 2025

--------done
end at:
Sat Sep  6 11:53:34 CST 2025
