start at:
Fri Sep  5 20:30:44 CST 2025
This directory already exists.
regenie version:
v4.1.gz
--------start
Start time: Fri Sep  5 20:30:54 2025

              |===========================|
              |      REGENIE v4.1.gz      |
              |===========================|

Copyright (c) 2020-2024 Joelle Mbatchou, Andrey Ziyatdinov and Jonathan Marchini.
Distributed under the MIT License.
Compiled with Boost Iostream library.
Using Intel MKL with Eigen.

Log of output saved in file : /share/home/lsy_luzhen/WGS_GWAS_and_MR/tmp_ssh_data/GWAS_european/gene_based/testing_results/step2_gb_euro_cin3plus_chr4.log

Options in effect:
  --step 2 \
  --pgen /share/home/lsy_luzhen/WGS_GWAS_and_MR/tmp_ssh_data/GWAS_european/gene_based/EuroPrePCA_ref38_rsID \
  --chr 4 \
  --phenoFile /share/home/lsy_luzhen/WGS_GWAS_and_MR/tmp_ssh_data/GWAS_european/T002_CIN3plus_phenotype.txt \
  --bt \
  --covarFile /share/home/lsy_luzhen/WGS_GWAS_and_MR/tmp_ssh_data/GWAS_european/T002_CIN3plus_covars.txt \
  --catCovarList Smoking_status,Alcohol_intake_frequency,Genotype_measurement_batch \
  --strict \
  --bsize 1000 \
  --firth \
  --approx \
  --threads 16 \
  --pred /share/home/lsy_luzhen/WGS_GWAS_and_MR/tmp_ssh_data/GWAS_european/step1/regenie_step1_euro_cin3plus_pred.list \
  --use-null-firth /share/home/lsy_luzhen/WGS_GWAS_and_MR/tmp_ssh_data/GWAS_european/step1/regenie_step1_euro_cin3plus_firth.list \
  --anno-file /share/home/lsy_luzhen/WGS_GWAS_and_MR/tmp_ssh_data/GWAS_european/gene_based/anno_file_unique_filtered.txt \
  --set-list /share/home/lsy_luzhen/WGS_GWAS_and_MR/tmp_ssh_data/GWAS_european/gene_based/set_list_unique_filtered.txt \
  --mask-def /share/home/lsy_luzhen/WGS_GWAS_and_MR/tmp_ssh_data/GWAS_european/gene_based/mask_file.txt \
  --aaf-bins 0.001,0.01,0.05,0.1 \
  --vc-MACthr 10 \
  --joint acat,sbat \
  --vc-tests skato,acato-full \
  --rgc-gene-p \
  --out /share/home/lsy_luzhen/WGS_GWAS_and_MR/tmp_ssh_data/GWAS_european/gene_based/testing_results/step2_gb_euro_cin3plus_chr4

Association testing mode (joint tests) with fast multithreading using OpenMP
 * pvar             : [/share/home/lsy_luzhen/WGS_GWAS_and_MR/tmp_ssh_data/GWAS_european/gene_based/EuroPrePCA_ref38_rsID.pvar] n_snps = 1400147917
 * psam             : [/share/home/lsy_luzhen/WGS_GWAS_and_MR/tmp_ssh_data/GWAS_european/gene_based/EuroPrePCA_ref38_rsID.psam] n_samples = 202952
 * pgen             : [/share/home/lsy_luzhen/WGS_GWAS_and_MR/tmp_ssh_data/GWAS_european/gene_based/EuroPrePCA_ref38_rsID.pgen] 
 * phenotypes       : [/share/home/lsy_luzhen/WGS_GWAS_and_MR/tmp_ssh_data/GWAS_european/T002_CIN3plus_phenotype.txt] n_pheno = 1
   -dropping observations with missing values at any of the phenotypes
   -number of phenotyped individuals with no missing data = 202952
 * covariates       : [/share/home/lsy_luzhen/WGS_GWAS_and_MR/tmp_ssh_data/GWAS_european/T002_CIN3plus_covars.txt] n_cov = 26
   -number of individuals with covariate data = 202952
 * number of individuals used in analysis = 202952
 * case-control counts for each trait:
   - 'CIN3plus': 5544 cases and 197408 controls
 * LOCO predictions : [/share/home/lsy_luzhen/WGS_GWAS_and_MR/tmp_ssh_data/GWAS_european/step1/regenie_step1_euro_cin3plus_pred.list]
   -file [/share/home/lsy_luzhen/WGS_GWAS_and_MR/tmp_ssh_data/GWAS_european/step1/regenie_step1_euro_cin3plus_1.loco] for phenotype 'CIN3plus'
 * annotations      : [/share/home/lsy_luzhen/WGS_GWAS_and_MR/tmp_ssh_data/GWAS_european/gene_based/anno_file_unique_filtered.txt] 
   +number of annotations categories = 6
 * masks            : [/share/home/lsy_luzhen/WGS_GWAS_and_MR/tmp_ssh_data/GWAS_european/gene_based/mask_file.txt] n_masks = 7
 * aaf cutoffs      : [ 4 : 0.001 0.01 0.05 0.1 ] + singletons
 * set file         : [/share/home/lsy_luzhen/WGS_GWAS_and_MR/tmp_ssh_data/GWAS_european/gene_based/set_list_unique_filtered.txt] n_sets = 1396
WARNING: Detected 33 sets with variants not in genetic data or annotation files.
 * # threads        : [16]
 * # tested sets    : [1396]
 * max block size   : [1000]
 * rule used to build masks : max
 * computing gene-based tests for each set of variants included in a mask (rho=[0,0.01,0.04,0.09,0.16,0.25,0.5,1])
  -variants with MAC <= 10 are collapsed into a mask
  -weights are obtained from Beta(MAF,1,25)
  -list of gene-based tests run: ACATO,ACATV,SKATO,SKATO-ACAT
 * applying ACAT to output overall gene p-value
 * approximate memory usage : 8036GB
 * using minimum MAC of 5 (masks with lower MAC are ignored)
 * using fast Firth correction for logistic/cox regression p-values less than 0.05
 * user specified to test only on select chromosomes
WARNING: Joint SBAT test only for QTs.
 * number of mask groups run through gene-p strategy = 2
 * list of joint tests run on burden masks: ACAT

Chromosome 4 [1396 sets in total]
   -reading loco predictions for the chromosome...done (3268ms) 
   -fitting null logistic regression on binary phenotypes...done (24920ms) 
   -fitting null Firth logistic regression on binary phenotypes...done (2372ms) 
 set [1/1396] : AADAT - 17056 variants...
     -reading in genotypes, computing gene-based tests and building masks...done (21408ms) 
     -computing association tests...done (46ms) 
     -computing joint association tests...done (0ms) 
 set [2/1396] : AARS1P1 - 203 variants...
     -reading in genotypes, computing gene-based tests and building masks...done (311ms) 
     -computing association tests...done (1ms) 
     -computing joint association tests...done (0ms) 
 set [3/1396] : AASDH - 25709 variants...
     -reading in genotypes, computing gene-based tests and building masks...done (28876ms) 
     -computing association tests...done (45ms) 
     -computing joint association tests...done (0ms) 
 set [4/1396] : ABCA11P - 6856 variants...
     -reading in genotypes, computing gene-based tests and building masks...done (14699ms) 
     -computing association tests...done (8ms) 
     -computing joint association tests...done (0ms) 
 set [5/1396] : ABCE1 - 14429 variants...
     -reading in genotypes, computing gene-based tests and building masks...done (9546ms) 
     -computing association tests...done (42ms) 
     -computing joint association tests...done (0ms) 
 set [6/1396] : ABCG2 - 47827 variants...
     -reading in genotypes, computing gene-based tests and building masks...done (51109ms) 
     -computing association tests...done (53ms) 
     -computing joint association tests...done (0ms) 
 set [7/1396] : ABHD18 - 32856 variants...
     -reading in genotypes, computing gene-based tests and building masks...done (25525ms) 
     -computing association tests...done (14ms) 
     -computing joint association tests...done (0ms) 
 set [8/1396] : ABLIM2 - 107855 variants...
     -reading in genotypes, computing gene-based tests and building masks...done (182580ms) 
     -computing association tests...done (17ms) 
     -computing joint association tests...done (0ms) 
 set [9/1396] : ABRAXAS1 - 28228 variants...
     -reading in genotypes, computing gene-based tests and building masks...done (39378ms) 
     -computing association tests...done (10ms) 
     -computing joint association tests...done (0ms) 
 set [10/1396] : ACOX3 - 40269 variants...
     -reading in genotypes, computing gene-based tests and building masks...done (33256ms) 
     -computing association tests...done (14ms) 
     -computing joint association tests...done (0ms) 
 set [11/1396] : ACSL1 - 33848 variants...
     -reading in genotypes, computing gene-based tests and building masks...done (25255ms) 
     -computing association tests...done (14ms) 
     -computing joint association tests...done (0ms) 
 set [12/1396] : ACTN4P1 - 5927 variants...
     -reading in genotypes, computing gene-based tests and building masks...done (3973ms) 
     -computing association tests...done (51ms) 
     -computing joint association tests...done (0ms) 
 set [13/1396] : ACTR6P1 - 433 variants...
     -reading in genotypes, computing gene-based tests and building masks...done (617ms) 
     -computing association tests...done (6ms) 
     -computing joint association tests...done (0ms) 
 set [14/1396] : ADAD1 - 24882 variants...
     -reading in genotypes, computing gene-based tests and building masks...done (17747ms) 
     -computing association tests...done (13ms) 
     -computing joint association tests...done (0ms) 
 set [15/1396] : ADAM20P2 - 2397 variants...
     -reading in genotypes, computing gene-based tests and building masks...done (1878ms) 
     -computing association tests...done (8ms) 
     -computing joint association tests...done (0ms) 
 set [16/1396] : ADAM20P3 - 5118 variants...
     -reading in genotypes, computing gene-based tests and building masks...done (21093ms) 
     -computing association tests...done (8ms) 
     -computing joint association tests...done (0ms) 
 set [17/1396] : ADAM29 - 64818 variants...
     -reading in genotypes, computing gene-based tests and building masks...done (58628ms) 
     -computing association tests...done (52ms) 
     -computing joint association tests...done (0ms) 
 set [18/1396] : ADAMTS3 - 134755 variants...
     -reading in genotypes, computing gene-based tests and building masks...done (292066ms) 
     -computing association tests...done (17ms) 
     -computing joint association tests...done (0ms) 
 set [19/1396] : ADD1 - 36144 variants...
     -reading in genotypes, computing gene-based tests and building masks...done (30841ms) 
     -computing association tests...done (11ms) 
     -computing joint association tests...done (0ms) 
 set [20/1396] : ADGRA3 - 74752 variants...
     -reading in genotypes, computing gene-based tests and building masks...done (70901ms) 
     -computing association tests...done (15ms) 
     -computing joint association tests...done (0ms) 
 set [21/1396] : ADGRL3 - 397694 variants...
     -reading in genotypes, computing gene-based tests and building masks...done (1364203ms) 
     -computing association tests...done (57ms) 
     -computing joint association tests...done (0ms) 
 set [22/1396] : ADGRL3-AS1 - 41013 variants...
     -reading in genotypes, computing gene-based tests and building masks...done (34854ms) 
     -computing association tests...done (13ms) 
     -computing joint association tests...done (0ms) 
 set [23/1396] : ADH1A - 9410 variants...
     -reading in genotypes, computing gene-based tests and building masks...done (6468ms) 
     -computing association tests...done (11ms) 
     -computing joint association tests...done (0ms) 
 set [24/1396] : ADH1B - 11742 variants...
     -reading in genotypes, computing gene-based tests and building masks...done (8712ms) 
     -computing association tests...done (15ms) 
     -computing joint association tests...done (0ms) 
 set [25/1396] : ADH1C - 12286 variants...
     -reading in genotypes, computing gene-based tests and building masks...done (9257ms) 
     -computing association tests...done (12ms) 
     -computing joint association tests...done (0ms) 
 set [26/1396] : ADH4 - 11392 variants...
     -reading in genotypes, computing gene-based tests and building masks...done (21311ms) 
     -computing association tests...done (44ms) 
     -computing joint association tests...done (0ms) 
 set [27/1396] : ADH5 - 11288 variants...
     -reading in genotypes, computing gene-based tests and building masks...done (12026ms) 
     -computing association tests...done (10ms) 
     -computing joint association tests...done (0ms) 
 set [28/1396] : ADH6 - 10105 variants...
     -reading in genotypes, computing gene-based tests and building masks...done (7491ms) 
     -computing association tests...done (10ms) 
     -computing joint association tests...done (0ms) 
 set [29/1396] : ADH7 - 14891 variants...
     -reading in genotypes, computing gene-based tests and building masks...done (10297ms) 
     -computing association tests...done (46ms) 
     -computing joint association tests...done (0ms) 
 set [30/1396] : ADRA2C - 6447 variants...
     -reading in genotypes, computing gene-based tests and building masks...done (5223ms) 
     -computing association tests...done (53ms) 
     -computing joint association tests...done (0ms) 
 set [31/1396] : AFAP1 - 106773 variants...
     -reading in genotypes, computing gene-based tests and building masks...done (139055ms) 
     -computing association tests...done (19ms) 
     -computing joint association tests...done (0ms) 
 set [32/1396] : AFAP1-AS1 - 2448 variants...
     -reading in genotypes, computing gene-based tests and building masks...done (1881ms) 
     -computing association tests...done (9ms) 
     -computing joint association tests...done (0ms) 
 set [33/1396] : AFF1 - 105896 variants...
     -reading in genotypes, computing gene-based tests and building masks...done (148330ms) 
     -computing association tests...done (19ms) 
     -computing joint association tests...done (0ms) 
 set [34/1396] : AFG2A - 161465 variants...
     -reading in genotypes, computing gene-based tests and building masks...done (257601ms) 
     -computing association tests...done (54ms) 
     -computing joint association tests...done (0ms) 
 set [35/1396] : AFM - 13868 variants...
     -reading in genotypes, computing gene-based tests and building masks...done (10555ms) 
     -computing association tests...done (13ms) 
     -computing joint association tests...done (0ms) 
 set [36/1396] : AFP - 14886 variants...
     -reading in genotypes, computing gene-based tests and building masks...done (13278ms) 
     -computing association tests...done (46ms) 
     -computing joint association tests...done (0ms) 
 set [37/1396] : AGA - 9066 variants...
     -reading in genotypes, computing gene-based tests and building masks...done (8415ms) 
     -computing association tests...done (16ms) 
     -computing joint association tests...done (0ms) 
 set [38/1396] : AGA-DT - 104160 variants...
     -reading in genotypes, computing gene-based tests and building masks...done (148381ms) 
     -computing association tests...done (25ms) 
     -computing joint association tests...done (0ms) 
 set [39/1396] : AGGF1P1 - 2687 variants...
     -reading in genotypes, computing gene-based tests and building masks...done (11301ms) 
     -computing association tests...done (9ms) 
     -computing joint association tests...done (0ms) 
 set [40/1396] : AIMP1 - 12880 variants...
     -reading in genotypes, computing gene-based tests and building masks...done (11711ms) 
     -computing association tests...done (11ms) 
     -computing joint association tests...done (0ms) 
 set [41/1396] : AK4P6 - 4606 variants...
     -reading in genotypes, computing gene-based tests and building masks...done (6122ms) 
     -computing association tests...done (9ms) 
     -computing joint association tests...done (0ms) 
 set [42/1396] : ALB - 13200 variants...
     -reading in genotypes, computing gene-based tests and building masks...done (9726ms) 
     -computing association tests...done (48ms) 
     -computing joint association tests...done (0ms) 
 set [43/1396] : ALG1L3P - 4676 variants...
     -reading in genotypes, computing gene-based tests and building masks...done (4083ms) 
     -computing association tests...done (11ms) 
     -computing joint association tests...done (0ms) 
 set [44/1396] : ALG1L7P - 84 variants...
     -reading in genotypes, computing gene-based tests and building masks...done (474ms) 
     -computing association tests...done (3ms) 
     -computing joint association tests...done (0ms) 
 set [45/1396] : ALPK1 - 59730 variants...
     -reading in genotypes, computing gene-based tests and building masks...done (50845ms) 
     -computing association tests...done (13ms) 
     -computing joint association tests...done (0ms) 
 set [46/1396] : AMBN - 10528 variants...
     -reading in genotypes, computing gene-based tests and building masks...done (7732ms) 
     -computing association tests...done (45ms) 
     -computing joint association tests...done (0ms) 
 set [47/1396] : AMTN - 12571 variants...
     -reading in genotypes, computing gene-based tests and building masks...done (25366ms) 
     -computing association tests...done (48ms) 
     -computing joint association tests...done (0ms) 
 set [48/1396] : ANAPC10 - 98841 variants...
     -reading in genotypes, computing gene-based tests and building masks...done (145790ms) 
     -computing association tests...done (17ms) 
     -computing joint association tests...done (0ms) 
 set [49/1396] : ANAPC4 - 18005 variants...
     -reading in genotypes, computing gene-based tests and building masks...done (15663ms) 
     -computing association tests...done (16ms) 
     -computing joint association tests...done (0ms) 
 set [50/1396] : ANK2 - 189300 variants...
     -reading in genotypes, computing gene-based tests and building masks...done (328764ms) 
     -computing association tests...done (57ms) 
     -computing joint association tests...done (0ms) 
 set [51/1396] : ANK2-AS1 - 27759 variants...
     -reading in genotypes, computing gene-based tests and building masks...done (24596ms) 
     -computing association tests...done (12ms) 
     -computing joint association tests...done (0ms) 
 set [52/1396] : ANKRD17 - 85380 variants...
     -reading in genotypes, computing gene-based tests and building masks...done (112045ms) 
     -computing association tests...done (17ms) 
     -computing joint association tests...done (0ms) 
 set [53/1396] : ANKRD17-DT - 42157 variants...
     -reading in genotypes, computing gene-based tests and building masks...done (44634ms) 
     -computing association tests...done (51ms) 
     -computing joint association tests...done (0ms) 
 set [54/1396] : ANKRD20A17P - 3632 variants...
     -reading in genotypes, computing gene-based tests and building masks...done (10495ms) 
     -computing association tests...done (48ms) 
     -computing joint association tests...done (0ms) 
 set [55/1396] : ANKRD37 - 6458 variants...
     -reading in genotypes, computing gene-based tests and building masks...done (5789ms) 
     -computing association tests...done (18ms) 
     -computing joint association tests...done (0ms) 
 set [56/1396] : ANKRD50 - 24472 variants...
     -reading in genotypes, computing gene-based tests and building masks...done (21316ms) 
     -computing association tests...done (48ms) 
     -computing joint association tests...done (0ms) 
 set [57/1396] : ANTXR2 - 105284 variants...
     -reading in genotypes, computing gene-based tests and building masks...done (254904ms) 
     -computing association tests...done (58ms) 
     -computing joint association tests...done (0ms) 
 set [58/1396] : ANXA10 - 49592 variants...
     -reading in genotypes, computing gene-based tests and building masks...done (115166ms) 
     -computing association tests...done (54ms) 
     -computing joint association tests...done (0ms) 
 set [59/1396] : ANXA3 - 27774 variants...
     -reading in genotypes, computing gene-based tests and building masks...done (27351ms) 
     -computing association tests...done (12ms) 
     -computing joint association tests...done (0ms) 
 set [60/1396] : ANXA5 - 15735 variants...
     -reading in genotypes, computing gene-based tests and building masks...done (18762ms) 
     -computing association tests...done (12ms) 
     -computing joint association tests...done (0ms) 
 set [61/1396] : AP1AR - 18104 variants...
     -reading in genotypes, computing gene-based tests and building masks...done (18904ms) 
     -computing association tests...done (13ms) 
     -computing joint association tests...done (0ms) 
 set [62/1396] : AP1AR-DT - 886 variants...
     -reading in genotypes, computing gene-based tests and building masks...done (919ms) 
     -computing association tests...done (3ms) 
     -computing joint association tests...done (0ms) 
 set [63/1396] : APBB2 - 170228 variants...
     -reading in genotypes, computing gene-based tests and building masks...done (276091ms) 
     -computing association tests...done (27ms) 
     -computing joint association tests...done (0ms) 
 set [64/1396] : APELA - 14267 variants...
     -reading in genotypes, computing gene-based tests and building masks...done (20864ms) 
     -computing association tests...done (50ms) 
     -computing joint association tests...done (0ms) 
 set [65/1396] : APOOP4 - 407 variants...
     -reading in genotypes, computing gene-based tests and building masks...done (1811ms) 
     -computing association tests...done (1ms) 
     -computing joint association tests...done (0ms) 
 set [66/1396] : ARAP2 - 129246 variants...
     -reading in genotypes, computing gene-based tests and building masks...done (147135ms) 
     -computing association tests...done (67ms) 
     -computing joint association tests...done (0ms) 
 set [67/1396] : AREG - 8324 variants...
     -reading in genotypes, computing gene-based tests and building masks...done (7151ms) 
     -computing association tests...done (18ms) 
     -computing joint association tests...done (0ms) 
 set [68/1396] : ARFIP1 - 62102 variants...
     -reading in genotypes, computing gene-based tests and building masks...done (67763ms) 
     -computing association tests...done (15ms) 
     -computing joint association tests...done (0ms) 
 set [69/1396] : ARHGAP10 - 155049 variants...
     -reading in genotypes, computing gene-based tests and building masks...done (276287ms) 
     -computing association tests...done (18ms) 
     -computing joint association tests...done (0ms) 
 set [70/1396] : ARHGAP24 - 225028 variants...
     -reading in genotypes, computing gene-based tests and building masks...done (413677ms) 
     -computing association tests...done (17ms) 
     -computing joint association tests...done (0ms) 
 set [71/1396] : ARHGEF38 - 58566 variants...
     -reading in genotypes, computing gene-based tests and building masks...done (60593ms) 
     -computing association tests...done (14ms) 
     -computing joint association tests...done (0ms) 
 set [72/1396] : ARL9 - 9897 variants...
     -reading in genotypes, computing gene-based tests and building masks...done (8095ms) 
     -computing association tests...done (11ms) 
     -computing joint association tests...done (0ms) 
 set [73/1396] : ARPC1AP4 - 4882 variants...
     -reading in genotypes, computing gene-based tests and building masks...done (4342ms) 
     -computing association tests...done (10ms) 
     -computing joint association tests...done (0ms) 
 set [74/1396] : ARSJ - 34682 variants...
     -reading in genotypes, computing gene-based tests and building masks...done (33344ms) 
     -computing association tests...done (13ms) 
     -computing joint association tests...done (0ms) 
 set [75/1396] : ART3 - 26892 variants...
     -reading in genotypes, computing gene-based tests and building masks...done (22605ms) 
     -computing association tests...done (12ms) 
     -computing joint association tests...done (0ms) 
 set [76/1396] : ASB5 - 36238 variants...
     -reading in genotypes, computing gene-based tests and building masks...done (101196ms) 
     -computing association tests...done (16ms) 
     -computing joint association tests...done (0ms) 
 set [77/1396] : ASIC5 - 20137 variants...
     -reading in genotypes, computing gene-based tests and building masks...done (23563ms) 
     -computing association tests...done (51ms) 
     -computing joint association tests...done (0ms) 
 set [78/1396] : ASS1P8 - 308 variants...
     -reading in genotypes, computing gene-based tests and building masks...done (5596ms) 
     -computing association tests...done (3ms) 
     -computing joint association tests...done (0ms) 
 set [79/1396] : ATOH1 - 5820 variants...
     -reading in genotypes, computing gene-based tests and building masks...done (8128ms) 
     -computing association tests...done (9ms) 
     -computing joint association tests...done (0ms) 
 set [80/1396] : ATP10D - 43683 variants...
     -reading in genotypes, computing gene-based tests and building masks...done (34916ms) 
     -computing association tests...done (14ms) 
     -computing joint association tests...done (0ms) 
 set [81/1396] : ATP5F1EP1 - 1438 variants...
     -reading in genotypes, computing gene-based tests and building masks...done (3155ms) 
     -computing association tests...done (7ms) 
     -computing joint association tests...done (0ms) 
 set [82/1396] : ATP5ME - 3784 variants...
     -reading in genotypes, computing gene-based tests and building masks...done (7335ms) 
     -computing association tests...done (10ms) 
     -computing joint association tests...done (0ms) 
 set [83/1396] : ATP5MGP4 - 116 variants...
     -reading in genotypes, computing gene-based tests and building masks...done (444ms) 
     -computing association tests...done (0ms) 
     -computing joint association tests...done (0ms) 
 set [84/1396] : ATP8A1 - 105950 variants...
     -reading in genotypes, computing gene-based tests and building masks...done (128096ms) 
     -computing association tests...done (57ms) 
     -computing joint association tests...done (0ms) 
 set [85/1396] : ATP8A1-DT - 12957 variants...
     -reading in genotypes, computing gene-based tests and building masks...done (7988ms) 
     -computing association tests...done (21ms) 
     -computing joint association tests...done (0ms) 
 set [86/1396] : BANK1 - 274798 variants...
     -reading in genotypes, computing gene-based tests and building masks...done (588599ms) 
     -computing association tests...done (55ms) 
     -computing joint association tests...done (0ms) 
 set [87/1396] : BBS12 - 8312 variants...
     -reading in genotypes, computing gene-based tests and building masks...done (5548ms) 
     -computing association tests...done (10ms) 
     -computing joint association tests...done (0ms) 
 set [88/1396] : BBS7 - 18521 variants...
     -reading in genotypes, computing gene-based tests and building masks...done (15191ms) 
     -computing association tests...done (56ms) 
     -computing joint association tests...done (0ms) 
 set [89/1396] : BDH2 - 11863 variants...
     -reading in genotypes, computing gene-based tests and building masks...done (13978ms) 
     -computing association tests...done (11ms) 
     -computing joint association tests...done (0ms) 
 set [90/1396] : BEND4 - 23938 variants...
     -reading in genotypes, computing gene-based tests and building masks...done (18789ms) 
     -computing association tests...done (11ms) 
     -computing joint association tests...done (0ms) 
 set [91/1396] : BIN2P1 - 594 variants...
     -reading in genotypes, computing gene-based tests and building masks...done (751ms) 
     -computing association tests...done (6ms) 
     -computing joint association tests...done (0ms) 
 set [92/1396] : BLOC1S4 - 4122 variants...
     -reading in genotypes, computing gene-based tests and building masks...done (11706ms) 
     -computing association tests...done (10ms) 
     -computing joint association tests...done (0ms) 
 set [93/1396] : BLTP1 - 84526 variants...
     -reading in genotypes, computing gene-based tests and building masks...done (79964ms) 
     -computing association tests...done (19ms) 
     -computing joint association tests...done (0ms) 
 set [94/1396] : BMP2K - 57987 variants...
     -reading in genotypes, computing gene-based tests and building masks...done (49368ms) 
     -computing association tests...done (18ms) 
     -computing joint association tests...done (0ms) 
 set [95/1396] : BMP2K-DT - 715 variants...
     -reading in genotypes, computing gene-based tests and building masks...done (812ms) 
     -computing association tests...done (7ms) 
     -computing joint association tests...done (0ms) 
 set [96/1396] : BMP3 - 14824 variants...
     -reading in genotypes, computing gene-based tests and building masks...done (10810ms) 
     -computing association tests...done (13ms) 
     -computing joint association tests...done (0ms) 
 set [97/1396] : BMPR1B - 176985 variants...
     -reading in genotypes, computing gene-based tests and building masks...done (283037ms) 
     -computing association tests...done (16ms) 
     -computing joint association tests...done (0ms) 
 set [98/1396] : BMPR1B-DT - 5447 variants...
     -reading in genotypes, computing gene-based tests and building masks...done (3661ms) 
     -computing association tests...done (9ms) 
     -computing joint association tests...done (0ms) 
 set [99/1396] : BOD1L1 - 27282 variants...
     -reading in genotypes, computing gene-based tests and building masks...done (18726ms) 
     -computing association tests...done (14ms) 
     -computing joint association tests...done (0ms) 
 set [100/1396] : BST1 - 19444 variants...
     -reading in genotypes, computing gene-based tests and building masks...done (14590ms) 
     -computing association tests...done (65ms) 
     -computing joint association tests...done (0ms) 
 set [101/1396] : BTC - 25503 variants...
     -reading in genotypes, computing gene-based tests and building masks...done (20699ms) 
     -computing association tests...done (13ms) 
     -computing joint association tests...done (0ms) 
 set [102/1396] : BTF3P13 - 4367 variants...
     -reading in genotypes, computing gene-based tests and building masks...done (2888ms) 
     -computing association tests...done (10ms) 
     -computing joint association tests...done (0ms) 
 set [103/1396] : C18orf21P1 - 3511 variants...
     -reading in genotypes, computing gene-based tests and building masks...done (5555ms) 
     -computing association tests...done (11ms) 
     -computing joint association tests...done (0ms) 
 set [104/1396] : C1QTNF7 - 11446 variants...
     -reading in genotypes, computing gene-based tests and building masks...done (8585ms) 
     -computing association tests...done (19ms) 
     -computing joint association tests...done (0ms) 
 set [105/1396] : C1QTNF7-AS1 - 158621 variants...
     -reading in genotypes, computing gene-based tests and building masks...done (243711ms) 
     -computing association tests...done (15ms) 
     -computing joint association tests...done (0ms) 
 set [106/1396] : C4orf17 - 15496 variants...
     -reading in genotypes, computing gene-based tests and building masks...done (12602ms) 
     -computing association tests...done (36ms) 
     -computing joint association tests...done (0ms) 
 set [107/1396] : C4orf19 - 68362 variants...
     -reading in genotypes, computing gene-based tests and building masks...done (93912ms) 
     -computing association tests...done (52ms) 
     -computing joint association tests...done (0ms) 
 set [108/1396] : C4orf33 - 9652 variants...
     -reading in genotypes, computing gene-based tests and building masks...done (8655ms) 
     -computing association tests...done (45ms) 
     -computing joint association tests...done (0ms) 
 set [109/1396] : C4orf3 - 5314 variants...
     -reading in genotypes, computing gene-based tests and building masks...done (4919ms) 
     -computing association tests...done (11ms) 
     -computing joint association tests...done (0ms) 
 set [110/1396] : C4orf36 - 11319 variants...
     -reading in genotypes, computing gene-based tests and building masks...done (10833ms) 
     -computing association tests...done (48ms) 
     -computing joint association tests...done (0ms) 
 set [111/1396] : C4orf46 - 4558 variants...
     -reading in genotypes, computing gene-based tests and building masks...done (4887ms) 
     -computing association tests...done (9ms) 
     -computing joint association tests...done (0ms) 
 set [112/1396] : C4orf50 - 57205 variants...
     -reading in genotypes, computing gene-based tests and building masks...done (66083ms) 
     -computing association tests...done (57ms) 
     -computing joint association tests...done (0ms) 
 set [113/1396] : C4orf51 - 34210 variants...
     -reading in genotypes, computing gene-based tests and building masks...done (38257ms) 
     -computing association tests...done (54ms) 
     -computing joint association tests...done (0ms) 
 set [114/1396] : C4orf54 - 12943 variants...
     -reading in genotypes, computing gene-based tests and building masks...done (8881ms) 
     -computing association tests...done (14ms) 
     -computing joint association tests...done (0ms) 
 set [115/1396] : C9orf78P2 - 345 variants...
     -reading in genotypes, computing gene-based tests and building masks...done (2771ms) 
     -computing association tests...done (51ms) 
     -computing joint association tests...done (0ms) 
 set [116/1396] : CABS1 - 9493 variants...
     -reading in genotypes, computing gene-based tests and building masks...done (24183ms) 
     -computing association tests...done (9ms) 
     -computing joint association tests...done (0ms) 
 set [117/1396] : CAMK2D - 124646 variants...
     -reading in genotypes, computing gene-based tests and building masks...done (142024ms) 
     -computing association tests...done (18ms) 
     -computing joint association tests...done (0ms) 
 set [118/1396] : CASP3 - 13939 variants...
     -reading in genotypes, computing gene-based tests and building masks...done (11626ms) 
     -computing association tests...done (11ms) 
     -computing joint association tests...done (0ms) 
 set [119/1396] : CASP6 - 10452 variants...
     -reading in genotypes, computing gene-based tests and building masks...done (14779ms) 
     -computing association tests...done (54ms) 
     -computing joint association tests...done (0ms) 
 set [120/1396] : CBR4 - 32974 variants...
     -reading in genotypes, computing gene-based tests and building masks...done (29048ms) 
     -computing association tests...done (46ms) 
     -computing joint association tests...done (0ms) 
 set [121/1396] : CBR4-DT - 623 variants...
     -reading in genotypes, computing gene-based tests and building masks...done (680ms) 
     -computing association tests...done (9ms) 
     -computing joint association tests...done (0ms) 
 set [122/1396] : CC2D2A - 50086 variants...
     -reading in genotypes, computing gene-based tests and building masks...done (42683ms) 
     -computing association tests...done (50ms) 
     -computing joint association tests...done (0ms) 
 set [123/1396] : CCDC110 - 10044 variants...
     -reading in genotypes, computing gene-based tests and building masks...done (11682ms) 
     -computing association tests...done (10ms) 
     -computing joint association tests...done (0ms) 
 set [124/1396] : CCDC149 - 68170 variants...
     -reading in genotypes, computing gene-based tests and building masks...done (67913ms) 
     -computing association tests...done (15ms) 
     -computing joint association tests...done (0ms) 
 set [125/1396] : CCDC158 - 45942 variants...
     -reading in genotypes, computing gene-based tests and building masks...done (56805ms) 
     -computing association tests...done (46ms) 
     -computing joint association tests...done (0ms) 
 set [126/1396] : CCDC34P1 - 196 variants...
     -reading in genotypes, computing gene-based tests and building masks...done (359ms) 
     -computing association tests...done (1ms) 
     -computing joint association tests...done (0ms) 
 set [127/1396] : CCKAR - 9452 variants...
     -reading in genotypes, computing gene-based tests and building masks...done (9919ms) 
     -computing association tests...done (19ms) 
     -computing joint association tests...done (0ms) 
 set [128/1396] : CCNA2 - 2996 variants...
     -reading in genotypes, computing gene-based tests and building masks...done (4581ms) 
     -computing association tests...done (57ms) 
     -computing joint association tests...done (0ms) 
 set [129/1396] : CCNG2 - 100786 variants...
     -reading in genotypes, computing gene-based tests and building masks...done (97659ms) 
     -computing association tests...done (17ms) 
     -computing joint association tests...done (0ms) 
 set [130/1396] : CCNI - 18195 variants...
     -reading in genotypes, computing gene-based tests and building masks...done (21742ms) 
     -computing association tests...done (11ms) 
     -computing joint association tests...done (0ms) 
 set [131/1396] : CCSER1 - 664743 variants...
     -reading in genotypes, computing gene-based tests and building masks...done (4553314ms) 
     -computing association tests...done (18ms) 
     -computing joint association tests...done (16ms) 
 set [132/1396] : CD38 - 40533 variants...
     -reading in genotypes, computing gene-based tests and building masks...done (46671ms) 
     -computing association tests...done (16ms) 
     -computing joint association tests...done (15ms) 
 set [133/1396] : CDC42P4 - 1300 variants...
     -reading in genotypes, computing gene-based tests and building masks...done (5644ms) 
     -computing association tests...done (6ms) 
     -computing joint association tests...done (0ms) 
 set [134/1396] : CDKL2 - 27531 variants...
     -reading in genotypes, computing gene-based tests and building masks...done (25123ms) 
     -computing association tests...done (15ms) 
     -computing joint association tests...done (31ms) 
 set [135/1396] : CDKN2AIP - 6686 variants...
     -reading in genotypes, computing gene-based tests and building masks...done (6662ms) 
     -computing association tests...done (16ms) 
     -computing joint association tests...done (0ms) 
 set [136/1396] : CDRT15P11 - 2582 variants...
     -reading in genotypes, computing gene-based tests and building masks...done (2492ms) 
     -computing association tests...done (11ms) 
     -computing joint association tests...done (0ms) 
 set [137/1396] : CDS1 - 31810 variants...
     -reading in genotypes, computing gene-based tests and building masks...done (29770ms) 
     -computing association tests...done (11ms) 
     -computing joint association tests...done (0ms) 
 set [138/1396] : CENPC - 35942 variants...
     -reading in genotypes, computing gene-based tests and building masks...done (34441ms) 
     -computing association tests...done (58ms) 
     -computing joint association tests...done (0ms) 
 set [139/1396] : CENPE - 40713 variants...
     -reading in genotypes, computing gene-based tests and building masks...done (47667ms) 
     -computing association tests...done (54ms) 
     -computing joint association tests...done (0ms) 
 set [140/1396] : CENPU - 21322 variants...
     -reading in genotypes, computing gene-based tests and building masks...done (19986ms) 
     -computing association tests...done (10ms) 
     -computing joint association tests...done (0ms) 
 set [141/1396] : CEP135 - 35896 variants...
     -reading in genotypes, computing gene-based tests and building masks...done (34141ms) 
     -computing association tests...done (15ms) 
     -computing joint association tests...done (0ms) 
 set [142/1396] : CEP170P1 - 37214 variants...
     -reading in genotypes, computing gene-based tests and building masks...done (39242ms) 
     -computing association tests...done (12ms) 
     -computing joint association tests...done (0ms) 
 set [143/1396] : CEP44 - 23098 variants...
     -reading in genotypes, computing gene-based tests and building masks...done (26349ms) 
     -computing association tests...done (11ms) 
     -computing joint association tests...done (0ms) 
 set [144/1396] : CFAP184 - 1026 variants...
     -reading in genotypes, computing gene-based tests and building masks...done (929ms) 
     -computing association tests...done (3ms) 
     -computing joint association tests...done (0ms) 
 set [145/1396] : CFAP299 - 274055 variants...
     -reading in genotypes, computing gene-based tests and building masks...done (675407ms) 
     -computing association tests...done (17ms) 
     -computing joint association tests...done (0ms) 
 set [146/1396] : CFAP96 - 15826 variants...
     -reading in genotypes, computing gene-based tests and building masks...done (13382ms) 
     -computing association tests...done (12ms) 
     -computing joint association tests...done (0ms) 
 set [147/1396] : CFAP97 - 23576 variants...
     -reading in genotypes, computing gene-based tests and building masks...done (19771ms) 
     -computing association tests...done (52ms) 
     -computing joint association tests...done (0ms) 
 set [148/1396] : CFAP99 - 24601 variants...
     -reading in genotypes, computing gene-based tests and building masks...done (19561ms) 
     -computing association tests...done (48ms) 
     -computing joint association tests...done (0ms) 
 set [149/1396] : CFI - 34494 variants...
     -reading in genotypes, computing gene-based tests and building masks...done (48125ms) 
     -computing association tests...done (14ms) 
     -computing joint association tests...done (0ms) 
 set [150/1396] : CHAER1 - 505 variants...
     -reading in genotypes, computing gene-based tests and building masks...done (10665ms) 
     -computing association tests...done (7ms) 
     -computing joint association tests...done (0ms) 
 set [151/1396] : CHCHD2P7 - 159 variants...
     -reading in genotypes, computing gene-based tests and building masks...done (308ms) 
     -computing association tests...done (2ms) 
     -computing joint association tests...done (0ms) 
 set [152/1396] : CHIC2 - 33117 variants...
     -reading in genotypes, computing gene-based tests and building masks...done (27771ms) 
     -computing association tests...done (53ms) 
     -computing joint association tests...done (0ms) 
 set [153/1396] : CHORDC1P3 - 4379 variants...
     -reading in genotypes, computing gene-based tests and building masks...done (4379ms) 
     -computing association tests...done (11ms) 
     -computing joint association tests...done (0ms) 
 set [154/1396] : CHRNA9 - 12823 variants...
     -reading in genotypes, computing gene-based tests and building masks...done (15458ms) 
     -computing association tests...done (50ms) 
     -computing joint association tests...done (0ms) 
 set [155/1396] : CIBAR1P2 - 2068 variants...
     -reading in genotypes, computing gene-based tests and building masks...done (2058ms) 
     -computing association tests...done (47ms) 
     -computing joint association tests...done (0ms) 
 set [156/1396] : CICP16 - 1615 variants...
     -reading in genotypes, computing gene-based tests and building masks...done (6799ms) 
     -computing association tests...done (40ms) 
     -computing joint association tests...done (0ms) 
 set [157/1396] : CIR1P2 - 4503 variants...
     -reading in genotypes, computing gene-based tests and building masks...done (2901ms) 
     -computing association tests...done (45ms) 
     -computing joint association tests...done (0ms) 
 set [158/1396] : CISD2 - 12664 variants...
     -reading in genotypes, computing gene-based tests and building masks...done (11404ms) 
     -computing association tests...done (11ms) 
     -computing joint association tests...done (0ms) 
 set [159/1396] : CLCN3 - 42026 variants...
     -reading in genotypes, computing gene-based tests and building masks...done (43162ms) 
     -computing association tests...done (47ms) 
     -computing joint association tests...done (0ms) 
 set [160/1396] : CLDN24 - 659 variants...
     -reading in genotypes, computing gene-based tests and building masks...done (5903ms) 
     -computing association tests...done (1ms) 
     -computing joint association tests...done (0ms) 
 set [161/1396] : CLGN - 20027 variants...
     -reading in genotypes, computing gene-based tests and building masks...done (19309ms) 
     -computing association tests...done (50ms) 
     -computing joint association tests...done (0ms) 
 set [162/1396] : CLNK - 101543 variants...
     -reading in genotypes, computing gene-based tests and building masks...done (117718ms) 
     -computing association tests...done (18ms) 
     -computing joint association tests...done (0ms) 
 set [163/1396] : CLOCK - 54169 variants...
     -reading in genotypes, computing gene-based tests and building masks...done (50129ms) 
     -computing association tests...done (16ms) 
     -computing joint association tests...done (0ms) 
 set [164/1396] : CLRN2 - 6770 variants...
     -reading in genotypes, computing gene-based tests and building masks...done (5136ms) 
     -computing association tests...done (9ms) 
     -computing joint association tests...done (0ms) 
 set [165/1396] : CLUHP4 - 912 variants...
     -reading in genotypes, computing gene-based tests and building masks...done (1851ms) 
     -computing association tests...done (17ms) 
     -computing joint association tests...done (0ms) 
 set [166/1396] : CNGA1 - 31004 variants...
     -reading in genotypes, computing gene-based tests and building masks...done (26763ms) 
     -computing association tests...done (14ms) 
     -computing joint association tests...done (0ms) 
 set [167/1396] : CNOT6L - 50568 variants...
     -reading in genotypes, computing gene-based tests and building masks...done (47099ms) 
     -computing association tests...done (14ms) 
     -computing joint association tests...done (0ms) 
 set [168/1396] : COL25A1 - 201725 variants...
     -reading in genotypes, computing gene-based tests and building masks...done (400475ms) 
     -computing association tests...done (72ms) 
     -computing joint association tests...done (0ms) 
 set [169/1396] : COL25A1-DT - 4937 variants...
     -reading in genotypes, computing gene-based tests and building masks...done (4396ms) 
     -computing association tests...done (14ms) 
     -computing joint association tests...done (2ms) 
 set [170/1396] : COMMD8 - 9168 variants...
     -reading in genotypes, computing gene-based tests and building masks...done (9046ms) 
     -computing association tests...done (45ms) 
     -computing joint association tests...done (3ms) 
 set [171/1396] : COPS3P1 - 995 variants...
     -reading in genotypes, computing gene-based tests and building masks...done (5161ms) 
     -computing association tests...done (50ms) 
     -computing joint association tests...done (0ms) 
 set [172/1396] : COPS4 - 20712 variants...
     -reading in genotypes, computing gene-based tests and building masks...done (27260ms) 
     -computing association tests...done (55ms) 
     -computing joint association tests...done (0ms) 
 set [173/1396] : COQ2 - 12078 variants...
     -reading in genotypes, computing gene-based tests and building masks...done (11560ms) 
     -computing association tests...done (10ms) 
     -computing joint association tests...done (0ms) 
 set [174/1396] : CORIN - 93575 variants...
     -reading in genotypes, computing gene-based tests and building masks...done (95256ms) 
     -computing association tests...done (16ms) 
     -computing joint association tests...done (0ms) 
 set [175/1396] : COX18 - 13676 variants...
     -reading in genotypes, computing gene-based tests and building masks...done (15229ms) 
     -computing association tests...done (11ms) 
     -computing joint association tests...done (0ms) 
 set [176/1396] : COX5BP1 - 3781 variants...
     -reading in genotypes, computing gene-based tests and building masks...done (6598ms) 
     -computing association tests...done (10ms) 
     -computing joint association tests...done (0ms) 
 set [177/1396] : COX7A2P2 - 4767 variants...
     -reading in genotypes, computing gene-based tests and building masks...done (5407ms) 
     -computing association tests...done (51ms) 
     -computing joint association tests...done (16ms) 
 set [178/1396] : COX7B2 - 85353 variants...
     -reading in genotypes, computing gene-based tests and building masks...done (81452ms) 
     -computing association tests...done (15ms) 
     -computing joint association tests...done (18ms) 
 set [179/1396] : CPE - 59511 variants...
     -reading in genotypes, computing gene-based tests and building masks...done (63711ms) 
     -computing association tests...done (15ms) 
     -computing joint association tests...done (17ms) 
 set [180/1396] : CPEB2 - 32628 variants...
     -reading in genotypes, computing gene-based tests and building masks...done (23842ms) 
     -computing association tests...done (11ms) 
     -computing joint association tests...done (2ms) 
 set [181/1396] : CPEB2-DT - 56188 variants...
     -reading in genotypes, computing gene-based tests and building masks...done (268503ms) 
     -computing association tests...done (16ms) 
     -computing joint association tests...done (0ms) 
 set [182/1396] : CPLX1 - 34412 variants...
     -reading in genotypes, computing gene-based tests and building masks...done (85952ms) 
     -computing association tests...done (16ms) 
     -computing joint association tests...done (0ms) 
 set [183/1396] : CPZ - 22388 variants...
     -reading in genotypes, computing gene-based tests and building masks...done (22424ms) 
     -computing association tests...done (51ms) 
     -computing joint association tests...done (0ms) 
 set [184/1396] : CRACD - 115339 variants...
     -reading in genotypes, computing gene-based tests and building masks...done (143636ms) 
     -computing association tests...done (17ms) 
     -computing joint association tests...done (0ms) 
 set [185/1396] : CRMP1 - 39994 variants...
     -reading in genotypes, computing gene-based tests and building masks...done (35244ms) 
     -computing association tests...done (13ms) 
     -computing joint association tests...done (0ms) 
 set [186/1396] : CSN1S1 - 10703 variants...
     -reading in genotypes, computing gene-based tests and building masks...done (6922ms) 
     -computing association tests...done (60ms) 
     -computing joint association tests...done (0ms) 
 set [187/1396] : CSN1S2AP - 12436 variants...
     -reading in genotypes, computing gene-based tests and building masks...done (9175ms) 
     -computing association tests...done (50ms) 
     -computing joint association tests...done (0ms) 
 set [188/1396] : CSN2 - 9237 variants...
     -reading in genotypes, computing gene-based tests and building masks...done (6430ms) 
     -computing association tests...done (8ms) 
     -computing joint association tests...done (0ms) 
 set [189/1396] : CSN3 - 8333 variants...
     -reading in genotypes, computing gene-based tests and building masks...done (6512ms) 
     -computing association tests...done (9ms) 
     -computing joint association tests...done (0ms) 
 set [190/1396] : CTBP1 - 28406 variants...
     -reading in genotypes, computing gene-based tests and building masks...done (29712ms) 
     -computing association tests...done (20ms) 
     -computing joint association tests...done (0ms) 
 set [191/1396] : CTBP1-AS - 662 variants...
     -reading in genotypes, computing gene-based tests and building masks...done (662ms) 
     -computing association tests...done (43ms) 
     -computing joint association tests...done (0ms) 
 set [192/1396] : CTBP1-DT - 15551 variants...
     -reading in genotypes, computing gene-based tests and building masks...done (13160ms) 
     -computing association tests...done (9ms) 
     -computing joint association tests...done (0ms) 
 set [193/1396] : CTSO - 13850 variants...
     -reading in genotypes, computing gene-based tests and building masks...done (23531ms) 
     -computing association tests...done (10ms) 
     -computing joint association tests...done (0ms) 
 set [194/1396] : CUL4AP1 - 7114 variants...
     -reading in genotypes, computing gene-based tests and building masks...done (5347ms) 
     -computing association tests...done (9ms) 
     -computing joint association tests...done (0ms) 
 set [195/1396] : CWH43 - 40849 variants...
     -reading in genotypes, computing gene-based tests and building masks...done (36972ms) 
     -computing association tests...done (18ms) 
     -computing joint association tests...done (0ms) 
 set [196/1396] : CXCL10 - 11148 variants...
     -reading in genotypes, computing gene-based tests and building masks...done (11392ms) 
     -computing association tests...done (19ms) 
     -computing joint association tests...done (0ms) 
 set [197/1396] : CXCL11 - 6893 variants...
     -reading in genotypes, computing gene-based tests and building masks...done (6165ms) 
     -computing association tests...done (52ms) 
     -computing joint association tests...done (0ms) 
 set [198/1396] : CXCL13 - 57393 variants...
     -reading in genotypes, computing gene-based tests and building masks...done (45366ms) 
     -computing association tests...done (13ms) 
     -computing joint association tests...done (0ms) 
 set [199/1396] : CXCL1 - 6462 variants...
     -reading in genotypes, computing gene-based tests and building masks...done (9167ms) 
     -computing association tests...done (19ms) 
     -computing joint association tests...done (0ms) 
 set [200/1396] : CXCL1P1 - 2162 variants...
     -reading in genotypes, computing gene-based tests and building masks...done (1562ms) 
     -computing association tests...done (8ms) 
     -computing joint association tests...done (0ms) 
 set [201/1396] : CXCL2 - 5228 variants...
     -reading in genotypes, computing gene-based tests and building masks...done (5383ms) 
     -computing association tests...done (11ms) 
     -computing joint association tests...done (0ms) 
 set [202/1396] : CXCL3 - 4917 variants...
     -reading in genotypes, computing gene-based tests and building masks...done (3789ms) 
     -computing association tests...done (10ms) 
     -computing joint association tests...done (0ms) 
 set [203/1396] : CXCL5 - 4593 variants...
     -reading in genotypes, computing gene-based tests and building masks...done (4129ms) 
     -computing association tests...done (56ms) 
     -computing joint association tests...done (0ms) 
 set [204/1396] : CXCL6 - 6117 variants...
     -reading in genotypes, computing gene-based tests and building masks...done (6165ms) 
     -computing association tests...done (44ms) 
     -computing joint association tests...done (0ms) 
 set [205/1396] : CXCL8 - 7878 variants...
     -reading in genotypes, computing gene-based tests and building masks...done (10337ms) 
     -computing association tests...done (9ms) 
     -computing joint association tests...done (0ms) 
 set [206/1396] : CXCL9 - 6242 variants...
     -reading in genotypes, computing gene-based tests and building masks...done (5469ms) 
     -computing association tests...done (47ms) 
     -computing joint association tests...done (0ms) 
 set [207/1396] : CXXC4 - 15391 variants...
     -reading in genotypes, computing gene-based tests and building masks...done (11222ms) 
     -computing association tests...done (11ms) 
     -computing joint association tests...done (0ms) 
 set [208/1396] : CXXC4-AS1 - 94961 variants...
     -reading in genotypes, computing gene-based tests and building masks...done (97053ms) 
     -computing association tests...done (54ms) 
     -computing joint association tests...done (0ms) 
 set [209/1396] : CYP2U1 - 12889 variants...
     -reading in genotypes, computing gene-based tests and building masks...done (12354ms) 
     -computing association tests...done (11ms) 
     -computing joint association tests...done (0ms) 
 set [210/1396] : CYP2U1-AS1 - 13023 variants...
     -reading in genotypes, computing gene-based tests and building masks...done (10822ms) 
     -computing association tests...done (10ms) 
     -computing joint association tests...done (0ms) 
 set [211/1396] : CYP4V2 - 14330 variants...
     -reading in genotypes, computing gene-based tests and building masks...done (15464ms) 
     -computing association tests...done (66ms) 
     -computing joint association tests...done (0ms) 
 set [212/1396] : CYTL1 - 6481 variants...
     -reading in genotypes, computing gene-based tests and building masks...done (13293ms) 
     -computing association tests...done (49ms) 
     -computing joint association tests...done (0ms) 
 set [213/1396] : DANCR - 7627 variants...
     -reading in genotypes, computing gene-based tests and building masks...done (7155ms) 
     -computing association tests...done (10ms) 
     -computing joint association tests...done (0ms) 
 set [214/1396] : DAPP1 - 25501 variants...
     -reading in genotypes, computing gene-based tests and building masks...done (26563ms) 
     -computing association tests...done (51ms) 
     -computing joint association tests...done (0ms) 
 set [215/1396] : DBET - 8331 variants...
     -reading in genotypes, computing gene-based tests and building masks...done (27285ms) 
     -computing association tests...done (11ms) 
     -computing joint association tests...done (0ms) 
 set [216/1396] : DCAF16 - 4277 variants...
     -reading in genotypes, computing gene-based tests and building masks...done (9245ms) 
     -computing association tests...done (12ms) 
     -computing joint association tests...done (0ms) 
 set [217/1396] : DCAF4L1 - 3738 variants...
     -reading in genotypes, computing gene-based tests and building masks...done (4942ms) 
     -computing association tests...done (18ms) 
     -computing joint association tests...done (0ms) 
 set [218/1396] : DCHS2 - 110103 variants...
     -reading in genotypes, computing gene-based tests and building masks...done (135311ms) 
     -computing association tests...done (53ms) 
     -computing joint association tests...done (0ms) 
 set [219/1396] : DCK - 19916 variants...
     -reading in genotypes, computing gene-based tests and building masks...done (20188ms) 
     -computing association tests...done (49ms) 
     -computing joint association tests...done (0ms) 
 set [220/1396] : DCLK2 - 94711 variants...
     -reading in genotypes, computing gene-based tests and building masks...done (317155ms) 
     -computing association tests...done (17ms) 
     -computing joint association tests...done (0ms) 
 set [221/1396] : DCTD - 15297 variants...
     -reading in genotypes, computing gene-based tests and building masks...done (14151ms) 
     -computing association tests...done (65ms) 
     -computing joint association tests...done (0ms) 
 set [222/1396] : DCUN1D4 - 37032 variants...
     -reading in genotypes, computing gene-based tests and building masks...done (30880ms) 
     -computing association tests...done (15ms) 
     -computing joint association tests...done (0ms) 
 set [223/1396] : DDIT4L - 5786 variants...
     -reading in genotypes, computing gene-based tests and building masks...done (7051ms) 
     -computing association tests...done (51ms) 
     -computing joint association tests...done (0ms) 
 set [224/1396] : DDIT4L-AS1 - 7766 variants...
     -reading in genotypes, computing gene-based tests and building masks...done (9873ms) 
     -computing association tests...done (12ms) 
     -computing joint association tests...done (0ms) 
 set [225/1396] : DDX60 - 44981 variants...
     -reading in genotypes, computing gene-based tests and building masks...done (33761ms) 
     -computing association tests...done (46ms) 
     -computing joint association tests...done (0ms) 
 set [226/1396] : DDX60L - 54880 variants...
     -reading in genotypes, computing gene-based tests and building masks...done (50338ms) 
     -computing association tests...done (56ms) 
     -computing joint association tests...done (0ms) 
 set [227/1396] : DEFB108F - 7550 variants...
     -reading in genotypes, computing gene-based tests and building masks...done (11229ms) 
     -computing association tests...done (10ms) 
     -computing joint association tests...done (0ms) 
 set [228/1396] : DEFB130D - 13652 variants...
     -reading in genotypes, computing gene-based tests and building masks...done (10096ms) 
     -computing association tests...done (11ms) 
     -computing joint association tests...done (0ms) 
 set [229/1396] : DEFB131A - 11636 variants...
     -reading in genotypes, computing gene-based tests and building masks...done (13737ms) 
     -computing association tests...done (20ms) 
     -computing joint association tests...done (0ms) 
 set [230/1396] : DGKQ - 12743 variants...
     -reading in genotypes, computing gene-based tests and building masks...done (9610ms) 
     -computing association tests...done (12ms) 
     -computing joint association tests...done (0ms) 
 set [231/1396] : DHX15 - 32264 variants...
     -reading in genotypes, computing gene-based tests and building masks...done (25999ms) 
     -computing association tests...done (13ms) 
     -computing joint association tests...done (0ms) 
 set [232/1396] : DKK2 - 139111 variants...
     -reading in genotypes, computing gene-based tests and building masks...done (198074ms) 
     -computing association tests...done (17ms) 
     -computing joint association tests...done (0ms) 
 set [233/1396] : DMP1 - 10325 variants...
     -reading in genotypes, computing gene-based tests and building masks...done (15083ms) 
     -computing association tests...done (42ms) 
     -computing joint association tests...done (0ms) 
 set [234/1396] : DNAJB14 - 21497 variants...
     -reading in genotypes, computing gene-based tests and building masks...done (20289ms) 
     -computing association tests...done (11ms) 
     -computing joint association tests...done (0ms) 
 set [235/1396] : DOK7 - 34055 variants...
     -reading in genotypes, computing gene-based tests and building masks...done (42143ms) 
     -computing association tests...done (17ms) 
     -computing joint association tests...done (0ms) 
 set [236/1396] : DPP3P1 - 5881 variants...
     -reading in genotypes, computing gene-based tests and building masks...done (4986ms) 
     -computing association tests...done (12ms) 
     -computing joint association tests...done (0ms) 
 set [237/1396] : DRD5 - 6465 variants...
     -reading in genotypes, computing gene-based tests and building masks...done (7826ms) 
     -computing association tests...done (13ms) 
     -computing joint association tests...done (0ms) 
 set [238/1396] : DSPP - 9803 variants...
     -reading in genotypes, computing gene-based tests and building masks...done (11436ms) 
     -computing association tests...done (61ms) 
     -computing joint association tests...done (0ms) 
 set [239/1396] : DTHD1 - 30294 variants...
     -reading in genotypes, computing gene-based tests and building masks...done (26206ms) 
     -computing association tests...done (56ms) 
     -computing joint association tests...done (0ms) 
 set [240/1396] : DUX4 - 12848 variants...
     -reading in genotypes, computing gene-based tests and building masks...done (219513ms) 
     -computing association tests...done (27ms) 
     -computing joint association tests...done (0ms) 
 set [241/1396] : DUX4L1 - 841 variants...
     -reading in genotypes, computing gene-based tests and building masks...done (5440ms) 
     -computing association tests...done (4ms) 
     -computing joint association tests...done (0ms) 
 set [242/1396] : DUX4L2 - 1554 variants...
     -reading in genotypes, computing gene-based tests and building masks...done (11049ms) 
     -computing association tests...done (7ms) 
     -computing joint association tests...done (0ms) 
 set [243/1396] : DUX4L3 - 123 variants...
     -reading in genotypes, computing gene-based tests and building masks...done (557ms) 
     -computing association tests...done (5ms) 
     -computing joint association tests...done (0ms) 
 set [244/1396] : DUX4L4 - 179 variants...
     -reading in genotypes, computing gene-based tests and building masks...done (529ms) 
     -computing association tests...done (2ms) 
     -computing joint association tests...done (0ms) 
 set [245/1396] : DUX4L5 - 295 variants...
     -reading in genotypes, computing gene-based tests and building masks...done (351ms) 
     -computing association tests...done (9ms) 
     -computing joint association tests...done (0ms) 
 set [246/1396] : DUX4L6 - 380 variants...
     -reading in genotypes, computing gene-based tests and building masks...done (905ms) 
     -computing association tests...done (4ms) 
     -computing joint association tests...done (0ms) 
 set [247/1396] : DUX4L9 - 1852 variants...
     -reading in genotypes, computing gene-based tests and building masks...done (1821ms) 
     -computing association tests...done (46ms) 
     -computing joint association tests...done (0ms) 
 set [248/1396] : ECM1P2 - 3317 variants...
     -reading in genotypes, computing gene-based tests and building masks...done (8296ms) 
     -computing association tests...done (10ms) 
     -computing joint association tests...done (0ms) 
 set [249/1396] : EDNRA - 27490 variants...
     -reading in genotypes, computing gene-based tests and building masks...done (29365ms) 
     -computing association tests...done (61ms) 
     -computing joint association tests...done (0ms) 
 set [250/1396] : EEF1A1P21 - 5232 variants...
     -reading in genotypes, computing gene-based tests and building masks...done (3870ms) 
     -computing association tests...done (8ms) 
     -computing joint association tests...done (0ms) 
 set [251/1396] : EEF1A1P35 - 5256 variants...
     -reading in genotypes, computing gene-based tests and building masks...done (8121ms) 
     -computing association tests...done (10ms) 
     -computing joint association tests...done (0ms) 
 set [252/1396] : EEF1A1P9 - 4948 variants...
     -reading in genotypes, computing gene-based tests and building masks...done (3600ms) 
     -computing association tests...done (10ms) 
     -computing joint association tests...done (0ms) 
 set [253/1396] : EEF1GP8 - 475 variants...
     -reading in genotypes, computing gene-based tests and building masks...done (504ms) 
     -computing association tests...done (42ms) 
     -computing joint association tests...done (0ms) 
 set [254/1396] : EFL1P2 - 7794 variants...
     -reading in genotypes, computing gene-based tests and building masks...done (6128ms) 
     -computing association tests...done (10ms) 
     -computing joint association tests...done (16ms) 
 set [255/1396] : EGF - 43183 variants...
     -reading in genotypes, computing gene-based tests and building masks...done (46017ms) 
     -computing association tests...done (52ms) 
     -computing joint association tests...done (0ms) 
 set [256/1396] : EIF4E - 27249 variants...
     -reading in genotypes, computing gene-based tests and building masks...done (24937ms) 
     -computing association tests...done (14ms) 
     -computing joint association tests...done (0ms) 
 set [257/1396] : ELF2 - 56597 variants...
     -reading in genotypes, computing gene-based tests and building masks...done (67873ms) 
     -computing association tests...done (14ms) 
     -computing joint association tests...done (0ms) 
 set [258/1396] : ELL2P2 - 4447 variants...
     -reading in genotypes, computing gene-based tests and building masks...done (3557ms) 
     -computing association tests...done (10ms) 
     -computing joint association tests...done (0ms) 
 set [259/1396] : ELMOD2 - 14668 variants...
     -reading in genotypes, computing gene-based tests and building masks...done (19579ms) 
     -computing association tests...done (59ms) 
     -computing joint association tests...done (0ms) 
 set [260/1396] : ELOVL6 - 86293 variants...
     -reading in genotypes, computing gene-based tests and building masks...done (148250ms) 
     -computing association tests...done (17ms) 
     -computing joint association tests...done (0ms) 
 set [261/1396] : EMCN - 179523 variants...
     -reading in genotypes, computing gene-based tests and building masks...done (265419ms) 
     -computing association tests...done (64ms) 
     -computing joint association tests...done (0ms) 
 set [262/1396] : ENAM - 11333 variants...
     -reading in genotypes, computing gene-based tests and building masks...done (13163ms) 
     -computing association tests...done (46ms) 
     -computing joint association tests...done (0ms) 
 set [263/1396] : ENOPH1 - 17241 variants...
     -reading in genotypes, computing gene-based tests and building masks...done (15069ms) 
     -computing association tests...done (47ms) 
     -computing joint association tests...done (0ms) 
 set [264/1396] : ENPEP - 67833 variants...
     -reading in genotypes, computing gene-based tests and building masks...done (74304ms) 
     -computing association tests...done (16ms) 
     -computing joint association tests...done (0ms) 
 set [265/1396] : ENPP6 - 64057 variants...
     -reading in genotypes, computing gene-based tests and building masks...done (69815ms) 
     -computing association tests...done (53ms) 
     -computing joint association tests...done (0ms) 
 set [266/1396] : ENPP7P10 - 846 variants...
     -reading in genotypes, computing gene-based tests and building masks...done (9390ms) 
     -computing association tests...done (10ms) 
     -computing joint association tests...done (0ms) 
 set [267/1396] : EPGN - 7084 variants...
     -reading in genotypes, computing gene-based tests and building masks...done (9012ms) 
     -computing association tests...done (10ms) 
     -computing joint association tests...done (0ms) 
 set [268/1396] : EPHA5 - 171873 variants...
     -reading in genotypes, computing gene-based tests and building masks...done (258989ms) 
     -computing association tests...done (18ms) 
     -computing joint association tests...done (0ms) 
 set [269/1396] : EPHA5-AS1 - 17604 variants...
     -reading in genotypes, computing gene-based tests and building masks...done (12760ms) 
     -computing association tests...done (12ms) 
     -computing joint association tests...done (0ms) 
 set [270/1396] : EREG - 15685 variants...
     -reading in genotypes, computing gene-based tests and building masks...done (11352ms) 
     -computing association tests...done (21ms) 
     -computing joint association tests...done (0ms) 
 set [271/1396] : ERVH-1 - 10527 variants...
     -reading in genotypes, computing gene-based tests and building masks...done (18955ms) 
     -computing association tests...done (10ms) 
     -computing joint association tests...done (0ms) 
 set [272/1396] : ERVMER34-1 - 12545 variants...
     -reading in genotypes, computing gene-based tests and building masks...done (12731ms) 
     -computing association tests...done (10ms) 
     -computing joint association tests...done (0ms) 
 set [273/1396] : ETFDH - 15336 variants...
     -reading in genotypes, computing gene-based tests and building masks...done (12135ms) 
     -computing association tests...done (50ms) 
     -computing joint association tests...done (0ms) 
 set [274/1396] : ETNPPL - 15669 variants...
     -reading in genotypes, computing gene-based tests and building masks...done (24488ms) 
     -computing association tests...done (46ms) 
     -computing joint association tests...done (0ms) 
 set [275/1396] : EVA1CP1 - 274 variants...
     -reading in genotypes, computing gene-based tests and building masks...done (9771ms) 
     -computing association tests...done (1ms) 
     -computing joint association tests...done (0ms) 
 set [276/1396] : EVA1CP2 - 161 variants...
     -reading in genotypes, computing gene-based tests and building masks...done (2249ms) 
     -computing association tests...done (42ms) 
     -computing joint association tests...done (0ms) 
 set [277/1396] : EVC2 - 79594 variants...
     -reading in genotypes, computing gene-based tests and building masks...done (85715ms) 
     -computing association tests...done (60ms) 
     -computing joint association tests...done (0ms) 
 set [278/1396] : EVC - 67263 variants...
     -reading in genotypes, computing gene-based tests and building masks...done (81380ms) 
     -computing association tests...done (54ms) 
     -computing joint association tests...done (0ms) 
 set [279/1396] : EXOC1 - 23771 variants...
     -reading in genotypes, computing gene-based tests and building masks...done (16641ms) 
     -computing association tests...done (57ms) 
     -computing joint association tests...done (0ms) 
 set [280/1396] : EXOC1L - 10599 variants...
     -reading in genotypes, computing gene-based tests and building masks...done (11712ms) 
     -computing association tests...done (13ms) 
     -computing joint association tests...done (0ms) 
 set [281/1396] : EXOC5P1 - 3142 variants...
     -reading in genotypes, computing gene-based tests and building masks...done (2107ms) 
     -computing association tests...done (7ms) 
     -computing joint association tests...done (0ms) 
 set [282/1396] : EXOC7P1 - 3213 variants...
     -reading in genotypes, computing gene-based tests and building masks...done (5441ms) 
     -computing association tests...done (7ms) 
     -computing joint association tests...done (0ms) 
 set [283/1396] : EXOSC9 - 8114 variants...
     -reading in genotypes, computing gene-based tests and building masks...done (13482ms) 
     -computing association tests...done (13ms) 
     -computing joint association tests...done (0ms) 
 set [284/1396] : F11 - 14604 variants...
     -reading in genotypes, computing gene-based tests and building masks...done (10894ms) 
     -computing association tests...done (46ms) 
     -computing joint association tests...done (0ms) 
 set [285/1396] : F11-AS1 - 108675 variants...
     -reading in genotypes, computing gene-based tests and building masks...done (707662ms) 
     -computing association tests...done (14ms) 
     -computing joint association tests...done (0ms) 
 set [286/1396] : FABP2 - 6137 variants...
     -reading in genotypes, computing gene-based tests and building masks...done (8099ms) 
     -computing association tests...done (18ms) 
     -computing joint association tests...done (0ms) 
 set [287/1396] : FAM114A1 - 34719 variants...
     -reading in genotypes, computing gene-based tests and building masks...done (28007ms) 
     -computing association tests...done (12ms) 
     -computing joint association tests...done (0ms) 
 set [288/1396] : FAM13A - 160265 variants...
     -reading in genotypes, computing gene-based tests and building masks...done (215725ms) 
     -computing association tests...done (76ms) 
     -computing joint association tests...done (0ms) 
 set [289/1396] : FAM13A-AS1 - 3051 variants...
     -reading in genotypes, computing gene-based tests and building masks...done (2291ms) 
     -computing association tests...done (9ms) 
     -computing joint association tests...done (0ms) 
 set [290/1396] : FAM149A - 41550 variants...
     -reading in genotypes, computing gene-based tests and building masks...done (49789ms) 
     -computing association tests...done (47ms) 
     -computing joint association tests...done (1ms) 
 set [291/1396] : FAM184B - 72382 variants...
     -reading in genotypes, computing gene-based tests and building masks...done (74019ms) 
     -computing association tests...done (50ms) 
     -computing joint association tests...done (18ms) 
 set [292/1396] : FAM192BP - 2784 variants...
     -reading in genotypes, computing gene-based tests and building masks...done (2074ms) 
     -computing association tests...done (9ms) 
     -computing joint association tests...done (0ms) 
 set [293/1396] : FAM193A - 108883 variants...
     -reading in genotypes, computing gene-based tests and building masks...done (139922ms) 
     -computing association tests...done (71ms) 
     -computing joint association tests...done (0ms) 
 set [294/1396] : FAM200B - 7637 variants...
     -reading in genotypes, computing gene-based tests and building masks...done (5116ms) 
     -computing association tests...done (10ms) 
     -computing joint association tests...done (0ms) 
 set [295/1396] : FAM218A - 5337 variants...
     -reading in genotypes, computing gene-based tests and building masks...done (3570ms) 
     -computing association tests...done (9ms) 
     -computing joint association tests...done (0ms) 
 set [296/1396] : FAM218BP - 1400 variants...
     -reading in genotypes, computing gene-based tests and building masks...done (1127ms) 
     -computing association tests...done (6ms) 
     -computing joint association tests...done (0ms) 
 set [297/1396] : FAM241A - 26578 variants...
     -reading in genotypes, computing gene-based tests and building masks...done (26550ms) 
     -computing association tests...done (49ms) 
     -computing joint association tests...done (0ms) 
 set [298/1396] : FAM47E - 22959 variants...
     -reading in genotypes, computing gene-based tests and building masks...done (16756ms) 
     -computing association tests...done (49ms) 
     -computing joint association tests...done (0ms) 
 set [299/1396] : FAM53A - 44981 variants...
     -reading in genotypes, computing gene-based tests and building masks...done (63666ms) 
     -computing association tests...done (48ms) 
     -computing joint association tests...done (0ms) 
 set [300/1396] : FAM86EP - 16658 variants...
     -reading in genotypes, computing gene-based tests and building masks...done (14552ms) 
     -computing association tests...done (47ms) 
     -computing joint association tests...done (0ms) 
 set [301/1396] : FAM86KP - 697 variants...
     -reading in genotypes, computing gene-based tests and building masks...done (7562ms) 
     -computing association tests...done (48ms) 
     -computing joint association tests...done (0ms) 
 set [302/1396] : FAM86MP - 773 variants...
     -reading in genotypes, computing gene-based tests and building masks...done (1332ms) 
     -computing association tests...done (4ms) 
     -computing joint association tests...done (0ms) 
 set [303/1396] : FAM90A26 - 17363 variants...
     -reading in genotypes, computing gene-based tests and building masks...done (225651ms) 
     -computing association tests...done (74ms) 
     -computing joint association tests...done (0ms) 
 set [304/1396] : FAT1 - 66563 variants...
     -reading in genotypes, computing gene-based tests and building masks...done (68791ms) 
     -computing association tests...done (53ms) 
     -computing joint association tests...done (0ms) 
 set [305/1396] : FAT4 - 73673 variants...
     -reading in genotypes, computing gene-based tests and building masks...done (59124ms) 
     -computing association tests...done (18ms) 
     -computing joint association tests...done (0ms) 
 set [306/1396] : FBLP1 - 5824 variants...
     -reading in genotypes, computing gene-based tests and building masks...done (13503ms) 
     -computing association tests...done (42ms) 
     -computing joint association tests...done (0ms) 
 set [307/1396] : FBXL5 - 27741 variants...
     -reading in genotypes, computing gene-based tests and building masks...done (20375ms) 
     -computing association tests...done (13ms) 
     -computing joint association tests...done (0ms) 
 set [308/1396] : FBXO8 - 19627 variants...
     -reading in genotypes, computing gene-based tests and building masks...done (15356ms) 
     -computing association tests...done (13ms) 
     -computing joint association tests...done (0ms) 
 set [309/1396] : FBXW7 - 91235 variants...
     -reading in genotypes, computing gene-based tests and building masks...done (92120ms) 
     -computing association tests...done (18ms) 
     -computing joint association tests...done (0ms) 
 set [310/1396] : FDCSP - 6803 variants...
     -reading in genotypes, computing gene-based tests and building masks...done (5075ms) 
     -computing association tests...done (11ms) 
     -computing joint association tests...done (0ms) 
 set [311/1396] : FGA - 7236 variants...
     -reading in genotypes, computing gene-based tests and building masks...done (5307ms) 
     -computing association tests...done (11ms) 
     -computing joint association tests...done (0ms) 
 set [312/1396] : FGB - 8438 variants...
     -reading in genotypes, computing gene-based tests and building masks...done (6401ms) 
     -computing association tests...done (49ms) 
     -computing joint association tests...done (0ms) 
 set [313/1396] : FGF2 - 25726 variants...
     -reading in genotypes, computing gene-based tests and building masks...done (18423ms) 
     -computing association tests...done (10ms) 
     -computing joint association tests...done (0ms) 
 set [314/1396] : FGF5 - 26902 variants...
     -reading in genotypes, computing gene-based tests and building masks...done (21517ms) 
     -computing association tests...done (13ms) 
     -computing joint association tests...done (0ms) 
 set [315/1396] : FGFBP1 - 5941 variants...
     -reading in genotypes, computing gene-based tests and building masks...done (5117ms) 
     -computing association tests...done (47ms) 
     -computing joint association tests...done (0ms) 
 set [316/1396] : FGFBP2 - 5676 variants...
     -reading in genotypes, computing gene-based tests and building masks...done (5068ms) 
     -computing association tests...done (9ms) 
     -computing joint association tests...done (0ms) 
 set [317/1396] : FGFR3 - 11408 variants...
     -reading in genotypes, computing gene-based tests and building masks...done (8499ms) 
     -computing association tests...done (15ms) 
     -computing joint association tests...done (0ms) 
 set [318/1396] : FGFRL1 - 26480 variants...
     -reading in genotypes, computing gene-based tests and building masks...done (55704ms) 
     -computing association tests...done (57ms) 
     -computing joint association tests...done (0ms) 
 set [319/1396] : FGG - 6965 variants...
     -reading in genotypes, computing gene-based tests and building masks...done (5167ms) 
     -computing association tests...done (43ms) 
     -computing joint association tests...done (0ms) 
 set [320/1396] : FHDC1 - 21961 variants...
     -reading in genotypes, computing gene-based tests and building masks...done (17678ms) 
     -computing association tests...done (15ms) 
     -computing joint association tests...done (0ms) 
 set [321/1396] : FHIP1A - 104413 variants...
     -reading in genotypes, computing gene-based tests and building masks...done (132975ms) 
     -computing association tests...done (50ms) 
     -computing joint association tests...done (0ms) 
 set [322/1396] : FHIP1A-DT - 31172 variants...
     -reading in genotypes, computing gene-based tests and building masks...done (33493ms) 
     -computing association tests...done (23ms) 
     -computing joint association tests...done (0ms) 
 set [323/1396] : FIP1L1 - 36710 variants...
     -reading in genotypes, computing gene-based tests and building masks...done (35575ms) 
     -computing association tests...done (65ms) 
     -computing joint association tests...done (0ms) 
 set [324/1396] : FLJ38576 - 1081 variants...
     -reading in genotypes, computing gene-based tests and building masks...done (2205ms) 
     -computing association tests...done (7ms) 
     -computing joint association tests...done (0ms) 
 set [325/1396] : FNIP2 - 58453 variants...
     -reading in genotypes, computing gene-based tests and building masks...done (57846ms) 
     -computing association tests...done (50ms) 
     -computing joint association tests...done (0ms) 
 set [326/1396] : FRAS1 - 217759 variants...
     -reading in genotypes, computing gene-based tests and building masks...done (707600ms) 
     -computing association tests...done (64ms) 
     -computing joint association tests...done (0ms) 
 set [327/1396] : FREM3 - 54109 variants...
     -reading in genotypes, computing gene-based tests and building masks...done (55294ms) 
     -computing association tests...done (65ms) 
     -computing joint association tests...done (0ms) 
 set [328/1396] : FRG1 - 13712 variants...
     -reading in genotypes, computing gene-based tests and building masks...done (16045ms) 
     -computing association tests...done (62ms) 
     -computing joint association tests...done (0ms) 
 set [329/1396] : FRG1-DT - 82186 variants...
     -reading in genotypes, computing gene-based tests and building masks...done (282795ms) 
     -computing association tests...done (55ms) 
     -computing joint association tests...done (0ms) 
 set [330/1396] : FRG2 - 6457 variants...
     -reading in genotypes, computing gene-based tests and building masks...done (6652ms) 
     -computing association tests...done (15ms) 
     -computing joint association tests...done (0ms) 
 set [331/1396] : FRYL - 126004 variants...
     -reading in genotypes, computing gene-based tests and building masks...done (238812ms) 
     -computing association tests...done (67ms) 
     -computing joint association tests...done (0ms) 
 set [332/1396] : FSTL5 - 346795 variants...
     -reading in genotypes, computing gene-based tests and building masks...done (898473ms) 
     -computing association tests...done (18ms) 
     -computing joint association tests...done (0ms) 
 set [333/1396] : FTH1P21 - 191 variants...
     -reading in genotypes, computing gene-based tests and building masks...done (545ms) 
     -computing association tests...done (48ms) 
     -computing joint association tests...done (0ms) 
 set [334/1396] : FTLP10 - 31687 variants...
     -reading in genotypes, computing gene-based tests and building masks...done (395721ms) 
     -computing association tests...done (50ms) 
     -computing joint association tests...done (0ms) 
 set [335/1396] : G3BP2 - 36263 variants...
     -reading in genotypes, computing gene-based tests and building masks...done (32296ms) 
     -computing association tests...done (12ms) 
     -computing joint association tests...done (0ms) 
 set [336/1396] : GAB1 - 60467 variants...
     -reading in genotypes, computing gene-based tests and building masks...done (56207ms) 
     -computing association tests...done (16ms) 
     -computing joint association tests...done (0ms) 
 set [337/1396] : GABRA2 - 69105 variants...
     -reading in genotypes, computing gene-based tests and building masks...done (67712ms) 
     -computing association tests...done (15ms) 
     -computing joint association tests...done (0ms) 
 set [338/1396] : GABRA4 - 37791 variants...
     -reading in genotypes, computing gene-based tests and building masks...done (29481ms) 
     -computing association tests...done (55ms) 
     -computing joint association tests...done (0ms) 
 set [339/1396] : GABRB1 - 189320 variants...
     -reading in genotypes, computing gene-based tests and building masks...done (260840ms) 
     -computing association tests...done (56ms) 
     -computing joint association tests...done (0ms) 
 set [340/1396] : GABRG1 - 51412 variants...
     -reading in genotypes, computing gene-based tests and building masks...done (100254ms) 
     -computing association tests...done (47ms) 
     -computing joint association tests...done (0ms) 
 set [341/1396] : GAK - 53210 variants...
     -reading in genotypes, computing gene-based tests and building masks...done (65131ms) 
     -computing association tests...done (66ms) 
     -computing joint association tests...done (0ms) 
 set [342/1396] : GALNT7 - 63389 variants...
     -reading in genotypes, computing gene-based tests and building masks...done (61511ms) 
     -computing association tests...done (74ms) 
     -computing joint association tests...done (0ms) 
 set [343/1396] : GALNT7-DT - 28596 variants...
     -reading in genotypes, computing gene-based tests and building masks...done (32002ms) 
     -computing association tests...done (50ms) 
     -computing joint association tests...done (34ms) 
 set [344/1396] : GALNTL6 - 519988 variants...
     -reading in genotypes, computing gene-based tests and building masks...done (2188577ms) 
     -computing association tests...done (19ms) 
     -computing joint association tests...done (24ms) 
 set [345/1396] : GAPDHP56 - 4511 variants...
     -reading in genotypes, computing gene-based tests and building masks...done (5326ms) 
     -computing association tests...done (8ms) 
     -computing joint association tests...done (0ms) 
 set [346/1396] : GAR1 - 5777 variants...
     -reading in genotypes, computing gene-based tests and building masks...done (6023ms) 
     -computing association tests...done (11ms) 
     -computing joint association tests...done (0ms) 
 set [347/1396] : GAR1-DT - 2145 variants...
     -reading in genotypes, computing gene-based tests and building masks...done (1897ms) 
     -computing association tests...done (11ms) 
     -computing joint association tests...done (0ms) 
 set [348/1396] : GASK1B - 23568 variants...
     -reading in genotypes, computing gene-based tests and building masks...done (19428ms) 
     -computing association tests...done (55ms) 
     -computing joint association tests...done (0ms) 
 set [349/1396] : GASK1B-AS1 - 10780 variants...
     -reading in genotypes, computing gene-based tests and building masks...done (8527ms) 
     -computing association tests...done (10ms) 
     -computing joint association tests...done (20ms) 
 set [350/1396] : GATB - 41185 variants...
     -reading in genotypes, computing gene-based tests and building masks...done (45274ms) 
     -computing association tests...done (16ms) 
     -computing joint association tests...done (18ms) 
 set [351/1396] : GBA3 - 60852 variants...
     -reading in genotypes, computing gene-based tests and building masks...done (68109ms) 
     -computing association tests...done (16ms) 
     -computing joint association tests...done (15ms) 
 set [352/1396] : GC - 29172 variants...
     -reading in genotypes, computing gene-based tests and building masks...done (26291ms) 
     -computing association tests...done (46ms) 
     -computing joint association tests...done (2ms) 
 set [353/1396] : GET1P1 - 133 variants...
     -reading in genotypes, computing gene-based tests and building masks...done (275ms) 
     -computing association tests...done (0ms) 
     -computing joint association tests...done (0ms) 
 set [354/1396] : GIMD1 - 8899 variants...
     -reading in genotypes, computing gene-based tests and building masks...done (8793ms) 
     -computing association tests...done (45ms) 
     -computing joint association tests...done (0ms) 
 set [355/1396] : GK2 - 4678 variants...
     -reading in genotypes, computing gene-based tests and building masks...done (5198ms) 
     -computing association tests...done (11ms) 
     -computing joint association tests...done (0ms) 
 set [356/1396] : GLRA3 - 84208 variants...
     -reading in genotypes, computing gene-based tests and building masks...done (100156ms) 
     -computing association tests...done (18ms) 
     -computing joint association tests...done (0ms) 
 set [357/1396] : GLRB - 43699 variants...
     -reading in genotypes, computing gene-based tests and building masks...done (39275ms) 
     -computing association tests...done (25ms) 
     -computing joint association tests...done (0ms) 
 set [358/1396] : GMPSP1 - 5220 variants...
     -reading in genotypes, computing gene-based tests and building masks...done (3752ms) 
     -computing association tests...done (10ms) 
     -computing joint association tests...done (0ms) 
 set [359/1396] : GNPDA2 - 11738 variants...
     -reading in genotypes, computing gene-based tests and building masks...done (12436ms) 
     -computing association tests...done (46ms) 
     -computing joint association tests...done (0ms) 
 set [360/1396] : GNRHR - 10088 variants...
     -reading in genotypes, computing gene-based tests and building masks...done (8811ms) 
     -computing association tests...done (11ms) 
     -computing joint association tests...done (0ms) 
 set [361/1396] : GPAT3 - 36693 variants...
     -reading in genotypes, computing gene-based tests and building masks...done (41689ms) 
     -computing association tests...done (16ms) 
     -computing joint association tests...done (0ms) 
 set [362/1396] : GPM6A - 149804 variants...
     -reading in genotypes, computing gene-based tests and building masks...done (219111ms) 
     -computing association tests...done (17ms) 
     -computing joint association tests...done (0ms) 
 set [363/1396] : GPR78 - 19157 variants...
     -reading in genotypes, computing gene-based tests and building masks...done (20545ms) 
     -computing association tests...done (12ms) 
     -computing joint association tests...done (0ms) 
 set [364/1396] : GPRIN3 - 32982 variants...
     -reading in genotypes, computing gene-based tests and building masks...done (25938ms) 
     -computing association tests...done (53ms) 
     -computing joint association tests...done (0ms) 
 set [365/1396] : GRIA2 - 81426 variants...
     -reading in genotypes, computing gene-based tests and building masks...done (82377ms) 
     -computing association tests...done (17ms) 
     -computing joint association tests...done (0ms) 
 set [366/1396] : GRID2 - 707621 variants...
     -reading in genotypes, computing gene-based tests and building masks...done (4443216ms) 
     -computing association tests...done (56ms) 
     -computing joint association tests...done (0ms) 
 set [367/1396] : GRK4 - 37248 variants...
     -reading in genotypes, computing gene-based tests and building masks...done (37966ms) 
     -computing association tests...done (12ms) 
     -computing joint association tests...done (0ms) 
 set [368/1396] : GRPEL1 - 6901 variants...
     -reading in genotypes, computing gene-based tests and building masks...done (8829ms) 
     -computing association tests...done (9ms) 
     -computing joint association tests...done (0ms) 
 set [369/1396] : GRSF1 - 15980 variants...
     -reading in genotypes, computing gene-based tests and building masks...done (16095ms) 
     -computing association tests...done (44ms) 
     -computing joint association tests...done (0ms) 
 set [370/1396] : GRXCR1 - 68325 variants...
     -reading in genotypes, computing gene-based tests and building masks...done (71467ms) 
     -computing association tests...done (43ms) 
     -computing joint association tests...done (0ms) 
 set [371/1396] : GSTCD - 52851 variants...
     -reading in genotypes, computing gene-based tests and building masks...done (51663ms) 
     -computing association tests...done (10ms) 
     -computing joint association tests...done (0ms) 
 set [372/1396] : GSX2 - 6227 variants...
     -reading in genotypes, computing gene-based tests and building masks...done (8216ms) 
     -computing association tests...done (49ms) 
     -computing joint association tests...done (0ms) 
 set [373/1396] : GUCY1A1 - 31754 variants...
     -reading in genotypes, computing gene-based tests and building masks...done (32205ms) 
     -computing association tests...done (10ms) 
     -computing joint association tests...done (0ms) 
 set [374/1396] : GUCY1B1 - 23361 variants...
     -reading in genotypes, computing gene-based tests and building masks...done (23035ms) 
     -computing association tests...done (17ms) 
     -computing joint association tests...done (0ms) 
 set [375/1396] : GUF1 - 11001 variants...
     -reading in genotypes, computing gene-based tests and building masks...done (8992ms) 
     -computing association tests...done (10ms) 
     -computing joint association tests...done (0ms) 
 set [376/1396] : GUSBP5 - 232752 variants...
     -reading in genotypes, computing gene-based tests and building masks...done (487812ms) 
     -computing association tests...done (16ms) 
     -computing joint association tests...done (0ms) 
 set [377/1396] : GYPA - 19297 variants...
     -reading in genotypes, computing gene-based tests and building masks...done (14980ms) 
     -computing association tests...done (50ms) 
     -computing joint association tests...done (0ms) 
 set [378/1396] : GYPB - 17754 variants...
     -reading in genotypes, computing gene-based tests and building masks...done (14343ms) 
     -computing association tests...done (12ms) 
     -computing joint association tests...done (0ms) 
 set [379/1396] : GYPE - 21955 variants...
     -reading in genotypes, computing gene-based tests and building masks...done (18204ms) 
     -computing association tests...done (49ms) 
     -computing joint association tests...done (0ms) 
 set [380/1396] : H2AZ1 - 1476 variants...
     -reading in genotypes, computing gene-based tests and building masks...done (1370ms) 
     -computing association tests...done (7ms) 
     -computing joint association tests...done (0ms) 
 set [381/1396] : H2AZ1-DT - 96281 variants...
     -reading in genotypes, computing gene-based tests and building masks...done (115764ms) 
     -computing association tests...done (14ms) 
     -computing joint association tests...done (2ms) 
 set [382/1396] : H3P15 - 9056 variants...
     -reading in genotypes, computing gene-based tests and building masks...done (16005ms) 
     -computing association tests...done (10ms) 
     -computing joint association tests...done (0ms) 
 set [383/1396] : HADH - 21539 variants...
     -reading in genotypes, computing gene-based tests and building masks...done (15908ms) 
     -computing association tests...done (44ms) 
     -computing joint association tests...done (0ms) 
 set [384/1396] : HAFML - 20767 variants...
     -reading in genotypes, computing gene-based tests and building masks...done (14944ms) 
     -computing association tests...done (14ms) 
     -computing joint association tests...done (0ms) 
 set [385/1396] : HAND2 - 7657 variants...
     -reading in genotypes, computing gene-based tests and building masks...done (9785ms) 
     -computing association tests...done (12ms) 
     -computing joint association tests...done (13ms) 
 set [386/1396] : HAND2-AS1 - 69441 variants...
     -reading in genotypes, computing gene-based tests and building masks...done (87283ms) 
     -computing association tests...done (40ms) 
     -computing joint association tests...done (0ms) 
 set [387/1396] : HAUS3 - 11724 variants...
     -reading in genotypes, computing gene-based tests and building masks...done (8844ms) 
     -computing association tests...done (11ms) 
     -computing joint association tests...done (0ms) 
 set [388/1396] : HELQ - 21214 variants...
     -reading in genotypes, computing gene-based tests and building masks...done (17654ms) 
     -computing association tests...done (17ms) 
     -computing joint association tests...done (0ms) 
 set [389/1396] : HELT - 6724 variants...
     -reading in genotypes, computing gene-based tests and building masks...done (11885ms) 
     -computing association tests...done (45ms) 
     -computing joint association tests...done (0ms) 
 set [390/1396] : HERC3 - 49590 variants...
     -reading in genotypes, computing gene-based tests and building masks...done (42887ms) 
     -computing association tests...done (64ms) 
     -computing joint association tests...done (0ms) 
 set [391/1396] : HERC5 - 24736 variants...
     -reading in genotypes, computing gene-based tests and building masks...done (23224ms) 
     -computing association tests...done (14ms) 
     -computing joint association tests...done (15ms) 
 set [392/1396] : HERC6 - 32365 variants...
     -reading in genotypes, computing gene-based tests and building masks...done (66442ms) 
     -computing association tests...done (47ms) 
     -computing joint association tests...done (0ms) 
 set [393/1396] : HGFAC - 9440 variants...
     -reading in genotypes, computing gene-based tests and building masks...done (12643ms) 
     -computing association tests...done (13ms) 
     -computing joint association tests...done (0ms) 
 set [394/1396] : HHIP - 43058 variants...
     -reading in genotypes, computing gene-based tests and building masks...done (37892ms) 
     -computing association tests...done (14ms) 
     -computing joint association tests...done (0ms) 
 set [395/1396] : HHIP-AS1 - 1360 variants...
     -reading in genotypes, computing gene-based tests and building masks...done (1287ms) 
     -computing association tests...done (6ms) 
     -computing joint association tests...done (0ms) 
 set [396/1396] : HIGD1AP13 - 108 variants...
     -reading in genotypes, computing gene-based tests and building masks...done (3362ms) 
     -computing association tests...done (1ms) 
     -computing joint association tests...done (0ms) 
 set [397/1396] : HMGB1P28 - 232 variants...
     -reading in genotypes, computing gene-based tests and building masks...done (1645ms) 
     -computing association tests...done (63ms) 
     -computing joint association tests...done (0ms) 
 set [398/1396] : HMGB1P44 - 210 variants...
     -reading in genotypes, computing gene-based tests and building masks...done (3642ms) 
     -computing association tests...done (1ms) 
     -computing joint association tests...done (0ms) 
 set [399/1396] : HMGB2 - 5980 variants...
     -reading in genotypes, computing gene-based tests and building masks...done (5421ms) 
     -computing association tests...done (11ms) 
     -computing joint association tests...done (0ms) 
 set [400/1396] : HMGN1P11 - 4485 variants...
     -reading in genotypes, computing gene-based tests and building masks...done (3078ms) 
     -computing association tests...done (9ms) 
     -computing joint association tests...done (0ms) 
 set [401/1396] : HMX1 - 16508 variants...
     -reading in genotypes, computing gene-based tests and building masks...done (26506ms) 
     -computing association tests...done (10ms) 
     -computing joint association tests...done (0ms) 
 set [402/1396] : HNRNPA1P55 - 4371 variants...
     -reading in genotypes, computing gene-based tests and building masks...done (9283ms) 
     -computing association tests...done (7ms) 
     -computing joint association tests...done (0ms) 
 set [403/1396] : HNRNPA1P56 - 2118 variants...
     -reading in genotypes, computing gene-based tests and building masks...done (1553ms) 
     -computing association tests...done (6ms) 
     -computing joint association tests...done (0ms) 
 set [404/1396] : HNRNPA1P65 - 4992 variants...
     -reading in genotypes, computing gene-based tests and building masks...done (3489ms) 
     -computing association tests...done (10ms) 
     -computing joint association tests...done (0ms) 
 set [405/1396] : HNRNPA1P67 - 2799 variants...
     -reading in genotypes, computing gene-based tests and building masks...done (5661ms) 
     -computing association tests...done (44ms) 
     -computing joint association tests...done (0ms) 
 set [406/1396] : HNRNPA3P13 - 4131 variants...
     -reading in genotypes, computing gene-based tests and building masks...done (2952ms) 
     -computing association tests...done (41ms) 
     -computing joint association tests...done (0ms) 
 set [407/1396] : HNRNPD - 18134 variants...
     -reading in genotypes, computing gene-based tests and building masks...done (14277ms) 
     -computing association tests...done (50ms) 
     -computing joint association tests...done (0ms) 
 set [408/1396] : HNRNPD-DT - 16503 variants...
     -reading in genotypes, computing gene-based tests and building masks...done (11288ms) 
     -computing association tests...done (10ms) 
     -computing joint association tests...done (0ms) 
 set [409/1396] : HNRNPDL - 4905 variants...
     -reading in genotypes, computing gene-based tests and building masks...done (4912ms) 
     -computing association tests...done (11ms) 
     -computing joint association tests...done (0ms) 
 set [410/1396] : HOPX - 17258 variants...
     -reading in genotypes, computing gene-based tests and building masks...done (13808ms) 
     -computing association tests...done (52ms) 
     -computing joint association tests...done (0ms) 
 set [411/1396] : HPF1 - 15639 variants...
     -reading in genotypes, computing gene-based tests and building masks...done (11394ms) 
     -computing association tests...done (10ms) 
     -computing joint association tests...done (0ms) 
 set [412/1396] : HPGD - 16828 variants...
     -reading in genotypes, computing gene-based tests and building masks...done (16081ms) 
     -computing association tests...done (45ms) 
     -computing joint association tests...done (0ms) 
 set [413/1396] : HPGDS - 27388 variants...
     -reading in genotypes, computing gene-based tests and building masks...done (24229ms) 
     -computing association tests...done (12ms) 
     -computing joint association tests...done (0ms) 
 set [414/1396] : HPRT1P1 - 624 variants...
     -reading in genotypes, computing gene-based tests and building masks...done (4737ms) 
     -computing association tests...done (2ms) 
     -computing joint association tests...done (1ms) 
 set [415/1396] : HPSE - 21056 variants...
     -reading in genotypes, computing gene-based tests and building masks...done (26440ms) 
     -computing association tests...done (19ms) 
     -computing joint association tests...done (3ms) 
 set [416/1396] : HS3ST1 - 20907 variants...
     -reading in genotypes, computing gene-based tests and building masks...done (20589ms) 
     -computing association tests...done (16ms) 
     -computing joint association tests...done (22ms) 
 set [417/1396] : HSBP1P2 - 49 variants...
     -reading in genotypes, computing gene-based tests and building masks...done (5865ms) 
     -computing association tests...done (69ms) 
     -computing joint association tests...done (0ms) 
 set [418/1396] : HSD17B11 - 34879 variants...
     -reading in genotypes, computing gene-based tests and building masks...done (74249ms) 
     -computing association tests...done (60ms) 
     -computing joint association tests...done (0ms) 
 set [419/1396] : HSD17B13 - 12790 variants...
     -reading in genotypes, computing gene-based tests and building masks...done (13977ms) 
     -computing association tests...done (59ms) 
     -computing joint association tests...done (0ms) 
 set [420/1396] : HSP90AA4P - 84 variants...
     -reading in genotypes, computing gene-based tests and building masks...done (331ms) 
     -computing association tests...done (47ms) 
     -computing joint association tests...done (0ms) 
 set [421/1396] : HSP90AA6P - 197 variants...
     -reading in genotypes, computing gene-based tests and building masks...done (4812ms) 
     -computing association tests...done (6ms) 
     -computing joint association tests...done (0ms) 
 set [422/1396] : HSP90AB2P - 141 variants...
     -reading in genotypes, computing gene-based tests and building masks...done (272ms) 
     -computing association tests...done (0ms) 
     -computing joint association tests...done (0ms) 
 set [423/1396] : HSP90AB3P - 855 variants...
     -reading in genotypes, computing gene-based tests and building masks...done (936ms) 
     -computing association tests...done (47ms) 
     -computing joint association tests...done (0ms) 
 set [424/1396] : HSPA4L - 25243 variants...
     -reading in genotypes, computing gene-based tests and building masks...done (25769ms) 
     -computing association tests...done (14ms) 
     -computing joint association tests...done (0ms) 
 set [425/1396] : HSPD1P5 - 2502 variants...
     -reading in genotypes, computing gene-based tests and building masks...done (2086ms) 
     -computing association tests...done (13ms) 
     -computing joint association tests...done (0ms) 
 set [426/1396] : HSPE1P23 - 4282 variants...
     -reading in genotypes, computing gene-based tests and building masks...done (3082ms) 
     -computing association tests...done (9ms) 
     -computing joint association tests...done (0ms) 
 set [427/1396] : HTN1 - 8181 variants...
     -reading in genotypes, computing gene-based tests and building masks...done (7191ms) 
     -computing association tests...done (10ms) 
     -computing joint association tests...done (0ms) 
 set [428/1396] : HTN3 - 8758 variants...
     -reading in genotypes, computing gene-based tests and building masks...done (8167ms) 
     -computing association tests...done (10ms) 
     -computing joint association tests...done (0ms) 
 set [429/1396] : HTRA3 - 23739 variants...
     -reading in genotypes, computing gene-based tests and building masks...done (24841ms) 
     -computing association tests...done (13ms) 
     -computing joint association tests...done (0ms) 
 set [430/1396] : HTT - 78713 variants...
     -reading in genotypes, computing gene-based tests and building masks...done (75270ms) 
     -computing association tests...done (21ms) 
     -computing joint association tests...done (0ms) 
 set [431/1396] : HTT-AS - 10165 variants...
     -reading in genotypes, computing gene-based tests and building masks...done (6830ms) 
     -computing association tests...done (14ms) 
     -computing joint association tests...done (0ms) 
 set [432/1396] : IBSP - 10178 variants...
     -reading in genotypes, computing gene-based tests and building masks...done (8734ms) 
     -computing association tests...done (44ms) 
     -computing joint association tests...done (0ms) 
 set [433/1396] : ICE2P1 - 926 variants...
     -reading in genotypes, computing gene-based tests and building masks...done (6655ms) 
     -computing association tests...done (9ms) 
     -computing joint association tests...done (2ms) 
 set [434/1396] : IDUA - 5393 variants...
     -reading in genotypes, computing gene-based tests and building masks...done (5165ms) 
     -computing association tests...done (10ms) 
     -computing joint association tests...done (7ms) 
 set [435/1396] : IFITM3P1 - 221 variants...
     -reading in genotypes, computing gene-based tests and building masks...done (296ms) 
     -computing association tests...done (0ms) 
     -computing joint association tests...done (0ms) 
 set [436/1396] : IGBP1P4 - 346 variants...
     -reading in genotypes, computing gene-based tests and building masks...done (414ms) 
     -computing association tests...done (1ms) 
     -computing joint association tests...done (0ms) 
 set [437/1396] : IGBP1P5 - 4630 variants...
     -reading in genotypes, computing gene-based tests and building masks...done (3021ms) 
     -computing association tests...done (43ms) 
     -computing joint association tests...done (0ms) 
 set [438/1396] : IGFBP7 - 31281 variants...
     -reading in genotypes, computing gene-based tests and building masks...done (25162ms) 
     -computing association tests...done (13ms) 
     -computing joint association tests...done (0ms) 
 set [439/1396] : IGFBP7-AS1 - 41332 variants...
     -reading in genotypes, computing gene-based tests and building masks...done (34341ms) 
     -computing association tests...done (16ms) 
     -computing joint association tests...done (2ms) 
 set [440/1396] : IL15 - 43697 variants...
     -reading in genotypes, computing gene-based tests and building masks...done (34424ms) 
     -computing association tests...done (54ms) 
     -computing joint association tests...done (0ms) 
 set [441/1396] : IL21 - 7587 variants...
     -reading in genotypes, computing gene-based tests and building masks...done (5119ms) 
     -computing association tests...done (9ms) 
     -computing joint association tests...done (43ms) 
 set [442/1396] : IL21-AS1 - 31501 variants...
     -reading in genotypes, computing gene-based tests and building masks...done (32202ms) 
     -computing association tests...done (15ms) 
     -computing joint association tests...done (16ms) 
 set [443/1396] : IL2 - 6707 variants...
     -reading in genotypes, computing gene-based tests and building masks...done (13319ms) 
     -computing association tests...done (11ms) 
     -computing joint association tests...done (0ms) 
 set [444/1396] : ING2 - 7920 variants...
     -reading in genotypes, computing gene-based tests and building masks...done (8552ms) 
     -computing association tests...done (9ms) 
     -computing joint association tests...done (0ms) 
 set [445/1396] : ING2-DT - 9928 variants...
     -reading in genotypes, computing gene-based tests and building masks...done (7715ms) 
     -computing association tests...done (11ms) 
     -computing joint association tests...done (0ms) 
 set [446/1396] : INKILN - 6501 variants...
     -reading in genotypes, computing gene-based tests and building masks...done (10006ms) 
     -computing association tests...done (9ms) 
     -computing joint association tests...done (0ms) 
 set [447/1396] : INPP4B - 363059 variants...
     -reading in genotypes, computing gene-based tests and building masks...done (1029287ms) 
     -computing association tests...done (63ms) 
     -computing joint association tests...done (0ms) 
 set [448/1396] : INTS12 - 29476 variants...
     -reading in genotypes, computing gene-based tests and building masks...done (30082ms) 
     -computing association tests...done (15ms) 
     -computing joint association tests...done (0ms) 
 set [449/1396] : INTU - 40538 variants...
     -reading in genotypes, computing gene-based tests and building masks...done (35726ms) 
     -computing association tests...done (59ms) 
     -computing joint association tests...done (0ms) 
 set [450/1396] : IQCM - 215451 variants...
     -reading in genotypes, computing gene-based tests and building masks...done (352658ms) 
     -computing association tests...done (61ms) 
     -computing joint association tests...done (0ms) 
 set [451/1396] : IRF2 - 40952 variants...
     -reading in genotypes, computing gene-based tests and building masks...done (43281ms) 
     -computing association tests...done (16ms) 
     -computing joint association tests...done (0ms) 
 set [452/1396] : IRF2-DT - 7495 variants...
     -reading in genotypes, computing gene-based tests and building masks...done (6095ms) 
     -computing association tests...done (9ms) 
     -computing joint association tests...done (0ms) 
 set [453/1396] : JADE1 - 30562 variants...
     -reading in genotypes, computing gene-based tests and building masks...done (28424ms) 
     -computing association tests...done (22ms) 
     -computing joint association tests...done (0ms) 
 set [454/1396] : JADRR - 4616 variants...
     -reading in genotypes, computing gene-based tests and building masks...done (5863ms) 
     -computing association tests...done (9ms) 
     -computing joint association tests...done (0ms) 
 set [455/1396] : JAKMIP1 - 88755 variants...
     -reading in genotypes, computing gene-based tests and building masks...done (119939ms) 
     -computing association tests...done (52ms) 
     -computing joint association tests...done (0ms) 
 set [456/1396] : JAKMIP1-DT - 54 variants...
     -reading in genotypes, computing gene-based tests and building masks...done (105ms) 
     -computing association tests...done (3ms) 
     -computing joint association tests...done (0ms) 
 set [457/1396] : JCHAIN - 7895 variants...
     -reading in genotypes, computing gene-based tests and building masks...done (7275ms) 
     -computing association tests...done (10ms) 
     -computing joint association tests...done (2ms) 
 set [458/1396] : KCNIP4 - 568210 variants...
     -reading in genotypes, computing gene-based tests and building masks...done (3242300ms) 
     -computing association tests...done (18ms) 
     -computing joint association tests...done (21ms) 
 set [459/1396] : KCTD8 - 123108 variants...
     -reading in genotypes, computing gene-based tests and building masks...done (127676ms) 
     -computing association tests...done (64ms) 
     -computing joint association tests...done (12ms) 
 set [460/1396] : KDR - 23607 variants...
     -reading in genotypes, computing gene-based tests and building masks...done (18104ms) 
     -computing association tests...done (13ms) 
     -computing joint association tests...done (16ms) 
 set [461/1396] : KIAA0232 - 53195 variants...
     -reading in genotypes, computing gene-based tests and building masks...done (55639ms) 
     -computing association tests...done (56ms) 
     -computing joint association tests...done (0ms) 
 set [462/1396] : KIT - 37107 variants...
     -reading in genotypes, computing gene-based tests and building masks...done (33162ms) 
     -computing association tests...done (44ms) 
     -computing joint association tests...done (3ms) 
 set [463/1396] : KLB - 23932 variants...
     -reading in genotypes, computing gene-based tests and building masks...done (21324ms) 
     -computing association tests...done (72ms) 
     -computing joint association tests...done (23ms) 
 set [464/1396] : KLF3 - 20269 variants...
     -reading in genotypes, computing gene-based tests and building masks...done (20150ms) 
     -computing association tests...done (15ms) 
     -computing joint association tests...done (18ms) 
 set [465/1396] : KLF3-AS1 - 24130 variants...
     -reading in genotypes, computing gene-based tests and building masks...done (26565ms) 
     -computing association tests...done (10ms) 
     -computing joint association tests...done (0ms) 
 set [466/1396] : KLHL2 - 49181 variants...
     -reading in genotypes, computing gene-based tests and building masks...done (44889ms) 
     -computing association tests...done (15ms) 
     -computing joint association tests...done (0ms) 
 set [467/1396] : KLHL2P1 - 1 variants...
     -reading in genotypes, computing gene-based tests and building masks...done (78ms) 
 set [468/1396] : KLHL5 - 32009 variants...
     -reading in genotypes, computing gene-based tests and building masks...done (40437ms) 
     -computing association tests...done (11ms) 
     -computing joint association tests...done (0ms) 
 set [469/1396] : KLHL8 - 40127 variants...
     -reading in genotypes, computing gene-based tests and building masks...done (68260ms) 
     -computing association tests...done (47ms) 
     -computing joint association tests...done (0ms) 
 set [470/1396] : KLKB1 - 17608 variants...
     -reading in genotypes, computing gene-based tests and building masks...done (16391ms) 
     -computing association tests...done (12ms) 
     -computing joint association tests...done (0ms) 
 set [471/1396] : KPNA2P1 - 3177 variants...
     -reading in genotypes, computing gene-based tests and building masks...done (2448ms) 
     -computing association tests...done (48ms) 
     -computing joint association tests...done (0ms) 
 set [472/1396] : KRT18P21 - 591 variants...
     -reading in genotypes, computing gene-based tests and building masks...done (3363ms) 
     -computing association tests...done (54ms) 
     -computing joint association tests...done (0ms) 
 set [473/1396] : KRT18P25 - 5350 variants...
     -reading in genotypes, computing gene-based tests and building masks...done (6693ms) 
     -computing association tests...done (9ms) 
     -computing joint association tests...done (0ms) 
 set [474/1396] : KRT18P51 - 4344 variants...
     -reading in genotypes, computing gene-based tests and building masks...done (11098ms) 
     -computing association tests...done (51ms) 
     -computing joint association tests...done (0ms) 
 set [475/1396] : KRT18P54 - 4843 variants...
     -reading in genotypes, computing gene-based tests and building masks...done (4507ms) 
     -computing association tests...done (9ms) 
     -computing joint association tests...done (0ms) 
 set [476/1396] : KRT19P3 - 334 variants...
     -reading in genotypes, computing gene-based tests and building masks...done (4184ms) 
     -computing association tests...done (2ms) 
     -computing joint association tests...done (0ms) 
 set [477/1396] : KRT19P6 - 1247 variants...
     -reading in genotypes, computing gene-based tests and building masks...done (1208ms) 
     -computing association tests...done (25ms) 
     -computing joint association tests...done (0ms) 
 set [478/1396] : LAMTOR3 - 8293 variants...
     -reading in genotypes, computing gene-based tests and building masks...done (7296ms) 
     -computing association tests...done (51ms) 
     -computing joint association tests...done (0ms) 
 set [479/1396] : LAP3 - 39271 variants...
     -reading in genotypes, computing gene-based tests and building masks...done (49713ms) 
     -computing association tests...done (15ms) 
     -computing joint association tests...done (0ms) 
 set [480/1396] : LARP1B - 82885 variants...
     -reading in genotypes, computing gene-based tests and building masks...done (121778ms) 
     -computing association tests...done (61ms) 
     -computing joint association tests...done (0ms) 
 set [481/1396] : LARP1BP1 - 6434 variants...
     -reading in genotypes, computing gene-based tests and building masks...done (8064ms) 
     -computing association tests...done (43ms) 
     -computing joint association tests...done (0ms) 
 set [482/1396] : LARP7 - 9404 variants...
     -reading in genotypes, computing gene-based tests and building masks...done (7310ms) 
     -computing association tests...done (48ms) 
     -computing joint association tests...done (0ms) 
 set [483/1396] : LCORL - 72798 variants...
     -reading in genotypes, computing gene-based tests and building masks...done (67722ms) 
     -computing association tests...done (17ms) 
     -computing joint association tests...done (0ms) 
 set [484/1396] : LDB2 - 178190 variants...
     -reading in genotypes, computing gene-based tests and building masks...done (330462ms) 
     -computing association tests...done (54ms) 
     -computing joint association tests...done (0ms) 
 set [485/1396] : LDHAP1 - 4892 variants...
     -reading in genotypes, computing gene-based tests and building masks...done (3020ms) 
     -computing association tests...done (10ms) 
     -computing joint association tests...done (0ms) 
 set [486/1396] : LEF1 - 53071 variants...
     -reading in genotypes, computing gene-based tests and building masks...done (60785ms) 
     -computing association tests...done (50ms) 
     -computing joint association tests...done (0ms) 
 set [487/1396] : LEF1-AS1 - 55113 variants...
     -reading in genotypes, computing gene-based tests and building masks...done (57127ms) 
     -computing association tests...done (14ms) 
     -computing joint association tests...done (0ms) 
 set [488/1396] : LETM1 - 28203 variants...
     -reading in genotypes, computing gene-based tests and building masks...done (24157ms) 
     -computing association tests...done (11ms) 
     -computing joint association tests...done (0ms) 
 set [489/1396] : LGI2 - 16448 variants...
     -reading in genotypes, computing gene-based tests and building masks...done (12017ms) 
     -computing association tests...done (21ms) 
     -computing joint association tests...done (0ms) 
 set [490/1396] : LIAS - 11901 variants...
     -reading in genotypes, computing gene-based tests and building masks...done (9062ms) 
     -computing association tests...done (15ms) 
     -computing joint association tests...done (0ms) 
 set [491/1396] : LIMCH1 - 126160 variants...
     -reading in genotypes, computing gene-based tests and building masks...done (164582ms) 
     -computing association tests...done (64ms) 
     -computing joint association tests...done (0ms) 
 set [492/1396] : LIN54 - 38039 variants...
     -reading in genotypes, computing gene-based tests and building masks...done (39377ms) 
     -computing association tests...done (14ms) 
     -computing joint association tests...done (0ms) 
 set [493/1396] : LINC00290 - 69343 variants...
     -reading in genotypes, computing gene-based tests and building masks...done (103979ms) 
     -computing association tests...done (48ms) 
     -computing joint association tests...done (0ms) 
 set [494/1396] : LINC00498 - 15316 variants...
     -reading in genotypes, computing gene-based tests and building masks...done (12944ms) 
     -computing association tests...done (67ms) 
     -computing joint association tests...done (0ms) 
 set [495/1396] : LINC00499 - 144023 variants...
     -reading in genotypes, computing gene-based tests and building masks...done (592207ms) 
     -computing association tests...done (49ms) 
     -computing joint association tests...done (0ms) 
 set [496/1396] : LINC00504 - 227634 variants...
     -reading in genotypes, computing gene-based tests and building masks...done (521065ms) 
     -computing association tests...done (60ms) 
     -computing joint association tests...done (0ms) 
 set [497/1396] : LINC00575 - 6026 variants...
     -reading in genotypes, computing gene-based tests and building masks...done (11214ms) 
     -computing association tests...done (28ms) 
     -computing joint association tests...done (0ms) 
 set [498/1396] : LINC00613 - 26388 variants...
     -reading in genotypes, computing gene-based tests and building masks...done (19518ms) 
     -computing association tests...done (11ms) 
     -computing joint association tests...done (0ms) 
 set [499/1396] : LINC00616 - 13460 variants...
     -reading in genotypes, computing gene-based tests and building masks...done (13952ms) 
     -computing association tests...done (13ms) 
     -computing joint association tests...done (0ms) 
 set [500/1396] : LINC00682 - 8796 variants...
     -reading in genotypes, computing gene-based tests and building masks...done (14905ms) 
     -computing association tests...done (10ms) 
     -computing joint association tests...done (0ms) 
 set [501/1396] : LINC00955 - 17927 variants...
     -reading in genotypes, computing gene-based tests and building masks...done (30130ms) 
     -computing association tests...done (13ms) 
     -computing joint association tests...done (0ms) 
 set [502/1396] : LINC00989 - 58069 variants...
     -reading in genotypes, computing gene-based tests and building masks...done (50602ms) 
     -computing association tests...done (46ms) 
     -computing joint association tests...done (16ms) 
 set [503/1396] : LINC01060 - 109981 variants...
     -reading in genotypes, computing gene-based tests and building masks...done (156477ms) 
     -computing association tests...done (15ms) 
     -computing joint association tests...done (0ms) 
 set [504/1396] : LINC01085 - 4570 variants...
     -reading in genotypes, computing gene-based tests and building masks...done (7661ms) 
     -computing association tests...done (9ms) 
     -computing joint association tests...done (0ms) 
 set [505/1396] : LINC01088 - 150181 variants...
     -reading in genotypes, computing gene-based tests and building masks...done (239633ms) 
     -computing association tests...done (48ms) 
     -computing joint association tests...done (0ms) 
 set [506/1396] : LINC01091 - 174278 variants...
     -reading in genotypes, computing gene-based tests and building masks...done (244747ms) 
     -computing association tests...done (19ms) 
     -computing joint association tests...done (0ms) 
 set [507/1396] : LINC01093 - 3157 variants...
     -reading in genotypes, computing gene-based tests and building masks...done (4455ms) 
     -computing association tests...done (11ms) 
     -computing joint association tests...done (0ms) 
 set [508/1396] : LINC01094 - 49919 variants...
     -reading in genotypes, computing gene-based tests and building masks...done (52147ms) 
     -computing association tests...done (14ms) 
     -computing joint association tests...done (0ms) 
 set [509/1396] : LINC01095 - 23357 variants...
     -reading in genotypes, computing gene-based tests and building masks...done (18596ms) 
     -computing association tests...done (11ms) 
     -computing joint association tests...done (0ms) 
 set [510/1396] : LINC01096 - 1439 variants...
     -reading in genotypes, computing gene-based tests and building masks...done (7097ms) 
     -computing association tests...done (5ms) 
     -computing joint association tests...done (0ms) 
 set [511/1396] : LINC01097 - 8393 variants...
     -reading in genotypes, computing gene-based tests and building masks...done (7909ms) 
     -computing association tests...done (11ms) 
     -computing joint association tests...done (0ms) 
 set [512/1396] : LINC01098 - 126742 variants...
     -reading in genotypes, computing gene-based tests and building masks...done (184207ms) 
     -computing association tests...done (17ms) 
     -computing joint association tests...done (32ms) 
 set [513/1396] : LINC01099 - 17570 variants...
     -reading in genotypes, computing gene-based tests and building masks...done (13150ms) 
     -computing association tests...done (12ms) 
     -computing joint association tests...done (0ms) 
 set [514/1396] : LINC01179 - 35348 variants...
     -reading in genotypes, computing gene-based tests and building masks...done (40466ms) 
     -computing association tests...done (50ms) 
     -computing joint association tests...done (0ms) 
 set [515/1396] : LINC01182 - 246651 variants...
     -reading in genotypes, computing gene-based tests and building masks...done (416888ms) 
     -computing association tests...done (68ms) 
     -computing joint association tests...done (0ms) 
 set [516/1396] : LINC01216 - 10474 variants...
     -reading in genotypes, computing gene-based tests and building masks...done (10333ms) 
     -computing association tests...done (10ms) 
     -computing joint association tests...done (0ms) 
 set [517/1396] : LINC01217 - 9299 variants...
     -reading in genotypes, computing gene-based tests and building masks...done (6837ms) 
     -computing association tests...done (10ms) 
     -computing joint association tests...done (0ms) 
 set [518/1396] : LINC01218 - 4476 variants...
     -reading in genotypes, computing gene-based tests and building masks...done (3077ms) 
     -computing association tests...done (42ms) 
     -computing joint association tests...done (0ms) 
 set [519/1396] : LINC01256 - 45494 variants...
     -reading in genotypes, computing gene-based tests and building masks...done (41908ms) 
     -computing association tests...done (14ms) 
     -computing joint association tests...done (0ms) 
 set [520/1396] : LINC01258 - 46481 variants...
     -reading in genotypes, computing gene-based tests and building masks...done (49796ms) 
     -computing association tests...done (11ms) 
     -computing joint association tests...done (21ms) 
 set [521/1396] : LINC01259 - 13381 variants...
     -reading in genotypes, computing gene-based tests and building masks...done (10950ms) 
     -computing association tests...done (45ms) 
     -computing joint association tests...done (0ms) 
 set [522/1396] : LINC01262 - 5558 variants...
     -reading in genotypes, computing gene-based tests and building masks...done (10101ms) 
     -computing association tests...done (9ms) 
     -computing joint association tests...done (0ms) 
 set [523/1396] : LINC01365 - 6315 variants...
     -reading in genotypes, computing gene-based tests and building masks...done (6397ms) 
     -computing association tests...done (40ms) 
     -computing joint association tests...done (0ms) 
 set [524/1396] : LINC01378 - 136124 variants...
     -reading in genotypes, computing gene-based tests and building masks...done (168249ms) 
     -computing association tests...done (16ms) 
     -computing joint association tests...done (0ms) 
 set [525/1396] : LINC01396 - 5545 variants...
     -reading in genotypes, computing gene-based tests and building masks...done (7128ms) 
     -computing association tests...done (9ms) 
     -computing joint association tests...done (0ms) 
 set [526/1396] : LINC01438 - 9322 variants...
     -reading in genotypes, computing gene-based tests and building masks...done (16395ms) 
     -computing association tests...done (10ms) 
     -computing joint association tests...done (0ms) 
 set [527/1396] : LINC01587 - 10428 variants...
     -reading in genotypes, computing gene-based tests and building masks...done (14298ms) 
     -computing association tests...done (11ms) 
     -computing joint association tests...done (0ms) 
 set [528/1396] : LINC01596 - 7563 variants...
     -reading in genotypes, computing gene-based tests and building masks...done (7532ms) 
     -computing association tests...done (10ms) 
     -computing joint association tests...done (15ms) 
 set [529/1396] : LINC01612 - 25296 variants...
     -reading in genotypes, computing gene-based tests and building masks...done (24802ms) 
     -computing association tests...done (12ms) 
     -computing joint association tests...done (0ms) 
 set [530/1396] : LINC01618 - 17778 variants...
     -reading in genotypes, computing gene-based tests and building masks...done (16407ms) 
     -computing association tests...done (10ms) 
     -computing joint association tests...done (0ms) 
 set [531/1396] : LINC02171 - 9103 variants...
     -reading in genotypes, computing gene-based tests and building masks...done (9876ms) 
     -computing association tests...done (11ms) 
     -computing joint association tests...done (0ms) 
 set [532/1396] : LINC02172 - 29609 variants...
     -reading in genotypes, computing gene-based tests and building masks...done (28779ms) 
     -computing association tests...done (58ms) 
     -computing joint association tests...done (0ms) 
 set [533/1396] : LINC02173 - 12269 variants...
     -reading in genotypes, computing gene-based tests and building masks...done (9911ms) 
     -computing association tests...done (44ms) 
     -computing joint association tests...done (0ms) 
 set [534/1396] : LINC02174 - 33805 variants...
     -reading in genotypes, computing gene-based tests and building masks...done (26424ms) 
     -computing association tests...done (10ms) 
     -computing joint association tests...done (0ms) 
 set [535/1396] : LINC02232 - 72232 variants...
     -reading in genotypes, computing gene-based tests and building masks...done (65974ms) 
     -computing association tests...done (12ms) 
     -computing joint association tests...done (0ms) 
 set [536/1396] : LINC02233 - 54942 variants...
     -reading in genotypes, computing gene-based tests and building masks...done (57588ms) 
     -computing association tests...done (13ms) 
     -computing joint association tests...done (0ms) 
 set [537/1396] : LINC02260 - 5711 variants...
     -reading in genotypes, computing gene-based tests and building masks...done (8662ms) 
     -computing association tests...done (9ms) 
     -computing joint association tests...done (0ms) 
 set [538/1396] : LINC02261 - 35694 variants...
     -reading in genotypes, computing gene-based tests and building masks...done (29663ms) 
     -computing association tests...done (10ms) 
     -computing joint association tests...done (0ms) 
 set [539/1396] : LINC02262 - 23426 variants...
     -reading in genotypes, computing gene-based tests and building masks...done (24605ms) 
     -computing association tests...done (53ms) 
     -computing joint association tests...done (0ms) 
 set [540/1396] : LINC02264 - 14404 variants...
     -reading in genotypes, computing gene-based tests and building masks...done (10207ms) 
     -computing association tests...done (10ms) 
     -computing joint association tests...done (0ms) 
 set [541/1396] : LINC02265 - 12813 variants...
     -reading in genotypes, computing gene-based tests and building masks...done (9051ms) 
     -computing association tests...done (42ms) 
     -computing joint association tests...done (0ms) 
 set [542/1396] : LINC02266 - 17874 variants...
     -reading in genotypes, computing gene-based tests and building masks...done (21543ms) 
     -computing association tests...done (52ms) 
     -computing joint association tests...done (0ms) 
 set [543/1396] : LINC02267 - 280688 variants...
     -reading in genotypes, computing gene-based tests and building masks...done (566092ms) 
     -computing association tests...done (25ms) 
     -computing joint association tests...done (0ms) 
 set [544/1396] : LINC02268 - 62876 variants...
     -reading in genotypes, computing gene-based tests and building masks...done (79877ms) 
     -computing association tests...done (51ms) 
     -computing joint association tests...done (0ms) 
 set [545/1396] : LINC02269 - 80951 variants...
     -reading in genotypes, computing gene-based tests and building masks...done (98925ms) 
     -computing association tests...done (51ms) 
     -computing joint association tests...done (0ms) 
 set [546/1396] : LINC02270 - 47303 variants...
     -reading in genotypes, computing gene-based tests and building masks...done (44668ms) 
     -computing association tests...done (11ms) 
     -computing joint association tests...done (0ms) 
 set [547/1396] : LINC02271 - 8558 variants...
     -reading in genotypes, computing gene-based tests and building masks...done (10248ms) 
     -computing association tests...done (10ms) 
     -computing joint association tests...done (0ms) 
 set [548/1396] : LINC02272 - 14118 variants...
     -reading in genotypes, computing gene-based tests and building masks...done (20148ms) 
     -computing association tests...done (9ms) 
     -computing joint association tests...done (0ms) 
 set [549/1396] : LINC02273 - 10329 variants...
     -reading in genotypes, computing gene-based tests and building masks...done (11624ms) 
     -computing association tests...done (10ms) 
     -computing joint association tests...done (0ms) 
 set [550/1396] : LINC02275 - 29920 variants...
     -reading in genotypes, computing gene-based tests and building masks...done (25422ms) 
     -computing association tests...done (13ms) 
     -computing joint association tests...done (0ms) 
 set [551/1396] : LINC02276 - 7612 variants...
     -reading in genotypes, computing gene-based tests and building masks...done (5810ms) 
     -computing association tests...done (9ms) 
     -computing joint association tests...done (0ms) 
 set [552/1396] : LINC02278 - 6713 variants...
     -reading in genotypes, computing gene-based tests and building masks...done (9571ms) 
     -computing association tests...done (9ms) 
     -computing joint association tests...done (0ms) 
 set [553/1396] : LINC02283 - 26368 variants...
     -reading in genotypes, computing gene-based tests and building masks...done (27753ms) 
     -computing association tests...done (10ms) 
     -computing joint association tests...done (0ms) 
 set [554/1396] : LINC02353 - 5319 variants...
     -reading in genotypes, computing gene-based tests and building masks...done (5960ms) 
     -computing association tests...done (44ms) 
     -computing joint association tests...done (0ms) 
 set [555/1396] : LINC02355 - 76306 variants...
     -reading in genotypes, computing gene-based tests and building masks...done (73438ms) 
     -computing association tests...done (57ms) 
     -computing joint association tests...done (3ms) 
 set [556/1396] : LINC02357 - 15939 variants...
     -reading in genotypes, computing gene-based tests and building masks...done (13579ms) 
     -computing association tests...done (40ms) 
     -computing joint association tests...done (0ms) 
 set [557/1396] : LINC02358 - 10865 variants...
     -reading in genotypes, computing gene-based tests and building masks...done (10595ms) 
     -computing association tests...done (13ms) 
     -computing joint association tests...done (0ms) 
 set [558/1396] : LINC02362 - 10591 variants...
     -reading in genotypes, computing gene-based tests and building masks...done (13468ms) 
     -computing association tests...done (9ms) 
     -computing joint association tests...done (0ms) 
 set [559/1396] : LINC02363 - 14677 variants...
     -reading in genotypes, computing gene-based tests and building masks...done (15294ms) 
     -computing association tests...done (10ms) 
     -computing joint association tests...done (0ms) 
 set [560/1396] : LINC02364 - 14183 variants...
     -reading in genotypes, computing gene-based tests and building masks...done (11712ms) 
     -computing association tests...done (9ms) 
     -computing joint association tests...done (0ms) 
 set [561/1396] : LINC02365 - 17695 variants...
     -reading in genotypes, computing gene-based tests and building masks...done (12427ms) 
     -computing association tests...done (9ms) 
     -computing joint association tests...done (0ms) 
 set [562/1396] : LINC02374 - 6084 variants...
     -reading in genotypes, computing gene-based tests and building masks...done (7179ms) 
     -computing association tests...done (11ms) 
     -computing joint association tests...done (0ms) 
 set [563/1396] : LINC02377 - 98746 variants...
     -reading in genotypes, computing gene-based tests and building masks...done (124852ms) 
     -computing association tests...done (16ms) 
     -computing joint association tests...done (0ms) 
 set [564/1396] : LINC02379 - 7824 variants...
     -reading in genotypes, computing gene-based tests and building masks...done (6132ms) 
     -computing association tests...done (10ms) 
     -computing joint association tests...done (0ms) 
 set [565/1396] : LINC02380 - 31624 variants...
     -reading in genotypes, computing gene-based tests and building masks...done (35476ms) 
     -computing association tests...done (42ms) 
     -computing joint association tests...done (0ms) 
 set [566/1396] : LINC02382 - 5125 variants...
     -reading in genotypes, computing gene-based tests and building masks...done (4312ms) 
     -computing association tests...done (9ms) 
     -computing joint association tests...done (0ms) 
 set [567/1396] : LINC02383 - 20834 variants...
     -reading in genotypes, computing gene-based tests and building masks...done (22650ms) 
     -computing association tests...done (41ms) 
     -computing joint association tests...done (0ms) 
 set [568/1396] : LINC02427 - 17747 variants...
     -reading in genotypes, computing gene-based tests and building masks...done (13372ms) 
     -computing association tests...done (12ms) 
     -computing joint association tests...done (0ms) 
 set [569/1396] : LINC02428 - 95421 variants...
     -reading in genotypes, computing gene-based tests and building masks...done (110248ms) 
     -computing association tests...done (15ms) 
     -computing joint association tests...done (0ms) 
 set [570/1396] : LINC02429 - 36058 variants...
     -reading in genotypes, computing gene-based tests and building masks...done (27483ms) 
     -computing association tests...done (9ms) 
     -computing joint association tests...done (0ms) 
 set [571/1396] : LINC02430 - 2781 variants...
     -reading in genotypes, computing gene-based tests and building masks...done (2115ms) 
     -computing association tests...done (41ms) 
     -computing joint association tests...done (0ms) 
 set [572/1396] : LINC02431 - 12626 variants...
     -reading in genotypes, computing gene-based tests and building masks...done (11414ms) 
     -computing association tests...done (13ms) 
     -computing joint association tests...done (0ms) 
 set [573/1396] : LINC02432 - 19626 variants...
     -reading in genotypes, computing gene-based tests and building masks...done (17227ms) 
     -computing association tests...done (50ms) 
     -computing joint association tests...done (0ms) 
 set [574/1396] : LINC02433 - 5524 variants...
     -reading in genotypes, computing gene-based tests and building masks...done (5107ms) 
     -computing association tests...done (15ms) 
     -computing joint association tests...done (0ms) 
 set [575/1396] : LINC02434 - 19942 variants...
     -reading in genotypes, computing gene-based tests and building masks...done (17409ms) 
     -computing association tests...done (11ms) 
     -computing joint association tests...done (0ms) 
 set [576/1396] : LINC02435 - 19440 variants...
     -reading in genotypes, computing gene-based tests and building masks...done (16439ms) 
     -computing association tests...done (79ms) 
     -computing joint association tests...done (0ms) 
 set [577/1396] : LINC02436 - 29288 variants...
     -reading in genotypes, computing gene-based tests and building masks...done (27163ms) 
     -computing association tests...done (50ms) 
     -computing joint association tests...done (0ms) 
 set [578/1396] : LINC02437 - 14032 variants...
     -reading in genotypes, computing gene-based tests and building masks...done (14901ms) 
     -computing association tests...done (10ms) 
     -computing joint association tests...done (0ms) 
 set [579/1396] : LINC02438 - 143409 variants...
     -reading in genotypes, computing gene-based tests and building masks...done (232518ms) 
     -computing association tests...done (16ms) 
     -computing joint association tests...done (0ms) 
 set [580/1396] : LINC02447 - 9649 variants...
     -reading in genotypes, computing gene-based tests and building masks...done (15290ms) 
     -computing association tests...done (9ms) 
     -computing joint association tests...done (0ms) 
 set [581/1396] : LINC02462 - 81451 variants...
     -reading in genotypes, computing gene-based tests and building masks...done (85621ms) 
     -computing association tests...done (14ms) 
     -computing joint association tests...done (0ms) 
 set [582/1396] : LINC02465 - 91772 variants...
     -reading in genotypes, computing gene-based tests and building masks...done (109568ms) 
     -computing association tests...done (16ms) 
     -computing joint association tests...done (0ms) 
 set [583/1396] : LINC02466 - 68431 variants...
     -reading in genotypes, computing gene-based tests and building masks...done (68226ms) 
     -computing association tests...done (25ms) 
     -computing joint association tests...done (9ms) 
 set [584/1396] : LINC02469 - 18318 variants...
     -reading in genotypes, computing gene-based tests and building masks...done (25023ms) 
     -computing association tests...done (25ms) 
     -computing joint association tests...done (0ms) 
 set [585/1396] : LINC02472 - 41158 variants...
     -reading in genotypes, computing gene-based tests and building masks...done (43042ms) 
     -computing association tests...done (14ms) 
     -computing joint association tests...done (0ms) 
 set [586/1396] : LINC02473 - 10148 variants...
     -reading in genotypes, computing gene-based tests and building masks...done (8986ms) 
     -computing association tests...done (46ms) 
     -computing joint association tests...done (0ms) 
 set [587/1396] : LINC02475 - 16739 variants...
     -reading in genotypes, computing gene-based tests and building masks...done (22580ms) 
     -computing association tests...done (11ms) 
     -computing joint association tests...done (0ms) 
 set [588/1396] : LINC02477 - 29207 variants...
     -reading in genotypes, computing gene-based tests and building masks...done (28951ms) 
     -computing association tests...done (11ms) 
     -computing joint association tests...done (0ms) 
 set [589/1396] : LINC02479 - 32597 variants...
     -reading in genotypes, computing gene-based tests and building masks...done (31326ms) 
     -computing association tests...done (14ms) 
     -computing joint association tests...done (0ms) 
 set [590/1396] : LINC02480 - 1103 variants...
     -reading in genotypes, computing gene-based tests and building masks...done (3921ms) 
     -computing association tests...done (6ms) 
     -computing joint association tests...done (0ms) 
 set [591/1396] : LINC02481 - 3851 variants...
     -reading in genotypes, computing gene-based tests and building masks...done (4246ms) 
     -computing association tests...done (12ms) 
     -computing joint association tests...done (0ms) 
 set [592/1396] : LINC02482 - 11068 variants...
     -reading in genotypes, computing gene-based tests and building masks...done (11258ms) 
     -computing association tests...done (60ms) 
     -computing joint association tests...done (0ms) 
 set [593/1396] : LINC02483 - 9208 variants...
     -reading in genotypes, computing gene-based tests and building masks...done (8870ms) 
     -computing association tests...done (12ms) 
     -computing joint association tests...done (0ms) 
 set [594/1396] : LINC02484 - 84213 variants...
     -reading in genotypes, computing gene-based tests and building masks...done (100480ms) 
     -computing association tests...done (17ms) 
     -computing joint association tests...done (0ms) 
 set [595/1396] : LINC02485 - 10231 variants...
     -reading in genotypes, computing gene-based tests and building masks...done (17521ms) 
     -computing association tests...done (9ms) 
     -computing joint association tests...done (0ms) 
 set [596/1396] : LINC02492 - 65646 variants...
     -reading in genotypes, computing gene-based tests and building masks...done (74496ms) 
     -computing association tests...done (15ms) 
     -computing joint association tests...done (0ms) 
 set [597/1396] : LINC02493 - 10397 variants...
     -reading in genotypes, computing gene-based tests and building masks...done (9363ms) 
     -computing association tests...done (10ms) 
     -computing joint association tests...done (0ms) 
 set [598/1396] : LINC02494 - 22571 variants...
     -reading in genotypes, computing gene-based tests and building masks...done (24971ms) 
     -computing association tests...done (10ms) 
     -computing joint association tests...done (15ms) 
 set [599/1396] : LINC02496 - 24807 variants...
     -reading in genotypes, computing gene-based tests and building masks...done (18240ms) 
     -computing association tests...done (48ms) 
     -computing joint association tests...done (0ms) 
 set [600/1396] : LINC02497 - 29737 variants...
     -reading in genotypes, computing gene-based tests and building masks...done (32909ms) 
     -computing association tests...done (48ms) 
     -computing joint association tests...done (0ms) 
 set [601/1396] : LINC02498 - 51191 variants...
     -reading in genotypes, computing gene-based tests and building masks...done (45959ms) 
     -computing association tests...done (14ms) 
     -computing joint association tests...done (0ms) 
 set [602/1396] : LINC02499 - 12810 variants...
     -reading in genotypes, computing gene-based tests and building masks...done (9198ms) 
     -computing association tests...done (11ms) 
     -computing joint association tests...done (0ms) 
 set [603/1396] : LINC02500 - 6399 variants...
     -reading in genotypes, computing gene-based tests and building masks...done (5740ms) 
     -computing association tests...done (86ms) 
     -computing joint association tests...done (0ms) 
 set [604/1396] : LINC02501 - 27861 variants...
     -reading in genotypes, computing gene-based tests and building masks...done (19827ms) 
     -computing association tests...done (11ms) 
     -computing joint association tests...done (0ms) 
 set [605/1396] : LINC02502 - 2542 variants...
     -reading in genotypes, computing gene-based tests and building masks...done (14647ms) 
     -computing association tests...done (9ms) 
     -computing joint association tests...done (0ms) 
 set [606/1396] : LINC02503 - 37604 variants...
     -reading in genotypes, computing gene-based tests and building masks...done (32700ms) 
     -computing association tests...done (54ms) 
     -computing joint association tests...done (0ms) 
 set [607/1396] : LINC02504 - 8108 variants...
     -reading in genotypes, computing gene-based tests and building masks...done (8465ms) 
     -computing association tests...done (11ms) 
     -computing joint association tests...done (0ms) 
 set [608/1396] : LINC02505 - 93877 variants...
     -reading in genotypes, computing gene-based tests and building masks...done (101301ms) 
     -computing association tests...done (14ms) 
     -computing joint association tests...done (0ms) 
 set [609/1396] : LINC02506 - 104167 variants...
     -reading in genotypes, computing gene-based tests and building masks...done (126134ms) 
     -computing association tests...done (16ms) 
     -computing joint association tests...done (0ms) 
 set [610/1396] : LINC02507 - 14490 variants...
     -reading in genotypes, computing gene-based tests and building masks...done (14253ms) 
     -computing association tests...done (11ms) 
     -computing joint association tests...done (0ms) 
 set [611/1396] : LINC02508 - 30634 variants...
     -reading in genotypes, computing gene-based tests and building masks...done (24117ms) 
     -computing association tests...done (11ms) 
     -computing joint association tests...done (0ms) 
 set [612/1396] : LINC02509 - 68 variants...
     -reading in genotypes, computing gene-based tests and building masks...done (519ms) 
     -computing association tests...done (41ms) 
     -computing joint association tests...done (12ms) 
 set [613/1396] : LINC02510 - 16497 variants...
     -reading in genotypes, computing gene-based tests and building masks...done (17773ms) 
     -computing association tests...done (9ms) 
     -computing joint association tests...done (0ms) 
 set [614/1396] : LINC02511 - 184822 variants...
     -reading in genotypes, computing gene-based tests and building masks...done (297954ms) 
     -computing association tests...done (50ms) 
     -computing joint association tests...done (0ms) 
 set [615/1396] : LINC02512 - 19106 variants...
     -reading in genotypes, computing gene-based tests and building masks...done (16437ms) 
     -computing association tests...done (45ms) 
     -computing joint association tests...done (0ms) 
 set [616/1396] : LINC02513 - 42064 variants...
     -reading in genotypes, computing gene-based tests and building masks...done (38783ms) 
     -computing association tests...done (9ms) 
     -computing joint association tests...done (0ms) 
 set [617/1396] : LINC02514 - 4813 variants...
     -reading in genotypes, computing gene-based tests and building masks...done (8989ms) 
     -computing association tests...done (9ms) 
     -computing joint association tests...done (0ms) 
 set [618/1396] : LINC02515 - 8081 variants...
     -reading in genotypes, computing gene-based tests and building masks...done (7436ms) 
     -computing association tests...done (12ms) 
     -computing joint association tests...done (0ms) 
 set [619/1396] : LINC02516 - 59285 variants...
     -reading in genotypes, computing gene-based tests and building masks...done (57430ms) 
     -computing association tests...done (12ms) 
     -computing joint association tests...done (0ms) 
 set [620/1396] : LINC02517 - 7871 variants...
     -reading in genotypes, computing gene-based tests and building masks...done (11277ms) 
     -computing association tests...done (9ms) 
     -computing joint association tests...done (2ms) 
 set [621/1396] : LINC02562 - 28047 variants...
     -reading in genotypes, computing gene-based tests and building masks...done (30790ms) 
     -computing association tests...done (44ms) 
     -computing joint association tests...done (0ms) 
 set [622/1396] : LINC02600 - 3624 variants...
     -reading in genotypes, computing gene-based tests and building masks...done (3037ms) 
     -computing association tests...done (9ms) 
     -computing joint association tests...done (0ms) 
 set [623/1396] : LINC02615 - 100915 variants...
     -reading in genotypes, computing gene-based tests and building masks...done (99385ms) 
     -computing association tests...done (14ms) 
     -computing joint association tests...done (13ms) 
 set [624/1396] : LINC02616 - 29014 variants...
     -reading in genotypes, computing gene-based tests and building masks...done (27350ms) 
     -computing association tests...done (12ms) 
     -computing joint association tests...done (0ms) 
 set [625/1396] : LINC02835 - 19335 variants...
     -reading in genotypes, computing gene-based tests and building masks...done (16044ms) 
     -computing association tests...done (10ms) 
     -computing joint association tests...done (0ms) 
 set [626/1396] : LINC02945 - 103825 variants...
     -reading in genotypes, computing gene-based tests and building masks...done (178758ms) 
     -computing association tests...done (18ms) 
     -computing joint association tests...done (0ms) 
 set [627/1396] : LINC02994 - 212473 variants...
     -reading in genotypes, computing gene-based tests and building masks...done (386998ms) 
     -computing association tests...done (92ms) 
     -computing joint association tests...done (0ms) 
 set [628/1396] : LINC03074 - 56021 variants...
     -reading in genotypes, computing gene-based tests and building masks...done (56131ms) 
     -computing association tests...done (50ms) 
     -computing joint association tests...done (0ms) 
 set [629/1396] : LNCPRESS2 - 9474 variants...
     -reading in genotypes, computing gene-based tests and building masks...done (6907ms) 
     -computing association tests...done (9ms) 
     -computing joint association tests...done (0ms) 
 set [630/1396] : LNX1 - 72753 variants...
     -reading in genotypes, computing gene-based tests and building masks...done (67360ms) 
     -computing association tests...done (14ms) 
     -computing joint association tests...done (0ms) 
 set [631/1396] : LNX1-AS2 - 5778 variants...
     -reading in genotypes, computing gene-based tests and building masks...done (3815ms) 
     -computing association tests...done (43ms) 
     -computing joint association tests...done (0ms) 
 set [632/1396] : LRAT - 45876 variants...
     -reading in genotypes, computing gene-based tests and building masks...done (57115ms) 
     -computing association tests...done (51ms) 
     -computing joint association tests...done (0ms) 
 set [633/1396] : LRBA - 335430 variants...
     -reading in genotypes, computing gene-based tests and building masks...done (892257ms) 
     -computing association tests...done (63ms) 
     -computing joint association tests...done (0ms) 
 set [634/1396] : LRIT3 - 12975 variants...
     -reading in genotypes, computing gene-based tests and building masks...done (15804ms) 
     -computing association tests...done (10ms) 
     -computing joint association tests...done (0ms) 
 set [635/1396] : LRP2BP - 21014 variants...
     -reading in genotypes, computing gene-based tests and building masks...done (41373ms) 
     -computing association tests...done (57ms) 
     -computing joint association tests...done (0ms) 
 set [636/1396] : LRPAP1 - 21666 variants...
     -reading in genotypes, computing gene-based tests and building masks...done (20767ms) 
     -computing association tests...done (13ms) 
     -computing joint association tests...done (0ms) 
 set [637/1396] : LRRC34P2 - 4465 variants...
     -reading in genotypes, computing gene-based tests and building masks...done (4611ms) 
     -computing association tests...done (9ms) 
     -computing joint association tests...done (0ms) 
 set [638/1396] : LRRC66 - 11521 variants...
     -reading in genotypes, computing gene-based tests and building masks...done (10482ms) 
     -computing association tests...done (14ms) 
     -computing joint association tests...done (0ms) 
 set [639/1396] : LSM6 - 16280 variants...
     -reading in genotypes, computing gene-based tests and building masks...done (13863ms) 
     -computing association tests...done (53ms) 
     -computing joint association tests...done (0ms) 
 set [640/1396] : LTV1P1 - 421 variants...
     -reading in genotypes, computing gene-based tests and building masks...done (559ms) 
     -computing association tests...done (44ms) 
     -computing joint association tests...done (0ms) 
 set [641/1396] : LYAR - 14098 variants...
     -reading in genotypes, computing gene-based tests and building masks...done (10148ms) 
     -computing association tests...done (11ms) 
     -computing joint association tests...done (0ms) 
 set [642/1396] : LYPLA1P2 - 23 variants...
     -reading in genotypes, computing gene-based tests and building masks...done (7613ms) 
     -computing association tests...done (1ms) 
     -computing joint association tests...done (0ms) 
 set [643/1396] : MAB21L2 - 5142 variants...
     -reading in genotypes, computing gene-based tests and building masks...done (4823ms) 
     -computing association tests...done (13ms) 
     -computing joint association tests...done (0ms) 
 set [644/1396] : MAD2L1 - 8231 variants...
     -reading in genotypes, computing gene-based tests and building masks...done (8704ms) 
     -computing association tests...done (52ms) 
     -computing joint association tests...done (0ms) 
 set [645/1396] : MAD2L1-DT - 203035 variants...
     -reading in genotypes, computing gene-based tests and building masks...done (340278ms) 
     -computing association tests...done (15ms) 
     -computing joint association tests...done (0ms) 
 set [646/1396] : MAEA - 42554 variants...
     -reading in genotypes, computing gene-based tests and building masks...done (80785ms) 
     -computing association tests...done (13ms) 
     -computing joint association tests...done (14ms) 
 set [647/1396] : MAML3 - 186563 variants...
     -reading in genotypes, computing gene-based tests and building masks...done (293926ms) 
     -computing association tests...done (68ms) 
     -computing joint association tests...done (0ms) 
 set [648/1396] : MAN2B2 - 31861 variants...
     -reading in genotypes, computing gene-based tests and building masks...done (30793ms) 
     -computing association tests...done (59ms) 
     -computing joint association tests...done (0ms) 
 set [649/1396] : MANBA - 54958 variants...
     -reading in genotypes, computing gene-based tests and building masks...done (50338ms) 
     -computing association tests...done (13ms) 
     -computing joint association tests...done (0ms) 
 set [650/1396] : MAP9 - 19061 variants...
     -reading in genotypes, computing gene-based tests and building masks...done (13198ms) 
     -computing association tests...done (13ms) 
     -computing joint association tests...done (0ms) 
 set [651/1396] : MAP9-AS1 - 63920 variants...
     -reading in genotypes, computing gene-based tests and building masks...done (80995ms) 
     -computing association tests...done (56ms) 
     -computing joint association tests...done (0ms) 
 set [652/1396] : MAPK10 - 214702 variants...
     -reading in genotypes, computing gene-based tests and building masks...done (384194ms) 
     -computing association tests...done (17ms) 
     -computing joint association tests...done (0ms) 
 set [653/1396] : MAPRE1P2 - 341 variants...
     -reading in genotypes, computing gene-based tests and building masks...done (460ms) 
     -computing association tests...done (3ms) 
     -computing joint association tests...done (0ms) 
 set [654/1396] : MARCHF1 - 387503 variants...
     -reading in genotypes, computing gene-based tests and building masks...done (1191359ms) 
     -computing association tests...done (59ms) 
     -computing joint association tests...done (0ms) 
 set [655/1396] : MARK2P4 - 5334 variants...
     -reading in genotypes, computing gene-based tests and building masks...done (6806ms) 
     -computing association tests...done (9ms) 
     -computing joint association tests...done (0ms) 
 set [656/1396] : MCUB - 55436 variants...
     -reading in genotypes, computing gene-based tests and building masks...done (56003ms) 
     -computing association tests...done (14ms) 
     -computing joint association tests...done (0ms) 
 set [657/1396] : MED28 - 10480 variants...
     -reading in genotypes, computing gene-based tests and building masks...done (18135ms) 
     -computing association tests...done (41ms) 
     -computing joint association tests...done (0ms) 
 set [658/1396] : MEPE - 8761 variants...
     -reading in genotypes, computing gene-based tests and building masks...done (15201ms) 
     -computing association tests...done (39ms) 
     -computing joint association tests...done (0ms) 
 set [659/1396] : MESTP3 - 4914 variants...
     -reading in genotypes, computing gene-based tests and building masks...done (6541ms) 
     -computing association tests...done (10ms) 
     -computing joint association tests...done (0ms) 
 set [660/1396] : METAP1 - 31947 variants...
     -reading in genotypes, computing gene-based tests and building masks...done (27312ms) 
     -computing association tests...done (11ms) 
     -computing joint association tests...done (0ms) 
 set [661/1396] : Metazoa_SRP - 208 variants...
     -reading in genotypes, computing gene-based tests and building masks...done (399ms) 
     -computing association tests...done (1ms) 
     -computing joint association tests...done (0ms) 
 set [662/1396] : METTL14 - 14966 variants...
     -reading in genotypes, computing gene-based tests and building masks...done (14385ms) 
     -computing association tests...done (10ms) 
     -computing joint association tests...done (0ms) 
 set [663/1396] : METTL14-DT - 7537 variants...
     -reading in genotypes, computing gene-based tests and building masks...done (5857ms) 
     -computing association tests...done (11ms) 
     -computing joint association tests...done (0ms) 
 set [664/1396] : METTL5P3 - 3801 variants...
     -reading in genotypes, computing gene-based tests and building masks...done (2881ms) 
     -computing association tests...done (42ms) 
     -computing joint association tests...done (0ms) 
 set [665/1396] : MFAP3L - 20831 variants...
     -reading in genotypes, computing gene-based tests and building masks...done (15120ms) 
     -computing association tests...done (16ms) 
     -computing joint association tests...done (0ms) 
 set [666/1396] : MFSD10 - 7668 variants...
     -reading in genotypes, computing gene-based tests and building masks...done (5696ms) 
     -computing association tests...done (12ms) 
     -computing joint association tests...done (0ms) 
 set [667/1396] : MFSD8 - 21881 variants...
     -reading in genotypes, computing gene-based tests and building masks...done (16396ms) 
     -computing association tests...done (63ms) 
     -computing joint association tests...done (0ms) 
 set [668/1396] : MGARP - 10122 variants...
     -reading in genotypes, computing gene-based tests and building masks...done (8168ms) 
     -computing association tests...done (10ms) 
     -computing joint association tests...done (0ms) 
 set [669/1396] : MGAT4D - 26280 variants...
     -reading in genotypes, computing gene-based tests and building masks...done (18945ms) 
     -computing association tests...done (49ms) 
     -computing joint association tests...done (0ms) 
 set [670/1396] : MGST2 - 21826 variants...
     -reading in genotypes, computing gene-based tests and building masks...done (16044ms) 
     -computing association tests...done (19ms) 
     -computing joint association tests...done (0ms) 
 set [671/1396] : MIR1255B1 - 26 variants...
     -reading in genotypes, computing gene-based tests and building masks...done (569ms) 
     -computing association tests...done (7ms) 
     -computing joint association tests...done (0ms) 
 set [672/1396] : MIR1269A - 50 variants...
     -reading in genotypes, computing gene-based tests and building masks...done (3150ms) 
     -computing association tests...done (14ms) 
     -computing joint association tests...done (0ms) 
 set [673/1396] : MIR1973 - 1111 variants...
     -reading in genotypes, computing gene-based tests and building masks...done (1083ms) 
     -computing association tests...done (5ms) 
     -computing joint association tests...done (0ms) 
 set [674/1396] : MIR2054 - 23 variants...
     -reading in genotypes, computing gene-based tests and building masks...done (98ms) 
     -computing association tests...done (0ms) 
     -computing joint association tests...done (0ms) 
 set [675/1396] : MIR297 - 3960 variants...
     -reading in genotypes, computing gene-based tests and building masks...done (5517ms) 
     -computing association tests...done (48ms) 
     -computing joint association tests...done (0ms) 
 set [676/1396] : MIR302CHG - 21504 variants...
     -reading in genotypes, computing gene-based tests and building masks...done (15475ms) 
     -computing association tests...done (9ms) 
     -computing joint association tests...done (0ms) 
 set [677/1396] : MIR378D1 - 4541 variants...
     -reading in genotypes, computing gene-based tests and building masks...done (9242ms) 
     -computing association tests...done (8ms) 
     -computing joint association tests...done (0ms) 
 set [678/1396] : MIR3945HG - 9573 variants...
     -reading in genotypes, computing gene-based tests and building masks...done (10991ms) 
     -computing association tests...done (9ms) 
     -computing joint association tests...done (0ms) 
 set [679/1396] : MIR4275 - 2073 variants...
     -reading in genotypes, computing gene-based tests and building masks...done (1608ms) 
     -computing association tests...done (8ms) 
     -computing joint association tests...done (0ms) 
 set [680/1396] : MIR4276 - 3896 variants...
     -reading in genotypes, computing gene-based tests and building masks...done (5850ms) 
     -computing association tests...done (10ms) 
     -computing joint association tests...done (0ms) 
 set [681/1396] : MIR4449 - 38 variants...
     -reading in genotypes, computing gene-based tests and building masks...done (809ms) 
     -computing association tests...done (42ms) 
     -computing joint association tests...done (0ms) 
 set [682/1396] : MIR4452 - 1315 variants...
     -reading in genotypes, computing gene-based tests and building masks...done (1185ms) 
     -computing association tests...done (6ms) 
     -computing joint association tests...done (0ms) 
 set [683/1396] : MIR4453HG - 1303 variants...
     -reading in genotypes, computing gene-based tests and building masks...done (1221ms) 
     -computing association tests...done (8ms) 
     -computing joint association tests...done (0ms) 
 set [684/1396] : MIR4454 - 4635 variants...
     -reading in genotypes, computing gene-based tests and building masks...done (8714ms) 
     -computing association tests...done (10ms) 
     -computing joint association tests...done (0ms) 
 set [685/1396] : MIR4455 - 19 variants...
     -reading in genotypes, computing gene-based tests and building masks...done (64ms) 
     -computing association tests...done (0ms) 
     -computing joint association tests...done (0ms) 
 set [686/1396] : MIR548AG1 - 4553 variants...
     -reading in genotypes, computing gene-based tests and building masks...done (5631ms) 
     -computing association tests...done (9ms) 
     -computing joint association tests...done (0ms) 
 set [687/1396] : MIR548G - 4997 variants...
     -reading in genotypes, computing gene-based tests and building masks...done (3493ms) 
     -computing association tests...done (8ms) 
     -computing joint association tests...done (0ms) 
 set [688/1396] : MIR548I2 - 113 variants...
     -reading in genotypes, computing gene-based tests and building masks...done (278ms) 
     -computing association tests...done (0ms) 
     -computing joint association tests...done (0ms) 
 set [689/1396] : MIR5705 - 1329 variants...
     -reading in genotypes, computing gene-based tests and building masks...done (1220ms) 
     -computing association tests...done (9ms) 
     -computing joint association tests...done (0ms) 
 set [690/1396] : MIR572 - 90 variants...
     -reading in genotypes, computing gene-based tests and building masks...done (250ms) 
     -computing association tests...done (0ms) 
     -computing joint association tests...done (0ms) 
 set [691/1396] : MIR573 - 4648 variants...
     -reading in genotypes, computing gene-based tests and building masks...done (3950ms) 
     -computing association tests...done (9ms) 
     -computing joint association tests...done (0ms) 
 set [692/1396] : MIR6082 - 4468 variants...
     -reading in genotypes, computing gene-based tests and building masks...done (3477ms) 
     -computing association tests...done (8ms) 
     -computing joint association tests...done (0ms) 
 set [693/1396] : MLLT10P2 - 2827 variants...
     -reading in genotypes, computing gene-based tests and building masks...done (15118ms) 
     -computing association tests...done (43ms) 
     -computing joint association tests...done (0ms) 
 set [694/1396] : MMAA - 27485 variants...
     -reading in genotypes, computing gene-based tests and building masks...done (19506ms) 
     -computing association tests...done (62ms) 
     -computing joint association tests...done (0ms) 
 set [695/1396] : MMRN1 - 29019 variants...
     -reading in genotypes, computing gene-based tests and building masks...done (29734ms) 
     -computing association tests...done (13ms) 
     -computing joint association tests...done (0ms) 
 set [696/1396] : MND1 - 36723 variants...
     -reading in genotypes, computing gene-based tests and building masks...done (40848ms) 
     -computing association tests...done (52ms) 
     -computing joint association tests...done (0ms) 
 set [697/1396] : MOB1B - 40972 variants...
     -reading in genotypes, computing gene-based tests and building masks...done (46971ms) 
     -computing association tests...done (13ms) 
     -computing joint association tests...done (0ms) 
 set [698/1396] : MORF4 - 475 variants...
     -reading in genotypes, computing gene-based tests and building masks...done (582ms) 
     -computing association tests...done (6ms) 
     -computing joint association tests...done (12ms) 
 set [699/1396] : MORF4L2P1 - 361 variants...
     -reading in genotypes, computing gene-based tests and building masks...done (2091ms) 
     -computing association tests...done (2ms) 
     -computing joint association tests...done (0ms) 
 set [700/1396] : MRFAP1 - 6066 variants...
     -reading in genotypes, computing gene-based tests and building masks...done (11331ms) 
     -computing association tests...done (49ms) 
     -computing joint association tests...done (0ms) 
 set [701/1396] : MRFAP1L1 - 5281 variants...
     -reading in genotypes, computing gene-based tests and building masks...done (4779ms) 
     -computing association tests...done (9ms) 
     -computing joint association tests...done (0ms) 
 set [702/1396] : MRFAP1L2 - 7258 variants...
     -reading in genotypes, computing gene-based tests and building masks...done (6416ms) 
     -computing association tests...done (11ms) 
     -computing joint association tests...done (0ms) 
 set [703/1396] : MRPL1 - 37354 variants...
     -reading in genotypes, computing gene-based tests and building masks...done (34707ms) 
     -computing association tests...done (59ms) 
     -computing joint association tests...done (0ms) 
 set [704/1396] : MRPS18C - 1483 variants...
     -reading in genotypes, computing gene-based tests and building masks...done (17696ms) 
     -computing association tests...done (8ms) 
     -computing joint association tests...done (0ms) 
 set [705/1396] : MRPS33P3 - 4523 variants...
     -reading in genotypes, computing gene-based tests and building masks...done (3145ms) 
     -computing association tests...done (10ms) 
     -computing joint association tests...done (0ms) 
 set [706/1396] : MRPS36P2 - 137 variants...
     -reading in genotypes, computing gene-based tests and building masks...done (304ms) 
     -computing association tests...done (5ms) 
     -computing joint association tests...done (0ms) 
 set [707/1396] : MSANTD1 - 12524 variants...
     -reading in genotypes, computing gene-based tests and building masks...done (10275ms) 
     -computing association tests...done (11ms) 
     -computing joint association tests...done (0ms) 
 set [708/1396] : MSMO1 - 10965 variants...
     -reading in genotypes, computing gene-based tests and building masks...done (9001ms) 
     -computing association tests...done (9ms) 
     -computing joint association tests...done (0ms) 
 set [709/1396] : MSX1 - 10086 variants...
     -reading in genotypes, computing gene-based tests and building masks...done (17947ms) 
     -computing association tests...done (18ms) 
     -computing joint association tests...done (0ms) 
 set [710/1396] : MT2P1 - 4129 variants...
     -reading in genotypes, computing gene-based tests and building masks...done (4794ms) 
     -computing association tests...done (8ms) 
     -computing joint association tests...done (0ms) 
 set [711/1396] : MTATP6P9 - 274 variants...
     -reading in genotypes, computing gene-based tests and building masks...done (1728ms) 
     -computing association tests...done (5ms) 
     -computing joint association tests...done (0ms) 
 set [712/1396] : MTCO1P9 - 1930 variants...
     -reading in genotypes, computing gene-based tests and building masks...done (3443ms) 
     -computing association tests...done (7ms) 
     -computing joint association tests...done (0ms) 
 set [713/1396] : MTCO2P9 - 327 variants...
     -reading in genotypes, computing gene-based tests and building masks...done (451ms) 
     -computing association tests...done (5ms) 
     -computing joint association tests...done (0ms) 
 set [714/1396] : MTCO3P27 - 1158 variants...
     -reading in genotypes, computing gene-based tests and building masks...done (1221ms) 
     -computing association tests...done (5ms) 
     -computing joint association tests...done (0ms) 
 set [715/1396] : MTCO3P28 - 846 variants...
     -reading in genotypes, computing gene-based tests and building masks...done (1148ms) 
     -computing association tests...done (46ms) 
     -computing joint association tests...done (0ms) 
 set [716/1396] : MTCO3P39 - 189 variants...
     -reading in genotypes, computing gene-based tests and building masks...done (1707ms) 
     -computing association tests...done (5ms) 
     -computing joint association tests...done (0ms) 
 set [717/1396] : MTCO3P42 - 518 variants...
     -reading in genotypes, computing gene-based tests and building masks...done (4753ms) 
     -computing association tests...done (5ms) 
     -computing joint association tests...done (0ms) 
 set [718/1396] : MTCO3P44 - 1012 variants...
     -reading in genotypes, computing gene-based tests and building masks...done (7322ms) 
     -computing association tests...done (6ms) 
     -computing joint association tests...done (0ms) 
 set [719/1396] : MTCO3P9 - 348 variants...
     -reading in genotypes, computing gene-based tests and building masks...done (415ms) 
     -computing association tests...done (1ms) 
     -computing joint association tests...done (0ms) 
 set [720/1396] : MTCYBP16 - 1419 variants...
     -reading in genotypes, computing gene-based tests and building masks...done (1425ms) 
     -computing association tests...done (5ms) 
     -computing joint association tests...done (0ms) 
 set [721/1396] : MTCYBP17 - 406 variants...
     -reading in genotypes, computing gene-based tests and building masks...done (567ms) 
     -computing association tests...done (2ms) 
     -computing joint association tests...done (0ms) 
 set [722/1396] : MTCYBP44 - 5185 variants...
     -reading in genotypes, computing gene-based tests and building masks...done (5207ms) 
     -computing association tests...done (9ms) 
     -computing joint association tests...done (0ms) 
 set [723/1396] : MTHFD2L - 68052 variants...
     -reading in genotypes, computing gene-based tests and building masks...done (62485ms) 
     -computing association tests...done (54ms) 
     -computing joint association tests...done (0ms) 
 set [724/1396] : MTHFD2P4 - 5532 variants...
     -reading in genotypes, computing gene-based tests and building masks...done (8468ms) 
     -computing association tests...done (46ms) 
     -computing joint association tests...done (0ms) 
 set [725/1396] : MTND1P22 - 865 variants...
     -reading in genotypes, computing gene-based tests and building masks...done (1029ms) 
     -computing association tests...done (47ms) 
     -computing joint association tests...done (0ms) 
 set [726/1396] : MTND2P33 - 1010 variants...
     -reading in genotypes, computing gene-based tests and building masks...done (1085ms) 
     -computing association tests...done (43ms) 
     -computing joint association tests...done (0ms) 
 set [727/1396] : MTND3P22 - 74 variants...
     -reading in genotypes, computing gene-based tests and building masks...done (2708ms) 
     -computing association tests...done (4ms) 
     -computing joint association tests...done (0ms) 
 set [728/1396] : MTND3P24 - 142 variants...
     -reading in genotypes, computing gene-based tests and building masks...done (239ms) 
     -computing association tests...done (1ms) 
     -computing joint association tests...done (0ms) 
 set [729/1396] : MTND3P3 - 144 variants...
     -reading in genotypes, computing gene-based tests and building masks...done (817ms) 
     -computing association tests...done (1ms) 
     -computing joint association tests...done (0ms) 
 set [730/1396] : MTND3P5 - 140 variants...
     -reading in genotypes, computing gene-based tests and building masks...done (199ms) 
     -computing association tests...done (0ms) 
     -computing joint association tests...done (0ms) 
 set [731/1396] : MTND4LP22 - 128 variants...
     -reading in genotypes, computing gene-based tests and building masks...done (321ms) 
     -computing association tests...done (0ms) 
     -computing joint association tests...done (0ms) 
 set [732/1396] : MTND4LP31 - 124 variants...
     -reading in genotypes, computing gene-based tests and building masks...done (202ms) 
     -computing association tests...done (0ms) 
     -computing joint association tests...done (0ms) 
 set [733/1396] : MTND4P8 - 569 variants...
     -reading in genotypes, computing gene-based tests and building masks...done (741ms) 
     -computing association tests...done (5ms) 
     -computing joint association tests...done (0ms) 
 set [734/1396] : MTND4P9 - 4722 variants...
     -reading in genotypes, computing gene-based tests and building masks...done (5676ms) 
     -computing association tests...done (10ms) 
     -computing joint association tests...done (0ms) 
 set [735/1396] : MTND5P13 - 1172 variants...
     -reading in genotypes, computing gene-based tests and building masks...done (1149ms) 
     -computing association tests...done (5ms) 
     -computing joint association tests...done (0ms) 
 set [736/1396] : MTND5P9 - 1201 variants...
     -reading in genotypes, computing gene-based tests and building masks...done (1097ms) 
     -computing association tests...done (6ms) 
     -computing joint association tests...done (0ms) 
 set [737/1396] : MTND6P16 - 1876 variants...
     -reading in genotypes, computing gene-based tests and building masks...done (1767ms) 
     -computing association tests...done (7ms) 
     -computing joint association tests...done (0ms) 
 set [738/1396] : MTND6P17 - 1341 variants...
     -reading in genotypes, computing gene-based tests and building masks...done (1304ms) 
     -computing association tests...done (5ms) 
     -computing joint association tests...done (0ms) 
 set [739/1396] : MTNR1A - 14516 variants...
     -reading in genotypes, computing gene-based tests and building masks...done (17348ms) 
     -computing association tests...done (11ms) 
     -computing joint association tests...done (0ms) 
 set [740/1396] : MTTP - 23761 variants...
     -reading in genotypes, computing gene-based tests and building masks...done (24748ms) 
     -computing association tests...done (16ms) 
     -computing joint association tests...done (0ms) 
 set [741/1396] : MUC7 - 26686 variants...
     -reading in genotypes, computing gene-based tests and building masks...done (30130ms) 
     -computing association tests...done (14ms) 
     -computing joint association tests...done (0ms) 
 set [742/1396] : MXD4 - 11047 variants...
     -reading in genotypes, computing gene-based tests and building masks...done (12244ms) 
     -computing association tests...done (9ms) 
     -computing joint association tests...done (0ms) 
 set [743/1396] : MYL12BP2 - 1976 variants...
     -reading in genotypes, computing gene-based tests and building masks...done (1918ms) 
     -computing association tests...done (46ms) 
     -computing joint association tests...done (0ms) 
 set [744/1396] : MYL5 - 9916 variants...
     -reading in genotypes, computing gene-based tests and building masks...done (13200ms) 
     -computing association tests...done (46ms) 
     -computing joint association tests...done (0ms) 
 set [745/1396] : MYOZ2 - 23402 variants...
     -reading in genotypes, computing gene-based tests and building masks...done (24535ms) 
     -computing association tests...done (52ms) 
     -computing joint association tests...done (0ms) 
 set [746/1396] : N4BP2 - 45622 variants...
     -reading in genotypes, computing gene-based tests and building masks...done (50257ms) 
     -computing association tests...done (14ms) 
     -computing joint association tests...done (0ms) 
 set [747/1396] : NAA11 - 7845 variants...
     -reading in genotypes, computing gene-based tests and building masks...done (5933ms) 
     -computing association tests...done (18ms) 
     -computing joint association tests...done (0ms) 
 set [748/1396] : NAA15 - 41085 variants...
     -reading in genotypes, computing gene-based tests and building masks...done (34085ms) 
     -computing association tests...done (44ms) 
     -computing joint association tests...done (0ms) 
 set [749/1396] : NAAA - 15771 variants...
     -reading in genotypes, computing gene-based tests and building masks...done (19619ms) 
     -computing association tests...done (48ms) 
     -computing joint association tests...done (11ms) 
 set [750/1396] : NACA3P - 242 variants...
     -reading in genotypes, computing gene-based tests and building masks...done (614ms) 
     -computing association tests...done (66ms) 
     -computing joint association tests...done (0ms) 
 set [751/1396] : NACAP5 - 5322 variants...
     -reading in genotypes, computing gene-based tests and building masks...done (4306ms) 
     -computing association tests...done (42ms) 
     -computing joint association tests...done (0ms) 
 set [752/1396] : NAF1 - 19640 variants...
     -reading in genotypes, computing gene-based tests and building masks...done (14779ms) 
     -computing association tests...done (11ms) 
     -computing joint association tests...done (0ms) 
 set [753/1396] : NAT8L - 11332 variants...
     -reading in genotypes, computing gene-based tests and building masks...done (12223ms) 
     -computing association tests...done (10ms) 
     -computing joint association tests...done (0ms) 
 set [754/1396] : NCAPG - 16780 variants...
     -reading in genotypes, computing gene-based tests and building masks...done (14058ms) 
     -computing association tests...done (13ms) 
     -computing joint association tests...done (0ms) 
 set [755/1396] : NDNF - 19519 variants...
     -reading in genotypes, computing gene-based tests and building masks...done (22933ms) 
     -computing association tests...done (13ms) 
     -computing joint association tests...done (0ms) 
 set [756/1396] : NDNF-AS1 - 3212 variants...
     -reading in genotypes, computing gene-based tests and building masks...done (2364ms) 
     -computing association tests...done (46ms) 
     -computing joint association tests...done (0ms) 
 set [757/1396] : NDST3 - 92450 variants...
     -reading in genotypes, computing gene-based tests and building masks...done (132511ms) 
     -computing association tests...done (55ms) 
     -computing joint association tests...done (0ms) 
 set [758/1396] : NDST4 - 129854 variants...
     -reading in genotypes, computing gene-based tests and building masks...done (188951ms) 
     -computing association tests...done (16ms) 
     -computing joint association tests...done (0ms) 
 set [759/1396] : NDUFB2P1 - 3688 variants...
     -reading in genotypes, computing gene-based tests and building masks...done (10446ms) 
     -computing association tests...done (44ms) 
     -computing joint association tests...done (0ms) 
 set [760/1396] : NDUFB4P12 - 212 variants...
     -reading in genotypes, computing gene-based tests and building masks...done (1379ms) 
     -computing association tests...done (6ms) 
     -computing joint association tests...done (0ms) 
 set [761/1396] : NDUFB5P1 - 5298 variants...
     -reading in genotypes, computing gene-based tests and building masks...done (3998ms) 
     -computing association tests...done (9ms) 
     -computing joint association tests...done (0ms) 
 set [762/1396] : NDUFC1 - 10073 variants...
     -reading in genotypes, computing gene-based tests and building masks...done (8129ms) 
     -computing association tests...done (12ms) 
     -computing joint association tests...done (0ms) 
 set [763/1396] : NDUFS5P5 - 4469 variants...
     -reading in genotypes, computing gene-based tests and building masks...done (3164ms) 
     -computing association tests...done (11ms) 
     -computing joint association tests...done (0ms) 
 set [764/1396] : NEIL3 - 25647 variants...
     -reading in genotypes, computing gene-based tests and building masks...done (24942ms) 
     -computing association tests...done (15ms) 
     -computing joint association tests...done (0ms) 
 set [765/1396] : NEK1 - 108328 variants...
     -reading in genotypes, computing gene-based tests and building masks...done (140536ms) 
     -computing association tests...done (57ms) 
     -computing joint association tests...done (0ms) 
 set [766/1396] : NELFA - 27553 variants...
     -reading in genotypes, computing gene-based tests and building masks...done (23764ms) 
     -computing association tests...done (49ms) 
     -computing joint association tests...done (0ms) 
 set [767/1396] : NEUROG2 - 6782 variants...
     -reading in genotypes, computing gene-based tests and building masks...done (5535ms) 
     -computing association tests...done (17ms) 
     -computing joint association tests...done (0ms) 
 set [768/1396] : NEUROG2-AS1 - 7324 variants...
     -reading in genotypes, computing gene-based tests and building masks...done (17379ms) 
     -computing association tests...done (10ms) 
     -computing joint association tests...done (0ms) 
 set [769/1396] : NFKB1 - 49511 variants...
     -reading in genotypes, computing gene-based tests and building masks...done (45891ms) 
     -computing association tests...done (12ms) 
     -computing joint association tests...done (0ms) 
 set [770/1396] : NFXL1 - 29648 variants...
     -reading in genotypes, computing gene-based tests and building masks...done (25536ms) 
     -computing association tests...done (44ms) 
     -computing joint association tests...done (0ms) 
 set [771/1396] : NICOL1 - 6559 variants...
     -reading in genotypes, computing gene-based tests and building masks...done (6151ms) 
     -computing association tests...done (48ms) 
     -computing joint association tests...done (0ms) 
 set [772/1396] : NIPAL1 - 16539 variants...
     -reading in genotypes, computing gene-based tests and building masks...done (12076ms) 
     -computing association tests...done (11ms) 
     -computing joint association tests...done (0ms) 
 set [773/1396] : NKX1-1 - 8557 variants...
     -reading in genotypes, computing gene-based tests and building masks...done (10200ms) 
     -computing association tests...done (11ms) 
     -computing joint association tests...done (0ms) 
 set [774/1396] : NKX3-2 - 7305 variants...
     -reading in genotypes, computing gene-based tests and building masks...done (10066ms) 
     -computing association tests...done (45ms) 
     -computing joint association tests...done (0ms) 
 set [775/1396] : NKX6-1 - 8043 variants...
     -reading in genotypes, computing gene-based tests and building masks...done (10796ms) 
     -computing association tests...done (43ms) 
     -computing joint association tests...done (0ms) 
 set [776/1396] : NMNAT1P4 - 340 variants...
     -reading in genotypes, computing gene-based tests and building masks...done (3110ms) 
     -computing association tests...done (41ms) 
     -computing joint association tests...done (0ms) 
 set [777/1396] : NMU - 23964 variants...
     -reading in genotypes, computing gene-based tests and building masks...done (24879ms) 
     -computing association tests...done (14ms) 
     -computing joint association tests...done (0ms) 
 set [778/1396] : NOA1 - 7782 variants...
     -reading in genotypes, computing gene-based tests and building masks...done (16875ms) 
     -computing association tests...done (41ms) 
     -computing joint association tests...done (0ms) 
 set [779/1396] : NOCT - 19843 variants...
     -reading in genotypes, computing gene-based tests and building masks...done (42637ms) 
     -computing association tests...done (11ms) 
     -computing joint association tests...done (0ms) 
 set [780/1396] : NOL8P1 - 6862 variants...
     -reading in genotypes, computing gene-based tests and building masks...done (6617ms) 
     -computing association tests...done (9ms) 
     -computing joint association tests...done (0ms) 
 set [781/1396] : NOP14 - 16811 variants...
     -reading in genotypes, computing gene-based tests and building masks...done (22553ms) 
     -computing association tests...done (55ms) 
     -computing joint association tests...done (0ms) 
 set [782/1396] : NPFFR2 - 52879 variants...
     -reading in genotypes, computing gene-based tests and building masks...done (63521ms) 
     -computing association tests...done (52ms) 
     -computing joint association tests...done (0ms) 
 set [783/1396] : NPM1P41 - 8745 variants...
     -reading in genotypes, computing gene-based tests and building masks...done (21565ms) 
     -computing association tests...done (9ms) 
     -computing joint association tests...done (0ms) 
 set [784/1396] : NPNT - 44213 variants...
     -reading in genotypes, computing gene-based tests and building masks...done (35262ms) 
     -computing association tests...done (35ms) 
     -computing joint association tests...done (0ms) 
 set [785/1396] : NPY1R - 7353 variants...
     -reading in genotypes, computing gene-based tests and building masks...done (8610ms) 
     -computing association tests...done (10ms) 
     -computing joint association tests...done (0ms) 
 set [786/1396] : NPY2R - 7745 variants...
     -reading in genotypes, computing gene-based tests and building masks...done (11571ms) 
     -computing association tests...done (15ms) 
     -computing joint association tests...done (0ms) 
 set [787/1396] : NPY2R-AS1 - 16649 variants...
     -reading in genotypes, computing gene-based tests and building masks...done (11104ms) 
     -computing association tests...done (13ms) 
     -computing joint association tests...done (0ms) 
 set [788/1396] : NPY5R - 7398 variants...
     -reading in genotypes, computing gene-based tests and building masks...done (5056ms) 
     -computing association tests...done (12ms) 
     -computing joint association tests...done (0ms) 
 set [789/1396] : NR3C2 - 172291 variants...
     -reading in genotypes, computing gene-based tests and building masks...done (252172ms) 
     -computing association tests...done (61ms) 
     -computing joint association tests...done (0ms) 
 set [790/1396] : NSD2 - 60638 variants...
     -reading in genotypes, computing gene-based tests and building masks...done (82664ms) 
     -computing association tests...done (51ms) 
     -computing joint association tests...done (0ms) 
 set [791/1396] : NSG1 - 37182 variants...
     -reading in genotypes, computing gene-based tests and building masks...done (39342ms) 
     -computing association tests...done (51ms) 
     -computing joint association tests...done (0ms) 
 set [792/1396] : NSUN7 - 28037 variants...
     -reading in genotypes, computing gene-based tests and building masks...done (22621ms) 
     -computing association tests...done (43ms) 
     -computing joint association tests...done (0ms) 
 set [793/1396] : NUDT6 - 13889 variants...
     -reading in genotypes, computing gene-based tests and building masks...done (11485ms) 
     -computing association tests...done (10ms) 
     -computing joint association tests...done (0ms) 
 set [794/1396] : NUDT9 - 15727 variants...
     -reading in genotypes, computing gene-based tests and building masks...done (15699ms) 
     -computing association tests...done (16ms) 
     -computing joint association tests...done (0ms) 
 set [795/1396] : NUP54 - 20811 variants...
     -reading in genotypes, computing gene-based tests and building masks...done (25654ms) 
     -computing association tests...done (54ms) 
     -computing joint association tests...done (0ms) 
 set [796/1396] : NUP58P1 - 1003 variants...
     -reading in genotypes, computing gene-based tests and building masks...done (1900ms) 
     -computing association tests...done (48ms) 
     -computing joint association tests...done (0ms) 
 set [797/1396] : NWD2 - 83852 variants...
     -reading in genotypes, computing gene-based tests and building masks...done (86696ms) 
     -computing association tests...done (49ms) 
     -computing joint association tests...done (0ms) 
 set [798/1396] : OCIAD1 - 27982 variants...
     -reading in genotypes, computing gene-based tests and building masks...done (30429ms) 
     -computing association tests...done (66ms) 
     -computing joint association tests...done (0ms) 
 set [799/1396] : OCIAD2 - 14305 variants...
     -reading in genotypes, computing gene-based tests and building masks...done (11698ms) 
     -computing association tests...done (13ms) 
     -computing joint association tests...done (0ms) 
 set [800/1396] : ODAM - 7718 variants...
     -reading in genotypes, computing gene-based tests and building masks...done (7403ms) 
     -computing association tests...done (50ms) 
     -computing joint association tests...done (0ms) 
 set [801/1396] : ODAPH - 8872 variants...
     -reading in genotypes, computing gene-based tests and building masks...done (7905ms) 
     -computing association tests...done (10ms) 
     -computing joint association tests...done (24ms) 
 set [802/1396] : OPRPN - 10354 variants...
     -reading in genotypes, computing gene-based tests and building masks...done (9141ms) 
     -computing association tests...done (58ms) 
     -computing joint association tests...done (0ms) 
 set [803/1396] : OR5M14P - 4535 variants...
     -reading in genotypes, computing gene-based tests and building masks...done (6104ms) 
     -computing association tests...done (10ms) 
     -computing joint association tests...done (0ms) 
 set [804/1396] : OR7E103P - 8663 variants...
     -reading in genotypes, computing gene-based tests and building masks...done (36950ms) 
     -computing association tests...done (9ms) 
     -computing joint association tests...done (0ms) 
 set [805/1396] : OR7E111FP - 3041 variants...
     -reading in genotypes, computing gene-based tests and building masks...done (2696ms) 
     -computing association tests...done (9ms) 
     -computing joint association tests...done (0ms) 
 set [806/1396] : OR7E162P - 5657 variants...
     -reading in genotypes, computing gene-based tests and building masks...done (5808ms) 
     -computing association tests...done (12ms) 
     -computing joint association tests...done (0ms) 
 set [807/1396] : OR7E35P - 200 variants...
     -reading in genotypes, computing gene-based tests and building masks...done (6223ms) 
     -computing association tests...done (3ms) 
     -computing joint association tests...done (0ms) 
 set [808/1396] : OR7E43P - 46 variants...
     -reading in genotypes, computing gene-based tests and building masks...done (6130ms) 
     -computing association tests...done (0ms) 
     -computing joint association tests...done (0ms) 
 set [809/1396] : OR7E83P - 3448 variants...
     -reading in genotypes, computing gene-based tests and building masks...done (6048ms) 
     -computing association tests...done (12ms) 
     -computing joint association tests...done (0ms) 
 set [810/1396] : OR7E84P - 12145 variants...
     -reading in genotypes, computing gene-based tests and building masks...done (310949ms) 
     -computing association tests...done (10ms) 
     -computing joint association tests...done (0ms) 
 set [811/1396] : OR7E85BP - 7158 variants...
     -reading in genotypes, computing gene-based tests and building masks...done (7582ms) 
     -computing association tests...done (47ms) 
     -computing joint association tests...done (0ms) 
 set [812/1396] : OR7E85P - 8081 variants...
     -reading in genotypes, computing gene-based tests and building masks...done (90207ms) 
     -computing association tests...done (10ms) 
     -computing joint association tests...done (0ms) 
 set [813/1396] : OR7E86P - 17641 variants...
     -reading in genotypes, computing gene-based tests and building masks...done (290764ms) 
     -computing association tests...done (10ms) 
     -computing joint association tests...done (0ms) 
 set [814/1396] : OR7E94P - 14 variants...
     -reading in genotypes, computing gene-based tests and building masks...done (112ms) 
     -computing association tests...done (0ms) 
     -computing joint association tests...done (0ms) 
 set [815/1396] : OR7E99P - 5330 variants...
     -reading in genotypes, computing gene-based tests and building masks...done (4308ms) 
     -computing association tests...done (10ms) 
     -computing joint association tests...done (0ms) 
 set [816/1396] : OSTC - 10869 variants...
     -reading in genotypes, computing gene-based tests and building masks...done (8957ms) 
     -computing association tests...done (11ms) 
     -computing joint association tests...done (0ms) 
 set [817/1396] : OSTCP4 - 186 variants...
     -reading in genotypes, computing gene-based tests and building masks...done (371ms) 
     -computing association tests...done (0ms) 
     -computing joint association tests...done (0ms) 
 set [818/1396] : OTOP1 - 23026 variants...
     -reading in genotypes, computing gene-based tests and building masks...done (18190ms) 
     -computing association tests...done (48ms) 
     -computing joint association tests...done (0ms) 
 set [819/1396] : OTUD4 - 23376 variants...
     -reading in genotypes, computing gene-based tests and building masks...done (19488ms) 
     -computing association tests...done (58ms) 
     -computing joint association tests...done (0ms) 
 set [820/1396] : PABPC4L - 6512 variants...
     -reading in genotypes, computing gene-based tests and building masks...done (14124ms) 
     -computing association tests...done (9ms) 
     -computing joint association tests...done (0ms) 
 set [821/1396] : PACRGL - 22120 variants...
     -reading in genotypes, computing gene-based tests and building masks...done (16761ms) 
     -computing association tests...done (61ms) 
     -computing joint association tests...done (0ms) 
 set [822/1396] : PAICS - 8447 variants...
     -reading in genotypes, computing gene-based tests and building masks...done (7396ms) 
     -computing association tests...done (10ms) 
     -computing joint association tests...done (0ms) 
 set [823/1396] : PALLD - 188001 variants...
     -reading in genotypes, computing gene-based tests and building masks...done (347941ms) 
     -computing association tests...done (55ms) 
     -computing joint association tests...done (0ms) 
 set [824/1396] : PANCR - 20033 variants...
     -reading in genotypes, computing gene-based tests and building masks...done (18177ms) 
     -computing association tests...done (44ms) 
     -computing joint association tests...done (0ms) 
 set [825/1396] : PAPSS1 - 55630 variants...
     -reading in genotypes, computing gene-based tests and building masks...done (56824ms) 
     -computing association tests...done (17ms) 
     -computing joint association tests...done (0ms) 
 set [826/1396] : PAQR3 - 11013 variants...
     -reading in genotypes, computing gene-based tests and building masks...done (22497ms) 
     -computing association tests...done (11ms) 
     -computing joint association tests...done (0ms) 
 set [827/1396] : PARM1 - 48127 variants...
     -reading in genotypes, computing gene-based tests and building masks...done (40978ms) 
     -computing association tests...done (53ms) 
     -computing joint association tests...done (0ms) 
 set [828/1396] : PCAT4 - 25246 variants...
     -reading in genotypes, computing gene-based tests and building masks...done (19683ms) 
     -computing association tests...done (60ms) 
     -computing joint association tests...done (0ms) 
 set [829/1396] : PCDH10 - 29090 variants...
     -reading in genotypes, computing gene-based tests and building masks...done (26506ms) 
     -computing association tests...done (13ms) 
     -computing joint association tests...done (0ms) 
 set [830/1396] : PCDH10-DT - 28381 variants...
     -reading in genotypes, computing gene-based tests and building masks...done (20444ms) 
     -computing association tests...done (11ms) 
     -computing joint association tests...done (0ms) 
 set [831/1396] : PCDH18 - 9563 variants...
     -reading in genotypes, computing gene-based tests and building masks...done (15505ms) 
     -computing association tests...done (41ms) 
     -computing joint association tests...done (0ms) 
 set [832/1396] : PCDH7 - 194753 variants...
     -reading in genotypes, computing gene-based tests and building masks...done (299252ms) 
     -computing association tests...done (25ms) 
     -computing joint association tests...done (0ms) 
 set [833/1396] : PCGF3 - 55525 variants...
     -reading in genotypes, computing gene-based tests and building masks...done (191411ms) 
     -computing association tests...done (15ms) 
     -computing joint association tests...done (0ms) 
 set [834/1396] : PCGF3-AS1 - 2684 variants...
     -reading in genotypes, computing gene-based tests and building masks...done (2125ms) 
     -computing association tests...done (42ms) 
     -computing joint association tests...done (0ms) 
 set [835/1396] : PCNAP1 - 123 variants...
     -reading in genotypes, computing gene-based tests and building masks...done (288ms) 
     -computing association tests...done (7ms) 
     -computing joint association tests...done (0ms) 
 set [836/1396] : PDCL2 - 17713 variants...
     -reading in genotypes, computing gene-based tests and building masks...done (15432ms) 
     -computing association tests...done (13ms) 
     -computing joint association tests...done (0ms) 
 set [837/1396] : PDE5A - 54006 variants...
     -reading in genotypes, computing gene-based tests and building masks...done (56367ms) 
     -computing association tests...done (51ms) 
     -computing joint association tests...done (0ms) 
 set [838/1396] : PDE6B - 28126 variants...
     -reading in genotypes, computing gene-based tests and building masks...done (33875ms) 
     -computing association tests...done (62ms) 
     -computing joint association tests...done (0ms) 
 set [839/1396] : PDGFC - 95415 variants...
     -reading in genotypes, computing gene-based tests and building masks...done (109145ms) 
     -computing association tests...done (18ms) 
     -computing joint association tests...done (0ms) 
 set [840/1396] : PDGFRA - 33651 variants...
     -reading in genotypes, computing gene-based tests and building masks...done (32893ms) 
     -computing association tests...done (14ms) 
     -computing joint association tests...done (0ms) 
 set [841/1396] : PDHA2 - 4797 variants...
     -reading in genotypes, computing gene-based tests and building masks...done (8237ms) 
     -computing association tests...done (51ms) 
     -computing joint association tests...done (0ms) 
 set [842/1396] : PDLIM3 - 18297 variants...
     -reading in genotypes, computing gene-based tests and building masks...done (18436ms) 
     -computing association tests...done (43ms) 
     -computing joint association tests...done (0ms) 
 set [843/1396] : PDLIM5 - 88520 variants...
     -reading in genotypes, computing gene-based tests and building masks...done (106844ms) 
     -computing association tests...done (50ms) 
     -computing joint association tests...done (0ms) 
 set [844/1396] : PDS5A - 75523 variants...
     -reading in genotypes, computing gene-based tests and building masks...done (91520ms) 
     -computing association tests...done (61ms) 
     -computing joint association tests...done (0ms) 
 set [845/1396] : PES1P1 - 1486 variants...
     -reading in genotypes, computing gene-based tests and building masks...done (3434ms) 
     -computing association tests...done (5ms) 
     -computing joint association tests...done (0ms) 
 set [846/1396] : PF4 - 5451 variants...
     -reading in genotypes, computing gene-based tests and building masks...done (9907ms) 
     -computing association tests...done (10ms) 
     -computing joint association tests...done (0ms) 
 set [847/1396] : PF4V1 - 5482 variants...
     -reading in genotypes, computing gene-based tests and building masks...done (6151ms) 
     -computing association tests...done (11ms) 
     -computing joint association tests...done (0ms) 
 set [848/1396] : PFDN1P2 - 158 variants...
     -reading in genotypes, computing gene-based tests and building masks...done (470ms) 
     -computing association tests...done (0ms) 
     -computing joint association tests...done (0ms) 
 set [849/1396] : PGAM4P2 - 6161 variants...
     -reading in genotypes, computing gene-based tests and building masks...done (21521ms) 
     -computing association tests...done (10ms) 
     -computing joint association tests...done (0ms) 
 set [850/1396] : PGBD4P4 - 3741 variants...
     -reading in genotypes, computing gene-based tests and building masks...done (2849ms) 
     -computing association tests...done (9ms) 
     -computing joint association tests...done (0ms) 
 set [851/1396] : PGM2 - 19286 variants...
     -reading in genotypes, computing gene-based tests and building masks...done (18168ms) 
     -computing association tests...done (11ms) 
     -computing joint association tests...done (0ms) 
 set [852/1396] : PGRMC2 - 12901 variants...
     -reading in genotypes, computing gene-based tests and building masks...done (14887ms) 
     -computing association tests...done (10ms) 
     -computing joint association tests...done (11ms) 
 set [853/1396] : PHB1P14 - 4171 variants...
     -reading in genotypes, computing gene-based tests and building masks...done (2955ms) 
     -computing association tests...done (8ms) 
     -computing joint association tests...done (0ms) 
 set [854/1396] : PHOX2B - 7145 variants...
     -reading in genotypes, computing gene-based tests and building masks...done (6389ms) 
     -computing association tests...done (74ms) 
     -computing joint association tests...done (0ms) 
 set [855/1396] : PHOX2B-AS1 - 49353 variants...
     -reading in genotypes, computing gene-based tests and building masks...done (48396ms) 
     -computing association tests...done (14ms) 
     -computing joint association tests...done (0ms) 
 set [856/1396] : PI4K2B - 23079 variants...
     -reading in genotypes, computing gene-based tests and building masks...done (17653ms) 
     -computing association tests...done (12ms) 
     -computing joint association tests...done (0ms) 
 set [857/1396] : PIGG - 19136 variants...
     -reading in genotypes, computing gene-based tests and building masks...done (15843ms) 
     -computing association tests...done (50ms) 
     -computing joint association tests...done (0ms) 
 set [858/1396] : PIGY-DT - 433 variants...
     -reading in genotypes, computing gene-based tests and building masks...done (6849ms) 
     -computing association tests...done (3ms) 
     -computing joint association tests...done (0ms) 
 set [859/1396] : PIMREGP2 - 4834 variants...
     -reading in genotypes, computing gene-based tests and building masks...done (3605ms) 
     -computing association tests...done (45ms) 
     -computing joint association tests...done (0ms) 
 set [860/1396] : PITX2 - 10824 variants...
     -reading in genotypes, computing gene-based tests and building masks...done (8904ms) 
     -computing association tests...done (20ms) 
     -computing joint association tests...done (0ms) 
 set [861/1396] : PKD2 - 31782 variants...
     -reading in genotypes, computing gene-based tests and building masks...done (27662ms) 
     -computing association tests...done (50ms) 
     -computing joint association tests...done (0ms) 
 set [862/1396] : PLA2G12A - 11327 variants...
     -reading in genotypes, computing gene-based tests and building masks...done (12911ms) 
     -computing association tests...done (13ms) 
     -computing joint association tests...done (0ms) 
 set [863/1396] : PLAC8 - 22176 variants...
     -reading in genotypes, computing gene-based tests and building masks...done (21342ms) 
     -computing association tests...done (10ms) 
     -computing joint association tests...done (0ms) 
 set [864/1396] : PLK4 - 12826 variants...
     -reading in genotypes, computing gene-based tests and building masks...done (13718ms) 
     -computing association tests...done (50ms) 
     -computing joint association tests...done (0ms) 
 set [865/1396] : PLRG1 - 11722 variants...
     -reading in genotypes, computing gene-based tests and building masks...done (16399ms) 
     -computing association tests...done (12ms) 
     -computing joint association tests...done (0ms) 
 set [866/1396] : PMPCAP1 - 737 variants...
     -reading in genotypes, computing gene-based tests and building masks...done (924ms) 
     -computing association tests...done (7ms) 
     -computing joint association tests...done (0ms) 
 set [867/1396] : POLN - 64132 variants...
     -reading in genotypes, computing gene-based tests and building masks...done (67604ms) 
     -computing association tests...done (52ms) 
     -computing joint association tests...done (0ms) 
 set [868/1396] : POLR2B - 23347 variants...
     -reading in genotypes, computing gene-based tests and building masks...done (24249ms) 
     -computing association tests...done (48ms) 
     -computing joint association tests...done (0ms) 
 set [869/1396] : POU4F2 - 6807 variants...
     -reading in genotypes, computing gene-based tests and building masks...done (5209ms) 
     -computing association tests...done (9ms) 
     -computing joint association tests...done (0ms) 
 set [870/1396] : PP12613 - 752 variants...
     -reading in genotypes, computing gene-based tests and building masks...done (3690ms) 
     -computing association tests...done (7ms) 
     -computing joint association tests...done (0ms) 
 set [871/1396] : PPA2 - 46291 variants...
     -reading in genotypes, computing gene-based tests and building masks...done (45150ms) 
     -computing association tests...done (52ms) 
     -computing joint association tests...done (0ms) 
 set [872/1396] : PPARGC1A - 53144 variants...
     -reading in genotypes, computing gene-based tests and building masks...done (60502ms) 
     -computing association tests...done (18ms) 
     -computing joint association tests...done (0ms) 
 set [873/1396] : PPAT - 19426 variants...
     -reading in genotypes, computing gene-based tests and building masks...done (15597ms) 
     -computing association tests...done (12ms) 
     -computing joint association tests...done (0ms) 
 set [874/1396] : PPBP - 2786 variants...
     -reading in genotypes, computing gene-based tests and building masks...done (3281ms) 
     -computing association tests...done (8ms) 
     -computing joint association tests...done (0ms) 
 set [875/1396] : PPBPP1 - 2282 variants...
     -reading in genotypes, computing gene-based tests and building masks...done (2024ms) 
     -computing association tests...done (8ms) 
     -computing joint association tests...done (0ms) 
 set [876/1396] : PPBPP2 - 551 variants...
     -reading in genotypes, computing gene-based tests and building masks...done (2277ms) 
     -computing association tests...done (2ms) 
     -computing joint association tests...done (0ms) 
 set [877/1396] : PPEF2 - 26767 variants...
     -reading in genotypes, computing gene-based tests and building masks...done (32832ms) 
     -computing association tests...done (15ms) 
     -computing joint association tests...done (0ms) 
 set [878/1396] : PPIAP76 - 4004 variants...
     -reading in genotypes, computing gene-based tests and building masks...done (4120ms) 
     -computing association tests...done (47ms) 
     -computing joint association tests...done (0ms) 
 set [879/1396] : PPID - 7837 variants...
     -reading in genotypes, computing gene-based tests and building masks...done (11256ms) 
     -computing association tests...done (49ms) 
     -computing joint association tests...done (0ms) 
 set [880/1396] : PPM1K - 14329 variants...
     -reading in genotypes, computing gene-based tests and building masks...done (12563ms) 
     -computing association tests...done (67ms) 
     -computing joint association tests...done (0ms) 
 set [881/1396] : PPM1K-DT - 34209 variants...
     -reading in genotypes, computing gene-based tests and building masks...done (36827ms) 
     -computing association tests...done (12ms) 
     -computing joint association tests...done (0ms) 
 set [882/1396] : PPP2R2C - 122598 variants...
     -reading in genotypes, computing gene-based tests and building masks...done (269589ms) 
     -computing association tests...done (52ms) 
     -computing joint association tests...done (0ms) 
 set [883/1396] : PPP3CA - 137395 variants...
     -reading in genotypes, computing gene-based tests and building masks...done (197708ms) 
     -computing association tests...done (62ms) 
     -computing joint association tests...done (0ms) 
 set [884/1396] : PRDM5 - 101668 variants...
     -reading in genotypes, computing gene-based tests and building masks...done (118951ms) 
     -computing association tests...done (63ms) 
     -computing joint association tests...done (0ms) 
 set [885/1396] : PRDM8 - 8685 variants...
     -reading in genotypes, computing gene-based tests and building masks...done (7964ms) 
     -computing association tests...done (11ms) 
     -computing joint association tests...done (0ms) 
 set [886/1396] : PRDM8-AS1 - 7403 variants...
     -reading in genotypes, computing gene-based tests and building masks...done (5869ms) 
     -computing association tests...done (9ms) 
     -computing joint association tests...done (0ms) 
 set [887/1396] : PRDX4P1 - 4381 variants...
     -reading in genotypes, computing gene-based tests and building masks...done (3949ms) 
     -computing association tests...done (10ms) 
     -computing joint association tests...done (0ms) 
 set [888/1396] : PRIMPOL - 22251 variants...
     -reading in genotypes, computing gene-based tests and building masks...done (111287ms) 
     -computing association tests...done (15ms) 
     -computing joint association tests...done (0ms) 
 set [889/1396] : PRKG2 - 56621 variants...
     -reading in genotypes, computing gene-based tests and building masks...done (53053ms) 
     -computing association tests...done (51ms) 
     -computing joint association tests...done (0ms) 
 set [890/1396] : PRMT5P1 - 4389 variants...
     -reading in genotypes, computing gene-based tests and building masks...done (3570ms) 
     -computing association tests...done (9ms) 
     -computing joint association tests...done (0ms) 
 set [891/1396] : PRMT9 - 23063 variants...
     -reading in genotypes, computing gene-based tests and building masks...done (20652ms) 
     -computing association tests...done (11ms) 
     -computing joint association tests...done (0ms) 
 set [892/1396] : PROM1 - 50848 variants...
     -reading in genotypes, computing gene-based tests and building masks...done (49614ms) 
     -computing association tests...done (53ms) 
     -computing joint association tests...done (0ms) 
 set [893/1396] : PRR27 - 24042 variants...
     -reading in genotypes, computing gene-based tests and building masks...done (23809ms) 
     -computing association tests...done (46ms) 
     -computing joint association tests...done (0ms) 
 set [894/1396] : PRSS12 - 32565 variants...
     -reading in genotypes, computing gene-based tests and building masks...done (32458ms) 
     -computing association tests...done (49ms) 
     -computing joint association tests...done (0ms) 
 set [895/1396] : PRSS48 - 10181 variants...
     -reading in genotypes, computing gene-based tests and building masks...done (12559ms) 
     -computing association tests...done (48ms) 
     -computing joint association tests...done (0ms) 
 set [896/1396] : PTGES3P3 - 173 variants...
     -reading in genotypes, computing gene-based tests and building masks...done (2273ms) 
     -computing association tests...done (0ms) 
     -computing joint association tests...done (0ms) 
 set [897/1396] : PTPN11P5 - 4210 variants...
     -reading in genotypes, computing gene-based tests and building masks...done (3222ms) 
     -computing association tests...done (10ms) 
     -computing joint association tests...done (0ms) 
 set [898/1396] : PTPN13 - 89143 variants...
     -reading in genotypes, computing gene-based tests and building masks...done (96664ms) 
     -computing association tests...done (56ms) 
     -computing joint association tests...done (0ms) 
 set [899/1396] : PTTG2 - 3931 variants...
     -reading in genotypes, computing gene-based tests and building masks...done (8601ms) 
     -computing association tests...done (10ms) 
     -computing joint association tests...done (0ms) 
 set [900/1396] : PYURF - 5431 variants...
     -reading in genotypes, computing gene-based tests and building masks...done (6346ms) 
     -computing association tests...done (44ms) 
     -computing joint association tests...done (0ms) 
 set [901/1396] : QDPR - 25453 variants...
     -reading in genotypes, computing gene-based tests and building masks...done (21890ms) 
     -computing association tests...done (13ms) 
     -computing joint association tests...done (0ms) 
 set [902/1396] : QKILA - 36458 variants...
     -reading in genotypes, computing gene-based tests and building masks...done (36394ms) 
     -computing association tests...done (14ms) 
     -computing joint association tests...done (0ms) 
 set [903/1396] : QRFPR - 30074 variants...
     -reading in genotypes, computing gene-based tests and building masks...done (42763ms) 
     -computing association tests...done (47ms) 
     -computing joint association tests...done (0ms) 
 set [904/1396] : R3HDM2P1 - 777 variants...
     -reading in genotypes, computing gene-based tests and building masks...done (822ms) 
     -computing association tests...done (25ms) 
     -computing joint association tests...done (0ms) 
 set [905/1396] : RAB28 - 56522 variants...
     -reading in genotypes, computing gene-based tests and building masks...done (49930ms) 
     -computing association tests...done (50ms) 
     -computing joint association tests...done (0ms) 
 set [906/1396] : RAB33B - 13699 variants...
     -reading in genotypes, computing gene-based tests and building masks...done (12832ms) 
     -computing association tests...done (41ms) 
     -computing joint association tests...done (0ms) 
 set [907/1396] : RAB33B-AS1 - 17038 variants...
     -reading in genotypes, computing gene-based tests and building masks...done (13166ms) 
     -computing association tests...done (11ms) 
     -computing joint association tests...done (0ms) 
 set [908/1396] : RAC1P2 - 5108 variants...
     -reading in genotypes, computing gene-based tests and building masks...done (3802ms) 
     -computing association tests...done (12ms) 
     -computing joint association tests...done (0ms) 
 set [909/1396] : RAC1P5 - 10334 variants...
     -reading in genotypes, computing gene-based tests and building masks...done (496842ms) 
     -computing association tests...done (45ms) 
     -computing joint association tests...done (0ms) 
 set [910/1396] : RAF1P1 - 7714 variants...
     -reading in genotypes, computing gene-based tests and building masks...done (5975ms) 
     -computing association tests...done (11ms) 
     -computing joint association tests...done (0ms) 
 set [911/1396] : RANP6 - 301 variants...
     -reading in genotypes, computing gene-based tests and building masks...done (2505ms) 
     -computing association tests...done (5ms) 
     -computing joint association tests...done (0ms) 
 set [912/1396] : RAP1GDS1 - 82868 variants...
     -reading in genotypes, computing gene-based tests and building masks...done (87754ms) 
     -computing association tests...done (20ms) 
     -computing joint association tests...done (0ms) 
 set [913/1396] : RAPGEF2 - 113372 variants...
     -reading in genotypes, computing gene-based tests and building masks...done (156158ms) 
     -computing association tests...done (54ms) 
     -computing joint association tests...done (0ms) 
 set [914/1396] : RARRES2P4 - 203 variants...
     -reading in genotypes, computing gene-based tests and building masks...done (442ms) 
     -computing association tests...done (1ms) 
     -computing joint association tests...done (0ms) 
 set [915/1396] : RASGEF1B - 237843 variants...
     -reading in genotypes, computing gene-based tests and building masks...done (406848ms) 
     -computing association tests...done (58ms) 
     -computing joint association tests...done (0ms) 
 set [916/1396] : RASL11B - 5094 variants...
     -reading in genotypes, computing gene-based tests and building masks...done (11535ms) 
     -computing association tests...done (10ms) 
     -computing joint association tests...done (0ms) 
 set [917/1396] : RASSF6 - 27959 variants...
     -reading in genotypes, computing gene-based tests and building masks...done (20116ms) 
     -computing association tests...done (45ms) 
     -computing joint association tests...done (0ms) 
 set [918/1396] : RBM46 - 23397 variants...
     -reading in genotypes, computing gene-based tests and building masks...done (18481ms) 
     -computing association tests...done (12ms) 
     -computing joint association tests...done (0ms) 
 set [919/1396] : RBM47 - 97676 variants...
     -reading in genotypes, computing gene-based tests and building masks...done (116693ms) 
     -computing association tests...done (26ms) 
     -computing joint association tests...done (0ms) 
 set [920/1396] : RBM48P1 - 526 variants...
     -reading in genotypes, computing gene-based tests and building masks...done (3740ms) 
     -computing association tests...done (8ms) 
     -computing joint association tests...done (0ms) 
 set [921/1396] : RBPJ - 104878 variants...
     -reading in genotypes, computing gene-based tests and building masks...done (173023ms) 
     -computing association tests...done (58ms) 
     -computing joint association tests...done (0ms) 
 set [922/1396] : RCC2P8 - 4948 variants...
     -reading in genotypes, computing gene-based tests and building masks...done (3714ms) 
     -computing association tests...done (9ms) 
     -computing joint association tests...done (0ms) 
 set [923/1396] : RCHY1 - 17359 variants...
     -reading in genotypes, computing gene-based tests and building masks...done (20935ms) 
     -computing association tests...done (10ms) 
     -computing joint association tests...done (0ms) 
 set [924/1396] : REELD1 - 11181 variants...
     -reading in genotypes, computing gene-based tests and building masks...done (9652ms) 
     -computing association tests...done (49ms) 
     -computing joint association tests...done (0ms) 
 set [925/1396] : RELL1 - 39373 variants...
     -reading in genotypes, computing gene-based tests and building masks...done (40792ms) 
     -computing association tests...done (13ms) 
     -computing joint association tests...done (0ms) 
 set [926/1396] : REST - 28271 variants...
     -reading in genotypes, computing gene-based tests and building masks...done (26804ms) 
     -computing association tests...done (61ms) 
     -computing joint association tests...done (0ms) 
 set [927/1396] : RFC1 - 36140 variants...
     -reading in genotypes, computing gene-based tests and building masks...done (31650ms) 
     -computing association tests...done (39ms) 
     -computing joint association tests...done (0ms) 
 set [928/1396] : RFPL4AP3 - 4446 variants...
     -reading in genotypes, computing gene-based tests and building masks...done (6400ms) 
     -computing association tests...done (11ms) 
     -computing joint association tests...done (0ms) 
 set [929/1396] : RGS12 - 76114 variants...
     -reading in genotypes, computing gene-based tests and building masks...done (206598ms) 
     -computing association tests...done (55ms) 
     -computing joint association tests...done (0ms) 
 set [930/1396] : RHOH - 23243 variants...
     -reading in genotypes, computing gene-based tests and building masks...done (18367ms) 
     -computing association tests...done (10ms) 
     -computing joint association tests...done (0ms) 
 set [931/1396] : RN7SKP113 - 75 variants...
     -reading in genotypes, computing gene-based tests and building masks...done (254ms) 
     -computing association tests...done (0ms) 
     -computing joint association tests...done (0ms) 
 set [932/1396] : RN7SKP13 - 92 variants...
     -reading in genotypes, computing gene-based tests and building masks...done (333ms) 
     -computing association tests...done (3ms) 
     -computing joint association tests...done (0ms) 
 set [933/1396] : RN7SKP136 - 125 variants...
     -reading in genotypes, computing gene-based tests and building masks...done (3956ms) 
     -computing association tests...done (0ms) 
     -computing joint association tests...done (0ms) 
 set [934/1396] : RN7SKP188 - 4889 variants...
     -reading in genotypes, computing gene-based tests and building masks...done (8420ms) 
     -computing association tests...done (9ms) 
     -computing joint association tests...done (0ms) 
 set [935/1396] : RN7SKP199 - 4677 variants...
     -reading in genotypes, computing gene-based tests and building masks...done (3273ms) 
     -computing association tests...done (10ms) 
     -computing joint association tests...done (0ms) 
 set [936/1396] : RN7SKP244 - 3299 variants...
     -reading in genotypes, computing gene-based tests and building masks...done (7585ms) 
     -computing association tests...done (10ms) 
     -computing joint association tests...done (0ms) 
 set [937/1396] : RN7SKP36 - 4502 variants...
     -reading in genotypes, computing gene-based tests and building masks...done (3180ms) 
     -computing association tests...done (10ms) 
     -computing joint association tests...done (0ms) 
 set [938/1396] : RN7SKP48 - 4196 variants...
     -reading in genotypes, computing gene-based tests and building masks...done (2873ms) 
     -computing association tests...done (12ms) 
     -computing joint association tests...done (26ms) 
 set [939/1396] : RN7SKP82 - 128 variants...
     -reading in genotypes, computing gene-based tests and building masks...done (3799ms) 
     -computing association tests...done (0ms) 
     -computing joint association tests...done (0ms) 
 set [940/1396] : RN7SL101P - 4255 variants...
     -reading in genotypes, computing gene-based tests and building masks...done (7118ms) 
     -computing association tests...done (9ms) 
     -computing joint association tests...done (0ms) 
 set [941/1396] : RN7SL184P - 124 variants...
     -reading in genotypes, computing gene-based tests and building masks...done (8142ms) 
     -computing association tests...done (20ms) 
     -computing joint association tests...done (0ms) 
 set [942/1396] : RN7SL193P - 112 variants...
     -reading in genotypes, computing gene-based tests and building masks...done (2564ms) 
     -computing association tests...done (0ms) 
     -computing joint association tests...done (0ms) 
 set [943/1396] : RN7SL205P - 3064 variants...
     -reading in genotypes, computing gene-based tests and building masks...done (2281ms) 
     -computing association tests...done (9ms) 
     -computing joint association tests...done (0ms) 
 set [944/1396] : RN7SL218P - 123 variants...
     -reading in genotypes, computing gene-based tests and building masks...done (220ms) 
     -computing association tests...done (0ms) 
     -computing joint association tests...done (0ms) 
 set [945/1396] : RN7SL253P - 117 variants...
     -reading in genotypes, computing gene-based tests and building masks...done (366ms) 
     -computing association tests...done (0ms) 
     -computing joint association tests...done (0ms) 
 set [946/1396] : RN7SL28P - 274 variants...
     -reading in genotypes, computing gene-based tests and building masks...done (493ms) 
     -computing association tests...done (5ms) 
     -computing joint association tests...done (0ms) 
 set [947/1396] : RN7SL311P - 107 variants...
     -reading in genotypes, computing gene-based tests and building masks...done (340ms) 
     -computing association tests...done (0ms) 
     -computing joint association tests...done (0ms) 
 set [948/1396] : RN7SL335P - 2259 variants...
     -reading in genotypes, computing gene-based tests and building masks...done (3059ms) 
     -computing association tests...done (9ms) 
     -computing joint association tests...done (0ms) 
 set [949/1396] : RN7SL357P - 1632 variants...
     -reading in genotypes, computing gene-based tests and building masks...done (6005ms) 
     -computing association tests...done (9ms) 
     -computing joint association tests...done (0ms) 
 set [950/1396] : RN7SL492P - 10128 variants...
     -reading in genotypes, computing gene-based tests and building masks...done (18445ms) 
     -computing association tests...done (9ms) 
     -computing joint association tests...done (0ms) 
 set [951/1396] : RN7SL691P - 5595 variants...
     -reading in genotypes, computing gene-based tests and building masks...done (3813ms) 
     -computing association tests...done (9ms) 
     -computing joint association tests...done (0ms) 
 set [952/1396] : RN7SL728P - 1140 variants...
     -reading in genotypes, computing gene-based tests and building masks...done (5439ms) 
     -computing association tests...done (49ms) 
     -computing joint association tests...done (0ms) 
 set [953/1396] : RN7SL776P - 4656 variants...
     -reading in genotypes, computing gene-based tests and building masks...done (10400ms) 
     -computing association tests...done (45ms) 
     -computing joint association tests...done (0ms) 
 set [954/1396] : RN7SL808P - 137 variants...
     -reading in genotypes, computing gene-based tests and building masks...done (389ms) 
     -computing association tests...done (1ms) 
     -computing joint association tests...done (0ms) 
 set [955/1396] : RN7SL822P - 2088 variants...
     -reading in genotypes, computing gene-based tests and building masks...done (4694ms) 
     -computing association tests...done (12ms) 
     -computing joint association tests...done (0ms) 
 set [956/1396] : RN7SL89P - 152 variants...
     -reading in genotypes, computing gene-based tests and building masks...done (499ms) 
     -computing association tests...done (0ms) 
     -computing joint association tests...done (0ms) 
 set [957/1396] : RNA5SP153 - 5598 variants...
     -reading in genotypes, computing gene-based tests and building masks...done (7436ms) 
     -computing association tests...done (10ms) 
     -computing joint association tests...done (0ms) 
 set [958/1396] : RNA5SP154 - 4338 variants...
     -reading in genotypes, computing gene-based tests and building masks...done (5764ms) 
     -computing association tests...done (40ms) 
     -computing joint association tests...done (0ms) 
 set [959/1396] : RNA5SP158 - 15374 variants...
     -reading in genotypes, computing gene-based tests and building masks...done (11958ms) 
     -computing association tests...done (13ms) 
     -computing joint association tests...done (0ms) 
 set [960/1396] : RNA5SP164 - 3544 variants...
     -reading in genotypes, computing gene-based tests and building masks...done (3251ms) 
     -computing association tests...done (8ms) 
     -computing joint association tests...done (0ms) 
 set [961/1396] : RNA5SP166 - 41 variants...
     -reading in genotypes, computing gene-based tests and building masks...done (1425ms) 
     -computing association tests...done (0ms) 
     -computing joint association tests...done (0ms) 
 set [962/1396] : RNA5SP167 - 3159 variants...
     -reading in genotypes, computing gene-based tests and building masks...done (2854ms) 
     -computing association tests...done (7ms) 
     -computing joint association tests...done (0ms) 
 set [963/1396] : RNA5SP169 - 47 variants...
     -reading in genotypes, computing gene-based tests and building masks...done (932ms) 
     -computing association tests...done (3ms) 
     -computing joint association tests...done (0ms) 
 set [964/1396] : RNA5SP172 - 35 variants...
     -reading in genotypes, computing gene-based tests and building masks...done (529ms) 
     -computing association tests...done (1ms) 
     -computing joint association tests...done (0ms) 
 set [965/1396] : RNA5SP173 - 4260 variants...
     -reading in genotypes, computing gene-based tests and building masks...done (5078ms) 
     -computing association tests...done (11ms) 
     -computing joint association tests...done (0ms) 
 set [966/1396] : RNA5SP174 - 1108 variants...
     -reading in genotypes, computing gene-based tests and building masks...done (1401ms) 
     -computing association tests...done (4ms) 
     -computing joint association tests...done (0ms) 
 set [967/1396] : RNA5SP175 - 1679 variants...
     -reading in genotypes, computing gene-based tests and building masks...done (1729ms) 
     -computing association tests...done (6ms) 
     -computing joint association tests...done (0ms) 
 set [968/1396] : RNF14P2 - 57 variants...
     -reading in genotypes, computing gene-based tests and building masks...done (318ms) 
     -computing association tests...done (0ms) 
     -computing joint association tests...done (0ms) 
 set [969/1396] : RNF150 - 140700 variants...
     -reading in genotypes, computing gene-based tests and building masks...done (227080ms) 
     -computing association tests...done (19ms) 
     -computing joint association tests...done (0ms) 
 set [970/1396] : RNF175 - 22482 variants...
     -reading in genotypes, computing gene-based tests and building masks...done (23603ms) 
     -computing association tests...done (10ms) 
     -computing joint association tests...done (0ms) 
 set [971/1396] : RNF212 - 30565 variants...
     -reading in genotypes, computing gene-based tests and building masks...done (31848ms) 
     -computing association tests...done (11ms) 
     -computing joint association tests...done (0ms) 
 set [972/1396] : RNF4 - 31893 variants...
     -reading in genotypes, computing gene-based tests and building masks...done (33002ms) 
     -computing association tests...done (22ms) 
     -computing joint association tests...done (0ms) 
 set [973/1396] : RNPS1P1 - 504 variants...
     -reading in genotypes, computing gene-based tests and building masks...done (517ms) 
     -computing association tests...done (5ms) 
     -computing joint association tests...done (0ms) 
 set [974/1396] : RNU1-138P - 80 variants...
     -reading in genotypes, computing gene-based tests and building masks...done (184ms) 
     -computing association tests...done (3ms) 
     -computing joint association tests...done (0ms) 
 set [975/1396] : RNU1-44P - 3983 variants...
     -reading in genotypes, computing gene-based tests and building masks...done (5015ms) 
     -computing association tests...done (10ms) 
     -computing joint association tests...done (0ms) 
 set [976/1396] : RNU1-45P - 4543 variants...
     -reading in genotypes, computing gene-based tests and building masks...done (5039ms) 
     -computing association tests...done (8ms) 
     -computing joint association tests...done (0ms) 
 set [977/1396] : RNU1-49P - 69 variants...
     -reading in genotypes, computing gene-based tests and building masks...done (295ms) 
     -computing association tests...done (2ms) 
     -computing joint association tests...done (0ms) 
 set [978/1396] : RNU1-51P - 73 variants...
     -reading in genotypes, computing gene-based tests and building masks...done (2971ms) 
     -computing association tests...done (3ms) 
     -computing joint association tests...done (0ms) 
 set [979/1396] : RNU1-89P - 4648 variants...
     -reading in genotypes, computing gene-based tests and building masks...done (7385ms) 
     -computing association tests...done (10ms) 
     -computing joint association tests...done (0ms) 
 set [980/1396] : RNU2-16P - 38 variants...
     -reading in genotypes, computing gene-based tests and building masks...done (3839ms) 
     -computing association tests...done (0ms) 
     -computing joint association tests...done (0ms) 
 set [981/1396] : RNU2-40P - 4795 variants...
     -reading in genotypes, computing gene-based tests and building masks...done (3183ms) 
     -computing association tests...done (10ms) 
     -computing joint association tests...done (0ms) 
 set [982/1396] : RNU4-33P - 32 variants...
     -reading in genotypes, computing gene-based tests and building masks...done (638ms) 
     -computing association tests...done (0ms) 
     -computing joint association tests...done (0ms) 
 set [983/1396] : RNU4-64P - 2395 variants...
     -reading in genotypes, computing gene-based tests and building masks...done (3539ms) 
     -computing association tests...done (46ms) 
     -computing joint association tests...done (0ms) 
 set [984/1396] : RNU4-79P - 66 variants...
     -reading in genotypes, computing gene-based tests and building masks...done (4062ms) 
     -computing association tests...done (53ms) 
     -computing joint association tests...done (0ms) 
 set [985/1396] : RNU4ATAC9P - 53 variants...
     -reading in genotypes, computing gene-based tests and building masks...done (7556ms) 
     -computing association tests...done (0ms) 
     -computing joint association tests...done (0ms) 
 set [986/1396] : RNU5A-2P - 3914 variants...
     -reading in genotypes, computing gene-based tests and building masks...done (2519ms) 
     -computing association tests...done (6ms) 
     -computing joint association tests...done (0ms) 
 set [987/1396] : RNU6-1054P - 54 variants...
     -reading in genotypes, computing gene-based tests and building masks...done (164ms) 
     -computing association tests...done (63ms) 
     -computing joint association tests...done (0ms) 
 set [988/1396] : RNU6-1059P - 5447 variants...
     -reading in genotypes, computing gene-based tests and building masks...done (10831ms) 
     -computing association tests...done (48ms) 
     -computing joint association tests...done (0ms) 
 set [989/1396] : RNU6-1074P - 40 variants...
     -reading in genotypes, computing gene-based tests and building masks...done (350ms) 
     -computing association tests...done (6ms) 
     -computing joint association tests...done (27ms) 
 set [990/1396] : RNU6-1096P - 2048 variants...
     -reading in genotypes, computing gene-based tests and building masks...done (1713ms) 
     -computing association tests...done (10ms) 
     -computing joint association tests...done (0ms) 
 set [991/1396] : RNU6-1187P - 326 variants...
     -reading in genotypes, computing gene-based tests and building masks...done (448ms) 
     -computing association tests...done (2ms) 
     -computing joint association tests...done (0ms) 
 set [992/1396] : RNU6-119P - 43 variants...
     -reading in genotypes, computing gene-based tests and building masks...done (2998ms) 
     -computing association tests...done (0ms) 
     -computing joint association tests...done (0ms) 
 set [993/1396] : RNU6-1230P - 4192 variants...
     -reading in genotypes, computing gene-based tests and building masks...done (2924ms) 
     -computing association tests...done (9ms) 
     -computing joint association tests...done (0ms) 
 set [994/1396] : RNU6-1252P - 66 variants...
     -reading in genotypes, computing gene-based tests and building masks...done (2008ms) 
     -computing association tests...done (0ms) 
     -computing joint association tests...done (0ms) 
 set [995/1396] : RNU6-1298P - 1670 variants...
     -reading in genotypes, computing gene-based tests and building masks...done (1842ms) 
     -computing association tests...done (9ms) 
     -computing joint association tests...done (0ms) 
 set [996/1396] : RNU6-1325P - 4861 variants...
     -reading in genotypes, computing gene-based tests and building masks...done (3822ms) 
     -computing association tests...done (10ms) 
     -computing joint association tests...done (0ms) 
 set [997/1396] : RNU6-158P - 2143 variants...
     -reading in genotypes, computing gene-based tests and building masks...done (2019ms) 
     -computing association tests...done (41ms) 
     -computing joint association tests...done (0ms) 
 set [998/1396] : RNU6-173P - 43 variants...
     -reading in genotypes, computing gene-based tests and building masks...done (460ms) 
     -computing association tests...done (0ms) 
     -computing joint association tests...done (0ms) 
 set [999/1396] : RNU6-205P - 48 variants...
     -reading in genotypes, computing gene-based tests and building masks...done (751ms) 
     -computing association tests...done (0ms) 
     -computing joint association tests...done (0ms) 
 set [1000/1396] : RNU6-224P - 4280 variants...
     -reading in genotypes, computing gene-based tests and building masks...done (5448ms) 
     -computing association tests...done (9ms) 
     -computing joint association tests...done (0ms) 
 set [1001/1396] : RNU6-276P - 3939 variants...
     -reading in genotypes, computing gene-based tests and building masks...done (3044ms) 
     -computing association tests...done (9ms) 
     -computing joint association tests...done (0ms) 
 set [1002/1396] : RNU6-284P - 3991 variants...
     -reading in genotypes, computing gene-based tests and building masks...done (3231ms) 
     -computing association tests...done (7ms) 
     -computing joint association tests...done (0ms) 
 set [1003/1396] : RNU6-289P - 46 variants...
     -reading in genotypes, computing gene-based tests and building masks...done (3507ms) 
     -computing association tests...done (0ms) 
     -computing joint association tests...done (0ms) 
 set [1004/1396] : RNU6-34P - 4368 variants...
     -reading in genotypes, computing gene-based tests and building masks...done (5237ms) 
     -computing association tests...done (10ms) 
     -computing joint association tests...done (0ms) 
 set [1005/1396] : RNU6-351P - 48 variants...
     -reading in genotypes, computing gene-based tests and building masks...done (347ms) 
     -computing association tests...done (0ms) 
     -computing joint association tests...done (0ms) 
 set [1006/1396] : RNU6-410P - 38 variants...
     -reading in genotypes, computing gene-based tests and building masks...done (3346ms) 
     -computing association tests...done (0ms) 
     -computing joint association tests...done (2ms) 
 set [1007/1396] : RNU6-412P - 4320 variants...
     -reading in genotypes, computing gene-based tests and building masks...done (5792ms) 
     -computing association tests...done (14ms) 
     -computing joint association tests...done (0ms) 
 set [1008/1396] : RNU6-462P - 4136 variants...
     -reading in genotypes, computing gene-based tests and building masks...done (8251ms) 
     -computing association tests...done (11ms) 
     -computing joint association tests...done (0ms) 
 set [1009/1396] : RNU6-499P - 5091 variants...
     -reading in genotypes, computing gene-based tests and building masks...done (5140ms) 
     -computing association tests...done (13ms) 
     -computing joint association tests...done (0ms) 
 set [1010/1396] : RNU6-506P - 32 variants...
     -reading in genotypes, computing gene-based tests and building masks...done (413ms) 
     -computing association tests...done (0ms) 
     -computing joint association tests...done (0ms) 
 set [1011/1396] : RNU6-520P - 2672 variants...
     -reading in genotypes, computing gene-based tests and building masks...done (2319ms) 
     -computing association tests...done (9ms) 
     -computing joint association tests...done (0ms) 
 set [1012/1396] : RNU6-531P - 890 variants...
     -reading in genotypes, computing gene-based tests and building masks...done (1060ms) 
     -computing association tests...done (5ms) 
     -computing joint association tests...done (0ms) 
 set [1013/1396] : RNU6-551P - 3765 variants...
     -reading in genotypes, computing gene-based tests and building masks...done (4827ms) 
     -computing association tests...done (9ms) 
     -computing joint association tests...done (0ms) 
 set [1014/1396] : RNU6-573P - 49 variants...
     -reading in genotypes, computing gene-based tests and building masks...done (241ms) 
     -computing association tests...done (4ms) 
     -computing joint association tests...done (0ms) 
 set [1015/1396] : RNU6-578P - 4665 variants...
     -reading in genotypes, computing gene-based tests and building masks...done (3134ms) 
     -computing association tests...done (11ms) 
     -computing joint association tests...done (0ms) 
 set [1016/1396] : RNU6-582P - 2612 variants...
     -reading in genotypes, computing gene-based tests and building masks...done (2216ms) 
     -computing association tests...done (7ms) 
     -computing joint association tests...done (0ms) 
 set [1017/1396] : RNU6-635P - 4206 variants...
     -reading in genotypes, computing gene-based tests and building masks...done (3077ms) 
     -computing association tests...done (8ms) 
     -computing joint association tests...done (0ms) 
 set [1018/1396] : RNU6-699P - 4152 variants...
     -reading in genotypes, computing gene-based tests and building masks...done (4624ms) 
     -computing association tests...done (12ms) 
     -computing joint association tests...done (0ms) 
 set [1019/1396] : RNU6-746P - 4321 variants...
     -reading in genotypes, computing gene-based tests and building masks...done (4195ms) 
     -computing association tests...done (8ms) 
     -computing joint association tests...done (0ms) 
 set [1020/1396] : RNU6-784P - 316 variants...
     -reading in genotypes, computing gene-based tests and building masks...done (542ms) 
     -computing association tests...done (4ms) 
     -computing joint association tests...done (0ms) 
 set [1021/1396] : RNU6-818P - 2006 variants...
     -reading in genotypes, computing gene-based tests and building masks...done (1668ms) 
     -computing association tests...done (40ms) 
     -computing joint association tests...done (0ms) 
 set [1022/1396] : RNU6-887P - 3321 variants...
     -reading in genotypes, computing gene-based tests and building masks...done (2615ms) 
     -computing association tests...done (8ms) 
     -computing joint association tests...done (0ms) 
 set [1023/1396] : RNU6-891P - 2010 variants...
     -reading in genotypes, computing gene-based tests and building masks...done (6456ms) 
     -computing association tests...done (44ms) 
     -computing joint association tests...done (1ms) 
 set [1024/1396] : RNU6-907P - 3697 variants...
     -reading in genotypes, computing gene-based tests and building masks...done (2834ms) 
     -computing association tests...done (12ms) 
     -computing joint association tests...done (0ms) 
 set [1025/1396] : RNU6-931P - 4935 variants...
     -reading in genotypes, computing gene-based tests and building masks...done (3426ms) 
     -computing association tests...done (10ms) 
     -computing joint association tests...done (0ms) 
 set [1026/1396] : RNU6-948P - 3958 variants...
     -reading in genotypes, computing gene-based tests and building masks...done (2925ms) 
     -computing association tests...done (8ms) 
     -computing joint association tests...done (0ms) 
 set [1027/1396] : RNU6ATAC13P - 4394 variants...
     -reading in genotypes, computing gene-based tests and building masks...done (7596ms) 
     -computing association tests...done (47ms) 
     -computing joint association tests...done (0ms) 
 set [1028/1396] : RNU6ATAC31P - 5352 variants...
     -reading in genotypes, computing gene-based tests and building masks...done (9235ms) 
     -computing association tests...done (10ms) 
     -computing joint association tests...done (0ms) 
 set [1029/1396] : RNU6ATAC5P - 4110 variants...
     -reading in genotypes, computing gene-based tests and building masks...done (4857ms) 
     -computing association tests...done (52ms) 
     -computing joint association tests...done (0ms) 
 set [1030/1396] : RNU7-126P - 36 variants...
     -reading in genotypes, computing gene-based tests and building masks...done (119ms) 
     -computing association tests...done (0ms) 
     -computing joint association tests...done (0ms) 
 set [1031/1396] : RNU7-192P - 24 variants...
     -reading in genotypes, computing gene-based tests and building masks...done (503ms) 
     -computing association tests...done (0ms) 
     -computing joint association tests...done (0ms) 
 set [1032/1396] : RNU7-197P - 13 variants...
     -reading in genotypes, computing gene-based tests and building masks...done (6367ms) 
     -computing association tests...done (0ms) 
     -computing joint association tests...done (0ms) 
 set [1033/1396] : RNU7-74P - 4209 variants...
     -reading in genotypes, computing gene-based tests and building masks...done (3140ms) 
     -computing association tests...done (8ms) 
     -computing joint association tests...done (0ms) 
 set [1034/1396] : RPF2P2 - 4290 variants...
     -reading in genotypes, computing gene-based tests and building masks...done (3335ms) 
     -computing association tests...done (44ms) 
     -computing joint association tests...done (0ms) 
 set [1035/1396] : RPL12P20 - 3946 variants...
     -reading in genotypes, computing gene-based tests and building masks...done (6321ms) 
     -computing association tests...done (43ms) 
     -computing joint association tests...done (0ms) 
 set [1036/1396] : RPL17P20 - 716 variants...
     -reading in genotypes, computing gene-based tests and building masks...done (4124ms) 
     -computing association tests...done (7ms) 
     -computing joint association tests...done (0ms) 
 set [1037/1396] : RPL21P44 - 4254 variants...
     -reading in genotypes, computing gene-based tests and building masks...done (3069ms) 
     -computing association tests...done (8ms) 
     -computing joint association tests...done (0ms) 
 set [1038/1396] : RPL21P45 - 135 variants...
     -reading in genotypes, computing gene-based tests and building masks...done (332ms) 
     -computing association tests...done (6ms) 
     -computing joint association tests...done (0ms) 
 set [1039/1396] : RPL21P47 - 6059 variants...
     -reading in genotypes, computing gene-based tests and building masks...done (5420ms) 
     -computing association tests...done (8ms) 
     -computing joint association tests...done (0ms) 
 set [1040/1396] : RPL21P50 - 180 variants...
     -reading in genotypes, computing gene-based tests and building masks...done (1456ms) 
     -computing association tests...done (3ms) 
     -computing joint association tests...done (0ms) 
 set [1041/1396] : RPL21P51 - 142 variants...
     -reading in genotypes, computing gene-based tests and building masks...done (360ms) 
     -computing association tests...done (42ms) 
     -computing joint association tests...done (0ms) 
 set [1042/1396] : RPL22P13 - 3563 variants...
     -reading in genotypes, computing gene-based tests and building masks...done (3816ms) 
     -computing association tests...done (9ms) 
     -computing joint association tests...done (0ms) 
 set [1043/1396] : RPL23AP84 - 31 variants...
     -reading in genotypes, computing gene-based tests and building masks...done (543ms) 
     -computing association tests...done (1ms) 
     -computing joint association tests...done (0ms) 
 set [1044/1396] : RPL23AP94 - 64 variants...
     -reading in genotypes, computing gene-based tests and building masks...done (258ms) 
     -computing association tests...done (2ms) 
     -computing joint association tests...done (0ms) 
 set [1045/1396] : RPL30P5 - 4483 variants...
     -reading in genotypes, computing gene-based tests and building masks...done (3201ms) 
     -computing association tests...done (9ms) 
     -computing joint association tests...done (0ms) 
 set [1046/1396] : RPL30P6 - 4369 variants...
     -reading in genotypes, computing gene-based tests and building masks...done (3358ms) 
     -computing association tests...done (50ms) 
     -computing joint association tests...done (0ms) 
 set [1047/1396] : RPL31P24 - 2083 variants...
     -reading in genotypes, computing gene-based tests and building masks...done (7662ms) 
     -computing association tests...done (8ms) 
     -computing joint association tests...done (0ms) 
 set [1048/1396] : RPL31P26 - 5227 variants...
     -reading in genotypes, computing gene-based tests and building masks...done (12251ms) 
     -computing association tests...done (10ms) 
     -computing joint association tests...done (0ms) 
 set [1049/1396] : RPL32P12 - 3254 variants...
     -reading in genotypes, computing gene-based tests and building masks...done (3700ms) 
     -computing association tests...done (9ms) 
     -computing joint association tests...done (0ms) 
 set [1050/1396] : RPL32P13 - 4143 variants...
     -reading in genotypes, computing gene-based tests and building masks...done (9462ms) 
     -computing association tests...done (45ms) 
     -computing joint association tests...done (0ms) 
 set [1051/1396] : RPL34 - 8935 variants...
     -reading in genotypes, computing gene-based tests and building masks...done (8261ms) 
     -computing association tests...done (54ms) 
     -computing joint association tests...done (0ms) 
 set [1052/1396] : RPL34-DT - 34612 variants...
     -reading in genotypes, computing gene-based tests and building masks...done (30807ms) 
     -computing association tests...done (11ms) 
     -computing joint association tests...done (0ms) 
 set [1053/1396] : RPL35AP11 - 3870 variants...
     -reading in genotypes, computing gene-based tests and building masks...done (15499ms) 
     -computing association tests...done (46ms) 
     -computing joint association tests...done (0ms) 
 set [1054/1396] : RPL35AP12 - 4491 variants...
     -reading in genotypes, computing gene-based tests and building masks...done (3135ms) 
     -computing association tests...done (10ms) 
     -computing joint association tests...done (0ms) 
 set [1055/1396] : RPL36AP23 - 129 variants...
     -reading in genotypes, computing gene-based tests and building masks...done (277ms) 
     -computing association tests...done (0ms) 
     -computing joint association tests...done (0ms) 
 set [1056/1396] : RPL36P8 - 384 variants...
     -reading in genotypes, computing gene-based tests and building masks...done (5718ms) 
     -computing association tests...done (6ms) 
     -computing joint association tests...done (0ms) 
 set [1057/1396] : RPL38P3 - 4572 variants...
     -reading in genotypes, computing gene-based tests and building masks...done (3264ms) 
     -computing association tests...done (9ms) 
     -computing joint association tests...done (0ms) 
 set [1058/1396] : RPL3P13 - 79 variants...
     -reading in genotypes, computing gene-based tests and building masks...done (595ms) 
     -computing association tests...done (3ms) 
     -computing joint association tests...done (0ms) 
 set [1059/1396] : RPL5P11 - 4190 variants...
     -reading in genotypes, computing gene-based tests and building masks...done (5629ms) 
     -computing association tests...done (10ms) 
     -computing joint association tests...done (0ms) 
 set [1060/1396] : RPL6P11 - 4338 variants...
     -reading in genotypes, computing gene-based tests and building masks...done (4554ms) 
     -computing association tests...done (11ms) 
     -computing joint association tests...done (0ms) 
 set [1061/1396] : RPL6P13 - 2892 variants...
     -reading in genotypes, computing gene-based tests and building masks...done (2497ms) 
     -computing association tests...done (9ms) 
     -computing joint association tests...done (0ms) 
 set [1062/1396] : RPL6P14 - 309 variants...
     -reading in genotypes, computing gene-based tests and building masks...done (380ms) 
     -computing association tests...done (52ms) 
     -computing joint association tests...done (0ms) 
 set [1063/1396] : RPL7AP27 - 4863 variants...
     -reading in genotypes, computing gene-based tests and building masks...done (8620ms) 
     -computing association tests...done (10ms) 
     -computing joint association tests...done (0ms) 
 set [1064/1396] : RPL7AP30 - 4693 variants...
     -reading in genotypes, computing gene-based tests and building masks...done (4386ms) 
     -computing association tests...done (42ms) 
     -computing joint association tests...done (0ms) 
 set [1065/1396] : RPL7L1P13 - 5198 variants...
     -reading in genotypes, computing gene-based tests and building masks...done (5122ms) 
     -computing association tests...done (10ms) 
     -computing joint association tests...done (0ms) 
 set [1066/1396] : RPL7L1P14 - 4108 variants...
     -reading in genotypes, computing gene-based tests and building masks...done (3301ms) 
     -computing association tests...done (11ms) 
     -computing joint association tests...done (0ms) 
 set [1067/1396] : RPL7P17 - 287 variants...
     -reading in genotypes, computing gene-based tests and building masks...done (1956ms) 
     -computing association tests...done (5ms) 
     -computing joint association tests...done (0ms) 
 set [1068/1396] : RPL9 - 2346 variants...
     -reading in genotypes, computing gene-based tests and building masks...done (2956ms) 
     -computing association tests...done (11ms) 
     -computing joint association tests...done (0ms) 
 set [1069/1396] : RPPH1-3P - 5751 variants...
     -reading in genotypes, computing gene-based tests and building masks...done (4323ms) 
     -computing association tests...done (9ms) 
     -computing joint association tests...done (0ms) 
 set [1070/1396] : RPS21P4 - 126 variants...
     -reading in genotypes, computing gene-based tests and building masks...done (268ms) 
     -computing association tests...done (6ms) 
     -computing joint association tests...done (0ms) 
 set [1071/1396] : RPS23P2 - 4311 variants...
     -reading in genotypes, computing gene-based tests and building masks...done (3286ms) 
     -computing association tests...done (9ms) 
     -computing joint association tests...done (0ms) 
 set [1072/1396] : RPS23P3 - 4844 variants...
     -reading in genotypes, computing gene-based tests and building masks...done (10557ms) 
     -computing association tests...done (10ms) 
     -computing joint association tests...done (0ms) 
 set [1073/1396] : RPS23P4 - 2280 variants...
     -reading in genotypes, computing gene-based tests and building masks...done (2442ms) 
     -computing association tests...done (10ms) 
     -computing joint association tests...done (0ms) 
 set [1074/1396] : RPS26P24 - 4428 variants...
     -reading in genotypes, computing gene-based tests and building masks...done (8508ms) 
     -computing association tests...done (7ms) 
     -computing joint association tests...done (0ms) 
 set [1075/1396] : RPS27P13 - 4311 variants...
     -reading in genotypes, computing gene-based tests and building masks...done (5870ms) 
     -computing association tests...done (27ms) 
     -computing joint association tests...done (0ms) 
 set [1076/1396] : RPS3A - 6971 variants...
     -reading in genotypes, computing gene-based tests and building masks...done (7543ms) 
     -computing association tests...done (11ms) 
     -computing joint association tests...done (0ms) 
 set [1077/1396] : RPS3AP16 - 471 variants...
     -reading in genotypes, computing gene-based tests and building masks...done (648ms) 
     -computing association tests...done (6ms) 
     -computing joint association tests...done (0ms) 
 set [1078/1396] : RPS3AP17 - 5240 variants...
     -reading in genotypes, computing gene-based tests and building masks...done (7695ms) 
     -computing association tests...done (49ms) 
     -computing joint association tests...done (0ms) 
 set [1079/1396] : RPS3AP18 - 4818 variants...
     -reading in genotypes, computing gene-based tests and building masks...done (5974ms) 
     -computing association tests...done (9ms) 
     -computing joint association tests...done (0ms) 
 set [1080/1396] : RPS3AP19 - 539 variants...
     -reading in genotypes, computing gene-based tests and building masks...done (699ms) 
     -computing association tests...done (6ms) 
     -computing joint association tests...done (0ms) 
 set [1081/1396] : RPS7P6 - 4010 variants...
     -reading in genotypes, computing gene-based tests and building masks...done (2959ms) 
     -computing association tests...done (9ms) 
     -computing joint association tests...done (0ms) 
 set [1082/1396] : RPSAP34 - 5551 variants...
     -reading in genotypes, computing gene-based tests and building masks...done (13205ms) 
     -computing association tests...done (9ms) 
     -computing joint association tests...done (0ms) 
 set [1083/1396] : RPSAP35 - 341 variants...
     -reading in genotypes, computing gene-based tests and building masks...done (549ms) 
     -computing association tests...done (43ms) 
     -computing joint association tests...done (0ms) 
 set [1084/1396] : RPSAP39 - 4823 variants...
     -reading in genotypes, computing gene-based tests and building masks...done (5561ms) 
     -computing association tests...done (10ms) 
     -computing joint association tests...done (0ms) 
 set [1085/1396] : RRH - 9412 variants...
     -reading in genotypes, computing gene-based tests and building masks...done (12661ms) 
     -computing association tests...done (12ms) 
     -computing joint association tests...done (0ms) 
 set [1086/1396] : RTN3P1 - 1566 variants...
     -reading in genotypes, computing gene-based tests and building masks...done (2321ms) 
     -computing association tests...done (9ms) 
     -computing joint association tests...done (0ms) 
 set [1087/1396] : RUFY3 - 43488 variants...
     -reading in genotypes, computing gene-based tests and building masks...done (43390ms) 
     -computing association tests...done (45ms) 
     -computing joint association tests...done (0ms) 
 set [1088/1396] : RWDD4 - 10761 variants...
     -reading in genotypes, computing gene-based tests and building masks...done (14288ms) 
     -computing association tests...done (10ms) 
     -computing joint association tests...done (0ms) 
 set [1089/1396] : RXFP1 - 87788 variants...
     -reading in genotypes, computing gene-based tests and building masks...done (130663ms) 
     -computing association tests...done (16ms) 
     -computing joint association tests...done (0ms) 
 set [1090/1396] : S100P - 6189 variants...
     -reading in genotypes, computing gene-based tests and building masks...done (6109ms) 
     -computing association tests...done (9ms) 
     -computing joint association tests...done (0ms) 
 set [1091/1396] : SAP30 - 6724 variants...
     -reading in genotypes, computing gene-based tests and building masks...done (5216ms) 
     -computing association tests...done (52ms) 
     -computing joint association tests...done (0ms) 
 set [1092/1396] : SAP30-DT - 8993 variants...
     -reading in genotypes, computing gene-based tests and building masks...done (6696ms) 
     -computing association tests...done (18ms) 
     -computing joint association tests...done (0ms) 
 set [1093/1396] : SAR1AP3 - 224 variants...
     -reading in genotypes, computing gene-based tests and building masks...done (345ms) 
     -computing association tests...done (5ms) 
     -computing joint association tests...done (0ms) 
 set [1094/1396] : SCARB2 - 25335 variants...
     -reading in genotypes, computing gene-based tests and building masks...done (24208ms) 
     -computing association tests...done (13ms) 
     -computing joint association tests...done (0ms) 
 set [1095/1396] : SCD5 - 76541 variants...
     -reading in genotypes, computing gene-based tests and building masks...done (82166ms) 
     -computing association tests...done (14ms) 
     -computing joint association tests...done (0ms) 
 set [1096/1396] : SCFD2 - 222707 variants...
     -reading in genotypes, computing gene-based tests and building masks...done (390244ms) 
     -computing association tests...done (18ms) 
     -computing joint association tests...done (0ms) 
 set [1097/1396] : SCGB1D5P - 3963 variants...
     -reading in genotypes, computing gene-based tests and building masks...done (2928ms) 
     -computing association tests...done (10ms) 
     -computing joint association tests...done (0ms) 
 set [1098/1396] : SCLT1 - 87199 variants...
     -reading in genotypes, computing gene-based tests and building masks...done (90386ms) 
     -computing association tests...done (26ms) 
     -computing joint association tests...done (0ms) 
 set [1099/1396] : SCOC - 8902 variants...
     -reading in genotypes, computing gene-based tests and building masks...done (11593ms) 
     -computing association tests...done (20ms) 
     -computing joint association tests...done (0ms) 
 set [1100/1396] : SCOC-AS1 - 52947 variants...
     -reading in genotypes, computing gene-based tests and building masks...done (81184ms) 
     -computing association tests...done (50ms) 
     -computing joint association tests...done (0ms) 
 set [1101/1396] : SCPPPQ1 - 7557 variants...
     -reading in genotypes, computing gene-based tests and building masks...done (12240ms) 
     -computing association tests...done (10ms) 
     -computing joint association tests...done (0ms) 
 set [1102/1396] : SCRG1 - 8189 variants...
     -reading in genotypes, computing gene-based tests and building masks...done (6873ms) 
     -computing association tests...done (14ms) 
     -computing joint association tests...done (0ms) 
 set [1103/1396] : SDAD1 - 22968 variants...
     -reading in genotypes, computing gene-based tests and building masks...done (21234ms) 
     -computing association tests...done (11ms) 
     -computing joint association tests...done (0ms) 
 set [1104/1396] : SDAD1-AS1 - 136 variants...
     -reading in genotypes, computing gene-based tests and building masks...done (415ms) 
     -computing association tests...done (7ms) 
     -computing joint association tests...done (0ms) 
 set [1105/1396] : SEC24B - 53010 variants...
     -reading in genotypes, computing gene-based tests and building masks...done (61405ms) 
     -computing association tests...done (20ms) 
     -computing joint association tests...done (0ms) 
 set [1106/1396] : SEC24B-AS1 - 35072 variants...
     -reading in genotypes, computing gene-based tests and building masks...done (28263ms) 
     -computing association tests...done (14ms) 
     -computing joint association tests...done (0ms) 
 set [1107/1396] : SEC24D - 47405 variants...
     -reading in genotypes, computing gene-based tests and building masks...done (41740ms) 
     -computing association tests...done (24ms) 
     -computing joint association tests...done (0ms) 
 set [1108/1396] : SEC31A - 35537 variants...
     -reading in genotypes, computing gene-based tests and building masks...done (26149ms) 
     -computing association tests...done (11ms) 
     -computing joint association tests...done (0ms) 
 set [1109/1396] : SEC63P2 - 913 variants...
     -reading in genotypes, computing gene-based tests and building masks...done (919ms) 
     -computing association tests...done (7ms) 
     -computing joint association tests...done (0ms) 
 set [1110/1396] : SEL1L3 - 53085 variants...
     -reading in genotypes, computing gene-based tests and building masks...done (47945ms) 
     -computing association tests...done (15ms) 
     -computing joint association tests...done (0ms) 
 set [1111/1396] : SEPSECS - 19189 variants...
     -reading in genotypes, computing gene-based tests and building masks...done (14195ms) 
     -computing association tests...done (11ms) 
     -computing joint association tests...done (0ms) 
 set [1112/1396] : SEPSECS-AS1 - 15895 variants...
     -reading in genotypes, computing gene-based tests and building masks...done (10164ms) 
     -computing association tests...done (28ms) 
     -computing joint association tests...done (0ms) 
 set [1113/1396] : SEPTIN11 - 37661 variants...
     -reading in genotypes, computing gene-based tests and building masks...done (30016ms) 
     -computing association tests...done (13ms) 
     -computing joint association tests...done (0ms) 
 set [1114/1396] : SEPTIN14P4 - 3 variants...
     -reading in genotypes, computing gene-based tests and building masks...done (9100ms) 
 set [1115/1396] : SERF1AP1 - 2725 variants...
     -reading in genotypes, computing gene-based tests and building masks...done (2106ms) 
     -computing association tests...done (43ms) 
     -computing joint association tests...done (0ms) 
 set [1116/1396] : SETD7 - 28656 variants...
     -reading in genotypes, computing gene-based tests and building masks...done (22446ms) 
     -computing association tests...done (11ms) 
     -computing joint association tests...done (0ms) 
 set [1117/1396] : SETP20 - 1377 variants...
     -reading in genotypes, computing gene-based tests and building masks...done (1221ms) 
     -computing association tests...done (6ms) 
     -computing joint association tests...done (0ms) 
 set [1118/1396] : SFRP2 - 7720 variants...
     -reading in genotypes, computing gene-based tests and building masks...done (6027ms) 
     -computing association tests...done (10ms) 
     -computing joint association tests...done (0ms) 
 set [1119/1396] : SGCB - 11659 variants...
     -reading in genotypes, computing gene-based tests and building masks...done (20768ms) 
     -computing association tests...done (60ms) 
     -computing joint association tests...done (0ms) 
 set [1120/1396] : SGMS2 - 37321 variants...
     -reading in genotypes, computing gene-based tests and building masks...done (29799ms) 
     -computing association tests...done (71ms) 
     -computing joint association tests...done (0ms) 
 set [1121/1396] : SH3BP2 - 28852 variants...
     -reading in genotypes, computing gene-based tests and building masks...done (27607ms) 
     -computing association tests...done (50ms) 
     -computing joint association tests...done (0ms) 
 set [1122/1396] : SH3D19 - 80258 variants...
     -reading in genotypes, computing gene-based tests and building masks...done (81331ms) 
     -computing association tests...done (59ms) 
     -computing joint association tests...done (0ms) 
 set [1123/1396] : SH3RF1 - 71406 variants...
     -reading in genotypes, computing gene-based tests and building masks...done (75441ms) 
     -computing association tests...done (54ms) 
     -computing joint association tests...done (0ms) 
 set [1124/1396] : SH3TC1 - 36174 variants...
     -reading in genotypes, computing gene-based tests and building masks...done (31038ms) 
     -computing association tests...done (45ms) 
     -computing joint association tests...done (0ms) 
 set [1125/1396] : SHISA3 - 6394 variants...
     -reading in genotypes, computing gene-based tests and building masks...done (6196ms) 
     -computing association tests...done (11ms) 
     -computing joint association tests...done (0ms) 
 set [1126/1396] : SHROOM3 - 139946 variants...
     -reading in genotypes, computing gene-based tests and building masks...done (180696ms) 
     -computing association tests...done (53ms) 
     -computing joint association tests...done (0ms) 
 set [1127/1396] : SHROOM3-AS1 - 7460 variants...
     -reading in genotypes, computing gene-based tests and building masks...done (4775ms) 
     -computing association tests...done (8ms) 
     -computing joint association tests...done (0ms) 
 set [1128/1396] : SLAIN2 - 44534 variants...
     -reading in genotypes, computing gene-based tests and building masks...done (46502ms) 
     -computing association tests...done (15ms) 
     -computing joint association tests...done (0ms) 
 set [1129/1396] : SLBP - 12521 variants...
     -reading in genotypes, computing gene-based tests and building masks...done (10967ms) 
     -computing association tests...done (55ms) 
     -computing joint association tests...done (0ms) 
 set [1130/1396] : SLC10A4 - 4409 variants...
     -reading in genotypes, computing gene-based tests and building masks...done (3569ms) 
     -computing association tests...done (18ms) 
     -computing joint association tests...done (0ms) 
 set [1131/1396] : SLC10A6 - 16166 variants...
     -reading in genotypes, computing gene-based tests and building masks...done (18296ms) 
     -computing association tests...done (10ms) 
     -computing joint association tests...done (0ms) 
 set [1132/1396] : SLC10A7 - 107467 variants...
     -reading in genotypes, computing gene-based tests and building masks...done (119682ms) 
     -computing association tests...done (19ms) 
     -computing joint association tests...done (0ms) 
 set [1133/1396] : SLC25A31 - 19423 variants...
     -reading in genotypes, computing gene-based tests and building masks...done (19924ms) 
     -computing association tests...done (11ms) 
     -computing joint association tests...done (0ms) 
 set [1134/1396] : SLC25A4 - 7106 variants...
     -reading in genotypes, computing gene-based tests and building masks...done (9508ms) 
     -computing association tests...done (10ms) 
     -computing joint association tests...done (0ms) 
 set [1135/1396] : SLC26A1 - 9681 variants...
     -reading in genotypes, computing gene-based tests and building masks...done (7396ms) 
     -computing association tests...done (54ms) 
     -computing joint association tests...done (0ms) 
 set [1136/1396] : SLC2A9 - 111880 variants...
     -reading in genotypes, computing gene-based tests and building masks...done (160498ms) 
     -computing association tests...done (17ms) 
     -computing joint association tests...done (0ms) 
 set [1137/1396] : SLC2A9-AS1 - 18919 variants...
     -reading in genotypes, computing gene-based tests and building masks...done (13387ms) 
     -computing association tests...done (9ms) 
     -computing joint association tests...done (0ms) 
 set [1138/1396] : SLC30A9 - 44571 variants...
     -reading in genotypes, computing gene-based tests and building masks...done (41364ms) 
     -computing association tests...done (14ms) 
     -computing joint association tests...done (0ms) 
 set [1139/1396] : SLC34A2 - 18467 variants...
     -reading in genotypes, computing gene-based tests and building masks...done (15169ms) 
     -computing association tests...done (13ms) 
     -computing joint association tests...done (0ms) 
 set [1140/1396] : SLC39A8 - 68043 variants...
     -reading in genotypes, computing gene-based tests and building masks...done (119248ms) 
     -computing association tests...done (18ms) 
     -computing joint association tests...done (0ms) 
 set [1141/1396] : SLC49A3 - 3739 variants...
     -reading in genotypes, computing gene-based tests and building masks...done (5550ms) 
     -computing association tests...done (40ms) 
     -computing joint association tests...done (0ms) 
 set [1142/1396] : SLC4A4 - 216195 variants...
     -reading in genotypes, computing gene-based tests and building masks...done (394174ms) 
     -computing association tests...done (20ms) 
     -computing joint association tests...done (0ms) 
 set [1143/1396] : SLC7A11 - 40449 variants...
     -reading in genotypes, computing gene-based tests and building masks...done (54466ms) 
     -computing association tests...done (45ms) 
     -computing joint association tests...done (0ms) 
 set [1144/1396] : SLC7A11-AS1 - 29516 variants...
     -reading in genotypes, computing gene-based tests and building masks...done (28539ms) 
     -computing association tests...done (11ms) 
     -computing joint association tests...done (0ms) 
 set [1145/1396] : SLC9B1 - 55383 variants...
     -reading in genotypes, computing gene-based tests and building masks...done (92644ms) 
     -computing association tests...done (14ms) 
     -computing joint association tests...done (0ms) 
 set [1146/1396] : SLC9B2 - 18558 variants...
     -reading in genotypes, computing gene-based tests and building masks...done (13331ms) 
     -computing association tests...done (10ms) 
     -computing joint association tests...done (0ms) 
 set [1147/1396] : SLIRPP2 - 3500 variants...
     -reading in genotypes, computing gene-based tests and building masks...done (2398ms) 
     -computing association tests...done (9ms) 
     -computing joint association tests...done (0ms) 
 set [1148/1396] : SLIT2 - 178443 variants...
     -reading in genotypes, computing gene-based tests and building masks...done (321521ms) 
     -computing association tests...done (57ms) 
     -computing joint association tests...done (0ms) 
 set [1149/1396] : SMAD1 - 35274 variants...
     -reading in genotypes, computing gene-based tests and building masks...done (32154ms) 
     -computing association tests...done (13ms) 
     -computing joint association tests...done (0ms) 
 set [1150/1396] : SMAD1-AS2 - 29315 variants...
     -reading in genotypes, computing gene-based tests and building masks...done (23798ms) 
     -computing association tests...done (10ms) 
     -computing joint association tests...done (0ms) 
 set [1151/1396] : SMARCA5 - 21335 variants...
     -reading in genotypes, computing gene-based tests and building masks...done (14536ms) 
     -computing association tests...done (15ms) 
     -computing joint association tests...done (0ms) 
 set [1152/1396] : SMARCA5-AS1 - 285 variants...
     -reading in genotypes, computing gene-based tests and building masks...done (372ms) 
     -computing association tests...done (2ms) 
     -computing joint association tests...done (0ms) 
 set [1153/1396] : SMARCAD1 - 39487 variants...
     -reading in genotypes, computing gene-based tests and building masks...done (39938ms) 
     -computing association tests...done (17ms) 
     -computing joint association tests...done (0ms) 
 set [1154/1396] : SMARCAD1-DT - 36931 variants...
     -reading in genotypes, computing gene-based tests and building masks...done (35555ms) 
     -computing association tests...done (50ms) 
     -computing joint association tests...done (0ms) 
 set [1155/1396] : SMIM14 - 45868 variants...
     -reading in genotypes, computing gene-based tests and building masks...done (40121ms) 
     -computing association tests...done (14ms) 
     -computing joint association tests...done (0ms) 
 set [1156/1396] : SMIM14-DT - 11338 variants...
     -reading in genotypes, computing gene-based tests and building masks...done (9859ms) 
     -computing association tests...done (40ms) 
     -computing joint association tests...done (0ms) 
 set [1157/1396] : SMIM20 - 18740 variants...
     -reading in genotypes, computing gene-based tests and building masks...done (16377ms) 
     -computing association tests...done (50ms) 
     -computing joint association tests...done (0ms) 
 set [1158/1396] : SMIM31 - 28436 variants...
     -reading in genotypes, computing gene-based tests and building masks...done (28525ms) 
     -computing association tests...done (15ms) 
     -computing joint association tests...done (0ms) 
 set [1159/1396] : SMIM43 - 6077 variants...
     -reading in genotypes, computing gene-based tests and building masks...done (7005ms) 
     -computing association tests...done (15ms) 
     -computing joint association tests...done (0ms) 
 set [1160/1396] : SMR3A - 6458 variants...
     -reading in genotypes, computing gene-based tests and building masks...done (12266ms) 
     -computing association tests...done (22ms) 
     -computing joint association tests...done (0ms) 
 set [1161/1396] : SMR3B - 9503 variants...
     -reading in genotypes, computing gene-based tests and building masks...done (7935ms) 
     -computing association tests...done (48ms) 
     -computing joint association tests...done (0ms) 
 set [1162/1396] : SNCA - 48524 variants...
     -reading in genotypes, computing gene-based tests and building masks...done (43070ms) 
     -computing association tests...done (11ms) 
     -computing joint association tests...done (0ms) 
 set [1163/1396] : SNCA-AS1 - 49 variants...
     -reading in genotypes, computing gene-based tests and building masks...done (771ms) 
     -computing association tests...done (16ms) 
     -computing joint association tests...done (0ms) 
 set [1164/1396] : SNHG27 - 83771 variants...
     -reading in genotypes, computing gene-based tests and building masks...done (817081ms) 
     -computing association tests...done (15ms) 
     -computing joint association tests...done (0ms) 
 set [1165/1396] : SNHG8 - 505 variants...
     -reading in genotypes, computing gene-based tests and building masks...done (2113ms) 
     -computing association tests...done (7ms) 
     -computing joint association tests...done (0ms) 
 set [1166/1396] : SNORA26 - 48 variants...
     -reading in genotypes, computing gene-based tests and building masks...done (535ms) 
     -computing association tests...done (0ms) 
     -computing joint association tests...done (0ms) 
 set [1167/1396] : SNORA70 - 47 variants...
     -reading in genotypes, computing gene-based tests and building masks...done (550ms) 
     -computing association tests...done (52ms) 
     -computing joint association tests...done (0ms) 
 set [1168/1396] : SNORA75 - 55 variants...
     -reading in genotypes, computing gene-based tests and building masks...done (739ms) 
     -computing association tests...done (0ms) 
     -computing joint association tests...done (0ms) 
 set [1169/1396] : SNORA75B - 1212 variants...
     -reading in genotypes, computing gene-based tests and building masks...done (6412ms) 
     -computing association tests...done (5ms) 
     -computing joint association tests...done (0ms) 
 set [1170/1396] : SNORD42 - 14 variants...
     -reading in genotypes, computing gene-based tests and building masks...done (4297ms) 
     -computing association tests...done (0ms) 
     -computing joint association tests...done (0ms) 
 set [1171/1396] : SNRPCP13 - 162 variants...
     -reading in genotypes, computing gene-based tests and building masks...done (376ms) 
     -computing association tests...done (1ms) 
     -computing joint association tests...done (0ms) 
 set [1172/1396] : SNRPCP16 - 195 variants...
     -reading in genotypes, computing gene-based tests and building masks...done (417ms) 
     -computing association tests...done (18ms) 
     -computing joint association tests...done (0ms) 
 set [1173/1396] : SNX18P23 - 513 variants...
     -reading in genotypes, computing gene-based tests and building masks...done (631ms) 
     -computing association tests...done (8ms) 
     -computing joint association tests...done (0ms) 
 set [1174/1396] : SNX18P24 - 662 variants...
     -reading in genotypes, computing gene-based tests and building masks...done (789ms) 
     -computing association tests...done (2ms) 
     -computing joint association tests...done (0ms) 
 set [1175/1396] : SNX18P25 - 803 variants...
     -reading in genotypes, computing gene-based tests and building masks...done (928ms) 
     -computing association tests...done (4ms) 
     -computing joint association tests...done (0ms) 
 set [1176/1396] : SNX25 - 64297 variants...
     -reading in genotypes, computing gene-based tests and building masks...done (76719ms) 
     -computing association tests...done (15ms) 
     -computing joint association tests...done (0ms) 
 set [1177/1396] : SOD3 - 9841 variants...
     -reading in genotypes, computing gene-based tests and building masks...done (6785ms) 
     -computing association tests...done (11ms) 
     -computing joint association tests...done (12ms) 
 set [1178/1396] : SORBS2 - 118900 variants...
     -reading in genotypes, computing gene-based tests and building masks...done (152325ms) 
     -computing association tests...done (58ms) 
     -computing joint association tests...done (0ms) 
 set [1179/1396] : SORCS2 - 327377 variants...
     -reading in genotypes, computing gene-based tests and building masks...done (1459058ms) 
     -computing association tests...done (22ms) 
     -computing joint association tests...done (0ms) 
 set [1180/1396] : SOWAHB - 6030 variants...
     -reading in genotypes, computing gene-based tests and building masks...done (5166ms) 
     -computing association tests...done (42ms) 
     -computing joint association tests...done (0ms) 
 set [1181/1396] : SPARCL1 - 24147 variants...
     -reading in genotypes, computing gene-based tests and building masks...done (24529ms) 
     -computing association tests...done (55ms) 
     -computing joint association tests...done (0ms) 
 set [1182/1396] : SPATA18 - 22573 variants...
     -reading in genotypes, computing gene-based tests and building masks...done (17848ms) 
     -computing association tests...done (49ms) 
     -computing joint association tests...done (0ms) 
 set [1183/1396] : SPATA4 - 8300 variants...
     -reading in genotypes, computing gene-based tests and building masks...done (13547ms) 
     -computing association tests...done (61ms) 
     -computing joint association tests...done (0ms) 
 set [1184/1396] : SPCS3 - 9326 variants...
     -reading in genotypes, computing gene-based tests and building masks...done (10318ms) 
     -computing association tests...done (9ms) 
     -computing joint association tests...done (0ms) 
 set [1185/1396] : SPCS3-AS1 - 4440 variants...
     -reading in genotypes, computing gene-based tests and building masks...done (4506ms) 
     -computing association tests...done (43ms) 
     -computing joint association tests...done (0ms) 
 set [1186/1396] : SPINK2 - 9504 variants...
     -reading in genotypes, computing gene-based tests and building masks...done (7722ms) 
     -computing association tests...done (74ms) 
     -computing joint association tests...done (0ms) 
 set [1187/1396] : SPMAP2L - 33579 variants...
     -reading in genotypes, computing gene-based tests and building masks...done (35802ms) 
     -computing association tests...done (54ms) 
     -computing joint association tests...done (0ms) 
 set [1188/1396] : SPMIP2 - 50727 variants...
     -reading in genotypes, computing gene-based tests and building masks...done (42198ms) 
     -computing association tests...done (54ms) 
     -computing joint association tests...done (0ms) 
 set [1189/1396] : SPOCK3 - 236841 variants...
     -reading in genotypes, computing gene-based tests and building masks...done (1611958ms) 
     -computing association tests...done (55ms) 
     -computing joint association tests...done (0ms) 
 set [1190/1396] : SPON2 - 8865 variants...
     -reading in genotypes, computing gene-based tests and building masks...done (6412ms) 
     -computing association tests...done (10ms) 
     -computing joint association tests...done (0ms) 
 set [1191/1396] : SPOPLP1 - 523 variants...
     -reading in genotypes, computing gene-based tests and building masks...done (672ms) 
     -computing association tests...done (1ms) 
     -computing joint association tests...done (0ms) 
 set [1192/1396] : SPOPLP2 - 6479 variants...
     -reading in genotypes, computing gene-based tests and building masks...done (7942ms) 
     -computing association tests...done (47ms) 
     -computing joint association tests...done (0ms) 
 set [1193/1396] : SPOPLP3 - 2465 variants...
     -reading in genotypes, computing gene-based tests and building masks...done (7266ms) 
     -computing association tests...done (46ms) 
     -computing joint association tests...done (0ms) 
 set [1194/1396] : SPP1 - 6815 variants...
     -reading in genotypes, computing gene-based tests and building masks...done (9115ms) 
     -computing association tests...done (68ms) 
     -computing joint association tests...done (18ms) 
 set [1195/1396] : SPRY1 - 8574 variants...
     -reading in genotypes, computing gene-based tests and building masks...done (10144ms) 
     -computing association tests...done (13ms) 
     -computing joint association tests...done (0ms) 
 set [1196/1396] : SRD5A3 - 15892 variants...
     -reading in genotypes, computing gene-based tests and building masks...done (12540ms) 
     -computing association tests...done (44ms) 
     -computing joint association tests...done (0ms) 
 set [1197/1396] : SRD5A3-AS1 - 4979 variants...
     -reading in genotypes, computing gene-based tests and building masks...done (3534ms) 
     -computing association tests...done (11ms) 
     -computing joint association tests...done (0ms) 
 set [1198/1396] : SRIP1 - 4464 variants...
     -reading in genotypes, computing gene-based tests and building masks...done (11006ms) 
     -computing association tests...done (10ms) 
     -computing joint association tests...done (0ms) 
 set [1199/1396] : SRP72 - 16704 variants...
     -reading in genotypes, computing gene-based tests and building masks...done (12274ms) 
     -computing association tests...done (58ms) 
     -computing joint association tests...done (0ms) 
 set [1200/1396] : STAP1 - 21173 variants...
     -reading in genotypes, computing gene-based tests and building masks...done (27475ms) 
     -computing association tests...done (65ms) 
     -computing joint association tests...done (0ms) 
 set [1201/1396] : STATH - 6741 variants...
     -reading in genotypes, computing gene-based tests and building masks...done (5468ms) 
     -computing association tests...done (46ms) 
     -computing joint association tests...done (0ms) 
 set [1202/1396] : STBD1 - 5548 variants...
     -reading in genotypes, computing gene-based tests and building masks...done (4118ms) 
     -computing association tests...done (11ms) 
     -computing joint association tests...done (0ms) 
 set [1203/1396] : STIM2 - 76570 variants...
     -reading in genotypes, computing gene-based tests and building masks...done (81577ms) 
     -computing association tests...done (67ms) 
     -computing joint association tests...done (0ms) 
 set [1204/1396] : STIM2-AS1 - 470 variants...
     -reading in genotypes, computing gene-based tests and building masks...done (542ms) 
     -computing association tests...done (7ms) 
     -computing joint association tests...done (0ms) 
 set [1205/1396] : STK32B - 243466 variants...
     -reading in genotypes, computing gene-based tests and building masks...done (925097ms) 
     -computing association tests...done (59ms) 
     -computing joint association tests...done (0ms) 
 set [1206/1396] : STMN1P2 - 2295 variants...
     -reading in genotypes, computing gene-based tests and building masks...done (2048ms) 
     -computing association tests...done (50ms) 
     -computing joint association tests...done (0ms) 
 set [1207/1396] : STOX2 - 100730 variants...
     -reading in genotypes, computing gene-based tests and building masks...done (136591ms) 
     -computing association tests...done (18ms) 
     -computing joint association tests...done (0ms) 
 set [1208/1396] : STPG2 - 335859 variants...
     -reading in genotypes, computing gene-based tests and building masks...done (789295ms) 
     -computing association tests...done (17ms) 
     -computing joint association tests...done (0ms) 
 set [1209/1396] : STX18 - 55998 variants...
     -reading in genotypes, computing gene-based tests and building masks...done (51039ms) 
     -computing association tests...done (16ms) 
     -computing joint association tests...done (0ms) 
 set [1210/1396] : STX18-AS1 - 123986 variants...
     -reading in genotypes, computing gene-based tests and building masks...done (180218ms) 
     -computing association tests...done (17ms) 
     -computing joint association tests...done (0ms) 
 set [1211/1396] : SULT1B1 - 31759 variants...
     -reading in genotypes, computing gene-based tests and building masks...done (22203ms) 
     -computing association tests...done (10ms) 
     -computing joint association tests...done (9ms) 
 set [1212/1396] : SULT1D1P - 14953 variants...
     -reading in genotypes, computing gene-based tests and building masks...done (10139ms) 
     -computing association tests...done (45ms) 
     -computing joint association tests...done (0ms) 
 set [1213/1396] : SULT1E1 - 12321 variants...
     -reading in genotypes, computing gene-based tests and building masks...done (9327ms) 
     -computing association tests...done (57ms) 
     -computing joint association tests...done (0ms) 
 set [1214/1396] : SYNPO2 - 90298 variants...
     -reading in genotypes, computing gene-based tests and building masks...done (102385ms) 
     -computing association tests...done (23ms) 
     -computing joint association tests...done (0ms) 
 set [1215/1396] : TACC3 - 13907 variants...
     -reading in genotypes, computing gene-based tests and building masks...done (25729ms) 
     -computing association tests...done (50ms) 
     -computing joint association tests...done (0ms) 
 set [1216/1396] : TACR3 - 73109 variants...
     -reading in genotypes, computing gene-based tests and building masks...done (82675ms) 
     -computing association tests...done (55ms) 
     -computing joint association tests...done (0ms) 
 set [1217/1396] : TACR3-AS1 - 19956 variants...
     -reading in genotypes, computing gene-based tests and building masks...done (31059ms) 
     -computing association tests...done (43ms) 
     -computing joint association tests...done (0ms) 
 set [1218/1396] : TADA2B - 9913 variants...
     -reading in genotypes, computing gene-based tests and building masks...done (7419ms) 
     -computing association tests...done (44ms) 
     -computing joint association tests...done (0ms) 
 set [1219/1396] : TAPT1 - 32748 variants...
     -reading in genotypes, computing gene-based tests and building masks...done (29665ms) 
     -computing association tests...done (12ms) 
     -computing joint association tests...done (0ms) 
 set [1220/1396] : TAPT1-AS1 - 38183 variants...
     -reading in genotypes, computing gene-based tests and building masks...done (32755ms) 
     -computing association tests...done (45ms) 
     -computing joint association tests...done (0ms) 
 set [1221/1396] : TARS2P1 - 5322 variants...
     -reading in genotypes, computing gene-based tests and building masks...done (3367ms) 
     -computing association tests...done (9ms) 
     -computing joint association tests...done (0ms) 
 set [1222/1396] : TBC1D1 - 99393 variants...
     -reading in genotypes, computing gene-based tests and building masks...done (116264ms) 
     -computing association tests...done (63ms) 
     -computing joint association tests...done (0ms) 
 set [1223/1396] : TBC1D14 - 68519 variants...
     -reading in genotypes, computing gene-based tests and building masks...done (93336ms) 
     -computing association tests...done (71ms) 
     -computing joint association tests...done (0ms) 
 set [1224/1396] : TBC1D19 - 76013 variants...
     -reading in genotypes, computing gene-based tests and building masks...done (76599ms) 
     -computing association tests...done (16ms) 
     -computing joint association tests...done (0ms) 
 set [1225/1396] : TBC1D9 - 59250 variants...
     -reading in genotypes, computing gene-based tests and building masks...done (49047ms) 
     -computing association tests...done (58ms) 
     -computing joint association tests...done (0ms) 
 set [1226/1396] : TBCK - 114269 variants...
     -reading in genotypes, computing gene-based tests and building masks...done (140207ms) 
     -computing association tests...done (17ms) 
     -computing joint association tests...done (0ms) 
 set [1227/1396] : TDO2 - 25799 variants...
     -reading in genotypes, computing gene-based tests and building masks...done (22747ms) 
     -computing association tests...done (50ms) 
     -computing joint association tests...done (0ms) 
 set [1228/1396] : TEC - 56661 variants...
     -reading in genotypes, computing gene-based tests and building masks...done (53415ms) 
     -computing association tests...done (15ms) 
     -computing joint association tests...done (60ms) 
 set [1229/1396] : TECRL - 70793 variants...
     -reading in genotypes, computing gene-based tests and building masks...done (65733ms) 
     -computing association tests...done (58ms) 
     -computing joint association tests...done (0ms) 
 set [1230/1396] : TECRP2 - 4819 variants...
     -reading in genotypes, computing gene-based tests and building masks...done (3435ms) 
     -computing association tests...done (10ms) 
     -computing joint association tests...done (0ms) 
 set [1231/1396] : TENM3 - 259568 variants...
     -reading in genotypes, computing gene-based tests and building masks...done (554707ms) 
     -computing association tests...done (21ms) 
     -computing joint association tests...done (0ms) 
 set [1232/1396] : TENM3-AS1 - 121518 variants...
     -reading in genotypes, computing gene-based tests and building masks...done (200453ms) 
     -computing association tests...done (55ms) 
     -computing joint association tests...done (0ms) 
 set [1233/1396] : TET2 - 61752 variants...
     -reading in genotypes, computing gene-based tests and building masks...done (56250ms) 
     -computing association tests...done (55ms) 
     -computing joint association tests...done (0ms) 
 set [1234/1396] : TET2-AS1 - 32064 variants...
     -reading in genotypes, computing gene-based tests and building masks...done (22779ms) 
     -computing association tests...done (14ms) 
     -computing joint association tests...done (0ms) 
 set [1235/1396] : THAP12P9 - 5480 variants...
     -reading in genotypes, computing gene-based tests and building masks...done (5685ms) 
     -computing association tests...done (39ms) 
     -computing joint association tests...done (0ms) 
 set [1236/1396] : THAP6 - 14362 variants...
     -reading in genotypes, computing gene-based tests and building masks...done (11274ms) 
     -computing association tests...done (11ms) 
     -computing joint association tests...done (0ms) 
 set [1237/1396] : THAP9 - 11825 variants...
     -reading in genotypes, computing gene-based tests and building masks...done (8610ms) 
     -computing association tests...done (56ms) 
     -computing joint association tests...done (0ms) 
 set [1238/1396] : TIFA - 6083 variants...
     -reading in genotypes, computing gene-based tests and building masks...done (5390ms) 
     -computing association tests...done (46ms) 
     -computing joint association tests...done (0ms) 
 set [1239/1396] : TIGD2 - 5937 variants...
     -reading in genotypes, computing gene-based tests and building masks...done (5735ms) 
     -computing association tests...done (10ms) 
     -computing joint association tests...done (0ms) 
 set [1240/1396] : TIGD4 - 8705 variants...
     -reading in genotypes, computing gene-based tests and building masks...done (13109ms) 
     -computing association tests...done (11ms) 
     -computing joint association tests...done (0ms) 
 set [1241/1396] : TKTL2 - 5115 variants...
     -reading in genotypes, computing gene-based tests and building masks...done (5107ms) 
     -computing association tests...done (45ms) 
     -computing joint association tests...done (0ms) 
 set [1242/1396] : TLL1 - 101327 variants...
     -reading in genotypes, computing gene-based tests and building masks...done (139235ms) 
     -computing association tests...done (57ms) 
     -computing joint association tests...done (0ms) 
 set [1243/1396] : TLR10 - 9013 variants...
     -reading in genotypes, computing gene-based tests and building masks...done (9982ms) 
     -computing association tests...done (10ms) 
     -computing joint association tests...done (0ms) 
 set [1244/1396] : TLR1 - 12354 variants...
     -reading in genotypes, computing gene-based tests and building masks...done (10160ms) 
     -computing association tests...done (47ms) 
     -computing joint association tests...done (0ms) 
 set [1245/1396] : TLR2 - 10164 variants...
     -reading in genotypes, computing gene-based tests and building masks...done (13287ms) 
     -computing association tests...done (11ms) 
     -computing joint association tests...done (4ms) 
 set [1246/1396] : TLR3 - 14993 variants...
     -reading in genotypes, computing gene-based tests and building masks...done (16671ms) 
     -computing association tests...done (13ms) 
     -computing joint association tests...done (0ms) 
 set [1247/1396] : TLR6 - 18487 variants...
     -reading in genotypes, computing gene-based tests and building masks...done (14570ms) 
     -computing association tests...done (10ms) 
     -computing joint association tests...done (0ms) 
 set [1248/1396] : TMA16 - 13831 variants...
     -reading in genotypes, computing gene-based tests and building masks...done (15243ms) 
     -computing association tests...done (13ms) 
     -computing joint association tests...done (0ms) 
 set [1249/1396] : TMED11P - 13 variants...
     -reading in genotypes, computing gene-based tests and building masks...done (547ms) 
     -computing association tests...done (1ms) 
     -computing joint association tests...done (0ms) 
 set [1250/1396] : TMEM128 - 9673 variants...
     -reading in genotypes, computing gene-based tests and building masks...done (15457ms) 
     -computing association tests...done (10ms) 
     -computing joint association tests...done (0ms) 
 set [1251/1396] : TMEM129 - 8939 variants...
     -reading in genotypes, computing gene-based tests and building masks...done (7376ms) 
     -computing association tests...done (10ms) 
     -computing joint association tests...done (0ms) 
 set [1252/1396] : TMEM131L - 74880 variants...
     -reading in genotypes, computing gene-based tests and building masks...done (80888ms) 
     -computing association tests...done (55ms) 
     -computing joint association tests...done (0ms) 
 set [1253/1396] : TMEM144 - 21729 variants...
     -reading in genotypes, computing gene-based tests and building masks...done (21009ms) 
     -computing association tests...done (14ms) 
     -computing joint association tests...done (0ms) 
 set [1254/1396] : TMEM150C - 35531 variants...
     -reading in genotypes, computing gene-based tests and building masks...done (37392ms) 
     -computing association tests...done (50ms) 
     -computing joint association tests...done (0ms) 
 set [1255/1396] : TMEM154 - 30011 variants...
     -reading in genotypes, computing gene-based tests and building masks...done (40712ms) 
     -computing association tests...done (13ms) 
     -computing joint association tests...done (0ms) 
 set [1256/1396] : TMEM156 - 34093 variants...
     -reading in genotypes, computing gene-based tests and building masks...done (32740ms) 
     -computing association tests...done (11ms) 
     -computing joint association tests...done (0ms) 
 set [1257/1396] : TMEM165 - 20792 variants...
     -reading in genotypes, computing gene-based tests and building masks...done (33700ms) 
     -computing association tests...done (15ms) 
     -computing joint association tests...done (0ms) 
 set [1258/1396] : TMEM175 - 12865 variants...
     -reading in genotypes, computing gene-based tests and building masks...done (9163ms) 
     -computing association tests...done (41ms) 
     -computing joint association tests...done (0ms) 
 set [1259/1396] : TMEM184C - 7421 variants...
     -reading in genotypes, computing gene-based tests and building masks...done (7664ms) 
     -computing association tests...done (10ms) 
     -computing joint association tests...done (0ms) 
 set [1260/1396] : TMEM184C-DT - 11068 variants...
     -reading in genotypes, computing gene-based tests and building masks...done (21441ms) 
     -computing association tests...done (13ms) 
     -computing joint association tests...done (0ms) 
 set [1261/1396] : TMEM192 - 27870 variants...
     -reading in genotypes, computing gene-based tests and building masks...done (27981ms) 
     -computing association tests...done (19ms) 
     -computing joint association tests...done (0ms) 
 set [1262/1396] : TMEM248P1 - 361 variants...
     -reading in genotypes, computing gene-based tests and building masks...done (469ms) 
     -computing association tests...done (3ms) 
     -computing joint association tests...done (13ms) 
 set [1263/1396] : TMEM271 - 7098 variants...
     -reading in genotypes, computing gene-based tests and building masks...done (14418ms) 
     -computing association tests...done (11ms) 
     -computing joint association tests...done (0ms) 
 set [1264/1396] : TMEM33 - 14420 variants...
     -reading in genotypes, computing gene-based tests and building masks...done (12453ms) 
     -computing association tests...done (59ms) 
     -computing joint association tests...done (0ms) 
 set [1265/1396] : TMPRSS11A - 26132 variants...
     -reading in genotypes, computing gene-based tests and building masks...done (22461ms) 
     -computing association tests...done (13ms) 
     -computing joint association tests...done (0ms) 
 set [1266/1396] : TMPRSS11B - 13680 variants...
     -reading in genotypes, computing gene-based tests and building masks...done (10265ms) 
     -computing association tests...done (11ms) 
     -computing joint association tests...done (0ms) 
 set [1267/1396] : TMPRSS11D - 27846 variants...
     -reading in genotypes, computing gene-based tests and building masks...done (26338ms) 
     -computing association tests...done (63ms) 
     -computing joint association tests...done (0ms) 
 set [1268/1396] : TMPRSS11E - 23506 variants...
     -reading in genotypes, computing gene-based tests and building masks...done (19757ms) 
     -computing association tests...done (48ms) 
     -computing joint association tests...done (0ms) 
 set [1269/1396] : TMPRSS11F - 37666 variants...
     -reading in genotypes, computing gene-based tests and building masks...done (38443ms) 
     -computing association tests...done (12ms) 
     -computing joint association tests...done (0ms) 
 set [1270/1396] : TNIP2 - 12343 variants...
     -reading in genotypes, computing gene-based tests and building masks...done (9609ms) 
     -computing association tests...done (50ms) 
     -computing joint association tests...done (0ms) 
 set [1271/1396] : TNIP3 - 34074 variants...
     -reading in genotypes, computing gene-based tests and building masks...done (31645ms) 
     -computing association tests...done (60ms) 
     -computing joint association tests...done (0ms) 
 set [1272/1396] : TOMM22P4 - 5271 variants...
     -reading in genotypes, computing gene-based tests and building masks...done (8280ms) 
     -computing association tests...done (19ms) 
     -computing joint association tests...done (0ms) 
 set [1273/1396] : TOX4P1 - 754 variants...
     -reading in genotypes, computing gene-based tests and building masks...done (4666ms) 
     -computing association tests...done (9ms) 
     -computing joint association tests...done (0ms) 
 set [1274/1396] : TRAM1L1 - 4811 variants...
     -reading in genotypes, computing gene-based tests and building masks...done (4356ms) 
     -computing association tests...done (10ms) 
     -computing joint association tests...done (0ms) 
 set [1275/1396] : TRAPPC11 - 27153 variants...
     -reading in genotypes, computing gene-based tests and building masks...done (32771ms) 
     -computing association tests...done (46ms) 
     -computing joint association tests...done (0ms) 
 set [1276/1396] : TRIM2 - 86580 variants...
     -reading in genotypes, computing gene-based tests and building masks...done (126275ms) 
     -computing association tests...done (73ms) 
     -computing joint association tests...done (0ms) 
 set [1277/1396] : TRIM60 - 8690 variants...
     -reading in genotypes, computing gene-based tests and building masks...done (7193ms) 
     -computing association tests...done (44ms) 
     -computing joint association tests...done (0ms) 
 set [1278/1396] : TRIM60P14 - 2857 variants...
     -reading in genotypes, computing gene-based tests and building masks...done (2346ms) 
     -computing association tests...done (44ms) 
     -computing joint association tests...done (0ms) 
 set [1279/1396] : TRIM61 - 8432 variants...
     -reading in genotypes, computing gene-based tests and building masks...done (6939ms) 
     -computing association tests...done (66ms) 
     -computing joint association tests...done (10ms) 
 set [1280/1396] : TRIM75 - 7874 variants...
     -reading in genotypes, computing gene-based tests and building masks...done (7122ms) 
     -computing association tests...done (10ms) 
     -computing joint association tests...done (0ms) 
 set [1281/1396] : TRIML1 - 14337 variants...
     -reading in genotypes, computing gene-based tests and building masks...done (57270ms) 
     -computing association tests...done (44ms) 
     -computing joint association tests...done (0ms) 
 set [1282/1396] : TRIML2 - 13374 variants...
     -reading in genotypes, computing gene-based tests and building masks...done (17183ms) 
     -computing association tests...done (12ms) 
     -computing joint association tests...done (0ms) 
 set [1283/1396] : TRMT10A - 11126 variants...
     -reading in genotypes, computing gene-based tests and building masks...done (9322ms) 
     -computing association tests...done (44ms) 
     -computing joint association tests...done (0ms) 
 set [1284/1396] : TRMT112P1 - 4850 variants...
     -reading in genotypes, computing gene-based tests and building masks...done (9020ms) 
     -computing association tests...done (43ms) 
     -computing joint association tests...done (0ms) 
 set [1285/1396] : TRMT44 - 17472 variants...
     -reading in genotypes, computing gene-based tests and building masks...done (26836ms) 
     -computing association tests...done (48ms) 
     -computing joint association tests...done (0ms) 
 set [1286/1396] : TRPC3 - 31120 variants...
     -reading in genotypes, computing gene-based tests and building masks...done (25687ms) 
     -computing association tests...done (49ms) 
     -computing joint association tests...done (0ms) 
 set [1287/1396] : TRPC6P7 - 197 variants...
     -reading in genotypes, computing gene-based tests and building masks...done (370ms) 
     -computing association tests...done (6ms) 
     -computing joint association tests...done (0ms) 
 set [1288/1396] : TSEN2P1 - 4582 variants...
     -reading in genotypes, computing gene-based tests and building masks...done (5370ms) 
     -computing association tests...done (13ms) 
     -computing joint association tests...done (0ms) 
 set [1289/1396] : TSPAN5 - 82653 variants...
     -reading in genotypes, computing gene-based tests and building masks...done (85628ms) 
     -computing association tests...done (15ms) 
     -computing joint association tests...done (0ms) 
 set [1290/1396] : TSPAN5-DT - 14340 variants...
     -reading in genotypes, computing gene-based tests and building masks...done (10189ms) 
     -computing association tests...done (12ms) 
     -computing joint association tests...done (0ms) 
 set [1291/1396] : TTC29 - 102006 variants...
     -reading in genotypes, computing gene-based tests and building masks...done (123917ms) 
     -computing association tests...done (61ms) 
     -computing joint association tests...done (0ms) 
 set [1292/1396] : TUBAP10 - 4911 variants...
     -reading in genotypes, computing gene-based tests and building masks...done (3694ms) 
     -computing association tests...done (8ms) 
     -computing joint association tests...done (0ms) 
 set [1293/1396] : TUBB4BP5 - 165 variants...
     -reading in genotypes, computing gene-based tests and building masks...done (3213ms) 
     -computing association tests...done (0ms) 
     -computing joint association tests...done (0ms) 
 set [1294/1396] : TUBB7P - 3878 variants...
     -reading in genotypes, computing gene-based tests and building masks...done (4757ms) 
     -computing association tests...done (45ms) 
     -computing joint association tests...done (0ms) 
 set [1295/1396] : TUBB8P3 - 312 variants...
     -reading in genotypes, computing gene-based tests and building masks...done (431ms) 
     -computing association tests...done (4ms) 
     -computing joint association tests...done (0ms) 
 set [1296/1396] : TXK - 32460 variants...
     -reading in genotypes, computing gene-based tests and building masks...done (88400ms) 
     -computing association tests...done (54ms) 
     -computing joint association tests...done (0ms) 
 set [1297/1396] : U6 - 14786 variants...
     -reading in genotypes, computing gene-based tests and building masks...done (12468ms) 
     -computing association tests...done (10ms) 
     -computing joint association tests...done (0ms) 
 set [1298/1396] : UBA6 - 40835 variants...
     -reading in genotypes, computing gene-based tests and building masks...done (34511ms) 
     -computing association tests...done (14ms) 
     -computing joint association tests...done (0ms) 
 set [1299/1396] : UBA6-DT - 76311 variants...
     -reading in genotypes, computing gene-based tests and building masks...done (86807ms) 
     -computing association tests...done (15ms) 
     -computing joint association tests...done (0ms) 
 set [1300/1396] : UBE2D3 - 27221 variants...
     -reading in genotypes, computing gene-based tests and building masks...done (22743ms) 
     -computing association tests...done (15ms) 
     -computing joint association tests...done (0ms) 
 set [1301/1396] : UBE2D3-AS1 - 6766 variants...
     -reading in genotypes, computing gene-based tests and building masks...done (5968ms) 
     -computing association tests...done (8ms) 
     -computing joint association tests...done (0ms) 
 set [1302/1396] : UBE2K - 48524 variants...
     -reading in genotypes, computing gene-based tests and building masks...done (53462ms) 
     -computing association tests...done (15ms) 
     -computing joint association tests...done (0ms) 
 set [1303/1396] : UCHL1 - 9239 variants...
     -reading in genotypes, computing gene-based tests and building masks...done (9390ms) 
     -computing association tests...done (60ms) 
     -computing joint association tests...done (0ms) 
 set [1304/1396] : UCHL1-DT - 12444 variants...
     -reading in genotypes, computing gene-based tests and building masks...done (15376ms) 
     -computing association tests...done (41ms) 
     -computing joint association tests...done (0ms) 
 set [1305/1396] : UCP1 - 7606 variants...
     -reading in genotypes, computing gene-based tests and building masks...done (14465ms) 
     -computing association tests...done (10ms) 
     -computing joint association tests...done (0ms) 
 set [1306/1396] : UFSP2 - 6194 variants...
     -reading in genotypes, computing gene-based tests and building masks...done (6614ms) 
     -computing association tests...done (14ms) 
     -computing joint association tests...done (0ms) 
 set [1307/1396] : UGDH - 14895 variants...
     -reading in genotypes, computing gene-based tests and building masks...done (14596ms) 
     -computing association tests...done (45ms) 
     -computing joint association tests...done (0ms) 
 set [1308/1396] : UGDH-AS1 - 3641 variants...
     -reading in genotypes, computing gene-based tests and building masks...done (2559ms) 
     -computing association tests...done (10ms) 
     -computing joint association tests...done (0ms) 
 set [1309/1396] : UGT2A1 - 5837 variants...
     -reading in genotypes, computing gene-based tests and building masks...done (6032ms) 
     -computing association tests...done (44ms) 
     -computing joint association tests...done (0ms) 
 set [1310/1396] : UGT2A2 - 29113 variants...
     -reading in genotypes, computing gene-based tests and building masks...done (30672ms) 
     -computing association tests...done (13ms) 
     -computing joint association tests...done (0ms) 
 set [1311/1396] : UGT2A3 - 16709 variants...
     -reading in genotypes, computing gene-based tests and building masks...done (19937ms) 
     -computing association tests...done (41ms) 
     -computing joint association tests...done (0ms) 
 set [1312/1396] : UGT2B10 - 12607 variants...
     -reading in genotypes, computing gene-based tests and building masks...done (7874ms) 
     -computing association tests...done (43ms) 
     -computing joint association tests...done (0ms) 
 set [1313/1396] : UGT2B11 - 14193 variants...
     -reading in genotypes, computing gene-based tests and building masks...done (11618ms) 
     -computing association tests...done (46ms) 
     -computing joint association tests...done (0ms) 
 set [1314/1396] : UGT2B15 - 16810 variants...
     -reading in genotypes, computing gene-based tests and building masks...done (11858ms) 
     -computing association tests...done (46ms) 
     -computing joint association tests...done (0ms) 
 set [1315/1396] : UGT2B17 - 30591 variants...
     -reading in genotypes, computing gene-based tests and building masks...done (178290ms) 
     -computing association tests...done (55ms) 
     -computing joint association tests...done (0ms) 
 set [1316/1396] : UGT2B24P - 14274 variants...
     -reading in genotypes, computing gene-based tests and building masks...done (9996ms) 
     -computing association tests...done (15ms) 
     -computing joint association tests...done (0ms) 
 set [1317/1396] : UGT2B25P - 10201 variants...
     -reading in genotypes, computing gene-based tests and building masks...done (7521ms) 
     -computing association tests...done (11ms) 
     -computing joint association tests...done (0ms) 
 set [1318/1396] : UGT2B26P - 7999 variants...
     -reading in genotypes, computing gene-based tests and building masks...done (8433ms) 
     -computing association tests...done (9ms) 
     -computing joint association tests...done (0ms) 
 set [1319/1396] : UGT2B27P - 8755 variants...
     -reading in genotypes, computing gene-based tests and building masks...done (8165ms) 
     -computing association tests...done (11ms) 
     -computing joint association tests...done (0ms) 
 set [1320/1396] : UGT2B28 - 14826 variants...
     -reading in genotypes, computing gene-based tests and building masks...done (22989ms) 
     -computing association tests...done (48ms) 
     -computing joint association tests...done (0ms) 
 set [1321/1396] : UGT2B29P - 18862 variants...
     -reading in genotypes, computing gene-based tests and building masks...done (92412ms) 
     -computing association tests...done (14ms) 
     -computing joint association tests...done (0ms) 
 set [1322/1396] : UGT2B4 - 21313 variants...
     -reading in genotypes, computing gene-based tests and building masks...done (15141ms) 
     -computing association tests...done (25ms) 
     -computing joint association tests...done (0ms) 
 set [1323/1396] : UGT2B7 - 19650 variants...
     -reading in genotypes, computing gene-based tests and building masks...done (15689ms) 
     -computing association tests...done (52ms) 
     -computing joint association tests...done (0ms) 
 set [1324/1396] : UGT8 - 35842 variants...
     -reading in genotypes, computing gene-based tests and building masks...done (28282ms) 
     -computing association tests...done (12ms) 
     -computing joint association tests...done (0ms) 
 set [1325/1396] : UMLILO - 6465 variants...
     -reading in genotypes, computing gene-based tests and building masks...done (9172ms) 
     -computing association tests...done (50ms) 
     -computing joint association tests...done (0ms) 
 set [1326/1396] : UNC5C - 174020 variants...
     -reading in genotypes, computing gene-based tests and building masks...done (282029ms) 
     -computing association tests...done (56ms) 
     -computing joint association tests...done (0ms) 
 set [1327/1396] : UNC5C-AS1 - 1412 variants...
     -reading in genotypes, computing gene-based tests and building masks...done (1303ms) 
     -computing association tests...done (46ms) 
     -computing joint association tests...done (0ms) 
 set [1328/1396] : UNC93B4 - 15745 variants...
     -reading in genotypes, computing gene-based tests and building masks...done (65167ms) 
     -computing association tests...done (15ms) 
     -computing joint association tests...done (0ms) 
 set [1329/1396] : UNC93B7 - 8375 variants...
     -reading in genotypes, computing gene-based tests and building masks...done (9822ms) 
     -computing association tests...done (46ms) 
     -computing joint association tests...done (0ms) 
 set [1330/1396] : UNC93B8 - 11577 variants...
     -reading in genotypes, computing gene-based tests and building masks...done (13827ms) 
     -computing association tests...done (11ms) 
     -computing joint association tests...done (0ms) 
 set [1331/1396] : USO1 - 42394 variants...
     -reading in genotypes, computing gene-based tests and building masks...done (37279ms) 
     -computing association tests...done (14ms) 
     -computing joint association tests...done (0ms) 
 set [1332/1396] : USP17L10 - 4914 variants...
     -reading in genotypes, computing gene-based tests and building masks...done (71551ms) 
     -computing association tests...done (69ms) 
     -computing joint association tests...done (0ms) 
 set [1333/1396] : USP17L11 - 3227 variants...
     -reading in genotypes, computing gene-based tests and building masks...done (29199ms) 
     -computing association tests...done (23ms) 
     -computing joint association tests...done (0ms) 
 set [1334/1396] : USP17L12 - 2783 variants...
     -reading in genotypes, computing gene-based tests and building masks...done (33065ms) 
     -computing association tests...done (18ms) 
     -computing joint association tests...done (0ms) 
 set [1335/1396] : USP17L13 - 2998 variants...
     -reading in genotypes, computing gene-based tests and building masks...done (17676ms) 
     -computing association tests...done (75ms) 
     -computing joint association tests...done (0ms) 
 set [1336/1396] : USP17L15 - 5511 variants...
     -reading in genotypes, computing gene-based tests and building masks...done (76309ms) 
     -computing association tests...done (63ms) 
     -computing joint association tests...done (0ms) 
 set [1337/1396] : USP17L17 - 4538 variants...
     -reading in genotypes, computing gene-based tests and building masks...done (67708ms) 
     -computing association tests...done (46ms) 
     -computing joint association tests...done (0ms) 
 set [1338/1396] : USP17L18 - 2261 variants...
     -reading in genotypes, computing gene-based tests and building masks...done (5161ms) 
     -computing association tests...done (57ms) 
     -computing joint association tests...done (0ms) 
 set [1339/1396] : USP17L19 - 2423 variants...
     -reading in genotypes, computing gene-based tests and building masks...done (18382ms) 
     -computing association tests...done (25ms) 
     -computing joint association tests...done (0ms) 
 set [1340/1396] : USP17L20 - 1855 variants...
     -reading in genotypes, computing gene-based tests and building masks...done (24891ms) 
     -computing association tests...done (56ms) 
     -computing joint association tests...done (0ms) 
 set [1341/1396] : USP17L21 - 1989 variants...
     -reading in genotypes, computing gene-based tests and building masks...done (24828ms) 
     -computing association tests...done (31ms) 
     -computing joint association tests...done (0ms) 
 set [1342/1396] : USP17L22 - 2293 variants...
     -reading in genotypes, computing gene-based tests and building masks...done (14841ms) 
     -computing association tests...done (19ms) 
     -computing joint association tests...done (0ms) 
 set [1343/1396] : USP17L24 - 1490 variants...
     -reading in genotypes, computing gene-based tests and building masks...done (19562ms) 
     -computing association tests...done (61ms) 
     -computing joint association tests...done (0ms) 
 set [1344/1396] : USP17L25 - 898 variants...
     -reading in genotypes, computing gene-based tests and building masks...done (3279ms) 
     -computing association tests...done (13ms) 
     -computing joint association tests...done (0ms) 
 set [1345/1396] : USP17L26 - 1063 variants...
     -reading in genotypes, computing gene-based tests and building masks...done (9337ms) 
     -computing association tests...done (34ms) 
     -computing joint association tests...done (0ms) 
 set [1346/1396] : USP17L27 - 132 variants...
     -reading in genotypes, computing gene-based tests and building masks...done (207ms) 
     -computing association tests...done (9ms) 
     -computing joint association tests...done (0ms) 
 set [1347/1396] : USP17L28 - 192 variants...
     -reading in genotypes, computing gene-based tests and building masks...done (2143ms) 
     -computing association tests...done (13ms) 
     -computing joint association tests...done (0ms) 
 set [1348/1396] : USP17L29 - 1367 variants...
     -reading in genotypes, computing gene-based tests and building masks...done (7704ms) 
     -computing association tests...done (17ms) 
     -computing joint association tests...done (0ms) 
 set [1349/1396] : USP17L30 - 3074 variants...
     -reading in genotypes, computing gene-based tests and building masks...done (6316ms) 
     -computing association tests...done (44ms) 
     -computing joint association tests...done (0ms) 
 set [1350/1396] : USP17L5 - 721 variants...
     -reading in genotypes, computing gene-based tests and building masks...done (10559ms) 
     -computing association tests...done (27ms) 
     -computing joint association tests...done (0ms) 
 set [1351/1396] : USP38 - 19899 variants...
     -reading in genotypes, computing gene-based tests and building masks...done (17653ms) 
     -computing association tests...done (11ms) 
     -computing joint association tests...done (0ms) 
 set [1352/1396] : USP38-DT - 130071 variants...
     -reading in genotypes, computing gene-based tests and building masks...done (169608ms) 
     -computing association tests...done (14ms) 
     -computing joint association tests...done (0ms) 
 set [1353/1396] : USP46 - 33094 variants...
     -reading in genotypes, computing gene-based tests and building masks...done (29564ms) 
     -computing association tests...done (48ms) 
     -computing joint association tests...done (0ms) 
 set [1354/1396] : USP46-DT - 1050 variants...
     -reading in genotypes, computing gene-based tests and building masks...done (1003ms) 
     -computing association tests...done (5ms) 
     -computing joint association tests...done (0ms) 
 set [1355/1396] : USP53 - 32644 variants...
     -reading in genotypes, computing gene-based tests and building masks...done (23289ms) 
     -computing association tests...done (12ms) 
     -computing joint association tests...done (0ms) 
 set [1356/1396] : UTP3 - 5073 variants...
     -reading in genotypes, computing gene-based tests and building masks...done (4220ms) 
     -computing association tests...done (46ms) 
     -computing joint association tests...done (0ms) 
 set [1357/1396] : UVSSA - 32137 variants...
     -reading in genotypes, computing gene-based tests and building masks...done (34159ms) 
     -computing association tests...done (52ms) 
     -computing joint association tests...done (0ms) 
 set [1358/1396] : VAMP9P - 14961 variants...
     -reading in genotypes, computing gene-based tests and building masks...done (10987ms) 
     -computing association tests...done (9ms) 
     -computing joint association tests...done (0ms) 
 set [1359/1396] : VEGFC - 50748 variants...
     -reading in genotypes, computing gene-based tests and building masks...done (46236ms) 
     -computing association tests...done (14ms) 
     -computing joint association tests...done (0ms) 
 set [1360/1396] : VPS51P13 - 9506 variants...
     -reading in genotypes, computing gene-based tests and building masks...done (13823ms) 
     -computing association tests...done (9ms) 
     -computing joint association tests...done (0ms) 
 set [1361/1396] : VPS51P18 - 8610 variants...
     -reading in genotypes, computing gene-based tests and building masks...done (6121ms) 
     -computing association tests...done (9ms) 
     -computing joint association tests...done (0ms) 
 set [1362/1396] : VPS51P7 - 8644 variants...
     -reading in genotypes, computing gene-based tests and building masks...done (12538ms) 
     -computing association tests...done (10ms) 
     -computing joint association tests...done (0ms) 
 set [1363/1396] : WDFY3 - 125430 variants...
     -reading in genotypes, computing gene-based tests and building masks...done (133260ms) 
     -computing association tests...done (17ms) 
     -computing joint association tests...done (0ms) 
 set [1364/1396] : WDFY3-AS2 - 18805 variants...
     -reading in genotypes, computing gene-based tests and building masks...done (13563ms) 
     -computing association tests...done (11ms) 
     -computing joint association tests...done (0ms) 
 set [1365/1396] : WDR1 - 33271 variants...
     -reading in genotypes, computing gene-based tests and building masks...done (34950ms) 
     -computing association tests...done (57ms) 
     -computing joint association tests...done (0ms) 
 set [1366/1396] : WDR17 - 49723 variants...
     -reading in genotypes, computing gene-based tests and building masks...done (39425ms) 
     -computing association tests...done (54ms) 
     -computing joint association tests...done (0ms) 
 set [1367/1396] : WDR19 - 42870 variants...
     -reading in genotypes, computing gene-based tests and building masks...done (34746ms) 
     -computing association tests...done (53ms) 
     -computing joint association tests...done (0ms) 
 set [1368/1396] : WDR5CP - 952 variants...
     -reading in genotypes, computing gene-based tests and building masks...done (1081ms) 
     -computing association tests...done (6ms) 
     -computing joint association tests...done (0ms) 
 set [1369/1396] : WDR77P1 - 4657 variants...
     -reading in genotypes, computing gene-based tests and building masks...done (7214ms) 
     -computing association tests...done (20ms) 
     -computing joint association tests...done (0ms) 
 set [1370/1396] : WEE1P1 - 4817 variants...
     -reading in genotypes, computing gene-based tests and building masks...done (7768ms) 
     -computing association tests...done (49ms) 
     -computing joint association tests...done (0ms) 
 set [1371/1396] : WFS1 - 24568 variants...
     -reading in genotypes, computing gene-based tests and building masks...done (25358ms) 
     -computing association tests...done (50ms) 
     -computing joint association tests...done (0ms) 
 set [1372/1396] : WWC2 - 97683 variants...
     -reading in genotypes, computing gene-based tests and building masks...done (110587ms) 
     -computing association tests...done (57ms) 
     -computing joint association tests...done (0ms) 
 set [1373/1396] : WWC2-AS2 - 16162 variants...
     -reading in genotypes, computing gene-based tests and building masks...done (15182ms) 
     -computing association tests...done (11ms) 
     -computing joint association tests...done (0ms) 
 set [1374/1396] : YIPF7 - 26007 variants...
     -reading in genotypes, computing gene-based tests and building masks...done (19190ms) 
     -computing association tests...done (62ms) 
     -computing joint association tests...done (0ms) 
 set [1375/1396] : Y_RNA - 42429 variants...
     -reading in genotypes, computing gene-based tests and building masks...done (99077ms) 
     -computing association tests...done (13ms) 
     -computing joint association tests...done (0ms) 
 set [1376/1396] : YTHDC1 - 21514 variants...
     -reading in genotypes, computing gene-based tests and building masks...done (18390ms) 
     -computing association tests...done (46ms) 
     -computing joint association tests...done (0ms) 
 set [1377/1396] : YWHAEP4 - 512 variants...
     -reading in genotypes, computing gene-based tests and building masks...done (689ms) 
     -computing association tests...done (45ms) 
     -computing joint association tests...done (0ms) 
 set [1378/1396] : ZACNP1 - 1270 variants...
     -reading in genotypes, computing gene-based tests and building masks...done (6280ms) 
     -computing association tests...done (8ms) 
     -computing joint association tests...done (0ms) 
 set [1379/1396] : ZAR1 - 4512 variants...
     -reading in genotypes, computing gene-based tests and building masks...done (5155ms) 
     -computing association tests...done (44ms) 
     -computing joint association tests...done (0ms) 
 set [1380/1396] : ZBED1P1 - 856 variants...
     -reading in genotypes, computing gene-based tests and building masks...done (1637ms) 
     -computing association tests...done (5ms) 
     -computing joint association tests...done (0ms) 
 set [1381/1396] : ZBTB49 - 16402 variants...
     -reading in genotypes, computing gene-based tests and building masks...done (13282ms) 
     -computing association tests...done (63ms) 
     -computing joint association tests...done (0ms) 
 set [1382/1396] : ZCCHC4 - 26280 variants...
     -reading in genotypes, computing gene-based tests and building masks...done (26122ms) 
     -computing association tests...done (61ms) 
     -computing joint association tests...done (0ms) 
 set [1383/1396] : ZFP42 - 12393 variants...
     -reading in genotypes, computing gene-based tests and building masks...done (17343ms) 
     -computing association tests...done (12ms) 
     -computing joint association tests...done (0ms) 
 set [1384/1396] : ZFYVE28 - 77107 variants...
     -reading in genotypes, computing gene-based tests and building masks...done (117539ms) 
     -computing association tests...done (61ms) 
     -computing joint association tests...done (0ms) 
 set [1385/1396] : ZGRF1 - 45562 variants...
     -reading in genotypes, computing gene-based tests and building masks...done (59406ms) 
     -computing association tests...done (67ms) 
     -computing joint association tests...done (0ms) 
 set [1386/1396] : ZNF141 - 28886 variants...
     -reading in genotypes, computing gene-based tests and building masks...done (30065ms) 
     -computing association tests...done (22ms) 
     -computing joint association tests...done (0ms) 
 set [1387/1396] : ZNF330 - 8888 variants...
     -reading in genotypes, computing gene-based tests and building masks...done (13060ms) 
     -computing association tests...done (50ms) 
     -computing joint association tests...done (0ms) 
 set [1388/1396] : ZNF518B - 14071 variants...
     -reading in genotypes, computing gene-based tests and building masks...done (15670ms) 
     -computing association tests...done (11ms) 
     -computing joint association tests...done (0ms) 
 set [1389/1396] : ZNF595 - 17387 variants...
     -reading in genotypes, computing gene-based tests and building masks...done (16543ms) 
     -computing association tests...done (14ms) 
     -computing joint association tests...done (0ms) 
 set [1390/1396] : ZNF718 - 35765 variants...
     -reading in genotypes, computing gene-based tests and building masks...done (49542ms) 
     -computing association tests...done (65ms) 
     -computing joint association tests...done (0ms) 
 set [1391/1396] : ZNF721 - 32666 variants...
     -reading in genotypes, computing gene-based tests and building masks...done (30006ms) 
     -computing association tests...done (15ms) 
     -computing joint association tests...done (0ms) 
 set [1392/1396] : ZNF732 - 25015 variants...
     -reading in genotypes, computing gene-based tests and building masks...done (22659ms) 
     -computing association tests...done (12ms) 
     -computing joint association tests...done (0ms) 
 set [1393/1396] : ZNF827 - 80796 variants...
     -reading in genotypes, computing gene-based tests and building masks...done (82923ms) 
     -computing association tests...done (49ms) 
     -computing joint association tests...done (0ms) 
 set [1394/1396] : ZNF876P - 23369 variants...
     -reading in genotypes, computing gene-based tests and building masks...done (19362ms) 
     -computing association tests...done (45ms) 
     -computing joint association tests...done (0ms) 
 set [1395/1396] : ZNF969P - 5701 variants...
     -reading in genotypes, computing gene-based tests and building masks...done (5132ms) 
     -computing association tests...done (9ms) 
     -computing joint association tests...done (0ms) 
 set [1396/1396] : ZSWIM5P3 - 4233 variants...
     -reading in genotypes, computing gene-based tests and building masks...done (4881ms) 
     -computing association tests...done (8ms) 
     -computing joint association tests...done (0ms) 

Association results stored separately for each trait in files : 
* [/share/home/lsy_luzhen/WGS_GWAS_and_MR/tmp_ssh_data/GWAS_european/gene_based/testing_results/step2_gb_euro_cin3plus_chr4_CIN3plus.regenie]

Number of tests with Firth correction : 1500
Number of failed tests : (0/1500)
Number of ignored tests due to low MAC : 0

Elapsed time : 81887.6s
End time: Sat Sep  6 19:15:42 2025

--------done
end at:
Sat Sep  6 19:16:49 CST 2025
