start at:
Sat Sep 20 19:56:24 CST 2025
This directory already exists.
regenie version:
v4.1.gz
--------start
Start time: Sat Sep 20 20:04:54 2025

              |===========================|
              |      REGENIE v4.1.gz      |
              |===========================|

Copyright (c) 2020-2024 Joelle Mbatchou, Andrey Ziyatdinov and Jonathan Marchini.
Distributed under the MIT License.
Compiled with Boost Iostream library.
Using Intel MKL with Eigen.

Log of output saved in file : /share/home/lsy_luzhen/WGS_GWAS_and_MR/tmp_ssh_data/GWAS_european/gene_based/testing_results/step2_gb_euro_cin3plus_chr16.log

Options in effect:
  --step 2 \
  --pgen /share/home/lsy_luzhen/WGS_GWAS_and_MR/tmp_ssh_data/GWAS_european/gene_based/EuroPrePCA_ref38_rsID \
  --chr 16 \
  --phenoFile /share/home/lsy_luzhen/WGS_GWAS_and_MR/tmp_ssh_data/GWAS_european/T002_CIN3plus_phenotype.txt \
  --bt \
  --covarFile /share/home/lsy_luzhen/WGS_GWAS_and_MR/tmp_ssh_data/GWAS_european/T002_CIN3plus_covars.txt \
  --catCovarList Smoking_status,Alcohol_intake_frequency,Genotype_measurement_batch \
  --strict \
  --bsize 1000 \
  --firth \
  --approx \
  --threads 2 \
  --pred /share/home/lsy_luzhen/WGS_GWAS_and_MR/tmp_ssh_data/GWAS_european/step1/regenie_step1_euro_cin3plus_pred.list \
  --use-null-firth /share/home/lsy_luzhen/WGS_GWAS_and_MR/tmp_ssh_data/GWAS_european/step1/regenie_step1_euro_cin3plus_firth.list \
  --anno-file /share/home/lsy_luzhen/WGS_GWAS_and_MR/tmp_ssh_data/GWAS_european/gene_based/anno_file_unique_filtered.txt \
  --set-list /share/home/lsy_luzhen/WGS_GWAS_and_MR/tmp_ssh_data/GWAS_european/gene_based/set_list_unique_filtered.txt \
  --mask-def /share/home/lsy_luzhen/WGS_GWAS_and_MR/tmp_ssh_data/GWAS_european/gene_based/mask_file.txt \
  --aaf-bins 0.001,0.01,0.05,0.1 \
  --vc-MACthr 10 \
  --joint acat,sbat \
  --vc-tests skato,acato-full \
  --rgc-gene-p \
  --out /share/home/lsy_luzhen/WGS_GWAS_and_MR/tmp_ssh_data/GWAS_european/gene_based/testing_results/step2_gb_euro_cin3plus_chr16

Association testing mode (joint tests) with fast multithreading using OpenMP
 * pvar             : [/share/home/lsy_luzhen/WGS_GWAS_and_MR/tmp_ssh_data/GWAS_european/gene_based/EuroPrePCA_ref38_rsID.pvar] n_snps = 1400147917
 * psam             : [/share/home/lsy_luzhen/WGS_GWAS_and_MR/tmp_ssh_data/GWAS_european/gene_based/EuroPrePCA_ref38_rsID.psam] n_samples = 202952
 * pgen             : [/share/home/lsy_luzhen/WGS_GWAS_and_MR/tmp_ssh_data/GWAS_european/gene_based/EuroPrePCA_ref38_rsID.pgen] 
 * phenotypes       : [/share/home/lsy_luzhen/WGS_GWAS_and_MR/tmp_ssh_data/GWAS_european/T002_CIN3plus_phenotype.txt] n_pheno = 1
   -dropping observations with missing values at any of the phenotypes
   -number of phenotyped individuals with no missing data = 202952
 * covariates       : [/share/home/lsy_luzhen/WGS_GWAS_and_MR/tmp_ssh_data/GWAS_european/T002_CIN3plus_covars.txt] n_cov = 26
   -number of individuals with covariate data = 202952
 * number of individuals used in analysis = 202952
 * case-control counts for each trait:
   - 'CIN3plus': 5544 cases and 197408 controls
 * LOCO predictions : [/share/home/lsy_luzhen/WGS_GWAS_and_MR/tmp_ssh_data/GWAS_european/step1/regenie_step1_euro_cin3plus_pred.list]
   -file [/share/home/lsy_luzhen/WGS_GWAS_and_MR/tmp_ssh_data/GWAS_european/step1/regenie_step1_euro_cin3plus_1.loco] for phenotype 'CIN3plus'
 * annotations      : [/share/home/lsy_luzhen/WGS_GWAS_and_MR/tmp_ssh_data/GWAS_european/gene_based/anno_file_unique_filtered.txt] 
   +number of annotations categories = 6
 * masks            : [/share/home/lsy_luzhen/WGS_GWAS_and_MR/tmp_ssh_data/GWAS_european/gene_based/mask_file.txt] n_masks = 7
 * aaf cutoffs      : [ 4 : 0.001 0.01 0.05 0.1 ] + singletons
 * set file         : [/share/home/lsy_luzhen/WGS_GWAS_and_MR/tmp_ssh_data/GWAS_european/gene_based/set_list_unique_filtered.txt] n_sets = 1177
WARNING: Detected 29 sets with variants not in genetic data or annotation files.
 * # threads        : [2]
 * # tested sets    : [1177]
 * max block size   : [1000]
 * rule used to build masks : max
 * computing gene-based tests for each set of variants included in a mask (rho=[0,0.01,0.04,0.09,0.16,0.25,0.5,1])
  -variants with MAC <= 10 are collapsed into a mask
  -weights are obtained from Beta(MAF,1,25)
  -list of gene-based tests run: ACATO,ACATV,SKATO,SKATO-ACAT
 * applying ACAT to output overall gene p-value
 * approximate memory usage : 51426GB
 * using minimum MAC of 5 (masks with lower MAC are ignored)
 * using fast Firth correction for logistic/cox regression p-values less than 0.05
 * user specified to test only on select chromosomes
WARNING: Joint SBAT test only for QTs.
 * number of mask groups run through gene-p strategy = 2
 * list of joint tests run on burden masks: ACAT

Chromosome 16 [1177 sets in total]
   -reading loco predictions for the chromosome...done (12309ms) 
   -fitting null logistic regression on binary phenotypes...done (25050ms) 
   -fitting null Firth logistic regression on binary phenotypes...done (10074ms) 
 set [1/1177] : AARS1 - 27800 variants...
     -reading in genotypes, computing gene-based tests and building masks...done (62169ms) 
     -computing association tests...done (136ms) 
     -computing joint association tests...done (0ms) 
 set [2/1177] : ABAT - 71283 variants...
     -reading in genotypes, computing gene-based tests and building masks...done (170290ms) 
     -computing association tests...done (78ms) 
     -computing joint association tests...done (25ms) 
 set [3/1177] : ABCA15P - 49 variants...
     -reading in genotypes, computing gene-based tests and building masks...done (1072ms) 
     -computing association tests...done (7ms) 
     -computing joint association tests...done (0ms) 
 set [4/1177] : ABCA17P - 41241 variants...
     -reading in genotypes, computing gene-based tests and building masks...done (96593ms) 
     -computing association tests...done (39ms) 
     -computing joint association tests...done (0ms) 
 set [5/1177] : ABCA3 - 37607 variants...
     -reading in genotypes, computing gene-based tests and building masks...done (63737ms) 
     -computing association tests...done (65ms) 
     -computing joint association tests...done (0ms) 
 set [6/1177] : ABCC11 - 34469 variants...
     -reading in genotypes, computing gene-based tests and building masks...done (55353ms) 
     -computing association tests...done (62ms) 
     -computing joint association tests...done (0ms) 
 set [7/1177] : ABCC1 - 112199 variants...
     -reading in genotypes, computing gene-based tests and building masks...done (350066ms) 
     -computing association tests...done (85ms) 
     -computing joint association tests...done (0ms) 
 set [8/1177] : ABCC12 - 32345 variants...
     -reading in genotypes, computing gene-based tests and building masks...done (49966ms) 
     -computing association tests...done (82ms) 
     -computing joint association tests...done (0ms) 
 set [9/1177] : ABCC6 - 39262 variants...
     -reading in genotypes, computing gene-based tests and building masks...done (69001ms) 
     -computing association tests...done (70ms) 
     -computing joint association tests...done (0ms) 
 set [10/1177] : ABCC6P1 - 14882 variants...
     -reading in genotypes, computing gene-based tests and building masks...done (26443ms) 
     -computing association tests...done (30ms) 
     -computing joint association tests...done (0ms) 
 set [11/1177] : ABCC6P2 - 8190 variants...
     -reading in genotypes, computing gene-based tests and building masks...done (49350ms) 
     -computing association tests...done (105ms) 
     -computing joint association tests...done (0ms) 
 set [12/1177] : ABCD1P3 - 7459 variants...
     -reading in genotypes, computing gene-based tests and building masks...done (23716ms) 
     -computing association tests...done (24ms) 
     -computing joint association tests...done (0ms) 
 set [13/1177] : ABHD17AP7 - 409 variants...
     -reading in genotypes, computing gene-based tests and building masks...done (4684ms) 
     -computing association tests...done (40ms) 
     -computing joint association tests...done (0ms) 
 set [14/1177] : ABHD17AP8 - 4220 variants...
     -reading in genotypes, computing gene-based tests and building masks...done (9089ms) 
     -computing association tests...done (21ms) 
     -computing joint association tests...done (0ms) 
 set [15/1177] : ABHD17AP9 - 217 variants...
     -reading in genotypes, computing gene-based tests and building masks...done (904ms) 
     -computing association tests...done (22ms) 
     -computing joint association tests...done (0ms) 
 set [16/1177] : ACD - 2833 variants...
     -reading in genotypes, computing gene-based tests and building masks...done (5396ms) 
     -computing association tests...done (24ms) 
     -computing joint association tests...done (0ms) 
 set [17/1177] : ACSF3 - 51154 variants...
     -reading in genotypes, computing gene-based tests and building masks...done (150351ms) 
     -computing association tests...done (57ms) 
     -computing joint association tests...done (0ms) 
 set [18/1177] : ACSM1 - 34624 variants...
     -reading in genotypes, computing gene-based tests and building masks...done (59831ms) 
     -computing association tests...done (70ms) 
     -computing joint association tests...done (0ms) 
 set [19/1177] : ACSM2A - 26471 variants...
     -reading in genotypes, computing gene-based tests and building masks...done (59038ms) 
     -computing association tests...done (174ms) 
     -computing joint association tests...done (0ms) 
 set [20/1177] : ACSM2B - 35061 variants...
     -reading in genotypes, computing gene-based tests and building masks...done (102470ms) 
     -computing association tests...done (102ms) 
     -computing joint association tests...done (0ms) 
 set [21/1177] : ACSM3 - 16152 variants...
     -reading in genotypes, computing gene-based tests and building masks...done (37268ms) 
     -computing association tests...done (67ms) 
     -computing joint association tests...done (0ms) 
 set [22/1177] : ACSM5 - 18150 variants...
     -reading in genotypes, computing gene-based tests and building masks...done (36894ms) 
     -computing association tests...done (54ms) 
     -computing joint association tests...done (0ms) 
 set [23/1177] : ACSM5P1 - 9651 variants...
     -reading in genotypes, computing gene-based tests and building masks...done (23355ms) 
     -computing association tests...done (36ms) 
     -computing joint association tests...done (0ms) 
 set [24/1177] : ACTG1P16 - 483 variants...
     -reading in genotypes, computing gene-based tests and building masks...done (5723ms) 
     -computing association tests...done (9ms) 
     -computing joint association tests...done (0ms) 
 set [25/1177] : ACTR3BP3 - 626 variants...
     -reading in genotypes, computing gene-based tests and building masks...done (1284ms) 
     -computing association tests...done (9ms) 
     -computing joint association tests...done (0ms) 
 set [26/1177] : ADAD2 - 9690 variants...
     -reading in genotypes, computing gene-based tests and building masks...done (15055ms) 
     -computing association tests...done (251ms) 
     -computing joint association tests...done (0ms) 
 set [27/1177] : ADAMTS18 - 99542 variants...
     -reading in genotypes, computing gene-based tests and building masks...done (289551ms) 
     -computing association tests...done (91ms) 
     -computing joint association tests...done (0ms) 
 set [28/1177] : ADAT1 - 22288 variants...
     -reading in genotypes, computing gene-based tests and building masks...done (48447ms) 
     -computing association tests...done (48ms) 
     -computing joint association tests...done (0ms) 
 set [29/1177] : ADCY7 - 35090 variants...
     -reading in genotypes, computing gene-based tests and building masks...done (69722ms) 
     -computing association tests...done (40ms) 
     -computing joint association tests...done (0ms) 
 set [30/1177] : ADCY9 - 88558 variants...
     -reading in genotypes, computing gene-based tests and building masks...done (268296ms) 
     -computing association tests...done (98ms) 
     -computing joint association tests...done (0ms) 
 set [31/1177] : ADGRG1 - 24556 variants...
     -reading in genotypes, computing gene-based tests and building masks...done (63867ms) 
     -computing association tests...done (124ms) 
     -computing joint association tests...done (0ms) 
 set [32/1177] : ADGRG3 - 8514 variants...
     -reading in genotypes, computing gene-based tests and building masks...done (12653ms) 
     -computing association tests...done (40ms) 
     -computing joint association tests...done (0ms) 
 set [33/1177] : ADGRG5 - 23507 variants...
     -reading in genotypes, computing gene-based tests and building masks...done (45753ms) 
     -computing association tests...done (131ms) 
     -computing joint association tests...done (0ms) 
 set [34/1177] : AFG3L1P - 17261 variants...
     -reading in genotypes, computing gene-based tests and building masks...done (27780ms) 
     -computing association tests...done (29ms) 
     -computing joint association tests...done (0ms) 
 set [35/1177] : AGGF1P4 - 346 variants...
     -reading in genotypes, computing gene-based tests and building masks...done (17123ms) 
     -computing association tests...done (2ms) 
     -computing joint association tests...done (0ms) 
 set [36/1177] : AGGF1P5 - 397 variants...
     -reading in genotypes, computing gene-based tests and building masks...done (726ms) 
     -computing association tests...done (2ms) 
     -computing joint association tests...done (0ms) 
 set [37/1177] : AGGF1P6 - 381 variants...
     -reading in genotypes, computing gene-based tests and building masks...done (740ms) 
     -computing association tests...done (2ms) 
     -computing joint association tests...done (0ms) 
 set [38/1177] : AGGF1P7 - 425 variants...
     -reading in genotypes, computing gene-based tests and building masks...done (4059ms) 
     -computing association tests...done (3ms) 
     -computing joint association tests...done (0ms) 
 set [39/1177] : AGGF1P8 - 459 variants...
     -reading in genotypes, computing gene-based tests and building masks...done (936ms) 
     -computing association tests...done (9ms) 
     -computing joint association tests...done (0ms) 
 set [40/1177] : AGGF1P9 - 2596 variants...
     -reading in genotypes, computing gene-based tests and building masks...done (4002ms) 
     -computing association tests...done (12ms) 
     -computing joint association tests...done (0ms) 
 set [41/1177] : AGRP - 1295 variants...
     -reading in genotypes, computing gene-based tests and building masks...done (4101ms) 
     -computing association tests...done (98ms) 
     -computing joint association tests...done (0ms) 
 set [42/1177] : AHSP - 4525 variants...
     -reading in genotypes, computing gene-based tests and building masks...done (22705ms) 
     -computing association tests...done (28ms) 
     -computing joint association tests...done (0ms) 
 set [43/1177] : AKTIP - 5402 variants...
     -reading in genotypes, computing gene-based tests and building masks...done (11689ms) 
     -computing association tests...done (147ms) 
     -computing joint association tests...done (0ms) 
 set [44/1177] : ALG1 - 11295 variants...
     -reading in genotypes, computing gene-based tests and building masks...done (40506ms) 
     -computing association tests...done (109ms) 
     -computing joint association tests...done (0ms) 
 set [45/1177] : AMDHD2 - 12286 variants...
     -reading in genotypes, computing gene-based tests and building masks...done (18550ms) 
     -computing association tests...done (208ms) 
     -computing joint association tests...done (0ms) 
 set [46/1177] : AMFR - 33487 variants...
     -reading in genotypes, computing gene-based tests and building masks...done (107597ms) 
     -computing association tests...done (83ms) 
     -computing joint association tests...done (0ms) 
 set [47/1177] : ANKRD11 - 142470 variants...
     -reading in genotypes, computing gene-based tests and building masks...done (526351ms) 
     -computing association tests...done (173ms) 
     -computing joint association tests...done (0ms) 
 set [48/1177] : ANKS3 - 17461 variants...
     -reading in genotypes, computing gene-based tests and building masks...done (26357ms) 
     -computing association tests...done (70ms) 
     -computing joint association tests...done (0ms) 
 set [49/1177] : ANKS4B - 11081 variants...
     -reading in genotypes, computing gene-based tests and building masks...done (17229ms) 
     -computing association tests...done (34ms) 
     -computing joint association tests...done (0ms) 
 set [50/1177] : ANTKMT - 4158 variants...
     -reading in genotypes, computing gene-based tests and building masks...done (7432ms) 
     -computing association tests...done (25ms) 
     -computing joint association tests...done (0ms) 
 set [51/1177] : AP1G1 - 44046 variants...
     -reading in genotypes, computing gene-based tests and building masks...done (84602ms) 
     -computing association tests...done (72ms) 
     -computing joint association tests...done (0ms) 
 set [52/1177] : APOBR - 3353 variants...
     -reading in genotypes, computing gene-based tests and building masks...done (6396ms) 
     -computing association tests...done (158ms) 
     -computing joint association tests...done (0ms) 
 set [53/1177] : APOOP5 - 55 variants...
     -reading in genotypes, computing gene-based tests and building masks...done (10593ms) 
     -computing association tests...done (9ms) 
     -computing joint association tests...done (0ms) 
 set [54/1177] : APRT - 2766 variants...
     -reading in genotypes, computing gene-based tests and building masks...done (9104ms) 
     -computing association tests...done (48ms) 
     -computing joint association tests...done (0ms) 
 set [55/1177] : AQP8 - 9715 variants...
     -reading in genotypes, computing gene-based tests and building masks...done (22833ms) 
     -computing association tests...done (127ms) 
     -computing joint association tests...done (0ms) 
 set [56/1177] : ARHGAP17 - 42147 variants...
     -reading in genotypes, computing gene-based tests and building masks...done (75512ms) 
     -computing association tests...done (130ms) 
     -computing joint association tests...done (0ms) 
 set [57/1177] : ARHGAP23P1 - 19564 variants...
     -reading in genotypes, computing gene-based tests and building masks...done (84406ms) 
     -computing association tests...done (64ms) 
     -computing joint association tests...done (0ms) 
 set [58/1177] : ARHGDIG - 11145 variants...
     -reading in genotypes, computing gene-based tests and building masks...done (31093ms) 
     -computing association tests...done (101ms) 
     -computing joint association tests...done (0ms) 
 set [59/1177] : ARL2BP - 5215 variants...
     -reading in genotypes, computing gene-based tests and building masks...done (8647ms) 
     -computing association tests...done (32ms) 
     -computing joint association tests...done (0ms) 
 set [60/1177] : ARL6IP1 - 6039 variants...
     -reading in genotypes, computing gene-based tests and building masks...done (10428ms) 
     -computing association tests...done (28ms) 
     -computing joint association tests...done (0ms) 
 set [61/1177] : ARLNC1 - 44522 variants...
     -reading in genotypes, computing gene-based tests and building masks...done (73698ms) 
     -computing association tests...done (34ms) 
     -computing joint association tests...done (0ms) 
 set [62/1177] : ARMC5 - 6077 variants...
     -reading in genotypes, computing gene-based tests and building masks...done (10836ms) 
     -computing association tests...done (167ms) 
     -computing joint association tests...done (0ms) 
 set [63/1177] : ASPHD1 - 2662 variants...
     -reading in genotypes, computing gene-based tests and building masks...done (5936ms) 
     -computing association tests...done (31ms) 
     -computing joint association tests...done (0ms) 
 set [64/1177] : ATF7IP2 - 67202 variants...
     -reading in genotypes, computing gene-based tests and building masks...done (155168ms) 
     -computing association tests...done (95ms) 
     -computing joint association tests...done (0ms) 
 set [65/1177] : ATMIN - 10485 variants...
     -reading in genotypes, computing gene-based tests and building masks...done (16052ms) 
     -computing association tests...done (46ms) 
     -computing joint association tests...done (11ms) 
 set [66/1177] : ATP2A1 - 8792 variants...
     -reading in genotypes, computing gene-based tests and building masks...done (13921ms) 
     -computing association tests...done (32ms) 
     -computing joint association tests...done (0ms) 
 set [67/1177] : ATP2C2 - 72188 variants...
     -reading in genotypes, computing gene-based tests and building masks...done (162420ms) 
     -computing association tests...done (63ms) 
     -computing joint association tests...done (0ms) 
 set [68/1177] : ATP2C2-AS1 - 2198 variants...
     -reading in genotypes, computing gene-based tests and building masks...done (4096ms) 
     -computing association tests...done (17ms) 
     -computing joint association tests...done (0ms) 
 set [69/1177] : ATP5PBP7 - 1178 variants...
     -reading in genotypes, computing gene-based tests and building masks...done (1966ms) 
     -computing association tests...done (12ms) 
     -computing joint association tests...done (0ms) 
 set [70/1177] : ATP6V0C - 6361 variants...
     -reading in genotypes, computing gene-based tests and building masks...done (23169ms) 
     -computing association tests...done (161ms) 
     -computing joint association tests...done (0ms) 
 set [71/1177] : ATP6V0D1 - 18807 variants...
     -reading in genotypes, computing gene-based tests and building masks...done (28606ms) 
     -computing association tests...done (34ms) 
     -computing joint association tests...done (0ms) 
 set [72/1177] : ATP6V0D1-DT - 9489 variants...
     -reading in genotypes, computing gene-based tests and building masks...done (13574ms) 
     -computing association tests...done (26ms) 
     -computing joint association tests...done (0ms) 
 set [73/1177] : ATXN1L - 20800 variants...
     -reading in genotypes, computing gene-based tests and building masks...done (43920ms) 
     -computing association tests...done (38ms) 
     -computing joint association tests...done (0ms) 
 set [74/1177] : ATXN2L - 11569 variants...
     -reading in genotypes, computing gene-based tests and building masks...done (22921ms) 
     -computing association tests...done (35ms) 
     -computing joint association tests...done (0ms) 
 set [75/1177] : AXIN1 - 35691 variants...
     -reading in genotypes, computing gene-based tests and building masks...done (66605ms) 
     -computing association tests...done (49ms) 
     -computing joint association tests...done (0ms) 
 set [76/1177] : B3GNT9 - 2972 variants...
     -reading in genotypes, computing gene-based tests and building masks...done (14516ms) 
     -computing association tests...done (27ms) 
     -computing joint association tests...done (0ms) 
 set [77/1177] : BAIAP3 - 8232 variants...
     -reading in genotypes, computing gene-based tests and building masks...done (18348ms) 
     -computing association tests...done (122ms) 
     -computing joint association tests...done (0ms) 
 set [78/1177] : BANP - 84200 variants...
     -reading in genotypes, computing gene-based tests and building masks...done (247966ms) 
     -computing association tests...done (44ms) 
     -computing joint association tests...done (0ms) 
 set [79/1177] : BBS2 - 32617 variants...
     -reading in genotypes, computing gene-based tests and building masks...done (79965ms) 
     -computing association tests...done (242ms) 
     -computing joint association tests...done (0ms) 
 set [80/1177] : BCAP31P1 - 648 variants...
     -reading in genotypes, computing gene-based tests and building masks...done (4547ms) 
     -computing association tests...done (10ms) 
     -computing joint association tests...done (0ms) 
 set [81/1177] : BCAP31P2 - 3552 variants...
     -reading in genotypes, computing gene-based tests and building masks...done (20552ms) 
     -computing association tests...done (64ms) 
     -computing joint association tests...done (0ms) 
 set [82/1177] : BCAR1 - 25207 variants...
     -reading in genotypes, computing gene-based tests and building masks...done (39359ms) 
     -computing association tests...done (175ms) 
     -computing joint association tests...done (19ms) 
 set [83/1177] : BCAR4 - 10778 variants...
     -reading in genotypes, computing gene-based tests and building masks...done (29350ms) 
     -computing association tests...done (24ms) 
     -computing joint association tests...done (0ms) 
 set [84/1177] : BCKDK - 6244 variants...
     -reading in genotypes, computing gene-based tests and building masks...done (22640ms) 
     -computing association tests...done (30ms) 
     -computing joint association tests...done (0ms) 
 set [85/1177] : BCL7C - 24281 variants...
     -reading in genotypes, computing gene-based tests and building masks...done (44097ms) 
     -computing association tests...done (59ms) 
     -computing joint association tests...done (0ms) 
 set [86/1177] : BCLAF1P2 - 14837 variants...
     -reading in genotypes, computing gene-based tests and building masks...done (25565ms) 
     -computing association tests...done (23ms) 
     -computing joint association tests...done (0ms) 
 set [87/1177] : BCO1 - 37608 variants...
     -reading in genotypes, computing gene-based tests and building masks...done (66291ms) 
     -computing association tests...done (44ms) 
     -computing joint association tests...done (0ms) 
 set [88/1177] : BEAN1 - 37402 variants...
     -reading in genotypes, computing gene-based tests and building masks...done (74541ms) 
     -computing association tests...done (97ms) 
     -computing joint association tests...done (0ms) 
 set [89/1177] : BFAR - 19008 variants...
     -reading in genotypes, computing gene-based tests and building masks...done (28239ms) 
     -computing association tests...done (36ms) 
     -computing joint association tests...done (0ms) 
 set [90/1177] : BICDL2 - 4826 variants...
     -reading in genotypes, computing gene-based tests and building masks...done (11359ms) 
     -computing association tests...done (65ms) 
     -computing joint association tests...done (0ms) 
 set [91/1177] : BMERB1 - 78481 variants...
     -reading in genotypes, computing gene-based tests and building masks...done (171770ms) 
     -computing association tests...done (35ms) 
     -computing joint association tests...done (0ms) 
 set [92/1177] : BMS1P8 - 103 variants...
     -reading in genotypes, computing gene-based tests and building masks...done (2193ms) 
     -computing association tests...done (7ms) 
     -computing joint association tests...done (0ms) 
 set [93/1177] : BOLA2 - 677 variants...
     -reading in genotypes, computing gene-based tests and building masks...done (1585ms) 
     -computing association tests...done (84ms) 
     -computing joint association tests...done (0ms) 
 set [94/1177] : BRD7 - 21196 variants...
     -reading in genotypes, computing gene-based tests and building masks...done (35615ms) 
     -computing association tests...done (152ms) 
     -computing joint association tests...done (0ms) 
 set [95/1177] : BRICD5 - 1487 variants...
     -reading in genotypes, computing gene-based tests and building masks...done (2738ms) 
     -computing association tests...done (11ms) 
     -computing joint association tests...done (0ms) 
 set [96/1177] : C16orf46 - 10869 variants...
     -reading in genotypes, computing gene-based tests and building masks...done (15870ms) 
     -computing association tests...done (40ms) 
     -computing joint association tests...done (0ms) 
 set [97/1177] : C16orf54 - 5821 variants...
     -reading in genotypes, computing gene-based tests and building masks...done (10364ms) 
     -computing association tests...done (26ms) 
     -computing joint association tests...done (2ms) 
 set [98/1177] : C16orf74 - 33967 variants...
     -reading in genotypes, computing gene-based tests and building masks...done (72041ms) 
     -computing association tests...done (152ms) 
     -computing joint association tests...done (17ms) 
 set [99/1177] : C16orf78 - 14680 variants...
     -reading in genotypes, computing gene-based tests and building masks...done (26241ms) 
     -computing association tests...done (106ms) 
     -computing joint association tests...done (18ms) 
 set [100/1177] : C16orf82 - 5132 variants...
     -reading in genotypes, computing gene-based tests and building masks...done (18584ms) 
     -computing association tests...done (70ms) 
     -computing joint association tests...done (0ms) 
 set [101/1177] : C16orf86 - 1238 variants...
     -reading in genotypes, computing gene-based tests and building masks...done (3435ms) 
     -computing association tests...done (20ms) 
     -computing joint association tests...done (0ms) 
 set [102/1177] : C16orf87 - 17144 variants...
     -reading in genotypes, computing gene-based tests and building masks...done (25784ms) 
     -computing association tests...done (27ms) 
     -computing joint association tests...done (0ms) 
 set [103/1177] : C16orf89 - 15928 variants...
     -reading in genotypes, computing gene-based tests and building masks...done (27858ms) 
     -computing association tests...done (152ms) 
     -computing joint association tests...done (2ms) 
 set [104/1177] : C16orf90 - 2318 variants...
     -reading in genotypes, computing gene-based tests and building masks...done (6769ms) 
     -computing association tests...done (58ms) 
     -computing joint association tests...done (17ms) 
 set [105/1177] : C16orf92 - 456 variants...
     -reading in genotypes, computing gene-based tests and building masks...done (971ms) 
     -computing association tests...done (9ms) 
     -computing joint association tests...done (0ms) 
 set [106/1177] : C16orf95 - 96639 variants...
     -reading in genotypes, computing gene-based tests and building masks...done (270437ms) 
     -computing association tests...done (39ms) 
     -computing joint association tests...done (0ms) 
 set [107/1177] : C16orf96 - 27777 variants...
     -reading in genotypes, computing gene-based tests and building masks...done (69967ms) 
     -computing association tests...done (104ms) 
     -computing joint association tests...done (0ms) 
 set [108/1177] : C1QL1P1 - 5238 variants...
     -reading in genotypes, computing gene-based tests and building masks...done (13011ms) 
     -computing association tests...done (18ms) 
     -computing joint association tests...done (0ms) 
 set [109/1177] : C1QTNF8 - 11260 variants...
     -reading in genotypes, computing gene-based tests and building masks...done (21264ms) 
     -computing association tests...done (41ms) 
     -computing joint association tests...done (0ms) 
 set [110/1177] : C2orf69P1 - 531 variants...
     -reading in genotypes, computing gene-based tests and building masks...done (1102ms) 
     -computing association tests...done (90ms) 
     -computing joint association tests...done (0ms) 
 set [111/1177] : C2orf69P2 - 507 variants...
     -reading in genotypes, computing gene-based tests and building masks...done (1164ms) 
     -computing association tests...done (4ms) 
     -computing joint association tests...done (0ms) 
 set [112/1177] : C2orf69P3 - 554 variants...
     -reading in genotypes, computing gene-based tests and building masks...done (4712ms) 
     -computing association tests...done (50ms) 
     -computing joint association tests...done (2ms) 
 set [113/1177] : C2orf69P4 - 4396 variants...
     -reading in genotypes, computing gene-based tests and building masks...done (6343ms) 
     -computing association tests...done (16ms) 
     -computing joint association tests...done (0ms) 
 set [114/1177] : CA5A - 41177 variants...
     -reading in genotypes, computing gene-based tests and building masks...done (73800ms) 
     -computing association tests...done (46ms) 
     -computing joint association tests...done (0ms) 
 set [115/1177] : CA5AP1 - 156 variants...
     -reading in genotypes, computing gene-based tests and building masks...done (1924ms) 
     -computing association tests...done (5ms) 
     -computing joint association tests...done (0ms) 
 set [116/1177] : CA7 - 7669 variants...
     -reading in genotypes, computing gene-based tests and building masks...done (12219ms) 
     -computing association tests...done (84ms) 
     -computing joint association tests...done (0ms) 
 set [117/1177] : CACNA1H - 53490 variants...
     -reading in genotypes, computing gene-based tests and building masks...done (139581ms) 
     -computing association tests...done (112ms) 
     -computing joint association tests...done (0ms) 
 set [118/1177] : CACNG3 - 51647 variants...
     -reading in genotypes, computing gene-based tests and building masks...done (99275ms) 
     -computing association tests...done (32ms) 
     -computing joint association tests...done (0ms) 
 set [119/1177] : CALB2 - 23994 variants...
     -reading in genotypes, computing gene-based tests and building masks...done (51706ms) 
     -computing association tests...done (45ms) 
     -computing joint association tests...done (0ms) 
 set [120/1177] : CAPN15 - 29623 variants...
     -reading in genotypes, computing gene-based tests and building masks...done (67786ms) 
     -computing association tests...done (108ms) 
     -computing joint association tests...done (0ms) 
 set [121/1177] : CARHSP1 - 18759 variants...
     -reading in genotypes, computing gene-based tests and building masks...done (44193ms) 
     -computing association tests...done (88ms) 
     -computing joint association tests...done (0ms) 
 set [122/1177] : CARHSP1-DT - 658 variants...
     -reading in genotypes, computing gene-based tests and building masks...done (1275ms) 
     -computing association tests...done (10ms) 
     -computing joint association tests...done (0ms) 
 set [123/1177] : CARMIL2 - 3645 variants...
     -reading in genotypes, computing gene-based tests and building masks...done (6490ms) 
     -computing association tests...done (70ms) 
     -computing joint association tests...done (0ms) 
 set [124/1177] : CASC16 - 26664 variants...
     -reading in genotypes, computing gene-based tests and building masks...done (48214ms) 
     -computing association tests...done (27ms) 
     -computing joint association tests...done (0ms) 
 set [125/1177] : CASC22 - 7148 variants...
     -reading in genotypes, computing gene-based tests and building masks...done (11123ms) 
     -computing association tests...done (45ms) 
     -computing joint association tests...done (0ms) 
 set [126/1177] : CASKIN1 - 13802 variants...
     -reading in genotypes, computing gene-based tests and building masks...done (20827ms) 
     -computing association tests...done (69ms) 
     -computing joint association tests...done (0ms) 
 set [127/1177] : CBFA2T3 - 83363 variants...
     -reading in genotypes, computing gene-based tests and building masks...done (299053ms) 
     -computing association tests...done (78ms) 
     -computing joint association tests...done (0ms) 
 set [128/1177] : CBFB - 37842 variants...
     -reading in genotypes, computing gene-based tests and building masks...done (64792ms) 
     -computing association tests...done (58ms) 
     -computing joint association tests...done (0ms) 
 set [129/1177] : CBLN1 - 6465 variants...
     -reading in genotypes, computing gene-based tests and building masks...done (13276ms) 
     -computing association tests...done (26ms) 
     -computing joint association tests...done (0ms) 
 set [130/1177] : CCDC102A - 15108 variants...
     -reading in genotypes, computing gene-based tests and building masks...done (40132ms) 
     -computing association tests...done (35ms) 
     -computing joint association tests...done (0ms) 
 set [131/1177] : CCDC154 - 2931 variants...
     -reading in genotypes, computing gene-based tests and building masks...done (5437ms) 
     -computing association tests...done (113ms) 
     -computing joint association tests...done (0ms) 
 set [132/1177] : CCL17 - 13404 variants...
     -reading in genotypes, computing gene-based tests and building masks...done (87615ms) 
     -computing association tests...done (39ms) 
     -computing joint association tests...done (0ms) 
 set [133/1177] : CCL22 - 7890 variants...
     -reading in genotypes, computing gene-based tests and building masks...done (13654ms) 
     -computing association tests...done (57ms) 
     -computing joint association tests...done (0ms) 
 set [134/1177] : CCNF - 19403 variants...
     -reading in genotypes, computing gene-based tests and building masks...done (68094ms) 
     -computing association tests...done (73ms) 
     -computing joint association tests...done (0ms) 
 set [135/1177] : CCNYL1B - 6085 variants...
     -reading in genotypes, computing gene-based tests and building masks...done (54135ms) 
     -computing association tests...done (148ms) 
     -computing joint association tests...done (0ms) 
 set [136/1177] : CCNYL3 - 2692 variants...
     -reading in genotypes, computing gene-based tests and building masks...done (19513ms) 
     -computing association tests...done (16ms) 
     -computing joint association tests...done (0ms) 
 set [137/1177] : CCP110 - 8540 variants...
     -reading in genotypes, computing gene-based tests and building masks...done (29496ms) 
     -computing association tests...done (46ms) 
     -computing joint association tests...done (0ms) 
 set [138/1177] : CD19 - 6192 variants...
     -reading in genotypes, computing gene-based tests and building masks...done (25878ms) 
     -computing association tests...done (100ms) 
     -computing joint association tests...done (0ms) 
 set [139/1177] : CD2BP2 - 5734 variants...
     -reading in genotypes, computing gene-based tests and building masks...done (10054ms) 
     -computing association tests...done (115ms) 
     -computing joint association tests...done (0ms) 
 set [140/1177] : CDC37P1 - 1303 variants...
     -reading in genotypes, computing gene-based tests and building masks...done (5716ms) 
     -computing association tests...done (159ms) 
     -computing joint association tests...done (0ms) 
 set [141/1177] : CDC37P2 - 696 variants...
     -reading in genotypes, computing gene-based tests and building masks...done (2803ms) 
     -computing association tests...done (48ms) 
     -computing joint association tests...done (0ms) 
 set [142/1177] : CDH11 - 83078 variants...
     -reading in genotypes, computing gene-based tests and building masks...done (192638ms) 
     -computing association tests...done (43ms) 
     -computing joint association tests...done (0ms) 
 set [143/1177] : CDH1 - 48226 variants...
     -reading in genotypes, computing gene-based tests and building masks...done (93703ms) 
     -computing association tests...done (79ms) 
     -computing joint association tests...done (0ms) 
 set [144/1177] : CDH13 - 776876 variants...
     -reading in genotypes, computing gene-based tests and building masks...done (21752482ms) 
     -computing association tests...done (58ms) 
     -computing joint association tests...done (0ms) 
 set [145/1177] : CDH15 - 23577 variants...
     -reading in genotypes, computing gene-based tests and building masks...done (42541ms) 
     -computing association tests...done (47ms) 
     -computing joint association tests...done (0ms) 
 set [146/1177] : CDH16 - 7859 variants...
     -reading in genotypes, computing gene-based tests and building masks...done (11536ms) 
     -computing association tests...done (38ms) 
     -computing joint association tests...done (0ms) 
 set [147/1177] : CDH3 - 52898 variants...
     -reading in genotypes, computing gene-based tests and building masks...done (148532ms) 
     -computing association tests...done (45ms) 
     -computing joint association tests...done (0ms) 
 set [148/1177] : CDH3-AS1 - 395 variants...
     -reading in genotypes, computing gene-based tests and building masks...done (780ms) 
     -computing association tests...done (10ms) 
     -computing joint association tests...done (0ms) 
 set [149/1177] : CDH5 - 22040 variants...
     -reading in genotypes, computing gene-based tests and building masks...done (36535ms) 
     -computing association tests...done (59ms) 
     -computing joint association tests...done (0ms) 
 set [150/1177] : CDH8 - 173511 variants...
     -reading in genotypes, computing gene-based tests and building masks...done (706146ms) 
     -computing association tests...done (144ms) 
     -computing joint association tests...done (0ms) 
 set [151/1177] : CDIP1 - 16000 variants...
     -reading in genotypes, computing gene-based tests and building masks...done (24912ms) 
     -computing association tests...done (229ms) 
     -computing joint association tests...done (0ms) 
 set [152/1177] : CDIPT - 6420 variants...
     -reading in genotypes, computing gene-based tests and building masks...done (16299ms) 
     -computing association tests...done (25ms) 
     -computing joint association tests...done (0ms) 
 set [153/1177] : CDK10 - 9670 variants...
     -reading in genotypes, computing gene-based tests and building masks...done (14699ms) 
     -computing association tests...done (59ms) 
     -computing joint association tests...done (0ms) 
 set [154/1177] : CDR2 - 16985 variants...
     -reading in genotypes, computing gene-based tests and building masks...done (29945ms) 
     -computing association tests...done (32ms) 
     -computing joint association tests...done (0ms) 
 set [155/1177] : CDR2-DT - 1345 variants...
     -reading in genotypes, computing gene-based tests and building masks...done (2235ms) 
     -computing association tests...done (13ms) 
     -computing joint association tests...done (0ms) 
 set [156/1177] : CDT1 - 6671 variants...
     -reading in genotypes, computing gene-based tests and building masks...done (11032ms) 
     -computing association tests...done (83ms) 
     -computing joint association tests...done (0ms) 
 set [157/1177] : CDYL2 - 123115 variants...
     -reading in genotypes, computing gene-based tests and building masks...done (349149ms) 
     -computing association tests...done (83ms) 
     -computing joint association tests...done (0ms) 
 set [158/1177] : CENPN - 12344 variants...
     -reading in genotypes, computing gene-based tests and building masks...done (31413ms) 
     -computing association tests...done (87ms) 
     -computing joint association tests...done (0ms) 
 set [159/1177] : CENPT - 6429 variants...
     -reading in genotypes, computing gene-based tests and building masks...done (9642ms) 
     -computing association tests...done (39ms) 
     -computing joint association tests...done (0ms) 
 set [160/1177] : CEP20 - 15577 variants...
     -reading in genotypes, computing gene-based tests and building masks...done (27156ms) 
     -computing association tests...done (140ms) 
     -computing joint association tests...done (0ms) 
 set [161/1177] : CEROX1 - 452 variants...
     -reading in genotypes, computing gene-based tests and building masks...done (1024ms) 
     -computing association tests...done (10ms) 
     -computing joint association tests...done (0ms) 
 set [162/1177] : CES1 - 19425 variants...
     -reading in genotypes, computing gene-based tests and building masks...done (86283ms) 
     -computing association tests...done (50ms) 
     -computing joint association tests...done (0ms) 
 set [163/1177] : CES1P1 - 25976 variants...
     -reading in genotypes, computing gene-based tests and building masks...done (81000ms) 
     -computing association tests...done (33ms) 
     -computing joint association tests...done (0ms) 
 set [164/1177] : CES1P2 - 14922 variants...
     -reading in genotypes, computing gene-based tests and building masks...done (21768ms) 
     -computing association tests...done (33ms) 
     -computing joint association tests...done (0ms) 
 set [165/1177] : CES2 - 7155 variants...
     -reading in genotypes, computing gene-based tests and building masks...done (10995ms) 
     -computing association tests...done (36ms) 
     -computing joint association tests...done (0ms) 
 set [166/1177] : CES3 - 9947 variants...
     -reading in genotypes, computing gene-based tests and building masks...done (14790ms) 
     -computing association tests...done (42ms) 
     -computing joint association tests...done (0ms) 
 set [167/1177] : CES4A - 13152 variants...
     -reading in genotypes, computing gene-based tests and building masks...done (19663ms) 
     -computing association tests...done (147ms) 
     -computing joint association tests...done (0ms) 
 set [168/1177] : CES5A - 53930 variants...
     -reading in genotypes, computing gene-based tests and building masks...done (97459ms) 
     -computing association tests...done (51ms) 
     -computing joint association tests...done (13ms) 
 set [169/1177] : CETP - 13543 variants...
     -reading in genotypes, computing gene-based tests and building masks...done (37073ms) 
     -computing association tests...done (181ms) 
     -computing joint association tests...done (0ms) 
 set [170/1177] : CFAP119 - 2019 variants...
     -reading in genotypes, computing gene-based tests and building masks...done (3244ms) 
     -computing association tests...done (54ms) 
     -computing joint association tests...done (0ms) 
 set [171/1177] : CFAP20 - 10750 variants...
     -reading in genotypes, computing gene-based tests and building masks...done (17629ms) 
     -computing association tests...done (26ms) 
     -computing joint association tests...done (0ms) 
 set [172/1177] : CFAP263 - 18262 variants...
     -reading in genotypes, computing gene-based tests and building masks...done (39503ms) 
     -computing association tests...done (38ms) 
     -computing joint association tests...done (0ms) 
 set [173/1177] : CFDP1 - 84055 variants...
     -reading in genotypes, computing gene-based tests and building masks...done (207632ms) 
     -computing association tests...done (42ms) 
     -computing joint association tests...done (0ms) 
 set [174/1177] : CHD9 - 107855 variants...
     -reading in genotypes, computing gene-based tests and building masks...done (276573ms) 
     -computing association tests...done (135ms) 
     -computing joint association tests...done (0ms) 
 set [175/1177] : CHD9NB - 12460 variants...
     -reading in genotypes, computing gene-based tests and building masks...done (21959ms) 
     -computing association tests...done (29ms) 
     -computing joint association tests...done (0ms) 
 set [176/1177] : CHEK2P6 - 3118 variants...
     -reading in genotypes, computing gene-based tests and building masks...done (25237ms) 
     -computing association tests...done (22ms) 
     -computing joint association tests...done (0ms) 
 set [177/1177] : CHEK2P7 - 1808 variants...
     -reading in genotypes, computing gene-based tests and building masks...done (17025ms) 
     -computing association tests...done (83ms) 
     -computing joint association tests...done (0ms) 
 set [178/1177] : CHMP1A - 16157 variants...
     -reading in genotypes, computing gene-based tests and building masks...done (35991ms) 
     -computing association tests...done (29ms) 
     -computing joint association tests...done (0ms) 
 set [179/1177] : CHP2 - 6916 variants...
     -reading in genotypes, computing gene-based tests and building masks...done (16731ms) 
     -computing association tests...done (50ms) 
     -computing joint association tests...done (0ms) 
 set [180/1177] : CHST4 - 9042 variants...
     -reading in genotypes, computing gene-based tests and building masks...done (15341ms) 
     -computing association tests...done (87ms) 
     -computing joint association tests...done (0ms) 
 set [181/1177] : CHST5 - 7462 variants...
     -reading in genotypes, computing gene-based tests and building masks...done (11363ms) 
     -computing association tests...done (31ms) 
     -computing joint association tests...done (0ms) 
 set [182/1177] : CHST6 - 17503 variants...
     -reading in genotypes, computing gene-based tests and building masks...done (30126ms) 
     -computing association tests...done (186ms) 
     -computing joint association tests...done (0ms) 
 set [183/1177] : CHTF8 - 9889 variants...
     -reading in genotypes, computing gene-based tests and building masks...done (15311ms) 
     -computing association tests...done (25ms) 
     -computing joint association tests...done (0ms) 
 set [184/1177] : CIAO2B - 1081 variants...
     -reading in genotypes, computing gene-based tests and building masks...done (2765ms) 
     -computing association tests...done (25ms) 
     -computing joint association tests...done (0ms) 
 set [185/1177] : CIAO3 - 9021 variants...
     -reading in genotypes, computing gene-based tests and building masks...done (14081ms) 
     -computing association tests...done (134ms) 
     -computing joint association tests...done (0ms) 
 set [186/1177] : CIAPIN1 - 9866 variants...
     -reading in genotypes, computing gene-based tests and building masks...done (23528ms) 
     -computing association tests...done (67ms) 
     -computing joint association tests...done (0ms) 
 set [187/1177] : CIBAR2 - 13813 variants...
     -reading in genotypes, computing gene-based tests and building masks...done (33545ms) 
     -computing association tests...done (40ms) 
     -computing joint association tests...done (0ms) 
 set [188/1177] : CICP25 - 1455 variants...
     -reading in genotypes, computing gene-based tests and building masks...done (4644ms) 
     -computing association tests...done (13ms) 
     -computing joint association tests...done (0ms) 
 set [189/1177] : CIITA - 25552 variants...
     -reading in genotypes, computing gene-based tests and building masks...done (39090ms) 
     -computing association tests...done (88ms) 
     -computing joint association tests...done (0ms) 
 set [190/1177] : CKBP1 - 6180 variants...
     -reading in genotypes, computing gene-based tests and building masks...done (11030ms) 
     -computing association tests...done (21ms) 
     -computing joint association tests...done (0ms) 
 set [191/1177] : CKLF - 6736 variants...
     -reading in genotypes, computing gene-based tests and building masks...done (11308ms) 
     -computing association tests...done (61ms) 
     -computing joint association tests...done (0ms) 
 set [192/1177] : CLCN7 - 23115 variants...
     -reading in genotypes, computing gene-based tests and building masks...done (39207ms) 
     -computing association tests...done (49ms) 
     -computing joint association tests...done (0ms) 
 set [193/1177] : CLDN6 - 5475 variants...
     -reading in genotypes, computing gene-based tests and building masks...done (9405ms) 
     -computing association tests...done (117ms) 
     -computing joint association tests...done (0ms) 
 set [194/1177] : CLDN9 - 902 variants...
     -reading in genotypes, computing gene-based tests and building masks...done (1603ms) 
     -computing association tests...done (7ms) 
     -computing joint association tests...done (0ms) 
 set [195/1177] : CLEC16A - 123673 variants...
     -reading in genotypes, computing gene-based tests and building masks...done (338076ms) 
     -computing association tests...done (191ms) 
     -computing joint association tests...done (0ms) 
 set [196/1177] : CLEC18A - 17022 variants...
     -reading in genotypes, computing gene-based tests and building masks...done (47035ms) 
     -computing association tests...done (86ms) 
     -computing joint association tests...done (0ms) 
 set [197/1177] : CLEC18B - 15032 variants...
     -reading in genotypes, computing gene-based tests and building masks...done (31314ms) 
     -computing association tests...done (248ms) 
     -computing joint association tests...done (0ms) 
 set [198/1177] : CLEC18C - 16296 variants...
     -reading in genotypes, computing gene-based tests and building masks...done (46707ms) 
     -computing association tests...done (50ms) 
     -computing joint association tests...done (0ms) 
 set [199/1177] : CLEC19A - 16939 variants...
     -reading in genotypes, computing gene-based tests and building masks...done (25575ms) 
     -computing association tests...done (58ms) 
     -computing joint association tests...done (0ms) 
 set [200/1177] : CLEC3A - 15722 variants...
     -reading in genotypes, computing gene-based tests and building masks...done (30568ms) 
     -computing association tests...done (30ms) 
     -computing joint association tests...done (0ms) 
 set [201/1177] : CLN3 - 9028 variants...
     -reading in genotypes, computing gene-based tests and building masks...done (13338ms) 
     -computing association tests...done (34ms) 
     -computing joint association tests...done (0ms) 
 set [202/1177] : CLUAP1 - 23867 variants...
     -reading in genotypes, computing gene-based tests and building masks...done (62259ms) 
     -computing association tests...done (92ms) 
     -computing joint association tests...done (0ms) 
 set [203/1177] : CLUHP11 - 9410 variants...
     -reading in genotypes, computing gene-based tests and building masks...done (14942ms) 
     -computing association tests...done (25ms) 
     -computing joint association tests...done (0ms) 
 set [204/1177] : CMC2 - 32188 variants...
     -reading in genotypes, computing gene-based tests and building masks...done (72147ms) 
     -computing association tests...done (28ms) 
     -computing joint association tests...done (0ms) 
 set [205/1177] : CMIP - 160670 variants...
     -reading in genotypes, computing gene-based tests and building masks...done (615611ms) 
     -computing association tests...done (124ms) 
     -computing joint association tests...done (0ms) 
 set [206/1177] : CMTM1 - 1213 variants...
     -reading in genotypes, computing gene-based tests and building masks...done (2070ms) 
     -computing association tests...done (13ms) 
     -computing joint association tests...done (0ms) 
 set [207/1177] : CMTM2 - 7810 variants...
     -reading in genotypes, computing gene-based tests and building masks...done (12785ms) 
     -computing association tests...done (150ms) 
     -computing joint association tests...done (0ms) 
 set [208/1177] : CMTM3 - 6619 variants...
     -reading in genotypes, computing gene-based tests and building masks...done (10978ms) 
     -computing association tests...done (52ms) 
     -computing joint association tests...done (0ms) 
 set [209/1177] : CMTM4 - 38083 variants...
     -reading in genotypes, computing gene-based tests and building masks...done (64884ms) 
     -computing association tests...done (33ms) 
     -computing joint association tests...done (0ms) 
 set [210/1177] : CMTR2 - 8256 variants...
     -reading in genotypes, computing gene-based tests and building masks...done (17063ms) 
     -computing association tests...done (52ms) 
     -computing joint association tests...done (0ms) 
 set [211/1177] : CNEP1R1 - 9338 variants...
     -reading in genotypes, computing gene-based tests and building masks...done (14419ms) 
     -computing association tests...done (52ms) 
     -computing joint association tests...done (0ms) 
 set [212/1177] : CNGB1 - 41516 variants...
     -reading in genotypes, computing gene-based tests and building masks...done (76746ms) 
     -computing association tests...done (101ms) 
     -computing joint association tests...done (0ms) 
 set [213/1177] : CNOT1 - 59179 variants...
     -reading in genotypes, computing gene-based tests and building masks...done (207926ms) 
     -computing association tests...done (74ms) 
     -computing joint association tests...done (0ms) 
 set [214/1177] : CNTNAP4 - 159921 variants...
     -reading in genotypes, computing gene-based tests and building masks...done (545096ms) 
     -computing association tests...done (97ms) 
     -computing joint association tests...done (0ms) 
 set [215/1177] : COG4 - 23227 variants...
     -reading in genotypes, computing gene-based tests and building masks...done (45374ms) 
     -computing association tests...done (121ms) 
     -computing joint association tests...done (0ms) 
 set [216/1177] : COG7 - 31113 variants...
     -reading in genotypes, computing gene-based tests and building masks...done (50942ms) 
     -computing association tests...done (62ms) 
     -computing joint association tests...done (0ms) 
 set [217/1177] : COG8 - 249 variants...
     -reading in genotypes, computing gene-based tests and building masks...done (1561ms) 
     -computing association tests...done (7ms) 
     -computing joint association tests...done (0ms) 
 set [218/1177] : COQ7 - 7381 variants...
     -reading in genotypes, computing gene-based tests and building masks...done (12369ms) 
     -computing association tests...done (29ms) 
     -computing joint association tests...done (0ms) 
 set [219/1177] : COQ9 - 5385 variants...
     -reading in genotypes, computing gene-based tests and building masks...done (26403ms) 
     -computing association tests...done (33ms) 
     -computing joint association tests...done (14ms) 
 set [220/1177] : CORO1A - 5222 variants...
     -reading in genotypes, computing gene-based tests and building masks...done (8547ms) 
     -computing association tests...done (27ms) 
     -computing joint association tests...done (0ms) 
 set [221/1177] : CORO1A-AS1 - 39 variants...
     -reading in genotypes, computing gene-based tests and building masks...done (436ms) 
     -computing association tests...done (1ms) 
     -computing joint association tests...done (0ms) 
 set [222/1177] : CORO7 - 32715 variants...
     -reading in genotypes, computing gene-based tests and building masks...done (58520ms) 
     -computing association tests...done (121ms) 
     -computing joint association tests...done (0ms) 
 set [223/1177] : COTL1 - 35004 variants...
     -reading in genotypes, computing gene-based tests and building masks...done (62155ms) 
     -computing association tests...done (47ms) 
     -computing joint association tests...done (0ms) 
 set [224/1177] : COX4I1 - 6871 variants...
     -reading in genotypes, computing gene-based tests and building masks...done (11341ms) 
     -computing association tests...done (28ms) 
     -computing joint association tests...done (0ms) 
 set [225/1177] : COX6A2 - 5927 variants...
     -reading in genotypes, computing gene-based tests and building masks...done (12284ms) 
     -computing association tests...done (45ms) 
     -computing joint association tests...done (0ms) 
 set [226/1177] : CPHXL - 12527 variants...
     -reading in genotypes, computing gene-based tests and building masks...done (20160ms) 
     -computing association tests...done (149ms) 
     -computing joint association tests...done (0ms) 
 set [227/1177] : CPHXL2 - 10475 variants...
     -reading in genotypes, computing gene-based tests and building masks...done (31716ms) 
     -computing association tests...done (26ms) 
     -computing joint association tests...done (0ms) 
 set [228/1177] : CPNE2 - 25753 variants...
     -reading in genotypes, computing gene-based tests and building masks...done (48667ms) 
     -computing association tests...done (60ms) 
     -computing joint association tests...done (0ms) 
 set [229/1177] : CPNE7 - 39908 variants...
     -reading in genotypes, computing gene-based tests and building masks...done (223443ms) 
     -computing association tests...done (51ms) 
     -computing joint association tests...done (0ms) 
 set [230/1177] : CPPED1 - 75178 variants...
     -reading in genotypes, computing gene-based tests and building masks...done (167417ms) 
     -computing association tests...done (200ms) 
     -computing joint association tests...done (0ms) 
 set [231/1177] : CRAMP1 - 30953 variants...
     -reading in genotypes, computing gene-based tests and building masks...done (63823ms) 
     -computing association tests...done (47ms) 
     -computing joint association tests...done (0ms) 
 set [232/1177] : CREBBP - 85414 variants...
     -reading in genotypes, computing gene-based tests and building masks...done (223212ms) 
     -computing association tests...done (86ms) 
     -computing joint association tests...done (0ms) 
 set [233/1177] : CRISPLD2 - 57388 variants...
     -reading in genotypes, computing gene-based tests and building masks...done (130572ms) 
     -computing association tests...done (51ms) 
     -computing joint association tests...done (0ms) 
 set [234/1177] : CRNDE - 32798 variants...
     -reading in genotypes, computing gene-based tests and building masks...done (52123ms) 
     -computing association tests...done (40ms) 
     -computing joint association tests...done (0ms) 
 set [235/1177] : CRYM - 10049 variants...
     -reading in genotypes, computing gene-based tests and building masks...done (28868ms) 
     -computing association tests...done (37ms) 
     -computing joint association tests...done (0ms) 
 set [236/1177] : CSNK2A2 - 22445 variants...
     -reading in genotypes, computing gene-based tests and building masks...done (49032ms) 
     -computing association tests...done (31ms) 
     -computing joint association tests...done (26ms) 
 set [237/1177] : CTCF - 46729 variants...
     -reading in genotypes, computing gene-based tests and building masks...done (99717ms) 
     -computing association tests...done (135ms) 
     -computing joint association tests...done (0ms) 
 set [238/1177] : CTCF-DT - 8277 variants...
     -reading in genotypes, computing gene-based tests and building masks...done (12594ms) 
     -computing association tests...done (19ms) 
     -computing joint association tests...done (0ms) 
 set [239/1177] : CTF1 - 3828 variants...
     -reading in genotypes, computing gene-based tests and building masks...done (14929ms) 
     -computing association tests...done (63ms) 
     -computing joint association tests...done (0ms) 
 set [240/1177] : CTF2P - 4185 variants...
     -reading in genotypes, computing gene-based tests and building masks...done (8185ms) 
     -computing association tests...done (283ms) 
     -computing joint association tests...done (0ms) 
 set [241/1177] : CTRB1 - 10766 variants...
     -reading in genotypes, computing gene-based tests and building masks...done (19208ms) 
     -computing association tests...done (92ms) 
     -computing joint association tests...done (0ms) 
 set [242/1177] : CTRB2 - 9642 variants...
     -reading in genotypes, computing gene-based tests and building masks...done (20961ms) 
     -computing association tests...done (34ms) 
     -computing joint association tests...done (0ms) 
 set [243/1177] : CTRL - 2017 variants...
     -reading in genotypes, computing gene-based tests and building masks...done (7892ms) 
     -computing association tests...done (23ms) 
     -computing joint association tests...done (0ms) 
 set [244/1177] : CX3CL1 - 8734 variants...
     -reading in genotypes, computing gene-based tests and building masks...done (14272ms) 
     -computing association tests...done (59ms) 
     -computing joint association tests...done (0ms) 
 set [245/1177] : CYB5B - 23201 variants...
     -reading in genotypes, computing gene-based tests and building masks...done (33098ms) 
     -computing association tests...done (36ms) 
     -computing joint association tests...done (0ms) 
 set [246/1177] : CYBA - 5056 variants...
     -reading in genotypes, computing gene-based tests and building masks...done (8579ms) 
     -computing association tests...done (33ms) 
     -computing joint association tests...done (0ms) 
 set [247/1177] : CYCSP39 - 4348 variants...
     -reading in genotypes, computing gene-based tests and building masks...done (15108ms) 
     -computing association tests...done (53ms) 
     -computing joint association tests...done (0ms) 
 set [248/1177] : CYLD - 25070 variants...
     -reading in genotypes, computing gene-based tests and building masks...done (41728ms) 
     -computing association tests...done (159ms) 
     -computing joint association tests...done (0ms) 
 set [249/1177] : DBNDD1 - 15854 variants...
     -reading in genotypes, computing gene-based tests and building masks...done (29782ms) 
     -computing association tests...done (33ms) 
     -computing joint association tests...done (0ms) 
 set [250/1177] : DCTN5 - 17044 variants...
     -reading in genotypes, computing gene-based tests and building masks...done (27861ms) 
     -computing association tests...done (76ms) 
     -computing joint association tests...done (0ms) 
 set [251/1177] : DCTPP1 - 4982 variants...
     -reading in genotypes, computing gene-based tests and building masks...done (8989ms) 
     -computing association tests...done (53ms) 
     -computing joint association tests...done (0ms) 
 set [252/1177] : DCUN1D3 - 17411 variants...
     -reading in genotypes, computing gene-based tests and building masks...done (31093ms) 
     -computing association tests...done (30ms) 
     -computing joint association tests...done (0ms) 
 set [253/1177] : DDX11L10 - 316 variants...
     -reading in genotypes, computing gene-based tests and building masks...done (1951ms) 
     -computing association tests...done (73ms) 
     -computing joint association tests...done (0ms) 
 set [254/1177] : DDX11L16 - 6022 variants...
     -reading in genotypes, computing gene-based tests and building masks...done (26104ms) 
     -computing association tests...done (24ms) 
     -computing joint association tests...done (0ms) 
 set [255/1177] : DDX19A - 18961 variants...
     -reading in genotypes, computing gene-based tests and building masks...done (42524ms) 
     -computing association tests...done (273ms) 
     -computing joint association tests...done (0ms) 
 set [256/1177] : DDX19A-DT - 654 variants...
     -reading in genotypes, computing gene-based tests and building masks...done (1420ms) 
     -computing association tests...done (53ms) 
     -computing joint association tests...done (0ms) 
 set [257/1177] : DDX19B - 25044 variants...
     -reading in genotypes, computing gene-based tests and building masks...done (43054ms) 
     -computing association tests...done (254ms) 
     -computing joint association tests...done (0ms) 
 set [258/1177] : DECR2 - 13715 variants...
     -reading in genotypes, computing gene-based tests and building masks...done (40271ms) 
     -computing association tests...done (186ms) 
     -computing joint association tests...done (0ms) 
 set [259/1177] : DEF8 - 16832 variants...
     -reading in genotypes, computing gene-based tests and building masks...done (25782ms) 
     -computing association tests...done (43ms) 
     -computing joint association tests...done (0ms) 
 set [260/1177] : DEXI - 11156 variants...
     -reading in genotypes, computing gene-based tests and building masks...done (16641ms) 
     -computing association tests...done (48ms) 
     -computing joint association tests...done (0ms) 
 set [261/1177] : DHODH - 13676 variants...
     -reading in genotypes, computing gene-based tests and building masks...done (30672ms) 
     -computing association tests...done (40ms) 
     -computing joint association tests...done (0ms) 
 set [262/1177] : DHX38 - 11812 variants...
     -reading in genotypes, computing gene-based tests and building masks...done (23365ms) 
     -computing association tests...done (72ms) 
     -computing joint association tests...done (0ms) 
 set [263/1177] : DNAAF1 - 23007 variants...
     -reading in genotypes, computing gene-based tests and building masks...done (35547ms) 
     -computing association tests...done (110ms) 
     -computing joint association tests...done (0ms) 
 set [264/1177] : DNAAF8 - 14283 variants...
     -reading in genotypes, computing gene-based tests and building masks...done (31973ms) 
     -computing association tests...done (108ms) 
     -computing joint association tests...done (0ms) 
 set [265/1177] : DNAH3 - 100257 variants...
     -reading in genotypes, computing gene-based tests and building masks...done (253364ms) 
     -computing association tests...done (76ms) 
     -computing joint association tests...done (0ms) 
 set [266/1177] : DNAJA2 - 12870 variants...
     -reading in genotypes, computing gene-based tests and building masks...done (24610ms) 
     -computing association tests...done (52ms) 
     -computing joint association tests...done (0ms) 
 set [267/1177] : DNAJA2-DT - 2190 variants...
     -reading in genotypes, computing gene-based tests and building masks...done (3396ms) 
     -computing association tests...done (16ms) 
     -computing joint association tests...done (0ms) 
 set [268/1177] : DNAJA3 - 19090 variants...
     -reading in genotypes, computing gene-based tests and building masks...done (44557ms) 
     -computing association tests...done (43ms) 
     -computing joint association tests...done (0ms) 
 set [269/1177] : DNASE1 - 21348 variants...
     -reading in genotypes, computing gene-based tests and building masks...done (38134ms) 
     -computing association tests...done (48ms) 
     -computing joint association tests...done (0ms) 
 set [270/1177] : DOC2A - 10211 variants...
     -reading in genotypes, computing gene-based tests and building masks...done (17557ms) 
     -computing association tests...done (223ms) 
     -computing joint association tests...done (0ms) 
 set [271/1177] : DOK4 - 9327 variants...
     -reading in genotypes, computing gene-based tests and building masks...done (40659ms) 
     -computing association tests...done (50ms) 
     -computing joint association tests...done (0ms) 
 set [272/1177] : DPEP1 - 32974 variants...
     -reading in genotypes, computing gene-based tests and building masks...done (117423ms) 
     -computing association tests...done (65ms) 
     -computing joint association tests...done (0ms) 
 set [273/1177] : DPEP2 - 10040 variants...
     -reading in genotypes, computing gene-based tests and building masks...done (16471ms) 
     -computing association tests...done (47ms) 
     -computing joint association tests...done (0ms) 
 set [274/1177] : DPEP2NB - 4496 variants...
     -reading in genotypes, computing gene-based tests and building masks...done (27536ms) 
     -computing association tests...done (54ms) 
     -computing joint association tests...done (0ms) 
 set [275/1177] : DPEP3 - 3728 variants...
     -reading in genotypes, computing gene-based tests and building masks...done (6624ms) 
     -computing association tests...done (60ms) 
     -computing joint association tests...done (0ms) 
 set [276/1177] : DPPA2P4 - 1683 variants...
     -reading in genotypes, computing gene-based tests and building masks...done (2803ms) 
     -computing association tests...done (14ms) 
     -computing joint association tests...done (0ms) 
 set [277/1177] : DPPA3P11 - 171 variants...
     -reading in genotypes, computing gene-based tests and building masks...done (474ms) 
     -computing association tests...done (46ms) 
     -computing joint association tests...done (0ms) 
 set [278/1177] : DRC7 - 20492 variants...
     -reading in genotypes, computing gene-based tests and building masks...done (36176ms) 
     -computing association tests...done (78ms) 
     -computing joint association tests...done (0ms) 
 set [279/1177] : DUS2 - 29813 variants...
     -reading in genotypes, computing gene-based tests and building masks...done (50968ms) 
     -computing association tests...done (123ms) 
     -computing joint association tests...done (0ms) 
 set [280/1177] : DUX4L45 - 5623 variants...
     -reading in genotypes, computing gene-based tests and building masks...done (8170ms) 
     -computing association tests...done (18ms) 
     -computing joint association tests...done (0ms) 
 set [281/1177] : DUX4L46 - 3462 variants...
     -reading in genotypes, computing gene-based tests and building masks...done (5147ms) 
     -computing association tests...done (17ms) 
     -computing joint association tests...done (0ms) 
 set [282/1177] : DUX4L47 - 958 variants...
     -reading in genotypes, computing gene-based tests and building masks...done (1910ms) 
     -computing association tests...done (10ms) 
     -computing joint association tests...done (0ms) 
 set [283/1177] : DUXAP11 - 4542 variants...
     -reading in genotypes, computing gene-based tests and building masks...done (8711ms) 
     -computing association tests...done (21ms) 
     -computing joint association tests...done (0ms) 
 set [284/1177] : DUXB - 8704 variants...
     -reading in genotypes, computing gene-based tests and building masks...done (14215ms) 
     -computing association tests...done (102ms) 
     -computing joint association tests...done (0ms) 
 set [285/1177] : DYNC1LI2 - 17040 variants...
     -reading in genotypes, computing gene-based tests and building masks...done (35788ms) 
     -computing association tests...done (75ms) 
     -computing joint association tests...done (0ms) 
 set [286/1177] : DYNLRB2 - 10630 variants...
     -reading in genotypes, computing gene-based tests and building masks...done (15538ms) 
     -computing association tests...done (26ms) 
     -computing joint association tests...done (0ms) 
 set [287/1177] : DYNLRB2-AS1 - 227999 variants...
     -reading in genotypes, computing gene-based tests and building masks...done (1086815ms) 
     -computing association tests...done (29ms) 
     -computing joint association tests...done (0ms) 
 set [288/1177] : E2F4 - 7069 variants...
     -reading in genotypes, computing gene-based tests and building masks...done (14546ms) 
     -computing association tests...done (52ms) 
     -computing joint association tests...done (0ms) 
 set [289/1177] : E4F1 - 11453 variants...
     -reading in genotypes, computing gene-based tests and building masks...done (17436ms) 
     -computing association tests...done (40ms) 
     -computing joint association tests...done (0ms) 
 set [290/1177] : EARS2 - 20713 variants...
     -reading in genotypes, computing gene-based tests and building masks...done (44783ms) 
     -computing association tests...done (85ms) 
     -computing joint association tests...done (0ms) 
 set [291/1177] : ECI1 - 9860 variants...
     -reading in genotypes, computing gene-based tests and building masks...done (15824ms) 
     -computing association tests...done (34ms) 
     -computing joint association tests...done (0ms) 
 set [292/1177] : EDC4 - 5363 variants...
     -reading in genotypes, computing gene-based tests and building masks...done (8212ms) 
     -computing association tests...done (35ms) 
     -computing joint association tests...done (0ms) 
 set [293/1177] : EEF1A1P38 - 10106 variants...
     -reading in genotypes, computing gene-based tests and building masks...done (34488ms) 
     -computing association tests...done (98ms) 
     -computing joint association tests...done (0ms) 
 set [294/1177] : EEF2K - 38082 variants...
     -reading in genotypes, computing gene-based tests and building masks...done (62911ms) 
     -computing association tests...done (43ms) 
     -computing joint association tests...done (0ms) 
 set [295/1177] : EEF2KMT - 9842 variants...
     -reading in genotypes, computing gene-based tests and building masks...done (18427ms) 
     -computing association tests...done (163ms) 
     -computing joint association tests...done (0ms) 
 set [296/1177] : EIF3C - 15609 variants...
     -reading in genotypes, computing gene-based tests and building masks...done (73716ms) 
     -computing association tests...done (68ms) 
     -computing joint association tests...done (0ms) 
 set [297/1177] : EIF3CL - 13435 variants...
     -reading in genotypes, computing gene-based tests and building masks...done (58445ms) 
     -computing association tests...done (31ms) 
     -computing joint association tests...done (0ms) 
 set [298/1177] : ELMO3 - 2036 variants...
     -reading in genotypes, computing gene-based tests and building masks...done (3098ms) 
     -computing association tests...done (12ms) 
     -computing joint association tests...done (0ms) 
 set [299/1177] : ELOB - 6291 variants...
     -reading in genotypes, computing gene-based tests and building masks...done (9554ms) 
     -computing association tests...done (145ms) 
     -computing joint association tests...done (0ms) 
 set [300/1177] : EMC8 - 15930 variants...
     -reading in genotypes, computing gene-based tests and building masks...done (23674ms) 
     -computing association tests...done (29ms) 
     -computing joint association tests...done (0ms) 
 set [301/1177] : EME2 - 6728 variants...
     -reading in genotypes, computing gene-based tests and building masks...done (13193ms) 
     -computing association tests...done (73ms) 
     -computing joint association tests...done (0ms) 
 set [302/1177] : EMP2 - 33616 variants...
     -reading in genotypes, computing gene-based tests and building masks...done (71195ms) 
     -computing association tests...done (31ms) 
     -computing joint association tests...done (0ms) 
 set [303/1177] : ENKD1 - 4701 variants...
     -reading in genotypes, computing gene-based tests and building masks...done (8183ms) 
     -computing association tests...done (33ms) 
     -computing joint association tests...done (0ms) 
 set [304/1177] : ENPP7P13 - 153 variants...
     -reading in genotypes, computing gene-based tests and building masks...done (487ms) 
     -computing association tests...done (2ms) 
     -computing joint association tests...done (0ms) 
 set [305/1177] : ENPP7P14 - 22581 variants...
     -reading in genotypes, computing gene-based tests and building masks...done (35636ms) 
     -computing association tests...done (52ms) 
     -computing joint association tests...done (17ms) 
 set [306/1177] : ERCC4 - 17815 variants...
     -reading in genotypes, computing gene-based tests and building masks...done (28715ms) 
     -computing association tests...done (115ms) 
     -computing joint association tests...done (0ms) 
 set [307/1177] : ERN2 - 9516 variants...
     -reading in genotypes, computing gene-based tests and building masks...done (23144ms) 
     -computing association tests...done (31ms) 
     -computing joint association tests...done (0ms) 
 set [308/1177] : ERVK13-1 - 22226 variants...
     -reading in genotypes, computing gene-based tests and building masks...done (87937ms) 
     -computing association tests...done (27ms) 
     -computing joint association tests...done (0ms) 
 set [309/1177] : ESRP2 - 7333 variants...
     -reading in genotypes, computing gene-based tests and building masks...done (11521ms) 
     -computing association tests...done (32ms) 
     -computing joint association tests...done (0ms) 
 set [310/1177] : EXOSC6 - 2283 variants...
     -reading in genotypes, computing gene-based tests and building masks...done (3613ms) 
     -computing association tests...done (54ms) 
     -computing joint association tests...done (0ms) 
 set [311/1177] : FA2H - 35554 variants...
     -reading in genotypes, computing gene-based tests and building masks...done (71263ms) 
     -computing association tests...done (71ms) 
     -computing joint association tests...done (0ms) 
 set [312/1177] : FAHD1 - 3927 variants...
     -reading in genotypes, computing gene-based tests and building masks...done (7457ms) 
     -computing association tests...done (23ms) 
     -computing joint association tests...done (0ms) 
 set [313/1177] : FAM153DP - 9499 variants...
     -reading in genotypes, computing gene-based tests and building masks...done (21313ms) 
     -computing association tests...done (25ms) 
     -computing joint association tests...done (0ms) 
 set [314/1177] : FAM157C - 57298 variants...
     -reading in genotypes, computing gene-based tests and building masks...done (368386ms) 
     -computing association tests...done (31ms) 
     -computing joint association tests...done (0ms) 
 set [315/1177] : FAM234A - 24065 variants...
     -reading in genotypes, computing gene-based tests and building masks...done (53079ms) 
     -computing association tests...done (35ms) 
     -computing joint association tests...done (0ms) 
 set [316/1177] : FANCA - 65383 variants...
     -reading in genotypes, computing gene-based tests and building masks...done (130694ms) 
     -computing association tests...done (78ms) 
     -computing joint association tests...done (0ms) 
 set [317/1177] : FBRS - 7002 variants...
     -reading in genotypes, computing gene-based tests and building masks...done (23848ms) 
     -computing association tests...done (47ms) 
     -computing joint association tests...done (0ms) 
 set [318/1177] : FBXL16 - 8894 variants...
     -reading in genotypes, computing gene-based tests and building masks...done (13457ms) 
     -computing association tests...done (64ms) 
     -computing joint association tests...done (0ms) 
 set [319/1177] : FBXL19 - 12425 variants...
     -reading in genotypes, computing gene-based tests and building masks...done (20087ms) 
     -computing association tests...done (68ms) 
     -computing joint association tests...done (0ms) 
 set [320/1177] : FBXL19-AS1 - 1392 variants...
     -reading in genotypes, computing gene-based tests and building masks...done (2462ms) 
     -computing association tests...done (10ms) 
     -computing joint association tests...done (0ms) 
 set [321/1177] : FBXL8 - 1954 variants...
     -reading in genotypes, computing gene-based tests and building masks...done (6915ms) 
     -computing association tests...done (22ms) 
     -computing joint association tests...done (0ms) 
 set [322/1177] : FBXL9P - 5241 variants...
     -reading in genotypes, computing gene-based tests and building masks...done (12503ms) 
     -computing association tests...done (21ms) 
     -computing joint association tests...done (0ms) 
 set [323/1177] : FBXO31 - 39602 variants...
     -reading in genotypes, computing gene-based tests and building masks...done (82362ms) 
     -computing association tests...done (82ms) 
     -computing joint association tests...done (0ms) 
 set [324/1177] : FCSK - 14726 variants...
     -reading in genotypes, computing gene-based tests and building masks...done (22914ms) 
     -computing association tests...done (45ms) 
     -computing joint association tests...done (0ms) 
 set [325/1177] : FENDRR - 21983 variants...
     -reading in genotypes, computing gene-based tests and building masks...done (36930ms) 
     -computing association tests...done (33ms) 
     -computing joint association tests...done (0ms) 
 set [326/1177] : FGFR3P5 - 424 variants...
     -reading in genotypes, computing gene-based tests and building masks...done (5709ms) 
     -computing association tests...done (9ms) 
     -computing joint association tests...done (0ms) 
 set [327/1177] : FHOD1 - 8611 variants...
     -reading in genotypes, computing gene-based tests and building masks...done (12808ms) 
     -computing association tests...done (80ms) 
     -computing joint association tests...done (0ms) 
 set [328/1177] : FLJ30679 - 1076 variants...
     -reading in genotypes, computing gene-based tests and building masks...done (17091ms) 
     -computing association tests...done (13ms) 
     -computing joint association tests...done (0ms) 
 set [329/1177] : FLYWCH1 - 32160 variants...
     -reading in genotypes, computing gene-based tests and building masks...done (50252ms) 
     -computing association tests...done (46ms) 
     -computing joint association tests...done (0ms) 
 set [330/1177] : FLYWCH2 - 15174 variants...
     -reading in genotypes, computing gene-based tests and building masks...done (22486ms) 
     -computing association tests...done (30ms) 
     -computing joint association tests...done (0ms) 
 set [331/1177] : FOXC2 - 6938 variants...
     -reading in genotypes, computing gene-based tests and building masks...done (10824ms) 
     -computing association tests...done (69ms) 
     -computing joint association tests...done (0ms) 
 set [332/1177] : FOXF1 - 9262 variants...
     -reading in genotypes, computing gene-based tests and building masks...done (14138ms) 
     -computing association tests...done (29ms) 
     -computing joint association tests...done (0ms) 
 set [333/1177] : FOXL1 - 8457 variants...
     -reading in genotypes, computing gene-based tests and building masks...done (13294ms) 
     -computing association tests...done (117ms) 
     -computing joint association tests...done (0ms) 
 set [334/1177] : FRG2DP - 65 variants...
     -reading in genotypes, computing gene-based tests and building masks...done (1364ms) 
     -computing association tests...done (6ms) 
     -computing joint association tests...done (0ms) 
 set [335/1177] : FRG2GP - 300 variants...
     -reading in genotypes, computing gene-based tests and building masks...done (9280ms) 
     -computing association tests...done (6ms) 
     -computing joint association tests...done (0ms) 
 set [336/1177] : FRG2HP - 1249 variants...
     -reading in genotypes, computing gene-based tests and building masks...done (2830ms) 
     -computing association tests...done (24ms) 
     -computing joint association tests...done (0ms) 
 set [337/1177] : FRG2IP - 342 variants...
     -reading in genotypes, computing gene-based tests and building masks...done (2009ms) 
     -computing association tests...done (134ms) 
     -computing joint association tests...done (16ms) 
 set [338/1177] : FRG2JP - 137 variants...
     -reading in genotypes, computing gene-based tests and building masks...done (2233ms) 
     -computing association tests...done (7ms) 
     -computing joint association tests...done (0ms) 
 set [339/1177] : FRG2KP - 5561 variants...
     -reading in genotypes, computing gene-based tests and building masks...done (9164ms) 
     -computing association tests...done (69ms) 
     -computing joint association tests...done (0ms) 
 set [340/1177] : FTO - 187745 variants...
     -reading in genotypes, computing gene-based tests and building masks...done (678810ms) 
     -computing association tests...done (36ms) 
     -computing joint association tests...done (0ms) 
 set [341/1177] : FUS - 11316 variants...
     -reading in genotypes, computing gene-based tests and building masks...done (20937ms) 
     -computing association tests...done (34ms) 
     -computing joint association tests...done (0ms) 
 set [342/1177] : GABARAPL2 - 9847 variants...
     -reading in genotypes, computing gene-based tests and building masks...done (27613ms) 
     -computing association tests...done (128ms) 
     -computing joint association tests...done (0ms) 
 set [343/1177] : GALNS - 30025 variants...
     -reading in genotypes, computing gene-based tests and building masks...done (60966ms) 
     -computing association tests...done (51ms) 
     -computing joint association tests...done (0ms) 
 set [344/1177] : GAN - 49968 variants...
     -reading in genotypes, computing gene-based tests and building masks...done (90933ms) 
     -computing association tests...done (112ms) 
     -computing joint association tests...done (0ms) 
 set [345/1177] : GAS8 - 15080 variants...
     -reading in genotypes, computing gene-based tests and building masks...done (23588ms) 
     -computing association tests...done (43ms) 
     -computing joint association tests...done (0ms) 
 set [346/1177] : GCSH - 15139 variants...
     -reading in genotypes, computing gene-based tests and building masks...done (58664ms) 
     -computing association tests...done (35ms) 
     -computing joint association tests...done (0ms) 
 set [347/1177] : GDE1 - 11437 variants...
     -reading in genotypes, computing gene-based tests and building masks...done (33731ms) 
     -computing association tests...done (63ms) 
     -computing joint association tests...done (0ms) 
 set [348/1177] : GDPD3 - 6151 variants...
     -reading in genotypes, computing gene-based tests and building masks...done (13358ms) 
     -computing association tests...done (29ms) 
     -computing joint association tests...done (0ms) 
 set [349/1177] : GEMIN8P2 - 320 variants...
     -reading in genotypes, computing gene-based tests and building masks...done (9096ms) 
     -computing association tests...done (15ms) 
     -computing joint association tests...done (0ms) 
 set [350/1177] : GFER - 2519 variants...
     -reading in genotypes, computing gene-based tests and building masks...done (19514ms) 
     -computing association tests...done (30ms) 
     -computing joint association tests...done (0ms) 
 set [351/1177] : GFOD2 - 22046 variants...
     -reading in genotypes, computing gene-based tests and building masks...done (49978ms) 
     -computing association tests...done (32ms) 
     -computing joint association tests...done (0ms) 
 set [352/1177] : GGA2 - 26149 variants...
     -reading in genotypes, computing gene-based tests and building masks...done (42877ms) 
     -computing association tests...done (38ms) 
     -computing joint association tests...done (0ms) 
 set [353/1177] : GINS2 - 16222 variants...
     -reading in genotypes, computing gene-based tests and building masks...done (39407ms) 
     -computing association tests...done (30ms) 
     -computing joint association tests...done (0ms) 
 set [354/1177] : GINS3 - 40869 variants...
     -reading in genotypes, computing gene-based tests and building masks...done (76942ms) 
     -computing association tests...done (30ms) 
     -computing joint association tests...done (0ms) 
 set [355/1177] : GLG1 - 100396 variants...
     -reading in genotypes, computing gene-based tests and building masks...done (286791ms) 
     -computing association tests...done (98ms) 
     -computing joint association tests...done (0ms) 
 set [356/1177] : GLIS2 - 15768 variants...
     -reading in genotypes, computing gene-based tests and building masks...done (23915ms) 
     -computing association tests...done (43ms) 
     -computing joint association tests...done (19ms) 
 set [357/1177] : GLYR1 - 30833 variants...
     -reading in genotypes, computing gene-based tests and building masks...done (56481ms) 
     -computing association tests...done (31ms) 
     -computing joint association tests...done (0ms) 
 set [358/1177] : GNAO1 - 68193 variants...
     -reading in genotypes, computing gene-based tests and building masks...done (152578ms) 
     -computing association tests...done (121ms) 
     -computing joint association tests...done (0ms) 
 set [359/1177] : GNAO1-DT - 69943 variants...
     -reading in genotypes, computing gene-based tests and building masks...done (153842ms) 
     -computing association tests...done (63ms) 
     -computing joint association tests...done (0ms) 
 set [360/1177] : GNG13 - 9849 variants...
     -reading in genotypes, computing gene-based tests and building masks...done (28970ms) 
     -computing association tests...done (91ms) 
     -computing joint association tests...done (0ms) 
 set [361/1177] : GNPATP - 5335 variants...
     -reading in genotypes, computing gene-based tests and building masks...done (9964ms) 
     -computing association tests...done (19ms) 
     -computing joint association tests...done (0ms) 
 set [362/1177] : GNPTG - 13688 variants...
     -reading in genotypes, computing gene-based tests and building masks...done (25240ms) 
     -computing association tests...done (31ms) 
     -computing joint association tests...done (0ms) 
 set [363/1177] : GOT2 - 14850 variants...
     -reading in genotypes, computing gene-based tests and building masks...done (29634ms) 
     -computing association tests...done (37ms) 
     -computing joint association tests...done (0ms) 
 set [364/1177] : GP2 - 9750 variants...
     -reading in genotypes, computing gene-based tests and building masks...done (14042ms) 
     -computing association tests...done (32ms) 
     -computing joint association tests...done (0ms) 
 set [365/1177] : GPR139 - 23132 variants...
     -reading in genotypes, computing gene-based tests and building masks...done (39034ms) 
     -computing association tests...done (29ms) 
     -computing joint association tests...done (0ms) 
 set [366/1177] : GPRC5B - 17090 variants...
     -reading in genotypes, computing gene-based tests and building masks...done (34398ms) 
     -computing association tests...done (31ms) 
     -computing joint association tests...done (0ms) 
 set [367/1177] : GPT2 - 23685 variants...
     -reading in genotypes, computing gene-based tests and building masks...done (59280ms) 
     -computing association tests...done (34ms) 
     -computing joint association tests...done (0ms) 
 set [368/1177] : GREP1 - 12411 variants...
     -reading in genotypes, computing gene-based tests and building masks...done (22270ms) 
     -computing association tests...done (34ms) 
     -computing joint association tests...done (0ms) 
 set [369/1177] : GRIN2A - 230863 variants...
     -reading in genotypes, computing gene-based tests and building masks...done (1031320ms) 
     -computing association tests...done (51ms) 
     -computing joint association tests...done (0ms) 
 set [370/1177] : GSE1 - 252944 variants...
     -reading in genotypes, computing gene-based tests and building masks...done (5358201ms) 
     -computing association tests...done (175ms) 
     -computing joint association tests...done (0ms) 
 set [371/1177] : GSG1L - 126809 variants...
     -reading in genotypes, computing gene-based tests and building masks...done (595629ms) 
     -computing association tests...done (41ms) 
     -computing joint association tests...done (0ms) 
 set [372/1177] : GSPT1 - 31813 variants...
     -reading in genotypes, computing gene-based tests and building masks...done (52151ms) 
     -computing association tests...done (47ms) 
     -computing joint association tests...done (0ms) 
 set [373/1177] : GTF3C1 - 35120 variants...
     -reading in genotypes, computing gene-based tests and building masks...done (66894ms) 
     -computing association tests...done (51ms) 
     -computing joint association tests...done (0ms) 
 set [374/1177] : HAGH - 15157 variants...
     -reading in genotypes, computing gene-based tests and building masks...done (41066ms) 
     -computing association tests...done (68ms) 
     -computing joint association tests...done (0ms) 
 set [375/1177] : HAGHL - 4385 variants...
     -reading in genotypes, computing gene-based tests and building masks...done (7257ms) 
     -computing association tests...done (23ms) 
     -computing joint association tests...done (0ms) 
 set [376/1177] : HAPSTR1 - 24015 variants...
     -reading in genotypes, computing gene-based tests and building masks...done (50820ms) 
     -computing association tests...done (30ms) 
     -computing joint association tests...done (0ms) 
 set [377/1177] : HAS3 - 6289 variants...
     -reading in genotypes, computing gene-based tests and building masks...done (10449ms) 
     -computing association tests...done (37ms) 
     -computing joint association tests...done (0ms) 
 set [378/1177] : HBA1 - 1271 variants...
     -reading in genotypes, computing gene-based tests and building masks...done (10780ms) 
     -computing association tests...done (50ms) 
     -computing joint association tests...done (0ms) 
 set [379/1177] : HBA2 - 3291 variants...
     -reading in genotypes, computing gene-based tests and building masks...done (8451ms) 
     -computing association tests...done (110ms) 
     -computing joint association tests...done (0ms) 
 set [380/1177] : HBM - 7631 variants...
     -reading in genotypes, computing gene-based tests and building masks...done (63692ms) 
     -computing association tests...done (70ms) 
     -computing joint association tests...done (0ms) 
 set [381/1177] : HBQ1 - 4654 variants...
     -reading in genotypes, computing gene-based tests and building masks...done (8588ms) 
     -computing association tests...done (28ms) 
     -computing joint association tests...done (0ms) 
 set [382/1177] : HBZ - 9892 variants...
     -reading in genotypes, computing gene-based tests and building masks...done (21579ms) 
     -computing association tests...done (36ms) 
     -computing joint association tests...done (0ms) 
 set [383/1177] : HBZP1 - 2087 variants...
     -reading in genotypes, computing gene-based tests and building masks...done (4637ms) 
     -computing association tests...done (16ms) 
     -computing joint association tests...done (0ms) 
 set [384/1177] : HCCAT5 - 7501 variants...
     -reading in genotypes, computing gene-based tests and building masks...done (12097ms) 
     -computing association tests...done (21ms) 
     -computing joint association tests...done (0ms) 
 set [385/1177] : HCFC1R1 - 1369 variants...
     -reading in genotypes, computing gene-based tests and building masks...done (5880ms) 
     -computing association tests...done (17ms) 
     -computing joint association tests...done (0ms) 
 set [386/1177] : HEATR3 - 22062 variants...
     -reading in genotypes, computing gene-based tests and building masks...done (32909ms) 
     -computing association tests...done (97ms) 
     -computing joint association tests...done (0ms) 
 set [387/1177] : HEATR3-AS1 - 5365 variants...
     -reading in genotypes, computing gene-based tests and building masks...done (8900ms) 
     -computing association tests...done (18ms) 
     -computing joint association tests...done (0ms) 
 set [388/1177] : HERC2P4 - 3167 variants...
     -reading in genotypes, computing gene-based tests and building masks...done (38156ms) 
     -computing association tests...done (20ms) 
     -computing joint association tests...done (0ms) 
 set [389/1177] : HERPUD1 - 9433 variants...
     -reading in genotypes, computing gene-based tests and building masks...done (19893ms) 
     -computing association tests...done (90ms) 
     -computing joint association tests...done (0ms) 
 set [390/1177] : HIRIP3 - 6454 variants...
     -reading in genotypes, computing gene-based tests and building masks...done (9797ms) 
     -computing association tests...done (30ms) 
     -computing joint association tests...done (0ms) 
 set [391/1177] : HMGB3P32 - 4077 variants...
     -reading in genotypes, computing gene-based tests and building masks...done (5742ms) 
     -computing association tests...done (26ms) 
     -computing joint association tests...done (0ms) 
 set [392/1177] : HMGN2P41 - 3819 variants...
     -reading in genotypes, computing gene-based tests and building masks...done (5580ms) 
     -computing association tests...done (14ms) 
     -computing joint association tests...done (0ms) 
 set [393/1177] : HMOX2 - 17610 variants...
     -reading in genotypes, computing gene-based tests and building masks...done (26979ms) 
     -computing association tests...done (35ms) 
     -computing joint association tests...done (0ms) 
 set [394/1177] : HNRNPA1L3 - 32930 variants...
     -reading in genotypes, computing gene-based tests and building masks...done (53314ms) 
     -computing association tests...done (48ms) 
     -computing joint association tests...done (0ms) 
 set [395/1177] : HNRNPCP4 - 5578 variants...
     -reading in genotypes, computing gene-based tests and building masks...done (7927ms) 
     -computing association tests...done (17ms) 
     -computing joint association tests...done (0ms) 
 set [396/1177] : HP - 5168 variants...
     -reading in genotypes, computing gene-based tests and building masks...done (15618ms) 
     -computing association tests...done (31ms) 
     -computing joint association tests...done (0ms) 
 set [397/1177] : HPR - 11499 variants...
     -reading in genotypes, computing gene-based tests and building masks...done (17430ms) 
     -computing association tests...done (125ms) 
     -computing joint association tests...done (0ms) 
 set [398/1177] : HS3ST2 - 48438 variants...
     -reading in genotypes, computing gene-based tests and building masks...done (89152ms) 
     -computing association tests...done (329ms) 
     -computing joint association tests...done (0ms) 
 set [399/1177] : HS3ST4 - 188462 variants...
     -reading in genotypes, computing gene-based tests and building masks...done (698199ms) 
     -computing association tests...done (81ms) 
     -computing joint association tests...done (0ms) 
 set [400/1177] : HS3ST6 - 9449 variants...
     -reading in genotypes, computing gene-based tests and building masks...done (15207ms) 
     -computing association tests...done (34ms) 
     -computing joint association tests...done (0ms) 
 set [401/1177] : HSBP1 - 11144 variants...
     -reading in genotypes, computing gene-based tests and building masks...done (21510ms) 
     -computing association tests...done (26ms) 
     -computing joint association tests...done (0ms) 
 set [402/1177] : HSD11B2 - 5201 variants...
     -reading in genotypes, computing gene-based tests and building masks...done (8220ms) 
     -computing association tests...done (111ms) 
     -computing joint association tests...done (0ms) 
 set [403/1177] : HSD17B2 - 39019 variants...
     -reading in genotypes, computing gene-based tests and building masks...done (63739ms) 
     -computing association tests...done (36ms) 
     -computing joint association tests...done (0ms) 
 set [404/1177] : HSD17B2-AS1 - 29417 variants...
     -reading in genotypes, computing gene-based tests and building masks...done (59013ms) 
     -computing association tests...done (29ms) 
     -computing joint association tests...done (0ms) 
 set [405/1177] : HSD3B7 - 2007 variants...
     -reading in genotypes, computing gene-based tests and building masks...done (10634ms) 
     -computing association tests...done (56ms) 
     -computing joint association tests...done (0ms) 
 set [406/1177] : HSDL1 - 14135 variants...
     -reading in genotypes, computing gene-based tests and building masks...done (29604ms) 
     -computing association tests...done (55ms) 
     -computing joint association tests...done (0ms) 
 set [407/1177] : HSF4 - 5114 variants...
     -reading in genotypes, computing gene-based tests and building masks...done (10498ms) 
     -computing association tests...done (195ms) 
     -computing joint association tests...done (0ms) 
 set [408/1177] : HSPE1P7 - 2337 variants...
     -reading in genotypes, computing gene-based tests and building masks...done (11135ms) 
     -computing association tests...done (65ms) 
     -computing joint association tests...done (0ms) 
 set [409/1177] : HYDIN - 201709 variants...
     -reading in genotypes, computing gene-based tests and building masks...done (690900ms) 
     -computing association tests...done (70ms) 
     -computing joint association tests...done (2ms) 
 set [410/1177] : IFT140 - 34257 variants...
     -reading in genotypes, computing gene-based tests and building masks...done (75387ms) 
     -computing association tests...done (111ms) 
     -computing joint association tests...done (20ms) 
 set [411/1177] : IGFALS - 2787 variants...
     -reading in genotypes, computing gene-based tests and building masks...done (7644ms) 
     -computing association tests...done (16ms) 
     -computing joint association tests...done (0ms) 
 set [412/1177] : IGHV2OR16-5 - 6186 variants...
     -reading in genotypes, computing gene-based tests and building masks...done (26555ms) 
     -computing association tests...done (71ms) 
     -computing joint association tests...done (0ms) 
 set [413/1177] : IGHV3OR16-10 - 5816 variants...
     -reading in genotypes, computing gene-based tests and building masks...done (47269ms) 
     -computing association tests...done (129ms) 
     -computing joint association tests...done (0ms) 
 set [414/1177] : IGHV3OR16-11 - 221 variants...
     -reading in genotypes, computing gene-based tests and building masks...done (3839ms) 
     -computing association tests...done (3ms) 
     -computing joint association tests...done (0ms) 
 set [415/1177] : IGHV3OR16-12 - 6924 variants...
     -reading in genotypes, computing gene-based tests and building masks...done (45288ms) 
     -computing association tests...done (27ms) 
     -computing joint association tests...done (0ms) 
 set [416/1177] : IGHV3OR16-13 - 6120 variants...
     -reading in genotypes, computing gene-based tests and building masks...done (36030ms) 
     -computing association tests...done (35ms) 
     -computing joint association tests...done (0ms) 
 set [417/1177] : IGHV3OR16-15 - 6302 variants...
     -reading in genotypes, computing gene-based tests and building masks...done (9287ms) 
     -computing association tests...done (21ms) 
     -computing joint association tests...done (0ms) 
 set [418/1177] : IGHV3OR16-16 - 6197 variants...
     -reading in genotypes, computing gene-based tests and building masks...done (29438ms) 
     -computing association tests...done (21ms) 
     -computing joint association tests...done (0ms) 
 set [419/1177] : IGHV3OR16-17 - 4694 variants...
     -reading in genotypes, computing gene-based tests and building masks...done (8013ms) 
     -computing association tests...done (103ms) 
     -computing joint association tests...done (0ms) 
 set [420/1177] : IGHV3OR16-6 - 1157 variants...
     -reading in genotypes, computing gene-based tests and building masks...done (2831ms) 
     -computing association tests...done (213ms) 
     -computing joint association tests...done (0ms) 
 set [421/1177] : IGHV3OR16-7 - 749 variants...
     -reading in genotypes, computing gene-based tests and building masks...done (1394ms) 
     -computing association tests...done (10ms) 
     -computing joint association tests...done (0ms) 
 set [422/1177] : IGHV3OR16-8 - 5369 variants...
     -reading in genotypes, computing gene-based tests and building masks...done (23647ms) 
     -computing association tests...done (59ms) 
     -computing joint association tests...done (0ms) 
 set [423/1177] : IGHV3OR16-9 - 4303 variants...
     -reading in genotypes, computing gene-based tests and building masks...done (9458ms) 
     -computing association tests...done (94ms) 
     -computing joint association tests...done (0ms) 
 set [424/1177] : IGSF6 - 9300 variants...
     -reading in genotypes, computing gene-based tests and building masks...done (15665ms) 
     -computing association tests...done (143ms) 
     -computing joint association tests...done (0ms) 
 set [425/1177] : IL17C - 6115 variants...
     -reading in genotypes, computing gene-based tests and building masks...done (10722ms) 
     -computing association tests...done (78ms) 
     -computing joint association tests...done (0ms) 
 set [426/1177] : IL21R - 25670 variants...
     -reading in genotypes, computing gene-based tests and building masks...done (65541ms) 
     -computing association tests...done (118ms) 
     -computing joint association tests...done (0ms) 
 set [427/1177] : IL27 - 5765 variants...
     -reading in genotypes, computing gene-based tests and building masks...done (9104ms) 
     -computing association tests...done (34ms) 
     -computing joint association tests...done (0ms) 
 set [428/1177] : IL32 - 6468 variants...
     -reading in genotypes, computing gene-based tests and building masks...done (11148ms) 
     -computing association tests...done (128ms) 
     -computing joint association tests...done (0ms) 
 set [429/1177] : IL34 - 30705 variants...
     -reading in genotypes, computing gene-based tests and building masks...done (70790ms) 
     -computing association tests...done (60ms) 
     -computing joint association tests...done (0ms) 
 set [430/1177] : IL4R - 24133 variants...
     -reading in genotypes, computing gene-based tests and building masks...done (36660ms) 
     -computing association tests...done (97ms) 
     -computing joint association tests...done (0ms) 
 set [431/1177] : IL9RP3 - 6840 variants...
     -reading in genotypes, computing gene-based tests and building masks...done (28240ms) 
     -computing association tests...done (138ms) 
     -computing joint association tests...done (0ms) 
 set [432/1177] : IQCK - 62633 variants...
     -reading in genotypes, computing gene-based tests and building masks...done (174135ms) 
     -computing association tests...done (46ms) 
     -computing joint association tests...done (0ms) 
 set [433/1177] : IRF8 - 16852 variants...
     -reading in genotypes, computing gene-based tests and building masks...done (25859ms) 
     -computing association tests...done (106ms) 
     -computing joint association tests...done (0ms) 
 set [434/1177] : IRX3 - 7008 variants...
     -reading in genotypes, computing gene-based tests and building masks...done (11577ms) 
     -computing association tests...done (56ms) 
     -computing joint association tests...done (0ms) 
 set [435/1177] : IRX5 - 7297 variants...
     -reading in genotypes, computing gene-based tests and building masks...done (11287ms) 
     -computing association tests...done (27ms) 
     -computing joint association tests...done (0ms) 
 set [436/1177] : IRX6 - 9782 variants...
     -reading in genotypes, computing gene-based tests and building masks...done (21803ms) 
     -computing association tests...done (64ms) 
     -computing joint association tests...done (0ms) 
 set [437/1177] : IST1 - 24685 variants...
     -reading in genotypes, computing gene-based tests and building masks...done (46578ms) 
     -computing association tests...done (39ms) 
     -computing joint association tests...done (0ms) 
 set [438/1177] : ITFG1 - 129911 variants...
     -reading in genotypes, computing gene-based tests and building masks...done (362392ms) 
     -computing association tests...done (75ms) 
     -computing joint association tests...done (0ms) 
 set [439/1177] : ITFG1-AS1 - 194 variants...
     -reading in genotypes, computing gene-based tests and building masks...done (9163ms) 
     -computing association tests...done (2ms) 
     -computing joint association tests...done (0ms) 
 set [440/1177] : ITGAD - 16487 variants...
     -reading in genotypes, computing gene-based tests and building masks...done (25053ms) 
     -computing association tests...done (45ms) 
     -computing joint association tests...done (0ms) 
 set [441/1177] : ITGAL - 27151 variants...
     -reading in genotypes, computing gene-based tests and building masks...done (42682ms) 
     -computing association tests...done (37ms) 
     -computing joint association tests...done (0ms) 
 set [442/1177] : ITGAM - 42286 variants...
     -reading in genotypes, computing gene-based tests and building masks...done (94843ms) 
     -computing association tests...done (42ms) 
     -computing joint association tests...done (0ms) 
 set [443/1177] : ITGAX - 16021 variants...
     -reading in genotypes, computing gene-based tests and building masks...done (33149ms) 
     -computing association tests...done (78ms) 
     -computing joint association tests...done (0ms) 
 set [444/1177] : ITPRIPL2 - 7813 variants...
     -reading in genotypes, computing gene-based tests and building masks...done (22960ms) 
     -computing association tests...done (37ms) 
     -computing joint association tests...done (0ms) 
 set [445/1177] : JMJD8 - 1727 variants...
     -reading in genotypes, computing gene-based tests and building masks...done (12931ms) 
     -computing association tests...done (33ms) 
     -computing joint association tests...done (0ms) 
 set [446/1177] : JPH3 - 71096 variants...
     -reading in genotypes, computing gene-based tests and building masks...done (177243ms) 
     -computing association tests...done (46ms) 
     -computing joint association tests...done (0ms) 
 set [447/1177] : JPT2 - 15894 variants...
     -reading in genotypes, computing gene-based tests and building masks...done (32347ms) 
     -computing association tests...done (157ms) 
     -computing joint association tests...done (0ms) 
 set [448/1177] : KARS1 - 7804 variants...
     -reading in genotypes, computing gene-based tests and building masks...done (27008ms) 
     -computing association tests...done (145ms) 
     -computing joint association tests...done (0ms) 
 set [449/1177] : KARS1P3 - 1762 variants...
     -reading in genotypes, computing gene-based tests and building masks...done (2864ms) 
     -computing association tests...done (12ms) 
     -computing joint association tests...done (0ms) 
 set [450/1177] : KAT8 - 9180 variants...
     -reading in genotypes, computing gene-based tests and building masks...done (13547ms) 
     -computing association tests...done (32ms) 
     -computing joint association tests...done (0ms) 
 set [451/1177] : KATNB1 - 12992 variants...
     -reading in genotypes, computing gene-based tests and building masks...done (19397ms) 
     -computing association tests...done (48ms) 
     -computing joint association tests...done (0ms) 
 set [452/1177] : KATNIP - 100823 variants...
     -reading in genotypes, computing gene-based tests and building masks...done (266083ms) 
     -computing association tests...done (255ms) 
     -computing joint association tests...done (0ms) 
 set [453/1177] : KCNG4 - 17474 variants...
     -reading in genotypes, computing gene-based tests and building masks...done (27147ms) 
     -computing association tests...done (82ms) 
     -computing joint association tests...done (0ms) 
 set [454/1177] : KCTD13 - 10172 variants...
     -reading in genotypes, computing gene-based tests and building masks...done (15853ms) 
     -computing association tests...done (155ms) 
     -computing joint association tests...done (0ms) 
 set [455/1177] : KCTD13-DT - 1158 variants...
     -reading in genotypes, computing gene-based tests and building masks...done (2066ms) 
     -computing association tests...done (11ms) 
     -computing joint association tests...done (0ms) 
 set [456/1177] : KCTD19 - 16371 variants...
     -reading in genotypes, computing gene-based tests and building masks...done (29005ms) 
     -computing association tests...done (46ms) 
     -computing joint association tests...done (1ms) 
 set [457/1177] : KCTD5 - 17259 variants...
     -reading in genotypes, computing gene-based tests and building masks...done (30909ms) 
     -computing association tests...done (52ms) 
     -computing joint association tests...done (2ms) 
 set [458/1177] : KDM8 - 11092 variants...
     -reading in genotypes, computing gene-based tests and building masks...done (16360ms) 
     -computing association tests...done (227ms) 
     -computing joint association tests...done (20ms) 
 set [459/1177] : KIAA0513 - 38670 variants...
     -reading in genotypes, computing gene-based tests and building masks...done (76712ms) 
     -computing association tests...done (72ms) 
     -computing joint association tests...done (71ms) 
 set [460/1177] : KIF18BP1 - 10007 variants...
     -reading in genotypes, computing gene-based tests and building masks...done (15511ms) 
     -computing association tests...done (34ms) 
     -computing joint association tests...done (0ms) 
 set [461/1177] : KIF22 - 10361 variants...
     -reading in genotypes, computing gene-based tests and building masks...done (24199ms) 
     -computing association tests...done (31ms) 
     -computing joint association tests...done (0ms) 
 set [462/1177] : KIFC3 - 34694 variants...
     -reading in genotypes, computing gene-based tests and building masks...done (57494ms) 
     -computing association tests...done (63ms) 
     -computing joint association tests...done (0ms) 
 set [463/1177] : KLHDC4 - 50951 variants...
     -reading in genotypes, computing gene-based tests and building masks...done (115231ms) 
     -computing association tests...done (67ms) 
     -computing joint association tests...done (0ms) 
 set [464/1177] : KLHL36 - 17280 variants...
     -reading in genotypes, computing gene-based tests and building masks...done (31213ms) 
     -computing association tests...done (54ms) 
     -computing joint association tests...done (0ms) 
 set [465/1177] : KNOP1 - 3504 variants...
     -reading in genotypes, computing gene-based tests and building masks...done (8703ms) 
     -computing association tests...done (73ms) 
     -computing joint association tests...done (0ms) 
 set [466/1177] : KRBOX5 - 29070 variants...
     -reading in genotypes, computing gene-based tests and building masks...done (41798ms) 
     -computing association tests...done (40ms) 
     -computing joint association tests...done (0ms) 
 set [467/1177] : KRBOX5P1 - 4730 variants...
     -reading in genotypes, computing gene-based tests and building masks...done (9690ms) 
     -computing association tests...done (16ms) 
     -computing joint association tests...done (0ms) 
 set [468/1177] : KREMEN2 - 5389 variants...
     -reading in genotypes, computing gene-based tests and building masks...done (21592ms) 
     -computing association tests...done (145ms) 
     -computing joint association tests...done (2ms) 
 set [469/1177] : KRT18P18 - 610 variants...
     -reading in genotypes, computing gene-based tests and building masks...done (1103ms) 
     -computing association tests...done (11ms) 
     -computing joint association tests...done (0ms) 
 set [470/1177] : KRT8P22 - 922 variants...
     -reading in genotypes, computing gene-based tests and building masks...done (1676ms) 
     -computing association tests...done (12ms) 
     -computing joint association tests...done (0ms) 
 set [471/1177] : LAT - 2769 variants...
     -reading in genotypes, computing gene-based tests and building masks...done (7236ms) 
     -computing association tests...done (23ms) 
     -computing joint association tests...done (0ms) 
 set [472/1177] : LCAT - 1651 variants...
     -reading in genotypes, computing gene-based tests and building masks...done (6953ms) 
     -computing association tests...done (27ms) 
     -computing joint association tests...done (0ms) 
 set [473/1177] : LCMT1 - 33979 variants...
     -reading in genotypes, computing gene-based tests and building masks...done (56352ms) 
     -computing association tests...done (70ms) 
     -computing joint association tests...done (0ms) 
 set [474/1177] : LCMT1-AS1 - 10889 variants...
     -reading in genotypes, computing gene-based tests and building masks...done (16008ms) 
     -computing association tests...done (57ms) 
     -computing joint association tests...done (2ms) 
 set [475/1177] : LDAF1 - 13684 variants...
     -reading in genotypes, computing gene-based tests and building masks...done (28359ms) 
     -computing association tests...done (33ms) 
     -computing joint association tests...done (14ms) 
 set [476/1177] : LDHD - 5929 variants...
     -reading in genotypes, computing gene-based tests and building masks...done (15473ms) 
     -computing association tests...done (32ms) 
     -computing joint association tests...done (22ms) 
 set [477/1177] : LINC00254 - 5665 variants...
     -reading in genotypes, computing gene-based tests and building masks...done (20992ms) 
     -computing association tests...done (64ms) 
     -computing joint association tests...done (0ms) 
 set [478/1177] : LINC00273 - 7950 variants...
     -reading in genotypes, computing gene-based tests and building masks...done (21968ms) 
     -computing association tests...done (50ms) 
     -computing joint association tests...done (0ms) 
 set [479/1177] : LINC00304 - 3245 variants...
     -reading in genotypes, computing gene-based tests and building masks...done (9219ms) 
     -computing association tests...done (23ms) 
     -computing joint association tests...done (0ms) 
 set [480/1177] : LINC00311 - 6704 variants...
     -reading in genotypes, computing gene-based tests and building masks...done (14185ms) 
     -computing association tests...done (21ms) 
     -computing joint association tests...done (0ms) 
 set [481/1177] : LINC00917 - 15376 variants...
     -reading in genotypes, computing gene-based tests and building masks...done (22034ms) 
     -computing association tests...done (24ms) 
     -computing joint association tests...done (0ms) 
 set [482/1177] : LINC00919 - 36049 variants...
     -reading in genotypes, computing gene-based tests and building masks...done (62397ms) 
     -computing association tests...done (25ms) 
     -computing joint association tests...done (0ms) 
 set [483/1177] : LINC00920 - 2743 variants...
     -reading in genotypes, computing gene-based tests and building masks...done (16076ms) 
     -computing association tests...done (20ms) 
     -computing joint association tests...done (0ms) 
 set [484/1177] : LINC00921 - 4131 variants...
     -reading in genotypes, computing gene-based tests and building masks...done (7179ms) 
     -computing association tests...done (44ms) 
     -computing joint association tests...done (0ms) 
 set [485/1177] : LINC00922 - 147597 variants...
     -reading in genotypes, computing gene-based tests and building masks...done (923806ms) 
     -computing association tests...done (80ms) 
     -computing joint association tests...done (0ms) 
 set [486/1177] : LINC01081 - 44820 variants...
     -reading in genotypes, computing gene-based tests and building masks...done (79972ms) 
     -computing association tests...done (33ms) 
     -computing joint association tests...done (0ms) 
 set [487/1177] : LINC01082 - 33023 variants...
     -reading in genotypes, computing gene-based tests and building masks...done (60288ms) 
     -computing association tests...done (26ms) 
     -computing joint association tests...done (0ms) 
 set [488/1177] : LINC01177 - 4976 variants...
     -reading in genotypes, computing gene-based tests and building masks...done (10472ms) 
     -computing association tests...done (24ms) 
     -computing joint association tests...done (0ms) 
 set [489/1177] : LINC01195 - 7625 variants...
     -reading in genotypes, computing gene-based tests and building masks...done (11796ms) 
     -computing association tests...done (59ms) 
     -computing joint association tests...done (0ms) 
 set [490/1177] : LINC01227 - 10173 variants...
     -reading in genotypes, computing gene-based tests and building masks...done (21407ms) 
     -computing association tests...done (49ms) 
     -computing joint association tests...done (0ms) 
 set [491/1177] : LINC01228 - 25762 variants...
     -reading in genotypes, computing gene-based tests and building masks...done (41653ms) 
     -computing association tests...done (60ms) 
     -computing joint association tests...done (0ms) 
 set [492/1177] : LINC01229 - 81867 variants...
     -reading in genotypes, computing gene-based tests and building masks...done (180553ms) 
     -computing association tests...done (27ms) 
     -computing joint association tests...done (0ms) 
 set [493/1177] : LINC01290 - 12694 variants...
     -reading in genotypes, computing gene-based tests and building masks...done (65475ms) 
     -computing association tests...done (25ms) 
     -computing joint association tests...done (15ms) 
 set [494/1177] : LINC01566 - 15350 variants...
     -reading in genotypes, computing gene-based tests and building masks...done (24811ms) 
     -computing association tests...done (34ms) 
     -computing joint association tests...done (0ms) 
 set [495/1177] : LINC01567 - 10602 variants...
     -reading in genotypes, computing gene-based tests and building masks...done (17633ms) 
     -computing association tests...done (49ms) 
     -computing joint association tests...done (0ms) 
 set [496/1177] : LINC01569 - 2659 variants...
     -reading in genotypes, computing gene-based tests and building masks...done (14718ms) 
     -computing association tests...done (328ms) 
     -computing joint association tests...done (0ms) 
 set [497/1177] : LINC01570 - 18852 variants...
     -reading in genotypes, computing gene-based tests and building masks...done (34461ms) 
     -computing association tests...done (35ms) 
     -computing joint association tests...done (0ms) 
 set [498/1177] : LINC01571 - 25327 variants...
     -reading in genotypes, computing gene-based tests and building masks...done (62695ms) 
     -computing association tests...done (26ms) 
     -computing joint association tests...done (0ms) 
 set [499/1177] : LINC01572 - 216854 variants...
     -reading in genotypes, computing gene-based tests and building masks...done (938146ms) 
     -computing association tests...done (137ms) 
     -computing joint association tests...done (0ms) 
 set [500/1177] : LINC02124 - 3176 variants...
     -reading in genotypes, computing gene-based tests and building masks...done (10593ms) 
     -computing association tests...done (28ms) 
     -computing joint association tests...done (0ms) 
 set [501/1177] : LINC02125 - 190839 variants...
     -reading in genotypes, computing gene-based tests and building masks...done (742685ms) 
     -computing association tests...done (52ms) 
     -computing joint association tests...done (0ms) 
 set [502/1177] : LINC02126 - 18639 variants...
     -reading in genotypes, computing gene-based tests and building masks...done (30746ms) 
     -computing association tests...done (40ms) 
     -computing joint association tests...done (0ms) 
 set [503/1177] : LINC02127 - 13754 variants...
     -reading in genotypes, computing gene-based tests and building masks...done (25220ms) 
     -computing association tests...done (25ms) 
     -computing joint association tests...done (0ms) 
 set [504/1177] : LINC02128 - 14856 variants...
     -reading in genotypes, computing gene-based tests and building masks...done (28962ms) 
     -computing association tests...done (213ms) 
     -computing joint association tests...done (0ms) 
 set [505/1177] : LINC02129 - 11801 variants...
     -reading in genotypes, computing gene-based tests and building masks...done (17182ms) 
     -computing association tests...done (26ms) 
     -computing joint association tests...done (0ms) 
 set [506/1177] : LINC02130 - 8864 variants...
     -reading in genotypes, computing gene-based tests and building masks...done (23495ms) 
     -computing association tests...done (39ms) 
     -computing joint association tests...done (0ms) 
 set [507/1177] : LINC02131 - 16091 variants...
     -reading in genotypes, computing gene-based tests and building masks...done (30540ms) 
     -computing association tests...done (35ms) 
     -computing joint association tests...done (14ms) 
 set [508/1177] : LINC02132 - 6331 variants...
     -reading in genotypes, computing gene-based tests and building masks...done (11884ms) 
     -computing association tests...done (24ms) 
     -computing joint association tests...done (0ms) 
 set [509/1177] : LINC02133 - 67352 variants...
     -reading in genotypes, computing gene-based tests and building masks...done (152777ms) 
     -computing association tests...done (27ms) 
     -computing joint association tests...done (0ms) 
 set [510/1177] : LINC02134 - 3020 variants...
     -reading in genotypes, computing gene-based tests and building masks...done (5442ms) 
     -computing association tests...done (41ms) 
     -computing joint association tests...done (0ms) 
 set [511/1177] : LINC02135 - 9347 variants...
     -reading in genotypes, computing gene-based tests and building masks...done (14132ms) 
     -computing association tests...done (31ms) 
     -computing joint association tests...done (0ms) 
 set [512/1177] : LINC02136 - 15029 variants...
     -reading in genotypes, computing gene-based tests and building masks...done (29166ms) 
     -computing association tests...done (25ms) 
     -computing joint association tests...done (0ms) 
 set [513/1177] : LINC02137 - 28763 variants...
     -reading in genotypes, computing gene-based tests and building masks...done (107536ms) 
     -computing association tests...done (31ms) 
     -computing joint association tests...done (14ms) 
 set [514/1177] : LINC02139 - 9343 variants...
     -reading in genotypes, computing gene-based tests and building masks...done (13995ms) 
     -computing association tests...done (22ms) 
     -computing joint association tests...done (0ms) 
 set [515/1177] : LINC02140 - 2172 variants...
     -reading in genotypes, computing gene-based tests and building masks...done (5184ms) 
     -computing association tests...done (21ms) 
     -computing joint association tests...done (0ms) 
 set [516/1177] : LINC02141 - 93521 variants...
     -reading in genotypes, computing gene-based tests and building masks...done (240865ms) 
     -computing association tests...done (27ms) 
     -computing joint association tests...done (0ms) 
 set [517/1177] : LINC02152 - 2670 variants...
     -reading in genotypes, computing gene-based tests and building masks...done (3913ms) 
     -computing association tests...done (17ms) 
     -computing joint association tests...done (0ms) 
 set [518/1177] : LINC02164 - 9139 variants...
     -reading in genotypes, computing gene-based tests and building masks...done (13942ms) 
     -computing association tests...done (24ms) 
     -computing joint association tests...done (0ms) 
 set [519/1177] : LINC02165 - 15206 variants...
     -reading in genotypes, computing gene-based tests and building masks...done (26492ms) 
     -computing association tests...done (23ms) 
     -computing joint association tests...done (0ms) 
 set [520/1177] : LINC02167 - 15103 variants...
     -reading in genotypes, computing gene-based tests and building masks...done (21700ms) 
     -computing association tests...done (24ms) 
     -computing joint association tests...done (0ms) 
 set [521/1177] : LINC02168 - 2316 variants...
     -reading in genotypes, computing gene-based tests and building masks...done (16407ms) 
     -computing association tests...done (20ms) 
     -computing joint association tests...done (0ms) 
 set [522/1177] : LINC02169 - 12110 variants...
     -reading in genotypes, computing gene-based tests and building masks...done (18033ms) 
     -computing association tests...done (54ms) 
     -computing joint association tests...done (0ms) 
 set [523/1177] : LINC02175 - 5939 variants...
     -reading in genotypes, computing gene-based tests and building masks...done (20660ms) 
     -computing association tests...done (89ms) 
     -computing joint association tests...done (0ms) 
 set [524/1177] : LINC02176 - 17874 variants...
     -reading in genotypes, computing gene-based tests and building masks...done (29649ms) 
     -computing association tests...done (55ms) 
     -computing joint association tests...done (19ms) 
 set [525/1177] : LINC02177 - 182331 variants...
     -reading in genotypes, computing gene-based tests and building masks...done (665946ms) 
     -computing association tests...done (28ms) 
     -computing joint association tests...done (0ms) 
 set [526/1177] : LINC02178 - 7570 variants...
     -reading in genotypes, computing gene-based tests and building masks...done (13561ms) 
     -computing association tests...done (25ms) 
     -computing joint association tests...done (0ms) 
 set [527/1177] : LINC02179 - 5823 variants...
     -reading in genotypes, computing gene-based tests and building masks...done (10738ms) 
     -computing association tests...done (20ms) 
     -computing joint association tests...done (0ms) 
 set [528/1177] : LINC02180 - 10738 variants...
     -reading in genotypes, computing gene-based tests and building masks...done (16263ms) 
     -computing association tests...done (53ms) 
     -computing joint association tests...done (0ms) 
 set [529/1177] : LINC02181 - 2274 variants...
     -reading in genotypes, computing gene-based tests and building masks...done (3595ms) 
     -computing association tests...done (20ms) 
     -computing joint association tests...done (0ms) 
 set [530/1177] : LINC02182 - 114524 variants...
     -reading in genotypes, computing gene-based tests and building masks...done (553882ms) 
     -computing association tests...done (26ms) 
     -computing joint association tests...done (0ms) 
 set [531/1177] : LINC02183 - 26785 variants...
     -reading in genotypes, computing gene-based tests and building masks...done (41167ms) 
     -computing association tests...done (24ms) 
     -computing joint association tests...done (0ms) 
 set [532/1177] : LINC02184 - 1709 variants...
     -reading in genotypes, computing gene-based tests and building masks...done (8279ms) 
     -computing association tests...done (9ms) 
     -computing joint association tests...done (0ms) 
 set [533/1177] : LINC02185 - 2842 variants...
     -reading in genotypes, computing gene-based tests and building masks...done (9091ms) 
     -computing association tests...done (23ms) 
     -computing joint association tests...done (0ms) 
 set [534/1177] : LINC02186 - 10618 variants...
     -reading in genotypes, computing gene-based tests and building masks...done (22269ms) 
     -computing association tests...done (25ms) 
     -computing joint association tests...done (0ms) 
 set [535/1177] : LINC02188 - 30755 variants...
     -reading in genotypes, computing gene-based tests and building masks...done (60818ms) 
     -computing association tests...done (282ms) 
     -computing joint association tests...done (0ms) 
 set [536/1177] : LINC02189 - 502 variants...
     -reading in genotypes, computing gene-based tests and building masks...done (4576ms) 
     -computing association tests...done (13ms) 
     -computing joint association tests...done (0ms) 
 set [537/1177] : LINC02190 - 5572 variants...
     -reading in genotypes, computing gene-based tests and building masks...done (12464ms) 
     -computing association tests...done (105ms) 
     -computing joint association tests...done (0ms) 
 set [538/1177] : LINC02191 - 9579 variants...
     -reading in genotypes, computing gene-based tests and building masks...done (19018ms) 
     -computing association tests...done (26ms) 
     -computing joint association tests...done (0ms) 
 set [539/1177] : LINC02192 - 11695 variants...
     -reading in genotypes, computing gene-based tests and building masks...done (16280ms) 
     -computing association tests...done (20ms) 
     -computing joint association tests...done (0ms) 
 set [540/1177] : LINC02194 - 7109 variants...
     -reading in genotypes, computing gene-based tests and building masks...done (11146ms) 
     -computing association tests...done (31ms) 
     -computing joint association tests...done (0ms) 
 set [541/1177] : LINC02195 - 231 variants...
     -reading in genotypes, computing gene-based tests and building masks...done (1822ms) 
     -computing association tests...done (85ms) 
     -computing joint association tests...done (0ms) 
 set [542/1177] : LINC02858 - 3699 variants...
     -reading in genotypes, computing gene-based tests and building masks...done (9913ms) 
     -computing association tests...done (19ms) 
     -computing joint association tests...done (0ms) 
 set [543/1177] : LINC02861 - 15181 variants...
     -reading in genotypes, computing gene-based tests and building masks...done (44530ms) 
     -computing association tests...done (34ms) 
     -computing joint association tests...done (0ms) 
 set [544/1177] : LINC02890 - 6487 variants...
     -reading in genotypes, computing gene-based tests and building masks...done (11459ms) 
     -computing association tests...done (22ms) 
     -computing joint association tests...done (0ms) 
 set [545/1177] : LINC03064 - 7525 variants...
     -reading in genotypes, computing gene-based tests and building masks...done (14725ms) 
     -computing association tests...done (24ms) 
     -computing joint association tests...done (0ms) 
 set [546/1177] : LINC03107 - 10029 variants...
     -reading in genotypes, computing gene-based tests and building masks...done (14296ms) 
     -computing association tests...done (27ms) 
     -computing joint association tests...done (0ms) 
 set [547/1177] : LITAF - 40243 variants...
     -reading in genotypes, computing gene-based tests and building masks...done (66487ms) 
     -computing association tests...done (34ms) 
     -computing joint association tests...done (0ms) 
 set [548/1177] : LITAFD - 6748 variants...
     -reading in genotypes, computing gene-based tests and building masks...done (11249ms) 
     -computing association tests...done (27ms) 
     -computing joint association tests...done (0ms) 
 set [549/1177] : LMF1 - 95699 variants...
     -reading in genotypes, computing gene-based tests and building masks...done (405276ms) 
     -computing association tests...done (44ms) 
     -computing joint association tests...done (0ms) 
 set [550/1177] : LOHAN2 - 60913 variants...
     -reading in genotypes, computing gene-based tests and building masks...done (132794ms) 
     -computing association tests...done (55ms) 
     -computing joint association tests...done (0ms) 
 set [551/1177] : LONP2 - 43655 variants...
     -reading in genotypes, computing gene-based tests and building masks...done (75804ms) 
     -computing association tests...done (53ms) 
     -computing joint association tests...done (0ms) 
 set [552/1177] : LPCAT2 - 30836 variants...
     -reading in genotypes, computing gene-based tests and building masks...done (55815ms) 
     -computing association tests...done (139ms) 
     -computing joint association tests...done (0ms) 
 set [553/1177] : LRRC36 - 24709 variants...
     -reading in genotypes, computing gene-based tests and building masks...done (47348ms) 
     -computing association tests...done (49ms) 
     -computing joint association tests...done (0ms) 
 set [554/1177] : LUC7L - 32034 variants...
     -reading in genotypes, computing gene-based tests and building masks...done (203700ms) 
     -computing association tests...done (222ms) 
     -computing joint association tests...done (0ms) 
 set [555/1177] : LYRM1 - 12361 variants...
     -reading in genotypes, computing gene-based tests and building masks...done (22568ms) 
     -computing association tests...done (37ms) 
     -computing joint association tests...done (0ms) 
 set [556/1177] : MAF - 15539 variants...
     -reading in genotypes, computing gene-based tests and building masks...done (32120ms) 
     -computing association tests...done (43ms) 
     -computing joint association tests...done (0ms) 
 set [557/1177] : MAFTRR - 33770 variants...
     -reading in genotypes, computing gene-based tests and building masks...done (51495ms) 
     -computing association tests...done (35ms) 
     -computing joint association tests...done (26ms) 
 set [558/1177] : MAP1LC3B - 12608 variants...
     -reading in genotypes, computing gene-based tests and building masks...done (19087ms) 
     -computing association tests...done (29ms) 
     -computing joint association tests...done (2ms) 
 set [559/1177] : MAPK3 - 6319 variants...
     -reading in genotypes, computing gene-based tests and building masks...done (23961ms) 
     -computing association tests...done (29ms) 
     -computing joint association tests...done (2ms) 
 set [560/1177] : MAPK8IP3 - 41091 variants...
     -reading in genotypes, computing gene-based tests and building masks...done (124872ms) 
     -computing association tests...done (81ms) 
     -computing joint association tests...done (17ms) 
 set [561/1177] : MARF1 - 23682 variants...
     -reading in genotypes, computing gene-based tests and building masks...done (39020ms) 
     -computing association tests...done (64ms) 
     -computing joint association tests...done (26ms) 
 set [562/1177] : MARVELD3 - 9569 variants...
     -reading in genotypes, computing gene-based tests and building masks...done (15082ms) 
     -computing association tests...done (56ms) 
     -computing joint association tests...done (1ms) 
 set [563/1177] : MATCAP1 - 5995 variants...
     -reading in genotypes, computing gene-based tests and building masks...done (9996ms) 
     -computing association tests...done (56ms) 
     -computing joint association tests...done (2ms) 
 set [564/1177] : MBTPS1 - 42748 variants...
     -reading in genotypes, computing gene-based tests and building masks...done (72359ms) 
     -computing association tests...done (51ms) 
     -computing joint association tests...done (25ms) 
 set [565/1177] : MC1R - 1634 variants...
     -reading in genotypes, computing gene-based tests and building masks...done (19886ms) 
     -computing association tests...done (18ms) 
     -computing joint association tests...done (0ms) 
 set [566/1177] : MCRIP2 - 10416 variants...
     -reading in genotypes, computing gene-based tests and building masks...done (16072ms) 
     -computing association tests...done (61ms) 
     -computing joint association tests...done (0ms) 
 set [567/1177] : MEAK7 - 48254 variants...
     -reading in genotypes, computing gene-based tests and building masks...done (96044ms) 
     -computing association tests...done (115ms) 
     -computing joint association tests...done (0ms) 
 set [568/1177] : MEFV - 12785 variants...
     -reading in genotypes, computing gene-based tests and building masks...done (23710ms) 
     -computing association tests...done (101ms) 
     -computing joint association tests...done (0ms) 
 set [569/1177] : MEIOB - 23871 variants...
     -reading in genotypes, computing gene-based tests and building masks...done (42734ms) 
     -computing association tests...done (208ms) 
     -computing joint association tests...done (0ms) 
 set [570/1177] : Metazoa_SRP - 6828 variants...
     -reading in genotypes, computing gene-based tests and building masks...done (9973ms) 
     -computing association tests...done (18ms) 
     -computing joint association tests...done (0ms) 
 set [571/1177] : METRN - 3308 variants...
     -reading in genotypes, computing gene-based tests and building masks...done (6483ms) 
     -computing association tests...done (33ms) 
     -computing joint association tests...done (0ms) 
 set [572/1177] : METTL22 - 22655 variants...
     -reading in genotypes, computing gene-based tests and building masks...done (36108ms) 
     -computing association tests...done (42ms) 
     -computing joint association tests...done (0ms) 
 set [573/1177] : METTL9 - 19955 variants...
     -reading in genotypes, computing gene-based tests and building masks...done (37868ms) 
     -computing association tests...done (40ms) 
     -computing joint association tests...done (0ms) 
 set [574/1177] : MFSD13B - 11698 variants...
     -reading in genotypes, computing gene-based tests and building masks...done (24772ms) 
     -computing association tests...done (23ms) 
     -computing joint association tests...done (0ms) 
 set [575/1177] : MGRN1 - 45370 variants...
     -reading in genotypes, computing gene-based tests and building masks...done (86742ms) 
     -computing association tests...done (69ms) 
     -computing joint association tests...done (0ms) 
 set [576/1177] : MIR138-2 - 2359 variants...
     -reading in genotypes, computing gene-based tests and building masks...done (3864ms) 
     -computing association tests...done (49ms) 
     -computing joint association tests...done (0ms) 
 set [577/1177] : MIR1538 - 55 variants...
     -reading in genotypes, computing gene-based tests and building masks...done (1470ms) 
     -computing association tests...done (50ms) 
     -computing joint association tests...done (0ms) 
 set [578/1177] : MIR193B - 29 variants...
     -reading in genotypes, computing gene-based tests and building masks...done (140ms) 
     -computing association tests...done (14ms) 
     -computing joint association tests...done (0ms) 
 set [579/1177] : MIR193BHG - 20264 variants...
     -reading in genotypes, computing gene-based tests and building masks...done (33292ms) 
     -computing association tests...done (24ms) 
     -computing joint association tests...done (0ms) 
 set [580/1177] : MIR3179-2 - 5 variants...
     -reading in genotypes, computing gene-based tests and building masks...done (110ms) 
 set [581/1177] : MIR3179-4 - 125 variants...
     -reading in genotypes, computing gene-based tests and building masks...done (863ms) 
     -computing association tests...done (26ms) 
     -computing joint association tests...done (0ms) 
 set [582/1177] : MIR3180-1 - 1 variants...
     -reading in genotypes, computing gene-based tests and building masks...done (42ms) 
 set [583/1177] : MIR3180-2 - 22 variants...
     -reading in genotypes, computing gene-based tests and building masks...done (2657ms) 
     -computing association tests...done (16ms) 
     -computing joint association tests...done (0ms) 
 set [584/1177] : MIR3180-5 - 106 variants...
     -reading in genotypes, computing gene-based tests and building masks...done (2808ms) 
     -computing association tests...done (2ms) 
     -computing joint association tests...done (0ms) 
 set [585/1177] : MIR365A - 29 variants...
     -reading in genotypes, computing gene-based tests and building masks...done (105ms) 
     -computing association tests...done (1ms) 
     -computing joint association tests...done (0ms) 
 set [586/1177] : MIR3670-1 - 9 variants...
     -reading in genotypes, computing gene-based tests and building masks...done (551ms) 
     -computing association tests...done (21ms) 
     -computing joint association tests...done (0ms) 
 set [587/1177] : MIR3670-2 - 1 variants...
     -reading in genotypes, computing gene-based tests and building masks...done (170ms) 
 set [588/1177] : MIR3670-4 - 466 variants...
     -reading in genotypes, computing gene-based tests and building masks...done (1667ms) 
     -computing association tests...done (26ms) 
     -computing joint association tests...done (0ms) 
 set [589/1177] : MIR3680-1 - 52 variants...
     -reading in genotypes, computing gene-based tests and building masks...done (1839ms) 
     -computing association tests...done (3ms) 
     -computing joint association tests...done (0ms) 
 set [590/1177] : MIR3680-2 - 36 variants...
     -reading in genotypes, computing gene-based tests and building masks...done (672ms) 
     -computing association tests...done (1ms) 
     -computing joint association tests...done (0ms) 
 set [591/1177] : MIR5093 - 1385 variants...
     -reading in genotypes, computing gene-based tests and building masks...done (2858ms) 
     -computing association tests...done (12ms) 
     -computing joint association tests...done (0ms) 
 set [592/1177] : MIR548H2 - 4689 variants...
     -reading in genotypes, computing gene-based tests and building masks...done (16457ms) 
     -computing association tests...done (17ms) 
     -computing joint association tests...done (0ms) 
 set [593/1177] : MIR6511A2 - 2 variants...
     -reading in genotypes, computing gene-based tests and building masks...done (10033ms) 
 set [594/1177] : MIR6511A3 - 31 variants...
     -reading in genotypes, computing gene-based tests and building masks...done (702ms) 
     -computing association tests...done (3ms) 
     -computing joint association tests...done (0ms) 
 set [595/1177] : MIR6770-1 - 14 variants...
     -reading in genotypes, computing gene-based tests and building masks...done (4076ms) 
     -computing association tests...done (16ms) 
     -computing joint association tests...done (0ms) 
 set [596/1177] : MIR6859-4 - 66 variants...
     -reading in genotypes, computing gene-based tests and building masks...done (491ms) 
     -computing association tests...done (7ms) 
     -computing joint association tests...done (0ms) 
 set [597/1177] : MIR762HG - 7165 variants...
     -reading in genotypes, computing gene-based tests and building masks...done (20111ms) 
     -computing association tests...done (20ms) 
     -computing joint association tests...done (2ms) 
 set [598/1177] : MIR8065 - 6457 variants...
     -reading in genotypes, computing gene-based tests and building masks...done (8909ms) 
     -computing association tests...done (40ms) 
     -computing joint association tests...done (0ms) 
 set [599/1177] : MLKL - 17141 variants...
     -reading in genotypes, computing gene-based tests and building masks...done (34008ms) 
     -computing association tests...done (51ms) 
     -computing joint association tests...done (0ms) 
 set [600/1177] : MLST8 - 1466 variants...
     -reading in genotypes, computing gene-based tests and building masks...done (12116ms) 
     -computing association tests...done (53ms) 
     -computing joint association tests...done (0ms) 
 set [601/1177] : MLYCD - 30034 variants...
     -reading in genotypes, computing gene-based tests and building masks...done (70581ms) 
     -computing association tests...done (56ms) 
     -computing joint association tests...done (0ms) 
 set [602/1177] : MMP15 - 14258 variants...
     -reading in genotypes, computing gene-based tests and building masks...done (27968ms) 
     -computing association tests...done (37ms) 
     -computing joint association tests...done (0ms) 
 set [603/1177] : MMP2 - 17440 variants...
     -reading in genotypes, computing gene-based tests and building masks...done (33435ms) 
     -computing association tests...done (102ms) 
     -computing joint association tests...done (0ms) 
 set [604/1177] : MMP25 - 14176 variants...
     -reading in genotypes, computing gene-based tests and building masks...done (20848ms) 
     -computing association tests...done (66ms) 
     -computing joint association tests...done (0ms) 
 set [605/1177] : MMP2-AS1 - 46196 variants...
     -reading in genotypes, computing gene-based tests and building masks...done (85106ms) 
     -computing association tests...done (40ms) 
     -computing joint association tests...done (0ms) 
 set [606/1177] : MOCS1P1 - 4664 variants...
     -reading in genotypes, computing gene-based tests and building masks...done (6778ms) 
     -computing association tests...done (17ms) 
     -computing joint association tests...done (0ms) 
 set [607/1177] : MON1B - 12619 variants...
     -reading in genotypes, computing gene-based tests and building masks...done (34850ms) 
     -computing association tests...done (38ms) 
     -computing joint association tests...done (0ms) 
 set [608/1177] : MOSMO - 29418 variants...
     -reading in genotypes, computing gene-based tests and building masks...done (55373ms) 
     -computing association tests...done (75ms) 
     -computing joint association tests...done (0ms) 
 set [609/1177] : MPG - 1658 variants...
     -reading in genotypes, computing gene-based tests and building masks...done (5689ms) 
     -computing association tests...done (60ms) 
     -computing joint association tests...done (0ms) 
 set [610/1177] : MPHOSPH10P1 - 796 variants...
     -reading in genotypes, computing gene-based tests and building masks...done (12155ms) 
     -computing association tests...done (44ms) 
     -computing joint association tests...done (0ms) 
 set [611/1177] : MPHOSPH6 - 20455 variants...
     -reading in genotypes, computing gene-based tests and building masks...done (49955ms) 
     -computing association tests...done (42ms) 
     -computing joint association tests...done (0ms) 
 set [612/1177] : MPHOSPH6-DT - 45714 variants...
     -reading in genotypes, computing gene-based tests and building masks...done (85436ms) 
     -computing association tests...done (56ms) 
     -computing joint association tests...done (0ms) 
 set [613/1177] : MPV17L - 13848 variants...
     -reading in genotypes, computing gene-based tests and building masks...done (27396ms) 
     -computing association tests...done (38ms) 
     -computing joint association tests...done (0ms) 
 set [614/1177] : MRPL28 - 8242 variants...
     -reading in genotypes, computing gene-based tests and building masks...done (14828ms) 
     -computing association tests...done (50ms) 
     -computing joint association tests...done (0ms) 
 set [615/1177] : MRPS34 - 1270 variants...
     -reading in genotypes, computing gene-based tests and building masks...done (9711ms) 
     -computing association tests...done (200ms) 
     -computing joint association tests...done (0ms) 
 set [616/1177] : MRTFB - 85811 variants...
     -reading in genotypes, computing gene-based tests and building masks...done (197044ms) 
     -computing association tests...done (43ms) 
     -computing joint association tests...done (18ms) 
 set [617/1177] : MSLN - 34238 variants...
     -reading in genotypes, computing gene-based tests and building masks...done (196259ms) 
     -computing association tests...done (139ms) 
     -computing joint association tests...done (2ms) 
 set [618/1177] : MSLNL - 3654 variants...
     -reading in genotypes, computing gene-based tests and building masks...done (9006ms) 
     -computing association tests...done (87ms) 
     -computing joint association tests...done (6ms) 
 set [619/1177] : MSRB1 - 5986 variants...
     -reading in genotypes, computing gene-based tests and building masks...done (10505ms) 
     -computing association tests...done (35ms) 
     -computing joint association tests...done (48ms) 
 set [620/1177] : MT1A - 4910 variants...
     -reading in genotypes, computing gene-based tests and building masks...done (22363ms) 
     -computing association tests...done (23ms) 
     -computing joint association tests...done (21ms) 
 set [621/1177] : MT1B - 2542 variants...
     -reading in genotypes, computing gene-based tests and building masks...done (20180ms) 
     -computing association tests...done (29ms) 
     -computing joint association tests...done (0ms) 
 set [622/1177] : MT1E - 4247 variants...
     -reading in genotypes, computing gene-based tests and building masks...done (8388ms) 
     -computing association tests...done (43ms) 
     -computing joint association tests...done (2ms) 
 set [623/1177] : MT1F - 5365 variants...
     -reading in genotypes, computing gene-based tests and building masks...done (10237ms) 
     -computing association tests...done (119ms) 
     -computing joint association tests...done (25ms) 
 set [624/1177] : MT1G - 200 variants...
     -reading in genotypes, computing gene-based tests and building masks...done (528ms) 
     -computing association tests...done (9ms) 
     -computing joint association tests...done (0ms) 
 set [625/1177] : MT1H - 5261 variants...
     -reading in genotypes, computing gene-based tests and building masks...done (9308ms) 
     -computing association tests...done (54ms) 
     -computing joint association tests...done (0ms) 
 set [626/1177] : MT1IP - 612 variants...
     -reading in genotypes, computing gene-based tests and building masks...done (1839ms) 
     -computing association tests...done (19ms) 
     -computing joint association tests...done (0ms) 
 set [627/1177] : MT1L - 38 variants...
     -reading in genotypes, computing gene-based tests and building masks...done (727ms) 
     -computing association tests...done (11ms) 
     -computing joint association tests...done (0ms) 
 set [628/1177] : MT1M - 3284 variants...
     -reading in genotypes, computing gene-based tests and building masks...done (6463ms) 
     -computing association tests...done (25ms) 
     -computing joint association tests...done (0ms) 
 set [629/1177] : MT1X - 4864 variants...
     -reading in genotypes, computing gene-based tests and building masks...done (9365ms) 
     -computing association tests...done (172ms) 
     -computing joint association tests...done (0ms) 
 set [630/1177] : MT2A - 4390 variants...
     -reading in genotypes, computing gene-based tests and building masks...done (7734ms) 
     -computing association tests...done (22ms) 
     -computing joint association tests...done (0ms) 
 set [631/1177] : MT3 - 5046 variants...
     -reading in genotypes, computing gene-based tests and building masks...done (9551ms) 
     -computing association tests...done (22ms) 
     -computing joint association tests...done (12ms) 
 set [632/1177] : MT4 - 8538 variants...
     -reading in genotypes, computing gene-based tests and building masks...done (34573ms) 
     -computing association tests...done (27ms) 
     -computing joint association tests...done (0ms) 
 set [633/1177] : MTATP6P24 - 337 variants...
     -reading in genotypes, computing gene-based tests and building masks...done (2605ms) 
     -computing association tests...done (3ms) 
     -computing joint association tests...done (0ms) 
 set [634/1177] : MTCH2P4 - 4478 variants...
     -reading in genotypes, computing gene-based tests and building masks...done (7361ms) 
     -computing association tests...done (18ms) 
     -computing joint association tests...done (0ms) 
 set [635/1177] : MTCO1P28 - 5116 variants...
     -reading in genotypes, computing gene-based tests and building masks...done (10637ms) 
     -computing association tests...done (17ms) 
     -computing joint association tests...done (0ms) 
 set [636/1177] : MTCO3P24 - 437 variants...
     -reading in genotypes, computing gene-based tests and building masks...done (803ms) 
     -computing association tests...done (3ms) 
     -computing joint association tests...done (0ms) 
 set [637/1177] : MTCYBP33 - 1340 variants...
     -reading in genotypes, computing gene-based tests and building masks...done (2231ms) 
     -computing association tests...done (11ms) 
     -computing joint association tests...done (0ms) 
 set [638/1177] : MTHFSD - 18653 variants...
     -reading in genotypes, computing gene-based tests and building masks...done (32082ms) 
     -computing association tests...done (70ms) 
     -computing joint association tests...done (0ms) 
 set [639/1177] : MTND1P8 - 1160 variants...
     -reading in genotypes, computing gene-based tests and building masks...done (1925ms) 
     -computing association tests...done (9ms) 
     -computing joint association tests...done (0ms) 
 set [640/1177] : MTND3P13 - 190 variants...
     -reading in genotypes, computing gene-based tests and building masks...done (407ms) 
     -computing association tests...done (2ms) 
     -computing joint association tests...done (0ms) 
 set [641/1177] : MTND4LP24 - 160 variants...
     -reading in genotypes, computing gene-based tests and building masks...done (424ms) 
     -computing association tests...done (3ms) 
     -computing joint association tests...done (0ms) 
 set [642/1177] : MTND4LP25 - 4601 variants...
     -reading in genotypes, computing gene-based tests and building masks...done (13949ms) 
     -computing association tests...done (16ms) 
     -computing joint association tests...done (0ms) 
 set [643/1177] : MTND4P34 - 713 variants...
     -reading in genotypes, computing gene-based tests and building masks...done (1392ms) 
     -computing association tests...done (10ms) 
     -computing joint association tests...done (19ms) 
 set [644/1177] : MTND5P33 - 1596 variants...
     -reading in genotypes, computing gene-based tests and building masks...done (2681ms) 
     -computing association tests...done (12ms) 
     -computing joint association tests...done (0ms) 
 set [645/1177] : MTND5P34 - 4485 variants...
     -reading in genotypes, computing gene-based tests and building masks...done (17191ms) 
     -computing association tests...done (17ms) 
     -computing joint association tests...done (0ms) 
 set [646/1177] : MTND6P33 - 2357 variants...
     -reading in genotypes, computing gene-based tests and building masks...done (3677ms) 
     -computing association tests...done (15ms) 
     -computing joint association tests...done (0ms) 
 set [647/1177] : MTSS2 - 19167 variants...
     -reading in genotypes, computing gene-based tests and building masks...done (28116ms) 
     -computing association tests...done (132ms) 
     -computing joint association tests...done (0ms) 
 set [648/1177] : MVD - 10085 variants...
     -reading in genotypes, computing gene-based tests and building masks...done (23560ms) 
     -computing association tests...done (36ms) 
     -computing joint association tests...done (0ms) 
 set [649/1177] : MVP - 15661 variants...
     -reading in genotypes, computing gene-based tests and building masks...done (56109ms) 
     -computing association tests...done (38ms) 
     -computing joint association tests...done (0ms) 
 set [650/1177] : MYH11 - 58665 variants...
     -reading in genotypes, computing gene-based tests and building masks...done (138601ms) 
     -computing association tests...done (50ms) 
     -computing joint association tests...done (0ms) 
 set [651/1177] : MYL11 - 3770 variants...
     -reading in genotypes, computing gene-based tests and building masks...done (10028ms) 
     -computing association tests...done (26ms) 
     -computing joint association tests...done (0ms) 
 set [652/1177] : MYLK3 - 20267 variants...
     -reading in genotypes, computing gene-based tests and building masks...done (30394ms) 
     -computing association tests...done (98ms) 
     -computing joint association tests...done (0ms) 
 set [653/1177] : N4BP1 - 33472 variants...
     -reading in genotypes, computing gene-based tests and building masks...done (54728ms) 
     -computing association tests...done (31ms) 
     -computing joint association tests...done (0ms) 
 set [654/1177] : NAA60 - 28340 variants...
     -reading in genotypes, computing gene-based tests and building masks...done (62815ms) 
     -computing association tests...done (60ms) 
     -computing joint association tests...done (0ms) 
 set [655/1177] : NAE1 - 18437 variants...
     -reading in genotypes, computing gene-based tests and building masks...done (37993ms) 
     -computing association tests...done (55ms) 
     -computing joint association tests...done (0ms) 
 set [656/1177] : NAGPA - 8511 variants...
     -reading in genotypes, computing gene-based tests and building masks...done (15841ms) 
     -computing association tests...done (28ms) 
     -computing joint association tests...done (0ms) 
 set [657/1177] : NAMPTP3 - 388 variants...
     -reading in genotypes, computing gene-based tests and building masks...done (782ms) 
     -computing association tests...done (7ms) 
     -computing joint association tests...done (0ms) 
 set [658/1177] : NCOA5LP - 276 variants...
     -reading in genotypes, computing gene-based tests and building masks...done (9512ms) 
     -computing association tests...done (68ms) 
     -computing joint association tests...done (0ms) 
 set [659/1177] : NDE1 - 46741 variants...
     -reading in genotypes, computing gene-based tests and building masks...done (87057ms) 
     -computing association tests...done (53ms) 
     -computing joint association tests...done (0ms) 
 set [660/1177] : NDRG4 - 19535 variants...
     -reading in genotypes, computing gene-based tests and building masks...done (34385ms) 
     -computing association tests...done (52ms) 
     -computing joint association tests...done (0ms) 
 set [661/1177] : NDUFA3P6 - 2675 variants...
     -reading in genotypes, computing gene-based tests and building masks...done (4216ms) 
     -computing association tests...done (14ms) 
     -computing joint association tests...done (0ms) 
 set [662/1177] : NDUFAB1 - 14676 variants...
     -reading in genotypes, computing gene-based tests and building masks...done (23806ms) 
     -computing association tests...done (32ms) 
     -computing joint association tests...done (0ms) 
 set [663/1177] : NDUFB10 - 1692 variants...
     -reading in genotypes, computing gene-based tests and building masks...done (9699ms) 
     -computing association tests...done (72ms) 
     -computing joint association tests...done (0ms) 
 set [664/1177] : NECAB2 - 34946 variants...
     -reading in genotypes, computing gene-based tests and building masks...done (60546ms) 
     -computing association tests...done (196ms) 
     -computing joint association tests...done (0ms) 
 set [665/1177] : NETO2 - 31749 variants...
     -reading in genotypes, computing gene-based tests and building masks...done (54848ms) 
     -computing association tests...done (66ms) 
     -computing joint association tests...done (0ms) 
 set [666/1177] : NFAT5 - 61372 variants...
     -reading in genotypes, computing gene-based tests and building masks...done (123350ms) 
     -computing association tests...done (162ms) 
     -computing joint association tests...done (0ms) 
 set [667/1177] : NFATC2IP - 10380 variants...
     -reading in genotypes, computing gene-based tests and building masks...done (29218ms) 
     -computing association tests...done (30ms) 
     -computing joint association tests...done (0ms) 
 set [668/1177] : NFATC3 - 62900 variants...
     -reading in genotypes, computing gene-based tests and building masks...done (130115ms) 
     -computing association tests...done (34ms) 
     -computing joint association tests...done (0ms) 
 set [669/1177] : NHERF2 - 13050 variants...
     -reading in genotypes, computing gene-based tests and building masks...done (23417ms) 
     -computing association tests...done (212ms) 
     -computing joint association tests...done (0ms) 
 set [670/1177] : NIP7 - 3556 variants...
     -reading in genotypes, computing gene-based tests and building masks...done (22081ms) 
     -computing association tests...done (65ms) 
     -computing joint association tests...done (0ms) 
 set [671/1177] : NKD1 - 45148 variants...
     -reading in genotypes, computing gene-based tests and building masks...done (83181ms) 
     -computing association tests...done (37ms) 
     -computing joint association tests...done (0ms) 
 set [672/1177] : NLRC3 - 22164 variants...
     -reading in genotypes, computing gene-based tests and building masks...done (43365ms) 
     -computing association tests...done (54ms) 
     -computing joint association tests...done (0ms) 
 set [673/1177] : NLRC5 - 43442 variants...
     -reading in genotypes, computing gene-based tests and building masks...done (74239ms) 
     -computing association tests...done (59ms) 
     -computing joint association tests...done (0ms) 
 set [674/1177] : NME3 - 1719 variants...
     -reading in genotypes, computing gene-based tests and building masks...done (6240ms) 
     -computing association tests...done (23ms) 
     -computing joint association tests...done (0ms) 
 set [675/1177] : NME4 - 2376 variants...
     -reading in genotypes, computing gene-based tests and building masks...done (3779ms) 
     -computing association tests...done (15ms) 
     -computing joint association tests...done (0ms) 
 set [676/1177] : NMRAL1 - 9767 variants...
     -reading in genotypes, computing gene-based tests and building masks...done (15141ms) 
     -computing association tests...done (129ms) 
     -computing joint association tests...done (0ms) 
 set [677/1177] : NOB1 - 12916 variants...
     -reading in genotypes, computing gene-based tests and building masks...done (24693ms) 
     -computing association tests...done (37ms) 
     -computing joint association tests...done (0ms) 
 set [678/1177] : NOD2 - 19157 variants...
     -reading in genotypes, computing gene-based tests and building masks...done (28133ms) 
     -computing association tests...done (53ms) 
     -computing joint association tests...done (0ms) 
 set [679/1177] : NOMO1 - 13188 variants...
     -reading in genotypes, computing gene-based tests and building masks...done (162970ms) 
     -computing association tests...done (138ms) 
     -computing joint association tests...done (0ms) 
 set [680/1177] : NOMO2 - 22055 variants...
     -reading in genotypes, computing gene-based tests and building masks...done (60686ms) 
     -computing association tests...done (43ms) 
     -computing joint association tests...done (0ms) 
 set [681/1177] : NOMO3 - 23634 variants...
     -reading in genotypes, computing gene-based tests and building masks...done (58218ms) 
     -computing association tests...done (92ms) 
     -computing joint association tests...done (0ms) 
 set [682/1177] : NPAP1L - 639 variants...
     -reading in genotypes, computing gene-based tests and building masks...done (1321ms) 
     -computing association tests...done (10ms) 
     -computing joint association tests...done (22ms) 
 set [683/1177] : NPIPA1 - 7974 variants...
     -reading in genotypes, computing gene-based tests and building masks...done (50141ms) 
     -computing association tests...done (73ms) 
     -computing joint association tests...done (0ms) 
 set [684/1177] : NPIPA2 - 8201 variants...
     -reading in genotypes, computing gene-based tests and building masks...done (66307ms) 
     -computing association tests...done (101ms) 
     -computing joint association tests...done (0ms) 
 set [685/1177] : NPIPA3 - 8049 variants...
     -reading in genotypes, computing gene-based tests and building masks...done (78976ms) 
     -computing association tests...done (115ms) 
     -computing joint association tests...done (0ms) 
 set [686/1177] : NPIPA5 - 14118 variants...
     -reading in genotypes, computing gene-based tests and building masks...done (27161ms) 
     -computing association tests...done (75ms) 
     -computing joint association tests...done (0ms) 
 set [687/1177] : NPIPA6 - 12990 variants...
     -reading in genotypes, computing gene-based tests and building masks...done (129897ms) 
     -computing association tests...done (41ms) 
     -computing joint association tests...done (0ms) 
 set [688/1177] : NPIPA7 - 9489 variants...
     -reading in genotypes, computing gene-based tests and building masks...done (63570ms) 
     -computing association tests...done (100ms) 
     -computing joint association tests...done (0ms) 
 set [689/1177] : NPIPA8 - 14202 variants...
     -reading in genotypes, computing gene-based tests and building masks...done (100727ms) 
     -computing association tests...done (53ms) 
     -computing joint association tests...done (0ms) 
 set [690/1177] : NPIPA9 - 9599 variants...
     -reading in genotypes, computing gene-based tests and building masks...done (82858ms) 
     -computing association tests...done (69ms) 
     -computing joint association tests...done (0ms) 
 set [691/1177] : NPIPB10P - 9474 variants...
     -reading in genotypes, computing gene-based tests and building masks...done (19789ms) 
     -computing association tests...done (24ms) 
     -computing joint association tests...done (0ms) 
 set [692/1177] : NPIPB11 - 22490 variants...
     -reading in genotypes, computing gene-based tests and building masks...done (41101ms) 
     -computing association tests...done (61ms) 
     -computing joint association tests...done (0ms) 
 set [693/1177] : NPIPB12 - 13164 variants...
     -reading in genotypes, computing gene-based tests and building masks...done (94745ms) 
     -computing association tests...done (42ms) 
     -computing joint association tests...done (0ms) 
 set [694/1177] : NPIPB13 - 10488 variants...
     -reading in genotypes, computing gene-based tests and building masks...done (48213ms) 
     -computing association tests...done (49ms) 
     -computing joint association tests...done (0ms) 
 set [695/1177] : NPIPB15 - 18361 variants...
     -reading in genotypes, computing gene-based tests and building masks...done (66266ms) 
     -computing association tests...done (109ms) 
     -computing joint association tests...done (0ms) 
 set [696/1177] : NPIPB2 - 23097 variants...
     -reading in genotypes, computing gene-based tests and building masks...done (37576ms) 
     -computing association tests...done (134ms) 
     -computing joint association tests...done (0ms) 
 set [697/1177] : NPIPB3 - 6673 variants...
     -reading in genotypes, computing gene-based tests and building masks...done (54848ms) 
     -computing association tests...done (94ms) 
     -computing joint association tests...done (0ms) 
 set [698/1177] : NPIPB4 - 10367 variants...
     -reading in genotypes, computing gene-based tests and building masks...done (50041ms) 
     -computing association tests...done (127ms) 
     -computing joint association tests...done (0ms) 
 set [699/1177] : NPIPB5 - 9901 variants...
     -reading in genotypes, computing gene-based tests and building masks...done (55575ms) 
     -computing association tests...done (33ms) 
     -computing joint association tests...done (14ms) 
 set [700/1177] : NPIPB6 - 19964 variants...
     -reading in genotypes, computing gene-based tests and building masks...done (113022ms) 
     -computing association tests...done (75ms) 
     -computing joint association tests...done (0ms) 
 set [701/1177] : NPIPB7 - 10728 variants...
     -reading in genotypes, computing gene-based tests and building masks...done (66944ms) 
     -computing association tests...done (42ms) 
     -computing joint association tests...done (0ms) 
 set [702/1177] : NPIPB8 - 19894 variants...
     -reading in genotypes, computing gene-based tests and building masks...done (106694ms) 
     -computing association tests...done (30ms) 
     -computing joint association tests...done (0ms) 
 set [703/1177] : NPIPB9 - 24830 variants...
     -reading in genotypes, computing gene-based tests and building masks...done (277653ms) 
     -computing association tests...done (63ms) 
     -computing joint association tests...done (0ms) 
 set [704/1177] : NPM1P3 - 6779 variants...
     -reading in genotypes, computing gene-based tests and building masks...done (12671ms) 
     -computing association tests...done (17ms) 
     -computing joint association tests...done (0ms) 
 set [705/1177] : NPRL3 - 33780 variants...
     -reading in genotypes, computing gene-based tests and building masks...done (63829ms) 
     -computing association tests...done (65ms) 
     -computing joint association tests...done (0ms) 
 set [706/1177] : NPW - 4043 variants...
     -reading in genotypes, computing gene-based tests and building masks...done (22372ms) 
     -computing association tests...done (36ms) 
     -computing joint association tests...done (0ms) 
 set [707/1177] : NQO1 - 12462 variants...
     -reading in genotypes, computing gene-based tests and building masks...done (49201ms) 
     -computing association tests...done (39ms) 
     -computing joint association tests...done (0ms) 
 set [708/1177] : NQO1-DT - 2667 variants...
     -reading in genotypes, computing gene-based tests and building masks...done (4184ms) 
     -computing association tests...done (52ms) 
     -computing joint association tests...done (0ms) 
 set [709/1177] : NRN1L - 961 variants...
     -reading in genotypes, computing gene-based tests and building masks...done (3594ms) 
     -computing association tests...done (18ms) 
     -computing joint association tests...done (0ms) 
 set [710/1177] : NSMCE1 - 20314 variants...
     -reading in genotypes, computing gene-based tests and building masks...done (33274ms) 
     -computing association tests...done (41ms) 
     -computing joint association tests...done (0ms) 
 set [711/1177] : NSMCE1-DT - 14005 variants...
     -reading in genotypes, computing gene-based tests and building masks...done (127367ms) 
     -computing association tests...done (51ms) 
     -computing joint association tests...done (0ms) 
 set [712/1177] : NTAN1 - 9501 variants...
     -reading in genotypes, computing gene-based tests and building masks...done (94272ms) 
     -computing association tests...done (153ms) 
     -computing joint association tests...done (0ms) 
 set [713/1177] : NTN3 - 6789 variants...
     -reading in genotypes, computing gene-based tests and building masks...done (10693ms) 
     -computing association tests...done (41ms) 
     -computing joint association tests...done (0ms) 
 set [714/1177] : NUBP1 - 17811 variants...
     -reading in genotypes, computing gene-based tests and building masks...done (27762ms) 
     -computing association tests...done (31ms) 
     -computing joint association tests...done (0ms) 
 set [715/1177] : NUBP2 - 6742 variants...
     -reading in genotypes, computing gene-based tests and building masks...done (16569ms) 
     -computing association tests...done (157ms) 
     -computing joint association tests...done (0ms) 
 set [716/1177] : NUDT16L1 - 9355 variants...
     -reading in genotypes, computing gene-based tests and building masks...done (14519ms) 
     -computing association tests...done (48ms) 
     -computing joint association tests...done (0ms) 
 set [717/1177] : NUDT21 - 10745 variants...
     -reading in genotypes, computing gene-based tests and building masks...done (18106ms) 
     -computing association tests...done (26ms) 
     -computing joint association tests...done (0ms) 
 set [718/1177] : NUDT7 - 15673 variants...
     -reading in genotypes, computing gene-based tests and building masks...done (31907ms) 
     -computing association tests...done (41ms) 
     -computing joint association tests...done (0ms) 
 set [719/1177] : NUP93 - 54752 variants...
     -reading in genotypes, computing gene-based tests and building masks...done (112403ms) 
     -computing association tests...done (98ms) 
     -computing joint association tests...done (0ms) 
 set [720/1177] : NUP93-DT - 12972 variants...
     -reading in genotypes, computing gene-based tests and building masks...done (33061ms) 
     -computing association tests...done (20ms) 
     -computing joint association tests...done (0ms) 
 set [721/1177] : NUPR1 - 8482 variants...
     -reading in genotypes, computing gene-based tests and building masks...done (26965ms) 
     -computing association tests...done (29ms) 
     -computing joint association tests...done (0ms) 
 set [722/1177] : NUTF2 - 14240 variants...
     -reading in genotypes, computing gene-based tests and building masks...done (22785ms) 
     -computing association tests...done (57ms) 
     -computing joint association tests...done (0ms) 
 set [723/1177] : OGFOD1 - 11080 variants...
     -reading in genotypes, computing gene-based tests and building masks...done (16699ms) 
     -computing association tests...done (75ms) 
     -computing joint association tests...done (0ms) 
 set [724/1177] : OR1F1 - 22174 variants...
     -reading in genotypes, computing gene-based tests and building masks...done (43742ms) 
     -computing association tests...done (37ms) 
     -computing joint association tests...done (0ms) 
 set [725/1177] : OR1F2P - 3574 variants...
     -reading in genotypes, computing gene-based tests and building masks...done (5434ms) 
     -computing association tests...done (17ms) 
     -computing joint association tests...done (0ms) 
 set [726/1177] : OR2C1 - 6347 variants...
     -reading in genotypes, computing gene-based tests and building masks...done (12079ms) 
     -computing association tests...done (36ms) 
     -computing joint association tests...done (0ms) 
 set [727/1177] : ORAI3 - 5083 variants...
     -reading in genotypes, computing gene-based tests and building masks...done (10353ms) 
     -computing association tests...done (56ms) 
     -computing joint association tests...done (0ms) 
 set [728/1177] : ORC6 - 6595 variants...
     -reading in genotypes, computing gene-based tests and building masks...done (11265ms) 
     -computing association tests...done (31ms) 
     -computing joint association tests...done (0ms) 
 set [729/1177] : OSGIN1 - 16687 variants...
     -reading in genotypes, computing gene-based tests and building masks...done (31952ms) 
     -computing association tests...done (72ms) 
     -computing joint association tests...done (0ms) 
 set [730/1177] : OTOA - 44238 variants...
     -reading in genotypes, computing gene-based tests and building masks...done (117664ms) 
     -computing association tests...done (134ms) 
     -computing joint association tests...done (0ms) 
 set [731/1177] : OTOAP1 - 22064 variants...
     -reading in genotypes, computing gene-based tests and building masks...done (76526ms) 
     -computing association tests...done (51ms) 
     -computing joint association tests...done (0ms) 
 set [732/1177] : PABPC1P13 - 4328 variants...
     -reading in genotypes, computing gene-based tests and building masks...done (18953ms) 
     -computing association tests...done (17ms) 
     -computing joint association tests...done (0ms) 
 set [733/1177] : PABPN1L - 5760 variants...
     -reading in genotypes, computing gene-based tests and building masks...done (8945ms) 
     -computing association tests...done (38ms) 
     -computing joint association tests...done (0ms) 
 set [734/1177] : PAGR1 - 3188 variants...
     -reading in genotypes, computing gene-based tests and building masks...done (13480ms) 
     -computing association tests...done (54ms) 
     -computing joint association tests...done (0ms) 
 set [735/1177] : PALB2 - 16926 variants...
     -reading in genotypes, computing gene-based tests and building masks...done (29428ms) 
     -computing association tests...done (49ms) 
     -computing joint association tests...done (0ms) 
 set [736/1177] : PAM16 - 11017 variants...
     -reading in genotypes, computing gene-based tests and building masks...done (58480ms) 
     -computing association tests...done (163ms) 
     -computing joint association tests...done (0ms) 
 set [737/1177] : PAQR4 - 5286 variants...
     -reading in genotypes, computing gene-based tests and building masks...done (9294ms) 
     -computing association tests...done (30ms) 
     -computing joint association tests...done (0ms) 
 set [738/1177] : PARN - 94244 variants...
     -reading in genotypes, computing gene-based tests and building masks...done (231429ms) 
     -computing association tests...done (91ms) 
     -computing joint association tests...done (0ms) 
 set [739/1177] : PCHILR - 5185 variants...
     -reading in genotypes, computing gene-based tests and building masks...done (7625ms) 
     -computing association tests...done (55ms) 
     -computing joint association tests...done (0ms) 
 set [740/1177] : PCMTD1P2 - 1352 variants...
     -reading in genotypes, computing gene-based tests and building masks...done (11438ms) 
     -computing association tests...done (54ms) 
     -computing joint association tests...done (20ms) 
 set [741/1177] : PDF - 7899 variants...
     -reading in genotypes, computing gene-based tests and building masks...done (12852ms) 
     -computing association tests...done (64ms) 
     -computing joint association tests...done (19ms) 
 set [742/1177] : PDIA2 - 2628 variants...
     -reading in genotypes, computing gene-based tests and building masks...done (4445ms) 
     -computing association tests...done (16ms) 
     -computing joint association tests...done (0ms) 
 set [743/1177] : PDILT - 24781 variants...
     -reading in genotypes, computing gene-based tests and building masks...done (36642ms) 
     -computing association tests...done (42ms) 
     -computing joint association tests...done (0ms) 
 set [744/1177] : PDP2 - 12262 variants...
     -reading in genotypes, computing gene-based tests and building masks...done (29766ms) 
     -computing association tests...done (29ms) 
     -computing joint association tests...done (0ms) 
 set [745/1177] : PDPK1 - 28048 variants...
     -reading in genotypes, computing gene-based tests and building masks...done (107778ms) 
     -computing association tests...done (30ms) 
     -computing joint association tests...done (0ms) 
 set [746/1177] : PDPK2P - 31 variants...
     -reading in genotypes, computing gene-based tests and building masks...done (718ms) 
     -computing association tests...done (28ms) 
     -computing joint association tests...done (0ms) 
 set [747/1177] : PDPR - 36765 variants...
     -reading in genotypes, computing gene-based tests and building masks...done (74105ms) 
     -computing association tests...done (56ms) 
     -computing joint association tests...done (0ms) 
 set [748/1177] : PDPR2P - 29101 variants...
     -reading in genotypes, computing gene-based tests and building masks...done (53988ms) 
     -computing association tests...done (29ms) 
     -computing joint association tests...done (0ms) 
 set [749/1177] : PDXDC1 - 25816 variants...
     -reading in genotypes, computing gene-based tests and building masks...done (132545ms) 
     -computing association tests...done (97ms) 
     -computing joint association tests...done (0ms) 
 set [750/1177] : PDXDC2P-NPIPB14P - 58449 variants...
     -reading in genotypes, computing gene-based tests and building masks...done (164677ms) 
     -computing association tests...done (233ms) 
     -computing joint association tests...done (0ms) 
 set [751/1177] : PDZD9 - 6394 variants...
     -reading in genotypes, computing gene-based tests and building masks...done (11138ms) 
     -computing association tests...done (40ms) 
     -computing joint association tests...done (0ms) 
 set [752/1177] : PERCC1 - 4426 variants...
     -reading in genotypes, computing gene-based tests and building masks...done (7644ms) 
     -computing association tests...done (82ms) 
     -computing joint association tests...done (0ms) 
 set [753/1177] : PGAP6 - 8798 variants...
     -reading in genotypes, computing gene-based tests and building masks...done (17340ms) 
     -computing association tests...done (39ms) 
     -computing joint association tests...done (0ms) 
 set [754/1177] : PGP - 7457 variants...
     -reading in genotypes, computing gene-based tests and building masks...done (23060ms) 
     -computing association tests...done (35ms) 
     -computing joint association tests...done (0ms) 
 set [755/1177] : PHAF1 - 17883 variants...
     -reading in genotypes, computing gene-based tests and building masks...done (29862ms) 
     -computing association tests...done (108ms) 
     -computing joint association tests...done (0ms) 
 set [756/1177] : PHB1P21 - 3307 variants...
     -reading in genotypes, computing gene-based tests and building masks...done (23792ms) 
     -computing association tests...done (16ms) 
     -computing joint association tests...done (0ms) 
 set [757/1177] : PHKB - 93040 variants...
     -reading in genotypes, computing gene-based tests and building masks...done (216515ms) 
     -computing association tests...done (113ms) 
     -computing joint association tests...done (0ms) 
 set [758/1177] : PHKG2 - 1128 variants...
     -reading in genotypes, computing gene-based tests and building masks...done (3735ms) 
     -computing association tests...done (18ms) 
     -computing joint association tests...done (0ms) 
 set [759/1177] : PHLPP2 - 40384 variants...
     -reading in genotypes, computing gene-based tests and building masks...done (71441ms) 
     -computing association tests...done (46ms) 
     -computing joint association tests...done (0ms) 
 set [760/1177] : PIEZO1 - 59922 variants...
     -reading in genotypes, computing gene-based tests and building masks...done (149713ms) 
     -computing association tests...done (81ms) 
     -computing joint association tests...done (0ms) 
 set [761/1177] : PIGQ - 16947 variants...
     -reading in genotypes, computing gene-based tests and building masks...done (41700ms) 
     -computing association tests...done (43ms) 
     -computing joint association tests...done (0ms) 
 set [762/1177] : PKD1 - 42237 variants...
     -reading in genotypes, computing gene-based tests and building masks...done (103056ms) 
     -computing association tests...done (85ms) 
     -computing joint association tests...done (0ms) 
 set [763/1177] : PKD1L2 - 81346 variants...
     -reading in genotypes, computing gene-based tests and building masks...done (190267ms) 
     -computing association tests...done (153ms) 
     -computing joint association tests...done (0ms) 
 set [764/1177] : PKD1L3 - 45258 variants...
     -reading in genotypes, computing gene-based tests and building masks...done (86219ms) 
     -computing association tests...done (60ms) 
     -computing joint association tests...done (0ms) 
 set [765/1177] : PKD1P1 - 5271 variants...
     -reading in genotypes, computing gene-based tests and building masks...done (42246ms) 
     -computing association tests...done (22ms) 
     -computing joint association tests...done (0ms) 
 set [766/1177] : PKD1P2 - 12351 variants...
     -reading in genotypes, computing gene-based tests and building masks...done (68894ms) 
     -computing association tests...done (110ms) 
     -computing joint association tests...done (0ms) 
 set [767/1177] : PKD1P3 - 4024 variants...
     -reading in genotypes, computing gene-based tests and building masks...done (86485ms) 
     -computing association tests...done (36ms) 
     -computing joint association tests...done (0ms) 
 set [768/1177] : PKD1P4 - 44 variants...
     -reading in genotypes, computing gene-based tests and building masks...done (817ms) 
     -computing association tests...done (115ms) 
     -computing joint association tests...done (24ms) 
 set [769/1177] : PKD1P6-NPIPP1 - 25904 variants...
     -reading in genotypes, computing gene-based tests and building masks...done (518156ms) 
     -computing association tests...done (37ms) 
     -computing joint association tests...done (0ms) 
 set [770/1177] : PKMYT1 - 2753 variants...
     -reading in genotypes, computing gene-based tests and building masks...done (8319ms) 
     -computing association tests...done (158ms) 
     -computing joint association tests...done (0ms) 
 set [771/1177] : PLA2G10 - 10899 variants...
     -reading in genotypes, computing gene-based tests and building masks...done (33533ms) 
     -computing association tests...done (35ms) 
     -computing joint association tests...done (0ms) 
 set [772/1177] : PLA2G10CP - 7397 variants...
     -reading in genotypes, computing gene-based tests and building masks...done (21664ms) 
     -computing association tests...done (25ms) 
     -computing joint association tests...done (0ms) 
 set [773/1177] : PLA2G10DP - 34495 variants...
     -reading in genotypes, computing gene-based tests and building masks...done (509294ms) 
     -computing association tests...done (54ms) 
     -computing joint association tests...done (0ms) 
 set [774/1177] : PLA2G10EP - 2605 variants...
     -reading in genotypes, computing gene-based tests and building masks...done (4228ms) 
     -computing association tests...done (16ms) 
     -computing joint association tests...done (0ms) 
 set [775/1177] : PLA2G10FP - 1250 variants...
     -reading in genotypes, computing gene-based tests and building masks...done (4523ms) 
     -computing association tests...done (11ms) 
     -computing joint association tests...done (0ms) 
 set [776/1177] : PLA2G10GP - 2513 variants...
     -reading in genotypes, computing gene-based tests and building masks...done (4104ms) 
     -computing association tests...done (16ms) 
     -computing joint association tests...done (0ms) 
 set [777/1177] : PLA2G10IP - 739 variants...
     -reading in genotypes, computing gene-based tests and building masks...done (7494ms) 
     -computing association tests...done (15ms) 
     -computing joint association tests...done (15ms) 
 set [778/1177] : PLA2G15 - 8536 variants...
     -reading in genotypes, computing gene-based tests and building masks...done (13580ms) 
     -computing association tests...done (67ms) 
     -computing joint association tests...done (12ms) 
 set [779/1177] : PLCG2 - 155818 variants...
     -reading in genotypes, computing gene-based tests and building masks...done (606751ms) 
     -computing association tests...done (174ms) 
     -computing joint association tests...done (19ms) 
 set [780/1177] : PLEKHG4 - 2985 variants...
     -reading in genotypes, computing gene-based tests and building masks...done (5655ms) 
     -computing association tests...done (32ms) 
     -computing joint association tests...done (20ms) 
 set [781/1177] : PLK1 - 7703 variants...
     -reading in genotypes, computing gene-based tests and building masks...done (12466ms) 
     -computing association tests...done (114ms) 
     -computing joint association tests...done (48ms) 
 set [782/1177] : PLLP - 15364 variants...
     -reading in genotypes, computing gene-based tests and building masks...done (33758ms) 
     -computing association tests...done (97ms) 
     -computing joint association tests...done (24ms) 
 set [783/1177] : PMFBP1 - 25136 variants...
     -reading in genotypes, computing gene-based tests and building masks...done (38000ms) 
     -computing association tests...done (123ms) 
     -computing joint association tests...done (2ms) 
 set [784/1177] : PMM2 - 35899 variants...
     -reading in genotypes, computing gene-based tests and building masks...done (66185ms) 
     -computing association tests...done (77ms) 
     -computing joint association tests...done (27ms) 
 set [785/1177] : POLR2C - 5085 variants...
     -reading in genotypes, computing gene-based tests and building masks...done (13194ms) 
     -computing association tests...done (31ms) 
     -computing joint association tests...done (51ms) 
 set [786/1177] : POLR3E - 21926 variants...
     -reading in genotypes, computing gene-based tests and building masks...done (45485ms) 
     -computing association tests...done (79ms) 
     -computing joint association tests...done (2ms) 
 set [787/1177] : POLR3K - 9752 variants...
     -reading in genotypes, computing gene-based tests and building masks...done (21661ms) 
     -computing association tests...done (26ms) 
     -computing joint association tests...done (2ms) 
 set [788/1177] : PPIAP49 - 231 variants...
     -reading in genotypes, computing gene-based tests and building masks...done (982ms) 
     -computing association tests...done (8ms) 
     -computing joint association tests...done (0ms) 
 set [789/1177] : PPL - 44888 variants...
     -reading in genotypes, computing gene-based tests and building masks...done (96571ms) 
     -computing association tests...done (251ms) 
     -computing joint association tests...done (0ms) 
 set [790/1177] : PPP1R1AP2 - 259 variants...
     -reading in genotypes, computing gene-based tests and building masks...done (550ms) 
     -computing association tests...done (2ms) 
     -computing joint association tests...done (0ms) 
 set [791/1177] : PPP4C - 7143 variants...
     -reading in genotypes, computing gene-based tests and building masks...done (13563ms) 
     -computing association tests...done (56ms) 
     -computing joint association tests...done (0ms) 
 set [792/1177] : PRDM7 - 16767 variants...
     -reading in genotypes, computing gene-based tests and building masks...done (24763ms) 
     -computing association tests...done (96ms) 
     -computing joint association tests...done (0ms) 
 set [793/1177] : PRKCB - 178735 variants...
     -reading in genotypes, computing gene-based tests and building masks...done (784542ms) 
     -computing association tests...done (100ms) 
     -computing joint association tests...done (0ms) 
 set [794/1177] : PRM1 - 5434 variants...
     -reading in genotypes, computing gene-based tests and building masks...done (8286ms) 
     -computing association tests...done (26ms) 
     -computing joint association tests...done (0ms) 
 set [795/1177] : PRM3 - 4148 variants...
     -reading in genotypes, computing gene-based tests and building masks...done (7973ms) 
     -computing association tests...done (144ms) 
     -computing joint association tests...done (0ms) 
 set [796/1177] : PRMT7 - 21594 variants...
     -reading in genotypes, computing gene-based tests and building masks...done (32781ms) 
     -computing association tests...done (72ms) 
     -computing joint association tests...done (0ms) 
 set [797/1177] : PRR14 - 8853 variants...
     -reading in genotypes, computing gene-based tests and building masks...done (20774ms) 
     -computing association tests...done (29ms) 
     -computing joint association tests...done (0ms) 
 set [798/1177] : PRR35 - 6183 variants...
     -reading in genotypes, computing gene-based tests and building masks...done (11242ms) 
     -computing association tests...done (285ms) 
     -computing joint association tests...done (0ms) 
 set [799/1177] : PRRT2 - 5898 variants...
     -reading in genotypes, computing gene-based tests and building masks...done (10760ms) 
     -computing association tests...done (112ms) 
     -computing joint association tests...done (0ms) 
 set [800/1177] : PRSS21 - 6150 variants...
     -reading in genotypes, computing gene-based tests and building masks...done (18054ms) 
     -computing association tests...done (42ms) 
     -computing joint association tests...done (0ms) 
 set [801/1177] : PRSS22 - 8529 variants...
     -reading in genotypes, computing gene-based tests and building masks...done (13662ms) 
     -computing association tests...done (124ms) 
     -computing joint association tests...done (0ms) 
 set [802/1177] : PRSS27 - 8660 variants...
     -reading in genotypes, computing gene-based tests and building masks...done (13363ms) 
     -computing association tests...done (32ms) 
     -computing joint association tests...done (0ms) 
 set [803/1177] : PRSS30P - 5353 variants...
     -reading in genotypes, computing gene-based tests and building masks...done (8583ms) 
     -computing association tests...done (77ms) 
     -computing joint association tests...done (13ms) 
 set [804/1177] : PRSS33 - 7163 variants...
     -reading in genotypes, computing gene-based tests and building masks...done (11905ms) 
     -computing association tests...done (31ms) 
     -computing joint association tests...done (1ms) 
 set [805/1177] : PRSS36 - 6413 variants...
     -reading in genotypes, computing gene-based tests and building masks...done (14401ms) 
     -computing association tests...done (35ms) 
     -computing joint association tests...done (2ms) 
 set [806/1177] : PRSS41 - 9163 variants...
     -reading in genotypes, computing gene-based tests and building masks...done (15244ms) 
     -computing association tests...done (69ms) 
     -computing joint association tests...done (13ms) 
 set [807/1177] : PRSS53 - 4778 variants...
     -reading in genotypes, computing gene-based tests and building masks...done (8517ms) 
     -computing association tests...done (48ms) 
     -computing joint association tests...done (13ms) 
 set [808/1177] : PRSS54 - 6487 variants...
     -reading in genotypes, computing gene-based tests and building masks...done (10067ms) 
     -computing association tests...done (41ms) 
     -computing joint association tests...done (2ms) 
 set [809/1177] : PRSS8 - 3984 variants...
     -reading in genotypes, computing gene-based tests and building masks...done (7715ms) 
     -computing association tests...done (69ms) 
     -computing joint association tests...done (0ms) 
 set [810/1177] : PSKH1 - 17066 variants...
     -reading in genotypes, computing gene-based tests and building masks...done (31231ms) 
     -computing association tests...done (95ms) 
     -computing joint association tests...done (16ms) 
 set [811/1177] : PSMB10 - 2583 variants...
     -reading in genotypes, computing gene-based tests and building masks...done (5750ms) 
     -computing association tests...done (28ms) 
     -computing joint association tests...done (11ms) 
 set [812/1177] : PSMD7 - 9606 variants...
     -reading in genotypes, computing gene-based tests and building masks...done (24430ms) 
     -computing association tests...done (31ms) 
     -computing joint association tests...done (2ms) 
 set [813/1177] : PSMD7-DT - 176608 variants...
     -reading in genotypes, computing gene-based tests and building masks...done (840453ms) 
     -computing association tests...done (32ms) 
     -computing joint association tests...done (0ms) 
 set [814/1177] : PSME3IP1 - 13172 variants...
     -reading in genotypes, computing gene-based tests and building masks...done (25943ms) 
     -computing association tests...done (71ms) 
     -computing joint association tests...done (0ms) 
 set [815/1177] : PTX4 - 3989 variants...
     -reading in genotypes, computing gene-based tests and building masks...done (13801ms) 
     -computing association tests...done (44ms) 
     -computing joint association tests...done (0ms) 
 set [816/1177] : PYCARD - 6030 variants...
     -reading in genotypes, computing gene-based tests and building masks...done (14748ms) 
     -computing association tests...done (132ms) 
     -computing joint association tests...done (0ms) 
 set [817/1177] : PYCARD-AS1 - 280 variants...
     -reading in genotypes, computing gene-based tests and building masks...done (519ms) 
     -computing association tests...done (3ms) 
     -computing joint association tests...done (0ms) 
 set [818/1177] : PYDC1 - 5389 variants...
     -reading in genotypes, computing gene-based tests and building masks...done (14193ms) 
     -computing association tests...done (55ms) 
     -computing joint association tests...done (0ms) 
 set [819/1177] : QPRT - 13418 variants...
     -reading in genotypes, computing gene-based tests and building masks...done (25684ms) 
     -computing association tests...done (75ms) 
     -computing joint association tests...done (0ms) 
 set [820/1177] : RAB11FIP3 - 64389 variants...
     -reading in genotypes, computing gene-based tests and building masks...done (183309ms) 
     -computing association tests...done (97ms) 
     -computing joint association tests...done (0ms) 
 set [821/1177] : RAB26 - 7371 variants...
     -reading in genotypes, computing gene-based tests and building masks...done (11802ms) 
     -computing association tests...done (38ms) 
     -computing joint association tests...done (0ms) 
 set [822/1177] : RAB40C - 26484 variants...
     -reading in genotypes, computing gene-based tests and building masks...done (57956ms) 
     -computing association tests...done (119ms) 
     -computing joint association tests...done (0ms) 
 set [823/1177] : RAB43P1 - 2981 variants...
     -reading in genotypes, computing gene-based tests and building masks...done (24868ms) 
     -computing association tests...done (16ms) 
     -computing joint association tests...done (0ms) 
 set [824/1177] : RABEP2 - 18663 variants...
     -reading in genotypes, computing gene-based tests and building masks...done (35551ms) 
     -computing association tests...done (34ms) 
     -computing joint association tests...done (2ms) 
 set [825/1177] : RANBP10 - 38209 variants...
     -reading in genotypes, computing gene-based tests and building masks...done (66724ms) 
     -computing association tests...done (83ms) 
     -computing joint association tests...done (17ms) 
 set [826/1177] : RARRES2P10 - 246 variants...
     -reading in genotypes, computing gene-based tests and building masks...done (547ms) 
     -computing association tests...done (2ms) 
     -computing joint association tests...done (0ms) 
 set [827/1177] : RARRES2P5 - 280 variants...
     -reading in genotypes, computing gene-based tests and building masks...done (15268ms) 
     -computing association tests...done (5ms) 
     -computing joint association tests...done (0ms) 
 set [828/1177] : RARRES2P6 - 98 variants...
     -reading in genotypes, computing gene-based tests and building masks...done (259ms) 
     -computing association tests...done (1ms) 
     -computing joint association tests...done (0ms) 
 set [829/1177] : RARRES2P7 - 263 variants...
     -reading in genotypes, computing gene-based tests and building masks...done (606ms) 
     -computing association tests...done (2ms) 
     -computing joint association tests...done (0ms) 
 set [830/1177] : RARRES2P8 - 238 variants...
     -reading in genotypes, computing gene-based tests and building masks...done (553ms) 
     -computing association tests...done (56ms) 
     -computing joint association tests...done (0ms) 
 set [831/1177] : RARRES2P9 - 276 variants...
     -reading in genotypes, computing gene-based tests and building masks...done (570ms) 
     -computing association tests...done (2ms) 
     -computing joint association tests...done (0ms) 
 set [832/1177] : RBBP6 - 21413 variants...
     -reading in genotypes, computing gene-based tests and building masks...done (59738ms) 
     -computing association tests...done (179ms) 
     -computing joint association tests...done (0ms) 
 set [833/1177] : RBFOX1 - 1792541 variants...
     -reading in genotypes, computing gene-based tests and building masks...