start at:
Fri Sep  5 20:30:44 CST 2025
This directory already exists.
regenie version:
v4.1.gz
--------start
Start time: Fri Sep  5 20:30:46 2025

              |===========================|
              |      REGENIE v4.1.gz      |
              |===========================|

Copyright (c) 2020-2024 Joelle Mbatchou, Andrey Ziyatdinov and Jonathan Marchini.
Distributed under the MIT License.
Compiled with Boost Iostream library.
Using Intel MKL with Eigen.

Log of output saved in file : /share/home/lsy_luzhen/WGS_GWAS_and_MR/tmp_ssh_data/GWAS_european/gene_based/testing_results/step2_gb_euro_cin3plus_chr6.log

Options in effect:
  --step 2 \
  --pgen /share/home/lsy_luzhen/WGS_GWAS_and_MR/tmp_ssh_data/GWAS_european/gene_based/EuroPrePCA_ref38_rsID \
  --chr 6 \
  --phenoFile /share/home/lsy_luzhen/WGS_GWAS_and_MR/tmp_ssh_data/GWAS_european/T002_CIN3plus_phenotype.txt \
  --bt \
  --covarFile /share/home/lsy_luzhen/WGS_GWAS_and_MR/tmp_ssh_data/GWAS_european/T002_CIN3plus_covars.txt \
  --catCovarList Smoking_status,Alcohol_intake_frequency,Genotype_measurement_batch \
  --strict \
  --bsize 1000 \
  --firth \
  --approx \
  --threads 16 \
  --pred /share/home/lsy_luzhen/WGS_GWAS_and_MR/tmp_ssh_data/GWAS_european/step1/regenie_step1_euro_cin3plus_pred.list \
  --use-null-firth /share/home/lsy_luzhen/WGS_GWAS_and_MR/tmp_ssh_data/GWAS_european/step1/regenie_step1_euro_cin3plus_firth.list \
  --anno-file /share/home/lsy_luzhen/WGS_GWAS_and_MR/tmp_ssh_data/GWAS_european/gene_based/anno_file_unique_filtered.txt \
  --set-list /share/home/lsy_luzhen/WGS_GWAS_and_MR/tmp_ssh_data/GWAS_european/gene_based/set_list_unique_filtered.txt \
  --mask-def /share/home/lsy_luzhen/WGS_GWAS_and_MR/tmp_ssh_data/GWAS_european/gene_based/mask_file.txt \
  --aaf-bins 0.001,0.01,0.05,0.1 \
  --vc-MACthr 10 \
  --joint acat,sbat \
  --vc-tests skato,acato-full \
  --rgc-gene-p \
  --out /share/home/lsy_luzhen/WGS_GWAS_and_MR/tmp_ssh_data/GWAS_european/gene_based/testing_results/step2_gb_euro_cin3plus_chr6

Association testing mode (joint tests) with fast multithreading using OpenMP
 * pvar             : [/share/home/lsy_luzhen/WGS_GWAS_and_MR/tmp_ssh_data/GWAS_european/gene_based/EuroPrePCA_ref38_rsID.pvar] n_snps = 1400147917
 * psam             : [/share/home/lsy_luzhen/WGS_GWAS_and_MR/tmp_ssh_data/GWAS_european/gene_based/EuroPrePCA_ref38_rsID.psam] n_samples = 202952
 * pgen             : [/share/home/lsy_luzhen/WGS_GWAS_and_MR/tmp_ssh_data/GWAS_european/gene_based/EuroPrePCA_ref38_rsID.pgen] 
 * phenotypes       : [/share/home/lsy_luzhen/WGS_GWAS_and_MR/tmp_ssh_data/GWAS_european/T002_CIN3plus_phenotype.txt] n_pheno = 1
   -dropping observations with missing values at any of the phenotypes
   -number of phenotyped individuals with no missing data = 202952
 * covariates       : [/share/home/lsy_luzhen/WGS_GWAS_and_MR/tmp_ssh_data/GWAS_european/T002_CIN3plus_covars.txt] n_cov = 26
   -number of individuals with covariate data = 202952
 * number of individuals used in analysis = 202952
 * case-control counts for each trait:
   - 'CIN3plus': 5544 cases and 197408 controls
 * LOCO predictions : [/share/home/lsy_luzhen/WGS_GWAS_and_MR/tmp_ssh_data/GWAS_european/step1/regenie_step1_euro_cin3plus_pred.list]
   -file [/share/home/lsy_luzhen/WGS_GWAS_and_MR/tmp_ssh_data/GWAS_european/step1/regenie_step1_euro_cin3plus_1.loco] for phenotype 'CIN3plus'
 * annotations      : [/share/home/lsy_luzhen/WGS_GWAS_and_MR/tmp_ssh_data/GWAS_european/gene_based/anno_file_unique_filtered.txt] 
   +number of annotations categories = 6
 * masks            : [/share/home/lsy_luzhen/WGS_GWAS_and_MR/tmp_ssh_data/GWAS_european/gene_based/mask_file.txt] n_masks = 7
 * aaf cutoffs      : [ 4 : 0.001 0.01 0.05 0.1 ] + singletons
 * set file         : [/share/home/lsy_luzhen/WGS_GWAS_and_MR/tmp_ssh_data/GWAS_european/gene_based/set_list_unique_filtered.txt] n_sets = 1714
WARNING: Detected 21 sets with variants not in genetic data or annotation files.
 * # threads        : [16]
 * # tested sets    : [1714]
 * max block size   : [1000]
 * rule used to build masks : max
 * computing gene-based tests for each set of variants included in a mask (rho=[0,0.01,0.04,0.09,0.16,0.25,0.5,1])
  -variants with MAC <= 10 are collapsed into a mask
  -weights are obtained from Beta(MAF,1,25)
  -list of gene-based tests run: ACATO,ACATV,SKATO,SKATO-ACAT
 * applying ACAT to output overall gene p-value
 * approximate memory usage : 12920GB
 * using minimum MAC of 5 (masks with lower MAC are ignored)
 * using fast Firth correction for logistic/cox regression p-values less than 0.05
 * user specified to test only on select chromosomes
WARNING: Joint SBAT test only for QTs.
 * number of mask groups run through gene-p strategy = 2
 * list of joint tests run on burden masks: ACAT

Chromosome 6 [1714 sets in total]
   -reading loco predictions for the chromosome...done (4859ms) 
   -fitting null logistic regression on binary phenotypes...done (526ms) 
   -fitting null Firth logistic regression on binary phenotypes...done (4938ms) 
 set [1/1714] : AARS2 - 7766 variants...
     -reading in genotypes, computing gene-based tests and building masks...done (11268ms) 
     -computing association tests...done (56ms) 
     -computing joint association tests...done (0ms) 
 set [2/1714] : ABCC10 - 14112 variants...
     -reading in genotypes, computing gene-based tests and building masks...done (16555ms) 
     -computing association tests...done (15ms) 
     -computing joint association tests...done (2ms) 
 set [3/1714] : ABCF1 - 11355 variants...
     -reading in genotypes, computing gene-based tests and building masks...done (20587ms) 
     -computing association tests...done (20ms) 
     -computing joint association tests...done (0ms) 
 set [4/1714] : ABHD16A - 8273 variants...
     -reading in genotypes, computing gene-based tests and building masks...done (11258ms) 
     -computing association tests...done (75ms) 
     -computing joint association tests...done (0ms) 
 set [5/1714] : ABRACL - 10351 variants...
     -reading in genotypes, computing gene-based tests and building masks...done (11898ms) 
     -computing association tests...done (16ms) 
     -computing joint association tests...done (0ms) 
 set [6/1714] : ABT1 - 5432 variants...
     -reading in genotypes, computing gene-based tests and building masks...done (6022ms) 
     -computing association tests...done (13ms) 
     -computing joint association tests...done (0ms) 
 set [7/1714] : ACAT2 - 9661 variants...
     -reading in genotypes, computing gene-based tests and building masks...done (15152ms) 
     -computing association tests...done (20ms) 
     -computing joint association tests...done (0ms) 
 set [8/1714] : ACOT13 - 16120 variants...
     -reading in genotypes, computing gene-based tests and building masks...done (22038ms) 
     -computing association tests...done (28ms) 
     -computing joint association tests...done (0ms) 
 set [9/1714] : ACTBP8 - 523 variants...
     -reading in genotypes, computing gene-based tests and building masks...done (873ms) 
     -computing association tests...done (4ms) 
     -computing joint association tests...done (0ms) 
 set [10/1714] : ACTG1P9 - 5405 variants...
     -reading in genotypes, computing gene-based tests and building masks...done (8793ms) 
     -computing association tests...done (45ms) 
     -computing joint association tests...done (0ms) 
 set [11/1714] : ADAT2 - 12589 variants...
     -reading in genotypes, computing gene-based tests and building masks...done (17220ms) 
     -computing association tests...done (66ms) 
     -computing joint association tests...done (0ms) 
 set [12/1714] : ADCY10P1 - 15505 variants...
     -reading in genotypes, computing gene-based tests and building masks...done (20852ms) 
     -computing association tests...done (48ms) 
     -computing joint association tests...done (0ms) 
 set [13/1714] : ADGB - 95476 variants...
     -reading in genotypes, computing gene-based tests and building masks...done (140820ms) 
     -computing association tests...done (73ms) 
     -computing joint association tests...done (0ms) 
 set [14/1714] : ADGB-DT - 6565 variants...
     -reading in genotypes, computing gene-based tests and building masks...done (5629ms) 
     -computing association tests...done (11ms) 
     -computing joint association tests...done (0ms) 
 set [15/1714] : ADGRB3 - 344844 variants...
     -reading in genotypes, computing gene-based tests and building masks...done (1186871ms) 
     -computing association tests...done (37ms) 
     -computing joint association tests...done (0ms) 
 set [16/1714] : ADGRB3-DT - 4058 variants...
     -reading in genotypes, computing gene-based tests and building masks...done (8944ms) 
     -computing association tests...done (15ms) 
     -computing joint association tests...done (0ms) 
 set [17/1714] : ADGRF1 - 23412 variants...
     -reading in genotypes, computing gene-based tests and building masks...done (29068ms) 
     -computing association tests...done (34ms) 
     -computing joint association tests...done (0ms) 
 set [18/1714] : ADGRF4 - 14556 variants...
     -reading in genotypes, computing gene-based tests and building masks...done (19019ms) 
     -computing association tests...done (14ms) 
     -computing joint association tests...done (0ms) 
 set [19/1714] : ADGRF5 - 50989 variants...
     -reading in genotypes, computing gene-based tests and building masks...done (67307ms) 
     -computing association tests...done (85ms) 
     -computing joint association tests...done (0ms) 
 set [20/1714] : ADGRG6 - 67816 variants...
     -reading in genotypes, computing gene-based tests and building masks...done (134373ms) 
     -computing association tests...done (60ms) 
     -computing joint association tests...done (0ms) 
 set [21/1714] : ADH5P4 - 4883 variants...
     -reading in genotypes, computing gene-based tests and building masks...done (4740ms) 
     -computing association tests...done (45ms) 
     -computing joint association tests...done (0ms) 
 set [22/1714] : ADTRP - 38863 variants...
     -reading in genotypes, computing gene-based tests and building masks...done (53266ms) 
     -computing association tests...done (52ms) 
     -computing joint association tests...done (0ms) 
 set [23/1714] : AFDN - 69228 variants...
     -reading in genotypes, computing gene-based tests and building masks...done (124211ms) 
     -computing association tests...done (26ms) 
     -computing joint association tests...done (0ms) 
 set [24/1714] : AFDN-DT - 18346 variants...
     -reading in genotypes, computing gene-based tests and building masks...done (20483ms) 
     -computing association tests...done (15ms) 
     -computing joint association tests...done (0ms) 
 set [25/1714] : AFG1L - 94981 variants...
     -reading in genotypes, computing gene-based tests and building masks...done (183269ms) 
     -computing association tests...done (88ms) 
     -computing joint association tests...done (0ms) 
 set [26/1714] : AGER - 1500 variants...
     -reading in genotypes, computing gene-based tests and building masks...done (2871ms) 
     -computing association tests...done (73ms) 
     -computing joint association tests...done (0ms) 
 set [27/1714] : AGPAT1 - 3589 variants...
     -reading in genotypes, computing gene-based tests and building masks...done (5382ms) 
     -computing association tests...done (19ms) 
     -computing joint association tests...done (0ms) 
 set [28/1714] : AGPAT4 - 63855 variants...
     -reading in genotypes, computing gene-based tests and building masks...done (87605ms) 
     -computing association tests...done (57ms) 
     -computing joint association tests...done (0ms) 
 set [29/1714] : AHI1 - 91301 variants...
     -reading in genotypes, computing gene-based tests and building masks...done (150324ms) 
     -computing association tests...done (111ms) 
     -computing joint association tests...done (0ms) 
 set [30/1714] : AHI1-DT - 136100 variants...
     -reading in genotypes, computing gene-based tests and building masks...done (267289ms) 
     -computing association tests...done (26ms) 
     -computing joint association tests...done (0ms) 
 set [31/1714] : AIF1 - 2755 variants...
     -reading in genotypes, computing gene-based tests and building masks...done (4555ms) 
     -computing association tests...done (19ms) 
     -computing joint association tests...done (0ms) 
 set [32/1714] : AIG1 - 115011 variants...
     -reading in genotypes, computing gene-based tests and building masks...done (205112ms) 
     -computing association tests...done (49ms) 
     -computing joint association tests...done (0ms) 
 set [33/1714] : AK4P5 - 249 variants...
     -reading in genotypes, computing gene-based tests and building masks...done (3879ms) 
     -computing association tests...done (68ms) 
     -computing joint association tests...done (0ms) 
 set [34/1714] : AK9 - 82761 variants...
     -reading in genotypes, computing gene-based tests and building masks...done (110853ms) 
     -computing association tests...done (39ms) 
     -computing joint association tests...done (0ms) 
 set [35/1714] : AKAP12 - 56077 variants...
     -reading in genotypes, computing gene-based tests and building masks...done (76246ms) 
     -computing association tests...done (86ms) 
     -computing joint association tests...done (0ms) 
 set [36/1714] : AKAP7 - 64233 variants...
     -reading in genotypes, computing gene-based tests and building masks...done (86004ms) 
     -computing association tests...done (101ms) 
     -computing joint association tests...done (0ms) 
 set [37/1714] : AKIRIN2 - 17210 variants...
     -reading in genotypes, computing gene-based tests and building masks...done (17427ms) 
     -computing association tests...done (75ms) 
     -computing joint association tests...done (0ms) 
 set [38/1714] : ALDH5A1 - 20398 variants...
     -reading in genotypes, computing gene-based tests and building masks...done (32738ms) 
     -computing association tests...done (32ms) 
     -computing joint association tests...done (0ms) 
 set [39/1714] : ALDH8A1 - 16333 variants...
     -reading in genotypes, computing gene-based tests and building masks...done (16961ms) 
     -computing association tests...done (22ms) 
     -computing joint association tests...done (0ms) 
 set [40/1714] : AMD1 - 13763 variants...
     -reading in genotypes, computing gene-based tests and building masks...done (17022ms) 
     -computing association tests...done (54ms) 
     -computing joint association tests...done (0ms) 
 set [41/1714] : AMD1P4 - 898 variants...
     -reading in genotypes, computing gene-based tests and building masks...done (3208ms) 
     -computing association tests...done (5ms) 
     -computing joint association tests...done (0ms) 
 set [42/1714] : ANKRD18FP - 1364 variants...
     -reading in genotypes, computing gene-based tests and building masks...done (1844ms) 
     -computing association tests...done (8ms) 
     -computing joint association tests...done (0ms) 
 set [43/1714] : ANKRD36P2 - 3393 variants...
     -reading in genotypes, computing gene-based tests and building masks...done (5993ms) 
     -computing association tests...done (51ms) 
     -computing joint association tests...done (0ms) 
 set [44/1714] : ANKRD66 - 11158 variants...
     -reading in genotypes, computing gene-based tests and building masks...done (17091ms) 
     -computing association tests...done (67ms) 
     -computing joint association tests...done (0ms) 
 set [45/1714] : ANKRD6 - 77674 variants...
     -reading in genotypes, computing gene-based tests and building masks...done (116927ms) 
     -computing association tests...done (97ms) 
     -computing joint association tests...done (0ms) 
 set [46/1714] : ANKS1A - 79339 variants...
     -reading in genotypes, computing gene-based tests and building masks...done (122306ms) 
     -computing association tests...done (58ms) 
     -computing joint association tests...done (0ms) 
 set [47/1714] : AP3S1P1 - 1031 variants...
     -reading in genotypes, computing gene-based tests and building masks...done (1404ms) 
     -computing association tests...done (46ms) 
     -computing joint association tests...done (0ms) 
 set [48/1714] : APOBEC2 - 8900 variants...
     -reading in genotypes, computing gene-based tests and building masks...done (22599ms) 
     -computing association tests...done (16ms) 
     -computing joint association tests...done (0ms) 
 set [49/1714] : APOM - 3358 variants...
     -reading in genotypes, computing gene-based tests and building masks...done (5666ms) 
     -computing association tests...done (63ms) 
     -computing joint association tests...done (0ms) 
 set [50/1714] : ARFGEF3 - 76523 variants...
     -reading in genotypes, computing gene-based tests and building masks...done (103403ms) 
     -computing association tests...done (79ms) 
     -computing joint association tests...done (0ms) 
 set [51/1714] : ARG1 - 50687 variants...
     -reading in genotypes, computing gene-based tests and building masks...done (77772ms) 
     -computing association tests...done (73ms) 
     -computing joint association tests...done (0ms) 
 set [52/1714] : ARHGAP18 - 64434 variants...
     -reading in genotypes, computing gene-based tests and building masks...done (136231ms) 
     -computing association tests...done (70ms) 
     -computing joint association tests...done (0ms) 
 set [53/1714] : ARID1B - 195108 variants...
     -reading in genotypes, computing gene-based tests and building masks...done (476731ms) 
     -computing association tests...done (88ms) 
     -computing joint association tests...done (0ms) 
 set [54/1714] : ARMC12 - 9133 variants...
     -reading in genotypes, computing gene-based tests and building masks...done (20420ms) 
     -computing association tests...done (21ms) 
     -computing joint association tests...done (0ms) 
 set [55/1714] : ARMC2 - 54747 variants...
     -reading in genotypes, computing gene-based tests and building masks...done (69262ms) 
     -computing association tests...done (77ms) 
     -computing joint association tests...done (0ms) 
 set [56/1714] : ARMH2 - 4388 variants...
     -reading in genotypes, computing gene-based tests and building masks...done (9736ms) 
     -computing association tests...done (85ms) 
     -computing joint association tests...done (0ms) 
 set [57/1714] : ARMT1 - 14029 variants...
     -reading in genotypes, computing gene-based tests and building masks...done (29328ms) 
     -computing association tests...done (63ms) 
     -computing joint association tests...done (0ms) 
 set [58/1714] : ASCC3 - 161575 variants...
     -reading in genotypes, computing gene-based tests and building masks...done (432497ms) 
     -computing association tests...done (26ms) 
     -computing joint association tests...done (0ms) 
 set [59/1714] : ASF1A - 10205 variants...
     -reading in genotypes, computing gene-based tests and building masks...done (18583ms) 
     -computing association tests...done (58ms) 
     -computing joint association tests...done (0ms) 
 set [60/1714] : ASS1P1 - 346 variants...
     -reading in genotypes, computing gene-based tests and building masks...done (626ms) 
     -computing association tests...done (7ms) 
     -computing joint association tests...done (0ms) 
 set [61/1714] : ATAT1 - 7187 variants...
     -reading in genotypes, computing gene-based tests and building masks...done (9662ms) 
     -computing association tests...done (19ms) 
     -computing joint association tests...done (0ms) 
 set [62/1714] : ATF1P1 - 4745 variants...
     -reading in genotypes, computing gene-based tests and building masks...done (5672ms) 
     -computing association tests...done (16ms) 
     -computing joint association tests...done (0ms) 
 set [63/1714] : ATF6B - 5401 variants...
     -reading in genotypes, computing gene-based tests and building masks...done (9870ms) 
     -computing association tests...done (58ms) 
     -computing joint association tests...done (0ms) 
 set [64/1714] : ATG5 - 85883 variants...
     -reading in genotypes, computing gene-based tests and building masks...done (116764ms) 
     -computing association tests...done (33ms) 
     -computing joint association tests...done (0ms) 
 set [65/1714] : ATP5MGP2 - 4174 variants...
     -reading in genotypes, computing gene-based tests and building masks...done (3635ms) 
     -computing association tests...done (48ms) 
     -computing joint association tests...done (0ms) 
 set [66/1714] : ATP5PBP6 - 4254 variants...
     -reading in genotypes, computing gene-based tests and building masks...done (3874ms) 
     -computing association tests...done (12ms) 
     -computing joint association tests...done (0ms) 
 set [67/1714] : ATP6V1FP1 - 1236 variants...
     -reading in genotypes, computing gene-based tests and building masks...done (4473ms) 
     -computing association tests...done (11ms) 
     -computing joint association tests...done (0ms) 
 set [68/1714] : ATP6V1G2 - 758 variants...
     -reading in genotypes, computing gene-based tests and building masks...done (4815ms) 
     -computing association tests...done (9ms) 
     -computing joint association tests...done (0ms) 
 set [69/1714] : ATXN1 - 196756 variants...
     -reading in genotypes, computing gene-based tests and building masks...done (596233ms) 
     -computing association tests...done (38ms) 
     -computing joint association tests...done (1ms) 
 set [70/1714] : ATXN1-AS1 - 133 variants...
     -reading in genotypes, computing gene-based tests and building masks...done (779ms) 
     -computing association tests...done (13ms) 
     -computing joint association tests...done (0ms) 
 set [71/1714] : B3GALNT2P1 - 4851 variants...
     -reading in genotypes, computing gene-based tests and building masks...done (10627ms) 
     -computing association tests...done (16ms) 
     -computing joint association tests...done (0ms) 
 set [72/1714] : B3GAT2 - 47888 variants...
     -reading in genotypes, computing gene-based tests and building masks...done (56884ms) 
     -computing association tests...done (39ms) 
     -computing joint association tests...done (1ms) 
 set [73/1714] : B3GNTL1P2 - 3472 variants...
     -reading in genotypes, computing gene-based tests and building masks...done (13922ms) 
     -computing association tests...done (19ms) 
     -computing joint association tests...done (0ms) 
 set [74/1714] : BACH2 - 153841 variants...
     -reading in genotypes, computing gene-based tests and building masks...done (448813ms) 
     -computing association tests...done (24ms) 
     -computing joint association tests...done (1ms) 
 set [75/1714] : BAG2 - 6539 variants...
     -reading in genotypes, computing gene-based tests and building masks...done (10986ms) 
     -computing association tests...done (23ms) 
     -computing joint association tests...done (0ms) 
 set [76/1714] : BAG6 - 3741 variants...
     -reading in genotypes, computing gene-based tests and building masks...done (12011ms) 
     -computing association tests...done (21ms) 
     -computing joint association tests...done (0ms) 
 set [77/1714] : BAK1 - 7542 variants...
     -reading in genotypes, computing gene-based tests and building masks...done (8885ms) 
     -computing association tests...done (11ms) 
     -computing joint association tests...done (0ms) 
 set [78/1714] : BCKDHB - 101683 variants...
     -reading in genotypes, computing gene-based tests and building masks...done (146473ms) 
     -computing association tests...done (24ms) 
     -computing joint association tests...done (0ms) 
 set [79/1714] : BCLAF1 - 17807 variants...
     -reading in genotypes, computing gene-based tests and building masks...done (16457ms) 
     -computing association tests...done (18ms) 
     -computing joint association tests...done (0ms) 
 set [80/1714] : BDH2P1 - 3852 variants...
     -reading in genotypes, computing gene-based tests and building masks...done (6423ms) 
     -computing association tests...done (12ms) 
     -computing joint association tests...done (0ms) 
 set [81/1714] : BECN1P2 - 328 variants...
     -reading in genotypes, computing gene-based tests and building masks...done (468ms) 
     -computing association tests...done (10ms) 
     -computing joint association tests...done (0ms) 
 set [82/1714] : BEND3 - 29367 variants...
     -reading in genotypes, computing gene-based tests and building masks...done (35902ms) 
     -computing association tests...done (55ms) 
     -computing joint association tests...done (0ms) 
 set [83/1714] : BEND6 - 31451 variants...
     -reading in genotypes, computing gene-based tests and building masks...done (31460ms) 
     -computing association tests...done (17ms) 
     -computing joint association tests...done (0ms) 
 set [84/1714] : BICRAL - 43969 variants...
     -reading in genotypes, computing gene-based tests and building masks...done (54515ms) 
     -computing association tests...done (22ms) 
     -computing joint association tests...done (0ms) 
 set [85/1714] : BLOC1S5 - 25813 variants...
     -reading in genotypes, computing gene-based tests and building masks...done (30603ms) 
     -computing association tests...done (58ms) 
     -computing joint association tests...done (0ms) 
 set [86/1714] : BLTP3A - 36249 variants...
     -reading in genotypes, computing gene-based tests and building masks...done (35637ms) 
     -computing association tests...done (58ms) 
     -computing joint association tests...done (0ms) 
 set [87/1714] : BMP5 - 55355 variants...
     -reading in genotypes, computing gene-based tests and building masks...done (67867ms) 
     -computing association tests...done (41ms) 
     -computing joint association tests...done (0ms) 
 set [88/1714] : BMP6 - 73044 variants...
     -reading in genotypes, computing gene-based tests and building masks...done (99899ms) 
     -computing association tests...done (62ms) 
     -computing joint association tests...done (0ms) 
 set [89/1714] : BNIP5 - 13551 variants...
     -reading in genotypes, computing gene-based tests and building masks...done (15809ms) 
     -computing association tests...done (20ms) 
     -computing joint association tests...done (0ms) 
 set [90/1714] : BOLA2P3 - 1482 variants...
     -reading in genotypes, computing gene-based tests and building masks...done (5348ms) 
     -computing association tests...done (61ms) 
     -computing joint association tests...done (0ms) 
 set [91/1714] : BPHL - 23691 variants...
     -reading in genotypes, computing gene-based tests and building masks...done (113217ms) 
     -computing association tests...done (22ms) 
     -computing joint association tests...done (0ms) 
 set [92/1714] : BRD2 - 12957 variants...
     -reading in genotypes, computing gene-based tests and building masks...done (29042ms) 
     -computing association tests...done (62ms) 
     -computing joint association tests...done (0ms) 
 set [93/1714] : BRPF3 - 18281 variants...
     -reading in genotypes, computing gene-based tests and building masks...done (30573ms) 
     -computing association tests...done (73ms) 
     -computing joint association tests...done (0ms) 
 set [94/1714] : BRPF3-AS1 - 21663 variants...
     -reading in genotypes, computing gene-based tests and building masks...done (21346ms) 
     -computing association tests...done (18ms) 
     -computing joint association tests...done (0ms) 
 set [95/1714] : BTBD9 - 202641 variants...
     -reading in genotypes, computing gene-based tests and building masks...done (617436ms) 
     -computing association tests...done (113ms) 
     -computing joint association tests...done (0ms) 
 set [96/1714] : BTF3L4P3 - 4296 variants...
     -reading in genotypes, computing gene-based tests and building masks...done (5182ms) 
     -computing association tests...done (14ms) 
     -computing joint association tests...done (0ms) 
 set [97/1714] : BTN1A1 - 9043 variants...
     -reading in genotypes, computing gene-based tests and building masks...done (12459ms) 
     -computing association tests...done (81ms) 
     -computing joint association tests...done (0ms) 
 set [98/1714] : BTN1A1P1 - 213 variants...
     -reading in genotypes, computing gene-based tests and building masks...done (561ms) 
     -computing association tests...done (12ms) 
     -computing joint association tests...done (0ms) 
 set [99/1714] : BTN2A1 - 8385 variants...
     -reading in genotypes, computing gene-based tests and building masks...done (9220ms) 
     -computing association tests...done (50ms) 
     -computing joint association tests...done (0ms) 
 set [100/1714] : BTN2A2 - 7660 variants...
     -reading in genotypes, computing gene-based tests and building masks...done (15767ms) 
     -computing association tests...done (55ms) 
     -computing joint association tests...done (0ms) 
 set [101/1714] : BTN2A3P - 4067 variants...
     -reading in genotypes, computing gene-based tests and building masks...done (4450ms) 
     -computing association tests...done (58ms) 
     -computing joint association tests...done (0ms) 
 set [102/1714] : BTN3A1 - 8487 variants...
     -reading in genotypes, computing gene-based tests and building masks...done (7954ms) 
     -computing association tests...done (18ms) 
     -computing joint association tests...done (0ms) 
 set [103/1714] : BTN3A2 - 7386 variants...
     -reading in genotypes, computing gene-based tests and building masks...done (7538ms) 
     -computing association tests...done (24ms) 
     -computing joint association tests...done (0ms) 
 set [104/1714] : BTN3A3 - 6554 variants...
     -reading in genotypes, computing gene-based tests and building masks...done (6682ms) 
     -computing association tests...done (57ms) 
     -computing joint association tests...done (0ms) 
 set [105/1714] : BTNL2 - 10544 variants...
     -reading in genotypes, computing gene-based tests and building masks...done (19627ms) 
     -computing association tests...done (57ms) 
     -computing joint association tests...done (1ms) 
 set [106/1714] : BVES - 21928 variants...
     -reading in genotypes, computing gene-based tests and building masks...done (36725ms) 
     -computing association tests...done (65ms) 
     -computing joint association tests...done (0ms) 
 set [107/1714] : BVES-AS1 - 11521 variants...
     -reading in genotypes, computing gene-based tests and building masks...done (12284ms) 
     -computing association tests...done (13ms) 
     -computing joint association tests...done (0ms) 
 set [108/1714] : BYSL - 5759 variants...
     -reading in genotypes, computing gene-based tests and building masks...done (10665ms) 
     -computing association tests...done (27ms) 
     -computing joint association tests...done (0ms) 
 set [109/1714] : C11orf98P2 - 4261 variants...
     -reading in genotypes, computing gene-based tests and building masks...done (4964ms) 
     -computing association tests...done (14ms) 
     -computing joint association tests...done (0ms) 
 set [110/1714] : C2 - 15340 variants...
     -reading in genotypes, computing gene-based tests and building masks...done (26378ms) 
     -computing association tests...done (68ms) 
     -computing joint association tests...done (0ms) 
 set [111/1714] : C4A - 7347 variants...
     -reading in genotypes, computing gene-based tests and building masks...done (15926ms) 
     -computing association tests...done (70ms) 
     -computing joint association tests...done (0ms) 
 set [112/1714] : C4A-AS1 - 664 variants...
     -reading in genotypes, computing gene-based tests and building masks...done (1210ms) 
     -computing association tests...done (47ms) 
     -computing joint association tests...done (0ms) 
 set [113/1714] : C4B - 6970 variants...
     -reading in genotypes, computing gene-based tests and building masks...done (25938ms) 
     -computing association tests...done (72ms) 
     -computing joint association tests...done (0ms) 
 set [114/1714] : C6orf118 - 18538 variants...
     -reading in genotypes, computing gene-based tests and building masks...done (25793ms) 
     -computing association tests...done (17ms) 
     -computing joint association tests...done (0ms) 
 set [115/1714] : C6orf120 - 6740 variants...
     -reading in genotypes, computing gene-based tests and building masks...done (7867ms) 
     -computing association tests...done (16ms) 
     -computing joint association tests...done (0ms) 
 set [116/1714] : C6orf132 - 23994 variants...
     -reading in genotypes, computing gene-based tests and building masks...done (34345ms) 
     -computing association tests...done (39ms) 
     -computing joint association tests...done (0ms) 
 set [117/1714] : C6orf141 - 7092 variants...
     -reading in genotypes, computing gene-based tests and building masks...done (14010ms) 
     -computing association tests...done (19ms) 
     -computing joint association tests...done (0ms) 
 set [118/1714] : C6orf15 - 3290 variants...
     -reading in genotypes, computing gene-based tests and building masks...done (9864ms) 
     -computing association tests...done (61ms) 
     -computing joint association tests...done (0ms) 
 set [119/1714] : C6orf163 - 8650 variants...
     -reading in genotypes, computing gene-based tests and building masks...done (10869ms) 
     -computing association tests...done (17ms) 
     -computing joint association tests...done (0ms) 
 set [120/1714] : C6orf226 - 312 variants...
     -reading in genotypes, computing gene-based tests and building masks...done (4462ms) 
     -computing association tests...done (68ms) 
     -computing joint association tests...done (0ms) 
 set [121/1714] : C6orf52 - 9277 variants...
     -reading in genotypes, computing gene-based tests and building masks...done (10130ms) 
     -computing association tests...done (72ms) 
     -computing joint association tests...done (0ms) 
 set [122/1714] : C6orf58 - 33951 variants...
     -reading in genotypes, computing gene-based tests and building masks...done (36146ms) 
     -computing association tests...done (17ms) 
     -computing joint association tests...done (0ms) 
 set [123/1714] : C6orf62 - 9972 variants...
     -reading in genotypes, computing gene-based tests and building masks...done (10488ms) 
     -computing association tests...done (19ms) 
     -computing joint association tests...done (0ms) 
 set [124/1714] : C6orf89 - 22239 variants...
     -reading in genotypes, computing gene-based tests and building masks...done (28651ms) 
     -computing association tests...done (19ms) 
     -computing joint association tests...done (0ms) 
 set [125/1714] : CACYBPP3 - 1636 variants...
     -reading in genotypes, computing gene-based tests and building masks...done (6759ms) 
     -computing association tests...done (14ms) 
     -computing joint association tests...done (0ms) 
 set [126/1714] : CAGE1 - 28244 variants...
     -reading in genotypes, computing gene-based tests and building masks...done (37060ms) 
     -computing association tests...done (33ms) 
     -computing joint association tests...done (0ms) 
 set [127/1714] : CAHM - 16217 variants...
     -reading in genotypes, computing gene-based tests and building masks...done (26059ms) 
     -computing association tests...done (47ms) 
     -computing joint association tests...done (0ms) 
 set [128/1714] : CALHM4 - 6943 variants...
     -reading in genotypes, computing gene-based tests and building masks...done (8351ms) 
     -computing association tests...done (19ms) 
     -computing joint association tests...done (0ms) 
 set [129/1714] : CALHM5 - 9110 variants...
     -reading in genotypes, computing gene-based tests and building masks...done (8981ms) 
     -computing association tests...done (17ms) 
     -computing joint association tests...done (0ms) 
 set [130/1714] : CALHM6 - 5030 variants...
     -reading in genotypes, computing gene-based tests and building masks...done (10810ms) 
     -computing association tests...done (19ms) 
     -computing joint association tests...done (0ms) 
 set [131/1714] : CALHM6-AS1 - 223 variants...
     -reading in genotypes, computing gene-based tests and building masks...done (503ms) 
     -computing association tests...done (9ms) 
     -computing joint association tests...done (0ms) 
 set [132/1714] : CANT1P1 - 130 variants...
     -reading in genotypes, computing gene-based tests and building masks...done (6982ms) 
     -computing association tests...done (12ms) 
     -computing joint association tests...done (0ms) 
 set [133/1714] : CAP2 - 74338 variants...
     -reading in genotypes, computing gene-based tests and building masks...done (98672ms) 
     -computing association tests...done (63ms) 
     -computing joint association tests...done (2ms) 
 set [134/1714] : CAPN11 - 21580 variants...
     -reading in genotypes, computing gene-based tests and building masks...done (41737ms) 
     -computing association tests...done (75ms) 
     -computing joint association tests...done (0ms) 
 set [135/1714] : CARMIL1 - 141392 variants...
     -reading in genotypes, computing gene-based tests and building masks...done (268946ms) 
     -computing association tests...done (77ms) 
     -computing joint association tests...done (0ms) 
 set [136/1714] : CASC15 - 402555 variants...
     -reading in genotypes, computing gene-based tests and building masks...done (2311898ms) 
     -computing association tests...done (62ms) 
     -computing joint association tests...done (0ms) 
 set [137/1714] : CASC6 - 61695 variants...
     -reading in genotypes, computing gene-based tests and building masks...done (80027ms) 
     -computing association tests...done (83ms) 
     -computing joint association tests...done (0ms) 
 set [138/1714] : CASP8AP2 - 22168 variants...
     -reading in genotypes, computing gene-based tests and building masks...done (30326ms) 
     -computing association tests...done (33ms) 
     -computing joint association tests...done (0ms) 
 set [139/1714] : CBX3P9 - 2056 variants...
     -reading in genotypes, computing gene-based tests and building masks...done (2873ms) 
     -computing association tests...done (21ms) 
     -computing joint association tests...done (0ms) 
 set [140/1714] : CCDC162P - 5088 variants...
     -reading in genotypes, computing gene-based tests and building masks...done (6673ms) 
     -computing association tests...done (19ms) 
     -computing joint association tests...done (0ms) 
 set [141/1714] : CCDC167 - 9134 variants...
     -reading in genotypes, computing gene-based tests and building masks...done (13602ms) 
     -computing association tests...done (85ms) 
     -computing joint association tests...done (0ms) 
 set [142/1714] : CCDC170 - 57933 variants...
     -reading in genotypes, computing gene-based tests and building masks...done (88302ms) 
     -computing association tests...done (102ms) 
     -computing joint association tests...done (0ms) 
 set [143/1714] : CCDC28A - 11678 variants...
     -reading in genotypes, computing gene-based tests and building masks...done (15981ms) 
     -computing association tests...done (56ms) 
     -computing joint association tests...done (0ms) 
 set [144/1714] : CCDC28A-AS1 - 19467 variants...
     -reading in genotypes, computing gene-based tests and building masks...done (19489ms) 
     -computing association tests...done (85ms) 
     -computing joint association tests...done (0ms) 
 set [145/1714] : CCHCR1 - 3464 variants...
     -reading in genotypes, computing gene-based tests and building masks...done (6443ms) 
     -computing association tests...done (86ms) 
     -computing joint association tests...done (0ms) 
 set [146/1714] : CCN2 - 5352 variants...
     -reading in genotypes, computing gene-based tests and building masks...done (13752ms) 
     -computing association tests...done (58ms) 
     -computing joint association tests...done (0ms) 
 set [147/1714] : CCN6 - 8230 variants...
     -reading in genotypes, computing gene-based tests and building masks...done (9513ms) 
     -computing association tests...done (18ms) 
     -computing joint association tests...done (0ms) 
 set [148/1714] : CCNC - 14032 variants...
     -reading in genotypes, computing gene-based tests and building masks...done (17548ms) 
     -computing association tests...done (67ms) 
     -computing joint association tests...done (0ms) 
 set [149/1714] : CCND3 - 35862 variants...
     -reading in genotypes, computing gene-based tests and building masks...done (62861ms) 
     -computing association tests...done (32ms) 
     -computing joint association tests...done (1ms) 
 set [150/1714] : CCR6 - 13186 variants...
     -reading in genotypes, computing gene-based tests and building masks...done (19104ms) 
     -computing association tests...done (28ms) 
     -computing joint association tests...done (0ms) 
 set [151/1714] : CD109 - 55455 variants...
     -reading in genotypes, computing gene-based tests and building masks...done (88584ms) 
     -computing association tests...done (31ms) 
     -computing joint association tests...done (0ms) 
 set [152/1714] : CD109-AS1 - 9786 variants...
     -reading in genotypes, computing gene-based tests and building masks...done (32746ms) 
     -computing association tests...done (45ms) 
     -computing joint association tests...done (0ms) 
 set [153/1714] : CD164 - 11146 variants...
     -reading in genotypes, computing gene-based tests and building masks...done (14078ms) 
     -computing association tests...done (22ms) 
     -computing joint association tests...done (0ms) 
 set [154/1714] : CD24 - 7001 variants...
     -reading in genotypes, computing gene-based tests and building masks...done (11065ms) 
     -computing association tests...done (26ms) 
     -computing joint association tests...done (0ms) 
 set [155/1714] : CD2AP - 66809 variants...
     -reading in genotypes, computing gene-based tests and building masks...done (96632ms) 
     -computing association tests...done (66ms) 
     -computing joint association tests...done (0ms) 
 set [156/1714] : CD2AP-DT - 494 variants...
     -reading in genotypes, computing gene-based tests and building masks...done (984ms) 
     -computing association tests...done (14ms) 
     -computing joint association tests...done (0ms) 
 set [157/1714] : CD83 - 12779 variants...
     -reading in genotypes, computing gene-based tests and building masks...done (15638ms) 
     -computing association tests...done (17ms) 
     -computing joint association tests...done (0ms) 
 set [158/1714] : CD83P1 - 5516 variants...
     -reading in genotypes, computing gene-based tests and building masks...done (6845ms) 
     -computing association tests...done (13ms) 
     -computing joint association tests...done (0ms) 
 set [159/1714] : CDC40 - 24445 variants...
     -reading in genotypes, computing gene-based tests and building masks...done (24426ms) 
     -computing association tests...done (28ms) 
     -computing joint association tests...done (0ms) 
 set [160/1714] : CDC5L - 28910 variants...
     -reading in genotypes, computing gene-based tests and building masks...done (31851ms) 
     -computing association tests...done (96ms) 
     -computing joint association tests...done (0ms) 
 set [161/1714] : CDCA7P1 - 6109 variants...
     -reading in genotypes, computing gene-based tests and building masks...done (12200ms) 
     -computing association tests...done (15ms) 
     -computing joint association tests...done (0ms) 
 set [162/1714] : CDK19 - 89488 variants...
     -reading in genotypes, computing gene-based tests and building masks...done (180536ms) 
     -computing association tests...done (34ms) 
     -computing joint association tests...done (0ms) 
 set [163/1714] : CDKAL1 - 290248 variants...
     -reading in genotypes, computing gene-based tests and building masks...done (1083702ms) 
     -computing association tests...done (54ms) 
     -computing joint association tests...done (0ms) 
 set [164/1714] : CDKN1A - 9137 variants...
     -reading in genotypes, computing gene-based tests and building masks...done (10578ms) 
     -computing association tests...done (13ms) 
     -computing joint association tests...done (0ms) 
 set [165/1714] : CDSN - 4887 variants...
     -reading in genotypes, computing gene-based tests and building masks...done (9556ms) 
     -computing association tests...done (57ms) 
     -computing joint association tests...done (0ms) 
 set [166/1714] : CDYL - 122399 variants...
     -reading in genotypes, computing gene-based tests and building masks...done (222830ms) 
     -computing association tests...done (65ms) 
     -computing joint association tests...done (0ms) 
 set [167/1714] : CDYL-AS1 - 830 variants...
     -reading in genotypes, computing gene-based tests and building masks...done (1213ms) 
     -computing association tests...done (48ms) 
     -computing joint association tests...done (0ms) 
 set [168/1714] : CENPQ - 16667 variants...
     -reading in genotypes, computing gene-based tests and building masks...done (24722ms) 
     -computing association tests...done (53ms) 
     -computing joint association tests...done (0ms) 
 set [169/1714] : CENPW - 6960 variants...
     -reading in genotypes, computing gene-based tests and building masks...done (8196ms) 
     -computing association tests...done (61ms) 
     -computing joint association tests...done (0ms) 
 set [170/1714] : CEP162 - 46316 variants...
     -reading in genotypes, computing gene-based tests and building masks...done (63407ms) 
     -computing association tests...done (20ms) 
     -computing joint association tests...done (0ms) 
 set [171/1714] : CEP43 - 27053 variants...
     -reading in genotypes, computing gene-based tests and building masks...done (29462ms) 
     -computing association tests...done (19ms) 
     -computing joint association tests...done (0ms) 
 set [172/1714] : CEP57L1 - 31912 variants...
     -reading in genotypes, computing gene-based tests and building masks...done (44164ms) 
     -computing association tests...done (56ms) 
     -computing joint association tests...done (0ms) 
 set [173/1714] : CEP85L - 111257 variants...
     -reading in genotypes, computing gene-based tests and building masks...done (182557ms) 
     -computing association tests...done (26ms) 
     -computing joint association tests...done (0ms) 
 set [174/1714] : CFAP206 - 23713 variants...
     -reading in genotypes, computing gene-based tests and building masks...done (32053ms) 
     -computing association tests...done (20ms) 
     -computing joint association tests...done (0ms) 
 set [175/1714] : CFB - 2374 variants...
     -reading in genotypes, computing gene-based tests and building masks...done (4033ms) 
     -computing association tests...done (105ms) 
     -computing joint association tests...done (0ms) 
 set [176/1714] : CGA - 7568 variants...
     -reading in genotypes, computing gene-based tests and building masks...done (8461ms) 
     -computing association tests...done (20ms) 
     -computing joint association tests...done (0ms) 
 set [177/1714] : CGAS - 15960 variants...
     -reading in genotypes, computing gene-based tests and building masks...done (26594ms) 
     -computing association tests...done (72ms) 
     -computing joint association tests...done (2ms) 
 set [178/1714] : CILK1 - 21816 variants...
     -reading in genotypes, computing gene-based tests and building masks...done (26192ms) 
     -computing association tests...done (85ms) 
     -computing joint association tests...done (0ms) 
 set [179/1714] : CIMIP3 - 9186 variants...
     -reading in genotypes, computing gene-based tests and building masks...done (11969ms) 
     -computing association tests...done (28ms) 
     -computing joint association tests...done (1ms) 
 set [180/1714] : CITED2 - 6376 variants...
     -reading in genotypes, computing gene-based tests and building masks...done (12814ms) 
     -computing association tests...done (73ms) 
     -computing joint association tests...done (0ms) 
 set [181/1714] : CLDN20 - 472 variants...
     -reading in genotypes, computing gene-based tests and building masks...done (13676ms) 
     -computing association tests...done (13ms) 
     -computing joint association tests...done (0ms) 
 set [182/1714] : CLIC1 - 6171 variants...
     -reading in genotypes, computing gene-based tests and building masks...done (8774ms) 
     -computing association tests...done (76ms) 
     -computing joint association tests...done (0ms) 
 set [183/1714] : CLIC5 - 97140 variants...
     -reading in genotypes, computing gene-based tests and building masks...done (144324ms) 
     -computing association tests...done (49ms) 
     -computing joint association tests...done (0ms) 
 set [184/1714] : CLNS1AP1 - 4703 variants...
     -reading in genotypes, computing gene-based tests and building masks...done (7412ms) 
     -computing association tests...done (16ms) 
     -computing joint association tests...done (0ms) 
 set [185/1714] : CLPS - 3548 variants...
     -reading in genotypes, computing gene-based tests and building masks...done (13658ms) 
     -computing association tests...done (23ms) 
     -computing joint association tests...done (0ms) 
 set [186/1714] : CLPSL1 - 6729 variants...
     -reading in genotypes, computing gene-based tests and building masks...done (15134ms) 
     -computing association tests...done (23ms) 
     -computing joint association tests...done (0ms) 
 set [187/1714] : CLPSL2 - 4044 variants...
     -reading in genotypes, computing gene-based tests and building masks...done (10367ms) 
     -computing association tests...done (76ms) 
     -computing joint association tests...done (0ms) 
 set [188/1714] : CLVS2 - 34939 variants...
     -reading in genotypes, computing gene-based tests and building masks...done (38853ms) 
     -computing association tests...done (67ms) 
     -computing joint association tests...done (0ms) 
 set [189/1714] : CMAHP - 87961 variants...
     -reading in genotypes, computing gene-based tests and building masks...done (168869ms) 
     -computing association tests...done (74ms) 
     -computing joint association tests...done (0ms) 
 set [190/1714] : CMPK1P1 - 3617 variants...
     -reading in genotypes, computing gene-based tests and building masks...done (13268ms) 
     -computing association tests...done (19ms) 
     -computing joint association tests...done (0ms) 
 set [191/1714] : CMTR1 - 20937 variants...
     -reading in genotypes, computing gene-based tests and building masks...done (22036ms) 
     -computing association tests...done (65ms) 
     -computing joint association tests...done (0ms) 
 set [192/1714] : CNKSR3 - 56108 variants...
     -reading in genotypes, computing gene-based tests and building masks...done (84179ms) 
     -computing association tests...done (63ms) 
     -computing joint association tests...done (0ms) 
 set [193/1714] : CNN3P1 - 366 variants...
     -reading in genotypes, computing gene-based tests and building masks...done (7150ms) 
     -computing association tests...done (8ms) 
     -computing joint association tests...done (0ms) 
 set [194/1714] : CNPY3 - 8520 variants...
     -reading in genotypes, computing gene-based tests and building masks...done (10242ms) 
     -computing association tests...done (29ms) 
     -computing joint association tests...done (0ms) 
 set [195/1714] : CNR1 - 15010 variants...
     -reading in genotypes, computing gene-based tests and building masks...done (17753ms) 
     -computing association tests...done (53ms) 
     -computing joint association tests...done (0ms) 
 set [196/1714] : COL11A2 - 15171 variants...
     -reading in genotypes, computing gene-based tests and building masks...done (20546ms) 
     -computing association tests...done (25ms) 
     -computing joint association tests...done (0ms) 
 set [197/1714] : COL11A2P1 - 2235 variants...
     -reading in genotypes, computing gene-based tests and building masks...done (3739ms) 
     -computing association tests...done (17ms) 
     -computing joint association tests...done (0ms) 
 set [198/1714] : COL12A1 - 50752 variants...
     -reading in genotypes, computing gene-based tests and building masks...done (65993ms) 
     -computing association tests...done (82ms) 
     -computing joint association tests...done (0ms) 
 set [199/1714] : COL19A1 - 143978 variants...
     -reading in genotypes, computing gene-based tests and building masks...done (290403ms) 
     -computing association tests...done (37ms) 
     -computing joint association tests...done (0ms) 
 set [200/1714] : COL21A1 - 150451 variants...
     -reading in genotypes, computing gene-based tests and building masks...done (811813ms) 
     -computing association tests...done (39ms) 
     -computing joint association tests...done (0ms) 
 set [201/1714] : COL9A1 - 37727 variants...
     -reading in genotypes, computing gene-based tests and building masks...done (41266ms) 
     -computing association tests...done (84ms) 
     -computing joint association tests...done (0ms) 
 set [202/1714] : COQ3 - 14421 variants...
     -reading in genotypes, computing gene-based tests and building masks...done (27404ms) 
     -computing association tests...done (22ms) 
     -computing joint association tests...done (0ms) 
 set [203/1714] : COX6A1P2 - 185 variants...
     -reading in genotypes, computing gene-based tests and building masks...done (471ms) 
     -computing association tests...done (8ms) 
     -computing joint association tests...done (0ms) 
 set [204/1714] : COX6A1P3 - 3966 variants...
     -reading in genotypes, computing gene-based tests and building masks...done (5186ms) 
     -computing association tests...done (14ms) 
     -computing joint association tests...done (0ms) 
 set [205/1714] : COX7A2 - 6133 variants...
     -reading in genotypes, computing gene-based tests and building masks...done (13774ms) 
     -computing association tests...done (12ms) 
     -computing joint association tests...done (0ms) 
 set [206/1714] : COX8CP1 - 721 variants...
     -reading in genotypes, computing gene-based tests and building masks...done (1036ms) 
     -computing association tests...done (12ms) 
     -computing joint association tests...done (0ms) 
 set [207/1714] : CPNE5 - 45033 variants...
     -reading in genotypes, computing gene-based tests and building masks...done (54877ms) 
     -computing association tests...done (16ms) 
     -computing joint association tests...done (0ms) 
 set [208/1714] : CRIP3 - 5294 variants...
     -reading in genotypes, computing gene-based tests and building masks...done (6874ms) 
     -computing association tests...done (16ms) 
     -computing joint association tests...done (0ms) 
 set [209/1714] : CRIPTOP4 - 202 variants...
     -reading in genotypes, computing gene-based tests and building masks...done (2501ms) 
     -computing association tests...done (5ms) 
     -computing joint association tests...done (0ms) 
 set [210/1714] : CRISP1 - 24105 variants...
     -reading in genotypes, computing gene-based tests and building masks...done (23658ms) 
     -computing association tests...done (53ms) 
     -computing joint association tests...done (0ms) 
 set [211/1714] : CRISP2 - 14848 variants...
     -reading in genotypes, computing gene-based tests and building masks...done (14533ms) 
     -computing association tests...done (17ms) 
     -computing joint association tests...done (0ms) 
 set [212/1714] : CRISP3 - 12026 variants...
     -reading in genotypes, computing gene-based tests and building masks...done (12577ms) 
     -computing association tests...done (28ms) 
     -computing joint association tests...done (0ms) 
 set [213/1714] : CRYBG1 - 90050 variants...
     -reading in genotypes, computing gene-based tests and building masks...done (143134ms) 
     -computing association tests...done (28ms) 
     -computing joint association tests...done (0ms) 
 set [214/1714] : CSNK2B - 2395 variants...
     -reading in genotypes, computing gene-based tests and building masks...done (10127ms) 
     -computing association tests...done (68ms) 
     -computing joint association tests...done (0ms) 
 set [215/1714] : CT69 - 5875 variants...
     -reading in genotypes, computing gene-based tests and building masks...done (7073ms) 
     -computing association tests...done (13ms) 
     -computing joint association tests...done (0ms) 
 set [216/1714] : CTAGE13P - 2060 variants...
     -reading in genotypes, computing gene-based tests and building masks...done (3449ms) 
     -computing association tests...done (7ms) 
     -computing joint association tests...done (0ms) 
 set [217/1714] : CUL7 - 6112 variants...
     -reading in genotypes, computing gene-based tests and building masks...done (7922ms) 
     -computing association tests...done (14ms) 
     -computing joint association tests...done (0ms) 
 set [218/1714] : CUL9 - 13106 variants...
     -reading in genotypes, computing gene-based tests and building masks...done (13583ms) 
     -computing association tests...done (16ms) 
     -computing joint association tests...done (0ms) 
 set [219/1714] : CYB5R4 - 45262 variants...
     -reading in genotypes, computing gene-based tests and building masks...done (46455ms) 
     -computing association tests...done (19ms) 
     -computing joint association tests...done (0ms) 
 set [220/1714] : CYCSP17 - 152 variants...
     -reading in genotypes, computing gene-based tests and building masks...done (889ms) 
     -computing association tests...done (1ms) 
     -computing joint association tests...done (0ms) 
 set [221/1714] : CYCSP55 - 342 variants...
     -reading in genotypes, computing gene-based tests and building masks...done (797ms) 
     -computing association tests...done (13ms) 
     -computing joint association tests...done (0ms) 
 set [222/1714] : CYP21A2 - 2603 variants...
     -reading in genotypes, computing gene-based tests and building masks...done (18703ms) 
     -computing association tests...done (111ms) 
     -computing joint association tests...done (0ms) 
 set [223/1714] : CYP2AC1P - 8593 variants...
     -reading in genotypes, computing gene-based tests and building masks...done (11311ms) 
     -computing association tests...done (16ms) 
     -computing joint association tests...done (0ms) 
 set [224/1714] : CYP39A1 - 45436 variants...
     -reading in genotypes, computing gene-based tests and building masks...done (53260ms) 
     -computing association tests...done (53ms) 
     -computing joint association tests...done (0ms) 
 set [225/1714] : DAAM2 - 51527 variants...
     -reading in genotypes, computing gene-based tests and building masks...done (72664ms) 
     -computing association tests...done (68ms) 
     -computing joint association tests...done (0ms) 
 set [226/1714] : DACT2 - 17748 variants...
     -reading in genotypes, computing gene-based tests and building masks...done (45227ms) 
     -computing association tests...done (77ms) 
     -computing joint association tests...done (0ms) 
 set [227/1714] : DBIP1 - 114 variants...
     -reading in genotypes, computing gene-based tests and building masks...done (469ms) 
     -computing association tests...done (12ms) 
     -computing joint association tests...done (0ms) 
 set [228/1714] : DCBLD1 - 37093 variants...
     -reading in genotypes, computing gene-based tests and building masks...done (38824ms) 
     -computing association tests...done (21ms) 
     -computing joint association tests...done (0ms) 
 set [229/1714] : DCDC2 - 96218 variants...
     -reading in genotypes, computing gene-based tests and building masks...done (210542ms) 
     -computing association tests...done (87ms) 
     -computing joint association tests...done (0ms) 
 set [230/1714] : DDO - 13886 variants...
     -reading in genotypes, computing gene-based tests and building masks...done (23396ms) 
     -computing association tests...done (31ms) 
     -computing joint association tests...done (0ms) 
 set [231/1714] : DDR1 - 9374 variants...
     -reading in genotypes, computing gene-based tests and building masks...done (15694ms) 
     -computing association tests...done (51ms) 
     -computing joint association tests...done (0ms) 
 set [232/1714] : DDR1-DT - 6737 variants...
     -reading in genotypes, computing gene-based tests and building masks...done (7402ms) 
     -computing association tests...done (18ms) 
     -computing joint association tests...done (0ms) 
 set [233/1714] : DDX18P3 - 706 variants...
     -reading in genotypes, computing gene-based tests and building masks...done (5073ms) 
     -computing association tests...done (6ms) 
     -computing joint association tests...done (0ms) 
 set [234/1714] : DDX39B - 5989 variants...
     -reading in genotypes, computing gene-based tests and building masks...done (18215ms) 
     -computing association tests...done (59ms) 
     -computing joint association tests...done (0ms) 
 set [235/1714] : DDX39BP1 - 77 variants...
     -reading in genotypes, computing gene-based tests and building masks...done (5211ms) 
     -computing association tests...done (10ms) 
     -computing joint association tests...done (0ms) 
 set [236/1714] : DDX43 - 14001 variants...
     -reading in genotypes, computing gene-based tests and building masks...done (19997ms) 
     -computing association tests...done (29ms) 
     -computing joint association tests...done (0ms) 
 set [237/1714] : DDX6P1 - 1040 variants...
     -reading in genotypes, computing gene-based tests and building masks...done (1472ms) 
     -computing association tests...done (12ms) 
     -computing joint association tests...done (0ms) 
 set [238/1714] : DEF6 - 12041 variants...
     -reading in genotypes, computing gene-based tests and building masks...done (12905ms) 
     -computing association tests...done (23ms) 
     -computing joint association tests...done (0ms) 
 set [239/1714] : DEFB110 - 10458 variants...
     -reading in genotypes, computing gene-based tests and building masks...done (16576ms) 
     -computing association tests...done (69ms) 
     -computing joint association tests...done (0ms) 
 set [240/1714] : DEFB112 - 7984 variants...
     -reading in genotypes, computing gene-based tests and building masks...done (8557ms) 
     -computing association tests...done (19ms) 
     -computing joint association tests...done (0ms) 
 set [241/1714] : DEFB113 - 2474 variants...
     -reading in genotypes, computing gene-based tests and building masks...done (10428ms) 
     -computing association tests...done (11ms) 
     -computing joint association tests...done (0ms) 
 set [242/1714] : DEFB114 - 5637 variants...
     -reading in genotypes, computing gene-based tests and building masks...done (6121ms) 
     -computing association tests...done (24ms) 
     -computing joint association tests...done (0ms) 
 set [243/1714] : DEFB133 - 28 variants...
     -reading in genotypes, computing gene-based tests and building masks...done (1020ms) 
     -computing association tests...done (12ms) 
     -computing joint association tests...done (0ms) 
 set [244/1714] : DEK - 25502 variants...
     -reading in genotypes, computing gene-based tests and building masks...done (39576ms) 
     -computing association tests...done (39ms) 
     -computing joint association tests...done (0ms) 
 set [245/1714] : DHFRP5 - 5173 variants...
     -reading in genotypes, computing gene-based tests and building masks...done (9837ms) 
     -computing association tests...done (25ms) 
     -computing joint association tests...done (0ms) 
 set [246/1714] : DHFRP6 - 4135 variants...
     -reading in genotypes, computing gene-based tests and building masks...done (7119ms) 
     -computing association tests...done (17ms) 
     -computing joint association tests...done (0ms) 
 set [247/1714] : DHX16 - 11622 variants...
     -reading in genotypes, computing gene-based tests and building masks...done (12066ms) 
     -computing association tests...done (52ms) 
     -computing joint association tests...done (0ms) 
 set [248/1714] : DLK2 - 3280 variants...
     -reading in genotypes, computing gene-based tests and building masks...done (3578ms) 
     -computing association tests...done (15ms) 
     -computing joint association tests...done (0ms) 
 set [249/1714] : DLL1 - 9141 variants...
     -reading in genotypes, computing gene-based tests and building masks...done (8556ms) 
     -computing association tests...done (46ms) 
     -computing joint association tests...done (0ms) 
 set [250/1714] : DNAH8 - 130703 variants...
     -reading in genotypes, computing gene-based tests and building masks...done (268558ms) 
     -computing association tests...done (55ms) 
     -computing joint association tests...done (0ms) 
 set [251/1714] : DNAH8-DT - 635 variants...
     -reading in genotypes, computing gene-based tests and building masks...done (824ms) 
     -computing association tests...done (5ms) 
     -computing joint association tests...done (0ms) 
 set [252/1714] : DNAJA1P4 - 2935 variants...
     -reading in genotypes, computing gene-based tests and building masks...done (2937ms) 
     -computing association tests...done (10ms) 
     -computing joint association tests...done (0ms) 
 set [253/1714] : DNPH1 - 5811 variants...
     -reading in genotypes, computing gene-based tests and building masks...done (6788ms) 
     -computing association tests...done (17ms) 
     -computing joint association tests...done (0ms) 
 set [254/1714] : DOP1A - 36086 variants...
     -reading in genotypes, computing gene-based tests and building masks...done (47195ms) 
     -computing association tests...done (47ms) 
     -computing joint association tests...done (0ms) 
 set [255/1714] : DPPA5 - 4535 variants...
     -reading in genotypes, computing gene-based tests and building masks...done (9924ms) 
     -computing association tests...done (12ms) 
     -computing joint association tests...done (0ms) 
 set [256/1714] : DSE - 59153 variants...
     -reading in genotypes, computing gene-based tests and building masks...done (78795ms) 
     -computing association tests...done (28ms) 
     -computing joint association tests...done (0ms) 
 set [257/1714] : DSP - 19428 variants...
     -reading in genotypes, computing gene-based tests and building masks...done (20374ms) 
     -computing association tests...done (19ms) 
     -computing joint association tests...done (0ms) 
 set [258/1714] : DSP-AS1 - 748 variants...
     -reading in genotypes, computing gene-based tests and building masks...done (1261ms) 
     -computing association tests...done (46ms) 
     -computing joint association tests...done (0ms) 
 set [259/1714] : DST - 195979 variants...
     -reading in genotypes, computing gene-based tests and building masks...done (451064ms) 
     -computing association tests...done (132ms) 
     -computing joint association tests...done (0ms) 
 set [260/1714] : DTNBP1 - 61133 variants...
     -reading in genotypes, computing gene-based tests and building masks...done (78044ms) 
     -computing association tests...done (148ms) 
     -computing joint association tests...done (0ms) 
 set [261/1714] : DUSP22 - 44557 variants...
     -reading in genotypes, computing gene-based tests and building masks...done (63395ms) 
     -computing association tests...done (45ms) 
     -computing joint association tests...done (0ms) 
 set [262/1714] : DUTP5 - 639 variants...
     -reading in genotypes, computing gene-based tests and building masks...done (884ms) 
     -computing association tests...done (8ms) 
     -computing joint association tests...done (0ms) 
 set [263/1714] : DXO - 3435 variants...
     -reading in genotypes, computing gene-based tests and building masks...done (3851ms) 
     -computing association tests...done (60ms) 
     -computing joint association tests...done (0ms) 
 set [264/1714] : DYNLT1 - 12560 variants...
     -reading in genotypes, computing gene-based tests and building masks...done (30680ms) 
     -computing association tests...done (21ms) 
     -computing joint association tests...done (0ms) 
 set [265/1714] : DYNLT2 - 8389 variants...
     -reading in genotypes, computing gene-based tests and building masks...done (11197ms) 
     -computing association tests...done (51ms) 
     -computing joint association tests...done (0ms) 
 set [266/1714] : E2F3 - 40103 variants...
     -reading in genotypes, computing gene-based tests and building masks...done (40904ms) 
     -computing association tests...done (62ms) 
     -computing joint association tests...done (0ms) 
 set [267/1714] : ECHDC1 - 21457 variants...
     -reading in genotypes, computing gene-based tests and building masks...done (31363ms) 
     -computing association tests...done (52ms) 
     -computing joint association tests...done (0ms) 
 set [268/1714] : ECI2 - 12004 variants...
     -reading in genotypes, computing gene-based tests and building masks...done (11342ms) 
     -computing association tests...done (16ms) 
     -computing joint association tests...done (0ms) 
 set [269/1714] : ECI2-DT - 51680 variants...
     -reading in genotypes, computing gene-based tests and building masks...done (62509ms) 
     -computing association tests...done (20ms) 
     -computing joint association tests...done (0ms) 
 set [270/1714] : ECT2L - 44975 variants...
     -reading in genotypes, computing gene-based tests and building masks...done (57731ms) 
     -computing association tests...done (63ms) 
     -computing joint association tests...done (0ms) 
 set [271/1714] : EDN1 - 7438 variants...
     -reading in genotypes, computing gene-based tests and building masks...done (11633ms) 
     -computing association tests...done (78ms) 
     -computing joint association tests...done (0ms) 
 set [272/1714] : EEF1A1 - 6605 variants...
     -reading in genotypes, computing gene-based tests and building masks...done (19921ms) 
     -computing association tests...done (18ms) 
     -computing joint association tests...done (0ms) 
 set [273/1714] : EEF1A1-AS1 - 22821 variants...
     -reading in genotypes, computing gene-based tests and building masks...done (28184ms) 
     -computing association tests...done (16ms) 
     -computing joint association tests...done (0ms) 
 set [274/1714] : EEF1A1P36 - 539 variants...
     -reading in genotypes, computing gene-based tests and building masks...done (3456ms) 
     -computing association tests...done (12ms) 
     -computing joint association tests...done (0ms) 
 set [275/1714] : EEF1A1P42 - 5991 variants...
     -reading in genotypes, computing gene-based tests and building masks...done (6252ms) 
     -computing association tests...done (18ms) 
     -computing joint association tests...done (0ms) 
 set [276/1714] : EEF1B2P5 - 240 variants...
     -reading in genotypes, computing gene-based tests and building masks...done (654ms) 
     -computing association tests...done (4ms) 
     -computing joint association tests...done (0ms) 
 set [277/1714] : EEF1DP5 - 360 variants...
     -reading in genotypes, computing gene-based tests and building masks...done (2821ms) 
     -computing association tests...done (12ms) 
     -computing joint association tests...done (0ms) 
 set [278/1714] : EEF1E1 - 16712 variants...
     -reading in genotypes, computing gene-based tests and building masks...done (30134ms) 
     -computing association tests...done (25ms) 
     -computing joint association tests...done (0ms) 
 set [279/1714] : EEF1GP6 - 4054 variants...
     -reading in genotypes, computing gene-based tests and building masks...done (5563ms) 
     -computing association tests...done (15ms) 
     -computing joint association tests...done (0ms) 
 set [280/1714] : EFHC1 - 31927 variants...
     -reading in genotypes, computing gene-based tests and building masks...done (36445ms) 
     -computing association tests...done (55ms) 
     -computing joint association tests...done (1ms) 
 set [281/1714] : EGFL8 - 1953 variants...
     -reading in genotypes, computing gene-based tests and building masks...done (5960ms) 
     -computing association tests...done (58ms) 
     -computing joint association tests...done (0ms) 
 set [282/1714] : EHMT2 - 4473 variants...
     -reading in genotypes, computing gene-based tests and building masks...done (6076ms) 
     -computing association tests...done (60ms) 
     -computing joint association tests...done (0ms) 
 set [283/1714] : EIF3EP1 - 489 variants...
     -reading in genotypes, computing gene-based tests and building masks...done (674ms) 
     -computing association tests...done (12ms) 
     -computing joint association tests...done (0ms) 
 set [284/1714] : EIF4EBP2P3 - 169 variants...
     -reading in genotypes, computing gene-based tests and building masks...done (1267ms) 
     -computing association tests...done (10ms) 
     -computing joint association tests...done (0ms) 
 set [285/1714] : ELF2P2 - 580 variants...
     -reading in genotypes, computing gene-based tests and building masks...done (5166ms) 
     -computing association tests...done (12ms) 
     -computing joint association tests...done (0ms) 
 set [286/1714] : ELOVL2 - 28194 variants...
     -reading in genotypes, computing gene-based tests and building masks...done (27719ms) 
     -computing association tests...done (55ms) 
     -computing joint association tests...done (0ms) 
 set [287/1714] : ELOVL2-AS1 - 13420 variants...
     -reading in genotypes, computing gene-based tests and building masks...done (13711ms) 
     -computing association tests...done (26ms) 
     -computing joint association tests...done (0ms) 
 set [288/1714] : ELOVL4 - 16596 variants...
     -reading in genotypes, computing gene-based tests and building masks...done (22632ms) 
     -computing association tests...done (21ms) 
     -computing joint association tests...done (0ms) 
 set [289/1714] : ELOVL5 - 40498 variants...
     -reading in genotypes, computing gene-based tests and building masks...done (57972ms) 
     -computing association tests...done (39ms) 
     -computing joint association tests...done (0ms) 
 set [290/1714] : ENPP1 - 39949 variants...
     -reading in genotypes, computing gene-based tests and building masks...done (57418ms) 
     -computing association tests...done (21ms) 
     -computing joint association tests...done (0ms) 
 set [291/1714] : ENPP3 - 51221 variants...
     -reading in genotypes, computing gene-based tests and building masks...done (82683ms) 
     -computing association tests...done (18ms) 
     -computing joint association tests...done (0ms) 
 set [292/1714] : ENPP4 - 10643 variants...
     -reading in genotypes, computing gene-based tests and building masks...done (11528ms) 
     -computing association tests...done (53ms) 
     -computing joint association tests...done (0ms) 
 set [293/1714] : ENPP5 - 8391 variants...
     -reading in genotypes, computing gene-based tests and building masks...done (10738ms) 
     -computing association tests...done (13ms) 
     -computing joint association tests...done (0ms) 
 set [294/1714] : EPB41L2 - 93164 variants...
     -reading in genotypes, computing gene-based tests and building masks...done (159243ms) 
     -computing association tests...done (118ms) 
     -computing joint association tests...done (2ms) 
 set [295/1714] : EPHA7 - 75737 variants...
     -reading in genotypes, computing gene-based tests and building masks...done (107816ms) 
     -computing association tests...done (30ms) 
     -computing joint association tests...done (0ms) 
 set [296/1714] : EPM2A - 138994 variants...
     -reading in genotypes, computing gene-based tests and building masks...done (236819ms) 
     -computing association tests...done (33ms) 
     -computing joint association tests...done (0ms) 
 set [297/1714] : EPM2A-DT - 24825 variants...
     -reading in genotypes, computing gene-based tests and building masks...done (27903ms) 
     -computing association tests...done (15ms) 
     -computing joint association tests...done (0ms) 
 set [298/1714] : ERMARD - 12947 variants...
     -reading in genotypes, computing gene-based tests and building masks...done (17416ms) 
     -computing association tests...done (18ms) 
     -computing joint association tests...done (0ms) 
 set [299/1714] : ERVFRD-1 - 3495 variants...
     -reading in genotypes, computing gene-based tests and building masks...done (4917ms) 
     -computing association tests...done (51ms) 
     -computing joint association tests...done (0ms) 
 set [300/1714] : ESDP1 - 5569 variants...
     -reading in genotypes, computing gene-based tests and building masks...done (11285ms) 
     -computing association tests...done (14ms) 
     -computing joint association tests...done (0ms) 
 set [301/1714] : ESR1 - 168584 variants...
     -reading in genotypes, computing gene-based tests and building masks...done (394724ms) 
     -computing association tests...done (92ms) 
     -computing joint association tests...done (0ms) 
 set [302/1714] : ETF1P1 - 474 variants...
     -reading in genotypes, computing gene-based tests and building masks...done (941ms) 
     -computing association tests...done (18ms) 
     -computing joint association tests...done (0ms) 
 set [303/1714] : ETV7 - 15836 variants...
     -reading in genotypes, computing gene-based tests and building masks...done (20288ms) 
     -computing association tests...done (68ms) 
     -computing joint association tests...done (0ms) 
 set [304/1714] : EXOC2 - 111838 variants...
     -reading in genotypes, computing gene-based tests and building masks...done (490829ms) 
     -computing association tests...done (91ms) 
     -computing joint association tests...done (0ms) 
 set [305/1714] : EYA4 - 126762 variants...
     -reading in genotypes, computing gene-based tests and building masks...done (216254ms) 
     -computing association tests...done (61ms) 
     -computing joint association tests...done (0ms) 
 set [306/1714] : EYS - 897852 variants...
     -reading in genotypes, computing gene-based tests and building masks...done (12180135ms) 
     -computing association tests...done (92ms) 
     -computing joint association tests...done (0ms) 
 set [307/1714] : EZR - 33833 variants...
     -reading in genotypes, computing gene-based tests and building masks...done (56637ms) 
     -computing association tests...done (23ms) 
     -computing joint association tests...done (0ms) 
 set [308/1714] : EZR-AS1 - 1306 variants...
     -reading in genotypes, computing gene-based tests and building masks...done (1455ms) 
     -computing association tests...done (11ms) 
     -computing joint association tests...done (0ms) 
 set [309/1714] : F13A1 - 83760 variants...
     -reading in genotypes, computing gene-based tests and building masks...done (131583ms) 
     -computing association tests...done (39ms) 
     -computing joint association tests...done (0ms) 
 set [310/1714] : FABP12P1 - 4029 variants...
     -reading in genotypes, computing gene-based tests and building masks...done (10530ms) 
     -computing association tests...done (16ms) 
     -computing joint association tests...done (0ms) 
 set [311/1714] : FABP7 - 3896 variants...
     -reading in genotypes, computing gene-based tests and building masks...done (9690ms) 
     -computing association tests...done (56ms) 
     -computing joint association tests...done (0ms) 
 set [312/1714] : FAM120B - 48449 variants...
     -reading in genotypes, computing gene-based tests and building masks...done (68355ms) 
     -computing association tests...done (24ms) 
     -computing joint association tests...done (0ms) 
 set [313/1714] : FAM135A - 63359 variants...
     -reading in genotypes, computing gene-based tests and building masks...done (85125ms) 
     -computing association tests...done (85ms) 
     -computing joint association tests...done (0ms) 
 set [314/1714] : FAM135A-AS1 - 236 variants...
     -reading in genotypes, computing gene-based tests and building masks...done (436ms) 
     -computing association tests...done (1ms) 
     -computing joint association tests...done (0ms) 
 set [315/1714] : FAM136BP - 2209 variants...
     -reading in genotypes, computing gene-based tests and building masks...done (5912ms) 
     -computing association tests...done (14ms) 
     -computing joint association tests...done (0ms) 
 set [316/1714] : FAM162B - 9659 variants...
     -reading in genotypes, computing gene-based tests and building masks...done (10308ms) 
     -computing association tests...done (21ms) 
     -computing joint association tests...done (0ms) 
 set [317/1714] : FAM184A - 57609 variants...
     -reading in genotypes, computing gene-based tests and building masks...done (82061ms) 
     -computing association tests...done (54ms) 
     -computing joint association tests...done (0ms) 
 set [318/1714] : FAM217A - 5651 variants...
     -reading in genotypes, computing gene-based tests and building masks...done (12532ms) 
     -computing association tests...done (66ms) 
     -computing joint association tests...done (0ms) 
 set [319/1714] : FAM229B - 7894 variants...
     -reading in genotypes, computing gene-based tests and building masks...done (8144ms) 
     -computing association tests...done (57ms) 
     -computing joint association tests...done (0ms) 
 set [320/1714] : FAM50B - 5012 variants...
     -reading in genotypes, computing gene-based tests and building masks...done (4613ms) 
     -computing association tests...done (16ms) 
     -computing joint association tests...done (0ms) 
 set [321/1714] : FAM83B - 43848 variants...
     -reading in genotypes, computing gene-based tests and building masks...done (50433ms) 
     -computing association tests...done (79ms) 
     -computing joint association tests...done (0ms) 
 set [322/1714] : FAM8A1 - 7252 variants...
     -reading in genotypes, computing gene-based tests and building masks...done (13930ms) 
     -computing association tests...done (18ms) 
     -computing joint association tests...done (15ms) 
 set [323/1714] : FANCE - 8754 variants...
     -reading in genotypes, computing gene-based tests and building masks...done (14007ms) 
     -computing association tests...done (76ms) 
     -computing joint association tests...done (0ms) 
 set [324/1714] : FARS2 - 237692 variants...
     -reading in genotypes, computing gene-based tests and building masks...done (577173ms) 
     -computing association tests...done (30ms) 
     -computing joint association tests...done (0ms) 
 set [325/1714] : FAXC - 34079 variants...
     -reading in genotypes, computing gene-based tests and building masks...done (36232ms) 
     -computing association tests...done (22ms) 
     -computing joint association tests...done (0ms) 
 set [326/1714] : FBXL4 - 35808 variants...
     -reading in genotypes, computing gene-based tests and building masks...done (44243ms) 
     -computing association tests...done (57ms) 
     -computing joint association tests...done (0ms) 
 set [327/1714] : FBXO30 - 11636 variants...
     -reading in genotypes, computing gene-based tests and building masks...done (12295ms) 
     -computing association tests...done (63ms) 
     -computing joint association tests...done (0ms) 
 set [328/1714] : FBXO5 - 7190 variants...
     -reading in genotypes, computing gene-based tests and building masks...done (13940ms) 
     -computing association tests...done (19ms) 
     -computing joint association tests...done (0ms) 
 set [329/1714] : FBXO9 - 18026 variants...
     -reading in genotypes, computing gene-based tests and building masks...done (18786ms) 
     -computing association tests...done (19ms) 
     -computing joint association tests...done (0ms) 
 set [330/1714] : FCF1P10 - 190 variants...
     -reading in genotypes, computing gene-based tests and building masks...done (465ms) 
     -computing association tests...done (4ms) 
     -computing joint association tests...done (0ms) 
 set [331/1714] : FEM1AP3 - 2741 variants...
     -reading in genotypes, computing gene-based tests and building masks...done (4591ms) 
     -computing association tests...done (9ms) 
     -computing joint association tests...done (0ms) 
 set [332/1714] : FGD2 - 19349 variants...
     -reading in genotypes, computing gene-based tests and building masks...done (24093ms) 
     -computing association tests...done (28ms) 
     -computing joint association tests...done (0ms) 
 set [333/1714] : FGFR3P1 - 244 variants...
     -reading in genotypes, computing gene-based tests and building masks...done (434ms) 
     -computing association tests...done (12ms) 
     -computing joint association tests...done (0ms) 
 set [334/1714] : FHL5 - 25705 variants...
     -reading in genotypes, computing gene-based tests and building masks...done (30262ms) 
     -computing association tests...done (18ms) 
     -computing joint association tests...done (0ms) 
 set [335/1714] : FIG4 - 65783 variants...
     -reading in genotypes, computing gene-based tests and building masks...done (91482ms) 
     -computing association tests...done (78ms) 
     -computing joint association tests...done (0ms) 
 set [336/1714] : FILIP1 - 73697 variants...
     -reading in genotypes, computing gene-based tests and building masks...done (98873ms) 
     -computing association tests...done (74ms) 
     -computing joint association tests...done (0ms) 
 set [337/1714] : FILNC1 - 66614 variants...
     -reading in genotypes, computing gene-based tests and building masks...done (83601ms) 
     -computing association tests...done (25ms) 
     -computing joint association tests...done (0ms) 
 set [338/1714] : FKBP1C - 5519 variants...
     -reading in genotypes, computing gene-based tests and building masks...done (9077ms) 
     -computing association tests...done (51ms) 
     -computing joint association tests...done (0ms) 
 set [339/1714] : FKBP5 - 63475 variants...
     -reading in genotypes, computing gene-based tests and building masks...done (99843ms) 
     -computing association tests...done (67ms) 
     -computing joint association tests...done (3ms) 
 set [340/1714] : FKBPL - 5144 variants...
     -reading in genotypes, computing gene-based tests and building masks...done (13767ms) 
     -computing association tests...done (15ms) 
     -computing joint association tests...done (14ms) 
 set [341/1714] : FLOT1 - 8772 variants...
     -reading in genotypes, computing gene-based tests and building masks...done (12121ms) 
     -computing association tests...done (37ms) 
     -computing joint association tests...done (9ms) 
 set [342/1714] : FNDC1 - 46392 variants...
     -reading in genotypes, computing gene-based tests and building masks...done (82311ms) 
     -computing association tests...done (98ms) 
     -computing joint association tests...done (12ms) 
 set [343/1714] : FNDC1-AS1 - 1673 variants...
     -reading in genotypes, computing gene-based tests and building masks...done (2348ms) 
     -computing association tests...done (5ms) 
     -computing joint association tests...done (0ms) 
 set [344/1714] : FOXC1 - 8502 variants...
     -reading in genotypes, computing gene-based tests and building masks...done (14540ms) 
     -computing association tests...done (87ms) 
     -computing joint association tests...done (0ms) 
 set [345/1714] : FOXCUT - 4465 variants...
     -reading in genotypes, computing gene-based tests and building masks...done (8622ms) 
     -computing association tests...done (15ms) 
     -computing joint association tests...done (0ms) 
 set [346/1714] : FOXF2 - 8527 variants...
     -reading in genotypes, computing gene-based tests and building masks...done (10088ms) 
     -computing association tests...done (15ms) 
     -computing joint association tests...done (0ms) 
 set [347/1714] : FOXF2-DT - 413 variants...
     -reading in genotypes, computing gene-based tests and building masks...done (702ms) 
     -computing association tests...done (4ms) 
     -computing joint association tests...done (0ms) 
 set [348/1714] : FOXO3 - 54929 variants...
     -reading in genotypes, computing gene-based tests and building masks...done (75432ms) 
     -computing association tests...done (48ms) 
     -computing joint association tests...done (0ms) 
 set [349/1714] : FOXP4 - 29103 variants...
     -reading in genotypes, computing gene-based tests and building masks...done (37907ms) 
     -computing association tests...done (24ms) 
     -computing joint association tests...done (0ms) 
 set [350/1714] : FOXP4-AS1 - 33732 variants...
     -reading in genotypes, computing gene-based tests and building masks...done (45614ms) 
     -computing association tests...done (56ms) 
     -computing joint association tests...done (0ms) 
 set [351/1714] : FOXQ1 - 9444 variants...
     -reading in genotypes, computing gene-based tests and building masks...done (64661ms) 
     -computing association tests...done (70ms) 
     -computing joint association tests...done (0ms) 
 set [352/1714] : FRK - 60305 variants...
     -reading in genotypes, computing gene-based tests and building masks...done (89028ms) 
     -computing association tests...done (79ms) 
     -computing joint association tests...done (2ms) 
 set [353/1714] : FRMD1 - 24647 variants...
     -reading in genotypes, computing gene-based tests and building masks...done (31290ms) 
     -computing association tests...done (21ms) 
     -computing joint association tests...done (14ms) 
 set [354/1714] : FRS3 - 8053 variants...
     -reading in genotypes, computing gene-based tests and building masks...done (8433ms) 
     -computing association tests...done (65ms) 
     -computing joint association tests...done (1ms) 
 set [355/1714] : FTH1P26 - 286 variants...
     -reading in genotypes, computing gene-based tests and building masks...done (5770ms) 
     -computing association tests...done (39ms) 
     -computing joint association tests...done (0ms) 
 set [356/1714] : FTH1P5 - 4898 variants...
     -reading in genotypes, computing gene-based tests and building masks...done (7043ms) 
     -computing association tests...done (11ms) 
     -computing joint association tests...done (0ms) 
 set [357/1714] : FUCA2 - 9723 variants...
     -reading in genotypes, computing gene-based tests and building masks...done (19601ms) 
     -computing association tests...done (79ms) 
     -computing joint association tests...done (0ms) 
 set [358/1714] : FUT9 - 87752 variants...
     -reading in genotypes, computing gene-based tests and building masks...done (120092ms) 
     -computing association tests...done (74ms) 
     -computing joint association tests...done (0ms) 
 set [359/1714] : FYN - 88438 variants...
     -reading in genotypes, computing gene-based tests and building masks...done (122790ms) 
     -computing association tests...done (87ms) 
     -computing joint association tests...done (0ms) 
 set [360/1714] : GABBR1 - 18736 variants...
     -reading in genotypes, computing gene-based tests and building masks...done (25434ms) 
     -computing association tests...done (27ms) 
     -computing joint association tests...done (0ms) 
 set [361/1714] : GABRR1 - 26423 variants...
     -reading in genotypes, computing gene-based tests and building masks...done (38008ms) 
     -computing association tests...done (102ms) 
     -computing joint association tests...done (0ms) 
 set [362/1714] : GABRR2 - 29503 variants...
     -reading in genotypes, computing gene-based tests and building masks...done (33345ms) 
     -computing association tests...done (48ms) 
     -computing joint association tests...done (0ms) 
 set [363/1714] : GAPDHP15 - 384 variants...
     -reading in genotypes, computing gene-based tests and building masks...done (792ms) 
     -computing association tests...done (12ms) 
     -computing joint association tests...done (0ms) 
 set [364/1714] : GAPDHP41 - 1699 variants...
     -reading in genotypes, computing gene-based tests and building masks...done (7742ms) 
     -computing association tests...done (18ms) 
     -computing joint association tests...done (0ms) 
 set [365/1714] : GAPDHP63 - 433 variants...
     -reading in genotypes, computing gene-based tests and building masks...done (545ms) 
     -computing association tests...done (1ms) 
     -computing joint association tests...done (0ms) 
 set [366/1714] : GAPDHP73 - 402 variants...
     -reading in genotypes, computing gene-based tests and building masks...done (3152ms) 
     -computing association tests...done (12ms) 
     -computing joint association tests...done (0ms) 
 set [367/1714] : GCLC - 25701 variants...
     -reading in genotypes, computing gene-based tests and building masks...done (31927ms) 
     -computing association tests...done (30ms) 
     -computing joint association tests...done (0ms) 
 set [368/1714] : GCLC-AS1 - 33544 variants...
     -reading in genotypes, computing gene-based tests and building masks...done (41542ms) 
     -computing association tests...done (31ms) 
     -computing joint association tests...done (0ms) 
 set [369/1714] : GCM1 - 13492 variants...
     -reading in genotypes, computing gene-based tests and building masks...done (25262ms) 
     -computing association tests...done (51ms) 
     -computing joint association tests...done (0ms) 
 set [370/1714] : GCM2 - 5866 variants...
     -reading in genotypes, computing gene-based tests and building masks...done (12386ms) 
     -computing association tests...done (25ms) 
     -computing joint association tests...done (0ms) 
 set [371/1714] : GCNT2 - 77682 variants...
     -reading in genotypes, computing gene-based tests and building masks...done (131478ms) 
     -computing association tests...done (92ms) 
     -computing joint association tests...done (0ms) 
 set [372/1714] : GCNT2P1 - 2084 variants...
     -reading in genotypes, computing gene-based tests and building masks...done (3941ms) 
     -computing association tests...done (14ms) 
     -computing joint association tests...done (0ms) 
 set [373/1714] : GFOD1 - 56953 variants...
     -reading in genotypes, computing gene-based tests and building masks...done (67704ms) 
     -computing association tests...done (26ms) 
     -computing joint association tests...done (0ms) 
 set [374/1714] : GFRAL - 39931 variants...
     -reading in genotypes, computing gene-based tests and building masks...done (46222ms) 
     -computing association tests...done (68ms) 
     -computing joint association tests...done (18ms) 
 set [375/1714] : GINM1 - 19696 variants...
     -reading in genotypes, computing gene-based tests and building masks...done (28580ms) 
     -computing association tests...done (25ms) 
     -computing joint association tests...done (0ms) 
 set [376/1714] : GJA10 - 12964 variants...
     -reading in genotypes, computing gene-based tests and building masks...done (19456ms) 
     -computing association tests...done (60ms) 
     -computing joint association tests...done (0ms) 
 set [377/1714] : GJA1 - 11052 variants...
     -reading in genotypes, computing gene-based tests and building masks...done (19837ms) 
     -computing association tests...done (72ms) 
     -computing joint association tests...done (0ms) 
 set [378/1714] : GJB7 - 21126 variants...
     -reading in genotypes, computing gene-based tests and building masks...done (27942ms) 
     -computing association tests...done (23ms) 
     -computing joint association tests...done (1ms) 
 set [379/1714] : GLO1 - 15209 variants...
     -reading in genotypes, computing gene-based tests and building masks...done (21591ms) 
     -computing association tests...done (65ms) 
     -computing joint association tests...done (0ms) 
 set [380/1714] : GLP1R - 21530 variants...
     -reading in genotypes, computing gene-based tests and building masks...done (29796ms) 
     -computing association tests...done (80ms) 
     -computing joint association tests...done (0ms) 
 set [381/1714] : GLRX3P2 - 423 variants...
     -reading in genotypes, computing gene-based tests and building masks...done (758ms) 
     -computing association tests...done (60ms) 
     -computing joint association tests...done (0ms) 
 set [382/1714] : GLYATL3 - 14746 variants...
     -reading in genotypes, computing gene-based tests and building masks...done (19994ms) 
     -computing association tests...done (21ms) 
     -computing joint association tests...done (0ms) 
 set [383/1714] : GMDS - 285246 variants...
     -reading in genotypes, computing gene-based tests and building masks...done (1303544ms) 
     -computing association tests...done (38ms) 
     -computing joint association tests...done (0ms) 
 set [384/1714] : GMDS-DT - 107160 variants...
     -reading in genotypes, computing gene-based tests and building masks...done (197077ms) 
     -computing association tests...done (28ms) 
     -computing joint association tests...done (0ms) 
 set [385/1714] : GMNN - 8629 variants...
     -reading in genotypes, computing gene-based tests and building masks...done (10094ms) 
     -computing association tests...done (17ms) 
     -computing joint association tests...done (0ms) 
 set [386/1714] : GMPR - 29587 variants...
     -reading in genotypes, computing gene-based tests and building masks...done (32342ms) 
     -computing association tests...done (109ms) 
     -computing joint association tests...done (0ms) 
 set [387/1714] : GNL1 - 7975 variants...
     -reading in genotypes, computing gene-based tests and building masks...done (15537ms) 
     -computing association tests...done (19ms) 
     -computing joint association tests...done (0ms) 
 set [388/1714] : GNMT - 3744 variants...
     -reading in genotypes, computing gene-based tests and building masks...done (6656ms) 
     -computing association tests...done (17ms) 
     -computing joint association tests...done (0ms) 
 set [389/1714] : GOPC - 19098 variants...
     -reading in genotypes, computing gene-based tests and building masks...done (32261ms) 
     -computing association tests...done (133ms) 
     -computing joint association tests...done (0ms) 
 set [390/1714] : GPANK1 - 3750 variants...
     -reading in genotypes, computing gene-based tests and building masks...done (10316ms) 
     -computing association tests...done (78ms) 
     -computing joint association tests...done (0ms) 
 set [391/1714] : GPLD1 - 32260 variants...
     -reading in genotypes, computing gene-based tests and building masks...done (45859ms) 
     -computing association tests...done (26ms) 
     -computing joint association tests...done (0ms) 
 set [392/1714] : GPR31 - 4787 variants...
     -reading in genotypes, computing gene-based tests and building masks...done (8596ms) 
     -computing association tests...done (13ms) 
     -computing joint association tests...done (0ms) 
 set [393/1714] : GPR53P - 2379 variants...
     -reading in genotypes, computing gene-based tests and building masks...done (3385ms) 
     -computing association tests...done (16ms) 
     -computing joint association tests...done (0ms) 
 set [394/1714] : GPR63 - 20389 variants...
     -reading in genotypes, computing gene-based tests and building masks...done (32575ms) 
     -computing association tests...done (30ms) 
     -computing joint association tests...done (0ms) 
 set [395/1714] : GPR6 - 5726 variants...
     -reading in genotypes, computing gene-based tests and building masks...done (11211ms) 
     -computing association tests...done (80ms) 
     -computing joint association tests...done (0ms) 
 set [396/1714] : GPR89P - 516 variants...
     -reading in genotypes, computing gene-based tests and building masks...done (745ms) 
     -computing association tests...done (7ms) 
     -computing joint association tests...done (0ms) 
 set [397/1714] : GPRC6A - 21278 variants...
     -reading in genotypes, computing gene-based tests and building masks...done (23011ms) 
     -computing association tests...done (18ms) 
     -computing joint association tests...done (0ms) 
 set [398/1714] : GPSM3 - 775 variants...
     -reading in genotypes, computing gene-based tests and building masks...done (2468ms) 
     -computing association tests...done (7ms) 
     -computing joint association tests...done (0ms) 
 set [399/1714] : GPX5 - 7862 variants...
     -reading in genotypes, computing gene-based tests and building masks...done (11668ms) 
     -computing association tests...done (25ms) 
     -computing joint association tests...done (0ms) 
 set [400/1714] : GPX6 - 9976 variants...
     -reading in genotypes, computing gene-based tests and building masks...done (12807ms) 
     -computing association tests...done (60ms) 
     -computing joint association tests...done (0ms) 
 set [401/1714] : GRIK2 - 482706 variants...
     -reading in genotypes, computing gene-based tests and building masks...done (2670437ms) 
     -computing association tests...done (94ms) 
     -computing joint association tests...done (0ms) 
 set [402/1714] : GRM1 - 171365 variants...
     -reading in genotypes, computing gene-based tests and building masks...done (352598ms) 
     -computing association tests...done (69ms) 
     -computing joint association tests...done (0ms) 
 set [403/1714] : GRM4 - 68504 variants...
     -reading in genotypes, computing gene-based tests and building masks...done (89367ms) 
     -computing association tests...done (71ms) 
     -computing joint association tests...done (0ms) 
 set [404/1714] : GSTA10P - 4053 variants...
     -reading in genotypes, computing gene-based tests and building masks...done (4527ms) 
     -computing association tests...done (14ms) 
     -computing joint association tests...done (0ms) 
 set [405/1714] : GSTA11P - 13295 variants...
     -reading in genotypes, computing gene-based tests and building masks...done (12530ms) 
     -computing association tests...done (56ms) 
     -computing joint association tests...done (0ms) 
 set [406/1714] : GSTA12P - 168 variants...
     -reading in genotypes, computing gene-based tests and building masks...done (12378ms) 
     -computing association tests...done (71ms) 
     -computing joint association tests...done (0ms) 
 set [407/1714] : GSTA1 - 12560 variants...
     -reading in genotypes, computing gene-based tests and building masks...done (18640ms) 
     -computing association tests...done (20ms) 
     -computing joint association tests...done (0ms) 
 set [408/1714] : GSTA2 - 12826 variants...
     -reading in genotypes, computing gene-based tests and building masks...done (13690ms) 
     -computing association tests...done (88ms) 
     -computing joint association tests...done (0ms) 
 set [409/1714] : GSTA3 - 10500 variants...
     -reading in genotypes, computing gene-based tests and building masks...done (11558ms) 
     -computing association tests...done (53ms) 
     -computing joint association tests...done (0ms) 
 set [410/1714] : GSTA4 - 11526 variants...
     -reading in genotypes, computing gene-based tests and building masks...done (11269ms) 
     -computing association tests...done (17ms) 
     -computing joint association tests...done (0ms) 
 set [411/1714] : GSTA5 - 9043 variants...
     -reading in genotypes, computing gene-based tests and building masks...done (8915ms) 
     -computing association tests...done (13ms) 
     -computing joint association tests...done (0ms) 
 set [412/1714] : GSTA6P - 124 variants...
     -reading in genotypes, computing gene-based tests and building masks...done (1918ms) 
     -computing association tests...done (2ms) 
     -computing joint association tests...done (0ms) 
 set [413/1714] : GSTA7P - 65 variants...
     -reading in genotypes, computing gene-based tests and building masks...done (1957ms) 
     -computing association tests...done (1ms) 
     -computing joint association tests...done (0ms) 
 set [414/1714] : GSTA8P - 2070 variants...
     -reading in genotypes, computing gene-based tests and building masks...done (3347ms) 
     -computing association tests...done (86ms) 
     -computing joint association tests...done (0ms) 
 set [415/1714] : GSTM2P1 - 4095 variants...
     -reading in genotypes, computing gene-based tests and building masks...done (9306ms) 
     -computing association tests...done (13ms) 
     -computing joint association tests...done (0ms) 
 set [416/1714] : GTF2H4 - 6697 variants...
     -reading in genotypes, computing gene-based tests and building masks...done (14339ms) 
     -computing association tests...done (58ms) 
     -computing joint association tests...done (2ms) 
 set [417/1714] : GTF2H5 - 22053 variants...
     -reading in genotypes, computing gene-based tests and building masks...done (26945ms) 
     -computing association tests...done (19ms) 
     -computing joint association tests...done (29ms) 
 set [418/1714] : GTF3C6 - 8360 variants...
     -reading in genotypes, computing gene-based tests and building masks...done (11314ms) 
     -computing association tests...done (13ms) 
     -computing joint association tests...done (3ms) 
 set [419/1714] : GTPBP2 - 5602 variants...
     -reading in genotypes, computing gene-based tests and building masks...done (5908ms) 
     -computing association tests...done (11ms) 
     -computing joint association tests...done (21ms) 
 set [420/1714] : GUCA1A - 6276 variants...
     -reading in genotypes, computing gene-based tests and building masks...done (7743ms) 
     -computing association tests...done (23ms) 
     -computing joint association tests...done (6ms) 
 set [421/1714] : GUCA1B - 7215 variants...
     -reading in genotypes, computing gene-based tests and building masks...done (8309ms) 
     -computing association tests...done (20ms) 
     -computing joint association tests...done (1ms) 
 set [422/1714] : GUSBP2 - 98 variants...
     -reading in genotypes, computing gene-based tests and building masks...done (11974ms) 
     -computing association tests...done (3ms) 
     -computing joint association tests...done (0ms) 
 set [423/1714] : GUSBP4 - 125 variants...
     -reading in genotypes, computing gene-based tests and building masks...done (6810ms) 
     -computing association tests...done (12ms) 
     -computing joint association tests...done (0ms) 
 set [424/1714] : H1-1 - 4157 variants...
     -reading in genotypes, computing gene-based tests and building masks...done (8383ms) 
     -computing association tests...done (65ms) 
     -computing joint association tests...done (22ms) 
 set [425/1714] : H1-2 - 5857 variants...
     -reading in genotypes, computing gene-based tests and building masks...done (6541ms) 
     -computing association tests...done (57ms) 
     -computing joint association tests...done (17ms) 
 set [426/1714] : H1-3 - 5752 variants...
     -reading in genotypes, computing gene-based tests and building masks...done (8150ms) 
     -computing association tests...done (28ms) 
     -computing joint association tests...done (0ms) 
 set [427/1714] : H1-4 - 5051 variants...
     -reading in genotypes, computing gene-based tests and building masks...done (6301ms) 
     -computing association tests...done (15ms) 
     -computing joint association tests...done (0ms) 
 set [428/1714] : H1-5 - 3475 variants...
     -reading in genotypes, computing gene-based tests and building masks...done (6726ms) 
     -computing association tests...done (50ms) 
     -computing joint association tests...done (0ms) 
 set [429/1714] : H1-6 - 4683 variants...
     -reading in genotypes, computing gene-based tests and building masks...done (4816ms) 
     -computing association tests...done (15ms) 
     -computing joint association tests...done (0ms) 
 set [430/1714] : H2AC11 - 2469 variants...
     -reading in genotypes, computing gene-based tests and building masks...done (4542ms) 
     -computing association tests...done (13ms) 
     -computing joint association tests...done (0ms) 
 set [431/1714] : H2AC12 - 4307 variants...
     -reading in genotypes, computing gene-based tests and building masks...done (12808ms) 
     -computing association tests...done (69ms) 
     -computing joint association tests...done (0ms) 
 set [432/1714] : H2AC13 - 1153 variants...
     -reading in genotypes, computing gene-based tests and building masks...done (5722ms) 
     -computing association tests...done (55ms) 
     -computing joint association tests...done (10ms) 
 set [433/1714] : H2AC14 - 2499 variants...
     -reading in genotypes, computing gene-based tests and building masks...done (4513ms) 
     -computing association tests...done (56ms) 
     -computing joint association tests...done (0ms) 
 set [434/1714] : H2AC15 - 2524 variants...
     -reading in genotypes, computing gene-based tests and building masks...done (4814ms) 
     -computing association tests...done (58ms) 
     -computing joint association tests...done (0ms) 
 set [435/1714] : H2AC1 - 3662 variants...
     -reading in genotypes, computing gene-based tests and building masks...done (9378ms) 
     -computing association tests...done (13ms) 
     -computing joint association tests...done (0ms) 
 set [436/1714] : H2AC16 - 2404 variants...
     -reading in genotypes, computing gene-based tests and building masks...done (5384ms) 
     -computing association tests...done (15ms) 
     -computing joint association tests...done (0ms) 
 set [437/1714] : H2AC17 - 1191 variants...
     -reading in genotypes, computing gene-based tests and building masks...done (3040ms) 
     -computing association tests...done (13ms) 
     -computing joint association tests...done (0ms) 
 set [438/1714] : H2AC3P - 2484 variants...
     -reading in genotypes, computing gene-based tests and building masks...done (3656ms) 
     -computing association tests...done (51ms) 
     -computing joint association tests...done (0ms) 
 set [439/1714] : H2AC4 - 1106 variants...
     -reading in genotypes, computing gene-based tests and building masks...done (1576ms) 
     -computing association tests...done (54ms) 
     -computing joint association tests...done (0ms) 
 set [440/1714] : H2AC6 - 5556 variants...
     -reading in genotypes, computing gene-based tests and building masks...done (5319ms) 
     -computing association tests...done (16ms) 
     -computing joint association tests...done (0ms) 
 set [441/1714] : H2AC7 - 1539 variants...
     -reading in genotypes, computing gene-based tests and building masks...done (3234ms) 
     -computing association tests...done (50ms) 
     -computing joint association tests...done (0ms) 
 set [442/1714] : H2AC8 - 3045 variants...
     -reading in genotypes, computing gene-based tests and building masks...done (4720ms) 
     -computing association tests...done (15ms) 
     -computing joint association tests...done (14ms) 
 set [443/1714] : H2BC10 - 2544 variants...
     -reading in genotypes, computing gene-based tests and building masks...done (5844ms) 
     -computing association tests...done (10ms) 
     -computing joint association tests...done (0ms) 
 set [444/1714] : H2BC11 - 5968 variants...
     -reading in genotypes, computing gene-based tests and building masks...done (7499ms) 
     -computing association tests...done (20ms) 
     -computing joint association tests...done (0ms) 
 set [445/1714] : H2BC12 - 2742 variants...
     -reading in genotypes, computing gene-based tests and building masks...done (4079ms) 
     -computing association tests...done (56ms) 
     -computing joint association tests...done (0ms) 
 set [446/1714] : H2BC13 - 1620 variants...
     -reading in genotypes, computing gene-based tests and building masks...done (3887ms) 
     -computing association tests...done (13ms) 
     -computing joint association tests...done (0ms) 
 set [447/1714] : H2BC14 - 1263 variants...
     -reading in genotypes, computing gene-based tests and building masks...done (3235ms) 
     -computing association tests...done (11ms) 
     -computing joint association tests...done (0ms) 
 set [448/1714] : H2BC15 - 8126 variants...
     -reading in genotypes, computing gene-based tests and building masks...done (8845ms) 
     -computing association tests...done (30ms) 
     -computing joint association tests...done (0ms) 
 set [449/1714] : H2BC1 - 2719 variants...
     -reading in genotypes, computing gene-based tests and building masks...done (7739ms) 
     -computing association tests...done (17ms) 
     -computing joint association tests...done (0ms) 
 set [450/1714] : H2BC16P - 463 variants...
     -reading in genotypes, computing gene-based tests and building masks...done (901ms) 
     -computing association tests...done (12ms) 
     -computing joint association tests...done (0ms) 
 set [451/1714] : H2BC17 - 1213 variants...
     -reading in genotypes, computing gene-based tests and building masks...done (3387ms) 
     -computing association tests...done (87ms) 
     -computing joint association tests...done (0ms) 
 set [452/1714] : H2BC3 - 2500 variants...
     -reading in genotypes, computing gene-based tests and building masks...done (6736ms) 
     -computing association tests...done (74ms) 
     -computing joint association tests...done (0ms) 
 set [453/1714] : H2BC4 - 2584 variants...
     -reading in genotypes, computing gene-based tests and building masks...done (4417ms) 
     -computing association tests...done (13ms) 
     -computing joint association tests...done (0ms) 
 set [454/1714] : H2BC5 - 2028 variants...
     -reading in genotypes, computing gene-based tests and building masks...done (4459ms) 
     -computing association tests...done (78ms) 
     -computing joint association tests...done (0ms) 
 set [455/1714] : H2BC6 - 5486 variants...
     -reading in genotypes, computing gene-based tests and building masks...done (6681ms) 
     -computing association tests...done (25ms) 
     -computing joint association tests...done (0ms) 
 set [456/1714] : H2BC6-AS1 - 6247 variants...
     -reading in genotypes, computing gene-based tests and building masks...done (6588ms) 
     -computing association tests...done (64ms) 
     -computing joint association tests...done (0ms) 
 set [457/1714] : H2BC7 - 1632 variants...
     -reading in genotypes, computing gene-based tests and building masks...done (3775ms) 
     -computing association tests...done (101ms) 
     -computing joint association tests...done (12ms) 
 set [458/1714] : H2BC8 - 2223 variants...
     -reading in genotypes, computing gene-based tests and building masks...done (4158ms) 
     -computing association tests...done (51ms) 
     -computing joint association tests...done (0ms) 
 set [459/1714] : H2BC9 - 2666 variants...
     -reading in genotypes, computing gene-based tests and building masks...done (3457ms) 
     -computing association tests...done (16ms) 
     -computing joint association tests...done (0ms) 
 set [460/1714] : H2BP5 - 2069 variants...
     -reading in genotypes, computing gene-based tests and building masks...done (2609ms) 
     -computing association tests...done (10ms) 
     -computing joint association tests...done (2ms) 
 set [461/1714] : H3C10 - 2033 variants...
     -reading in genotypes, computing gene-based tests and building masks...done (4034ms) 
     -computing association tests...done (11ms) 
     -computing joint association tests...done (0ms) 
 set [462/1714] : H3C11 - 3686 variants...
     -reading in genotypes, computing gene-based tests and building masks...done (5943ms) 
     -computing association tests...done (16ms) 
     -computing joint association tests...done (0ms) 
 set [463/1714] : H3C12 - 3569 variants...
     -reading in genotypes, computing gene-based tests and building masks...done (3666ms) 
     -computing association tests...done (20ms) 
     -computing joint association tests...done (0ms) 
 set [464/1714] : H3C1 - 2711 variants...
     -reading in genotypes, computing gene-based tests and building masks...done (3608ms) 
     -computing association tests...done (14ms) 
     -computing joint association tests...done (0ms) 
 set [465/1714] : H3C2 - 2831 variants...
     -reading in genotypes, computing gene-based tests and building masks...done (4993ms) 
     -computing association tests...done (12ms) 
     -computing joint association tests...done (0ms) 
 set [466/1714] : H3C3 - 3641 variants...
     -reading in genotypes, computing gene-based tests and building masks...done (4862ms) 
     -computing association tests...done (17ms) 
     -computing joint association tests...done (0ms) 
 set [467/1714] : H3C4 - 2955 variants...
     -reading in genotypes, computing gene-based tests and building masks...done (4409ms) 
     -computing association tests...done (98ms) 
     -computing joint association tests...done (0ms) 
 set [468/1714] : H3C6 - 4418 variants...
     -reading in genotypes, computing gene-based tests and building masks...done (5322ms) 
     -computing association tests...done (41ms) 
     -computing joint association tests...done (0ms) 
 set [469/1714] : H3C7 - 3061 variants...
     -reading in genotypes, computing gene-based tests and building masks...done (8882ms) 
     -computing association tests...done (51ms) 
     -computing joint association tests...done (0ms) 
 set [470/1714] : H3C8 - 3257 variants...
     -reading in genotypes, computing gene-based tests and building masks...done (4829ms) 
     -computing association tests...done (56ms) 
     -computing joint association tests...done (0ms) 
 set [471/1714] : H3C9P - 162 variants...
     -reading in genotypes, computing gene-based tests and building masks...done (295ms) 
     -computing association tests...done (1ms) 
     -computing joint association tests...done (0ms) 
 set [472/1714] : H3P27 - 123 variants...
     -reading in genotypes, computing gene-based tests and building masks...done (342ms) 
     -computing association tests...done (0ms) 
     -computing joint association tests...done (0ms) 
 set [473/1714] : H3P28 - 178 variants...
     -reading in genotypes, computing gene-based tests and building masks...done (399ms) 
     -computing association tests...done (55ms) 
     -computing joint association tests...done (0ms) 
 set [474/1714] : H4C10P - 137 variants...
     -reading in genotypes, computing gene-based tests and building masks...done (377ms) 
     -computing association tests...done (1ms) 
     -computing joint association tests...done (0ms) 
 set [475/1714] : H4C11 - 6269 variants...
     -reading in genotypes, computing gene-based tests and building masks...done (8089ms) 
     -computing association tests...done (51ms) 
     -computing joint association tests...done (0ms) 
 set [476/1714] : H4C12 - 2481 variants...
     -reading in genotypes, computing gene-based tests and building masks...done (5372ms) 
     -computing association tests...done (52ms) 
     -computing joint association tests...done (2ms) 
 set [477/1714] : H4C13 - 679 variants...
     -reading in genotypes, computing gene-based tests and building masks...done (1369ms) 
     -computing association tests...done (12ms) 
     -computing joint association tests...done (0ms) 
 set [478/1714] : H4C1 - 202 variants...
     -reading in genotypes, computing gene-based tests and building masks...done (3466ms) 
     -computing association tests...done (3ms) 
     -computing joint association tests...done (0ms) 
 set [479/1714] : H4C2 - 3624 variants...
     -reading in genotypes, computing gene-based tests and building masks...done (3662ms) 
     -computing association tests...done (14ms) 
     -computing joint association tests...done (0ms) 
 set [480/1714] : H4C3 - 2528 variants...
     -reading in genotypes, computing gene-based tests and building masks...done (4684ms) 
     -computing association tests...done (9ms) 
     -computing joint association tests...done (0ms) 
 set [481/1714] : H4C4 - 2957 variants...
     -reading in genotypes, computing gene-based tests and building masks...done (4354ms) 
     -computing association tests...done (20ms) 
     -computing joint association tests...done (0ms) 
 set [482/1714] : H4C5 - 3542 variants...
     -reading in genotypes, computing gene-based tests and building masks...done (4039ms) 
     -computing association tests...done (16ms) 
     -computing joint association tests...done (0ms) 
 set [483/1714] : H4C6 - 2689 variants...
     -reading in genotypes, computing gene-based tests and building masks...done (4340ms) 
     -computing association tests...done (64ms) 
     -computing joint association tests...done (0ms) 
 set [484/1714] : H4C7 - 210 variants...
     -reading in genotypes, computing gene-based tests and building masks...done (1584ms) 
     -computing association tests...done (64ms) 
     -computing joint association tests...done (0ms) 
 set [485/1714] : H4C8 - 5184 variants...
     -reading in genotypes, computing gene-based tests and building masks...done (6928ms) 
     -computing association tests...done (62ms) 
     -computing joint association tests...done (0ms) 
 set [486/1714] : H4C9 - 1590 variants...
     -reading in genotypes, computing gene-based tests and building masks...done (3307ms) 
     -computing association tests...done (57ms) 
     -computing joint association tests...done (0ms) 
 set [487/1714] : HACE1 - 60522 variants...
     -reading in genotypes, computing gene-based tests and building masks...done (77218ms) 
     -computing association tests...done (69ms) 
     -computing joint association tests...done (0ms) 
 set [488/1714] : HBS1L - 53653 variants...
     -reading in genotypes, computing gene-based tests and building masks...done (78890ms) 
     -computing association tests...done (21ms) 
     -computing joint association tests...done (0ms) 
 set [489/1714] : HCG11 - 2115 variants...
     -reading in genotypes, computing gene-based tests and building masks...done (5404ms) 
     -computing association tests...done (10ms) 
     -computing joint association tests...done (0ms) 
 set [490/1714] : HCG14 - 3339 variants...
     -reading in genotypes, computing gene-based tests and building masks...done (9829ms) 
     -computing association tests...done (50ms) 
     -computing joint association tests...done (0ms) 
 set [491/1714] : HCG15 - 6204 variants...
     -reading in genotypes, computing gene-based tests and building masks...done (19539ms) 
     -computing association tests...done (16ms) 
     -computing joint association tests...done (0ms) 
 set [492/1714] : HCG18 - 24296 variants...
     -reading in genotypes, computing gene-based tests and building masks...done (28352ms) 
     -computing association tests...done (17ms) 
     -computing joint association tests...done (0ms) 
 set [493/1714] : HCG19P - 2640 variants...
     -reading in genotypes, computing gene-based tests and building masks...done (3088ms) 
     -computing association tests...done (62ms) 
     -computing joint association tests...done (0ms) 
 set [494/1714] : HCG20 - 15041 variants...
     -reading in genotypes, computing gene-based tests and building masks...done (15205ms) 
     -computing association tests...done (15ms) 
     -computing joint association tests...done (0ms) 
 set [495/1714] : HCG21 - 232 variants...
     -reading in genotypes, computing gene-based tests and building masks...done (3657ms) 
     -computing association tests...done (12ms) 
     -computing joint association tests...done (0ms) 
 set [496/1714] : HCG22 - 11065 variants...
     -reading in genotypes, computing gene-based tests and building masks...done (24737ms) 
     -computing association tests...done (18ms) 
     -computing joint association tests...done (0ms) 
 set [497/1714] : HCG24 - 6545 variants...
     -reading in genotypes, computing gene-based tests and building masks...done (8098ms) 
     -computing association tests...done (66ms) 
     -computing joint association tests...done (0ms) 
 set [498/1714] : HCG25 - 398 variants...
     -reading in genotypes, computing gene-based tests and building masks...done (1095ms) 
     -computing association tests...done (53ms) 
     -computing joint association tests...done (0ms) 
 set [499/1714] : HCG27 - 3842 variants...
     -reading in genotypes, computing gene-based tests and building masks...done (6133ms) 
     -computing association tests...done (51ms) 
     -computing joint association tests...done (0ms) 
 set [500/1714] : HCG4 - 437 variants...
     -reading in genotypes, computing gene-based tests and building masks...done (6282ms) 
     -computing association tests...done (7ms) 
     -computing joint association tests...done (0ms) 
 set [501/1714] : HCG4B - 946 variants...
     -reading in genotypes, computing gene-based tests and building masks...done (11611ms) 
     -computing association tests...done (52ms) 
     -computing joint association tests...done (0ms) 
 set [502/1714] : HCG9 - 5758 variants...
     -reading in genotypes, computing gene-based tests and building masks...done (8754ms) 
     -computing association tests...done (13ms) 
     -computing joint association tests...done (0ms) 
 set [503/1714] : HCG9P5 - 109 variants...
     -reading in genotypes, computing gene-based tests and building masks...done (713ms) 
     -computing association tests...done (49ms) 
     -computing joint association tests...done (0ms) 
 set [504/1714] : HCP5 - 7822 variants...
     -reading in genotypes, computing gene-based tests and building masks...done (15205ms) 
     -computing association tests...done (49ms) 
     -computing joint association tests...done (0ms) 
 set [505/1714] : HCP5B - 738 variants...
     -reading in genotypes, computing gene-based tests and building masks...done (9648ms) 
     -computing association tests...done (12ms) 
     -computing joint association tests...done (0ms) 
 set [506/1714] : HCRTR2 - 84384 variants...
     -reading in genotypes, computing gene-based tests and building masks...done (115340ms) 
     -computing association tests...done (65ms) 
     -computing joint association tests...done (0ms) 
 set [507/1714] : HDAC2 - 20880 variants...
     -reading in genotypes, computing gene-based tests and building masks...done (25712ms) 
     -computing association tests...done (20ms) 
     -computing joint association tests...done (0ms) 
 set [508/1714] : HDAC2-AS2 - 61266 variants...
     -reading in genotypes, computing gene-based tests and building masks...done (75692ms) 
     -computing association tests...done (33ms) 
     -computing joint association tests...done (3ms) 
 set [509/1714] : HDDC2 - 15477 variants...
     -reading in genotypes, computing gene-based tests and building masks...done (17579ms) 
     -computing association tests...done (27ms) 
     -computing joint association tests...done (3ms) 
 set [510/1714] : HDGFL1 - 5533 variants...
     -reading in genotypes, computing gene-based tests and building masks...done (5848ms) 
     -computing association tests...done (58ms) 
     -computing joint association tests...done (0ms) 
 set [511/1714] : HEBP2 - 11226 variants...
     -reading in genotypes, computing gene-based tests and building masks...done (12032ms) 
     -computing association tests...done (34ms) 
     -computing joint association tests...done (0ms) 
 set [512/1714] : HECA - 22565 variants...
     -reading in genotypes, computing gene-based tests and building masks...done (23310ms) 
     -computing association tests...done (47ms) 
     -computing joint association tests...done (0ms) 
 set [513/1714] : HEY2 - 8978 variants...
     -reading in genotypes, computing gene-based tests and building masks...done (10823ms) 
     -computing association tests...done (15ms) 
     -computing joint association tests...done (0ms) 
 set [514/1714] : HEY2-AS1 - 45475 variants...
     -reading in genotypes, computing gene-based tests and building masks...done (58602ms) 
     -computing association tests...done (21ms) 
     -computing joint association tests...done (0ms) 
 set [515/1714] : HFE - 7028 variants...
     -reading in genotypes, computing gene-based tests and building masks...done (7077ms) 
     -computing association tests...done (52ms) 
     -computing joint association tests...done (0ms) 
 set [516/1714] : HINT3 - 14827 variants...
     -reading in genotypes, computing gene-based tests and building masks...done (32870ms) 
     -computing association tests...done (52ms) 
     -computing joint association tests...done (0ms) 
 set [517/1714] : HIVEP1 - 74455 variants...
     -reading in genotypes, computing gene-based tests and building masks...done (153344ms) 
     -computing association tests...done (111ms) 
     -computing joint association tests...done (0ms) 
 set [518/1714] : HIVEP2 - 80003 variants...
     -reading in genotypes, computing gene-based tests and building masks...done (104736ms) 
     -computing association tests...done (79ms) 
     -computing joint association tests...done (0ms) 
 set [519/1714] : HIVEP2-DT - 4343 variants...
     -reading in genotypes, computing gene-based tests and building masks...done (6171ms) 
     -computing association tests...done (27ms) 
     -computing joint association tests...done (0ms) 
 set [520/1714] : HLA-A - 6774 variants...
     -reading in genotypes, computing gene-based tests and building masks...done (9995ms) 
     -computing association tests...done (49ms) 
     -computing joint association tests...done (0ms) 
 set [521/1714] : HLA-B - 8662 variants...
     -reading in genotypes, computing gene-based tests and building masks...done (24172ms) 
     -computing association tests...done (60ms) 
     -computing joint association tests...done (0ms) 
 set [522/1714] : HLA-C - 14546 variants...
     -reading in genotypes, computing gene-based tests and building masks...done (27716ms) 
     -computing association tests...done (72ms) 
     -computing joint association tests...done (0ms) 
 set [523/1714] : HLA-DMA - 6181 variants...
     -reading in genotypes, computing gene-based tests and building masks...done (7373ms) 
     -computing association tests...done (16ms) 
     -computing joint association tests...done (0ms) 
 set [524/1714] : HLA-DMB - 6284 variants...
     -reading in genotypes, computing gene-based tests and building masks...done (7433ms) 
     -computing association tests...done (19ms) 
     -computing joint association tests...done (0ms) 
 set [525/1714] : HLA-DOA - 5888 variants...
     -reading in genotypes, computing gene-based tests and building masks...done (6342ms) 
     -computing association tests...done (88ms) 
     -computing joint association tests...done (0ms) 
 set [526/1714] : HLA-DOB - 5242 variants...
     -reading in genotypes, computing gene-based tests and building masks...done (6446ms) 
     -computing association tests...done (50ms) 
     -computing joint association tests...done (0ms) 
 set [527/1714] : HLA-DPA1 - 9860 variants...
     -reading in genotypes, computing gene-based tests and building masks...done (19714ms) 
     -computing association tests...done (81ms) 
     -computing joint association tests...done (0ms) 
 set [528/1714] : HLA-DPA2 - 4751 variants...
     -reading in genotypes, computing gene-based tests and building masks...done (5494ms) 
     -computing association tests...done (49ms) 
     -computing joint association tests...done (0ms) 
 set [529/1714] : HLA-DPA3 - 59 variants...
     -reading in genotypes, computing gene-based tests and building masks...done (732ms) 
     -computing association tests...done (1ms) 
     -computing joint association tests...done (17ms) 
 set [530/1714] : HLA-DPB1 - 7402 variants...
     -reading in genotypes, computing gene-based tests and building masks...done (11349ms) 
     -computing association tests...done (68ms) 
     -computing joint association tests...done (0ms) 
 set [531/1714] : HLA-DPB2 - 6310 variants...
     -reading in genotypes, computing gene-based tests and building masks...done (8070ms) 
     -computing association tests...done (12ms) 
     -computing joint association tests...done (0ms) 
 set [532/1714] : HLA-DQA1 - 16000 variants...
     -reading in genotypes, computing gene-based tests and building masks...done (57931ms) 
     -computing association tests...done (72ms) 
     -computing joint association tests...done (0ms) 
 set [533/1714] : HLA-DQA2 - 6200 variants...
     -reading in genotypes, computing gene-based tests and building masks...done (17155ms) 
     -computing association tests...done (81ms) 
     -computing joint association tests...done (0ms) 
 set [534/1714] : HLA-DQB1 - 10763 variants...
     -reading in genotypes, computing gene-based tests and building masks...done (24323ms) 
     -computing association tests...done (91ms) 
     -computing joint association tests...done (0ms) 
 set [535/1714] : HLA-DQB2 - 6574 variants...
     -reading in genotypes, computing gene-based tests and building masks...done (8595ms) 
     -computing association tests...done (64ms) 
     -computing joint association tests...done (1ms) 
 set [536/1714] : HLA-DQB3 - 4378 variants...
     -reading in genotypes, computing gene-based tests and building masks...done (10378ms) 
     -computing association tests...done (18ms) 
     -computing joint association tests...done (0ms) 
 set [537/1714] : HLA-DRA - 8273 variants...
     -reading in genotypes, computing gene-based tests and building masks...done (15913ms) 
     -computing association tests...done (87ms) 
     -computing joint association tests...done (0ms) 
 set [538/1714] : HLA-DRB1 - 26255 variants...
     -reading in genotypes, computing gene-based tests and building masks...done (692523ms) 
     -computing association tests...done (145ms) 
     -computing joint association tests...done (0ms) 
 set [539/1714] : HLA-DRB5 - 26186 variants...
     -reading in genotypes, computing gene-based tests and building masks...done (643289ms) 
     -computing association tests...done (83ms) 
     -computing joint association tests...done (0ms) 
 set [540/1714] : HLA-DRB6 - 6876 variants...
     -reading in genotypes, computing gene-based tests and building masks...done (35984ms) 
     -computing association tests...done (76ms) 
     -computing joint association tests...done (6ms) 
 set [541/1714] : HLA-DRB9 - 5430 variants...
     -reading in genotypes, computing gene-based tests and building masks...done (27539ms) 
     -computing association tests...done (51ms) 
     -computing joint association tests...done (0ms) 
 set [542/1714] : HLA-E - 6034 variants...
     -reading in genotypes, computing gene-based tests and building masks...done (8622ms) 
     -computing association tests...done (77ms) 
     -computing joint association tests...done (0ms) 
 set [543/1714] : HLA-F - 10621 variants...
     -reading in genotypes, computing gene-based tests and building masks...done (66954ms) 
     -computing association tests...done (27ms) 
     -computing joint association tests...done (0ms) 
 set [544/1714] : HLA-F-AS1 - 42170 variants...
     -reading in genotypes, computing gene-based tests and building masks...done (131091ms) 
     -computing association tests...done (17ms) 
     -computing joint association tests...done (0ms) 
 set [545/1714] : HLA-G - 6422 variants...
     -reading in genotypes, computing gene-based tests and building masks...done (6650ms) 
     -computing association tests...done (48ms) 
     -computing joint association tests...done (0ms) 
 set [546/1714] : HLA-H - 17524 variants...
     -reading in genotypes, computing gene-based tests and building masks...done (28284ms) 
     -computing association tests...done (19ms) 
     -computing joint association tests...done (15ms) 
 set [547/1714] : HLA-J - 215 variants...
     -reading in genotypes, computing gene-based tests and building masks...done (2178ms) 
     -computing association tests...done (50ms) 
     -computing joint association tests...done (0ms) 
 set [548/1714] : HLA-K - 1449 variants...
     -reading in genotypes, computing gene-based tests and building masks...done (2022ms) 
     -computing association tests...done (59ms) 
     -computing joint association tests...done (0ms) 
 set [549/1714] : HLA-L - 11156 variants...
     -reading in genotypes, computing gene-based tests and building masks...done (11051ms) 
     -computing association tests...done (9ms) 
     -computing joint association tests...done (0ms) 
 set [550/1714] : HLA-N - 793 variants...
     -reading in genotypes, computing gene-based tests and building masks...done (979ms) 
     -computing association tests...done (7ms) 
     -computing joint association tests...done (0ms) 
 set [551/1714] : HLA-P - 344 variants...
     -reading in genotypes, computing gene-based tests and building masks...done (2160ms) 
     -computing association tests...done (8ms) 
     -computing joint association tests...done (0ms) 
 set [552/1714] : HLA-S - 89 variants...
     -reading in genotypes, computing gene-based tests and building masks...done (2170ms) 
     -computing association tests...done (92ms) 
     -computing joint association tests...done (0ms) 
 set [553/1714] : HLA-T - 235 variants...
     -reading in genotypes, computing gene-based tests and building masks...done (2061ms) 
     -computing association tests...done (13ms) 
     -computing joint association tests...done (0ms) 
 set [554/1714] : HLA-U - 8615 variants...
     -reading in genotypes, computing gene-based tests and building masks...done (275574ms) 
     -computing association tests...done (17ms) 
     -computing joint association tests...done (0ms) 
 set [555/1714] : HLA-V - 184 variants...
     -reading in genotypes, computing gene-based tests and building masks...done (2383ms) 
     -computing association tests...done (17ms) 
     -computing joint association tests...done (0ms) 
 set [556/1714] : HLA-W - 347 variants...
     -reading in genotypes, computing gene-based tests and building masks...done (1956ms) 
     -computing association tests...done (57ms) 
     -computing joint association tests...done (0ms) 
 set [557/1714] : HLA-Z - 31 variants...
     -reading in genotypes, computing gene-based tests and building masks...done (601ms) 
     -computing association tests...done (1ms) 
     -computing joint association tests...done (0ms) 
 set [558/1714] : HLFP1 - 2555 variants...
     -reading in genotypes, computing gene-based tests and building masks...done (4567ms) 
     -computing association tests...done (15ms) 
     -computing joint association tests...done (0ms) 
 set [559/1714] : HMGA1 - 6642 variants...
     -reading in genotypes, computing gene-based tests and building masks...done (7350ms) 
     -computing association tests...done (37ms) 
     -computing joint association tests...done (0ms) 
 set [560/1714] : HMGA1P7 - 38 variants...
     -reading in genotypes, computing gene-based tests and building masks...done (301ms) 
     -computing association tests...done (8ms) 
     -computing joint association tests...done (0ms) 
 set [561/1714] : HMGB1P13 - 4132 variants...
     -reading in genotypes, computing gene-based tests and building masks...done (4163ms) 
     -computing association tests...done (19ms) 
     -computing joint association tests...done (0ms) 
 set [562/1714] : HMGB1P17 - 265 variants...
     -reading in genotypes, computing gene-based tests and building masks...done (483ms) 
     -computing association tests...done (7ms) 
     -computing joint association tests...done (0ms) 
 set [563/1714] : HMGB1P20 - 255 variants...
     -reading in genotypes, computing gene-based tests and building masks...done (503ms) 
     -computing association tests...done (12ms) 
     -computing joint association tests...done (0ms) 
 set [564/1714] : HMGB3P18 - 212 variants...
     -reading in genotypes, computing gene-based tests and building masks...done (626ms) 
     -computing association tests...done (6ms) 
     -computing joint association tests...done (0ms) 
 set [565/1714] : HMGB3P19 - 4260 variants...
     -reading in genotypes, computing gene-based tests and building masks...done (4016ms) 
     -computing association tests...done (13ms) 
     -computing joint association tests...done (0ms) 
 set [566/1714] : HMGCLL1 - 72886 variants...
     -reading in genotypes, computing gene-based tests and building masks...done (209519ms) 
     -computing association tests...done (35ms) 
     -computing joint association tests...done (0ms) 
 set [567/1714] : HMGN2P28 - 115 variants...
     -reading in genotypes, computing gene-based tests and building masks...done (686ms) 
     -computing association tests...done (2ms) 
     -computing joint association tests...done (0ms) 
 set [568/1714] : HMGN3 - 17040 variants...
     -reading in genotypes, computing gene-based tests and building masks...done (21712ms) 
     -computing association tests...done (24ms) 
     -computing joint association tests...done (23ms) 
 set [569/1714] : HMGN3-AS1 - 3625 variants...
     -reading in genotypes, computing gene-based tests and building masks...done (3729ms) 
     -computing association tests...done (50ms) 
     -computing joint association tests...done (0ms) 
 set [570/1714] : HMGN4 - 8635 variants...
     -reading in genotypes, computing gene-based tests and building masks...done (15427ms) 
     -computing association tests...done (78ms) 
     -computing joint association tests...done (0ms) 
 set [571/1714] : HNRNPA1P1 - 4518 variants...
     -reading in genotypes, computing gene-based tests and building masks...done (5028ms) 
     -computing association tests...done (11ms) 
     -computing joint association tests...done (0ms) 
 set [572/1714] : HNRNPA1P58 - 4585 variants...
     -reading in genotypes, computing gene-based tests and building masks...done (11531ms) 
     -computing association tests...done (16ms) 
     -computing joint association tests...done (0ms) 
 set [573/1714] : HNRNPA3P17 - 394 variants...
     -reading in genotypes, computing gene-based tests and building masks...done (7093ms) 
     -computing association tests...done (6ms) 
     -computing joint association tests...done (0ms) 
 set [574/1714] : HNRNPA3P4 - 4869 variants...
     -reading in genotypes, computing gene-based tests and building masks...done (8089ms) 
     -computing association tests...done (10ms) 
     -computing joint association tests...done (0ms) 
 set [575/1714] : HNRNPH1P1 - 10484 variants...
     -reading in genotypes, computing gene-based tests and building masks...done (53863ms) 
     -computing association tests...done (18ms) 
     -computing joint association tests...done (2ms) 
 set [576/1714] : HNRNPLP1 - 2602 variants...
     -reading in genotypes, computing gene-based tests and building masks...done (2873ms) 
     -computing association tests...done (10ms) 
     -computing joint association tests...done (0ms) 
 set [577/1714] : HPAT5 - 25549 variants...
     -reading in genotypes, computing gene-based tests and building masks...done (30366ms) 
     -computing association tests...done (20ms) 
     -computing joint association tests...done (0ms) 
 set [578/1714] : HS3ST5 - 109756 variants...
     -reading in genotypes, computing gene-based tests and building masks...done (164746ms) 
     -computing association tests...done (39ms) 
     -computing joint association tests...done (0ms) 
 set [579/1714] : HSD17B8 - 952 variants...
     -reading in genotypes, computing gene-based tests and building masks...done (3910ms) 
     -computing association tests...done (14ms) 
     -computing joint association tests...done (0ms) 
 set [580/1714] : HSF2 - 17707 variants...
     -reading in genotypes, computing gene-based tests and building masks...done (17093ms) 
     -computing association tests...done (87ms) 
     -computing joint association tests...done (18ms) 
 set [581/1714] : HSP90AB1 - 6581 variants...
     -reading in genotypes, computing gene-based tests and building masks...done (7636ms) 
     -computing association tests...done (27ms) 
     -computing joint association tests...done (0ms) 
 set [582/1714] : HSPA1A - 1184 variants...
     -reading in genotypes, computing gene-based tests and building masks...done (1569ms) 
     -computing association tests...done (11ms) 
     -computing joint association tests...done (0ms) 
 set [583/1714] : HSPA1B - 6616 variants...
     -reading in genotypes, computing gene-based tests and building masks...done (7096ms) 
     -computing association tests...done (63ms) 
     -computing joint association tests...done (15ms) 
 set [584/1714] : HSPA1L - 5022 variants...
     -reading in genotypes, computing gene-based tests and building masks...done (12578ms) 
     -computing association tests...done (71ms) 
     -computing joint association tests...done (0ms) 
 set [585/1714] : HTATSF1P1 - 8927 variants...
     -reading in genotypes, computing gene-based tests and building masks...done (16388ms) 
     -computing association tests...done (124ms) 
     -computing joint association tests...done (0ms) 
 set [586/1714] : HTR1B - 5039 variants...
     -reading in genotypes, computing gene-based tests and building masks...done (16398ms) 
     -computing association tests...done (16ms) 
     -computing joint association tests...done (0ms) 
 set [587/1714] : HTR1E - 34233 variants...
     -reading in genotypes, computing gene-based tests and building masks...done (35789ms) 
     -computing association tests...done (16ms) 
     -computing joint association tests...done (0ms) 
 set [588/1714] : HULC - 325356 variants...
     -reading in genotypes, computing gene-based tests and building masks...done (1284009ms) 
     -computing association tests...done (46ms) 
     -computing joint association tests...done (0ms) 
 set [589/1714] : IBTK - 34604 variants...
     -reading in genotypes, computing gene-based tests and building masks...done (37490ms) 
     -computing association tests...done (23ms) 
     -computing joint association tests...done (0ms) 
 set [590/1714] : ID4 - 8079 variants...
     -reading in genotypes, computing gene-based tests and building masks...done (11445ms) 
     -computing association tests...done (74ms) 
     -computing joint association tests...done (0ms) 
 set [591/1714] : IDH1P1 - 5148 variants...
     -reading in genotypes, computing gene-based tests and building masks...done (8452ms) 
     -computing association tests...done (13ms) 
     -computing joint association tests...done (0ms) 
 set [592/1714] : IER3 - 1211 variants...
     -reading in genotypes, computing gene-based tests and building masks...done (4299ms) 
     -computing association tests...done (68ms) 
     -computing joint association tests...done (0ms) 
 set [593/1714] : IFITM3P3 - 4614 variants...
     -reading in genotypes, computing gene-based tests and building masks...done (5531ms) 
     -computing association tests...done (16ms) 
     -computing joint association tests...done (0ms) 
 set [594/1714] : IFITM4P - 169 variants...
     -reading in genotypes, computing gene-based tests and building masks...done (386ms) 
     -computing association tests...done (8ms) 
     -computing joint association tests...done (0ms) 
 set [595/1714] : IFNGR1 - 15476 variants...
     -reading in genotypes, computing gene-based tests and building masks...done (24059ms) 
     -computing association tests...done (19ms) 
     -computing joint association tests...done (0ms) 
 set [596/1714] : IGF2R - 70188 variants...
     -reading in genotypes, computing gene-based tests and building masks...done (100203ms) 
     -computing association tests...done (90ms) 
     -computing joint association tests...done (0ms) 
 set [597/1714] : IL17A - 5957 variants...
     -reading in genotypes, computing gene-based tests and building masks...done (10532ms) 
     -computing association tests...done (14ms) 
     -computing joint association tests...done (0ms) 
 set [598/1714] : IL17F - 6900 variants...
     -reading in genotypes, computing gene-based tests and building masks...done (7864ms) 
     -computing association tests...done (23ms) 
     -computing joint association tests...done (0ms) 
 set [599/1714] : IL20RA - 21716 variants...
     -reading in genotypes, computing gene-based tests and building masks...done (27778ms) 
     -computing association tests...done (69ms) 
     -computing joint association tests...done (0ms) 
 set [600/1714] : IL22RA2 - 16057 variants...
     -reading in genotypes, computing gene-based tests and building masks...done (18528ms) 
     -computing association tests...done (44ms) 
     -computing joint association tests...done (0ms) 
 set [601/1714] : ILRUN - 68094 variants...
     -reading in genotypes, computing gene-based tests and building masks...done (117421ms) 
     -computing association tests...done (73ms) 
     -computing joint association tests...done (0ms) 
 set [602/1714] : ILRUN-AS1 - 393 variants...
     -reading in genotypes, computing gene-based tests and building masks...done (707ms) 
     -computing association tests...done (10ms) 
     -computing joint association tests...done (0ms) 
 set [603/1714] : IMPDH1P9 - 950 variants...
     -reading in genotypes, computing gene-based tests and building masks...done (1848ms) 
     -computing association tests...done (12ms) 
     -computing joint association tests...done (0ms) 
 set [604/1714] : IMPG1 - 71746 variants...
     -reading in genotypes, computing gene-based tests and building masks...done (111051ms) 
     -computing association tests...done (54ms) 
     -computing joint association tests...done (0ms) 
 set [605/1714] : IP6K3 - 13864 variants...
     -reading in genotypes, computing gene-based tests and building masks...done (15957ms) 
     -computing association tests...done (56ms) 
     -computing joint association tests...done (0ms) 
 set [606/1714] : IPCEF1 - 95903 variants...
     -reading in genotypes, computing gene-based tests and building masks...done (301436ms) 
     -computing association tests...done (45ms) 
     -computing joint association tests...done (0ms) 
 set [607/1714] : IQCB2P - 1502 variants...
     -reading in genotypes, computing gene-based tests and building masks...done (3495ms) 
     -computing association tests...done (11ms) 
     -computing joint association tests...done (0ms) 
 set [608/1714] : IRAK1BP1 - 29365 variants...
     -reading in genotypes, computing gene-based tests and building masks...done (31702ms) 
     -computing association tests...done (23ms) 
     -computing joint association tests...done (0ms) 
 set [609/1714] : IRF4 - 13052 variants...
     -reading in genotypes, computing gene-based tests and building masks...done (21092ms) 
     -computing association tests...done (16ms) 
     -computing joint association tests...done (0ms) 
 set [610/1714] : ISG20L2P1 - 4669 variants...
     -reading in genotypes, computing gene-based tests and building masks...done (4276ms) 
     -computing association tests...done (10ms) 
     -computing joint association tests...done (0ms) 
 set [611/1714] : ITPR3 - 32380 variants...
     -reading in genotypes, computing gene-based tests and building masks...done (40474ms) 
     -computing association tests...done (51ms) 
     -computing joint association tests...done (0ms) 
 set [612/1714] : IYD - 21028 variants...
     -reading in genotypes, computing gene-based tests and building masks...done (22437ms) 
     -computing association tests...done (16ms) 
     -computing joint association tests...done (0ms) 
 set [613/1714] : JARID2 - 143304 variants...
     -reading in genotypes, computing gene-based tests and building masks...done (292219ms) 
     -computing association tests...done (67ms) 
     -computing joint association tests...done (0ms) 
 set [614/1714] : JARID2-DT - 1671 variants...
     -reading in genotypes, computing gene-based tests and building masks...done (2657ms) 
     -computing association tests...done (15ms) 
     -computing joint association tests...done (0ms) 
 set [615/1714] : KATNA1 - 24444 variants...
     -reading in genotypes, computing gene-based tests and building masks...done (24846ms) 
     -computing association tests...done (23ms) 
     -computing joint association tests...done (0ms) 
 set [616/1714] : KATNBL1P5 - 144 variants...
     -reading in genotypes, computing gene-based tests and building masks...done (298ms) 
     -computing association tests...done (5ms) 
     -computing joint association tests...done (0ms) 
 set [617/1714] : KCNK16 - 4477 variants...
     -reading in genotypes, computing gene-based tests and building masks...done (4827ms) 
     -computing association tests...done (16ms) 
     -computing joint association tests...done (0ms) 
 set [618/1714] : KCNK17 - 9231 variants...
     -reading in genotypes, computing gene-based tests and building masks...done (10134ms) 
     -computing association tests...done (59ms) 
     -computing joint association tests...done (0ms) 
 set [619/1714] : KCNK5 - 20590 variants...
     -reading in genotypes, computing gene-based tests and building masks...done (20316ms) 
     -computing association tests...done (58ms) 
     -computing joint association tests...done (0ms) 
 set [620/1714] : KCNQ5 - 232018 variants...
     -reading in genotypes, computing gene-based tests and building masks...done (562854ms) 
     -computing association tests...done (91ms) 
     -computing joint association tests...done (0ms) 
 set [621/1714] : KCNQ5-DT - 3165 variants...
     -reading in genotypes, computing gene-based tests and building masks...done (3598ms) 
     -computing association tests...done (46ms) 
     -computing joint association tests...done (0ms) 
 set [622/1714] : KCTD20 - 19930 variants...
     -reading in genotypes, computing gene-based tests and building masks...done (32379ms) 
     -computing association tests...done (19ms) 
     -computing joint association tests...done (0ms) 
 set [623/1714] : KDM1B - 31348 variants...
     -reading in genotypes, computing gene-based tests and building masks...done (56402ms) 
     -computing association tests...done (62ms) 
     -computing joint association tests...done (0ms) 
 set [624/1714] : KHDC1 - 17481 variants...
     -reading in genotypes, computing gene-based tests and building masks...done (19335ms) 
     -computing association tests...done (63ms) 
     -computing joint association tests...done (0ms) 
 set [625/1714] : KHDC1-AS1 - 15719 variants...
     -reading in genotypes, computing gene-based tests and building masks...done (15455ms) 
     -computing association tests...done (41ms) 
     -computing joint association tests...done (0ms) 
 set [626/1714] : KHDC1L - 5269 variants...
     -reading in genotypes, computing gene-based tests and building masks...done (6295ms) 
     -computing association tests...done (14ms) 
     -computing joint association tests...done (0ms) 
 set [627/1714] : KHDC1P1 - 5223 variants...
     -reading in genotypes, computing gene-based tests and building masks...done (6899ms) 
     -computing association tests...done (49ms) 
     -computing joint association tests...done (0ms) 
 set [628/1714] : KHDC3L - 5039 variants...
     -reading in genotypes, computing gene-based tests and building masks...done (5990ms) 
     -computing association tests...done (13ms) 
     -computing joint association tests...done (0ms) 
 set [629/1714] : KHDRBS2 - 325780 variants...
     -reading in genotypes, computing gene-based tests and building masks...done (1146021ms) 
     -computing association tests...done (39ms) 
     -computing joint association tests...done (0ms) 
 set [630/1714] : KIAA0319 - 41482 variants...
     -reading in genotypes, computing gene-based tests and building masks...done (46569ms) 
     -computing association tests...done (17ms) 
     -computing joint association tests...done (0ms) 
 set [631/1714] : KIAA0408 - 11201 variants...
     -reading in genotypes, computing gene-based tests and building masks...done (10513ms) 
     -computing association tests...done (68ms) 
     -computing joint association tests...done (0ms) 
 set [632/1714] : KIAA1586 - 9496 variants...
     -reading in genotypes, computing gene-based tests and building masks...done (15752ms) 
     -computing association tests...done (34ms) 
     -computing joint association tests...done (0ms) 
 set [633/1714] : KIF13A - 107761 variants...
     -reading in genotypes, computing gene-based tests and building masks...done (195528ms) 
     -computing association tests...done (27ms) 
     -computing joint association tests...done (0ms) 
 set [634/1714] : KIF25 - 35744 variants...
     -reading in genotypes, computing gene-based tests and building masks...done (56729ms) 
     -computing association tests...done (56ms) 
     -computing joint association tests...done (0ms) 
 set [635/1714] : KIF25-AS1 - 7985 variants...
     -reading in genotypes, computing gene-based tests and building masks...done (10895ms) 
     -computing association tests...done (16ms) 
     -computing joint association tests...done (0ms) 
 set [636/1714] : KIF6 - 158089 variants...
     -reading in genotypes, computing gene-based tests and building masks...done (328200ms) 
     -computing association tests...done (41ms) 
     -computing joint association tests...done (0ms) 
 set [637/1714] : KIFC1 - 9616 variants...
     -reading in genotypes, computing gene-based tests and building masks...done (13628ms) 
     -computing association tests...done (22ms) 
     -computing joint association tests...done (0ms) 
 set [638/1714] : KILH - 26380 variants...
     -reading in genotypes, computing gene-based tests and building masks...done (37566ms) 
     -computing association tests...done (17ms) 
     -computing joint association tests...done (0ms) 
 set [639/1714] : KLC4 - 6770 variants...
     -reading in genotypes, computing gene-based tests and building masks...done (7448ms) 
     -computing association tests...done (61ms) 
     -computing joint association tests...done (0ms) 
 set [640/1714] : KLHDC3 - 3698 variants...
     -reading in genotypes, computing gene-based tests and building masks...done (7300ms) 
     -computing association tests...done (36ms) 
     -computing joint association tests...done (0ms) 
 set [641/1714] : KLHL31 - 12454 variants...
     -reading in genotypes, computing gene-based tests and building masks...done (12525ms) 
     -computing association tests...done (21ms) 
     -computing joint association tests...done (0ms) 
 set [642/1714] : KLHL32 - 88148 variants...
     -reading in genotypes, computing gene-based tests and building masks...done (125839ms) 
     -computing association tests...done (32ms) 
     -computing joint association tests...done (0ms) 
 set [643/1714] : KPNA5 - 28586 variants...
     -reading in genotypes, computing gene-based tests and building masks...done (32388ms) 
     -computing association tests...done (82ms) 
     -computing joint association tests...done (0ms) 
 set [644/1714] : KRASP1 - 558 variants...
     -reading in genotypes, computing gene-based tests and building masks...done (3415ms) 
     -computing association tests...done (71ms) 
     -computing joint association tests...done (0ms) 
 set [645/1714] : KRT18P1 - 9405 variants...
     -reading in genotypes, computing gene-based tests and building masks...done (12642ms) 
     -computing association tests...done (17ms) 
     -computing joint association tests...done (0ms) 
 set [646/1714] : KRT18P22 - 278 variants...
     -reading in genotypes, computing gene-based tests and building masks...done (4691ms) 
     -computing association tests...done (9ms) 
     -computing joint association tests...done (0ms) 
 set [647/1714] : KRT18P38 - 631 variants...
     -reading in genotypes, computing gene-based tests and building masks...done (3797ms) 
     -computing association tests...done (5ms) 
     -computing joint association tests...done (0ms) 
 set [648/1714] : KRT18P50 - 593 variants...
     -reading in genotypes, computing gene-based tests and building masks...done (940ms) 
     -computing association tests...done (52ms) 
     -computing joint association tests...done (0ms) 
 set [649/1714] : KRT18P64 - 560 variants...
     -reading in genotypes, computing gene-based tests and building masks...done (6014ms) 
     -computing association tests...done (26ms) 
     -computing joint association tests...done (0ms) 
 set [650/1714] : KRT18P65 - 1787 variants...
     -reading in genotypes, computing gene-based tests and building masks...done (7894ms) 
     -computing association tests...done (9ms) 
     -computing joint association tests...done (0ms) 
 set [651/1714] : KRT18P9 - 5484 variants...
     -reading in genotypes, computing gene-based tests and building masks...done (6813ms) 
     -computing association tests...done (13ms) 
     -computing joint association tests...done (0ms) 
 set [652/1714] : KRT19P1 - 7571 variants...
     -reading in genotypes, computing gene-based tests and building masks...done (15764ms) 
     -computing association tests...done (19ms) 
     -computing joint association tests...done (0ms) 
 set [653/1714] : KU-MEL-3 - 4661 variants...
     -reading in genotypes, computing gene-based tests and building masks...done (6324ms) 
     -computing association tests...done (14ms) 
     -computing joint association tests...done (0ms) 
 set [654/1714] : L3MBTL3 - 54493 variants...
     -reading in genotypes, computing gene-based tests and building masks...done (69982ms) 
     -computing association tests...done (82ms) 
     -computing joint association tests...done (0ms) 
 set [655/1714] : LAMA2 - 279780 variants...
     -reading in genotypes, computing gene-based tests and building masks...done (1059653ms) 
     -computing association tests...done (35ms) 
     -computing joint association tests...done (0ms) 
 set [656/1714] : LAMA4 - 57748 variants...
     -reading in genotypes, computing gene-based tests and building masks...done (65464ms) 
     -computing association tests...done (38ms) 
     -computing joint association tests...done (0ms) 
 set [657/1714] : LAMA4-AS1 - 26283 variants...
     -reading in genotypes, computing gene-based tests and building masks...done (28715ms) 
     -computing association tests...done (18ms) 
     -computing joint association tests...done (0ms) 
 set [658/1714] : LAP3P2 - 1778 variants...
     -reading in genotypes, computing gene-based tests and building masks...done (3385ms) 
     -computing association tests...done (11ms) 
     -computing joint association tests...done (0ms) 
 set [659/1714] : LARRPM - 38977 variants...
     -reading in genotypes, computing gene-based tests and building masks...done (50556ms) 
     -computing association tests...done (25ms) 
     -computing joint association tests...done (0ms) 
 set [660/1714] : LATS1 - 29687 variants...
     -reading in genotypes, computing gene-based tests and building masks...done (39450ms) 
     -computing association tests...done (53ms) 
     -computing joint association tests...done (0ms) 
 set [661/1714] : LCA5 - 25360 variants...
     -reading in genotypes, computing gene-based tests and building masks...done (26008ms) 
     -computing association tests...done (77ms) 
     -computing joint association tests...done (0ms) 
 set [662/1714] : LCAL1 - 24157 variants...
     -reading in genotypes, computing gene-based tests and building masks...done (27153ms) 
     -computing association tests...done (24ms) 
     -computing joint association tests...done (0ms) 
 set [663/1714] : LEMD2 - 11586 variants...
     -reading in genotypes, computing gene-based tests and building masks...done (12716ms) 
     -computing association tests...done (20ms) 
     -computing joint association tests...done (0ms) 
 set [664/1714] : LGSN - 22698 variants...
     -reading in genotypes, computing gene-based tests and building masks...done (20187ms) 
     -computing association tests...done (21ms) 
     -computing joint association tests...done (0ms) 
 set [665/1714] : LHFPL5 - 12852 variants...
     -reading in genotypes, computing gene-based tests and building masks...done (14670ms) 
     -computing association tests...done (19ms) 
     -computing joint association tests...done (0ms) 
 set [666/1714] : LIN28B - 61837 variants...
     -reading in genotypes, computing gene-based tests and building masks...done (142194ms) 
     -computing association tests...done (43ms) 
     -computing joint association tests...done (15ms) 
 set [667/1714] : LIN28B-AS1 - 33518 variants...
     -reading in genotypes, computing gene-based tests and building masks...done (38152ms) 
     -computing association tests...done (143ms) 
     -computing joint association tests...done (0ms) 
 set [668/1714] : LINC00222 - 43615 variants...
     -reading in genotypes, computing gene-based tests and building masks...done (47528ms) 
     -computing association tests...done (66ms) 
     -computing joint association tests...done (0ms) 
 set [669/1714] : LINC00240 - 7535 variants...
     -reading in genotypes, computing gene-based tests and building masks...done (9722ms) 
     -computing association tests...done (50ms) 
     -computing joint association tests...done (0ms) 
 set [670/1714] : LINC00242 - 7070 variants...
     -reading in genotypes, computing gene-based tests and building masks...done (13367ms) 
     -computing association tests...done (14ms) 
     -computing joint association tests...done (0ms) 
 set [671/1714] : LINC00243 - 19371 variants...
     -reading in genotypes, computing gene-based tests and building masks...done (25978ms) 
     -computing association tests...done (51ms) 
     -computing joint association tests...done (0ms) 
 set [672/1714] : LINC00326 - 77250 variants...
     -reading in genotypes, computing gene-based tests and building masks...done (422670ms) 
     -computing association tests...done (57ms) 
     -computing joint association tests...done (0ms) 
 set [673/1714] : LINC00336 - 977 variants...
     -reading in genotypes, computing gene-based tests and building masks...done (2998ms) 
     -computing association tests...done (11ms) 
     -computing joint association tests...done (0ms) 
 set [674/1714] : LINC00472 - 86299 variants...
     -reading in genotypes, computing gene-based tests and building masks...done (140819ms) 
     -computing association tests...done (28ms) 
     -computing joint association tests...done (0ms) 
 set [675/1714] : LINC00518 - 11551 variants...
     -reading in genotypes, computing gene-based tests and building masks...done (18645ms) 
     -computing association tests...done (13ms) 
     -computing joint association tests...done (0ms) 
 set [676/1714] : LINC00533 - 30244 variants...
     -reading in genotypes, computing gene-based tests and building masks...done (54367ms) 
     -computing association tests...done (49ms) 
     -computing joint association tests...done (0ms) 
 set [677/1714] : LINC00574 - 31991 variants...
     -reading in genotypes, computing gene-based tests and building masks...done (38999ms) 
     -computing association tests...done (43ms) 
     -computing joint association tests...done (0ms) 
 set [678/1714] : LINC00581 - 41814 variants...
     -reading in genotypes, computing gene-based tests and building masks...done (51782ms) 
     -computing association tests...done (49ms) 
     -computing joint association tests...done (1ms) 
 set [679/1714] : LINC00602 - 5830 variants...
     -reading in genotypes, computing gene-based tests and building masks...done (5592ms) 
     -computing association tests...done (14ms) 
     -computing joint association tests...done (0ms) 
 set [680/1714] : LINC00680 - 46063 variants...
     -reading in genotypes, computing gene-based tests and building masks...done (61657ms) 
     -computing association tests...done (23ms) 
     -computing joint association tests...done (0ms) 
 set [681/1714] : LINC00951 - 19212 variants...
     -reading in genotypes, computing gene-based tests and building masks...done (19924ms) 
     -computing association tests...done (15ms) 
     -computing joint association tests...done (0ms) 
 set [682/1714] : LINC01010 - 83186 variants...
     -reading in genotypes, computing gene-based tests and building masks...done (129576ms) 
     -computing association tests...done (26ms) 
     -computing joint association tests...done (0ms) 
 set [683/1714] : LINC01011 - 5045 variants...
     -reading in genotypes, computing gene-based tests and building masks...done (6869ms) 
     -computing association tests...done (53ms) 
     -computing joint association tests...done (0ms) 
 set [684/1714] : LINC01012 - 15309 variants...
     -reading in genotypes, computing gene-based tests and building masks...done (19059ms) 
     -computing association tests...done (31ms) 
     -computing joint association tests...done (0ms) 
 set [685/1714] : LINC01013 - 108630 variants...
     -reading in genotypes, computing gene-based tests and building masks...done (176939ms) 
     -computing association tests...done (26ms) 
     -computing joint association tests...done (0ms) 
 set [686/1714] : LINC01015 - 5454 variants...
     -reading in genotypes, computing gene-based tests and building masks...done (12222ms) 
     -computing association tests...done (14ms) 
     -computing joint association tests...done (0ms) 
 set [687/1714] : LINC01016 - 42686 variants...
     -reading in genotypes, computing gene-based tests and building masks...done (52729ms) 
     -computing association tests...done (58ms) 
     -computing joint association tests...done (0ms) 
 set [688/1714] : LINC01108 - 5830 variants...
     -reading in genotypes, computing gene-based tests and building masks...done (6833ms) 
     -computing association tests...done (81ms) 
     -computing joint association tests...done (0ms) 
 set [689/1714] : LINC01149 - 6131 variants...
     -reading in genotypes, computing gene-based tests and building masks...done (16866ms) 
     -computing association tests...done (54ms) 
     -computing joint association tests...done (0ms) 
 set [690/1714] : LINC01276 - 14104 variants...
     -reading in genotypes, computing gene-based tests and building masks...done (15465ms) 
     -computing association tests...done (16ms) 
     -computing joint association tests...done (0ms) 
 set [691/1714] : LINC01277 - 38052 variants...
     -reading in genotypes, computing gene-based tests and building masks...done (45037ms) 
     -computing association tests...done (100ms) 
     -computing joint association tests...done (0ms) 
 set [692/1714] : LINC01312 - 231 variants...
     -reading in genotypes, computing gene-based tests and building masks...done (2490ms) 
     -computing association tests...done (4ms) 
     -computing joint association tests...done (0ms) 
 set [693/1714] : LINC01394 - 34588 variants...
     -reading in genotypes, computing gene-based tests and building masks...done (60130ms) 
     -computing association tests...done (29ms) 
     -computing joint association tests...done (0ms) 
 set [694/1714] : LINC01512 - 19049 variants...
     -reading in genotypes, computing gene-based tests and building masks...done (24721ms) 
     -computing association tests...done (17ms) 
     -computing joint association tests...done (0ms) 
 set [695/1714] : LINC01526 - 23779 variants...
     -reading in genotypes, computing gene-based tests and building masks...done (20984ms) 
     -computing association tests...done (15ms) 
     -computing joint association tests...done (0ms) 
 set [696/1714] : LINC01556 - 8436 variants...
     -reading in genotypes, computing gene-based tests and building masks...done (15978ms) 
     -computing association tests...done (15ms) 
     -computing joint association tests...done (0ms) 
 set [697/1714] : LINC01564 - 25439 variants...
     -reading in genotypes, computing gene-based tests and building masks...done (26218ms) 
     -computing association tests...done (24ms) 
     -computing joint association tests...done (0ms) 
 set [698/1714] : LINC01600 - 29941 variants...
     -reading in genotypes, computing gene-based tests and building masks...done (30575ms) 
     -computing association tests...done (19ms) 
     -computing joint association tests...done (0ms) 
 set [699/1714] : LINC01610 - 2008 variants...
     -reading in genotypes, computing gene-based tests and building masks...done (8743ms) 
     -computing association tests...done (55ms) 
     -computing joint association tests...done (0ms) 
 set [700/1714] : LINC01611 - 109730 variants...
     -reading in genotypes, computing gene-based tests and building masks...done (5668608ms) 
     -computing association tests...done (62ms) 
     -computing joint association tests...done (0ms) 
 set [701/1714] : LINC01615 - 15172 variants...
     -reading in genotypes, computing gene-based tests and building masks...done (18585ms) 
     -computing association tests...done (23ms) 
     -computing joint association tests...done (0ms) 
 set [702/1714] : LINC01621 - 35371 variants...
     -reading in genotypes, computing gene-based tests and building masks...done (41557ms) 
     -computing association tests...done (29ms) 
     -computing joint association tests...done (0ms) 
 set [703/1714] : LINC01622 - 50062 variants...
     -reading in genotypes, computing gene-based tests and building masks...done (68034ms) 
     -computing association tests...done (38ms) 
     -computing joint association tests...done (0ms) 
 set [704/1714] : LINC01623 - 7907 variants...
     -reading in genotypes, computing gene-based tests and building masks...done (9125ms) 
     -computing association tests...done (52ms) 
     -computing joint association tests...done (0ms) 
 set [705/1714] : LINC01625 - 15562 variants...
     -reading in genotypes, computing gene-based tests and building masks...done (29526ms) 
     -computing association tests...done (51ms) 
     -computing joint association tests...done (0ms) 
 set [706/1714] : LINC01626 - 27677 variants...
     -reading in genotypes, computing gene-based tests and building masks...done (33864ms) 
     -computing association tests...done (21ms) 
     -computing joint association tests...done (0ms) 
 set [707/1714] : LINC02487 - 8321 variants...
     -reading in genotypes, computing gene-based tests and building masks...done (10153ms) 
     -computing association tests...done (55ms) 
     -computing joint association tests...done (0ms) 
 set [708/1714] : LINC02518 - 30946 variants...
     -reading in genotypes, computing gene-based tests and building masks...done (73124ms) 
     -computing association tests...done (17ms) 
     -computing joint association tests...done (0ms) 
 set [709/1714] : LINC02519 - 28620 variants...
     -reading in genotypes, computing gene-based tests and building masks...done (38152ms) 
     -computing association tests...done (23ms) 
     -computing joint association tests...done (1ms) 
 set [710/1714] : LINC02520 - 17420 variants...
     -reading in genotypes, computing gene-based tests and building masks...done (38983ms) 
     -computing association tests...done (16ms) 
     -computing joint association tests...done (0ms) 
 set [711/1714] : LINC02521 - 8170 variants...
     -reading in genotypes, computing gene-based tests and building masks...done (11053ms) 
     -computing association tests...done (51ms) 
     -computing joint association tests...done (0ms) 
 set [712/1714] : LINC02522 - 18822 variants...
     -reading in genotypes, computing gene-based tests and building masks...done (28422ms) 
     -computing association tests...done (24ms) 
     -computing joint association tests...done (0ms) 
 set [713/1714] : LINC02523 - 21987 variants...
     -reading in genotypes, computing gene-based tests and building masks...done (31073ms) 
     -computing association tests...done (26ms) 
     -computing joint association tests...done (0ms) 
 set [714/1714] : LINC02524 - 382 variants...
     -reading in genotypes, computing gene-based tests and building masks...done (5322ms) 
     -computing association tests...done (18ms) 
     -computing joint association tests...done (0ms) 
 set [715/1714] : LINC02525 - 10307 variants...
     -reading in genotypes, computing gene-based tests and building masks...done (14775ms) 
     -computing association tests...done (45ms) 
     -computing joint association tests...done (0ms) 
 set [716/1714] : LINC02526 - 4804 variants...
     -reading in genotypes, computing gene-based tests and building masks...done (6407ms) 
     -computing association tests...done (15ms) 
     -computing joint association tests...done (0ms) 
 set [717/1714] : LINC02527 - 9705 variants...
     -reading in genotypes, computing gene-based tests and building masks...done (28148ms) 
     -computing association tests...done (33ms) 
     -computing joint association tests...done (0ms) 
 set [718/1714] : LINC02529 - 567 variants...
     -reading in genotypes, computing gene-based tests and building masks...done (5049ms) 
     -computing association tests...done (21ms) 
     -computing joint association tests...done (0ms) 
 set [719/1714] : LINC02530 - 5125 variants...
     -reading in genotypes, computing gene-based tests and building masks...done (7122ms) 
     -computing association tests...done (31ms) 
     -computing joint association tests...done (0ms) 
 set [720/1714] : LINC02531 - 65786 variants...
     -reading in genotypes, computing gene-based tests and building masks...done (84602ms) 
     -computing association tests...done (25ms) 
     -computing joint association tests...done (0ms) 
 set [721/1714] : LINC02532 - 44996 variants...
     -reading in genotypes, computing gene-based tests and building masks...done (66411ms) 
     -computing association tests...done (65ms) 
     -computing joint association tests...done (0ms) 
 set [722/1714] : LINC02533 - 215 variants...
     -reading in genotypes, computing gene-based tests and building masks...done (8814ms) 
     -computing association tests...done (13ms) 
     -computing joint association tests...done (0ms) 
 set [723/1714] : LINC02534 - 8199 variants...
     -reading in genotypes, computing gene-based tests and building masks...done (12003ms) 
     -computing association tests...done (47ms) 
     -computing joint association tests...done (0ms) 
 set [724/1714] : LINC02535 - 43269 variants...
     -reading in genotypes, computing gene-based tests and building masks...done (58266ms) 
     -computing association tests...done (18ms) 
     -computing joint association tests...done (0ms) 
 set [725/1714] : LINC02536 - 12434 variants...
     -reading in genotypes, computing gene-based tests and building masks...done (19743ms) 
     -computing association tests...done (53ms) 
     -computing joint association tests...done (0ms) 
 set [726/1714] : LINC02537 - 6896 variants...
     -reading in genotypes, computing gene-based tests and building masks...done (11938ms) 
     -computing association tests...done (14ms) 
     -computing joint association tests...done (0ms) 
 set [727/1714] : LINC02538 - 11052 variants...
     -reading in genotypes, computing gene-based tests and building masks...done (12872ms) 
     -computing association tests...done (15ms) 
     -computing joint association tests...done (0ms) 
 set [728/1714] : LINC02539 - 11088 variants...
     -reading in genotypes, computing gene-based tests and building masks...done (12598ms) 
     -computing association tests...done (17ms) 
     -computing joint association tests...done (0ms) 
 set [729/1714] : LINC02540 - 34916 variants...
     -reading in genotypes, computing gene-based tests and building masks...done (51349ms) 
     -computing association tests...done (39ms) 
     -computing joint association tests...done (0ms) 
 set [730/1714] : LINC02541 - 17780 variants...
     -reading in genotypes, computing gene-based tests and building masks...done (23623ms) 
     -computing association tests...done (38ms) 
     -computing joint association tests...done (0ms) 
 set [731/1714] : LINC02542 - 135852 variants...
     -reading in genotypes, computing gene-based tests and building masks...done (225659ms) 
     -computing association tests...done (34ms) 
     -computing joint association tests...done (0ms) 
 set [732/1714] : LINC02543 - 6271 variants...
     -reading in genotypes, computing gene-based tests and building masks...done (5934ms) 
     -computing association tests...done (13ms) 
     -computing joint association tests...done (0ms) 
 set [733/1714] : LINC02549 - 53950 variants...
     -reading in genotypes, computing gene-based tests and building masks...done (68625ms) 
     -computing association tests...done (30ms) 
     -computing joint association tests...done (14ms) 
 set [734/1714] : LINC02569 - 5869 variants...
     -reading in genotypes, computing gene-based tests and building masks...done (9369ms) 
     -computing association tests...done (13ms) 
     -computing joint association tests...done (0ms) 
 set [735/1714] : LINC02570 - 7369 variants...
     -reading in genotypes, computing gene-based tests and building masks...done (8608ms) 
     -computing association tests...done (47ms) 
     -computing joint association tests...done (0ms) 
 set [736/1714] : LINC02571 - 6942 variants...
     -reading in genotypes, computing gene-based tests and building masks...done (12425ms) 
     -computing association tests...done (58ms) 
     -computing joint association tests...done (0ms) 
 set [737/1714] : LINC02828 - 1956 variants...
     -reading in genotypes, computing gene-based tests and building masks...done (4911ms) 
     -computing association tests...done (13ms) 
     -computing joint association tests...done (0ms) 
 set [738/1714] : LINC02829 - 7287 variants...
     -reading in genotypes, computing gene-based tests and building masks...done (14835ms) 
     -computing association tests...done (13ms) 
     -computing joint association tests...done (2ms) 
 set [739/1714] : LINC02836 - 12441 variants...
     -reading in genotypes, computing gene-based tests and building masks...done (25947ms) 
     -computing association tests...done (16ms) 
     -computing joint association tests...done (0ms) 
 set [740/1714] : LINC02840 - 48625 variants...
     -reading in genotypes, computing gene-based tests and building masks...done (54060ms) 
     -computing association tests...done (61ms) 
     -computing joint association tests...done (0ms) 
 set [741/1714] : LINC02857 - 6161 variants...
     -reading in genotypes, computing gene-based tests and building masks...done (13453ms) 
     -computing association tests...done (13ms) 
     -computing joint association tests...done (0ms) 
 set [742/1714] : LINC02865 - 37804 variants...
     -reading in genotypes, computing gene-based tests and building masks...done (42282ms) 
     -computing association tests...done (40ms) 
     -computing joint association tests...done (36ms) 
 set [743/1714] : LINC02880 - 20339 variants...
     -reading in genotypes, computing gene-based tests and building masks...done (21050ms) 
     -computing association tests...done (16ms) 
     -computing joint association tests...done (0ms) 
 set [744/1714] : LINC02901 - 40737 variants...
     -reading in genotypes, computing gene-based tests and building masks...done (76068ms) 
     -computing association tests...done (31ms) 
     -computing joint association tests...done (0ms) 
 set [745/1714] : LINC02919 - 7280 variants...
     -reading in genotypes, computing gene-based tests and building masks...done (10950ms) 
     -computing association tests...done (19ms) 
     -computing joint association tests...done (0ms) 
 set [746/1714] : LINC02941 - 65200 variants...
     -reading in genotypes, computing gene-based tests and building masks...done (80368ms) 
     -computing association tests...done (65ms) 
     -computing joint association tests...done (0ms) 
 set [747/1714] : LINC02976 - 4142 variants...
     -reading in genotypes, computing gene-based tests and building masks...done (4354ms) 
     -computing association tests...done (10ms) 
     -computing joint association tests...done (0ms) 
 set [748/1714] : LINC02980 - 484 variants...
     -reading in genotypes, computing gene-based tests and building masks...done (713ms) 
     -computing association tests...done (42ms) 
     -computing joint association tests...done (0ms) 
 set [749/1714] : LINC03002 - 58850 variants...
     -reading in genotypes, computing gene-based tests and building masks...done (74676ms) 
     -computing association tests...done (22ms) 
     -computing joint association tests...done (0ms) 
 set [750/1714] : LINC03003 - 35238 variants...
     -reading in genotypes, computing gene-based tests and building masks...done (35396ms) 
     -computing association tests...done (19ms) 
     -computing joint association tests...done (15ms) 
 set [751/1714] : LINC03004 - 51998 variants...
     -reading in genotypes, computing gene-based tests and building masks...done (66041ms) 
     -computing association tests...done (30ms) 
     -computing joint association tests...done (0ms) 
 set [752/1714] : LINC03005 - 23865 variants...
     -reading in genotypes, computing gene-based tests and building masks...done (21110ms) 
     -computing association tests...done (15ms) 
     -computing joint association tests...done (0ms) 
 set [753/1714] : LINC03040 - 7687 variants...
     -reading in genotypes, computing gene-based tests and building masks...done (7669ms) 
     -computing association tests...done (49ms) 
     -computing joint association tests...done (0ms) 
 set [754/1714] : LINC03066 - 14852 variants...
     -reading in genotypes, computing gene-based tests and building masks...done (17903ms) 
     -computing association tests...done (24ms) 
     -computing joint association tests...done (0ms) 
 set [755/1714] : LINCMD1 - 5824 variants...
     -reading in genotypes, computing gene-based tests and building masks...done (5143ms) 
     -computing association tests...done (10ms) 
     -computing joint association tests...done (0ms) 
 set [756/1714] : LIRIL2R - 940 variants...
     -reading in genotypes, computing gene-based tests and building masks...done (1083ms) 
     -computing association tests...done (15ms) 
     -computing joint association tests...done (0ms) 
 set [757/1714] : LMBRD1 - 77894 variants...
     -reading in genotypes, computing gene-based tests and building masks...done (88171ms) 
     -computing association tests...done (19ms) 
     -computing joint association tests...done (0ms) 
 set [758/1714] : LNCDAT - 1502 variants...
     -reading in genotypes, computing gene-based tests and building masks...done (7010ms) 
     -computing association tests...done (13ms) 
     -computing joint association tests...done (0ms) 
 set [759/1714] : LNC-LBCS - 237944 variants...
     -reading in genotypes, computing gene-based tests and building masks...done (1279443ms) 
     -computing association tests...done (45ms) 
     -computing joint association tests...done (0ms) 
 set [760/1714] : LNCPOIR - 62064 variants...
     -reading in genotypes, computing gene-based tests and building masks...done (83632ms) 
     -computing association tests...done (21ms) 
     -computing joint association tests...done (0ms) 
 set [761/1714] : LPA - 72756 variants...
     -reading in genotypes, computing gene-based tests and building masks...done (213524ms) 
     -computing association tests...done (66ms) 
     -computing joint association tests...done (0ms) 
 set [762/1714] : LPAL2 - 28558 variants...
     -reading in genotypes, computing gene-based tests and building masks...done (32340ms) 
     -computing association tests...done (35ms) 
     -computing joint association tests...done (18ms) 
 set [763/1714] : LRFN2 - 89235 variants...
     -reading in genotypes, computing gene-based tests and building masks...done (156383ms) 
     -computing association tests...done (83ms) 
     -computing joint association tests...done (20ms) 
 set [764/1714] : LRP11 - 23936 variants...
     -reading in genotypes, computing gene-based tests and building masks...done (34497ms) 
     -computing association tests...done (28ms) 
     -computing joint association tests...done (44ms) 
 set [765/1714] : LRRC1 - 54390 variants...
     -reading in genotypes, computing gene-based tests and building masks...done (78071ms) 
     -computing association tests...done (65ms) 
     -computing joint association tests...done (2ms) 
 set [766/1714] : LRRC73 - 6478 variants...
     -reading in genotypes, computing gene-based tests and building masks...done (8590ms) 
     -computing association tests...done (67ms) 
     -computing joint association tests...done (2ms) 
 set [767/1714] : LSM2 - 5482 variants...
     -reading in genotypes, computing gene-based tests and building masks...done (9149ms) 
     -computing association tests...done (52ms) 
     -computing joint association tests...done (39ms) 
 set [768/1714] : LST1 - 3007 variants...
     -reading in genotypes, computing gene-based tests and building masks...done (4344ms) 
     -computing association tests...done (54ms) 
     -computing joint association tests...done (16ms) 
 set [769/1714] : LTA - 2168 variants...
     -reading in genotypes, computing gene-based tests and building masks...done (5250ms) 
     -computing association tests...done (82ms) 
     -computing joint association tests...done (17ms) 
 set [770/1714] : LTB - 3057 variants...
     -reading in genotypes, computing gene-based tests and building masks...done (6737ms) 
     -computing association tests...done (16ms) 
     -computing joint association tests...done (2ms) 
 set [771/1714] : LTV1 - 10210 variants...
     -reading in genotypes, computing gene-based tests and building masks...done (18667ms) 
     -computing association tests...done (78ms) 
     -computing joint association tests...done (20ms) 
 set [772/1714] : LUADT1 - 13240 variants...
     -reading in genotypes, computing gene-based tests and building masks...done (14360ms) 
     -computing association tests...done (25ms) 
     -computing joint association tests...done (0ms) 
 set [773/1714] : LY6G5B - 2274 variants...
     -reading in genotypes, computing gene-based tests and building masks...done (3837ms) 
     -computing association tests...done (60ms) 
     -computing joint association tests...done (0ms) 
 set [774/1714] : LY6G5C - 3642 variants...
     -reading in genotypes, computing gene-based tests and building masks...done (8584ms) 
     -computing association tests...done (67ms) 
     -computing joint association tests...done (0ms) 
 set [775/1714] : LY6G6C - 2993 variants...
     -reading in genotypes, computing gene-based tests and building masks...done (4771ms) 
     -computing association tests...done (75ms) 
     -computing joint association tests...done (0ms) 
 set [776/1714] : LY6G6D - 3014 variants...
     -reading in genotypes, computing gene-based tests and building masks...done (5574ms) 
     -computing association tests...done (67ms) 
     -computing joint association tests...done (0ms) 
 set [777/1714] : LY6G6F - 1534 variants...
     -reading in genotypes, computing gene-based tests and building masks...done (4762ms) 
     -computing association tests...done (62ms) 
     -computing joint association tests...done (0ms) 
 set [778/1714] : LY86 - 37907 variants...
     -reading in genotypes, computing gene-based tests and building masks...done (50000ms) 
     -computing association tests...done (87ms) 
     -computing joint association tests...done (0ms) 
 set [779/1714] : LY86-AS1 - 95551 variants...
     -reading in genotypes, computing gene-based tests and building masks...done (171738ms) 
     -computing association tests...done (23ms) 
     -computing joint association tests...done (0ms) 
 set [780/1714] : LYPLA1P3 - 2918 variants...
     -reading in genotypes, computing gene-based tests and building masks...done (5761ms) 
     -computing association tests...done (13ms) 
     -computing joint association tests...done (0ms) 
 set [781/1714] : LYPLA2P1 - 4298 variants...
     -reading in genotypes, computing gene-based tests and building masks...done (20526ms) 
     -computing association tests...done (36ms) 
     -computing joint association tests...done (0ms) 
 set [782/1714] : LYRM2 - 6398 variants...
     -reading in genotypes, computing gene-based tests and building masks...done (7944ms) 
     -computing association tests...done (23ms) 
     -computing joint association tests...done (0ms) 
 set [783/1714] : LYRM4 - 74644 variants...
     -reading in genotypes, computing gene-based tests and building masks...done (187582ms) 
     -computing association tests...done (35ms) 
     -computing joint association tests...done (0ms) 
 set [784/1714] : LYRM4-AS1 - 6948 variants...
     -reading in genotypes, computing gene-based tests and building masks...done (19016ms) 
     -computing association tests...done (133ms) 
     -computing joint association tests...done (0ms) 
 set [785/1714] : MAD2L1BP - 2849 variants...
     -reading in genotypes, computing gene-based tests and building masks...done (7486ms) 
     -computing association tests...done (74ms) 
     -computing joint association tests...done (0ms) 
 set [786/1714] : MAK - 34516 variants...
     -reading in genotypes, computing gene-based tests and building masks...done (50385ms) 
     -computing association tests...done (26ms) 
     -computing joint association tests...done (0ms) 
 set [787/1714] : MAN1A1 - 73907 variants...
     -reading in genotypes, computing gene-based tests and building masks...done (111246ms) 
     -computing association tests...done (81ms) 
     -computing joint association tests...done (0ms) 
 set [788/1714] : MANEA - 17002 variants...
     -reading in genotypes, computing gene-based tests and building masks...done (21237ms) 
     -computing association tests...done (26ms) 
     -computing joint association tests...done (0ms) 
 set [789/1714] : MANEA-DT - 18418 variants...
     -reading in genotypes, computing gene-based tests and building masks...done (26776ms) 
     -computing association tests...done (66ms) 
     -computing joint association tests...done (18ms) 
 set [790/1714] : MAP3K4 - 55044 variants...
     -reading in genotypes, computing gene-based tests and building masks...done (95426ms) 
     -computing association tests...done (70ms) 
     -computing joint association tests...done (9ms) 
 set [791/1714] : MAP3K4-AS1 - 518 variants...
     -reading in genotypes, computing gene-based tests and building masks...done (939ms) 
     -computing association tests...done (16ms) 
     -computing joint association tests...done (0ms) 
 set [792/1714] : MAP3K5 - 97064 variants...
     -reading in genotypes, computing gene-based tests and building masks...done (211175ms) 
     -computing association tests...done (57ms) 
     -computing joint association tests...done (0ms) 
 set [793/1714] : MAP3K7 - 32486 variants...
     -reading in genotypes, computing gene-based tests and building masks...done (38859ms) 
     -computing association tests...done (60ms) 
     -computing joint association tests...done (0ms) 
 set [794/1714] : MAP7 - 84398 variants...
     -reading in genotypes, computing gene-based tests and building masks...done (148595ms) 
     -computing association tests...done (44ms) 
     -computing joint association tests...done (0ms) 
 set [795/1714] : MAPK13 - 10038 variants...
     -reading in genotypes, computing gene-based tests and building masks...done (21631ms) 
     -computing association tests...done (99ms) 
     -computing joint association tests...done (0ms) 
 set [796/1714] : MAPK14 - 32818 variants...
     -reading in genotypes, computing gene-based tests and building masks...done (45012ms) 
     -computing association tests...done (54ms) 
     -computing joint association tests...done (0ms) 
 set [797/1714] : MARCKS - 7304 variants...
     -reading in genotypes, computing gene-based tests and building masks...done (23150ms) 
     -computing association tests...done (35ms) 
     -computing joint association tests...done (0ms) 
 set [798/1714] : MARCKSL1P2 - 600 variants...
     -reading in genotypes, computing gene-based tests and building masks...done (4261ms) 
     -computing association tests...done (14ms) 
     -computing joint association tests...done (0ms) 
 set [799/1714] : MAS1 - 16569 variants...
     -reading in genotypes, computing gene-based tests and building masks...done (33754ms) 
     -computing association tests...done (81ms) 
     -computing joint association tests...done (1ms) 
 set [800/1714] : MAS1L - 4143 variants...
     -reading in genotypes, computing gene-based tests and building masks...done (13785ms) 
     -computing association tests...done (41ms) 
     -computing joint association tests...done (0ms) 
 set [801/1714] : MAS1LP1 - 377 variants...
     -reading in genotypes, computing gene-based tests and building masks...done (4787ms) 
     -computing association tests...done (13ms) 
     -computing joint association tests...done (0ms) 
 set [802/1714] : MBOAT1 - 55181 variants...
     -reading in genotypes, computing gene-based tests and building masks...done (135196ms) 
     -computing association tests...done (45ms) 
     -computing joint association tests...done (0ms) 
 set [803/1714] : MCCD1 - 2913 variants...
     -reading in genotypes, computing gene-based tests and building masks...done (8963ms) 
     -computing association tests...done (199ms) 
     -computing joint association tests...done (0ms) 
 set [804/1714] : MCCD1P1 - 180 variants...
     -reading in genotypes, computing gene-based tests and building masks...done (3764ms) 
     -computing association tests...done (17ms) 
     -computing joint association tests...done (0ms) 
 set [805/1714] : MCCD1P2 - 156 variants...
     -reading in genotypes, computing gene-based tests and building masks...done (4698ms) 
     -computing association tests...done (28ms) 
     -computing joint association tests...done (0ms) 
 set [806/1714] : MCFD2P1 - 373 variants...
     -reading in genotypes, computing gene-based tests and building masks...done (2719ms) 
     -computing association tests...done (13ms) 
     -computing joint association tests...done (0ms) 
 set [807/1714] : MCHR2 - 37104 variants...
     -reading in genotypes, computing gene-based tests and building masks...done (51732ms) 
     -computing association tests...done (39ms) 
     -computing joint association tests...done (2ms) 
 set [808/1714] : MCHR2-AS1 - 21737 variants...
     -reading in genotypes, computing gene-based tests and building masks...done (25704ms) 
     -computing association tests...done (27ms) 
     -computing joint association tests...done (0ms) 
 set [809/1714] : MCM3 - 13075 variants...
     -reading in genotypes, computing gene-based tests and building masks...done (17986ms) 
     -computing association tests...done (21ms) 
     -computing joint association tests...done (0ms) 
 set [810/1714] : MCM9 - 45647 variants...
     -reading in genotypes, computing gene-based tests and building masks...done (67790ms) 
     -computing association tests...done (36ms) 
     -computing joint association tests...done (0ms) 
 set [811/1714] : MCUR1 - 16551 variants...
     -reading in genotypes, computing gene-based tests and building masks...done (33851ms) 
     -computing association tests...done (44ms) 
     -computing joint association tests...done (0ms) 
 set [812/1714] : MDC1 - 8253 variants...
     -reading in genotypes, computing gene-based tests and building masks...done (14484ms) 
     -computing association tests...done (62ms) 
     -computing joint association tests...done (0ms) 
 set [813/1714] : MDFI - 13037 variants...
     -reading in genotypes, computing gene-based tests and building masks...done (26220ms) 
     -computing association tests...done (32ms) 
     -computing joint association tests...done (0ms) 
 set [814/1714] : MDGA1 - 35469 variants...
     -reading in genotypes, computing gene-based tests and building masks...done (60212ms) 
     -computing association tests...done (43ms) 
     -computing joint association tests...done (0ms) 
 set [815/1714] : MDH1P2 - 329 variants...
     -reading in genotypes, computing gene-based tests and building masks...done (938ms) 
     -computing association tests...done (25ms) 
     -computing joint association tests...done (0ms) 
 set [816/1714] : MDN1 - 74813 variants...
     -reading in genotypes, computing gene-based tests and building masks...done (114143ms) 
     -computing association tests...done (66ms) 
     -computing joint association tests...done (0ms) 
 set [817/1714] : ME1 - 100830 variants...
     -reading in genotypes, computing gene-based tests and building masks...done (221878ms) 
     -computing association tests...done (75ms) 
     -computing joint association tests...done (0ms) 
 set [818/1714] : MED20 - 8297 variants...
     -reading in genotypes, computing gene-based tests and building masks...done (16284ms) 
     -computing association tests...done (33ms) 
     -computing joint association tests...done (0ms) 
 set [819/1714] : MED23 - 19447 variants...
     -reading in genotypes, computing gene-based tests and building masks...done (24941ms) 
     -computing association tests...done (65ms) 
     -computing joint association tests...done (0ms) 
 set [820/1714] : MEI4 - 139790 variants...
     -reading in genotypes, computing gene-based tests and building masks...done (514651ms) 
     -computing association tests...done (43ms) 
     -computing joint association tests...done (1ms) 
 set [821/1714] : MEMO1P2 - 326 variants...
     -reading in genotypes, computing gene-based tests and building masks...done (7682ms) 
     -computing association tests...done (12ms) 
     -computing joint association tests...done (0ms) 
 set [822/1714] : MEP1A - 24381 variants...
     -reading in genotypes, computing gene-based tests and building masks...done (32104ms) 
     -computing association tests...done (22ms) 
     -computing joint association tests...done (0ms) 
 set [823/1714] : Metazoa_SRP - 109 variants...
     -reading in genotypes, computing gene-based tests and building masks...done (6871ms) 
     -computing association tests...done (3ms) 
     -computing joint association tests...done (0ms) 
 set [824/1714] : METTL24 - 48038 variants...
     -reading in genotypes, computing gene-based tests and building masks...done (54001ms) 
     -computing association tests...done (27ms) 
     -computing joint association tests...done (0ms) 
 set [825/1714] : MFSD4B - 16180 variants...
     -reading in genotypes, computing gene-based tests and building masks...done (16328ms) 
     -computing association tests...done (18ms) 
     -computing joint association tests...done (0ms) 
 set [826/1714] : MFSD4B-DT - 6529 variants...
     -reading in genotypes, computing gene-based tests and building masks...done (6083ms) 
     -computing association tests...done (15ms) 
     -computing joint association tests...done (0ms) 
 set [827/1714] : MICA - 9129 variants...
     -reading in genotypes, computing gene-based tests and building masks...done (17755ms) 
     -computing association tests...done (73ms) 
     -computing joint association tests...done (0ms) 
 set [828/1714] : MICA-AS1 - 7034 variants...
     -reading in genotypes, computing gene-based tests and building masks...done (9478ms) 
     -computing association tests...done (56ms) 
     -computing joint association tests...done (0ms) 
 set [829/1714] : MICAL1 - 3824 variants...
     -reading in genotypes, computing gene-based tests and building masks...done (4932ms) 
     -computing association tests...done (65ms) 
     -computing joint association tests...done (0ms) 
 set [830/1714] : MICB - 9820 variants...
     -reading in genotypes, computing gene-based tests and building masks...done (16709ms) 
     -computing association tests...done (22ms) 
     -computing joint association tests...done (0ms) 
 set [831/1714] : MICB-DT - 6314 variants...
     -reading in genotypes, computing gene-based tests and building masks...done (12883ms) 
     -computing association tests...done (62ms) 
     -computing joint association tests...done (0ms) 
 set [832/1714] : MICC - 5948 variants...
     -reading in genotypes, computing gene-based tests and building masks...done (9430ms) 
     -computing association tests...done (14ms) 
     -computing joint association tests...done (0ms) 
 set [833/1714] : MICE - 518 variants...
     -reading in genotypes, computing gene-based tests and building masks...done (3374ms) 
     -computing association tests...done (86ms) 
     -computing joint association tests...done (0ms) 
 set [834/1714] : MICG - 67 variants...
     -reading in genotypes, computing gene-based tests and building masks...done (8134ms) 
     -computing association tests...done (58ms) 
     -computing joint association tests...done (0ms) 
 set [835/1714] : MIR1202 - 37 variants...
     -reading in genotypes, computing gene-based tests and building masks...done (446ms) 
     -computing association tests...done (12ms) 
     -computing joint association tests...done (0ms) 
 set [836/1714] : MIR1273C - 3390 variants...
     -reading in genotypes, computing gene-based tests and building masks...done (9577ms) 
     -computing association tests...done (10ms) 
     -computing joint association tests...done (11ms) 
 set [837/1714] : MIR1275 - 3955 variants...
     -reading in genotypes, computing gene-based tests and building masks...done (5754ms) 
     -computing association tests...done (12ms) 
     -computing joint association tests...done (0ms) 
 set [838/1714] : MIR2113 - 30 variants...
     -reading in genotypes, computing gene-based tests and building masks...done (593ms) 
     -computing association tests...done (12ms) 
     -computing joint association tests...done (0ms) 
 set [839/1714] : MIR30A - 23 variants...
     -reading in genotypes, computing gene-based tests and building masks...done (814ms) 
     -computing association tests...done (26ms) 
     -computing joint association tests...done (0ms) 
 set [840/1714] : MIR30C2 - 26 variants...
     -reading in genotypes, computing gene-based tests and building masks...done (534ms) 
     -computing association tests...done (12ms) 
     -computing joint association tests...done (0ms) 
 set [841/1714] : MIR3143 - 51 variants...
     -reading in genotypes, computing gene-based tests and building masks...done (4845ms) 
     -computing association tests...done (12ms) 
     -computing joint association tests...done (0ms) 
 set [842/1714] : MIR3144 - 36 variants...
     -reading in genotypes, computing gene-based tests and building masks...done (4708ms) 
     -computing association tests...done (0ms) 
     -computing joint association tests...done (0ms) 
 set [843/1714] : MIR3668 - 28 variants...
     -reading in genotypes, computing gene-based tests and building masks...done (764ms) 
     -computing association tests...done (15ms) 
     -computing joint association tests...done (0ms) 
 set [844/1714] : MIR3925 - 24 variants...
     -reading in genotypes, computing gene-based tests and building masks...done (3568ms) 
     -computing association tests...done (25ms) 
     -computing joint association tests...done (0ms) 
 set [845/1714] : MIR4462 - 15 variants...
     -reading in genotypes, computing gene-based tests and building masks...done (438ms) 
     -computing association tests...done (12ms) 
     -computing joint association tests...done (0ms) 
 set [846/1714] : MIR4464 - 33 variants...
     -reading in genotypes, computing gene-based tests and building masks...done (499ms) 
     -computing association tests...done (27ms) 
     -computing joint association tests...done (0ms) 
 set [847/1714] : MIR4465 - 56 variants...
     -reading in genotypes, computing gene-based tests and building masks...done (3149ms) 
     -computing association tests...done (14ms) 
     -computing joint association tests...done (0ms) 
 set [848/1714] : MIR4643 - 4361 variants...
     -reading in genotypes, computing gene-based tests and building masks...done (17539ms) 
     -computing association tests...done (12ms) 
     -computing joint association tests...done (0ms) 
 set [849/1714] : MIR4645 - 38 variants...
     -reading in genotypes, computing gene-based tests and building masks...done (1008ms) 
     -computing association tests...done (13ms) 
     -computing joint association tests...done (0ms) 
 set [850/1714] : MIR548A1HG - 74068 variants...
     -reading in genotypes, computing gene-based tests and building masks...done (110346ms) 
     -computing association tests...done (35ms) 
     -computing joint association tests...done (0ms) 
 set [851/1714] : MIR548A2 - 3985 variants...
     -reading in genotypes, computing gene-based tests and building masks...done (9711ms) 
     -computing association tests...done (18ms) 
     -computing joint association tests...done (0ms) 
 set [852/1714] : MIR548AI - 4101 variants...
     -reading in genotypes, computing gene-based tests and building masks...done (17211ms) 
     -computing association tests...done (55ms) 
     -computing joint association tests...done (0ms) 
 set [853/1714] : MIR548AJ1 - 36 variants...
     -reading in genotypes, computing gene-based tests and building masks...done (8371ms) 
     -computing association tests...done (24ms) 
     -computing joint association tests...done (0ms) 
 set [854/1714] : MIR548H5 - 5175 variants...
     -reading in genotypes, computing gene-based tests and building masks...done (7428ms) 
     -computing association tests...done (12ms) 
     -computing joint association tests...done (0ms) 
 set [855/1714] : MIR5689 - 58 variants...
     -reading in genotypes, computing gene-based tests and building masks...done (5354ms) 
     -computing association tests...done (1ms) 
     -computing joint association tests...done (0ms) 
 set [856/1714] : MIR587 - 44 variants...
     -reading in genotypes, computing gene-based tests and building masks...done (635ms) 
     -computing association tests...done (0ms) 
     -computing joint association tests...done (0ms) 
 set [857/1714] : MIR588 - 27 variants...
     -reading in genotypes, computing gene-based tests and building masks...done (408ms) 
     -computing association tests...done (0ms) 
     -computing joint association tests...done (0ms) 
 set [858/1714] : MLIP - 111250 variants...
     -reading in genotypes, computing gene-based tests and building masks...done (418684ms) 
     -computing association tests...done (39ms) 
     -computing joint association tests...done (0ms) 
 set [859/1714] : MLIP-AS1 - 33092 variants...
     -reading in genotypes, computing gene-based tests and building masks...done (38808ms) 
     -computing association tests...done (21ms) 
     -computing joint association tests...done (0ms) 
 set [860/1714] : MLN - 5752 variants...
     -reading in genotypes, computing gene-based tests and building masks...done (15712ms) 
     -computing association tests...done (17ms) 
     -computing joint association tests...done (0ms) 
 set [861/1714] : MMS22L - 57681 variants...
     -reading in genotypes, computing gene-based tests and building masks...done (104277ms) 
     -computing association tests...done (96ms) 
     -computing joint association tests...done (0ms) 
 set [862/1714] : MMUT - 14964 variants...
     -reading in genotypes, computing gene-based tests and building masks...done (36493ms) 
     -computing association tests...done (33ms) 
     -computing joint association tests...done (0ms) 
 set [863/1714] : MOCS1 - 13119 variants...
     -reading in genotypes, computing gene-based tests and building masks...done (31159ms) 
     -computing association tests...done (74ms) 
     -computing joint association tests...done (0ms) 
 set [864/1714] : MOG - 9739 variants...
     -reading in genotypes, computing gene-based tests and building masks...done (17766ms) 
     -computing association tests...done (41ms) 
     -computing joint association tests...done (0ms) 
 set [865/1714] : MOXD1 - 50142 variants...
     -reading in genotypes, computing gene-based tests and building masks...done (92584ms) 
     -computing association tests...done (69ms) 
     -computing joint association tests...done (0ms) 
 set [866/1714] : MPC1 - 10769 variants...
     -reading in genotypes, computing gene-based tests and building masks...done (13431ms) 
     -computing association tests...done (22ms) 
     -computing joint association tests...done (0ms) 
 set [867/1714] : MRAP2 - 26201 variants...
     -reading in genotypes, computing gene-based tests and building masks...done (38662ms) 
     -computing association tests...done (34ms) 
     -computing joint association tests...done (0ms) 
 set [868/1714] : MROCKI - 3815 variants...
     -reading in genotypes, computing gene-based tests and building masks...done (11436ms) 
     -computing association tests...done (18ms) 
     -computing joint association tests...done (0ms) 
 set [869/1714] : MRPL14 - 10973 variants...
     -reading in genotypes, computing gene-based tests and building masks...done (18755ms) 
     -computing association tests...done (49ms) 
     -computing joint association tests...done (0ms) 
 set [870/1714] : MRPL18 - 6031 variants...
     -reading in genotypes, computing gene-based tests and building masks...done (7296ms) 
     -computing association tests...done (23ms) 
     -computing joint association tests...done (11ms) 
 set [871/1714] : MRPL2 - 4446 variants...
     -reading in genotypes, computing gene-based tests and building masks...done (10990ms) 
     -computing association tests...done (114ms) 
     -computing joint association tests...done (0ms) 
 set [872/1714] : MRPL30P1 - 976 variants...
     -reading in genotypes, computing gene-based tests and building masks...done (1909ms) 
     -computing association tests...done (21ms) 
     -computing joint association tests...done (0ms) 
 set [873/1714] : MRPL42P2 - 2099 variants...
     -reading in genotypes, computing gene-based tests and building masks...done (3560ms) 
     -computing association tests...done (15ms) 
     -computing joint association tests...done (0ms) 
 set [874/1714] : MRPL42P3 - 2695 variants...
     -reading in genotypes, computing gene-based tests and building masks...done (15323ms) 
     -computing association tests...done (14ms) 
     -computing joint association tests...done (0ms) 
 set [875/1714] : MRPL48P1 - 237 variants...
     -reading in genotypes, computing gene-based tests and building masks...done (626ms) 
     -computing association tests...done (4ms) 
     -computing joint association tests...done (0ms) 
 set [876/1714] : MRPS10 - 9861 variants...
     -reading in genotypes, computing gene-based tests and building masks...done (15664ms) 
     -computing association tests...done (25ms) 
     -computing joint association tests...done (0ms) 
 set [877/1714] : MRPS17P5 - 4337 variants...
     -reading in genotypes, computing gene-based tests and building masks...done (10336ms) 
     -computing association tests...done (17ms) 
     -computing joint association tests...done (0ms) 
 set [878/1714] : MRPS18A - 7914 variants...
     -reading in genotypes, computing gene-based tests and building masks...done (35246ms) 
     -computing association tests...done (29ms) 
     -computing joint association tests...done (0ms) 
 set [879/1714] : MRPS18B - 5997 variants...
     -reading in genotypes, computing gene-based tests and building masks...done (8483ms) 
     -computing association tests...done (115ms) 
     -computing joint association tests...done (0ms) 
 set [880/1714] : MRS2 - 11923 variants...
     -reading in genotypes, computing gene-based tests and building masks...done (16483ms) 
     -computing association tests...done (25ms) 
     -computing joint association tests...done (0ms) 
 set [881/1714] : MSH5 - 6697 variants...
     -reading in genotypes, computing gene-based tests and building masks...done (7418ms) 
     -computing association tests...done (13ms) 
     -computing joint association tests...done (0ms) 
 set [882/1714] : MTATP6P25 - 2372 variants...
     -reading in genotypes, computing gene-based tests and building masks...done (6814ms) 
     -computing association tests...done (6ms) 
     -computing joint association tests...done (0ms) 
 set [883/1714] : MTATP6P31 - 539 variants...
     -reading in genotypes, computing gene-based tests and building masks...done (758ms) 
     -computing association tests...done (51ms) 
     -computing joint association tests...done (14ms) 
 set [884/1714] : MTCH1 - 9009 variants...
     -reading in genotypes, computing gene-based tests and building masks...done (12374ms) 
     -computing association tests...done (24ms) 
     -computing joint association tests...done (2ms) 
 set [885/1714] : MTCH1P1 - 4078 variants...
     -reading in genotypes, computing gene-based tests and building masks...done (9928ms) 
     -computing association tests...done (12ms) 
     -computing joint association tests...done (0ms) 
 set [886/1714] : MTCL3 - 20584 variants...
     -reading in genotypes, computing gene-based tests and building masks...done (23384ms) 
     -computing association tests...done (57ms) 
     -computing joint association tests...done (0ms) 
 set [887/1714] : MTCO1P56 - 2368 variants...
     -reading in genotypes, computing gene-based tests and building masks...done (4995ms) 
     -computing association tests...done (11ms) 
     -computing joint association tests...done (0ms) 
 set [888/1714] : MTCO2P31 - 650 variants...
     -reading in genotypes, computing gene-based tests and building masks...done (932ms) 
     -computing association tests...done (4ms) 
     -computing joint association tests...done (0ms) 
 set [889/1714] : MTCO2P33 - 168 variants...
     -reading in genotypes, computing gene-based tests and building masks...done (3926ms) 
     -computing association tests...done (12ms) 
     -computing joint association tests...done (0ms) 
 set [890/1714] : MTCO3P1 - 5902 variants...
     -reading in genotypes, computing gene-based tests and building masks...done (26207ms) 
     -computing association tests...done (46ms) 
     -computing joint association tests...done (0ms) 
 set [891/1714] : MTCO3P31 - 919 variants...
     -reading in genotypes, computing gene-based tests and building masks...done (1144ms) 
     -computing association tests...done (8ms) 
     -computing joint association tests...done (0ms) 
 set [892/1714] : MTCYBP36 - 1848 variants...
     -reading in genotypes, computing gene-based tests and building masks...done (7450ms) 
     -computing association tests...done (10ms) 
     -computing joint association tests...done (0ms) 
 set [893/1714] : MTCYBP4 - 5096 variants...
     -reading in genotypes, computing gene-based tests and building masks...done (7757ms) 
     -computing association tests...done (66ms) 
     -computing joint association tests...done (0ms) 
 set [894/1714] : MTFR2 - 12575 variants...
     -reading in genotypes, computing gene-based tests and building masks...done (15688ms) 
     -computing association tests...done (78ms) 
     -computing joint association tests...done (0ms) 
 set [895/1714] : MTHFD1L - 107477 variants...
     -reading in genotypes, computing gene-based tests and building masks...done (250396ms) 
     -computing association tests...done (28ms) 
     -computing joint association tests...done (0ms) 
 set [896/1714] : MTHFD2P3 - 88 variants...
     -reading in genotypes, computing gene-based tests and building masks...done (804ms) 
     -computing association tests...done (0ms) 
     -computing joint association tests...done (0ms) 
 set [897/1714] : MTMR9P1 - 5440 variants...
     -reading in genotypes, computing gene-based tests and building masks...done (7700ms) 
     -computing association tests...done (14ms) 
     -computing joint association tests...done (0ms) 
 set [898/1714] : MTND3P20 - 74 variants...
     -reading in genotypes, computing gene-based tests and building masks...done (518ms) 
     -computing association tests...done (56ms) 
     -computing joint association tests...done (0ms) 
 set [899/1714] : MTND4LP19 - 90 variants...
     -reading in genotypes, computing gene-based tests and building masks...done (393ms) 
     -computing association tests...done (18ms) 
     -computing joint association tests...done (0ms) 
 set [900/1714] : MTND4LP20 - 101 variants...
     -reading in genotypes, computing gene-based tests and building masks...done (513ms) 
     -computing association tests...done (7ms) 
     -computing joint association tests...done (0ms) 
 set [901/1714] : MTND4P13 - 3357 variants...
     -reading in genotypes, computing gene-based tests and building masks...done (3380ms) 
     -computing association tests...done (8ms) 
     -computing joint association tests...done (0ms) 
 set [902/1714] : MTO1 - 25125 variants...
     -reading in genotypes, computing gene-based tests and building masks...done (26460ms) 
     -computing association tests...done (80ms) 
     -computing joint association tests...done (0ms) 
 set [903/1714] : MTRES1 - 16343 variants...
     -reading in genotypes, computing gene-based tests and building masks...done (26659ms) 
     -computing association tests...done (45ms) 
     -computing joint association tests...done (0ms) 
 set [904/1714] : MTRES1P1 - 4439 variants...
     -reading in genotypes, computing gene-based tests and building masks...done (6535ms) 
     -computing association tests...done (14ms) 
     -computing joint association tests...done (0ms) 
 set [905/1714] : MTRF1L - 9623 variants...
     -reading in genotypes, computing gene-based tests and building masks...done (10961ms) 
     -computing association tests...done (34ms) 
     -computing joint association tests...done (0ms) 
 set [906/1714] : MUC21 - 7973 variants...
     -reading in genotypes, computing gene-based tests and building masks...done (12391ms) 
     -computing association tests...done (73ms) 
     -computing joint association tests...done (0ms) 
 set [907/1714] : MUC22 - 16805 variants...
     -reading in genotypes, computing gene-based tests and building masks...done (22483ms) 
     -computing association tests...done (91ms) 
     -computing joint association tests...done (0ms) 
 set [908/1714] : MUCL3 - 8554 variants...
     -reading in genotypes, computing gene-based tests and building masks...done (16669ms) 
     -computing association tests...done (80ms) 
     -computing joint association tests...done (0ms) 
 set [909/1714] : MYB - 18961 variants...
     -reading in genotypes, computing gene-based tests and building masks...done (25088ms) 
     -computing association tests...done (67ms) 
     -computing joint association tests...done (0ms) 
 set [910/1714] : MYCT1 - 20975 variants...
     -reading in genotypes, computing gene-based tests and building masks...done (175783ms) 
     -computing association tests...done (36ms) 
     -computing joint association tests...done (0ms) 
 set [911/1714] : MYL12BP3 - 2813 variants...
     -reading in genotypes, computing gene-based tests and building masks...done (7272ms) 
     -computing association tests...done (15ms) 
     -computing joint association tests...done (0ms) 
 set [912/1714] : MYLIP - 13271 variants...
     -reading in genotypes, computing gene-based tests and building masks...done (17872ms) 
     -computing association tests...done (72ms) 
     -computing joint association tests...done (0ms) 
 set [913/1714] : MYLK4 - 54882 variants...
     -reading in genotypes, computing gene-based tests and building masks...done (105936ms) 
     -computing association tests...done (40ms) 
     -computing joint association tests...done (0ms) 
 set [914/1714] : MYMX - 2560 variants...
     -reading in genotypes, computing gene-based tests and building masks...done (12317ms) 
     -computing association tests...done (12ms) 
     -computing joint association tests...done (0ms) 
 set [915/1714] : MYO6 - 73037 variants...
     -reading in genotypes, computing gene-based tests and building masks...done (130391ms) 
     -computing association tests...done (67ms) 
     -computing joint association tests...done (0ms) 
 set [916/1714] : NACAP7 - 4057 variants...
     -reading in genotypes, computing gene-based tests and building masks...done (14199ms) 
     -computing association tests...done (75ms) 
     -computing joint association tests...done (0ms) 
 set [917/1714] : NANOGP3 - 68 variants...
     -reading in genotypes, computing gene-based tests and building masks...done (980ms) 
     -computing association tests...done (13ms) 
     -computing joint association tests...done (0ms) 
 set [918/1714] : NAPGP2 - 3074 variants...
     -reading in genotypes, computing gene-based tests and building masks...done (3962ms) 
     -computing association tests...done (59ms) 
     -computing joint association tests...done (0ms) 
 set [919/1714] : NBAT1 - 5997 variants...
     -reading in genotypes, computing gene-based tests and building masks...done (7044ms) 
     -computing association tests...done (18ms) 
     -computing joint association tests...done (0ms) 
 set [920/1714] : NCOA7 - 57943 variants...
     -reading in genotypes, computing gene-based tests and building masks...done (111961ms) 
     -computing association tests...done (71ms) 
     -computing joint association tests...done (0ms) 
 set [921/1714] : NCR2 - 10325 variants...
     -reading in genotypes, computing gene-based tests and building masks...done (19999ms) 
     -computing association tests...done (62ms) 
     -computing joint association tests...done (0ms) 
 set [922/1714] : NCR3 - 1549 variants...
     -reading in genotypes, computing gene-based tests and building masks...done (2739ms) 
     -computing association tests...done (52ms) 
     -computing joint association tests...done (2ms) 
 set [923/1714] : NDUFA5P9 - 6123 variants...
     -reading in genotypes, computing gene-based tests and building masks...done (5345ms) 
     -computing association tests...done (13ms) 
     -computing joint association tests...done (0ms) 
 set [924/1714] : NDUFAF4 - 7234 variants...
     -reading in genotypes, computing gene-based tests and building masks...done (12207ms) 
     -computing association tests...done (20ms) 
     -computing joint association tests...done (0ms) 
 set [925/1714] : NEDD9 - 61608 variants...
     -reading in genotypes, computing gene-based tests and building masks...done (78566ms) 
     -computing association tests...done (87ms) 
     -computing joint association tests...done (0ms) 
 set [926/1714] : NELFE - 2682 variants...
     -reading in genotypes, computing gene-based tests and building masks...done (5897ms) 
     -computing association tests...done (90ms) 
     -computing joint association tests...done (0ms) 
 set [927/1714] : NEPNP - 4574 variants...
     -reading in genotypes, computing gene-based tests and building masks...done (7867ms) 
     -computing association tests...done (68ms) 
     -computing joint association tests...done (0ms) 
 set [928/1714] : NEU1 - 3697 variants...
     -reading in genotypes, computing gene-based tests and building masks...done (10070ms) 
     -computing association tests...done (54ms) 
     -computing joint association tests...done (0ms) 
 set [929/1714] : NFKBIE - 5238 variants...
     -reading in genotypes, computing gene-based tests and building masks...done (13993ms) 
     -computing association tests...done (25ms) 
     -computing joint association tests...done (0ms) 
 set [930/1714] : NFKBIL1 - 6925 variants...
     -reading in genotypes, computing gene-based tests and building masks...done (14818ms) 
     -computing association tests...done (88ms) 
     -computing joint association tests...done (0ms) 
 set [931/1714] : NFYA - 11873 variants...
     -reading in genotypes, computing gene-based tests and building masks...done (17323ms) 
     -computing association tests...done (16ms) 
     -computing joint association tests...done (0ms) 
 set [932/1714] : NGRNP2 - 4714 variants...
     -reading in genotypes, computing gene-based tests and building masks...done (5714ms) 
     -computing association tests...done (13ms) 
     -computing joint association tests...done (0ms) 
 set [933/1714] : NGRNP4 - 229 variants...
     -reading in genotypes, computing gene-based tests and building masks...done (8368ms) 
     -computing association tests...done (18ms) 
     -computing joint association tests...done (0ms) 
 set [934/1714] : NHEG1 - 7147 variants...
     -reading in genotypes, computing gene-based tests and building masks...done (17610ms) 
     -computing association tests...done (24ms) 
     -computing joint association tests...done (0ms) 
 set [935/1714] : NHLRC1 - 3225 variants...
     -reading in genotypes, computing gene-based tests and building masks...done (4306ms) 
     -computing association tests...done (47ms) 
     -computing joint association tests...done (0ms) 
 set [936/1714] : NHSL1 - 98934 variants...
     -reading in genotypes, computing gene-based tests and building masks...done (221238ms) 
     -computing association tests...done (40ms) 
     -computing joint association tests...done (0ms) 
 set [937/1714] : NHSL1-AS1 - 6405 variants...
     -reading in genotypes, computing gene-based tests and building masks...done (10182ms) 
     -computing association tests...done (28ms) 
     -computing joint association tests...done (0ms) 
 set [938/1714] : NKAIN2 - 443598 variants...
     -reading in genotypes, computing gene-based tests and building masks...done (2993696ms) 
     -computing association tests...done (28ms) 
     -computing joint association tests...done (0ms) 
 set [939/1714] : NKAPL - 3178 variants...
     -reading in genotypes, computing gene-based tests and building masks...done (9550ms) 
     -computing association tests...done (71ms) 
     -computing joint association tests...done (14ms) 
 set [940/1714] : NMBR - 36007 variants...
     -reading in genotypes, computing gene-based tests and building masks...done (42796ms) 
     -computing association tests...done (25ms) 
     -computing joint association tests...done (0ms) 
 set [941/1714] : NOL7 - 3230 variants...
     -reading in genotypes, computing gene-based tests and building masks...done (11134ms) 
     -computing association tests...done (98ms) 
     -computing joint association tests...done (8ms) 
 set [942/1714] : NOP56P1 - 152 variants...
     -reading in genotypes, computing gene-based tests and building masks...done (6513ms) 
     -computing association tests...done (7ms) 
     -computing joint association tests...done (0ms) 
 set [943/1714] : NOTCH4 - 13151 variants...
     -reading in genotypes, computing gene-based tests and building masks...done (18691ms) 
     -computing association tests...done (87ms) 
     -computing joint association tests...done (0ms) 
 set [944/1714] : NOX3 - 30274 variants...
     -reading in genotypes, computing gene-based tests and building masks...done (33847ms) 
     -computing association tests...done (26ms) 
     -computing joint association tests...done (0ms) 
 set [945/1714] : NPM1P10 - 3033 variants...
     -reading in genotypes, computing gene-based tests and building masks...done (7774ms) 
     -computing association tests...done (13ms) 
     -computing joint association tests...done (0ms) 
 set [946/1714] : NPM1P36 - 4232 variants...
     -reading in genotypes, computing gene-based tests and building masks...done (6019ms) 
     -computing association tests...done (12ms) 
     -computing joint association tests...done (0ms) 
 set [947/1714] : NPM1P38 - 330 variants...
     -reading in genotypes, computing gene-based tests and building masks...done (563ms) 
     -computing association tests...done (12ms) 
     -computing joint association tests...done (0ms) 
 set [948/1714] : NPM1P51 - 9932 variants...
     -reading in genotypes, computing gene-based tests and building masks...done (19356ms) 
     -computing association tests...done (22ms) 
     -computing joint association tests...done (0ms) 
 set [949/1714] : NQO2 - 13124 variants...
     -reading in genotypes, computing gene-based tests and building masks...done (16909ms) 
     -computing association tests...done (61ms) 
     -computing joint association tests...done (0ms) 
 set [950/1714] : NR2E1 - 13112 variants...
     -reading in genotypes, computing gene-based tests and building masks...done (13049ms) 
     -computing association tests...done (56ms) 
     -computing joint association tests...done (0ms) 
 set [951/1714] : NRM - 1391 variants...
     -reading in genotypes, computing gene-based tests and building masks...done (3574ms) 
     -computing association tests...done (10ms) 
     -computing joint association tests...done (0ms) 
 set [952/1714] : NRN1 - 10108 variants...
     -reading in genotypes, computing gene-based tests and building masks...done (10850ms) 
     -computing association tests...done (16ms) 
     -computing joint association tests...done (0ms) 
 set [953/1714] : NRSN1 - 17985 variants...
     -reading in genotypes, computing gene-based tests and building masks...done (32602ms) 
     -computing association tests...done (22ms) 
     -computing joint association tests...done (0ms) 
 set [954/1714] : NT5DC1 - 63451 variants...
     -reading in genotypes, computing gene-based tests and building masks...done (76062ms) 
     -computing association tests...done (18ms) 
     -computing joint association tests...done (52ms) 
 set [955/1714] : NT5E - 21385 variants...
     -reading in genotypes, computing gene-based tests and building masks...done (20661ms) 
     -computing association tests...done (16ms) 
     -computing joint association tests...done (0ms) 
 set [956/1714] : NUDT3 - 56874 variants...
     -reading in genotypes, computing gene-based tests and building masks...done (69566ms) 
     -computing association tests...done (33ms) 
     -computing joint association tests...done (0ms) 
 set [957/1714] : NUFIP1P1 - 774 variants...
     -reading in genotypes, computing gene-based tests and building masks...done (1053ms) 
     -computing association tests...done (8ms) 
     -computing joint association tests...done (0ms) 
 set [958/1714] : NUP153 - 48344 variants...
     -reading in genotypes, computing gene-based tests and building masks...done (68162ms) 
     -computing association tests...done (66ms) 
     -computing joint association tests...done (2ms) 
 set [959/1714] : NUP153-AS1 - 3413 variants...
     -reading in genotypes, computing gene-based tests and building masks...done (3677ms) 
     -computing association tests...done (22ms) 
     -computing joint association tests...done (0ms) 
 set [960/1714] : NUP43 - 12496 variants...
     -reading in genotypes, computing gene-based tests and building masks...done (16793ms) 
     -computing association tests...done (18ms) 
     -computing joint association tests...done (0ms) 
 set [961/1714] : NUP50P4 - 4433 variants...
     -reading in genotypes, computing gene-based tests and building masks...done (3943ms) 
     -computing association tests...done (8ms) 
     -computing joint association tests...done (0ms) 
 set [962/1714] : NUS1 - 18474 variants...
     -reading in genotypes, computing gene-based tests and building masks...done (17320ms) 
     -computing association tests...done (21ms) 
     -computing joint association tests...done (0ms) 
 set [963/1714] : OARD1 - 3846 variants...
     -reading in genotypes, computing gene-based tests and building masks...done (16331ms) 
     -computing association tests...done (13ms) 
     -computing joint association tests...done (0ms) 
 set [964/1714] : OFCC1 - 9 variants...
     -reading in genotypes, computing gene-based tests and building masks...done (10290ms) 
     -computing association tests...done (25ms) 
     -computing joint association tests...done (0ms) 
 set [965/1714] : OGFRL1 - 11150 variants...
     -reading in genotypes, computing gene-based tests and building masks...done (20988ms) 
     -computing association tests...done (20ms) 
     -computing joint association tests...done (0ms) 
 set [966/1714] : OLIG3 - 6051 variants...
     -reading in genotypes, computing gene-based tests and building masks...done (9228ms) 
     -computing association tests...done (50ms) 
     -computing joint association tests...done (0ms) 
 set [967/1714] : OOEP - 2567 variants...
     -reading in genotypes, computing gene-based tests and building masks...done (10134ms) 
     -computing association tests...done (66ms) 
     -computing joint association tests...done (0ms) 
 set [968/1714] : OOEP-AS1 - 6728 variants...
     -reading in genotypes, computing gene-based tests and building masks...done (7342ms) 
     -computing association tests...done (14ms) 
     -computing joint association tests...done (0ms) 
 set [969/1714] : OPN5 - 27934 variants...
     -reading in genotypes, computing gene-based tests and building masks...done (34458ms) 
     -computing association tests...done (21ms) 
     -computing joint association tests...done (0ms) 
 set [970/1714] : OPRM1 - 58833 variants...
     -reading in genotypes, computing gene-based tests and building masks...done (73102ms) 
     -computing association tests...done (59ms) 
     -computing joint association tests...done (0ms) 
 set [971/1714] : OR10C1 - 732 variants...
     -reading in genotypes, computing gene-based tests and building masks...done (8010ms) 
     -computing association tests...done (13ms) 
     -computing joint association tests...done (0ms) 
 set [972/1714] : OR11A1 - 13075 variants...
     -reading in genotypes, computing gene-based tests and building masks...done (14507ms) 
     -computing association tests...done (87ms) 
     -computing joint association tests...done (0ms) 
 set [973/1714] : OR12D1 - 3913 variants...
     -reading in genotypes, computing gene-based tests and building masks...done (4168ms) 
     -computing association tests...done (10ms) 
     -computing joint association tests...done (27ms) 
 set [974/1714] : OR12D2 - 4787 variants...
     -reading in genotypes, computing gene-based tests and building masks...done (6516ms) 
     -computing association tests...done (78ms) 
     -computing joint association tests...done (0ms) 
 set [975/1714] : OR12D3 - 2525 variants...
     -reading in genotypes, computing gene-based tests and building masks...done (3485ms) 
     -computing association tests...done (12ms) 
     -computing joint association tests...done (0ms) 
 set [976/1714] : OR14J1 - 8142 variants...
     -reading in genotypes, computing gene-based tests and building masks...done (16774ms) 
     -computing association tests...done (72ms) 
     -computing joint association tests...done (0ms) 
 set [977/1714] : OR1F12P - 320 variants...
     -reading in genotypes, computing gene-based tests and building masks...done (1089ms) 
     -computing association tests...done (7ms) 
     -computing joint association tests...done (0ms) 
 set [978/1714] : OR2AD1P - 340 variants...
     -reading in genotypes, computing gene-based tests and building masks...done (710ms) 
     -computing association tests...done (13ms) 
     -computing joint association tests...done (0ms) 
 set [979/1714] : OR2B2 - 4473 variants...
     -reading in genotypes, computing gene-based tests and building masks...done (4990ms) 
     -computing association tests...done (52ms) 
     -computing joint association tests...done (0ms) 
 set [980/1714] : OR2B3 - 4988 variants...
     -reading in genotypes, computing gene-based tests and building masks...done (8471ms) 
     -computing association tests...done (58ms) 
     -computing joint association tests...done (0ms) 
 set [981/1714] : OR2B4P - 311 variants...
     -reading in genotypes, computing gene-based tests and building masks...done (529ms) 
     -computing association tests...done (3ms) 
     -computing joint association tests...done (0ms) 
 set [982/1714] : OR2B6 - 3794 variants...
     -reading in genotypes, computing gene-based tests and building masks...done (4981ms) 
     -computing association tests...done (93ms) 
     -computing joint association tests...done (0ms) 
 set [983/1714] : OR2B7P - 351 variants...
     -reading in genotypes, computing gene-based tests and building masks...done (541ms) 
     -computing association tests...done (7ms) 
     -computing joint association tests...done (0ms) 
 set [984/1714] : OR2B8P - 12035 variants...
     -reading in genotypes, computing gene-based tests and building masks...done (38312ms) 
     -computing association tests...done (70ms) 
     -computing joint association tests...done (0ms) 
 set [985/1714] : OR2E1P - 162 variants...
     -reading in genotypes, computing gene-based tests and building masks...done (1636ms) 
     -computing association tests...done (17ms) 
     -computing joint association tests...done (0ms) 
 set [986/1714] : OR2G1P - 344 variants...
     -reading in genotypes, computing gene-based tests and building masks...done (591ms) 
     -computing association tests...done (8ms) 
     -computing joint association tests...done (18ms) 
 set [987/1714] : OR2H1 - 4720 variants...
     -reading in genotypes, computing gene-based tests and building masks...done (4864ms) 
     -computing association tests...done (68ms) 
     -computing joint association tests...done (6ms) 
 set [988/1714] : OR2H2 - 5672 variants...
     -reading in genotypes, computing gene-based tests and building masks...done (6866ms) 
     -computing association tests...done (18ms) 
     -computing joint association tests...done (12ms) 
 set [989/1714] : OR2H5P - 2217 variants...
     -reading in genotypes, computing gene-based tests and building masks...done (2802ms) 
     -computing association tests...done (11ms) 
     -computing joint association tests...done (0ms) 
 set [990/1714] : OR2I1P - 2744 variants...
     -reading in genotypes, computing gene-based tests and building masks...done (3323ms) 
     -computing association tests...done (47ms) 
     -computing joint association tests...done (0ms) 
 set [991/1714] : OR2J1 - 3270 variants...
     -reading in genotypes, computing gene-based tests and building masks...done (5612ms) 
     -computing association tests...done (54ms) 
     -computing joint association tests...done (0ms) 
 set [992/1714] : OR2J2 - 6124 variants...
     -reading in genotypes, computing gene-based tests and building masks...done (7581ms) 
     -computing association tests...done (18ms) 
     -computing joint association tests...done (0ms) 
 set [993/1714] : OR2J3 - 6493 variants...
     -reading in genotypes, computing gene-based tests and building masks...done (8099ms) 
     -computing association tests...done (19ms) 
     -computing joint association tests...done (0ms) 
 set [994/1714] : OR2J4P - 2513 variants...
     -reading in genotypes, computing gene-based tests and building masks...done (3037ms) 
     -computing association tests...done (13ms) 
     -computing joint association tests...done (0ms) 
 set [995/1714] : OR2P1P - 274 variants...
     -reading in genotypes, computing gene-based tests and building masks...done (7466ms) 
     -computing association tests...done (12ms) 
     -computing joint association tests...done (0ms) 
 set [996/1714] : OR2U1P - 522 variants...
     -reading in genotypes, computing gene-based tests and building masks...done (2276ms) 
     -computing association tests...done (48ms) 
     -computing joint association tests...done (0ms) 
 set [997/1714] : OR2U2P - 333 variants...
     -reading in genotypes, computing gene-based tests and building masks...done (596ms) 
     -computing association tests...done (12ms) 
     -computing joint association tests...done (0ms) 
 set [998/1714] : OR2W1 - 4215 variants...
     -reading in genotypes, computing gene-based tests and building masks...done (9700ms) 
     -computing association tests...done (14ms) 
     -computing joint association tests...done (0ms) 
 set [999/1714] : OR2W1-AS1 - 14138 variants...
     -reading in genotypes, computing gene-based tests and building masks...done (19300ms) 
     -computing association tests...done (26ms) 
     -computing joint association tests...done (2ms) 
 set [1000/1714] : OR2W2P - 311 variants...
     -reading in genotypes, computing gene-based tests and building masks...done (617ms) 
     -computing association tests...done (12ms) 
     -computing joint association tests...done (0ms) 
 set [1001/1714] : OR2W4P - 3887 variants...
     -reading in genotypes, computing gene-based tests and building masks...done (4001ms) 
     -computing association tests...done (16ms) 
     -computing joint association tests...done (0ms) 
 set [1002/1714] : OR2W6P - 3994 variants...
     -reading in genotypes, computing gene-based tests and building masks...done (4432ms) 
     -computing association tests...done (18ms) 
     -computing joint association tests...done (0ms) 
 set [1003/1714] : OR4F1P - 9242 variants...
     -reading in genotypes, computing gene-based tests and building masks...done (81695ms) 
     -computing association tests...done (15ms) 
     -computing joint association tests...done (0ms) 
 set [1004/1714] : OR4F7P - 572 variants...
     -reading in genotypes, computing gene-based tests and building masks...done (6841ms) 
     -computing association tests...done (56ms) 
     -computing joint association tests...done (0ms) 
 set [1005/1714] : OR5V1 - 16314 variants...
     -reading in genotypes, computing gene-based tests and building masks...done (25347ms) 
     -computing association tests...done (24ms) 
     -computing joint association tests...done (0ms) 
 set [1006/1714] : ORC3 - 30920 variants...
     -reading in genotypes, computing gene-based tests and building masks...done (42112ms) 
     -computing association tests...done (27ms) 
     -computing joint association tests...done (0ms) 
 set [1007/1714] : OSTCP1 - 10933 variants...
     -reading in genotypes, computing gene-based tests and building masks...done (12244ms) 
     -computing association tests...done (15ms) 
     -computing joint association tests...done (0ms) 
 set [1008/1714] : OSTM1 - 37703 variants...
     -reading in genotypes, computing gene-based tests and building masks...done (38960ms) 
     -computing association tests...done (98ms) 
     -computing joint association tests...done (0ms) 
 set [1009/1714] : OSTM1-AS1 - 17858 variants...
     -reading in genotypes, computing gene-based tests and building masks...done (20091ms) 
     -computing association tests...done (48ms) 
     -computing joint association tests...done (0ms) 
 set [1010/1714] : PA2G4P5 - 4560 variants...
     -reading in genotypes, computing gene-based tests and building masks...done (16547ms) 
     -computing association tests...done (57ms) 
     -computing joint association tests...done (0ms) 
 set [1011/1714] : PACRG - 253461 variants...
     -reading in genotypes, computing gene-based tests and building masks...done (778686ms) 
     -computing association tests...done (84ms) 
     -computing joint association tests...done (0ms) 
 set [1012/1714] : PACRG-AS1 - 4051 variants...
     -reading in genotypes, computing gene-based tests and building masks...done (13351ms) 
     -computing association tests...done (14ms) 
     -computing joint association tests...done (0ms) 
 set [1013/1714] : PACSIN1 - 31509 variants...
     -reading in genotypes, computing gene-based tests and building masks...done (50696ms) 
     -computing association tests...done (72ms) 
     -computing joint association tests...done (0ms) 
 set [1014/1714] : PAGE4P1 - 3698 variants...
     -reading in genotypes, computing gene-based tests and building masks...done (6491ms) 
     -computing association tests...done (10ms) 
     -computing joint association tests...done (0ms) 
 set [1015/1714] : PAICSP3 - 4280 variants...
     -reading in genotypes, computing gene-based tests and building masks...done (6238ms) 
     -computing association tests...done (14ms) 
     -computing joint association tests...done (0ms) 
 set [1016/1714] : PAK1IP1 - 10524 variants...
     -reading in genotypes, computing gene-based tests and building masks...done (12463ms) 
     -computing association tests...done (19ms) 
     -computing joint association tests...done (0ms) 
 set [1017/1714] : PANDAR - 42 variants...
     -reading in genotypes, computing gene-based tests and building masks...done (293ms) 
     -computing association tests...done (12ms) 
     -computing joint association tests...done (0ms) 
 set [1018/1714] : PAQR8 - 21777 variants...
     -reading in genotypes, computing gene-based tests and building masks...done (28482ms) 
     -computing association tests...done (100ms) 
     -computing joint association tests...done (0ms) 
 set [1019/1714] : PARLP2 - 849 variants...
     -reading in genotypes, computing gene-based tests and building masks...done (1451ms) 
     -computing association tests...done (12ms) 
     -computing joint association tests...done (0ms) 
 set [1020/1714] : PBX2 - 3635 variants...
     -reading in genotypes, computing gene-based tests and building masks...done (5498ms) 
     -computing association tests...done (52ms) 
     -computing joint association tests...done (0ms) 
 set [1021/1714] : PCMT1 - 33359 variants...
     -reading in genotypes, computing gene-based tests and building masks...done (102822ms) 
     -computing association tests...done (31ms) 
     -computing joint association tests...done (0ms) 
 set [1022/1714] : PDCD2 - 8157 variants...
     -reading in genotypes, computing gene-based tests and building masks...done (8053ms) 
     -computing association tests...done (13ms) 
     -computing joint association tests...done (0ms) 
 set [1023/1714] : PDE10A - 298782 variants...
     -reading in genotypes, computing gene-based tests and building masks...done (984108ms) 
     -computing association tests...done (85ms) 
     -computing joint association tests...done (0ms) 
 set [1024/1714] : PDE7B - 152394 variants...
     -reading in genotypes, computing gene-based tests and building masks...done (413167ms) 
     -computing association tests...done (137ms) 
     -computing joint association tests...done (2ms) 
 set [1025/1714] : PDE7B-AS1 - 10585 variants...
     -reading in genotypes, computing gene-based tests and building masks...done (12146ms) 
     -computing association tests...done (35ms) 
     -computing joint association tests...done (0ms) 
 set [1026/1714] : PDSS2 - 133285 variants...
     -reading in genotypes, computing gene-based tests and building masks...done (306824ms) 
     -computing association tests...done (78ms) 
     -computing joint association tests...done (0ms) 
 set [1027/1714] : PERP - 11827 variants...
     -reading in genotypes, computing gene-based tests and building masks...done (14838ms) 
     -computing association tests...done (101ms) 
     -computing joint association tests...done (0ms) 
 set [1028/1714] : PERPP3 - 3569 variants...
     -reading in genotypes, computing gene-based tests and building masks...done (6242ms) 
     -computing association tests...done (48ms) 
     -computing joint association tests...done (0ms) 
 set [1029/1714] : PEX3 - 14976 variants...
     -reading in genotypes, computing gene-based tests and building masks...done (25241ms) 
     -computing association tests...done (98ms) 
     -computing joint association tests...done (0ms) 
 set [1030/1714] : PEX6 - 9571 variants...
     -reading in genotypes, computing gene-based tests and building masks...done (12232ms) 
     -computing association tests...done (22ms) 
     -computing joint association tests...done (0ms) 
 set [1031/1714] : PEX7 - 40273 variants...
     -reading in genotypes, computing gene-based tests and building masks...done (42856ms) 
     -computing association tests...done (28ms) 
     -computing joint association tests...done (0ms) 
 set [1032/1714] : PFDN6 - 543 variants...
     -reading in genotypes, computing gene-based tests and building masks...done (2180ms) 
     -computing association tests...done (22ms) 
     -computing joint association tests...done (0ms) 
 set [1033/1714] : PGBD1 - 11027 variants...
     -reading in genotypes, computing gene-based tests and building masks...done (19483ms) 
     -computing association tests...done (78ms) 
     -computing joint association tests...done (0ms) 
 set [1034/1714] : PGC - 10685 variants...
     -reading in genotypes, computing gene-based tests and building masks...done (16944ms) 
     -computing association tests...done (96ms) 
     -computing joint association tests...done (0ms) 
 set [1035/1714] : PGK2 - 5161 variants...
     -reading in genotypes, computing gene-based tests and building masks...done (14557ms) 
     -computing association tests...done (62ms) 
     -computing joint association tests...done (0ms) 
 set [1036/1714] : PGM3 - 13088 variants...
     -reading in genotypes, computing gene-based tests and building masks...done (12950ms) 
     -computing association tests...done (55ms) 
     -computing joint association tests...done (0ms) 
 set [1037/1714] : PHACTR1 - 239044 variants...
     -reading in genotypes, computing gene-based tests and building masks...done (586871ms) 
     -computing association tests...done (30ms) 
     -computing joint association tests...done (0ms) 
 set [1038/1714] : PHACTR2 - 102544 variants...
     -reading in genotypes, computing gene-based tests and building masks...done (162830ms) 
     -computing association tests...done (29ms) 
     -computing joint association tests...done (0ms) 
 set [1039/1714] : PHACTR2-AS1 - 7834 variants...
     -reading in genotypes, computing gene-based tests and building masks...done (7706ms) 
     -computing association tests...done (12ms) 
     -computing joint association tests...done (0ms) 
 set [1040/1714] : PHB1P1 - 534 variants...
     -reading in genotypes, computing gene-based tests and building masks...done (710ms) 
     -computing association tests...done (9ms) 
     -computing joint association tests...done (0ms) 
 set [1041/1714] : PHF10 - 8582 variants...
     -reading in genotypes, computing gene-based tests and building masks...done (8756ms) 
     -computing association tests...done (50ms) 
     -computing joint association tests...done (0ms) 
 set [1042/1714] : PHF1 - 5906 variants...
     -reading in genotypes, computing gene-based tests and building masks...done (6089ms) 
     -computing association tests...done (13ms) 
     -computing joint association tests...done (2ms) 
 set [1043/1714] : PHF3 - 49600 variants...
     -reading in genotypes, computing gene-based tests and building masks...done (87283ms) 
     -computing association tests...done (23ms) 
     -computing joint association tests...done (0ms) 
 set [1044/1714] : PHIP - 63674 variants...
     -reading in genotypes, computing gene-based tests and building masks...done (69061ms) 
     -computing association tests...done (51ms) 
     -computing joint association tests...done (0ms) 
 set [1045/1714] : PI16 - 8155 variants...
     -reading in genotypes, computing gene-based tests and building masks...done (10371ms) 
     -computing association tests...done (59ms) 
     -computing joint association tests...done (0ms) 
 set [1046/1714] : PIM1 - 12337 variants...
     -reading in genotypes, computing gene-based tests and building masks...done (42297ms) 
     -computing association tests...done (16ms) 
     -computing joint association tests...done (0ms) 
 set [1047/1714] : PIP5K1P1 - 1675 variants...
     -reading in genotypes, computing gene-based tests and building masks...done (2238ms) 
     -computing association tests...done (25ms) 
     -computing joint association tests...done (0ms) 
 set [1048/1714] : PKHD1 - 207588 variants...
     -reading in genotypes, computing gene-based tests and building masks...done (678109ms) 
     -computing association tests...done (37ms) 
     -computing joint association tests...done (2ms) 
 set [1049/1714] : PKIB - 72923 variants...
     -reading in genotypes, computing gene-based tests and building masks...done (100012ms) 
     -computing association tests...done (77ms) 
     -computing joint association tests...done (14ms) 
 set [1050/1714] : PKMP3 - 259 variants...
     -reading in genotypes, computing gene-based tests and building masks...done (1560ms) 
     -computing association tests...done (1ms) 
     -computing joint association tests...done (0ms) 
 set [1051/1714] : PKMP5 - 644 variants...
     -reading in genotypes, computing gene-based tests and building masks...done (1538ms) 
     -computing association tests...done (9ms) 
     -computing joint association tests...done (0ms) 
 set [1052/1714] : PLA2G7 - 17710 variants...
     -reading in genotypes, computing gene-based tests and building masks...done (36377ms) 
     -computing association tests...done (27ms) 
     -computing joint association tests...done (0ms) 
 set [1053/1714] : PLAGL1 - 45680 variants...
     -reading in genotypes, computing gene-based tests and building masks...done (62847ms) 
     -computing association tests...done (40ms) 
     -computing joint association tests...done (0ms) 
 set [1054/1714] : PLEKHG1 - 107591 variants...
     -reading in genotypes, computing gene-based tests and building masks...done (199425ms) 
     -computing association tests...done (80ms) 
     -computing joint association tests...done (0ms) 
 set [1055/1714] : PLG - 27077 variants...
     -reading in genotypes, computing gene-based tests and building masks...done (31956ms) 
     -computing association tests...done (19ms) 
     -computing joint association tests...done (0ms) 
 set [1056/1714] : PLN - 1181 variants...
     -reading in genotypes, computing gene-based tests and building masks...done (3846ms) 
     -computing association tests...done (64ms) 
     -computing joint association tests...done (0ms) 
 set [1057/1714] : PM20D2 - 11807 variants...
     -reading in genotypes, computing gene-based tests and building masks...done (24433ms) 
     -computing association tests...done (83ms) 
     -computing joint association tests...done (0ms) 
 set [1058/1714] : PNISR - 12336 variants...
     -reading in genotypes, computing gene-based tests and building masks...done (26915ms) 
     -computing association tests...done (15ms) 
     -computing joint association tests...done (0ms) 
 set [1059/1714] : PNLDC1 - 10874 variants...
     -reading in genotypes, computing gene-based tests and building masks...done (72699ms) 
     -computing association tests...done (32ms) 
     -computing joint association tests...done (2ms) 
 set [1060/1714] : PNPLA1 - 25459 variants...
     -reading in genotypes, computing gene-based tests and building masks...done (32937ms) 
     -computing association tests...done (46ms) 
     -computing joint association tests...done (0ms) 
 set [1061/1714] : PNRC1 - 7118 variants...
     -reading in genotypes, computing gene-based tests and building masks...done (7075ms) 
     -computing association tests...done (28ms) 
     -computing joint association tests...done (0ms) 
 set [1062/1714] : PNRC1-DT - 223 variants...
     -reading in genotypes, computing gene-based tests and building masks...done (393ms) 
     -computing association tests...done (12ms) 
     -computing joint association tests...done (0ms) 
 set [1063/1714] : POLH - 19761 variants...
     -reading in genotypes, computing gene-based tests and building masks...done (20925ms) 
     -computing association tests...done (60ms) 
     -computing joint association tests...done (0ms) 
 set [1064/1714] : POLR1C - 924 variants...
     -reading in genotypes, computing gene-based tests and building masks...done (2557ms) 
     -computing association tests...done (65ms) 
     -computing joint association tests...done (0ms) 
 set [1065/1714] : POLR1H - 3346 variants...
     -reading in genotypes, computing gene-based tests and building masks...done (4235ms) 
     -computing association tests...done (12ms) 
     -computing joint association tests...done (0ms) 
 set [1066/1714] : POLR1HASP - 32327 variants...
     -reading in genotypes, computing gene-based tests and building masks...done (50243ms) 
     -computing association tests...done (27ms) 
     -computing joint association tests...done (0ms) 
 set [1067/1714] : POM121L14P - 839 variants...
     -reading in genotypes, computing gene-based tests and building masks...done (13660ms) 
     -computing association tests...done (8ms) 
     -computing joint association tests...done (0ms) 
 set [1068/1714] : POM121L2 - 16507 variants...
     -reading in genotypes, computing gene-based tests and building masks...done (189505ms) 
     -computing association tests...done (26ms) 
     -computing joint association tests...done (0ms) 
 set [1069/1714] : POM121L6P - 1292 variants...
     -reading in genotypes, computing gene-based tests and building masks...done (7604ms) 
     -computing association tests...done (11ms) 
     -computing joint association tests...done (0ms) 
 set [1070/1714] : POPDC3 - 12541 variants...
     -reading in genotypes, computing gene-based tests and building masks...done (13218ms) 
     -computing association tests...done (20ms) 
     -computing joint association tests...done (0ms) 
 set [1071/1714] : POU3F2 - 6920 variants...
     -reading in genotypes, computing gene-based tests and building masks...done (9776ms) 
     -computing association tests...done (44ms) 
     -computing joint association tests...done (0ms) 
 set [1072/1714] : POU5F1 - 4427 variants...
     -reading in genotypes, computing gene-based tests and building masks...done (6665ms) 
     -computing association tests...done (56ms) 
     -computing joint association tests...done (0ms) 
 set [1073/1714] : PPARD - 41052 variants...
     -reading in genotypes, computing gene-based tests and building masks...done (44512ms) 
     -computing association tests...done (59ms) 
     -computing joint association tests...done (0ms) 
 set [1074/1714] : PPIAP29 - 205 variants...
     -reading in genotypes, computing gene-based tests and building masks...done (5943ms) 
     -computing association tests...done (2ms) 
     -computing joint association tests...done (0ms) 
 set [1075/1714] : PPIAP9 - 2610 variants...
     -reading in genotypes, computing gene-based tests and building masks...done (9402ms) 
     -computing association tests...done (56ms) 
     -computing joint association tests...done (0ms) 
 set [1076/1714] : PPIL1 - 11583 variants...
     -reading in genotypes, computing gene-based tests and building masks...done (12886ms) 
     -computing association tests...done (58ms) 
     -computing joint association tests...done (0ms) 
 set [1077/1714] : PPIL4 - 20603 variants...
     -reading in genotypes, computing gene-based tests and building masks...done (21345ms) 
     -computing association tests...done (18ms) 
     -computing joint association tests...done (0ms) 
 set [1078/1714] : PPIL6 - 22072 variants...
     -reading in genotypes, computing gene-based tests and building masks...done (28612ms) 
     -computing association tests...done (15ms) 
     -computing joint association tests...done (0ms) 
 set [1079/1714] : PPP1R10 - 10975 variants...
     -reading in genotypes, computing gene-based tests and building masks...done (13469ms) 
     -computing association tests...done (62ms) 
     -computing joint association tests...done (0ms) 
 set [1080/1714] : PPP1R11 - 1881 variants...
     -reading in genotypes, computing gene-based tests and building masks...done (3389ms) 
     -computing association tests...done (19ms) 
     -computing joint association tests...done (0ms) 
 set [1081/1714] : PPP1R14BP5 - 3757 variants...
     -reading in genotypes, computing gene-based tests and building masks...done (10533ms) 
     -computing association tests...done (12ms) 
     -computing joint association tests...done (0ms) 
 set [1082/1714] : PPP1R14C - 55890 variants...
     -reading in genotypes, computing gene-based tests and building masks...done (65459ms) 
     -computing association tests...done (65ms) 
     -computing joint association tests...done (0ms) 
 set [1083/1714] : PPP1R18 - 6071 variants...
     -reading in genotypes, computing gene-based tests and building masks...done (7189ms) 
     -computing association tests...done (15ms) 
     -computing joint association tests...done (0ms) 
 set [1084/1714] : PPP1R3G - 6206 variants...
     -reading in genotypes, computing gene-based tests and building masks...done (6156ms) 
     -computing association tests...done (47ms) 
     -computing joint association tests...done (0ms) 
 set [1085/1714] : PPP2R5D - 14267 variants...
     -reading in genotypes, computing gene-based tests and building masks...done (16678ms) 
     -computing association tests...done (50ms) 
     -computing joint association tests...done (0ms) 
 set [1086/1714] : PPT2 - 4120 variants...
     -reading in genotypes, computing gene-based tests and building masks...done (7498ms) 
     -computing association tests...done (14ms) 
     -computing joint association tests...done (0ms) 
 set [1087/1714] : PRDM13 - 8169 variants...
     -reading in genotypes, computing gene-based tests and building masks...done (7249ms) 
     -computing association tests...done (13ms) 
     -computing joint association tests...done (0ms) 
 set [1088/1714] : PRDM1 - 45298 variants...
     -reading in genotypes, computing gene-based tests and building masks...done (48057ms) 
     -computing association tests...done (61ms) 
     -computing joint association tests...done (0ms) 
 set [1089/1714] : PRDX2P4 - 260 variants...
     -reading in genotypes, computing gene-based tests and building masks...done (4788ms) 
     -computing association tests...done (5ms) 
     -computing joint association tests...done (0ms) 
 set [1090/1714] : PREP - 55336 variants...
     -reading in genotypes, computing gene-based tests and building masks...done (73184ms) 
     -computing association tests...done (18ms) 
     -computing joint association tests...done (0ms) 
 set [1091/1714] : PRIM2 - 142046 variants...
     -reading in genotypes, computing gene-based tests and building masks...done (252362ms) 
     -computing association tests...done (20ms) 
     -computing joint association tests...done (1ms) 
 set [1092/1714] : PRIM2BP - 41532 variants...
     -reading in genotypes, computing gene-based tests and building masks...done (47838ms) 
     -computing association tests...done (114ms) 
     -computing joint association tests...done (0ms) 
 set [1093/1714] : PRKN - 643654 variants...
     -reading in genotypes, computing gene-based tests and building masks...done (6892606ms) 
     -computing association tests...done (50ms) 
     -computing joint association tests...done (1ms) 
 set [1094/1714] : PRL - 7917 variants...
     -reading in genotypes, computing gene-based tests and building masks...done (25530ms) 
     -computing association tests...done (99ms) 
     -computing joint association tests...done (0ms) 
 set [1095/1714] : PRP4K - 24442 variants...
     -reading in genotypes, computing gene-based tests and building masks...done (58448ms) 
     -computing association tests...done (95ms) 
     -computing joint association tests...done (0ms) 
 set [1096/1714] : PRPH2 - 19862 variants...
     -reading in genotypes, computing gene-based tests and building masks...done (49058ms) 
     -computing association tests...done (40ms) 
     -computing joint association tests...done (1ms) 
 set [1097/1714] : PRR11P1 - 5904 variants...
     -reading in genotypes, computing gene-based tests and building masks...done (8200ms) 
     -computing association tests...done (18ms) 
     -computing joint association tests...done (0ms) 
 set [1098/1714] : PRR18 - 5699 variants...
     -reading in genotypes, computing gene-based tests and building masks...done (14845ms) 
     -computing association tests...done (112ms) 
     -computing joint association tests...done (0ms) 
 set [1099/1714] : PRR3 - 4385 variants...
     -reading in genotypes, computing gene-based tests and building masks...done (8297ms) 
     -computing association tests...done (74ms) 
     -computing joint association tests...done (0ms) 
 set [1100/1714] : PRRC2A - 12990 variants...
     -reading in genotypes, computing gene-based tests and building masks...done (18571ms) 
     -computing association tests...done (89ms) 
     -computing joint association tests...done (0ms) 
 set [1101/1714] : PRRT1 - 4659 variants...
     -reading in genotypes, computing gene-based tests and building masks...done (12419ms) 
     -computing association tests...done (56ms) 
     -computing joint association tests...done (0ms) 
 set [1102/1714] : PRSS16 - 7470 variants...
     -reading in genotypes, computing gene-based tests and building masks...done (16421ms) 
     -computing association tests...done (75ms) 
     -computing joint association tests...done (0ms) 
 set [1103/1714] : PRSS35 - 9085 variants...
     -reading in genotypes, computing gene-based tests and building masks...done (9407ms) 
     -computing association tests...done (64ms) 
     -computing joint association tests...done (0ms) 
 set [1104/1714] : PSMB1 - 12252 variants...
     -reading in genotypes, computing gene-based tests and building masks...done (14401ms) 
     -computing association tests...done (21ms) 
     -computing joint association tests...done (0ms) 
 set [1105/1714] : PSMB8 - 3530 variants...
     -reading in genotypes, computing gene-based tests and building masks...done (9826ms) 
     -computing association tests...done (79ms) 
     -computing joint association tests...done (0ms) 
 set [1106/1714] : PSMB9 - 4272 variants...
     -reading in genotypes, computing gene-based tests and building masks...done (9255ms) 
     -computing association tests...done (77ms) 
     -computing joint association tests...done (0ms) 
 set [1107/1714] : PSMG4 - 16294 variants...
     -reading in genotypes, computing gene-based tests and building masks...done (32365ms) 
     -computing association tests...done (20ms) 
     -computing joint association tests...done (0ms) 
 set [1108/1714] : PSORS1C1 - 3275 variants...
     -reading in genotypes, computing gene-based tests and building masks...done (11975ms) 
     -computing association tests...done (140ms) 
     -computing joint association tests...done (0ms) 
 set [1109/1714] : PSORS1C2 - 5125 variants...
     -reading in genotypes, computing gene-based tests and building masks...done (7858ms) 
     -computing association tests...done (75ms) 
     -computing joint association tests...done (0ms) 
 set [1110/1714] : PSORS1C3 - 6458 variants...
     -reading in genotypes, computing gene-based tests and building masks...done (10400ms) 
     -computing association tests...done (103ms) 
     -computing joint association tests...done (0ms) 
 set [1111/1714] : PTCHD3P3 - 40 variants...
     -reading in genotypes, computing gene-based tests and building masks...done (833ms) 
     -computing association tests...done (2ms) 
     -computing joint association tests...done (2ms) 
 set [1112/1714] : PTCHD4 - 116476 variants...
     -reading in genotypes, computing gene-based tests and building masks...done (204487ms) 
     -computing association tests...done (56ms) 
     -computing joint association tests...done (24ms) 
 set [1113/1714] : PTCRA - 6536 variants...
     -reading in genotypes, computing gene-based tests and building masks...done (10078ms) 
     -computing association tests...done (88ms) 
     -computing joint association tests...done (13ms) 
 set [1114/1714] : PTK7 - 44955 variants...
     -reading in genotypes, computing gene-based tests and building masks...done (74741ms) 
     -computing association tests...done (46ms) 
     -computing joint association tests...done (10ms) 
 set [1115/1714] : PTP4A1 - 9338 variants...
     -reading in genotypes, computing gene-based tests and building masks...done (15505ms) 
     -computing association tests...done (27ms) 
     -computing joint association tests...done (16ms) 
 set [1116/1714] : PTPRK - 229137 variants...
     -reading in genotypes, computing gene-based tests and building masks...done (571025ms) 
     -computing association tests...done (25ms) 
     -computing joint association tests...done (10ms) 
 set [1117/1714] : PXDC1 - 20861 variants...
     -reading in genotypes, computing gene-based tests and building masks...done (24997ms) 
     -computing association tests...done (93ms) 
     -computing joint association tests...done (20ms) 
 set [1118/1714] : PXT1 - 23014 variants...
     -reading in genotypes, computing gene-based tests and building masks...done (31041ms) 
     -computing association tests...done (55ms) 
     -computing joint association tests...done (2ms) 
 set [1119/1714] : QKI - 79581 variants...
     -reading in genotypes, computing gene-based tests and building masks...done (121658ms) 
     -computing association tests...done (33ms) 
     -computing joint association tests...done (16ms) 
 set [1120/1714] : QRSL1 - 17630 variants...
     -reading in genotypes, computing gene-based tests and building masks...done (27662ms) 
     -computing association tests...done (17ms) 
     -computing joint association tests...done (18ms) 
 set [1121/1714] : R3HDM2P2 - 2979 variants...
     -reading in genotypes, computing gene-based tests and building masks...done (9044ms) 
     -computing association tests...done (11ms) 
     -computing joint association tests...done (0ms) 
 set [1122/1714] : RAB1AP2 - 5734 variants...
     -reading in genotypes, computing gene-based tests and building masks...done (5091ms) 
     -computing association tests...done (48ms) 
     -computing joint association tests...done (0ms) 
 set [1123/1714] : RAB23 - 16008 variants...
     -reading in genotypes, computing gene-based tests and building masks...done (14102ms) 
     -computing association tests...done (21ms) 
     -computing joint association tests...done (0ms) 
 set [1124/1714] : RAB32 - 10180 variants...
     -reading in genotypes, computing gene-based tests and building masks...done (17307ms) 
     -computing association tests...done (17ms) 
     -computing joint association tests...done (0ms) 
 set [1125/1714] : RAB44 - 20092 variants...
     -reading in genotypes, computing gene-based tests and building masks...done (21784ms) 
     -computing association tests...done (26ms) 
     -computing joint association tests...done (0ms) 
 set [1126/1714] : RAET1E - 9791 variants...
     -reading in genotypes, computing gene-based tests and building masks...done (10833ms) 
     -computing association tests...done (29ms) 
     -computing joint association tests...done (0ms) 
 set [1127/1714] : RAET1E-AS1 - 6698 variants...
     -reading in genotypes, computing gene-based tests and building masks...done (6227ms) 
     -computing association tests...done (33ms) 
     -computing joint association tests...done (0ms) 
 set [1128/1714] : RAET1G - 7338 variants...
     -reading in genotypes, computing gene-based tests and building masks...done (8656ms) 
     -computing association tests...done (56ms) 
     -computing joint association tests...done (0ms) 
 set [1129/1714] : RAET1K - 7739 variants...
     -reading in genotypes, computing gene-based tests and building masks...done (9192ms) 
     -computing association tests...done (16ms) 
     -computing joint association tests...done (0ms) 
 set [1130/1714] : RAET1L - 8727 variants...
     -reading in genotypes, computing gene-based tests and building masks...done (8965ms) 
     -computing association tests...done (27ms) 
     -computing joint association tests...done (0ms) 
 set [1131/1714] : RAET1M - 2175 variants...
     -reading in genotypes, computing gene-based tests and building masks...done (2796ms) 
     -computing association tests...done (12ms) 
     -computing joint association tests...done (0ms) 
 set [1132/1714] : RAMACL - 5866 variants...
     -reading in genotypes, computing gene-based tests and building masks...done (8024ms) 
     -computing association tests...done (49ms) 
     -computing joint association tests...done (0ms) 
 set [1133/1714] : RANBP9 - 45761 variants...
     -reading in genotypes, computing gene-based tests and building masks...done (58315ms) 
     -computing association tests...done (57ms) 
     -computing joint association tests...done (0ms) 
 set [1134/1714] : RAP1BP3 - 2724 variants...
     -reading in genotypes, computing gene-based tests and building masks...done (8413ms) 
     -computing association tests...done (32ms) 
     -computing joint association tests...done (0ms) 
 set [1135/1714] : RARS2 - 35520 variants...
     -reading in genotypes, computing gene-based tests and building masks...done (45894ms) 
     -computing association tests...done (20ms) 
     -computing joint association tests...done (0ms) 
 set [1136/1714] : RBBP4P3 - 642 variants...
     -reading in genotypes, computing gene-based tests and building masks...done (1048ms) 
     -computing association tests...done (8ms) 
     -computing joint association tests...done (0ms) 
 set [1137/1714] : RBBP4P4 - 536 variants...
     -reading in genotypes, computing gene-based tests and building masks...done (6054ms) 
     -computing association tests...done (12ms) 
     -computing joint association tests...done (0ms) 
 set [1138/1714] : RBISP4 - 3395 variants...
     -reading in genotypes, computing gene-based tests and building masks...done (3447ms) 
     -computing association tests...done (16ms) 
     -computing joint association tests...done (0ms) 
 set [1139/1714] : RBM11P1 - 610 variants...
     -reading in genotypes, computing gene-based tests and building masks...done (8509ms) 
     -computing association tests...done (10ms) 
     -computing joint association tests...done (0ms) 
 set [1140/1714] : RBM24 - 11635 variants...
     -reading in genotypes, computing gene-based tests and building masks...done (15086ms) 
     -computing association tests...done (23ms) 
     -computing joint association tests...done (0ms) 
 set [1141/1714] : RBMXP1 - 5225 variants...
     -reading in genotypes, computing gene-based tests and building masks...done (8715ms) 
     -computing association tests...done (17ms) 
     -computing joint association tests...done (0ms) 
 set [1142/1714] : RCAN2 - 110753 variants...
     -reading in genotypes, computing gene-based tests and building masks...done (153496ms) 
     -computing association tests...done (84ms) 
     -computing joint association tests...done (0ms) 
 set [1143/1714] : RCAN2-DT - 24359 variants...
     -reading in genotypes, computing gene-based tests and building masks...done (31806ms) 
     -computing association tests...done (14ms) 
     -computing joint association tests...done (0ms) 
 set [1144/1714] : RCC2P7 - 2552 variants...
     -reading in genotypes, computing gene-based tests and building masks...done (2994ms) 
     -computing association tests...done (25ms) 
     -computing joint association tests...done (0ms) 
 set [1145/1714] : RCN1P1 - 4670 variants...
     -reading in genotypes, computing gene-based tests and building masks...done (11908ms) 
     -computing association tests...done (52ms) 
     -computing joint association tests...done (0ms) 
 set [1146/1714] : REPS1 - 35944 variants...
     -reading in genotypes, computing gene-based tests and building masks...done (48320ms) 
     -computing association tests...done (35ms) 
     -computing joint association tests...done (0ms) 
 set [1147/1714] : REV3L - 80440 variants...
     -reading in genotypes, computing gene-based tests and building masks...done (124987ms) 
     -computing association tests...done (81ms) 
     -computing joint association tests...done (0ms) 
 set [1148/1714] : RFPL4B - 5680 variants...
     -reading in genotypes, computing gene-based tests and building masks...done (6920ms) 
     -computing association tests...done (15ms) 
     -computing joint association tests...done (0ms) 
 set [1149/1714] : RFX6 - 23290 variants...
     -reading in genotypes, computing gene-based tests and building masks...done (29471ms) 
     -computing association tests...done (26ms) 
     -computing joint association tests...done (0ms) 
 set [1150/1714] : RGL2 - 5334 variants...
     -reading in genotypes, computing gene-based tests and building masks...done (6881ms) 
     -computing association tests...done (48ms) 
     -computing joint association tests...done (0ms) 
 set [1151/1714] : RGS17 - 55843 variants...
     -reading in genotypes, computing gene-based tests and building masks...done (93563ms) 
     -computing association tests...done (28ms) 
     -computing joint association tests...done (0ms) 
 set [1152/1714] : RHAG - 18377 variants...
     -reading in genotypes, computing gene-based tests and building masks...done (30027ms) 
     -computing association tests...done (61ms) 
     -computing joint association tests...done (0ms) 
 set [1153/1714] : RIMS1 - 219400 variants...
     -reading in genotypes, computing gene-based tests and building masks...done (719122ms) 
     -computing association tests...done (59ms) 
     -computing joint association tests...done (0ms) 
 set [1154/1714] : RING1 - 4768 variants...
     -reading in genotypes, computing gene-based tests and building masks...done (12501ms) 
     -computing association tests...done (119ms) 
     -computing joint association tests...done (0ms) 
 set [1155/1714] : RIOK1 - 15128 variants...
     -reading in genotypes, computing gene-based tests and building masks...done (30741ms) 
     -computing association tests...done (23ms) 
     -computing joint association tests...done (0ms) 
 set [1156/1714] : RIPK1 - 24975 variants...
     -reading in genotypes, computing gene-based tests and building masks...done (62820ms) 
     -computing association tests...done (36ms) 
     -computing joint association tests...done (0ms) 
 set [1157/1714] : RIPOR2 - 65629 variants...
     -reading in genotypes, computing gene-based tests and building masks...done (533612ms) 
     -computing association tests...done (59ms) 
     -computing joint association tests...done (0ms) 
 set [1158/1714] : RIPPLY2 - 3863 variants...
     -reading in genotypes, computing gene-based tests and building masks...done (6489ms) 
     -computing association tests...done (23ms) 
     -computing joint association tests...done (0ms) 
 set [1159/1714] : RMND1 - 21671 variants...
     -reading in genotypes, computing gene-based tests and building masks...done (27565ms) 
     -computing association tests...done (64ms) 
     -computing joint association tests...done (0ms) 
 set [1160/1714] : RN7SKP106 - 4044 variants...
     -reading in genotypes, computing gene-based tests and building masks...done (16336ms) 
     -computing association tests...done (54ms) 
     -computing joint association tests...done (0ms) 
 set [1161/1714] : RN7SKP186 - 924 variants...
     -reading in genotypes, computing gene-based tests and building masks...done (1345ms) 
     -computing association tests...done (12ms) 
     -computing joint association tests...done (31ms) 
 set [1162/1714] : RN7SKP204 - 5635 variants...
     -reading in genotypes, computing gene-based tests and building masks...done (6735ms) 
     -computing association tests...done (33ms) 
     -computing joint association tests...done (0ms) 
 set [1163/1714] : RN7SKP209 - 814 variants...
     -reading in genotypes, computing gene-based tests and building masks...done (4162ms) 
     -computing association tests...done (10ms) 
     -computing joint association tests...done (0ms) 
 set [1164/1714] : RN7SKP211 - 4170 variants...
     -reading in genotypes, computing gene-based tests and building masks...done (5439ms) 
     -computing association tests...done (75ms) 
     -computing joint association tests...done (0ms) 
 set [1165/1714] : RN7SKP240 - 144 variants...
     -reading in genotypes, computing gene-based tests and building masks...done (1390ms) 
     -computing association tests...done (15ms) 
     -computing joint association tests...done (0ms) 
 set [1166/1714] : RN7SKP256 - 829 variants...
     -reading in genotypes, computing gene-based tests and building masks...done (1426ms) 
     -computing association tests...done (16ms) 
     -computing joint association tests...done (0ms) 
 set [1167/1714] : RN7SKP293 - 4047 variants...
     -reading in genotypes, computing gene-based tests and building masks...done (4914ms) 
     -computing association tests...done (14ms) 
     -computing joint association tests...done (0ms) 
 set [1168/1714] : RN7SL183P - 128 variants...
     -reading in genotypes, computing gene-based tests and building masks...done (7471ms) 
     -computing association tests...done (36ms) 
     -computing joint association tests...done (0ms) 
 set [1169/1714] : RN7SL221P - 108 variants...
     -reading in genotypes, computing gene-based tests and building masks...done (5740ms) 
     -computing association tests...done (14ms) 
     -computing joint association tests...done (0ms) 
 set [1170/1714] : RN7SL234P - 4177 variants...
     -reading in genotypes, computing gene-based tests and building masks...done (8743ms) 
     -computing association tests...done (15ms) 
     -computing joint association tests...done (0ms) 
 set [1171/1714] : RN7SL332P - 4514 variants...
     -reading in genotypes, computing gene-based tests and building masks...done (12450ms) 
     -computing association tests...done (22ms) 
     -computing joint association tests...done (0ms) 
 set [1172/1714] : RN7SL334P - 96 variants...
     -reading in genotypes, computing gene-based tests and building masks...done (455ms) 
     -computing association tests...done (77ms) 
     -computing joint association tests...done (0ms) 
 set [1173/1714] : RN7SL336P - 327 variants...
     -reading in genotypes, computing gene-based tests and building masks...done (3832ms) 
     -computing association tests...done (110ms) 
     -computing joint association tests...done (0ms) 
 set [1174/1714] : RN7SL352P - 119 variants...
     -reading in genotypes, computing gene-based tests and building masks...done (559ms) 
     -computing association tests...done (17ms) 
     -computing joint association tests...done (0ms) 
 set [1175/1714] : RN7SL353P - 191 variants...
     -reading in genotypes, computing gene-based tests and building masks...done (691ms) 
     -computing association tests...done (13ms) 
     -computing joint association tests...done (0ms) 
 set [1176/1714] : RN7SL366P - 1025 variants...
     -reading in genotypes, computing gene-based tests and building masks...done (1501ms) 
     -computing association tests...done (13ms) 
     -computing joint association tests...done (0ms) 
 set [1177/1714] : RN7SL408P - 4463 variants...
     -reading in genotypes, computing gene-based tests and building masks...done (5715ms) 
     -computing association tests...done (14ms) 
     -computing joint association tests...done (0ms) 
 set [1178/1714] : RN7SL415P - 4770 variants...
     -reading in genotypes, computing gene-based tests and building masks...done (8649ms) 
     -computing association tests...done (12ms) 
     -computing joint association tests...done (0ms) 
 set [1179/1714] : RN7SL471P - 2120 variants...
     -reading in genotypes, computing gene-based tests and building masks...done (4906ms) 
     -computing association tests...done (17ms) 
     -computing joint association tests...done (0ms) 
 set [1180/1714] : RN7SL509P - 1742 variants...
     -reading in genotypes, computing gene-based tests and building masks...done (9979ms) 
     -computing association tests...done (90ms) 
     -computing joint association tests...done (0ms) 
 set [1181/1714] : RN7SL554P - 2789 variants...
     -reading in genotypes, computing gene-based tests and building masks...done (4799ms) 
     -computing association tests...done (56ms) 
     -computing joint association tests...done (0ms) 
 set [1182/1714] : RN7SL564P - 142 variants...
     -reading in genotypes, computing gene-based tests and building masks...done (319ms) 
     -computing association tests...done (7ms) 
     -computing joint association tests...done (0ms) 
 set [1183/1714] : RN7SL643P - 3521 variants...
     -reading in genotypes, computing gene-based tests and building masks...done (14326ms) 
     -computing association tests...done (14ms) 
     -computing joint association tests...done (0ms) 
 set [1184/1714] : RN7SL797P - 135 variants...
     -reading in genotypes, computing gene-based tests and building masks...done (1168ms) 
     -computing association tests...done (1ms) 
     -computing joint association tests...done (0ms) 
 set [1185/1714] : RN7SL811P - 3158 variants...
     -reading in genotypes, computing gene-based tests and building masks...done (6931ms) 
     -computing association tests...done (32ms) 
     -computing joint association tests...done (0ms) 
 set [1186/1714] : RNA5SP202 - 80 variants...
     -reading in genotypes, computing gene-based tests and building masks...done (419ms) 
     -computing association tests...done (12ms) 
     -computing joint association tests...done (0ms) 
 set [1187/1714] : RNA5SP204 - 7188 variants...
     -reading in genotypes, computing gene-based tests and building masks...done (14636ms) 
     -computing association tests...done (47ms) 
     -computing joint association tests...done (0ms) 
 set [1188/1714] : RNA5SP205 - 48 variants...
     -reading in genotypes, computing gene-based tests and building masks...done (3543ms) 
     -computing association tests...done (14ms) 
     -computing joint association tests...done (0ms) 
 set [1189/1714] : RNA5SP208 - 4834 variants...
     -reading in genotypes, computing gene-based tests and building masks...done (14027ms) 
     -computing association tests...done (14ms) 
     -computing joint association tests...done (0ms) 
 set [1190/1714] : RNA5SP210 - 4050 variants...
     -reading in genotypes, computing gene-based tests and building masks...done (4221ms) 
     -computing association tests...done (53ms) 
     -computing joint association tests...done (0ms) 
 set [1191/1714] : RNA5SP214 - 4596 variants...
     -reading in genotypes, computing gene-based tests and building masks...done (6958ms) 
     -computing association tests...done (14ms) 
     -computing joint association tests...done (0ms) 
 set [1192/1714] : RNA5SP215 - 49 variants...
     -reading in genotypes, computing gene-based tests and building masks...done (1738ms) 
     -computing association tests...done (1ms) 
     -computing joint association tests...done (0ms) 
 set [1193/1714] : RNA5SP220 - 38 variants...
     -reading in genotypes, computing gene-based tests and building masks...done (789ms) 
     -computing association tests...done (1ms) 
     -computing joint association tests...done (0ms) 
 set [1194/1714] : RNA5SP224 - 4144 variants...
     -reading in genotypes, computing gene-based tests and building masks...done (4315ms) 
     -computing association tests...done (14ms) 
     -computing joint association tests...done (0ms) 
 set [1195/1714] : RNASET2 - 21283 variants...
     -reading in genotypes, computing gene-based tests and building masks...done (26169ms) 
     -computing association tests...done (25ms) 
     -computing joint association tests...done (0ms) 
 set [1196/1714] : RNF144B - 36920 variants...
     -reading in genotypes, computing gene-based tests and building masks...done (58734ms) 
     -computing association tests...done (41ms) 
     -computing joint association tests...done (0ms) 
 set [1197/1714] : RNF146 - 12278 variants...
     -reading in genotypes, computing gene-based tests and building masks...done (30635ms) 
     -computing association tests...done (60ms) 
     -computing joint association tests...done (0ms) 
 set [1198/1714] : RNF182 - 28425 variants...
     -reading in genotypes, computing gene-based tests and building masks...done (38131ms) 
     -computing association tests...done (97ms) 
     -computing joint association tests...done (0ms) 
 set [1199/1714] : RNF217 - 54989 variants...
     -reading in genotypes, computing gene-based tests and building masks...done (80406ms) 
     -computing association tests...done (40ms) 
     -computing joint association tests...done (1ms) 
 set [1200/1714] : RNF217-AS1 - 54957 variants...
     -reading in genotypes, computing gene-based tests and building masks...done (88466ms) 
     -computing association tests...done (23ms) 
     -computing joint association tests...done (0ms) 
 set [1201/1714] : RNF39 - 3956 variants...
     -reading in genotypes, computing gene-based tests and building masks...done (11556ms) 
     -computing association tests...done (45ms) 
     -computing joint association tests...done (0ms) 
 set [1202/1714] : RNF5 - 901 variants...
     -reading in genotypes, computing gene-based tests and building masks...done (7281ms) 
     -computing association tests...done (59ms) 
     -computing joint association tests...done (0ms) 
 set [1203/1714] : RNF8 - 19122 variants...
     -reading in genotypes, computing gene-based tests and building masks...done (22857ms) 
     -computing association tests...done (21ms) 
     -computing joint association tests...done (0ms) 
 set [1204/1714] : RNGTT - 144845 variants...
     -reading in genotypes, computing gene-based tests and building masks...done (410735ms) 
     -computing association tests...done (69ms) 
     -computing joint association tests...done (1ms) 
 set [1205/1714] : RNU1-136P - 3955 variants...
     -reading in genotypes, computing gene-based tests and building masks...done (4322ms) 
     -computing association tests...done (14ms) 
     -computing joint association tests...done (0ms) 
 set [1206/1714] : RNU1-18P - 1886 variants...
     -reading in genotypes, computing gene-based tests and building masks...done (2786ms) 
     -computing association tests...done (54ms) 
     -computing joint association tests...done (0ms) 
 set [1207/1714] : RNU1-33P - 4354 variants...
     -reading in genotypes, computing gene-based tests and building masks...done (4933ms) 
     -computing association tests...done (65ms) 
     -computing joint association tests...done (0ms) 
 set [1208/1714] : RNU1-61P - 167 variants...
     -reading in genotypes, computing gene-based tests and building masks...done (4659ms) 
     -computing association tests...done (6ms) 
     -computing joint association tests...done (0ms) 
 set [1209/1714] : RNU1-88P - 45 variants...
     -reading in genotypes, computing gene-based tests and building masks...done (2942ms) 
     -computing association tests...done (19ms) 
     -computing joint association tests...done (0ms) 
 set [1210/1714] : RNU2-45P - 66 variants...
     -reading in genotypes, computing gene-based tests and building masks...done (407ms) 
     -computing association tests...done (16ms) 
     -computing joint association tests...done (0ms) 
 set [1211/1714] : RNU2-61P - 2369 variants...
     -reading in genotypes, computing gene-based tests and building masks...done (2992ms) 
     -computing association tests...done (27ms) 
     -computing joint association tests...done (0ms) 
 set [1212/1714] : RNU2-62P - 3664 variants...
     -reading in genotypes, computing gene-based tests and building masks...done (3729ms) 
     -computing association tests...done (12ms) 
     -computing joint association tests...done (5ms) 
 set [1213/1714] : RNU2-8P - 4424 variants...
     -reading in genotypes, computing gene-based tests and building masks...done (5069ms) 
     -computing association tests...done (14ms) 
     -computing joint association tests...done (0ms) 
 set [1214/1714] : RNU4-12P - 276 variants...
     -reading in genotypes, computing gene-based tests and building masks...done (502ms) 
     -computing association tests...done (13ms) 
     -computing joint association tests...done (0ms) 
 set [1215/1714] : RNU4-35P - 5545 variants...
     -reading in genotypes, computing gene-based tests and building masks...done (10034ms) 
     -computing association tests...done (26ms) 
     -computing joint association tests...done (0ms) 
 set [1216/1714] : RNU4-66P - 51 variants...
     -reading in genotypes, computing gene-based tests and building masks...done (1099ms) 
     -computing association tests...done (12ms) 
     -computing joint association tests...done (0ms) 
 set [1217/1714] : RNU4-70P - 218 variants...
     -reading in genotypes, computing gene-based tests and building masks...done (548ms) 
     -computing association tests...done (7ms) 
     -computing joint association tests...done (0ms) 
 set [1218/1714] : RNU4-72P - 4580 variants...
     -reading in genotypes, computing gene-based tests and building masks...done (6784ms) 
     -computing association tests...done (17ms) 
     -computing joint association tests...done (0ms) 
 set [1219/1714] : RNU4-76P - 4482 variants...
     -reading in genotypes, computing gene-based tests and building masks...done (11363ms) 
     -computing association tests...done (15ms) 
     -computing joint association tests...done (0ms) 
 set [1220/1714] : RNU4-7P - 4059 variants...
     -reading in genotypes, computing gene-based tests and building masks...done (3969ms) 
     -computing association tests...done (12ms) 
     -computing joint association tests...done (0ms) 
 set [1221/1714] : RNU4ATAC18P - 1937 variants...
     -reading in genotypes, computing gene-based tests and building masks...done (4078ms) 
     -computing association tests...done (10ms) 
     -computing joint association tests...done (0ms) 
 set [1222/1714] : RNU6-1023P - 48 variants...
     -reading in genotypes, computing gene-based tests and building masks...done (2117ms) 
     -computing association tests...done (13ms) 
     -computing joint association tests...done (0ms) 
 set [1223/1714] : RNU6-1060P - 47 variants...
     -reading in genotypes, computing gene-based tests and building masks...done (2008ms) 
     -computing association tests...done (13ms) 
     -computing joint association tests...done (0ms) 
 set [1224/1714] : RNU6-1113P - 1822 variants...
     -reading in genotypes, computing gene-based tests and building masks...done (5150ms) 
     -computing association tests...done (63ms) 
     -computing joint association tests...done (0ms) 
 set [1225/1714] : RNU6-1114P - 1588 variants...
     -reading in genotypes, computing gene-based tests and building masks...done (6189ms) 
     -computing association tests...done (7ms) 
     -computing joint association tests...done (0ms) 
 set [1226/1714] : RNU6-1115P - 37 variants...
     -reading in genotypes, computing gene-based tests and building masks...done (707ms) 
     -computing association tests...done (12ms) 
     -computing joint association tests...done (0ms) 
 set [1227/1714] : RNU6-1133P - 4338 variants...
     -reading in genotypes, computing gene-based tests and building masks...done (4394ms) 
     -computing association tests...done (14ms) 
     -computing joint association tests...done (0ms) 
 set [1228/1714] : RNU6-1144P - 821 variants...
     -reading in genotypes, computing gene-based tests and building masks...done (1135ms) 
     -computing association tests...done (13ms) 
     -computing joint association tests...done (0ms) 
 set [1229/1714] : RNU6-1163P - 51 variants...
     -reading in genotypes, computing gene-based tests and building masks...done (728ms) 
     -computing association tests...done (7ms) 
     -computing joint association tests...done (16ms) 
 set [1230/1714] : RNU6-117P - 48 variants...
     -reading in genotypes, computing gene-based tests and building masks...done (297ms) 
     -computing association tests...done (0ms) 
     -computing joint association tests...done (0ms) 
 set [1231/1714] : RNU6-1222P - 40 variants...
     -reading in genotypes, computing gene-based tests and building masks...done (719ms) 
     -computing association tests...done (1ms) 
     -computing joint association tests...done (0ms) 
 set [1232/1714] : RNU6-1286P - 3824 variants...
     -reading in genotypes, computing gene-based tests and building masks...done (3939ms) 
     -computing association tests...done (53ms) 
     -computing joint association tests...done (0ms) 
 set [1233/1714] : RNU6-1299P - 4977 variants...
     -reading in genotypes, computing gene-based tests and building masks...done (5297ms) 
     -computing association tests...done (13ms) 
     -computing joint association tests...done (0ms) 
 set [1234/1714] : RNU6-1338P - 39 variants...
     -reading in genotypes, computing gene-based tests and building masks...done (2596ms) 
     -computing association tests...done (1ms) 
     -computing joint association tests...done (0ms) 
 set [1235/1714] : RNU6-153P - 4001 variants...
     -reading in genotypes, computing gene-based tests and building masks...done (6445ms) 
     -computing association tests...done (13ms) 
     -computing joint association tests...done (0ms) 
 set [1236/1714] : RNU6-200P - 51 variants...
     -reading in genotypes, computing gene-based tests and building masks...done (1381ms) 
     -computing association tests...done (12ms) 
     -computing joint association tests...done (0ms) 
 set [1237/1714] : RNU6-214P - 42 variants...
     -reading in genotypes, computing gene-based tests and building masks...done (734ms) 
     -computing association tests...done (2ms) 
     -computing joint association tests...done (0ms) 
 set [1238/1714] : RNU6-248P - 5561 variants...
     -reading in genotypes, computing gene-based tests and building masks...done (5269ms) 
     -computing association tests...done (14ms) 
     -computing joint association tests...done (0ms) 
 set [1239/1714] : RNU6-253P - 1851 variants...
     -reading in genotypes, computing gene-based tests and building masks...done (5328ms) 
     -computing association tests...done (46ms) 
     -computing joint association tests...done (0ms) 
 set [1240/1714] : RNU6-261P - 4093 variants...
     -reading in genotypes, computing gene-based tests and building masks...done (5876ms) 
     -computing association tests...done (10ms) 
     -computing joint association tests...done (0ms) 
 set [1241/1714] : RNU6-263P - 43 variants...
     -reading in genotypes, computing gene-based tests and building masks...done (374ms) 
     -computing association tests...done (5ms) 
     -computing joint association tests...done (0ms) 
 set [1242/1714] : RNU6-280P - 5568 variants...
     -reading in genotypes, computing gene-based tests and building masks...done (6509ms) 
     -computing association tests...done (14ms) 
     -computing joint association tests...done (0ms) 
 set [1243/1714] : RNU6-283P - 44 variants...
     -reading in genotypes, computing gene-based tests and building masks...done (3187ms) 
     -computing association tests...done (12ms) 
     -computing joint association tests...done (0ms) 
 set [1244/1714] : RNU6-293P - 29 variants...
     -reading in genotypes, computing gene-based tests and building masks...done (379ms) 
     -computing association tests...done (1ms) 
     -computing joint association tests...done (0ms) 
 set [1245/1714] : RNU6-300P - 45 variants...
     -reading in genotypes, computing gene-based tests and building masks...done (1262ms) 
     -computing association tests...done (28ms) 
     -computing joint association tests...done (0ms) 
 set [1246/1714] : RNU6-391P - 2889 variants...
     -reading in genotypes, computing gene-based tests and building masks...done (8430ms) 
     -computing association tests...done (12ms) 
     -computing joint association tests...done (3ms) 
 set [1247/1714] : RNU6-411P - 2048 variants...
     -reading in genotypes, computing gene-based tests and building masks...done (14675ms) 
     -computing association tests...done (18ms) 
     -computing joint association tests...done (0ms) 
 set [1248/1714] : RNU6-464P - 1526 variants...
     -reading in genotypes, computing gene-based tests and building masks...done (3357ms) 
     -computing association tests...done (8ms) 
     -computing joint association tests...done (0ms) 
 set [1249/1714] : RNU6-471P - 9386 variants...
     -reading in genotypes, computing gene-based tests and building masks...done (27616ms) 
     -computing association tests...done (74ms) 
     -computing joint association tests...done (0ms) 
 set [1250/1714] : RNU6-475P - 42 variants...
     -reading in genotypes, computing gene-based tests and building masks...done (387ms) 
     -computing association tests...done (23ms) 
     -computing joint association tests...done (0ms) 
 set [1251/1714] : RNU6-502P - 36 variants...
     -reading in genotypes, computing gene-based tests and building masks...done (5086ms) 
     -computing association tests...done (12ms) 
     -computing joint association tests...done (0ms) 
 set [1252/1714] : RNU6-643P - 4448 variants...
     -reading in genotypes, computing gene-based tests and building masks...done (8133ms) 
     -computing association tests...done (14ms) 
     -computing joint association tests...done (0ms) 
 set [1253/1714] : RNU6-730P - 4347 variants...
     -reading in genotypes, computing gene-based tests and building masks...done (9074ms) 
     -computing association tests...done (13ms) 
     -computing joint association tests...done (0ms) 
 set [1254/1714] : RNU6-754P - 1243 variants...
     -reading in genotypes, computing gene-based tests and building masks...done (2606ms) 
     -computing association tests...done (17ms) 
     -computing joint association tests...done (0ms) 
 set [1255/1714] : RNU6-761P - 4141 variants...
     -reading in genotypes, computing gene-based tests and building masks...done (5042ms) 
     -computing association tests...done (20ms) 
     -computing joint association tests...done (0ms) 
 set [1256/1714] : RNU6-793P - 4131 variants...
     -reading in genotypes, computing gene-based tests and building masks...done (4982ms) 
     -computing association tests...done (102ms) 
     -computing joint association tests...done (0ms) 
 set [1257/1714] : RNU6-801P - 50 variants...
     -reading in genotypes, computing gene-based tests and building masks...done (291ms) 
     -computing association tests...done (1ms) 
     -computing joint association tests...done (0ms) 
 set [1258/1714] : RNU6-896P - 4076 variants...
     -reading in genotypes, computing gene-based tests and building masks...done (4302ms) 
     -computing association tests...done (11ms) 
     -computing joint association tests...done (0ms) 
 set [1259/1714] : RNU6ATAC21P - 3420 variants...
     -reading in genotypes, computing gene-based tests and building masks...done (4243ms) 
     -computing association tests...done (16ms) 
     -computing joint association tests...done (0ms) 
 set [1260/1714] : RNU7-133P - 21 variants...
     -reading in genotypes, computing gene-based tests and building masks...done (134ms) 
     -computing association tests...done (0ms) 
     -computing joint association tests...done (0ms) 
 set [1261/1714] : RNU7-152P - 22 variants...
     -reading in genotypes, computing gene-based tests and building masks...done (675ms) 
     -computing association tests...done (1ms) 
     -computing joint association tests...done (0ms) 
 set [1262/1714] : RNU7-26P - 921 variants...
     -reading in genotypes, computing gene-based tests and building masks...done (5032ms) 
     -computing association tests...done (12ms) 
     -computing joint association tests...done (0ms) 
 set [1263/1714] : RNU7-65P - 4397 variants...
     -reading in genotypes, computing gene-based tests and building masks...done (5367ms) 
     -computing association tests...done (18ms) 
     -computing joint association tests...done (17ms) 
 set [1264/1714] : RNU7-66P - 4516 variants...
     -reading in genotypes, computing gene-based tests and building masks...done (5464ms) 
     -computing association tests...done (67ms) 
     -computing joint association tests...done (0ms) 
 set [1265/1714] : ROS1 - 57591 variants...
     -reading in genotypes, computing gene-based tests and building masks...done (85139ms) 
     -computing association tests...done (52ms) 
     -computing joint association tests...done (0ms) 
 set [1266/1714] : RPA3P2 - 1321 variants...
     -reading in genotypes, computing gene-based tests and building masks...done (11409ms) 
     -computing association tests...done (11ms) 
     -computing joint association tests...done (0ms) 
 set [1267/1714] : RPF2 - 23644 variants...
     -reading in genotypes, computing gene-based tests and building masks...done (32711ms) 
     -computing association tests...done (93ms) 
     -computing joint association tests...done (0ms) 
 set [1268/1714] : RPL10A - 3462 variants...
     -reading in genotypes, computing gene-based tests and building masks...done (8415ms) 
     -computing association tests...done (39ms) 
     -computing joint association tests...done (0ms) 
 set [1269/1714] : RPL10P10 - 307 variants...
     -reading in genotypes, computing gene-based tests and building masks...done (4117ms) 
     -computing association tests...done (12ms) 
     -computing joint association tests...done (0ms) 
 set [1270/1714] : RPL10P2 - 268 variants...
     -reading in genotypes, computing gene-based tests and building masks...done (470ms) 
     -computing association tests...done (1ms) 
     -computing joint association tests...done (0ms) 
 set [1271/1714] : RPL12P23 - 179 variants...
     -reading in genotypes, computing gene-based tests and building masks...done (423ms) 
     -computing association tests...done (6ms) 
     -computing joint association tests...done (0ms) 
 set [1272/1714] : RPL12P2 - 191 variants...
     -reading in genotypes, computing gene-based tests and building masks...done (533ms) 
     -computing association tests...done (6ms) 
     -computing joint association tests...done (0ms) 
 set [1273/1714] : RPL12P47 - 537 variants...
     -reading in genotypes, computing gene-based tests and building masks...done (943ms) 
     -computing association tests...done (10ms) 
     -computing joint association tests...done (0ms) 
 set [1274/1714] : RPL13AP - 907 variants...
     -reading in genotypes, computing gene-based tests and building masks...done (1289ms) 
     -computing association tests...done (14ms) 
     -computing joint association tests...done (0ms) 
 set [1275/1714] : RPL15P3 - 4511 variants...
     -reading in genotypes, computing gene-based tests and building masks...done (8793ms) 
     -computing association tests...done (23ms) 
     -computing joint association tests...done (0ms) 
 set [1276/1714] : RPL15P4 - 308 variants...
     -reading in genotypes, computing gene-based tests and building masks...done (2328ms) 
     -computing association tests...done (53ms) 
     -computing joint association tests...done (0ms) 
 set [1277/1714] : RPL15P9 - 4500 variants...
     -reading in genotypes, computing gene-based tests and building masks...done (10462ms) 
     -computing association tests...done (15ms) 
     -computing joint association tests...done (0ms) 
 set [1278/1714] : RPL17P25 - 4177 variants...
     -reading in genotypes, computing gene-based tests and building masks...done (7662ms) 
     -computing association tests...done (19ms) 
     -computing joint association tests...done (0ms) 
 set [1279/1714] : RPL21P61 - 214 variants...
     -reading in genotypes, computing gene-based tests and building masks...done (454ms) 
     -computing association tests...done (12ms) 
     -computing joint association tests...done (0ms) 
 set [1280/1714] : RPL21P62 - 1906 variants...
     -reading in genotypes, computing gene-based tests and building masks...done (3405ms) 
     -computing association tests...done (9ms) 
     -computing joint association tests...done (11ms) 
 set [1281/1714] : RPL21P64 - 188 variants...
     -reading in genotypes, computing gene-based tests and building masks...done (428ms) 
     -computing association tests...done (65ms) 
     -computing joint association tests...done (0ms) 
 set [1282/1714] : RPL21P66 - 2464 variants...
     -reading in genotypes, computing gene-based tests and building masks...done (2928ms) 
     -computing association tests...done (9ms) 
     -computing joint association tests...done (0ms) 
 set [1283/1714] : RPL21P67 - 3851 variants...
     -reading in genotypes, computing gene-based tests and building masks...done (6308ms) 
     -computing association tests...done (63ms) 
     -computing joint association tests...done (0ms) 
 set [1284/1714] : RPL21P68 - 195 variants...
     -reading in genotypes, computing gene-based tests and building masks...done (528ms) 
     -computing association tests...done (47ms) 
     -computing joint association tests...done (0ms) 
 set [1285/1714] : RPL21P69 - 180 variants...
     -reading in genotypes, computing gene-based tests and building masks...done (357ms) 
     -computing association tests...done (53ms) 
     -computing joint association tests...done (0ms) 
 set [1286/1714] : RPL22P14 - 2199 variants...
     -reading in genotypes, computing gene-based tests and building masks...done (3203ms) 
     -computing association tests...done (20ms) 
     -computing joint association tests...done (0ms) 
 set [1287/1714] : RPL23AP46 - 224 variants...
     -reading in genotypes, computing gene-based tests and building masks...done (638ms) 
     -computing association tests...done (15ms) 
     -computing joint association tests...done (0ms) 
 set [1288/1714] : RPL23AP47 - 1161 variants...
     -reading in genotypes, computing gene-based tests and building masks...done (8607ms) 
     -computing association tests...done (38ms) 
     -computing joint association tests...done (0ms) 
 set [1289/1714] : RPL23AP48 - 1759 variants...
     -reading in genotypes, computing gene-based tests and building masks...done (4217ms) 
     -computing association tests...done (19ms) 
     -computing joint association tests...done (0ms) 
 set [1290/1714] : RPL23P6 - 154 variants...
     -reading in genotypes, computing gene-based tests and building masks...done (4649ms) 
     -computing association tests...done (80ms) 
     -computing joint association tests...done (0ms) 
 set [1291/1714] : RPL24P4 - 952 variants...
     -reading in genotypes, computing gene-based tests and building masks...done (1933ms) 
     -computing association tests...done (77ms) 
     -computing joint association tests...done (0ms) 
 set [1292/1714] : RPL26P20 - 133 variants...
     -reading in genotypes, computing gene-based tests and building masks...done (3818ms) 
     -computing association tests...done (4ms) 
     -computing joint association tests...done (0ms) 
 set [1293/1714] : RPL27AP7 - 4459 variants...
     -reading in genotypes, computing gene-based tests and building masks...done (8189ms) 
     -computing association tests...done (57ms) 
     -computing joint association tests...done (0ms) 
 set [1294/1714] : RPL29P16 - 570 variants...
     -reading in genotypes, computing gene-based tests and building masks...done (1271ms) 
     -computing association tests...done (12ms) 
     -computing joint association tests...done (0ms) 
 set [1295/1714] : RPL29P1 - 220 variants...
     -reading in genotypes, computing gene-based tests and building masks...done (5642ms) 
     -computing association tests...done (12ms) 
     -computing joint association tests...done (0ms) 
 set [1296/1714] : RPL29P17 - 3053 variants...
     -reading in genotypes, computing gene-based tests and building masks...done (11930ms) 
     -computing association tests...done (21ms) 
     -computing joint association tests...done (0ms) 
 set [1297/1714] : RPL31P28 - 2334 variants...
     -reading in genotypes, computing gene-based tests and building masks...done (6482ms) 
     -computing association tests...done (14ms) 
     -computing joint association tests...done (0ms) 
 set [1298/1714] : RPL31P29 - 4356 variants...
     -reading in genotypes, computing gene-based tests and building masks...done (4711ms) 
     -computing association tests...done (11ms) 
     -computing joint association tests...done (0ms) 
 set [1299/1714] : RPL31P32 - 4234 variants...
     -reading in genotypes, computing gene-based tests and building masks...done (8809ms) 
     -computing association tests...done (14ms) 
     -computing joint association tests...done (0ms) 
 set [1300/1714] : RPL31P33 - 4274 variants...
     -reading in genotypes, computing gene-based tests and building masks...done (4565ms) 
     -computing association tests...done (14ms) 
     -computing joint association tests...done (0ms) 
 set [1301/1714] : RPL32P15 - 2355 variants...
     -reading in genotypes, computing gene-based tests and building masks...done (4845ms) 
     -computing association tests...done (58ms) 
     -computing joint association tests...done (0ms) 
 set [1302/1714] : RPL34P14 - 1590 variants...
     -reading in genotypes, computing gene-based tests and building masks...done (2390ms) 
     -computing association tests...done (13ms) 
     -computing joint association tests...done (0ms) 
 set [1303/1714] : RPL34P16 - 4316 variants...
     -reading in genotypes, computing gene-based tests and building masks...done (6933ms) 
     -computing association tests...done (13ms) 
     -computing joint association tests...done (0ms) 
 set [1304/1714] : RPL35AP18 - 108 variants...
     -reading in genotypes, computing gene-based tests and building masks...done (359ms) 
     -computing association tests...done (5ms) 
     -computing joint association tests...done (0ms) 
 set [1305/1714] : RPL35AP3 - 1285 variants...
     -reading in genotypes, computing gene-based tests and building masks...done (4440ms) 
     -computing association tests...done (12ms) 
     -computing joint association tests...done (0ms) 
 set [1306/1714] : RPL35AP4 - 942 variants...
     -reading in genotypes, computing gene-based tests and building masks...done (9462ms) 
     -computing association tests...done (59ms) 
     -computing joint association tests...done (0ms) 
 set [1307/1714] : RPL36AP5 - 3801 variants...
     -reading in genotypes, computing gene-based tests and building masks...done (4419ms) 
     -computing association tests...done (68ms) 
     -computing joint association tests...done (0ms) 
 set [1308/1714] : RPL3P2 - 492 variants...
     -reading in genotypes, computing gene-based tests and building masks...done (4977ms) 
     -computing association tests...done (36ms) 
     -computing joint association tests...done (0ms) 
 set [1309/1714] : RPL3P7 - 2832 variants...
     -reading in genotypes, computing gene-based tests and building masks...done (8032ms) 
     -computing association tests...done (24ms) 
     -computing joint association tests...done (0ms) 
 set [1310/1714] : RPL5P18 - 317 variants...
     -reading in genotypes, computing gene-based tests and building masks...done (2118ms) 
     -computing association tests...done (12ms) 
     -computing joint association tests...done (0ms) 
 set [1311/1714] : RPL5P19 - 361 variants...
     -reading in genotypes, computing gene-based tests and building masks...done (2343ms) 
     -computing association tests...done (13ms) 
     -computing joint association tests...done (0ms) 
 set [1312/1714] : RPL5P20 - 341 variants...
     -reading in genotypes, computing gene-based tests and building masks...done (2259ms) 
     -computing association tests...done (19ms) 
     -computing joint association tests...done (0ms) 
 set [1313/1714] : RPL5P21 - 4436 variants...
     -reading in genotypes, computing gene-based tests and building masks...done (7741ms) 
     -computing association tests...done (46ms) 
     -computing joint association tests...done (0ms) 
 set [1314/1714] : RPL6P17 - 7838 variants...
     -reading in genotypes, computing gene-based tests and building masks...done (10826ms) 
     -computing association tests...done (59ms) 
     -computing joint association tests...done (0ms) 
 set [1315/1714] : RPL6P18 - 327 variants...
     -reading in genotypes, computing gene-based tests and building masks...done (756ms) 
     -computing association tests...done (55ms) 
     -computing joint association tests...done (0ms) 
 set [1316/1714] : RPL7AP34 - 351 variants...
     -reading in genotypes, computing gene-based tests and building masks...done (733ms) 
     -computing association tests...done (59ms) 
     -computing joint association tests...done (0ms) 
 set [1317/1714] : RPL7AP36 - 5347 variants...
     -reading in genotypes, computing gene-based tests and building masks...done (10092ms) 
     -computing association tests...done (18ms) 
     -computing joint association tests...done (0ms) 
 set [1318/1714] : RPL7AP7 - 266 variants...
     -reading in genotypes, computing gene-based tests and building masks...done (515ms) 
     -computing association tests...done (12ms) 
     -computing joint association tests...done (0ms) 
 set [1319/1714] : RPL7L1 - 9526 variants...
     -reading in genotypes, computing gene-based tests and building masks...done (18710ms) 
     -computing association tests...done (25ms) 
     -computing joint association tests...done (0ms) 
 set [1320/1714] : RPL7L1P20 - 3152 variants...
     -reading in genotypes, computing gene-based tests and building masks...done (4998ms) 
     -computing association tests...done (18ms) 
     -computing joint association tests...done (0ms) 
 set [1321/1714] : RPL7P27 - 396 variants...
     -reading in genotypes, computing gene-based tests and building masks...done (535ms) 
     -computing association tests...done (2ms) 
     -computing joint association tests...done (0ms) 
 set [1322/1714] : RPL8P1 - 4509 variants...
     -reading in genotypes, computing gene-based tests and building masks...done (4482ms) 
     -computing association tests...done (11ms) 
     -computing joint association tests...done (14ms) 
 set [1323/1714] : RPL9P18 - 2937 variants...
     -reading in genotypes, computing gene-based tests and building masks...done (6843ms) 
     -computing association tests...done (21ms) 
     -computing joint association tests...done (0ms) 
 set [1324/1714] : RPLP2P1 - 2675 variants...
     -reading in genotypes, computing gene-based tests and building masks...done (3099ms) 
     -computing association tests...done (62ms) 
     -computing joint association tests...done (0ms) 
 set [1325/1714] : RPP21 - 4402 variants...
     -reading in genotypes, computing gene-based tests and building masks...done (12290ms) 
     -computing association tests...done (91ms) 
     -computing joint association tests...done (0ms) 
 set [1326/1714] : RPP40 - 8216 variants...
     -reading in genotypes, computing gene-based tests and building masks...done (20968ms) 
     -computing association tests...done (67ms) 
     -computing joint association tests...done (0ms) 
 set [1327/1714] : RPS10 - 10744 variants...
     -reading in genotypes, computing gene-based tests and building masks...done (16037ms) 
     -computing association tests...done (30ms) 
     -computing joint association tests...done (0ms) 
 set [1328/1714] : RPS10P13 - 181 variants...
     -reading in genotypes, computing gene-based tests and building masks...done (316ms) 
     -computing association tests...done (1ms) 
     -computing joint association tests...done (0ms) 
 set [1329/1714] : RPS12 - 7140 variants...
     -reading in genotypes, computing gene-based tests and building masks...done (9203ms) 
     -computing association tests...done (83ms) 
     -computing joint association tests...done (0ms) 
 set [1330/1714] : RPS15AP19 - 152 variants...
     -reading in genotypes, computing gene-based tests and building masks...done (2651ms) 
     -computing association tests...done (10ms) 
     -computing joint association tests...done (0ms) 
 set [1331/1714] : RPS15AP20 - 4110 variants...
     -reading in genotypes, computing gene-based tests and building masks...done (16482ms) 
     -computing association tests...done (9ms) 
     -computing joint association tests...done (0ms) 
 set [1332/1714] : RPS17P5 - 157 variants...
     -reading in genotypes, computing gene-based tests and building masks...done (4944ms) 
     -computing association tests...done (34ms) 
     -computing joint association tests...done (0ms) 
 set [1333/1714] : RPS18 - 2040 variants...
     -reading in genotypes, computing gene-based tests and building masks...done (4778ms) 
     -computing association tests...done (56ms) 
     -computing joint association tests...done (0ms) 
 set [1334/1714] : RPS18P8 - 5173 variants...
     -reading in genotypes, computing gene-based tests and building masks...done (5734ms) 
     -computing association tests...done (15ms) 
     -computing joint association tests...done (0ms) 
 set [1335/1714] : RPS25P7 - 1105 variants...
     -reading in genotypes, computing gene-based tests and building masks...done (3860ms) 
     -computing association tests...done (8ms) 
     -computing joint association tests...done (0ms) 
 set [1336/1714] : RPS26P29 - 4279 variants...
     -reading in genotypes, computing gene-based tests and building masks...done (5476ms) 
     -computing association tests...done (12ms) 
     -computing joint association tests...done (0ms) 
 set [1337/1714] : RPS27AP11 - 200 variants...
     -reading in genotypes, computing gene-based tests and building masks...done (4819ms) 
     -computing association tests...done (12ms) 
     -computing joint association tests...done (0ms) 
 set [1338/1714] : RPS29P13 - 4434 variants...
     -reading in genotypes, computing gene-based tests and building masks...done (13268ms) 
     -computing association tests...done (14ms) 
     -computing joint association tests...done (0ms) 
 set [1339/1714] : RPS3AP23 - 4269 variants...
     -reading in genotypes, computing gene-based tests and building masks...done (4952ms) 
     -computing association tests...done (50ms) 
     -computing joint association tests...done (0ms) 
 set [1340/1714] : RPS3AP24 - 201 variants...
     -reading in genotypes, computing gene-based tests and building masks...done (430ms) 
     -computing association tests...done (4ms) 
     -computing joint association tests...done (0ms) 
 set [1341/1714] : RPS4XP7 - 4288 variants...
     -reading in genotypes, computing gene-based tests and building masks...done (6213ms) 
     -computing association tests...done (51ms) 
     -computing joint association tests...done (0ms) 
 set [1342/1714] : RPS4XP8 - 4617 variants...
     -reading in genotypes, computing gene-based tests and building masks...done (15241ms) 
     -computing association tests...done (18ms) 
     -computing joint association tests...done (0ms) 
 set [1343/1714] : RPS4XP9 - 349 variants...
     -reading in genotypes, computing gene-based tests and building masks...done (2502ms) 
     -computing association tests...done (15ms) 
     -computing joint association tests...done (0ms) 
 set [1344/1714] : RPS6KA2 - 186550 variants...
     -reading in genotypes, computing gene-based tests and building masks...done (770730ms) 
     -computing association tests...done (57ms) 
     -computing joint association tests...done (3ms) 
 set [1345/1714] : RPS6KA2-AS1 - 5735 variants...
     -reading in genotypes, computing gene-based tests and building masks...done (6229ms) 
     -computing association tests...done (22ms) 
     -computing joint association tests...done (0ms) 
 set [1346/1714] : RPS6P7 - 3950 variants...
     -reading in genotypes, computing gene-based tests and building masks...done (5561ms) 
     -computing association tests...done (14ms) 
     -computing joint association tests...done (0ms) 
 set [1347/1714] : RPS7P8 - 2353 variants...
     -reading in genotypes, computing gene-based tests and building masks...done (3956ms) 
     -computing association tests...done (14ms) 
     -computing joint association tests...done (0ms) 
 set [1348/1714] : RPSAP2 - 3295 variants...
     -reading in genotypes, computing gene-based tests and building masks...done (6124ms) 
     -computing association tests...done (19ms) 
     -computing joint association tests...done (0ms) 
 set [1349/1714] : RPSAP40 - 2897 variants...
     -reading in genotypes, computing gene-based tests and building masks...done (4760ms) 
     -computing association tests...done (70ms) 
     -computing joint association tests...done (0ms) 
 set [1350/1714] : RPSAP41 - 290 variants...
     -reading in genotypes, computing gene-based tests and building masks...done (594ms) 
     -computing association tests...done (6ms) 
     -computing joint association tests...done (0ms) 
 set [1351/1714] : RPSAP42 - 992 variants...
     -reading in genotypes, computing gene-based tests and building masks...done (1505ms) 
     -computing association tests...done (14ms) 
     -computing joint association tests...done (0ms) 
 set [1352/1714] : RPSAP44 - 360 variants...
     -reading in genotypes, computing gene-based tests and building masks...done (4549ms) 
     -computing association tests...done (8ms) 
     -computing joint association tests...done (0ms) 
 set [1353/1714] : RPSAP45 - 2099 variants...
     -reading in genotypes, computing gene-based tests and building masks...done (8020ms) 
     -computing association tests...done (66ms) 
     -computing joint association tests...done (0ms) 
 set [1354/1714] : RPSAP72 - 2054 variants...
     -reading in genotypes, computing gene-based tests and building masks...done (4036ms) 
     -computing association tests...done (11ms) 
     -computing joint association tests...done (0ms) 
 set [1355/1714] : RRAGD - 21554 variants...
     -reading in genotypes, computing gene-based tests and building masks...done (25746ms) 
     -computing association tests...done (68ms) 
     -computing joint association tests...done (0ms) 
 set [1356/1714] : RREB1 - 72702 variants...
     -reading in genotypes, computing gene-based tests and building masks...done (121781ms) 
     -computing association tests...done (74ms) 
     -computing joint association tests...done (0ms) 
 set [1357/1714] : RRP36 - 6921 variants...
     -reading in genotypes, computing gene-based tests and building masks...done (12870ms) 
     -computing association tests...done (61ms) 
     -computing joint association tests...done (0ms) 
 set [1358/1714] : RSL24D1P1 - 4051 variants...
     -reading in genotypes, computing gene-based tests and building masks...done (8816ms) 
     -computing association tests...done (16ms) 
     -computing joint association tests...done (0ms) 
 set [1359/1714] : RSPH3 - 15417 variants...
     -reading in genotypes, computing gene-based tests and building masks...done (18542ms) 
     -computing association tests...done (29ms) 
     -computing joint association tests...done (0ms) 
 set [1360/1714] : RSPH4A - 9269 variants...
     -reading in genotypes, computing gene-based tests and building masks...done (17239ms) 
     -computing association tests...done (94ms) 
     -computing joint association tests...done (0ms) 
 set [1361/1714] : RSPH9 - 13239 variants...
     -reading in genotypes, computing gene-based tests and building masks...done (19089ms) 
     -computing association tests...done (87ms) 
     -computing joint association tests...done (0ms) 
 set [1362/1714] : RSPO3 - 34951 variants...
     -reading in genotypes, computing gene-based tests and building masks...done (54969ms) 
     -computing association tests...done (73ms) 
     -computing joint association tests...done (0ms) 
 set [1363/1714] : RTN4IP1 - 29826 variants...
     -reading in genotypes, computing gene-based tests and building masks...done (47027ms) 
     -computing association tests...done (29ms) 
     -computing joint association tests...done (0ms) 
 set [1364/1714] : RUNX2 - 116052 variants...
     -reading in genotypes, computing gene-based tests and building masks...done (250434ms) 
     -computing association tests...done (81ms) 
     -computing joint association tests...done (0ms) 
 set [1365/1714] : RUNX2-AS1 - 5466 variants...
     -reading in genotypes, computing gene-based tests and building masks...done (8386ms) 
     -computing association tests...done (128ms) 
     -computing joint association tests...done (0ms) 
 set [1366/1714] : RWDD1 - 13589 variants...
     -reading in genotypes, computing gene-based tests and building masks...done (22681ms) 
     -computing association tests...done (101ms) 
     -computing joint association tests...done (0ms) 
 set [1367/1714] : RWDD2A - 4207 variants...
     -reading in genotypes, computing gene-based tests and building masks...done (9911ms) 
     -computing association tests...done (56ms) 
     -computing joint association tests...done (0ms) 
 set [1368/1714] : SAMD3 - 91645 variants...
     -reading in genotypes, computing gene-based tests and building masks...done (133579ms) 
     -computing association tests...done (66ms) 
     -computing joint association tests...done (0ms) 
 set [1369/1714] : SAMD5 - 61554 variants...
     -reading in genotypes, computing gene-based tests and building masks...done (79373ms) 
     -computing association tests...done (25ms) 
     -computing joint association tests...done (0ms) 
 set [1370/1714] : SAPCD1 - 1015 variants...
     -reading in genotypes, computing gene-based tests and building masks...done (2028ms) 
     -computing association tests...done (9ms) 
     -computing joint association tests...done (0ms) 
 set [1371/1714] : SAR1AP1 - 216 variants...
     -reading in genotypes, computing gene-based tests and building masks...done (439ms) 
     -computing association tests...done (2ms) 
     -computing joint association tests...done (9ms) 
 set [1372/1714] : SASH1 - 132055 variants...
     -reading in genotypes, computing gene-based tests and building masks...done (294367ms) 
     -computing association tests...done (69ms) 
     -computing joint association tests...done (14ms) 
 set [1373/1714] : SAYSD1 - 8233 variants...
     -reading in genotypes, computing gene-based tests and building masks...done (15108ms) 
     -computing association tests...done (14ms) 
     -computing joint association tests...done (10ms) 
 set [1374/1714] : SCAF8 - 56633 variants...
     -reading in genotypes, computing gene-based tests and building masks...done (73438ms) 
     -computing association tests...done (81ms) 
     -computing joint association tests...done (14ms) 
 set [1375/1714] : SCAND3 - 19398 variants...
     -reading in genotypes, computing gene-based tests and building masks...done (24297ms) 
     -computing association tests...done (51ms) 
     -computing joint association tests...done (17ms) 
 set [1376/1714] : SCGN - 23522 variants...
     -reading in genotypes, computing gene-based tests and building masks...done (31162ms) 
     -computing association tests...done (25ms) 
     -computing joint association tests...done (9ms) 
 set [1377/1714] : SCIRT - 60381 variants...
     -reading in genotypes, computing gene-based tests and building masks...done (106489ms) 
     -computing association tests...done (80ms) 
     -computing joint association tests...done (0ms) 
 set [1378/1714] : SCML4 - 59388 variants...
     -reading in genotypes, computing gene-based tests and building masks...done (120258ms) 
     -computing association tests...done (75ms) 
     -computing joint association tests...done (0ms) 
 set [1379/1714] : SCUBE3 - 18019 variants...
     -reading in genotypes, computing gene-based tests and building masks...done (30944ms) 
     -computing association tests...done (67ms) 
     -computing joint association tests...done (0ms) 
 set [1380/1714] : SDCBP2P1 - 3144 variants...
     -reading in genotypes, computing gene-based tests and building masks...done (3140ms) 
     -computing association tests...done (13ms) 
     -computing joint association tests...done (0ms) 
 set [1381/1714] : SDHAF4 - 13834 variants...
     -reading in genotypes, computing gene-based tests and building masks...done (17372ms) 
     -computing association tests...done (49ms) 
     -computing joint association tests...done (0ms) 
 set [1382/1714] : SEC63 - 47458 variants...
     -reading in genotypes, computing gene-based tests and building masks...done (89886ms) 
     -computing association tests...done (28ms) 
     -computing joint association tests...done (0ms) 
 set [1383/1714] : SENP6 - 56216 variants...
     -reading in genotypes, computing gene-based tests and building masks...done (80237ms) 
     -computing association tests...done (38ms) 
     -computing joint association tests...done (0ms) 
 set [1384/1714] : SEPTIN14P6 - 2576 variants...
     -reading in genotypes, computing gene-based tests and building masks...done (12942ms) 
     -computing association tests...done (9ms) 
     -computing joint association tests...done (0ms) 
 set [1385/1714] : SERAC1 - 25085 variants...
     -reading in genotypes, computing gene-based tests and building masks...done (89608ms) 
     -computing association tests...done (45ms) 
     -computing joint association tests...done (0ms) 
 set [1386/1714] : SERINC1 - 17582 variants...
     -reading in genotypes, computing gene-based tests and building masks...done (21364ms) 
     -computing association tests...done (62ms) 
     -computing joint association tests...done (0ms) 
 set [1387/1714] : SERPINB1 - 7793 variants...
     -reading in genotypes, computing gene-based tests and building masks...done (7799ms) 
     -computing association tests...done (17ms) 
     -computing joint association tests...done (0ms) 
 set [1388/1714] : SERPINB6 - 13956 variants...
     -reading in genotypes, computing gene-based tests and building masks...done (14693ms) 
     -computing association tests...done (28ms) 
     -computing joint association tests...done (0ms) 
 set [1389/1714] : SERPINB8P1 - 1677 variants...
     -reading in genotypes, computing gene-based tests and building masks...done (2251ms) 
     -computing association tests...done (18ms) 
     -computing joint association tests...done (0ms) 
 set [1390/1714] : SERPINB9 - 16713 variants...
     -reading in genotypes, computing gene-based tests and building masks...done (18990ms) 
     -computing association tests...done (61ms) 
     -computing joint association tests...done (0ms) 
 set [1391/1714] : SERPINB9P1 - 14792 variants...
     -reading in genotypes, computing gene-based tests and building masks...done (44554ms) 
     -computing association tests...done (30ms) 
     -computing joint association tests...done (0ms) 
 set [1392/1714] : SESN1 - 47293 variants...
     -reading in genotypes, computing gene-based tests and building masks...done (58181ms) 
     -computing association tests...done (37ms) 
     -computing joint association tests...done (0ms) 
 set [1393/1714] : SF3B5 - 4380 variants...
     -reading in genotypes, computing gene-based tests and building masks...done (11162ms) 
     -computing association tests...done (15ms) 
     -computing joint association tests...done (0ms) 
 set [1394/1714] : SFT2D1 - 14601 variants...
     -reading in genotypes, computing gene-based tests and building masks...done (18295ms) 
     -computing association tests...done (21ms) 
     -computing joint association tests...done (0ms) 
 set [1395/1714] : SFTA2 - 4487 variants...
     -reading in genotypes, computing gene-based tests and building masks...done (13423ms) 
     -computing association tests...done (26ms) 
     -computing joint association tests...done (0ms) 
 set [1396/1714] : SGK1 - 72649 variants...
     -reading in genotypes, computing gene-based tests and building masks...done (113984ms) 
     -computing association tests...done (65ms) 
     -computing joint association tests...done (0ms) 
 set [1397/1714] : SH3BGRL2 - 61058 variants...
     -reading in genotypes, computing gene-based tests and building masks...done (76058ms) 
     -computing association tests...done (107ms) 
     -computing joint association tests...done (0ms) 
 set [1398/1714] : SHPRH - 35626 variants...
     -reading in genotypes, computing gene-based tests and building masks...done (37445ms) 
     -computing association tests...done (19ms) 
     -computing joint association tests...done (0ms) 
 set [1399/1714] : SIM1 - 38796 variants...
     -reading in genotypes, computing gene-based tests and building masks...done (46283ms) 
     -computing association tests...done (55ms) 
     -computing joint association tests...done (0ms) 
 set [1400/1714] : SIMALR - 229 variants...
     -reading in genotypes, computing gene-based tests and building masks...done (6657ms) 
     -computing association tests...done (26ms) 
     -computing joint association tests...done (0ms) 
 set [1401/1714] : SIRT5 - 19574 variants...
     -reading in genotypes, computing gene-based tests and building masks...done (19829ms) 
     -computing association tests...done (23ms) 
     -computing joint association tests...done (0ms) 
 set [1402/1714] : SKIC2 - 4150 variants...
     -reading in genotypes, computing gene-based tests and building masks...done (7875ms) 
     -computing association tests...done (101ms) 
     -computing joint association tests...done (0ms) 
 set [1403/1714] : SLC16A10 - 57425 variants...
     -reading in genotypes, computing gene-based tests and building masks...done (73042ms) 
     -computing association tests...done (31ms) 
     -computing joint association tests...done (0ms) 
 set [1404/1714] : SLC17A1 - 19526 variants...
     -reading in genotypes, computing gene-based tests and building masks...done (20284ms) 
     -computing association tests...done (55ms) 
     -computing joint association tests...done (0ms) 
 set [1405/1714] : SLC17A2 - 12083 variants...
     -reading in genotypes, computing gene-based tests and building masks...done (11521ms) 
     -computing association tests...done (60ms) 
     -computing joint association tests...done (0ms) 
 set [1406/1714] : SLC17A3 - 15960 variants...
     -reading in genotypes, computing gene-based tests and building masks...done (15044ms) 
     -computing association tests...done (69ms) 
     -computing joint association tests...done (0ms) 
 set [1407/1714] : SLC17A4 - 13579 variants...
     -reading in genotypes, computing gene-based tests and building masks...done (19742ms) 
     -computing association tests...done (14ms) 
     -computing joint association tests...done (0ms) 
 set [1408/1714] : SLC17A5 - 30106 variants...
     -reading in genotypes, computing gene-based tests and building masks...done (44664ms) 
     -computing association tests...done (35ms) 
     -computing joint association tests...done (0ms) 
 set [1409/1714] : SLC18B1 - 19048 variants...
     -reading in genotypes, computing gene-based tests and building masks...done (31951ms) 
     -computing association tests...done (33ms) 
     -computing joint association tests...done (0ms) 
 set [1410/1714] : SLC22A1 - 20129 variants...
     -reading in genotypes, computing gene-based tests and building masks...done (43088ms) 
     -computing association tests...done (74ms) 
     -computing joint association tests...done (0ms) 
 set [1411/1714] : SLC22A16 - 28219 variants...
     -reading in genotypes, computing gene-based tests and building masks...done (43631ms) 
     -computing association tests...done (74ms) 
     -computing joint association tests...done (0ms) 
 set [1412/1714] : SLC22A23 - 83078 variants...
     -reading in genotypes, computing gene-based tests and building masks...done (154865ms) 
     -computing association tests...done (49ms) 
     -computing joint association tests...done (0ms) 
 set [1413/1714] : SLC22A2 - 24952 variants...
     -reading in genotypes, computing gene-based tests and building masks...done (30495ms) 
     -computing association tests...done (29ms) 
     -computing joint association tests...done (0ms) 
 set [1414/1714] : SLC22A3 - 45435 variants...
     -reading in genotypes, computing gene-based tests and building masks...done (59240ms) 
     -computing association tests...done (75ms) 
     -computing joint association tests...done (0ms) 
 set [1415/1714] : SLC22A7 - 3735 variants...
     -reading in genotypes, computing gene-based tests and building masks...done (6085ms) 
     -computing association tests...done (84ms) 
     -computing joint association tests...done (0ms) 
 set [1416/1714] : SLC25A20P1 - 1109 variants...
     -reading in genotypes, computing gene-based tests and building masks...done (9246ms) 
     -computing association tests...done (8ms) 
     -computing joint association tests...done (0ms) 
 set [1417/1714] : SLC25A27 - 12332 variants...
     -reading in genotypes, computing gene-based tests and building masks...done (14299ms) 
     -computing association tests...done (82ms) 
     -computing joint association tests...done (0ms) 
 set [1418/1714] : SLC25A51P1 - 4463 variants...
     -reading in genotypes, computing gene-based tests and building masks...done (10266ms) 
     -computing association tests...done (21ms) 
     -computing joint association tests...done (0ms) 
 set [1419/1714] : SLC25A5P7 - 6186 variants...
     -reading in genotypes, computing gene-based tests and building masks...done (10630ms) 
     -computing association tests...done (11ms) 
     -computing joint association tests...done (0ms) 
 set [1420/1714] : SLC25A6P6 - 1820 variants...
     -reading in genotypes, computing gene-based tests and building masks...done (2447ms) 
     -computing association tests...done (16ms) 
     -computing joint association tests...done (0ms) 
 set [1421/1714] : SLC26A8 - 35657 variants...
     -reading in genotypes, computing gene-based tests and building masks...done (47817ms) 
     -computing association tests...done (91ms) 
     -computing joint association tests...done (0ms) 
 set [1422/1714] : SLC29A1 - 8810 variants...
     -reading in genotypes, computing gene-based tests and building masks...done (12373ms) 
     -computing association tests...done (75ms) 
     -computing joint association tests...done (0ms) 
 set [1423/1714] : SLC2A12 - 29301 variants...
     -reading in genotypes, computing gene-based tests and building masks...done (60803ms) 
     -computing association tests...done (73ms) 
     -computing joint association tests...done (0ms) 
 set [1424/1714] : SLC35A1 - 16994 variants...
     -reading in genotypes, computing gene-based tests and building masks...done (24598ms) 
     -computing association tests...done (20ms) 
     -computing joint association tests...done (0ms) 
 set [1425/1714] : SLC35B2 - 2287 variants...
     -reading in genotypes, computing gene-based tests and building masks...done (5977ms) 
     -computing association tests...done (10ms) 
     -computing joint association tests...done (0ms) 
 set [1426/1714] : SLC35B3 - 16871 variants...
     -reading in genotypes, computing gene-based tests and building masks...done (18476ms) 
     -computing association tests...done (50ms) 
     -computing joint association tests...done (0ms) 
 set [1427/1714] : SLC35D3 - 6004 variants...
     -reading in genotypes, computing gene-based tests and building masks...done (5578ms) 
     -computing association tests...done (13ms) 
     -computing joint association tests...done (0ms) 
 set [1428/1714] : SLC35F1 - 177320 variants...
     -reading in genotypes, computing gene-based tests and building masks...done (391291ms) 
     -computing association tests...done (49ms) 
     -computing joint association tests...done (0ms) 
 set [1429/1714] : SLC39A7 - 3308 variants...
     -reading in genotypes, computing gene-based tests and building masks...done (12922ms) 
     -computing association tests...done (93ms) 
     -computing joint association tests...done (0ms) 
 set [1430/1714] : SLC44A4 - 9849 variants...
     -reading in genotypes, computing gene-based tests and building masks...done (20522ms) 
     -computing association tests...done (90ms) 
     -computing joint association tests...done (0ms) 
 set [1431/1714] : SMAP1 - 82850 variants...
     -reading in genotypes, computing gene-based tests and building masks...done (111811ms) 
     -computing association tests...done (84ms) 
     -computing joint association tests...done (0ms) 
 set [1432/1714] : SMIM11P1 - 2043 variants...
     -reading in genotypes, computing gene-based tests and building masks...done (9731ms) 
     -computing association tests...done (45ms) 
     -computing joint association tests...done (0ms) 
 set [1433/1714] : SMIM13 - 21283 variants...
     -reading in genotypes, computing gene-based tests and building masks...done (21280ms) 
     -computing association tests...done (88ms) 
     -computing joint association tests...done (0ms) 
 set [1434/1714] : SMIM15P2 - 18 variants...
     -reading in genotypes, computing gene-based tests and building masks...done (3756ms) 
     -computing association tests...done (15ms) 
     -computing joint association tests...done (0ms) 
 set [1435/1714] : SMIM28 - 6475 variants...
     -reading in genotypes, computing gene-based tests and building masks...done (8969ms) 
     -computing association tests...done (77ms) 
     -computing joint association tests...done (0ms) 
 set [1436/1714] : SMIM29 - 5945 variants...
     -reading in genotypes, computing gene-based tests and building masks...done (8384ms) 
     -computing association tests...done (55ms) 
     -computing joint association tests...done (0ms) 
 set [1437/1714] : SMIM40 - 5777 variants...
     -reading in genotypes, computing gene-based tests and building masks...done (6294ms) 
     -computing association tests...done (59ms) 
     -computing joint association tests...done (0ms) 
 set [1438/1714] : SMIM8 - 20456 variants...
     -reading in genotypes, computing gene-based tests and building masks...done (23327ms) 
     -computing association tests...done (21ms) 
     -computing joint association tests...done (0ms) 
 set [1439/1714] : SMLR1 - 7607 variants...
     -reading in genotypes, computing gene-based tests and building masks...done (12703ms) 
     -computing association tests...done (76ms) 
     -computing joint association tests...done (0ms) 
 set [1440/1714] : SMOC2 - 135031 variants...
     -reading in genotypes, computing gene-based tests and building masks...done (586131ms) 
     -computing association tests...done (39ms) 
     -computing joint association tests...done (0ms) 
 set [1441/1714] : SMPD2 - 3066 variants...
     -reading in genotypes, computing gene-based tests and building masks...done (6398ms) 
     -computing association tests...done (20ms) 
     -computing joint association tests...done (0ms) 
 set [1442/1714] : SMPDL3A - 12324 variants...
     -reading in genotypes, computing gene-based tests and building masks...done (16013ms) 
     -computing association tests...done (18ms) 
     -computing joint association tests...done (0ms) 
 set [1443/1714] : SNAP91 - 65640 variants...
     -reading in genotypes, computing gene-based tests and building masks...done (81905ms) 
     -computing association tests...done (63ms) 
     -computing joint association tests...done (0ms) 
 set [1444/1714] : SNHG32 - 4930 variants...
     -reading in genotypes, computing gene-based tests and building masks...done (5342ms) 
     -computing association tests...done (14ms) 
     -computing joint association tests...done (0ms) 
 set [1445/1714] : SNHG5 - 16271 variants...
     -reading in genotypes, computing gene-based tests and building masks...done (24094ms) 
     -computing association tests...done (51ms) 
     -computing joint association tests...done (0ms) 
 set [1446/1714] : SNORA40C - 38 variants...
     -reading in genotypes, computing gene-based tests and building masks...done (281ms) 
     -computing association tests...done (0ms) 
     -computing joint association tests...done (0ms) 
 set [1447/1714] : SNORA70 - 112 variants...
     -reading in genotypes, computing gene-based tests and building masks...done (831ms) 
     -computing association tests...done (50ms) 
     -computing joint association tests...done (0ms) 
 set [1448/1714] : SNORA73 - 35 variants...
     -reading in genotypes, computing gene-based tests and building masks...done (759ms) 
     -computing association tests...done (9ms) 
     -computing joint association tests...done (0ms) 
 set [1449/1714] : SNORD28B - 22 variants...
     -reading in genotypes, computing gene-based tests and building masks...done (7613ms) 
     -computing association tests...done (18ms) 
     -computing joint association tests...done (0ms) 
 set [1450/1714] : SNORD48 - 32 variants...
     -reading in genotypes, computing gene-based tests and building masks...done (344ms) 
     -computing association tests...done (12ms) 
     -computing joint association tests...done (0ms) 
 set [1451/1714] : SNORD50B - 36 variants...
     -reading in genotypes, computing gene-based tests and building masks...done (316ms) 
     -computing association tests...done (2ms) 
     -computing joint association tests...done (0ms) 
 set [1452/1714] : SNORD52 - 29 variants...
     -reading in genotypes, computing gene-based tests and building masks...done (313ms) 
     -computing association tests...done (1ms) 
     -computing joint association tests...done (0ms) 
 set [1453/1714] : SNRNP48 - 12617 variants...
     -reading in genotypes, computing gene-based tests and building masks...done (13308ms) 
     -computing association tests...done (43ms) 
     -computing joint association tests...done (0ms) 
 set [1454/1714] : SNRPC - 11293 variants...
     -reading in genotypes, computing gene-based tests and building masks...done (14972ms) 
     -computing association tests...done (19ms) 
     -computing joint association tests...done (0ms) 
 set [1455/1714] : SNRPEP6 - 5856 variants...
     -reading in genotypes, computing gene-based tests and building masks...done (8186ms) 
     -computing association tests...done (17ms) 
     -computing joint association tests...done (0ms) 
 set [1456/1714] : SNX14 - 38705 variants...
     -reading in genotypes, computing gene-based tests and building masks...done (43481ms) 
     -computing association tests...done (64ms) 
     -computing joint association tests...done (0ms) 
 set [1457/1714] : SNX3 - 26508 variants...
     -reading in genotypes, computing gene-based tests and building masks...done (29847ms) 
     -computing association tests...done (60ms) 
     -computing joint association tests...done (0ms) 
 set [1458/1714] : SNX9 - 112548 variants...
     -reading in genotypes, computing gene-based tests and building masks...done (234149ms) 
     -computing association tests...done (75ms) 
     -computing joint association tests...done (0ms) 
 set [1459/1714] : SOBP - 69887 variants...
     -reading in genotypes, computing gene-based tests and building masks...done (77117ms) 
     -computing association tests...done (75ms) 
     -computing joint association tests...done (0ms) 
 set [1460/1714] : SOCS5P5 - 5664 variants...
     -reading in genotypes, computing gene-based tests and building masks...done (9895ms) 
     -computing association tests...done (63ms) 
     -computing joint association tests...done (0ms) 
 set [1461/1714] : SOD1P1 - 176 variants...
     -reading in genotypes, computing gene-based tests and building masks...done (542ms) 
     -computing association tests...done (2ms) 
     -computing joint association tests...done (0ms) 
 set [1462/1714] : SOD2 - 19497 variants...
     -reading in genotypes, computing gene-based tests and building masks...done (22583ms) 
     -computing association tests...done (52ms) 
     -computing joint association tests...done (0ms) 
 set [1463/1714] : SOX4 - 7957 variants...
     -reading in genotypes, computing gene-based tests and building masks...done (26157ms) 
     -computing association tests...done (68ms) 
     -computing joint association tests...done (0ms) 
 set [1464/1714] : SPACA1 - 10952 variants...
     -reading in genotypes, computing gene-based tests and building masks...done (10112ms) 
     -computing association tests...done (20ms) 
     -computing joint association tests...done (0ms) 
 set [1465/1714] : SPATS1 - 17361 variants...
     -reading in genotypes, computing gene-based tests and building masks...done (60735ms) 
     -computing association tests...done (65ms) 
     -computing joint association tests...done (0ms) 
 set [1466/1714] : SPDEF - 9809 variants...
     -reading in genotypes, computing gene-based tests and building masks...done (36307ms) 
     -computing association tests...done (77ms) 
     -computing joint association tests...done (0ms) 
 set [1467/1714] : SPTLC1P2 - 60 variants...
     -reading in genotypes, computing gene-based tests and building masks...done (270ms) 
     -computing association tests...done (1ms) 
     -computing joint association tests...done (0ms) 
 set [1468/1714] : SPTLC1P3 - 2366 variants...
     -reading in genotypes, computing gene-based tests and building masks...done (4944ms) 
     -computing association tests...done (10ms) 
     -computing joint association tests...done (13ms) 
 set [1469/1714] : SRF - 8673 variants...
     -reading in genotypes, computing gene-based tests and building masks...done (12560ms) 
     -computing association tests...done (39ms) 
     -computing joint association tests...done (0ms) 
 set [1470/1714] : SRP72P2 - 10503 variants...
     -reading in genotypes, computing gene-based tests and building masks...done (18970ms) 
     -computing association tests...done (16ms) 
     -computing joint association tests...done (0ms) 
 set [1471/1714] : SRPK1 - 44344 variants...
     -reading in genotypes, computing gene-based tests and building masks...done (59218ms) 
     -computing association tests...done (62ms) 
     -computing joint association tests...done (0ms) 
 set [1472/1714] : SRSF12 - 14383 variants...
     -reading in genotypes, computing gene-based tests and building masks...done (18010ms) 
     -computing association tests...done (63ms) 
     -computing joint association tests...done (0ms) 
 set [1473/1714] : SRSF3 - 12219 variants...
     -reading in genotypes, computing gene-based tests and building masks...done (18443ms) 
     -computing association tests...done (15ms) 
     -computing joint association tests...done (0ms) 
 set [1474/1714] : SSR1 - 21093 variants...
     -reading in genotypes, computing gene-based tests and building masks...done (35826ms) 
     -computing association tests...done (50ms) 
     -computing joint association tests...done (0ms) 
 set [1475/1714] : STK38 - 26683 variants...
     -reading in genotypes, computing gene-based tests and building masks...done (26233ms) 
     -computing association tests...done (64ms) 
     -computing joint association tests...done (0ms) 
 set [1476/1714] : STMND1 - 16459 variants...
     -reading in genotypes, computing gene-based tests and building masks...done (26533ms) 
     -computing association tests...done (39ms) 
     -computing joint association tests...done (0ms) 
 set [1477/1714] : STX11 - 20883 variants...
     -reading in genotypes, computing gene-based tests and building masks...done (21184ms) 
     -computing association tests...done (22ms) 
     -computing joint association tests...done (0ms) 
 set [1478/1714] : STX7 - 31560 variants...
     -reading in genotypes, computing gene-based tests and building masks...done (34264ms) 
     -computing association tests...done (53ms) 
     -computing joint association tests...done (0ms) 
 set [1479/1714] : STXBP5 - 81555 variants...
     -reading in genotypes, computing gene-based tests and building masks...done (105610ms) 
     -computing association tests...done (41ms) 
     -computing joint association tests...done (0ms) 
 set [1480/1714] : STXBP5-AS1 - 131193 variants...
     -reading in genotypes, computing gene-based tests and building masks...done (425531ms) 
     -computing association tests...done (46ms) 
     -computing joint association tests...done (0ms) 
 set [1481/1714] : SUCLA2P1 - 504 variants...
     -reading in genotypes, computing gene-based tests and building masks...done (932ms) 
     -computing association tests...done (54ms) 
     -computing joint association tests...done (0ms) 
 set [1482/1714] : SUMO2P12 - 59 variants...
     -reading in genotypes, computing gene-based tests and building masks...done (1501ms) 
     -computing association tests...done (12ms) 
     -computing joint association tests...done (0ms) 
 set [1483/1714] : SUMO2P13 - 111 variants...
     -reading in genotypes, computing gene-based tests and building masks...done (584ms) 
     -computing association tests...done (1ms) 
     -computing joint association tests...done (0ms) 
 set [1484/1714] : SUPT3H - 250442 variants...
     -reading in genotypes, computing gene-based tests and building masks...done (616914ms) 
     -computing association tests...done (30ms) 
     -computing joint association tests...done (0ms) 
 set [1485/1714] : SYCP2L - 43247 variants...
     -reading in genotypes, computing gene-based tests and building masks...done (52272ms) 
     -computing association tests...done (19ms) 
     -computing joint association tests...done (15ms) 
 set [1486/1714] : SYNCRIP - 23795 variants...
     -reading in genotypes, computing gene-based tests and building masks...done (23616ms) 
     -computing association tests...done (30ms) 
     -computing joint association tests...done (0ms) 
 set [1487/1714] : SYNE1 - 218260 variants...
     -reading in genotypes, computing gene-based tests and building masks...done (561982ms) 
     -computing association tests...done (64ms) 
     -computing joint association tests...done (0ms) 
 set [1488/1714] : SYNGAP1 - 11395 variants...
     -reading in genotypes, computing gene-based tests and building masks...done (14540ms) 
     -computing association tests...done (31ms) 
     -computing joint association tests...done (0ms) 
 set [1489/1714] : SYNJ2 - 55743 variants...
     -reading in genotypes, computing gene-based tests and building masks...done (68354ms) 
     -computing association tests...done (30ms) 
     -computing joint association tests...done (0ms) 
 set [1490/1714] : SYTL3 - 53227 variants...
     -reading in genotypes, computing gene-based tests and building masks...done (76325ms) 
     -computing association tests...done (70ms) 
     -computing joint association tests...done (0ms) 
 set [1491/1714] : TAAR1 - 11512 variants...
     -reading in genotypes, computing gene-based tests and building masks...done (13971ms) 
     -computing association tests...done (81ms) 
     -computing joint association tests...done (0ms) 
 set [1492/1714] : TAAR2 - 7567 variants...
     -reading in genotypes, computing gene-based tests and building masks...done (20727ms) 
     -computing association tests...done (81ms) 
     -computing joint association tests...done (0ms) 
 set [1493/1714] : TAAR4P - 2373 variants...
     -reading in genotypes, computing gene-based tests and building masks...done (14647ms) 
     -computing association tests...done (11ms) 
     -computing joint association tests...done (0ms) 
 set [1494/1714] : TAAR5 - 5156 variants...
     -reading in genotypes, computing gene-based tests and building masks...done (5782ms) 
     -computing association tests...done (14ms) 
     -computing joint association tests...done (0ms) 
 set [1495/1714] : TAAR6 - 4729 variants...
     -reading in genotypes, computing gene-based tests and building masks...done (4737ms) 
     -computing association tests...done (63ms) 
     -computing joint association tests...done (0ms) 
 set [1496/1714] : TAAR7P - 2272 variants...
     -reading in genotypes, computing gene-based tests and building masks...done (2803ms) 
     -computing association tests...done (13ms) 
     -computing joint association tests...done (0ms) 
 set [1497/1714] : TAAR8 - 4508 variants...
     -reading in genotypes, computing gene-based tests and building masks...done (5674ms) 
     -computing association tests...done (15ms) 
     -computing joint association tests...done (0ms) 
 set [1498/1714] : TAAR9 - 4459 variants...
     -reading in genotypes, computing gene-based tests and building masks...done (9632ms) 
     -computing association tests...done (50ms) 
     -computing joint association tests...done (0ms) 
 set [1499/1714] : TAB2 - 56635 variants...
     -reading in genotypes, computing gene-based tests and building masks...done (87277ms) 
     -computing association tests...done (43ms) 
     -computing joint association tests...done (1ms) 
 set [1500/1714] : TAB2-AS1 - 3174 variants...
     -reading in genotypes, computing gene-based tests and building masks...done (6990ms) 
     -computing association tests...done (15ms) 
     -computing joint association tests...done (0ms) 
 set [1501/1714] : TAF11 - 6153 variants...
     -reading in genotypes, computing gene-based tests and building masks...done (11773ms) 
     -computing association tests...done (15ms) 
     -computing joint association tests...done (0ms) 
 set [1502/1714] : TAF8 - 19608 variants...
     -reading in genotypes, computing gene-based tests and building masks...done (27513ms) 
     -computing association tests...done (40ms) 
     -computing joint association tests...done (0ms) 
 set [1503/1714] : TAGAP - 8147 variants...
     -reading in genotypes, computing gene-based tests and building masks...done (14311ms) 
     -computing association tests...done (45ms) 
     -computing joint association tests...done (0ms) 
 set [1504/1714] : TAGAP-AS1 - 14214 variants...
     -reading in genotypes, computing gene-based tests and building masks...done (22593ms) 
     -computing association tests...done (20ms) 
     -computing joint association tests...done (0ms) 
 set [1505/1714] : TAP1 - 3551 variants...
     -reading in genotypes, computing gene-based tests and building masks...done (8401ms) 
     -computing association tests...done (69ms) 
     -computing joint association tests...done (0ms) 
 set [1506/1714] : TAP2 - 5573 variants...
     -reading in genotypes, computing gene-based tests and building masks...done (11537ms) 
     -computing association tests...done (76ms) 
     -computing joint association tests...done (0ms) 
 set [1507/1714] : TAPBP - 2152 variants...
     -reading in genotypes, computing gene-based tests and building masks...done (6543ms) 
     -computing association tests...done (95ms) 
     -computing joint association tests...done (0ms) 
 set [1508/1714] : TARID - 166675 variants...
     -reading in genotypes, computing gene-based tests and building masks...done (382183ms) 
     -computing association tests...done (32ms) 
     -computing joint association tests...done (0ms) 
 set [1509/1714] : TBC1D22B - 33066 variants...
     -reading in genotypes, computing gene-based tests and building masks...done (36583ms) 
     -computing association tests...done (54ms) 
     -computing joint association tests...done (0ms) 
 set [1510/1714] : TBC1D32 - 115691 variants...
     -reading in genotypes, computing gene-based tests and building masks...done (335252ms) 
     -computing association tests...done (72ms) 
     -computing joint association tests...done (0ms) 
 set [1511/1714] : TBC1D7 - 14952 variants...
     -reading in genotypes, computing gene-based tests and building masks...done (17139ms) 
     -computing association tests...done (14ms) 
     -computing joint association tests...done (0ms) 
 set [1512/1714] : TBCC - 5540 variants...
     -reading in genotypes, computing gene-based tests and building masks...done (5095ms) 
     -computing association tests...done (65ms) 
     -computing joint association tests...done (0ms) 
 set [1513/1714] : TBP - 4916 variants...
     -reading in genotypes, computing gene-based tests and building masks...done (6401ms) 
     -computing association tests...done (48ms) 
     -computing joint association tests...done (0ms) 
 set [1514/1714] : TBPL1 - 17388 variants...
     -reading in genotypes, computing gene-based tests and building masks...done (25522ms) 
     -computing association tests...done (21ms) 
     -computing joint association tests...done (0ms) 
 set [1515/1714] : TBX18 - 25325 variants...
     -reading in genotypes, computing gene-based tests and building masks...done (34011ms) 
     -computing association tests...done (13ms) 
     -computing joint association tests...done (0ms) 
 set [1516/1714] : TBX18-AS1 - 14765 variants...
     -reading in genotypes, computing gene-based tests and building masks...done (14176ms) 
     -computing association tests...done (50ms) 
     -computing joint association tests...done (0ms) 
 set [1517/1714] : TBXT - 8772 variants...
     -reading in genotypes, computing gene-based tests and building masks...done (19425ms) 
     -computing association tests...done (49ms) 
     -computing joint association tests...done (0ms) 
 set [1518/1714] : TCF19 - 4324 variants...
     -reading in genotypes, computing gene-based tests and building masks...done (5077ms) 
     -computing association tests...done (62ms) 
     -computing joint association tests...done (0ms) 
 set [1519/1714] : TCF21 - 6795 variants...
     -reading in genotypes, computing gene-based tests and building masks...done (6960ms) 
     -computing association tests...done (29ms) 
     -computing joint association tests...done (0ms) 
 set [1520/1714] : TCP10L2 - 1074 variants...
     -reading in genotypes, computing gene-based tests and building masks...done (17080ms) 
     -computing association tests...done (10ms) 
     -computing joint association tests...done (0ms) 
 set [1521/1714] : TCP10L3 - 37114 variants...
     -reading in genotypes, computing gene-based tests and building masks...done (586369ms) 
     -computing association tests...done (40ms) 
     -computing joint association tests...done (0ms) 
 set [1522/1714] : TCP11 - 15847 variants...
     -reading in genotypes, computing gene-based tests and building masks...done (29828ms) 
     -computing association tests...done (32ms) 
     -computing joint association tests...done (0ms) 
 set [1523/1714] : TCP1 - 5779 variants...
     -reading in genotypes, computing gene-based tests and building masks...done (10366ms) 
     -computing association tests...done (12ms) 
     -computing joint association tests...done (0ms) 
 set [1524/1714] : TCTE1 - 10925 variants...
     -reading in genotypes, computing gene-based tests and building masks...done (16481ms) 
     -computing association tests...done (18ms) 
     -computing joint association tests...done (0ms) 
 set [1525/1714] : TDP2 - 10254 variants...
     -reading in genotypes, computing gene-based tests and building masks...done (13599ms) 
     -computing association tests...done (50ms) 
     -computing joint association tests...done (0ms) 
 set [1526/1714] : TDRD6 - 8165 variants...
     -reading in genotypes, computing gene-based tests and building masks...done (15637ms) 
     -computing association tests...done (23ms) 
     -computing joint association tests...done (0ms) 
 set [1527/1714] : TDRG1 - 23999 variants...
     -reading in genotypes, computing gene-based tests and building masks...done (30699ms) 
     -computing association tests...done (49ms) 
     -computing joint association tests...done (0ms) 
 set [1528/1714] : TEAD3 - 7026 variants...
     -reading in genotypes, computing gene-based tests and building masks...done (11063ms) 
     -computing association tests...done (28ms) 
     -computing joint association tests...done (0ms) 
 set [1529/1714] : TENT5A - 59932 variants...
     -reading in genotypes, computing gene-based tests and building masks...done (72184ms) 
     -computing association tests...done (61ms) 
     -computing joint association tests...done (0ms) 
 set [1530/1714] : TEX56P - 10372 variants...
     -reading in genotypes, computing gene-based tests and building masks...done (21131ms) 
     -computing association tests...done (16ms) 
     -computing joint association tests...done (0ms) 
 set [1531/1714] : TFAP2A - 15326 variants...
     -reading in genotypes, computing gene-based tests and building masks...done (17584ms) 
     -computing association tests...done (20ms) 
     -computing joint association tests...done (0ms) 
 set [1532/1714] : TFAP2A-AS1 - 4765 variants...
     -reading in genotypes, computing gene-based tests and building masks...done (5245ms) 
     -computing association tests...done (14ms) 
     -computing joint association tests...done (0ms) 
 set [1533/1714] : TFAP2B - 16527 variants...
     -reading in genotypes, computing gene-based tests and building masks...done (19551ms) 
     -computing association tests...done (20ms) 
     -computing joint association tests...done (0ms) 
 set [1534/1714] : TFAP2D - 32293 variants...
     -reading in genotypes, computing gene-based tests and building masks...done (34233ms) 
     -computing association tests...done (58ms) 
     -computing joint association tests...done (0ms) 
 set [1535/1714] : TFB1M - 30731 variants...
     -reading in genotypes, computing gene-based tests and building masks...done (48995ms) 
     -computing association tests...done (87ms) 
     -computing joint association tests...done (0ms) 
 set [1536/1714] : TFB2MP1 - 2635 variants...
     -reading in genotypes, computing gene-based tests and building masks...done (2557ms) 
     -computing association tests...done (75ms) 
     -computing joint association tests...done (0ms) 
 set [1537/1714] : TFEB - 23069 variants...
     -reading in genotypes, computing gene-based tests and building masks...done (23453ms) 
     -computing association tests...done (99ms) 
     -computing joint association tests...done (0ms) 
 set [1538/1714] : THAP12P5 - 2560 variants...
     -reading in genotypes, computing gene-based tests and building masks...done (8359ms) 
     -computing association tests...done (14ms) 
     -computing joint association tests...done (0ms) 
 set [1539/1714] : THBS2 - 28661 variants...
     -reading in genotypes, computing gene-based tests and building masks...done (30929ms) 
     -computing association tests...done (64ms) 
     -computing joint association tests...done (1ms) 
 set [1540/1714] : THBS2-AS1 - 943 variants...
     -reading in genotypes, computing gene-based tests and building masks...done (1125ms) 
     -computing association tests...done (8ms) 
     -computing joint association tests...done (0ms) 
 set [1541/1714] : THEMIS - 92895 variants...
     -reading in genotypes, computing gene-based tests and building masks...done (128096ms) 
     -computing association tests...done (90ms) 
     -computing joint association tests...done (0ms) 
 set [1542/1714] : TIAL1P1 - 4263 variants...
     -reading in genotypes, computing gene-based tests and building masks...done (9806ms) 
     -computing association tests...done (10ms) 
     -computing joint association tests...done (0ms) 
 set [1543/1714] : TIAM2 - 189044 variants...
     -reading in genotypes, computing gene-based tests and building masks...done (734228ms) 
     -computing association tests...done (50ms) 
     -computing joint association tests...done (0ms) 
 set [1544/1714] : TINAG - 42485 variants...
     -reading in genotypes, computing gene-based tests and building masks...done (43207ms) 
     -computing association tests...done (59ms) 
     -computing joint association tests...done (0ms) 
 set [1545/1714] : TJAP1 - 11613 variants...
     -reading in genotypes, computing gene-based tests and building masks...done (17107ms) 
     -computing association tests...done (49ms) 
     -computing joint association tests...done (0ms) 
 set [1546/1714] : TMEM14A - 12673 variants...
     -reading in genotypes, computing gene-based tests and building masks...done (17905ms) 
     -computing association tests...done (30ms) 
     -computing joint association tests...done (0ms) 
 set [1547/1714] : TMEM14B - 14676 variants...
     -reading in genotypes, computing gene-based tests and building masks...done (21590ms) 
     -computing association tests...done (43ms) 
     -computing joint association tests...done (0ms) 
 set [1548/1714] : TMEM14B-DT - 1976 variants...
     -reading in genotypes, computing gene-based tests and building masks...done (2218ms) 
     -computing association tests...done (9ms) 
     -computing joint association tests...done (0ms) 
 set [1549/1714] : TMEM14C - 10378 variants...
     -reading in genotypes, computing gene-based tests and building masks...done (11608ms) 
     -computing association tests...done (65ms) 
     -computing joint association tests...done (0ms) 
 set [1550/1714] : TMEM151B - 1779 variants...
     -reading in genotypes, computing gene-based tests and building masks...done (4065ms) 
     -computing association tests...done (14ms) 
     -computing joint association tests...done (0ms) 
 set [1551/1714] : TMEM170B - 22593 variants...
     -reading in genotypes, computing gene-based tests and building masks...done (25189ms) 
     -computing association tests...done (17ms) 
     -computing joint association tests...done (0ms) 
 set [1552/1714] : TMEM181 - 48347 variants...
     -reading in genotypes, computing gene-based tests and building masks...done (57581ms) 
     -computing association tests...done (25ms) 
     -computing joint association tests...done (0ms) 
 set [1553/1714] : TMEM183AP1 - 1157 variants...
     -reading in genotypes, computing gene-based tests and building masks...done (1429ms) 
     -computing association tests...done (13ms) 
     -computing joint association tests...done (0ms) 
 set [1554/1714] : TMEM200A - 33732 variants...
     -reading in genotypes, computing gene-based tests and building masks...done (35486ms) 
     -computing association tests...done (66ms) 
     -computing joint association tests...done (0ms) 
 set [1555/1714] : TMEM217B - 18253 variants...
     -reading in genotypes, computing gene-based tests and building masks...done (17738ms) 
     -computing association tests...done (20ms) 
     -computing joint association tests...done (0ms) 
 set [1556/1714] : TMEM242 - 30659 variants...
     -reading in genotypes, computing gene-based tests and building masks...done (52674ms) 
     -computing association tests...done (44ms) 
     -computing joint association tests...done (0ms) 
 set [1557/1714] : TMEM244 - 16510 variants...
     -reading in genotypes, computing gene-based tests and building masks...done (19327ms) 
     -computing association tests...done (77ms) 
     -computing joint association tests...done (0ms) 
 set [1558/1714] : TMEM30A - 15928 variants...
     -reading in genotypes, computing gene-based tests and building masks...done (17735ms) 
     -computing association tests...done (15ms) 
     -computing joint association tests...done (0ms) 
 set [1559/1714] : TMEM30A-DT - 5042 variants...
     -reading in genotypes, computing gene-based tests and building masks...done (4149ms) 
     -computing association tests...done (14ms) 
     -computing joint association tests...done (0ms) 
 set [1560/1714] : TMEM63B - 9965 variants...
     -reading in genotypes, computing gene-based tests and building masks...done (10189ms) 
     -computing association tests...done (73ms) 
     -computing joint association tests...done (0ms) 
 set [1561/1714] : TMPOP1 - 956 variants...
     -reading in genotypes, computing gene-based tests and building masks...done (3711ms) 
     -computing association tests...done (55ms) 
     -computing joint association tests...done (0ms) 
 set [1562/1714] : TNF - 2068 variants...
     -reading in genotypes, computing gene-based tests and building masks...done (3820ms) 
     -computing association tests...done (68ms) 
     -computing joint association tests...done (0ms) 
 set [1563/1714] : TNFAIP3 - 10074 variants...
     -reading in genotypes, computing gene-based tests and building masks...done (17813ms) 
     -computing association tests...done (76ms) 
     -computing joint association tests...done (0ms) 
 set [1564/1714] : TNFRSF21 - 33655 variants...
     -reading in genotypes, computing gene-based tests and building masks...done (34678ms) 
     -computing association tests...done (21ms) 
     -computing joint association tests...done (0ms) 
 set [1565/1714] : TNPO3P2 - 5121 variants...
     -reading in genotypes, computing gene-based tests and building masks...done (6965ms) 
     -computing association tests...done (41ms) 
     -computing joint association tests...done (0ms) 
 set [1566/1714] : TNXB - 25595 variants...
     -reading in genotypes, computing gene-based tests and building masks...done (24217ms) 
     -computing association tests...done (74ms) 
     -computing joint association tests...done (0ms) 
 set [1567/1714] : TOB2P1 - 644 variants...
     -reading in genotypes, computing gene-based tests and building masks...done (804ms) 
     -computing association tests...done (8ms) 
     -computing joint association tests...done (0ms) 
 set [1568/1714] : TOMM5P1 - 82 variants...
     -reading in genotypes, computing gene-based tests and building masks...done (1599ms) 
     -computing association tests...done (10ms) 
     -computing joint association tests...done (0ms) 
 set [1569/1714] : TOMM6 - 5570 variants...
     -reading in genotypes, computing gene-based tests and building masks...done (7095ms) 
     -computing association tests...done (16ms) 
     -computing joint association tests...done (0ms) 
 set [1570/1714] : TPBG - 6130 variants...
     -reading in genotypes, computing gene-based tests and building masks...done (9361ms) 
     -computing association tests...done (82ms) 
     -computing joint association tests...done (0ms) 
 set [1571/1714] : TPD52L1 - 58590 variants...
     -reading in genotypes, computing gene-based tests and building masks...done (74847ms) 
     -computing association tests...done (91ms) 
     -computing joint association tests...done (0ms) 
 set [1572/1714] : TPMT - 14706 variants...
     -reading in genotypes, computing gene-based tests and building masks...done (19715ms) 
     -computing association tests...done (67ms) 
     -computing joint association tests...done (0ms) 
 set [1573/1714] : TPT1P4 - 186 variants...
     -reading in genotypes, computing gene-based tests and building masks...done (432ms) 
     -computing association tests...done (2ms) 
     -computing joint association tests...done (0ms) 
 set [1574/1714] : TPT1P6 - 4099 variants...
     -reading in genotypes, computing gene-based tests and building masks...done (3690ms) 
     -computing association tests...done (13ms) 
     -computing joint association tests...done (0ms) 
 set [1575/1714] : TRAF3IP2 - 22778 variants...
     -reading in genotypes, computing gene-based tests and building masks...done (25824ms) 
     -computing association tests...done (15ms) 
     -computing joint association tests...done (0ms) 
 set [1576/1714] : TRAF3IP2-AS1 - 22123 variants...
     -reading in genotypes, computing gene-based tests and building masks...done (22547ms) 
     -computing association tests...done (49ms) 
     -computing joint association tests...done (0ms) 
 set [1577/1714] : TRAM2 - 34374 variants...
     -reading in genotypes, computing gene-based tests and building masks...done (33291ms) 
     -computing association tests...done (81ms) 
     -computing joint association tests...done (0ms) 
 set [1578/1714] : TRAM2-AS1 - 25486 variants...
     -reading in genotypes, computing gene-based tests and building masks...done (23824ms) 
     -computing association tests...done (19ms) 
     -computing joint association tests...done (0ms) 
 set [1579/1714] : TRAPPC3L - 18807 variants...
     -reading in genotypes, computing gene-based tests and building masks...done (23432ms) 
     -computing association tests...done (14ms) 
     -computing joint association tests...done (1ms) 
 set [1580/1714] : TRDN - 188458 variants...
     -reading in genotypes, computing gene-based tests and building masks...done (357446ms) 
     -computing association tests...done (70ms) 
     -computing joint association tests...done (0ms) 
 set [1581/1714] : TREM1 - 9454 variants...
     -reading in genotypes, computing gene-based tests and building masks...done (9683ms) 
     -computing association tests...done (16ms) 
     -computing joint association tests...done (0ms) 
 set [1582/1714] : TREM2 - 6048 variants...
     -reading in genotypes, computing gene-based tests and building masks...done (11302ms) 
     -computing association tests...done (54ms) 
     -computing joint association tests...done (0ms) 
 set [1583/1714] : TREML1 - 3296 variants...
     -reading in genotypes, computing gene-based tests and building masks...done (4366ms) 
     -computing association tests...done (71ms) 
     -computing joint association tests...done (0ms) 
 set [1584/1714] : TREML2 - 8958 variants...
     -reading in genotypes, computing gene-based tests and building masks...done (9993ms) 
     -computing association tests...done (65ms) 
     -computing joint association tests...done (0ms) 
 set [1585/1714] : TREML4 - 8821 variants...
     -reading in genotypes, computing gene-based tests and building masks...done (12834ms) 
     -computing association tests...done (18ms) 
     -computing joint association tests...done (0ms) 
 set [1586/1714] : TRERF1 - 96254 variants...
     -reading in genotypes, computing gene-based tests and building masks...done (156515ms) 
     -computing association tests...done (105ms) 
     -computing joint association tests...done (0ms) 
 set [1587/1714] : TRIM10 - 5882 variants...
     -reading in genotypes, computing gene-based tests and building masks...done (11788ms) 
     -computing association tests...done (32ms) 
     -computing joint association tests...done (0ms) 
 set [1588/1714] : TRIM15 - 5263 variants...
     -reading in genotypes, computing gene-based tests and building masks...done (6877ms) 
     -computing association tests...done (72ms) 
     -computing joint association tests...done (0ms) 
 set [1589/1714] : TRIM26 - 17182 variants...
     -reading in genotypes, computing gene-based tests and building masks...done (19227ms) 
     -computing association tests...done (49ms) 
     -computing joint association tests...done (0ms) 
 set [1590/1714] : TRIM26BP - 1859 variants...
     -reading in genotypes, computing gene-based tests and building masks...done (4583ms) 
     -computing association tests...done (13ms) 
     -computing joint association tests...done (0ms) 
 set [1591/1714] : TRIM27 - 14318 variants...
     -reading in genotypes, computing gene-based tests and building masks...done (19799ms) 
     -computing association tests...done (58ms) 
     -computing joint association tests...done (0ms) 
 set [1592/1714] : TRIM31 - 8423 variants...
     -reading in genotypes, computing gene-based tests and building masks...done (19766ms) 
     -computing association tests...done (71ms) 
     -computing joint association tests...done (0ms) 
 set [1593/1714] : TRIM31-AS1 - 1568 variants...
     -reading in genotypes, computing gene-based tests and building masks...done (3813ms) 
     -computing association tests...done (11ms) 
     -computing joint association tests...done (0ms) 
 set [1594/1714] : TRIM38 - 15566 variants...
     -reading in genotypes, computing gene-based tests and building masks...done (16938ms) 
     -computing association tests...done (50ms) 
     -computing joint association tests...done (0ms) 
 set [1595/1714] : TRIM39 - 6904 variants...
     -reading in genotypes, computing gene-based tests and building masks...done (7806ms) 
     -computing association tests...done (18ms) 
     -computing joint association tests...done (0ms) 
 set [1596/1714] : TRIM40 - 6909 variants...
     -reading in genotypes, computing gene-based tests and building masks...done (8949ms) 
     -computing association tests...done (16ms) 
     -computing joint association tests...done (0ms) 
 set [1597/1714] : TRMT11 - 69012 variants...
     -reading in genotypes, computing gene-based tests and building masks...done (87510ms) 
     -computing association tests...done (65ms) 
     -computing joint association tests...done (0ms) 
 set [1598/1714] : TSBP1 - 30844 variants...
     -reading in genotypes, computing gene-based tests and building masks...done (43251ms) 
     -computing association tests...done (83ms) 
     -computing joint association tests...done (0ms) 
 set [1599/1714] : TSBP1-AS1 - 22912 variants...
     -reading in genotypes, computing gene-based tests and building masks...done (28453ms) 
     -computing association tests...done (71ms) 
     -computing joint association tests...done (0ms) 
 set [1600/1714] : TSPO2 - 2282 variants...
     -reading in genotypes, computing gene-based tests and building masks...done (10342ms) 
     -computing association tests...done (10ms) 
     -computing joint association tests...done (0ms) 
 set [1601/1714] : TSPYL1 - 6176 variants...
     -reading in genotypes, computing gene-based tests and building masks...done (9125ms) 
     -computing association tests...done (58ms) 
     -computing joint association tests...done (0ms) 
 set [1602/1714] : TSPYL4 - 1629 variants...
     -reading in genotypes, computing gene-based tests and building masks...done (2010ms) 
     -computing association tests...done (12ms) 
     -computing joint association tests...done (0ms) 
 set [1603/1714] : TSTD3 - 13526 variants...
     -reading in genotypes, computing gene-based tests and building masks...done (22290ms) 
     -computing association tests...done (23ms) 
     -computing joint association tests...done (0ms) 
 set [1604/1714] : TTBK1 - 22459 variants...
     -reading in genotypes, computing gene-based tests and building masks...done (23194ms) 
     -computing association tests...done (90ms) 
     -computing joint association tests...done (0ms) 
 set [1605/1714] : TTK - 21027 variants...
     -reading in genotypes, computing gene-based tests and building masks...done (27217ms) 
     -computing association tests...done (24ms) 
     -computing joint association tests...done (0ms) 
 set [1606/1714] : TTLL2 - 11981 variants...
     -reading in genotypes, computing gene-based tests and building masks...done (23742ms) 
     -computing association tests...done (52ms) 
     -computing joint association tests...done (0ms) 
 set [1607/1714] : TUBB2A - 3854 variants...
     -reading in genotypes, computing gene-based tests and building masks...done (6431ms) 
     -computing association tests...done (58ms) 
     -computing joint association tests...done (0ms) 
 set [1608/1714] : TUBB2B - 14000 variants...
     -reading in genotypes, computing gene-based tests and building masks...done (38610ms) 
     -computing association tests...done (49ms) 
     -computing joint association tests...done (0ms) 
 set [1609/1714] : TUBB2BP1 - 212 variants...
     -reading in genotypes, computing gene-based tests and building masks...done (732ms) 
     -computing association tests...done (16ms) 
     -computing joint association tests...done (0ms) 
 set [1610/1714] : TUBB4BP7 - 4580 variants...
     -reading in genotypes, computing gene-based tests and building masks...done (7743ms) 
     -computing association tests...done (20ms) 
     -computing joint association tests...done (0ms) 
 set [1611/1714] : TUBB - 5579 variants...
     -reading in genotypes, computing gene-based tests and building masks...done (10486ms) 
     -computing association tests...done (54ms) 
     -computing joint association tests...done (0ms) 
 set [1612/1714] : TUBBP9 - 152 variants...
     -reading in genotypes, computing gene-based tests and building masks...done (1025ms) 
     -computing association tests...done (12ms) 
     -computing joint association tests...done (0ms) 
 set [1613/1714] : TUBE1 - 6323 variants...
     -reading in genotypes, computing gene-based tests and building masks...done (7304ms) 
     -computing association tests...done (48ms) 
     -computing joint association tests...done (0ms) 
 set [1614/1714] : TULP1 - 10961 variants...
     -reading in genotypes, computing gene-based tests and building masks...done (17176ms) 
     -computing association tests...done (23ms) 
     -computing joint association tests...done (0ms) 
 set [1615/1714] : TULP4 - 115102 variants...
     -reading in genotypes, computing gene-based tests and building masks...done (237995ms) 
     -computing association tests...done (26ms) 
     -computing joint association tests...done (0ms) 
 set [1616/1714] : TXLNB - 24406 variants...
     -reading in genotypes, computing gene-based tests and building masks...done (28292ms) 
     -computing association tests...done (59ms) 
     -computing joint association tests...done (0ms) 
 set [1617/1714] : TXNDC5 - 15191 variants...
     -reading in genotypes, computing gene-based tests and building masks...done (18633ms) 
     -computing association tests...done (44ms) 
     -computing joint association tests...done (0ms) 
 set [1618/1714] : TXNP7 - 4942 variants...
     -reading in genotypes, computing gene-based tests and building masks...done (4339ms) 
     -computing association tests...done (17ms) 
     -computing joint association tests...done (0ms) 
 set [1619/1714] : TYMSP1 - 4663 variants...
     -reading in genotypes, computing gene-based tests and building masks...done (4246ms) 
     -computing association tests...done (16ms) 
     -computing joint association tests...done (0ms) 
 set [1620/1714] : U3 - 4282 variants...
     -reading in genotypes, computing gene-based tests and building masks...done (14429ms) 
     -computing association tests...done (15ms) 
     -computing joint association tests...done (0ms) 
 set [1621/1714] : U8 - 4152 variants...
     -reading in genotypes, computing gene-based tests and building masks...done (3938ms) 
     -computing association tests...done (17ms) 
     -computing joint association tests...done (10ms) 
 set [1622/1714] : UBD - 5476 variants...
     -reading in genotypes, computing gene-based tests and building masks...done (7008ms) 
     -computing association tests...done (25ms) 
     -computing joint association tests...done (0ms) 
 set [1623/1714] : UBDP1 - 400 variants...
     -reading in genotypes, computing gene-based tests and building masks...done (3079ms) 
     -computing association tests...done (43ms) 
     -computing joint association tests...done (0ms) 
 set [1624/1714] : UBE2D3P5 - 149 variants...
     -reading in genotypes, computing gene-based tests and building masks...done (323ms) 
     -computing association tests...done (16ms) 
     -computing joint association tests...done (0ms) 
 set [1625/1714] : UBE2J1 - 16995 variants...
     -reading in genotypes, computing gene-based tests and building masks...done (66895ms) 
     -computing association tests...done (20ms) 
     -computing joint association tests...done (0ms) 
 set [1626/1714] : UBE3D - 77371 variants...
     -reading in genotypes, computing gene-based tests and building masks...done (99118ms) 
     -computing association tests...done (55ms) 
     -computing joint association tests...done (0ms) 
 set [1627/1714] : UBQLN1P1 - 2700 variants...
     -reading in genotypes, computing gene-based tests and building masks...done (8992ms) 
     -computing association tests...done (51ms) 
     -computing joint association tests...done (0ms) 
 set [1628/1714] : UBR2 - 56241 variants...
     -reading in genotypes, computing gene-based tests and building masks...done (70904ms) 
     -computing association tests...done (33ms) 
     -computing joint association tests...done (0ms) 
 set [1629/1714] : UFL1 - 17194 variants...
     -reading in genotypes, computing gene-based tests and building masks...done (22459ms) 
     -computing association tests...done (24ms) 
     -computing joint association tests...done (0ms) 
 set [1630/1714] : UFL1-AS1 - 125111 variants...
     -reading in genotypes, computing gene-based tests and building masks...done (203308ms) 
     -computing association tests...done (61ms) 
     -computing joint association tests...done (0ms) 
 set [1631/1714] : ULBP1 - 10320 variants...
     -reading in genotypes, computing gene-based tests and building masks...done (10296ms) 
     -computing association tests...done (51ms) 
     -computing joint association tests...done (0ms) 
 set [1632/1714] : ULBP2 - 8955 variants...
     -reading in genotypes, computing gene-based tests and building masks...done (9353ms) 
     -computing association tests...done (52ms) 
     -computing joint association tests...done (0ms) 
 set [1633/1714] : ULBP3 - 8244 variants...
     -reading in genotypes, computing gene-based tests and building masks...done (9094ms) 
     -computing association tests...done (39ms) 
     -computing joint association tests...done (0ms) 
 set [1634/1714] : UNC5CL - 7787 variants...
     -reading in genotypes, computing gene-based tests and building masks...done (12109ms) 
     -computing association tests...done (50ms) 
     -computing joint association tests...done (0ms) 
 set [1635/1714] : UNC93A - 24298 variants...
     -reading in genotypes, computing gene-based tests and building masks...done (27542ms) 
     -computing association tests...done (53ms) 
     -computing joint association tests...done (0ms) 
 set [1636/1714] : UQCC2 - 7913 variants...
     -reading in genotypes, computing gene-based tests and building masks...done (9497ms) 
     -computing association tests...done (15ms) 
     -computing joint association tests...done (0ms) 
 set [1637/1714] : UQCRFS1P3 - 157 variants...
     -reading in genotypes, computing gene-based tests and building masks...done (373ms) 
     -computing association tests...done (1ms) 
     -computing joint association tests...done (0ms) 
 set [1638/1714] : USP45 - 37517 variants...
     -reading in genotypes, computing gene-based tests and building masks...done (41957ms) 
     -computing association tests...done (57ms) 
     -computing joint association tests...done (14ms) 
 set [1639/1714] : USP49 - 42273 variants...
     -reading in genotypes, computing gene-based tests and building masks...done (48177ms) 
     -computing association tests...done (22ms) 
     -computing joint association tests...done (1ms) 
 set [1640/1714] : USP8P1 - 591 variants...
     -reading in genotypes, computing gene-based tests and building masks...done (932ms) 
     -computing association tests...done (76ms) 
     -computing joint association tests...done (0ms) 
 set [1641/1714] : UST - 138066 variants...
     -reading in genotypes, computing gene-based tests and building masks...done (265226ms) 
     -computing association tests...done (51ms) 
     -computing joint association tests...done (0ms) 
 set [1642/1714] : UTRN - 232167 variants...
     -reading in genotypes, computing gene-based tests and building masks...done (615363ms) 
     -computing association tests...done (50ms) 
     -computing joint association tests...done (0ms) 
 set [1643/1714] : VARS1 - 10179 variants...
     -reading in genotypes, computing gene-based tests and building masks...done (10625ms) 
     -computing association tests...done (50ms) 
     -computing joint association tests...done (0ms) 
 set [1644/1714] : VARS2 - 2802 variants...
     -reading in genotypes, computing gene-based tests and building masks...done (12751ms) 
     -computing association tests...done (13ms) 
     -computing joint association tests...done (0ms) 
 set [1645/1714] : VEGFA - 11680 variants...
     -reading in genotypes, computing gene-based tests and building masks...done (14011ms) 
     -computing association tests...done (32ms) 
     -computing joint association tests...done (0ms) 
 set [1646/1714] : VGLL2 - 7943 variants...
     -reading in genotypes, computing gene-based tests and building masks...done (10459ms) 
     -computing association tests...done (35ms) 
     -computing joint association tests...done (0ms) 
 set [1647/1714] : VIP - 7449 variants...
     -reading in genotypes, computing gene-based tests and building masks...done (8312ms) 
     -computing association tests...done (16ms) 
     -computing joint association tests...done (0ms) 
 set [1648/1714] : VN1R10P - 4455 variants...
     -reading in genotypes, computing gene-based tests and building masks...done (10657ms) 
     -computing association tests...done (28ms) 
     -computing joint association tests...done (0ms) 
 set [1649/1714] : VN1R11P - 3041 variants...
     -reading in genotypes, computing gene-based tests and building masks...done (3625ms) 
     -computing association tests...done (46ms) 
     -computing joint association tests...done (0ms) 
 set [1650/1714] : VN1R12P - 292 variants...
     -reading in genotypes, computing gene-based tests and building masks...done (1558ms) 
     -computing association tests...done (12ms) 
     -computing joint association tests...done (0ms) 
 set [1651/1714] : VN1R13P - 297 variants...
     -reading in genotypes, computing gene-based tests and building masks...done (541ms) 
     -computing association tests...done (49ms) 
     -computing joint association tests...done (0ms) 
 set [1652/1714] : VNN1 - 18718 variants...
     -reading in genotypes, computing gene-based tests and building masks...done (23562ms) 
     -computing association tests...done (25ms) 
     -computing joint association tests...done (0ms) 
 set [1653/1714] : VNN2 - 12241 variants...
     -reading in genotypes, computing gene-based tests and building masks...done (14781ms) 
     -computing association tests...done (120ms) 
     -computing joint association tests...done (0ms) 
 set [1654/1714] : VNN3P - 8135 variants...
     -reading in genotypes, computing gene-based tests and building masks...done (8525ms) 
     -computing association tests...done (51ms) 
     -computing joint association tests...done (0ms) 
 set [1655/1714] : VPS52 - 11309 variants...
     -reading in genotypes, computing gene-based tests and building masks...done (17788ms) 
     -computing association tests...done (22ms) 
     -computing joint association tests...done (0ms) 
 set [1656/1714] : VTA1 - 37955 variants...
     -reading in genotypes, computing gene-based tests and building masks...done (44017ms) 
     -computing association tests...done (28ms) 
     -computing joint association tests...done (0ms) 
 set [1657/1714] : VTA1P1 - 2470 variants...
     -reading in genotypes, computing gene-based tests and building masks...done (11353ms) 
     -computing association tests...done (9ms) 
     -computing joint association tests...done (0ms) 
 set [1658/1714] : VWA7 - 4824 variants...
     -reading in genotypes, computing gene-based tests and building masks...done (9889ms) 
     -computing association tests...done (57ms) 
     -computing joint association tests...done (0ms) 
 set [1659/1714] : WAKMAR2 - 20860 variants...
     -reading in genotypes, computing gene-based tests and building masks...done (33370ms) 
     -computing association tests...done (98ms) 
     -computing joint association tests...done (0ms) 
 set [1660/1714] : WASF1 - 37606 variants...
     -reading in genotypes, computing gene-based tests and building masks...done (54961ms) 
     -computing association tests...done (33ms) 
     -computing joint association tests...done (0ms) 
 set [1661/1714] : WASF5P - 556 variants...
     -reading in genotypes, computing gene-based tests and building masks...done (1090ms) 
     -computing association tests...done (57ms) 
     -computing joint association tests...done (0ms) 
 set [1662/1714] : WBP1LP12 - 16021 variants...
     -reading in genotypes, computing gene-based tests and building masks...done (175713ms) 
     -computing association tests...done (33ms) 
     -computing joint association tests...done (0ms) 
 set [1663/1714] : WBP1LP8 - 272 variants...
     -reading in genotypes, computing gene-based tests and building masks...done (6959ms) 
     -computing association tests...done (10ms) 
     -computing joint association tests...done (0ms) 
 set [1664/1714] : WDR27 - 105311 variants...
     -reading in genotypes, computing gene-based tests and building masks...done (223045ms) 
     -computing association tests...done (96ms) 
     -computing joint association tests...done (0ms) 
 set [1665/1714] : WDR46 - 5720 variants...
     -reading in genotypes, computing gene-based tests and building masks...done (7620ms) 
     -computing association tests...done (95ms) 
     -computing joint association tests...done (0ms) 
 set [1666/1714] : WRNIP1 - 18652 variants...
     -reading in genotypes, computing gene-based tests and building masks...done (24734ms) 
     -computing association tests...done (78ms) 
     -computing joint association tests...done (0ms) 
 set [1667/1714] : WTAP - 16601 variants...
     -reading in genotypes, computing gene-based tests and building masks...done (32756ms) 
     -computing association tests...done (43ms) 
     -computing joint association tests...done (0ms) 
 set [1668/1714] : WTAPP2 - 670 variants...
     -reading in genotypes, computing gene-based tests and building masks...done (2286ms) 
     -computing association tests...done (12ms) 
     -computing joint association tests...done (0ms) 
 set [1669/1714] : XPO5 - 25397 variants...
     -reading in genotypes, computing gene-based tests and building masks...done (49167ms) 
     -computing association tests...done (106ms) 
     -computing joint association tests...done (0ms) 
 set [1670/1714] : YAP1P1 - 625 variants...
     -reading in genotypes, computing gene-based tests and building masks...done (1033ms) 
     -computing association tests...done (12ms) 
     -computing joint association tests...done (0ms) 
 set [1671/1714] : YAP1P3 - 372 variants...
     -reading in genotypes, computing gene-based tests and building masks...done (711ms) 
     -computing association tests...done (1ms) 
     -computing joint association tests...done (0ms) 
 set [1672/1714] : Y_RNA - 39032 variants...
     -reading in genotypes, computing gene-based tests and building masks...done (80657ms) 
     -computing association tests...done (23ms) 
     -computing joint association tests...done (0ms) 
 set [1673/1714] : YWHAZP4 - 435 variants...
     -reading in genotypes, computing gene-based tests and building masks...done (6673ms) 
     -computing association tests...done (31ms) 
     -computing joint association tests...done (0ms) 
 set [1674/1714] : ZBED9-AS1 - 1899 variants...
     -reading in genotypes, computing gene-based tests and building masks...done (7842ms) 
     -computing association tests...done (53ms) 
     -computing joint association tests...done (0ms) 
 set [1675/1714] : ZBTB12 - 6202 variants...
     -reading in genotypes, computing gene-based tests and building masks...done (8100ms) 
     -computing association tests...done (26ms) 
     -computing joint association tests...done (13ms) 
 set [1676/1714] : ZBTB22 - 6086 variants...
     -reading in genotypes, computing gene-based tests and building masks...done (7815ms) 
     -computing association tests...done (83ms) 
     -computing joint association tests...done (0ms) 
 set [1677/1714] : ZBTB24 - 12586 variants...
     -reading in genotypes, computing gene-based tests and building masks...done (15940ms) 
     -computing association tests...done (91ms) 
     -computing joint association tests...done (0ms) 
 set [1678/1714] : ZBTB2 - 19095 variants...
     -reading in genotypes, computing gene-based tests and building masks...done (34080ms) 
     -computing association tests...done (90ms) 
     -computing joint association tests...done (0ms) 
 set [1679/1714] : ZBTB9 - 5404 variants...
     -reading in genotypes, computing gene-based tests and building masks...done (23833ms) 
     -computing association tests...done (19ms) 
     -computing joint association tests...done (0ms) 
 set [1680/1714] : ZC2HC1B - 32008 variants...
     -reading in genotypes, computing gene-based tests and building masks...done (48758ms) 
     -computing association tests...done (72ms) 
     -computing joint association tests...done (0ms) 
 set [1681/1714] : ZC3H11C - 7205 variants...
     -reading in genotypes, computing gene-based tests and building masks...done (9055ms) 
     -computing association tests...done (71ms) 
     -computing joint association tests...done (0ms) 
 set [1682/1714] : ZC3H12D - 20261 variants...
     -reading in genotypes, computing gene-based tests and building masks...done (24122ms) 
     -computing association tests...done (39ms) 
     -computing joint association tests...done (0ms) 
 set [1683/1714] : ZDHHC14 - 129519 variants...
     -reading in genotypes, computing gene-based tests and building masks...done (258186ms) 
     -computing association tests...done (27ms) 
     -computing joint association tests...done (0ms) 
 set [1684/1714] : ZDHHC20P2 - 144 variants...
     -reading in genotypes, computing gene-based tests and building masks...done (3683ms) 
     -computing association tests...done (59ms) 
     -computing joint association tests...done (0ms) 
 set [1685/1714] : ZFAND3 - 153905 variants...
     -reading in genotypes, computing gene-based tests and building masks...done (383739ms) 
     -computing association tests...done (68ms) 
     -computing joint association tests...done (0ms) 
 set [1686/1714] : ZFAND3-DT - 4216 variants...
     -reading in genotypes, computing gene-based tests and building masks...done (9235ms) 
     -computing association tests...done (51ms) 
     -computing joint association tests...done (0ms) 
 set [1687/1714] : ZFP57 - 4019 variants...
     -reading in genotypes, computing gene-based tests and building masks...done (8993ms) 
     -computing association tests...done (13ms) 
     -computing joint association tests...done (0ms) 
 set [1688/1714] : ZKSCAN3 - 10705 variants...
     -reading in genotypes, computing gene-based tests and building masks...done (15246ms) 
     -computing association tests...done (70ms) 
     -computing joint association tests...done (0ms) 
 set [1689/1714] : ZKSCAN4 - 7015 variants...
     -reading in genotypes, computing gene-based tests and building masks...done (13010ms) 
     -computing association tests...done (61ms) 
     -computing joint association tests...done (0ms) 
 set [1690/1714] : ZKSCAN8 - 10061 variants...
     -reading in genotypes, computing gene-based tests and building masks...done (14925ms) 
     -computing association tests...done (63ms) 
     -computing joint association tests...done (0ms) 
 set [1691/1714] : ZKSCAN8P1 - 3525 variants...
     -reading in genotypes, computing gene-based tests and building masks...done (4356ms) 
     -computing association tests...done (34ms) 
     -computing joint association tests...done (0ms) 
 set [1692/1714] : ZKSCAN8P2 - 4231 variants...
     -reading in genotypes, computing gene-based tests and building masks...done (4080ms) 
     -computing association tests...done (8ms) 
     -computing joint association tests...done (0ms) 
 set [1693/1714] : ZNF165 - 6769 variants...
     -reading in genotypes, computing gene-based tests and building masks...done (7244ms) 
     -computing association tests...done (85ms) 
     -computing joint association tests...done (0ms) 
 set [1694/1714] : ZNF184 - 12383 variants...
     -reading in genotypes, computing gene-based tests and building masks...done (12523ms) 
     -computing association tests...done (63ms) 
     -computing joint association tests...done (0ms) 
 set [1695/1714] : ZNF204P - 566 variants...
     -reading in genotypes, computing gene-based tests and building masks...done (819ms) 
     -computing association tests...done (9ms) 
     -computing joint association tests...done (0ms) 
 set [1696/1714] : ZNF292 - 51287 variants...
     -reading in genotypes, computing gene-based tests and building masks...done (71119ms) 
     -computing association tests...done (69ms) 
     -computing joint association tests...done (0ms) 
 set [1697/1714] : ZNF311 - 7991 variants...
     -reading in genotypes, computing gene-based tests and building masks...done (8664ms) 
     -computing association tests...done (23ms) 
     -computing joint association tests...done (0ms) 
 set [1698/1714] : ZNF318 - 22046 variants...
     -reading in genotypes, computing gene-based tests and building masks...done (22260ms) 
     -computing association tests...done (64ms) 
     -computing joint association tests...done (0ms) 
 set [1699/1714] : ZNF322 - 13381 variants...
     -reading in genotypes, computing gene-based tests and building masks...done (20438ms) 
     -computing association tests...done (20ms) 
     -computing joint association tests...done (0ms) 
 set [1700/1714] : ZNF391 - 10494 variants...
     -reading in genotypes, computing gene-based tests and building masks...done (11163ms) 
     -computing association tests...done (31ms) 
     -computing joint association tests...done (0ms) 
 set [1701/1714] : ZNF451 - 36848 variants...
     -reading in genotypes, computing gene-based tests and building masks...done (47547ms) 
     -computing association tests...done (93ms) 
     -computing joint association tests...done (0ms) 
 set [1702/1714] : ZNF603P - 2286 variants...
     -reading in genotypes, computing gene-based tests and building masks...done (3294ms) 
     -computing association tests...done (9ms) 
     -computing joint association tests...done (0ms) 
 set [1703/1714] : ZNF70P1 - 401 variants...
     -reading in genotypes, computing gene-based tests and building masks...done (648ms) 
     -computing association tests...done (11ms) 
     -computing joint association tests...done (0ms) 
 set [1704/1714] : ZNF76 - 17480 variants...
     -reading in genotypes, computing gene-based tests and building masks...done (17105ms) 
     -computing association tests...done (34ms) 
     -computing joint association tests...done (0ms) 
 set [1705/1714] : ZNF90P2 - 4770 variants...
     -reading in genotypes, computing gene-based tests and building masks...done (13666ms) 
     -computing association tests...done (21ms) 
     -computing joint association tests...done (0ms) 
 set [1706/1714] : ZPR1P1 - 605 variants...
     -reading in genotypes, computing gene-based tests and building masks...done (4591ms) 
     -computing association tests...done (14ms) 
     -computing joint association tests...done (0ms) 
 set [1707/1714] : ZSCAN12 - 9229 variants...
     -reading in genotypes, computing gene-based tests and building masks...done (10253ms) 
     -computing association tests...done (127ms) 
     -computing joint association tests...done (0ms) 
 set [1708/1714] : ZSCAN16 - 5242 variants...
     -reading in genotypes, computing gene-based tests and building masks...done (6840ms) 
     -computing association tests...done (15ms) 
     -computing joint association tests...done (0ms) 
 set [1709/1714] : ZSCAN16-AS1 - 28776 variants...
     -reading in genotypes, computing gene-based tests and building masks...done (33540ms) 
     -computing association tests...done (18ms) 
     -computing joint association tests...done (0ms) 
 set [1710/1714] : ZSCAN23 - 7808 variants...
     -reading in genotypes, computing gene-based tests and building masks...done (9535ms) 
     -computing association tests...done (15ms) 
     -computing joint association tests...done (0ms) 
 set [1711/1714] : ZSCAN26 - 3609 variants...
     -reading in genotypes, computing gene-based tests and building masks...done (4621ms) 
     -computing association tests...done (70ms) 
     -computing joint association tests...done (0ms) 
 set [1712/1714] : ZSCAN31 - 8360 variants...
     -reading in genotypes, computing gene-based tests and building masks...done (10075ms) 
     -computing association tests...done (105ms) 
     -computing joint association tests...done (0ms) 
 set [1713/1714] : ZSCAN9 - 6885 variants...
     -reading in genotypes, computing gene-based tests and building masks...done (8968ms) 
     -computing association tests...done (65ms) 
     -computing joint association tests...done (0ms) 
 set [1714/1714] : ZUP1 - 15912 variants...
     -reading in genotypes, computing gene-based tests and building masks...done (18931ms) 
     -computing association tests...done (66ms) 
     -computing joint association tests...done (0ms) 

Association results stored separately for each trait in files : 
* [/share/home/lsy_luzhen/WGS_GWAS_and_MR/tmp_ssh_data/GWAS_european/gene_based/testing_results/step2_gb_euro_cin3plus_chr6_CIN3plus.regenie]

Number of tests with Firth correction : 2401
Number of failed tests : (0/2401)
Number of ignored tests due to low MAC : 0

Elapsed time : 112455s
End time: Sun Sep  7 03:45:01 2025

--------done
end at:
Sun Sep  7 03:46:14 CST 2025
