start at:
Thu Dec 18 22:17:36 CST 2025
This directory already exists.
regenie version:
v4.1.gz
--------start
32311 /share/home/lsy_luzhen/WGS_GWAS_and_MR/tmp_ssh_data/GWAS_european/gene_based/set_list_unique_filtered.txt
32310 /share/home/lsy_luzhen/WGS_GWAS_and_MR/tmp_ssh_data/GWAS_european/gene_based/set_list_chr9_no_BMS1P14.txt
1 /share/home/lsy_luzhen/WGS_GWAS_and_MR/tmp_ssh_data/GWAS_european/gene_based/set_list_chr9_only_BMS1P14.txt
Start time: Thu Dec 18 22:19:13 2025

              |===========================|
              |      REGENIE v4.1.gz      |
              |===========================|

Copyright (c) 2020-2024 Joelle Mbatchou, Andrey Ziyatdinov and Jonathan Marchini.
Distributed under the MIT License.
Compiled with Boost Iostream library.
Using Intel MKL with Eigen.

Log of output saved in file : /share/home/lsy_luzhen/WGS_GWAS_and_MR/tmp_ssh_data/GWAS_european/gene_based/testing_results/step2_gb_euro_cin3plus_chr9_no_BMS1P14.log

Options in effect:
  --step 2 \
  --pgen /share/home/lsy_luzhen/WGS_GWAS_and_MR/tmp_ssh_data/GWAS_european/gene_based/EuroPrePCA_ref38_rsID \
  --chr 9 \
  --phenoFile /share/home/lsy_luzhen/WGS_GWAS_and_MR/tmp_ssh_data/GWAS_european/T002_CIN3plus_phenotype.txt \
  --bt \
  --covarFile /share/home/lsy_luzhen/WGS_GWAS_and_MR/tmp_ssh_data/GWAS_european/T002_CIN3plus_covars.txt \
  --catCovarList Smoking_status,Alcohol_intake_frequency,Genotype_measurement_batch \
  --strict \
  --bsize 1000 \
  --firth \
  --approx \
  --threads 4 \
  --pred /share/home/lsy_luzhen/WGS_GWAS_and_MR/tmp_ssh_data/GWAS_european/step1/regenie_step1_euro_cin3plus_pred.list \
  --use-null-firth /share/home/lsy_luzhen/WGS_GWAS_and_MR/tmp_ssh_data/GWAS_european/step1/regenie_step1_euro_cin3plus_firth.list \
  --anno-file /share/home/lsy_luzhen/WGS_GWAS_and_MR/tmp_ssh_data/GWAS_european/gene_based/anno_file_unique_filtered.txt \
  --set-list /share/home/lsy_luzhen/WGS_GWAS_and_MR/tmp_ssh_data/GWAS_european/gene_based/set_list_chr9_no_BMS1P14.txt \
  --mask-def /share/home/lsy_luzhen/WGS_GWAS_and_MR/tmp_ssh_data/GWAS_european/gene_based/mask_file.txt \
  --aaf-bins 0.001,0.01,0.05,0.1 \
  --vc-MACthr 10 \
  --joint acat,sbat \
  --vc-tests skato,acato-full \
  --rgc-gene-p \
  --out /share/home/lsy_luzhen/WGS_GWAS_and_MR/tmp_ssh_data/GWAS_european/gene_based/testing_results/step2_gb_euro_cin3plus_chr9_no_BMS1P14

Association testing mode (joint tests) with fast multithreading using OpenMP
 * pvar             : [/share/home/lsy_luzhen/WGS_GWAS_and_MR/tmp_ssh_data/GWAS_european/gene_based/EuroPrePCA_ref38_rsID.pvar] n_snps = 1400147917
 * psam             : [/share/home/lsy_luzhen/WGS_GWAS_and_MR/tmp_ssh_data/GWAS_european/gene_based/EuroPrePCA_ref38_rsID.psam] n_samples = 202952
 * pgen             : [/share/home/lsy_luzhen/WGS_GWAS_and_MR/tmp_ssh_data/GWAS_european/gene_based/EuroPrePCA_ref38_rsID.pgen] 
 * phenotypes       : [/share/home/lsy_luzhen/WGS_GWAS_and_MR/tmp_ssh_data/GWAS_european/T002_CIN3plus_phenotype.txt] n_pheno = 1
   -dropping observations with missing values at any of the phenotypes
   -number of phenotyped individuals with no missing data = 202952
 * covariates       : [/share/home/lsy_luzhen/WGS_GWAS_and_MR/tmp_ssh_data/GWAS_european/T002_CIN3plus_covars.txt] n_cov = 26
   -number of individuals with covariate data = 202952
 * number of individuals used in analysis = 202952
 * case-control counts for each trait:
   - 'CIN3plus': 5544 cases and 197408 controls
 * LOCO predictions : [/share/home/lsy_luzhen/WGS_GWAS_and_MR/tmp_ssh_data/GWAS_european/step1/regenie_step1_euro_cin3plus_pred.list]
   -file [/share/home/lsy_luzhen/WGS_GWAS_and_MR/tmp_ssh_data/GWAS_european/step1/regenie_step1_euro_cin3plus_1.loco] for phenotype 'CIN3plus'
 * annotations      : [/share/home/lsy_luzhen/WGS_GWAS_and_MR/tmp_ssh_data/GWAS_european/gene_based/anno_file_unique_filtered.txt] 
   +number of annotations categories = 6
 * masks            : [/share/home/lsy_luzhen/WGS_GWAS_and_MR/tmp_ssh_data/GWAS_european/gene_based/mask_file.txt] n_masks = 7
 * aaf cutoffs      : [ 4 : 0.001 0.01 0.05 0.1 ] + singletons
 * set file         : [/share/home/lsy_luzhen/WGS_GWAS_and_MR/tmp_ssh_data/GWAS_european/gene_based/set_list_chr9_no_BMS1P14.txt] n_sets = 1259
WARNING: Detected 18 sets with variants not in genetic data or annotation files.
 * # threads        : [4]
 * # tested sets    : [1259]
 * max block size   : [1000]
 * rule used to build masks : max
 * computing gene-based tests for each set of variants included in a mask (rho=[0,0.01,0.04,0.09,0.16,0.25,0.5,1])
  -variants with MAC <= 10 are collapsed into a mask
  -weights are obtained from Beta(MAF,1,25)
  -list of gene-based tests run: ACATO,ACATV,SKATO,SKATO-ACAT
 * applying ACAT to output overall gene p-value
 * approximate memory usage : 30118GB
 * using minimum MAC of 5 (masks with lower MAC are ignored)
 * using fast Firth correction for logistic/cox regression p-values less than 0.05
 * user specified to test only on select chromosomes
WARNING: Joint SBAT test only for QTs.
 * number of mask groups run through gene-p strategy = 2
 * list of joint tests run on burden masks: ACAT

Chromosome 9 [1259 sets in total]
   -reading loco predictions for the chromosome...done (220ms) 
   -fitting null logistic regression on binary phenotypes...done (354ms) 
   -fitting null Firth logistic regression on binary phenotypes...done (2023ms) 
 set [1/1259] : ABCA1 - 66467 variants...
     -reading in genotypes, computing gene-based tests and building masks...done (166070ms) 
     -computing association tests...done (71ms) 
     -computing joint association tests...done (0ms) 
 set [2/1259] : ABCA2 - 12147 variants...
     -reading in genotypes, computing gene-based tests and building masks...done (16578ms) 
     -computing association tests...done (46ms) 
     -computing joint association tests...done (0ms) 
 set [3/1259] : ABHD17B - 21859 variants...
     -reading in genotypes, computing gene-based tests and building masks...done (29110ms) 
     -computing association tests...done (57ms) 
     -computing joint association tests...done (0ms) 
 set [4/1259] : ABITRAM - 2661 variants...
     -reading in genotypes, computing gene-based tests and building masks...done (4929ms) 
     -computing association tests...done (25ms) 
     -computing joint association tests...done (0ms) 
 set [5/1259] : ABL1 - 49670 variants...
     -reading in genotypes, computing gene-based tests and building masks...done (83326ms) 
     -computing association tests...done (40ms) 
     -computing joint association tests...done (0ms) 
 set [6/1259] : ABO - 28801 variants...
     -reading in genotypes, computing gene-based tests and building masks...done (40705ms) 
     -computing association tests...done (86ms) 
     -computing joint association tests...done (0ms) 
 set [7/1259] : ACER2 - 28130 variants...
     -reading in genotypes, computing gene-based tests and building masks...done (41373ms) 
     -computing association tests...done (101ms) 
     -computing joint association tests...done (0ms) 
 set [8/1259] : ACNATP - 4476 variants...
     -reading in genotypes, computing gene-based tests and building masks...done (7435ms) 
     -computing association tests...done (20ms) 
     -computing joint association tests...done (0ms) 
 set [9/1259] : ACO1 - 32428 variants...
     -reading in genotypes, computing gene-based tests and building masks...done (44618ms) 
     -computing association tests...done (66ms) 
     -computing joint association tests...done (0ms) 
 set [10/1259] : ACTG1P19 - 4530 variants...
     -reading in genotypes, computing gene-based tests and building masks...done (5760ms) 
     -computing association tests...done (15ms) 
     -computing joint association tests...done (0ms) 
 set [11/1259] : ACTL7A - 2090 variants...
     -reading in genotypes, computing gene-based tests and building masks...done (3657ms) 
     -computing association tests...done (47ms) 
     -computing joint association tests...done (0ms) 
 set [12/1259] : ACTL7B - 3094 variants...
     -reading in genotypes, computing gene-based tests and building masks...done (4750ms) 
     -computing association tests...done (54ms) 
     -computing joint association tests...done (0ms) 
 set [13/1259] : ADAMTS13 - 14711 variants...
     -reading in genotypes, computing gene-based tests and building masks...done (19357ms) 
     -computing association tests...done (67ms) 
     -computing joint association tests...done (0ms) 
 set [14/1259] : ADAMTSL1 - 515053 variants...
     -reading in genotypes, computing gene-based tests and building masks...done (5557470ms) 
     -computing association tests...done (52ms) 
     -computing joint association tests...done (0ms) 
 set [15/1259] : ADAMTSL2 - 29668 variants...
     -reading in genotypes, computing gene-based tests and building masks...done (57909ms) 
     -computing association tests...done (48ms) 
     -computing joint association tests...done (0ms) 
 set [16/1259] : ADGRD2 - 13292 variants...
     -reading in genotypes, computing gene-based tests and building masks...done (17137ms) 
     -computing association tests...done (33ms) 
     -computing joint association tests...done (0ms) 
 set [17/1259] : ADGRF5P1 - 554 variants...
     -reading in genotypes, computing gene-based tests and building masks...done (1007ms) 
     -computing association tests...done (10ms) 
     -computing joint association tests...done (0ms) 
 set [18/1259] : ADGRF5P2 - 11088 variants...
     -reading in genotypes, computing gene-based tests and building masks...done (15001ms) 
     -computing association tests...done (18ms) 
     -computing joint association tests...done (0ms) 
 set [19/1259] : ADIPINT - 11255 variants...
     -reading in genotypes, computing gene-based tests and building masks...done (15601ms) 
     -computing association tests...done (20ms) 
     -computing joint association tests...done (0ms) 
 set [20/1259] : AGPAT2 - 10006 variants...
     -reading in genotypes, computing gene-based tests and building masks...done (14435ms) 
     -computing association tests...done (116ms) 
     -computing joint association tests...done (0ms) 
 set [21/1259] : AGTPBP1 - 81885 variants...
     -reading in genotypes, computing gene-based tests and building masks...done (154242ms) 
     -computing association tests...done (38ms) 
     -computing joint association tests...done (0ms) 
 set [22/1259] : AHCYP2 - 855 variants...
     -reading in genotypes, computing gene-based tests and building masks...done (1378ms) 
     -computing association tests...done (10ms) 
     -computing joint association tests...done (0ms) 
 set [23/1259] : AIF1L - 16662 variants...
     -reading in genotypes, computing gene-based tests and building masks...done (23410ms) 
     -computing association tests...done (51ms) 
     -computing joint association tests...done (0ms) 
 set [24/1259] : AJM1 - 4152 variants...
     -reading in genotypes, computing gene-based tests and building masks...done (5585ms) 
     -computing association tests...done (16ms) 
     -computing joint association tests...done (0ms) 
 set [25/1259] : AK1 - 14774 variants...
     -reading in genotypes, computing gene-based tests and building masks...done (21349ms) 
     -computing association tests...done (29ms) 
     -computing joint association tests...done (0ms) 
 set [26/1259] : AK3 - 25102 variants...
     -reading in genotypes, computing gene-based tests and building masks...done (39217ms) 
     -computing association tests...done (29ms) 
     -computing joint association tests...done (0ms) 
 set [27/1259] : AK4P4 - 2605 variants...
     -reading in genotypes, computing gene-based tests and building masks...done (3298ms) 
     -computing association tests...done (40ms) 
     -computing joint association tests...done (0ms) 
 set [28/1259] : AK8 - 71103 variants...
     -reading in genotypes, computing gene-based tests and building masks...done (146821ms) 
     -computing association tests...done (40ms) 
     -computing joint association tests...done (0ms) 
 set [29/1259] : AKAP8P1 - 934 variants...
     -reading in genotypes, computing gene-based tests and building masks...done (1573ms) 
     -computing association tests...done (56ms) 
     -computing joint association tests...done (0ms) 
 set [30/1259] : AKNA - 23447 variants...
     -reading in genotypes, computing gene-based tests and building masks...done (31662ms) 
     -computing association tests...done (87ms) 
     -computing joint association tests...done (0ms) 
 set [31/1259] : ALAD - 9889 variants...
     -reading in genotypes, computing gene-based tests and building masks...done (13206ms) 
     -computing association tests...done (30ms) 
     -computing joint association tests...done (0ms) 
 set [32/1259] : ALDH1A1 - 68394 variants...
     -reading in genotypes, computing gene-based tests and building masks...done (113238ms) 
     -computing association tests...done (81ms) 
     -computing joint association tests...done (0ms) 
 set [33/1259] : ALDH1B1 - 6587 variants...
     -reading in genotypes, computing gene-based tests and building masks...done (9146ms) 
     -computing association tests...done (41ms) 
     -computing joint association tests...done (0ms) 
 set [34/1259] : ALDOB - 12088 variants...
     -reading in genotypes, computing gene-based tests and building masks...done (16738ms) 
     -computing association tests...done (126ms) 
     -computing joint association tests...done (0ms) 
 set [35/1259] : ALG2 - 4636 variants...
     -reading in genotypes, computing gene-based tests and building masks...done (7297ms) 
     -computing association tests...done (89ms) 
     -computing joint association tests...done (0ms) 
 set [36/1259] : ALOX15P2 - 5527 variants...
     -reading in genotypes, computing gene-based tests and building masks...done (8436ms) 
     -computing association tests...done (65ms) 
     -computing joint association tests...done (0ms) 
 set [37/1259] : AMBP - 9477 variants...
     -reading in genotypes, computing gene-based tests and building masks...done (12484ms) 
     -computing association tests...done (25ms) 
     -computing joint association tests...done (0ms) 
 set [38/1259] : ANAPC2 - 8278 variants...
     -reading in genotypes, computing gene-based tests and building masks...done (11743ms) 
     -computing association tests...done (28ms) 
     -computing joint association tests...done (0ms) 
 set [39/1259] : ANGPTL2 - 1428 variants...
     -reading in genotypes, computing gene-based tests and building masks...done (3663ms) 
     -computing association tests...done (94ms) 
     -computing joint association tests...done (0ms) 
 set [40/1259] : ANKRD18A - 29765 variants...
     -reading in genotypes, computing gene-based tests and building masks...done (40509ms) 
     -computing association tests...done (67ms) 
     -computing joint association tests...done (0ms) 
 set [41/1259] : ANKRD18B - 23602 variants...
     -reading in genotypes, computing gene-based tests and building masks...done (30212ms) 
     -computing association tests...done (62ms) 
     -computing joint association tests...done (0ms) 
 set [42/1259] : ANKRD18CP - 26081 variants...
     -reading in genotypes, computing gene-based tests and building masks...done (32204ms) 
     -computing association tests...done (76ms) 
     -computing joint association tests...done (0ms) 
 set [43/1259] : ANKRD19P - 14546 variants...
     -reading in genotypes, computing gene-based tests and building masks...done (18491ms) 
     -computing association tests...done (50ms) 
     -computing joint association tests...done (0ms) 
 set [44/1259] : ANKRD20A1 - 45300 variants...
     -reading in genotypes, computing gene-based tests and building masks...done (223046ms) 
     -computing association tests...done (75ms) 
     -computing joint association tests...done (0ms) 
 set [45/1259] : ANKRD20A2P - 39522 variants...
     -reading in genotypes, computing gene-based tests and building masks...done (487094ms) 
     -computing association tests...done (23ms) 
     -computing joint association tests...done (0ms) 
 set [46/1259] : ANKRD20A3P - 8628 variants...
     -reading in genotypes, computing gene-based tests and building masks...done (33772ms) 
     -computing association tests...done (49ms) 
     -computing joint association tests...done (0ms) 
 set [47/1259] : ANKRD20A4P - 16615 variants...
     -reading in genotypes, computing gene-based tests and building masks...done (28940ms) 
     -computing association tests...done (28ms) 
     -computing joint association tests...done (0ms) 
 set [48/1259] : ANKRD20A7P - 44883 variants...
     -reading in genotypes, computing gene-based tests and building masks...done (67102ms) 
     -computing association tests...done (72ms) 
     -computing joint association tests...done (0ms) 
 set [49/1259] : ANKS6 - 32068 variants...
     -reading in genotypes, computing gene-based tests and building masks...done (41665ms) 
     -computing association tests...done (26ms) 
     -computing joint association tests...done (0ms) 
 set [50/1259] : ANP32B - 20278 variants...
     -reading in genotypes, computing gene-based tests and building masks...done (29178ms) 
     -computing association tests...done (25ms) 
     -computing joint association tests...done (0ms) 
 set [51/1259] : ANXA1 - 11856 variants...
     -reading in genotypes, computing gene-based tests and building masks...done (14773ms) 
     -computing association tests...done (34ms) 
     -computing joint association tests...done (0ms) 
 set [52/1259] : ANXA2P2 - 744 variants...
     -reading in genotypes, computing gene-based tests and building masks...done (1176ms) 
     -computing association tests...done (9ms) 
     -computing joint association tests...done (0ms) 
 set [53/1259] : AOPEP - 150829 variants...
     -reading in genotypes, computing gene-based tests and building masks...done (418356ms) 
     -computing association tests...done (35ms) 
     -computing joint association tests...done (0ms) 
 set [54/1259] : APBA1 - 113412 variants...
     -reading in genotypes, computing gene-based tests and building masks...done (332939ms) 
     -computing association tests...done (112ms) 
     -computing joint association tests...done (0ms) 
 set [55/1259] : APTX - 41867 variants...
     -reading in genotypes, computing gene-based tests and building masks...done (60821ms) 
     -computing association tests...done (47ms) 
     -computing joint association tests...done (0ms) 
 set [56/1259] : AQP3 - 7255 variants...
     -reading in genotypes, computing gene-based tests and building masks...done (9881ms) 
     -computing association tests...done (23ms) 
     -computing joint association tests...done (0ms) 
 set [57/1259] : AQP7 - 14116 variants...
     -reading in genotypes, computing gene-based tests and building masks...done (17917ms) 
     -computing association tests...done (52ms) 
     -computing joint association tests...done (0ms) 
 set [58/1259] : AQP7P1 - 692 variants...
     -reading in genotypes, computing gene-based tests and building masks...done (1922ms) 
     -computing association tests...done (18ms) 
     -computing joint association tests...done (0ms) 
 set [59/1259] : AQP7P2 - 1152 variants...
     -reading in genotypes, computing gene-based tests and building masks...done (4328ms) 
     -computing association tests...done (14ms) 
     -computing joint association tests...done (0ms) 
 set [60/1259] : AQP7P3 - 18996 variants...
     -reading in genotypes, computing gene-based tests and building masks...done (381762ms) 
     -computing association tests...done (57ms) 
     -computing joint association tests...done (0ms) 
 set [61/1259] : AQP7P4 - 788 variants...
     -reading in genotypes, computing gene-based tests and building masks...done (4127ms) 
     -computing association tests...done (65ms) 
     -computing joint association tests...done (0ms) 
 set [62/1259] : AQP7P5 - 10729 variants...
     -reading in genotypes, computing gene-based tests and building masks...done (41556ms) 
     -computing association tests...done (63ms) 
     -computing joint association tests...done (0ms) 
 set [63/1259] : ARF4P1 - 5006 variants...
     -reading in genotypes, computing gene-based tests and building masks...done (6885ms) 
     -computing association tests...done (56ms) 
     -computing joint association tests...done (0ms) 
 set [64/1259] : ARHGEF39 - 6046 variants...
     -reading in genotypes, computing gene-based tests and building masks...done (8236ms) 
     -computing association tests...done (23ms) 
     -computing joint association tests...done (0ms) 
 set [65/1259] : ARID3C - 1816 variants...
     -reading in genotypes, computing gene-based tests and building masks...done (4371ms) 
     -computing association tests...done (80ms) 
     -computing joint association tests...done (0ms) 
 set [66/1259] : ARL2BPP7 - 4525 variants...
     -reading in genotypes, computing gene-based tests and building masks...done (5352ms) 
     -computing association tests...done (39ms) 
     -computing joint association tests...done (0ms) 
 set [67/1259] : ARPC5L - 2989 variants...
     -reading in genotypes, computing gene-based tests and building masks...done (4409ms) 
     -computing association tests...done (22ms) 
     -computing joint association tests...done (0ms) 
 set [68/1259] : ARRDC1 - 17316 variants...
     -reading in genotypes, computing gene-based tests and building masks...done (35816ms) 
     -computing association tests...done (85ms) 
     -computing joint association tests...done (0ms) 
 set [69/1259] : ASB6 - 5798 variants...
     -reading in genotypes, computing gene-based tests and building masks...done (12673ms) 
     -computing association tests...done (26ms) 
     -computing joint association tests...done (0ms) 
 set [70/1259] : ASS1 - 29117 variants...
     -reading in genotypes, computing gene-based tests and building masks...done (40450ms) 
     -computing association tests...done (26ms) 
     -computing joint association tests...done (0ms) 
 set [71/1259] : ASS1P12 - 2953 variants...
     -reading in genotypes, computing gene-based tests and building masks...done (3673ms) 
     -computing association tests...done (10ms) 
     -computing joint association tests...done (0ms) 
 set [72/1259] : ASS1P3 - 2943 variants...
     -reading in genotypes, computing gene-based tests and building masks...done (3688ms) 
     -computing association tests...done (14ms) 
     -computing joint association tests...done (0ms) 
 set [73/1259] : ASTN2 - 441295 variants...
     -reading in genotypes, computing gene-based tests and building masks...done (3645868ms) 
     -computing association tests...done (36ms) 
     -computing joint association tests...done (0ms) 
 set [74/1259] : ATOSB - 7519 variants...
     -reading in genotypes, computing gene-based tests and building masks...done (11334ms) 
     -computing association tests...done (27ms) 
     -computing joint association tests...done (0ms) 
 set [75/1259] : ATP5F1AP10 - 4847 variants...
     -reading in genotypes, computing gene-based tests and building masks...done (11795ms) 
     -computing association tests...done (15ms) 
     -computing joint association tests...done (0ms) 
 set [76/1259] : ATP5F1AP1 - 4731 variants...
     -reading in genotypes, computing gene-based tests and building masks...done (6186ms) 
     -computing association tests...done (15ms) 
     -computing joint association tests...done (0ms) 
 set [77/1259] : ATP5F1AP7 - 5272 variants...
     -reading in genotypes, computing gene-based tests and building masks...done (26346ms) 
     -computing association tests...done (13ms) 
     -computing joint association tests...done (0ms) 
 set [78/1259] : ATP5F1AP8 - 5543 variants...
     -reading in genotypes, computing gene-based tests and building masks...done (28761ms) 
     -computing association tests...done (41ms) 
     -computing joint association tests...done (0ms) 
 set [79/1259] : ATP5MFP3 - 129 variants...
     -reading in genotypes, computing gene-based tests and building masks...done (675ms) 
     -computing association tests...done (49ms) 
     -computing joint association tests...done (0ms) 
 set [80/1259] : ATP5PDP2 - 6322 variants...
     -reading in genotypes, computing gene-based tests and building masks...done (8262ms) 
     -computing association tests...done (16ms) 
     -computing joint association tests...done (0ms) 
 set [81/1259] : ATP5PDP3 - 4920 variants...
     -reading in genotypes, computing gene-based tests and building masks...done (5949ms) 
     -computing association tests...done (13ms) 
     -computing joint association tests...done (0ms) 
 set [82/1259] : ATP6V1G1 - 9489 variants...
     -reading in genotypes, computing gene-based tests and building masks...done (13204ms) 
     -computing association tests...done (56ms) 
     -computing joint association tests...done (0ms) 
 set [83/1259] : ATP6V1G1P3 - 5917 variants...
     -reading in genotypes, computing gene-based tests and building masks...done (8502ms) 
     -computing association tests...done (54ms) 
     -computing joint association tests...done (0ms) 
 set [84/1259] : ATP8B5P - 27830 variants...
     -reading in genotypes, computing gene-based tests and building masks...done (38647ms) 
     -computing association tests...done (27ms) 
     -computing joint association tests...done (0ms) 
 set [85/1259] : AUH - 63089 variants...
     -reading in genotypes, computing gene-based tests and building masks...done (105503ms) 
     -computing association tests...done (51ms) 
     -computing joint association tests...done (0ms) 
 set [86/1259] : B3GALT9 - 3318 variants...
     -reading in genotypes, computing gene-based tests and building masks...done (5766ms) 
     -computing association tests...done (57ms) 
     -computing joint association tests...done (0ms) 
 set [87/1259] : B4GALT1 - 37023 variants...
     -reading in genotypes, computing gene-based tests and building masks...done (52188ms) 
     -computing association tests...done (33ms) 
     -computing joint association tests...done (0ms) 
 set [88/1259] : B4GALT1-AS1 - 14432 variants...
     -reading in genotypes, computing gene-based tests and building masks...done (32721ms) 
     -computing association tests...done (19ms) 
     -computing joint association tests...done (0ms) 
 set [89/1259] : BAAT - 13098 variants...
     -reading in genotypes, computing gene-based tests and building masks...done (16945ms) 
     -computing association tests...done (36ms) 
     -computing joint association tests...done (0ms) 
 set [90/1259] : BAG1 - 2580 variants...
     -reading in genotypes, computing gene-based tests and building masks...done (4595ms) 
     -computing association tests...done (21ms) 
     -computing joint association tests...done (0ms) 
 set [91/1259] : BANCR - 9519 variants...
     -reading in genotypes, computing gene-based tests and building masks...done (11829ms) 
     -computing association tests...done (55ms) 
     -computing joint association tests...done (0ms) 
 set [92/1259] : BARHL1 - 6260 variants...
     -reading in genotypes, computing gene-based tests and building masks...done (8031ms) 
     -computing association tests...done (54ms) 
     -computing joint association tests...done (0ms) 
 set [93/1259] : BARX1 - 7454 variants...
     -reading in genotypes, computing gene-based tests and building masks...done (11522ms) 
     -computing association tests...done (22ms) 
     -computing joint association tests...done (0ms) 
 set [94/1259] : BARX1-DT - 14134 variants...
     -reading in genotypes, computing gene-based tests and building masks...done (19881ms) 
     -computing association tests...done (21ms) 
     -computing joint association tests...done (0ms) 
 set [95/1259] : BBLN - 6822 variants...
     -reading in genotypes, computing gene-based tests and building masks...done (10380ms) 
     -computing association tests...done (65ms) 
     -computing joint association tests...done (0ms) 
 set [96/1259] : BEND3P2 - 917 variants...
     -reading in genotypes, computing gene-based tests and building masks...done (1562ms) 
     -computing association tests...done (11ms) 
     -computing joint association tests...done (0ms) 
 set [97/1259] : BICD2 - 26736 variants...
     -reading in genotypes, computing gene-based tests and building masks...done (36464ms) 
     -computing association tests...done (30ms) 
     -computing joint association tests...done (0ms) 
 set [98/1259] : BMS1P10 - 181 variants...
     -reading in genotypes, computing gene-based tests and building masks...done (922ms) 
     -computing association tests...done (13ms) 
     -computing joint association tests...done (0ms) 
 set [99/1259] : BMS1P11 - 2863 variants...
     -reading in genotypes, computing gene-based tests and building masks...done (17635ms) 
     -computing association tests...done (50ms) 
     -computing joint association tests...done (0ms) 
 set [100/1259] : BMS1P12 - 162 variants...
     -reading in genotypes, computing gene-based tests and building masks...done (1256ms) 
     -computing association tests...done (36ms) 
     -computing joint association tests...done (0ms) 
 set [101/1259] : BMS1P13 - 2210 variants...
     -reading in genotypes, computing gene-based tests and building masks...done (6597ms) 
     -computing association tests...done (43ms) 
     -computing joint association tests...done (0ms) 
 set [102/1259] : BMS1P9 - 246 variants...
     -reading in genotypes, computing gene-based tests and building masks...done (1800ms) 
     -computing association tests...done (45ms) 
     -computing joint association tests...done (0ms) 
 set [103/1259] : BNC2 - 245893 variants...
     -reading in genotypes, computing gene-based tests and building masks...done (1022510ms) 
     -computing association tests...done (66ms) 
     -computing joint association tests...done (0ms) 
 set [104/1259] : BNIP3P4 - 404 variants...
     -reading in genotypes, computing gene-based tests and building masks...done (718ms) 
     -computing association tests...done (4ms) 
     -computing joint association tests...done (0ms) 
 set [105/1259] : BOLA3P4 - 4236 variants...
     -reading in genotypes, computing gene-based tests and building masks...done (5169ms) 
     -computing association tests...done (15ms) 
     -computing joint association tests...done (0ms) 
 set [106/1259] : BRD10 - 52705 variants...
     -reading in genotypes, computing gene-based tests and building masks...done (82053ms) 
     -computing association tests...done (38ms) 
     -computing joint association tests...done (0ms) 
 set [107/1259] : BRD3 - 24912 variants...
     -reading in genotypes, computing gene-based tests and building masks...done (37594ms) 
     -computing association tests...done (69ms) 
     -computing joint association tests...done (0ms) 
 set [108/1259] : BRD3OS - 7035 variants...
     -reading in genotypes, computing gene-based tests and building masks...done (10654ms) 
     -computing association tests...done (14ms) 
     -computing joint association tests...done (0ms) 
 set [109/1259] : BRINP1 - 92797 variants...
     -reading in genotypes, computing gene-based tests and building masks...done (190054ms) 
     -computing association tests...done (98ms) 
     -computing joint association tests...done (0ms) 
 set [110/1259] : BSPRY - 12345 variants...
     -reading in genotypes, computing gene-based tests and building masks...done (16471ms) 
     -computing association tests...done (65ms) 
     -computing joint association tests...done (0ms) 
 set [111/1259] : BTF3P4 - 4499 variants...
     -reading in genotypes, computing gene-based tests and building masks...done (5719ms) 
     -computing association tests...done (14ms) 
     -computing joint association tests...done (0ms) 
 set [112/1259] : C14orf119P1 - 4174 variants...
     -reading in genotypes, computing gene-based tests and building masks...done (5262ms) 
     -computing association tests...done (49ms) 
     -computing joint association tests...done (0ms) 
 set [113/1259] : C5 - 52233 variants...
     -reading in genotypes, computing gene-based tests and building masks...done (135581ms) 
     -computing association tests...done (73ms) 
     -computing joint association tests...done (0ms) 
 set [114/1259] : C9orf152 - 13956 variants...
     -reading in genotypes, computing gene-based tests and building masks...done (20541ms) 
     -computing association tests...done (25ms) 
     -computing joint association tests...done (0ms) 
 set [115/1259] : C9orf153 - 17162 variants...
     -reading in genotypes, computing gene-based tests and building masks...done (23661ms) 
     -computing association tests...done (25ms) 
     -computing joint association tests...done (0ms) 
 set [116/1259] : C9orf163 - 602 variants...
     -reading in genotypes, computing gene-based tests and building masks...done (1019ms) 
     -computing association tests...done (7ms) 
     -computing joint association tests...done (0ms) 
 set [117/1259] : C9orf40 - 6608 variants...
     -reading in genotypes, computing gene-based tests and building masks...done (9746ms) 
     -computing association tests...done (23ms) 
     -computing joint association tests...done (0ms) 
 set [118/1259] : C9orf43 - 11636 variants...
     -reading in genotypes, computing gene-based tests and building masks...done (15138ms) 
     -computing association tests...done (36ms) 
     -computing joint association tests...done (0ms) 
 set [119/1259] : C9orf50 - 6584 variants...
     -reading in genotypes, computing gene-based tests and building masks...done (10122ms) 
     -computing association tests...done (31ms) 
     -computing joint association tests...done (0ms) 
 set [120/1259] : C9orf57 - 7979 variants...
     -reading in genotypes, computing gene-based tests and building masks...done (12640ms) 
     -computing association tests...done (21ms) 
     -computing joint association tests...done (0ms) 
 set [121/1259] : C9orf72 - 17137 variants...
     -reading in genotypes, computing gene-based tests and building masks...done (22748ms) 
     -computing association tests...done (64ms) 
     -computing joint association tests...done (0ms) 
 set [122/1259] : C9orf78 - 3608 variants...
     -reading in genotypes, computing gene-based tests and building masks...done (5365ms) 
     -computing association tests...done (26ms) 
     -computing joint association tests...done (0ms) 
 set [123/1259] : C9orf85 - 30626 variants...
     -reading in genotypes, computing gene-based tests and building masks...done (44432ms) 
     -computing association tests...done (76ms) 
     -computing joint association tests...done (0ms) 
 set [124/1259] : CA9 - 7035 variants...
     -reading in genotypes, computing gene-based tests and building masks...done (9337ms) 
     -computing association tests...done (65ms) 
     -computing joint association tests...done (0ms) 
 set [125/1259] : CAAP1 - 29800 variants...
     -reading in genotypes, computing gene-based tests and building masks...done (40394ms) 
     -computing association tests...done (26ms) 
     -computing joint association tests...done (0ms) 
 set [126/1259] : CACFD1 - 8324 variants...
     -reading in genotypes, computing gene-based tests and building masks...done (11549ms) 
     -computing association tests...done (27ms) 
     -computing joint association tests...done (0ms) 
 set [127/1259] : CACNA1B - 119798 variants...
     -reading in genotypes, computing gene-based tests and building masks...done (346124ms) 
     -computing association tests...done (65ms) 
     -computing joint association tests...done (0ms) 
 set [128/1259] : CAMSAP1 - 56179 variants...
     -reading in genotypes, computing gene-based tests and building masks...done (144255ms) 
     -computing association tests...done (43ms) 
     -computing joint association tests...done (0ms) 
 set [129/1259] : CAMSAP1-DT - 4228 variants...
     -reading in genotypes, computing gene-based tests and building masks...done (5388ms) 
     -computing association tests...done (15ms) 
     -computing joint association tests...done (0ms) 
 set [130/1259] : CARD19 - 15296 variants...
     -reading in genotypes, computing gene-based tests and building masks...done (23730ms) 
     -computing association tests...done (30ms) 
     -computing joint association tests...done (0ms) 
 set [131/1259] : CARD9 - 8384 variants...
     -reading in genotypes, computing gene-based tests and building masks...done (11847ms) 
     -computing association tests...done (32ms) 
     -computing joint association tests...done (0ms) 
 set [132/1259] : CARM1P1 - 87333 variants...
     -reading in genotypes, computing gene-based tests and building masks...done (182237ms) 
     -computing association tests...done (28ms) 
     -computing joint association tests...done (0ms) 
 set [133/1259] : CARNMT1 - 23045 variants...
     -reading in genotypes, computing gene-based tests and building masks...done (29940ms) 
     -computing association tests...done (26ms) 
     -computing joint association tests...done (0ms) 
 set [134/1259] : CARNMT1-AS1 - 7139 variants...
     -reading in genotypes, computing gene-based tests and building masks...done (8722ms) 
     -computing association tests...done (16ms) 
     -computing joint association tests...done (0ms) 
 set [135/1259] : CAVIN4 - 6257 variants...
     -reading in genotypes, computing gene-based tests and building masks...done (8165ms) 
     -computing association tests...done (81ms) 
     -computing joint association tests...done (0ms) 
 set [136/1259] : CCDC171 - 302561 variants...
     -reading in genotypes, computing gene-based tests and building masks...done (1464608ms) 
     -computing association tests...done (106ms) 
     -computing joint association tests...done (0ms) 
 set [137/1259] : CCDC180 - 31141 variants...
     -reading in genotypes, computing gene-based tests and building masks...done (43051ms) 
     -computing association tests...done (35ms) 
     -computing joint association tests...done (0ms) 
 set [138/1259] : CCDC183 - 10641 variants...
     -reading in genotypes, computing gene-based tests and building masks...done (14616ms) 
     -computing association tests...done (31ms) 
     -computing joint association tests...done (0ms) 
 set [139/1259] : CCDC187 - 32069 variants...
     -reading in genotypes, computing gene-based tests and building masks...done (52004ms) 
     -computing association tests...done (83ms) 
     -computing joint association tests...done (0ms) 
 set [140/1259] : CCIN - 2812 variants...
     -reading in genotypes, computing gene-based tests and building masks...done (3852ms) 
     -computing association tests...done (97ms) 
     -computing joint association tests...done (0ms) 
 set [141/1259] : CCL19 - 4525 variants...
     -reading in genotypes, computing gene-based tests and building masks...done (6206ms) 
     -computing association tests...done (65ms) 
     -computing joint association tests...done (0ms) 
 set [142/1259] : CCL21 - 4182 variants...
     -reading in genotypes, computing gene-based tests and building masks...done (6757ms) 
     -computing association tests...done (75ms) 
     -computing joint association tests...done (0ms) 
 set [143/1259] : CCL27 - 3348 variants...
     -reading in genotypes, computing gene-based tests and building masks...done (6321ms) 
     -computing association tests...done (92ms) 
     -computing joint association tests...done (0ms) 
 set [144/1259] : CCSER2P1 - 1832 variants...
     -reading in genotypes, computing gene-based tests and building masks...done (2474ms) 
     -computing association tests...done (10ms) 
     -computing joint association tests...done (0ms) 
 set [145/1259] : CD274 - 14231 variants...
     -reading in genotypes, computing gene-based tests and building masks...done (18160ms) 
     -computing association tests...done (55ms) 
     -computing joint association tests...done (0ms) 
 set [146/1259] : CD72 - 10195 variants...
     -reading in genotypes, computing gene-based tests and building masks...done (13930ms) 
     -computing association tests...done (47ms) 
     -computing joint association tests...done (0ms) 
 set [147/1259] : CDC14B - 52807 variants...
     -reading in genotypes, computing gene-based tests and building masks...done (85886ms) 
     -computing association tests...done (25ms) 
     -computing joint association tests...done (0ms) 
 set [148/1259] : CDC26 - 5496 variants...
     -reading in genotypes, computing gene-based tests and building masks...done (8053ms) 
     -computing association tests...done (42ms) 
     -computing joint association tests...done (0ms) 
 set [149/1259] : CDC37L1 - 17313 variants...
     -reading in genotypes, computing gene-based tests and building masks...done (23612ms) 
     -computing association tests...done (25ms) 
     -computing joint association tests...done (0ms) 
 set [150/1259] : CDC37L1-DT - 1652 variants...
     -reading in genotypes, computing gene-based tests and building masks...done (2307ms) 
     -computing association tests...done (39ms) 
     -computing joint association tests...done (0ms) 
 set [151/1259] : CDCA4P1 - 2651 variants...
     -reading in genotypes, computing gene-based tests and building masks...done (3456ms) 
     -computing association tests...done (49ms) 
     -computing joint association tests...done (0ms) 
 set [152/1259] : CDCA7P2 - 483 variants...
     -reading in genotypes, computing gene-based tests and building masks...done (767ms) 
     -computing association tests...done (4ms) 
     -computing joint association tests...done (0ms) 
 set [153/1259] : CDK20 - 8674 variants...
     -reading in genotypes, computing gene-based tests and building masks...done (11611ms) 
     -computing association tests...done (170ms) 
     -computing joint association tests...done (0ms) 
 set [154/1259] : CDK2AP2P1 - 11 variants...
     -reading in genotypes, computing gene-based tests and building masks...done (100ms) 
     -computing association tests...done (0ms) 
     -computing joint association tests...done (0ms) 
 set [155/1259] : CDK2AP2P2 - 109 variants...
     -reading in genotypes, computing gene-based tests and building masks...done (285ms) 
     -computing association tests...done (5ms) 
     -computing joint association tests...done (0ms) 
 set [156/1259] : CDK2AP2P3 - 994 variants...
     -reading in genotypes, computing gene-based tests and building masks...done (2064ms) 
     -computing association tests...done (10ms) 
     -computing joint association tests...done (0ms) 
 set [157/1259] : CDK5RAP2 - 81508 variants...
     -reading in genotypes, computing gene-based tests and building masks...done (157597ms) 
     -computing association tests...done (45ms) 
     -computing joint association tests...done (0ms) 
 set [158/1259] : CDK9 - 8490 variants...
     -reading in genotypes, computing gene-based tests and building masks...done (12149ms) 
     -computing association tests...done (27ms) 
     -computing joint association tests...done (0ms) 
 set [159/1259] : CDKN2A - 14562 variants...
     -reading in genotypes, computing gene-based tests and building masks...done (20080ms) 
     -computing association tests...done (26ms) 
     -computing joint association tests...done (0ms) 
 set [160/1259] : CDKN2A-AS1 - 4542 variants...
     -reading in genotypes, computing gene-based tests and building masks...done (7157ms) 
     -computing association tests...done (65ms) 
     -computing joint association tests...done (0ms) 
 set [161/1259] : CDKN2B - 7105 variants...
     -reading in genotypes, computing gene-based tests and building masks...done (11251ms) 
     -computing association tests...done (53ms) 
     -computing joint association tests...done (0ms) 
 set [162/1259] : CDKN2B-AS1 - 85049 variants...
     -reading in genotypes, computing gene-based tests and building masks...done (166016ms) 
     -computing association tests...done (80ms) 
     -computing joint association tests...done (0ms) 
 set [163/1259] : CDRT15P12 - 179 variants...
     -reading in genotypes, computing gene-based tests and building masks...done (492ms) 
     -computing association tests...done (4ms) 
     -computing joint association tests...done (0ms) 
 set [164/1259] : CDRT15P5 - 5057 variants...
     -reading in genotypes, computing gene-based tests and building masks...done (7541ms) 
     -computing association tests...done (35ms) 
     -computing joint association tests...done (0ms) 
 set [165/1259] : CDRT15P6 - 164 variants...
     -reading in genotypes, computing gene-based tests and building masks...done (2138ms) 
     -computing association tests...done (68ms) 
     -computing joint association tests...done (0ms) 
 set [166/1259] : CDRT15P7 - 5476 variants...
     -reading in genotypes, computing gene-based tests and building masks...done (7681ms) 
     -computing association tests...done (14ms) 
     -computing joint association tests...done (0ms) 
 set [167/1259] : CEL - 6991 variants...
     -reading in genotypes, computing gene-based tests and building masks...done (11115ms) 
     -computing association tests...done (75ms) 
     -computing joint association tests...done (0ms) 
 set [168/1259] : CEMIP2 - 68497 variants...
     -reading in genotypes, computing gene-based tests and building masks...done (143040ms) 
     -computing association tests...done (67ms) 
     -computing joint association tests...done (0ms) 
 set [169/1259] : CENPP - 92979 variants...
     -reading in genotypes, computing gene-based tests and building masks...done (200492ms) 
     -computing association tests...done (62ms) 
     -computing joint association tests...done (0ms) 
 set [170/1259] : CEP78 - 22327 variants...
     -reading in genotypes, computing gene-based tests and building masks...done (29981ms) 
     -computing association tests...done (104ms) 
     -computing joint association tests...done (0ms) 
 set [171/1259] : CER1 - 6716 variants...
     -reading in genotypes, computing gene-based tests and building masks...done (9595ms) 
     -computing association tests...done (60ms) 
     -computing joint association tests...done (0ms) 
 set [172/1259] : CERCAM - 14023 variants...
     -reading in genotypes, computing gene-based tests and building masks...done (19949ms) 
     -computing association tests...done (54ms) 
     -computing joint association tests...done (0ms) 
 set [173/1259] : CFAP157 - 2872 variants...
     -reading in genotypes, computing gene-based tests and building masks...done (4893ms) 
     -computing association tests...done (33ms) 
     -computing joint association tests...done (0ms) 
 set [174/1259] : CFAP77 - 85448 variants...
     -reading in genotypes, computing gene-based tests and building masks...done (208999ms) 
     -computing association tests...done (54ms) 
     -computing joint association tests...done (0ms) 
 set [175/1259] : CFAP95 - 41570 variants...
     -reading in genotypes, computing gene-based tests and building masks...done (67992ms) 
     -computing association tests...done (53ms) 
     -computing joint association tests...done (0ms) 
 set [176/1259] : CFAP95-DT - 1369 variants...
     -reading in genotypes, computing gene-based tests and building masks...done (1925ms) 
     -computing association tests...done (8ms) 
     -computing joint association tests...done (0ms) 
 set [177/1259] : CHCHD2P9 - 4232 variants...
     -reading in genotypes, computing gene-based tests and building masks...done (5144ms) 
     -computing association tests...done (11ms) 
     -computing joint association tests...done (0ms) 
 set [178/1259] : CHCHD4P2 - 4071 variants...
     -reading in genotypes, computing gene-based tests and building masks...done (5007ms) 
     -computing association tests...done (50ms) 
     -computing joint association tests...done (0ms) 
 set [179/1259] : CHMP5 - 10034 variants...
     -reading in genotypes, computing gene-based tests and building masks...done (12512ms) 
     -computing association tests...done (31ms) 
     -computing joint association tests...done (0ms) 
 set [180/1259] : CIMIP2A - 3769 variants...
     -reading in genotypes, computing gene-based tests and building masks...done (5558ms) 
     -computing association tests...done (59ms) 
     -computing joint association tests...done (0ms) 
 set [181/1259] : CIMIP2B - 5033 variants...
     -reading in genotypes, computing gene-based tests and building masks...done (7342ms) 
     -computing association tests...done (36ms) 
     -computing joint association tests...done (0ms) 
 set [182/1259] : CIZ1 - 12975 variants...
     -reading in genotypes, computing gene-based tests and building masks...done (16902ms) 
     -computing association tests...done (30ms) 
     -computing joint association tests...done (0ms) 
 set [183/1259] : CKS2 - 7938 variants...
     -reading in genotypes, computing gene-based tests and building masks...done (10926ms) 
     -computing association tests...done (25ms) 
     -computing joint association tests...done (0ms) 
 set [184/1259] : CLIC3 - 3938 variants...
     -reading in genotypes, computing gene-based tests and building masks...done (6003ms) 
     -computing association tests...done (67ms) 
     -computing joint association tests...done (0ms) 
 set [185/1259] : CLTA - 16818 variants...
     -reading in genotypes, computing gene-based tests and building masks...done (23074ms) 
     -computing association tests...done (26ms) 
     -computing joint association tests...done (0ms) 
 set [186/1259] : CNN2P2 - 2069 variants...
     -reading in genotypes, computing gene-based tests and building masks...done (5706ms) 
     -computing association tests...done (14ms) 
     -computing joint association tests...done (0ms) 
 set [187/1259] : CNN2P3 - 585 variants...
     -reading in genotypes, computing gene-based tests and building masks...done (968ms) 
     -computing association tests...done (6ms) 
     -computing joint association tests...done (0ms) 
 set [188/1259] : CNN2P4 - 2602 variants...
     -reading in genotypes, computing gene-based tests and building masks...done (3392ms) 
     -computing association tests...done (11ms) 
     -computing joint association tests...done (0ms) 
 set [189/1259] : CNTFR - 21913 variants...
     -reading in genotypes, computing gene-based tests and building masks...done (28258ms) 
     -computing association tests...done (23ms) 
     -computing joint association tests...done (0ms) 
 set [190/1259] : CNTLN - 194012 variants...
     -reading in genotypes, computing gene-based tests and building masks...done (645655ms) 
     -computing association tests...done (57ms) 
     -computing joint association tests...done (0ms) 
 set [191/1259] : CNTNAP3 - 202487 variants...
     -reading in genotypes, computing gene-based tests and building masks...done (6503985ms) 
     -computing association tests...done (72ms) 
     -computing joint association tests...done (0ms) 
 set [192/1259] : CNTNAP3B - 182150 variants...
     -reading in genotypes, computing gene-based tests and building masks...done (1284334ms) 
     -computing association tests...done (52ms) 
     -computing joint association tests...done (0ms) 
 set [193/1259] : CNTNAP3C - 102117 variants...
     -reading in genotypes, computing gene-based tests and building masks...done (791346ms) 
     -computing association tests...done (90ms) 
     -computing joint association tests...done (0ms) 
 set [194/1259] : CNTNAP3P1 - 4063 variants...
     -reading in genotypes, computing gene-based tests and building masks...done (16488ms) 
     -computing association tests...done (30ms) 
     -computing joint association tests...done (0ms) 
 set [195/1259] : CNTNAP3P2 - 122948 variants...
     -reading in genotypes, computing gene-based tests and building masks...done (537861ms) 
     -computing association tests...done (70ms) 
     -computing joint association tests...done (0ms) 
 set [196/1259] : CNTNAP3P5 - 5116 variants...
     -reading in genotypes, computing gene-based tests and building masks...done (32141ms) 
     -computing association tests...done (34ms) 
     -computing joint association tests...done (0ms) 
 set [197/1259] : CNTNAP3P7 - 512 variants...
     -reading in genotypes, computing gene-based tests and building masks...done (2180ms) 
     -computing association tests...done (12ms) 
     -computing joint association tests...done (0ms) 
 set [198/1259] : CNTRL - 41790 variants...
     -reading in genotypes, computing gene-based tests and building masks...done (67206ms) 
     -computing association tests...done (47ms) 
     -computing joint association tests...done (0ms) 
 set [199/1259] : COL15A1 - 56754 variants...
     -reading in genotypes, computing gene-based tests and building masks...done (89285ms) 
     -computing association tests...done (64ms) 
     -computing joint association tests...done (0ms) 
 set [200/1259] : COL27A1 - 76344 variants...
     -reading in genotypes, computing gene-based tests and building masks...done (144274ms) 
     -computing association tests...done (45ms) 
     -computing joint association tests...done (0ms) 
 set [201/1259] : COL5A1 - 120207 variants...
     -reading in genotypes, computing gene-based tests and building masks...done (406889ms) 
     -computing association tests...done (73ms) 
     -computing joint association tests...done (0ms) 
 set [202/1259] : COQ4 - 5601 variants...
     -reading in genotypes, computing gene-based tests and building masks...done (7780ms) 
     -computing association tests...done (49ms) 
     -computing joint association tests...done (0ms) 
 set [203/1259] : CORO2A - 31625 variants...
     -reading in genotypes, computing gene-based tests and building masks...done (45202ms) 
     -computing association tests...done (57ms) 
     -computing joint association tests...done (0ms) 
 set [204/1259] : CRAT - 9550 variants...
     -reading in genotypes, computing gene-based tests and building masks...done (13703ms) 
     -computing association tests...done (26ms) 
     -computing joint association tests...done (0ms) 
 set [205/1259] : CRB2 - 18356 variants...
     -reading in genotypes, computing gene-based tests and building masks...done (26236ms) 
     -computing association tests...done (68ms) 
     -computing joint association tests...done (0ms) 
 set [206/1259] : CREB3 - 1714 variants...
     -reading in genotypes, computing gene-based tests and building masks...done (3376ms) 
     -computing association tests...done (27ms) 
     -computing joint association tests...done (0ms) 
 set [207/1259] : CT70 - 11626 variants...
     -reading in genotypes, computing gene-based tests and building masks...done (15662ms) 
     -computing association tests...done (18ms) 
     -computing joint association tests...done (0ms) 
 set [208/1259] : CTAGE12P - 1124 variants...
     -reading in genotypes, computing gene-based tests and building masks...done (1845ms) 
     -computing association tests...done (11ms) 
     -computing joint association tests...done (0ms) 
 set [209/1259] : CTNNAL1 - 29241 variants...
     -reading in genotypes, computing gene-based tests and building masks...done (39269ms) 
     -computing association tests...done (34ms) 
     -computing joint association tests...done (0ms) 
 set [210/1259] : CTSL3P - 10068 variants...
     -reading in genotypes, computing gene-based tests and building masks...done (13508ms) 
     -computing association tests...done (24ms) 
     -computing joint association tests...done (0ms) 
 set [211/1259] : CTSL - 6839 variants...
     -reading in genotypes, computing gene-based tests and building masks...done (9902ms) 
     -computing association tests...done (29ms) 
     -computing joint association tests...done (0ms) 
 set [212/1259] : CTSV - 33527 variants...
     -reading in genotypes, computing gene-based tests and building masks...done (46572ms) 
     -computing association tests...done (25ms) 
     -computing joint association tests...done (0ms) 
 set [213/1259] : CUTALP - 1039 variants...
     -reading in genotypes, computing gene-based tests and building masks...done (1662ms) 
     -computing association tests...done (8ms) 
     -computing joint association tests...done (0ms) 
 set [214/1259] : CYCSP24 - 2689 variants...
     -reading in genotypes, computing gene-based tests and building masks...done (3466ms) 
     -computing association tests...done (50ms) 
     -computing joint association tests...done (0ms) 
 set [215/1259] : CYLC2 - 21606 variants...
     -reading in genotypes, computing gene-based tests and building masks...done (56494ms) 
     -computing association tests...done (77ms) 
     -computing joint association tests...done (0ms) 
 set [216/1259] : CYP1D1P - 10784 variants...
     -reading in genotypes, computing gene-based tests and building masks...done (18257ms) 
     -computing association tests...done (19ms) 
     -computing joint association tests...done (0ms) 
 set [217/1259] : CYP4F25P - 5139 variants...
     -reading in genotypes, computing gene-based tests and building masks...done (11156ms) 
     -computing association tests...done (20ms) 
     -computing joint association tests...done (0ms) 
 set [218/1259] : CYP4F26P - 16200 variants...
     -reading in genotypes, computing gene-based tests and building masks...done (21325ms) 
     -computing association tests...done (21ms) 
     -computing joint association tests...done (0ms) 
 set [219/1259] : CYP4F59P - 3 variants...
     -reading in genotypes, computing gene-based tests and building masks...done (159ms) 
     -computing association tests...done (13ms) 
     -computing joint association tests...done (0ms) 
 set [220/1259] : CYP4F60P - 6061 variants...
     -reading in genotypes, computing gene-based tests and building masks...done (9128ms) 
     -computing association tests...done (54ms) 
     -computing joint association tests...done (0ms) 
 set [221/1259] : CYSRT1 - 28 variants...
     -reading in genotypes, computing gene-based tests and building masks...done (311ms) 
     -computing association tests...done (1ms) 
     -computing joint association tests...done (0ms) 
 set [222/1259] : DAB2IP - 87117 variants...
     -reading in genotypes, computing gene-based tests and building masks...done (196848ms) 
     -computing association tests...done (102ms) 
     -computing joint association tests...done (0ms) 
 set [223/1259] : DAPK1 - 95707 variants...
     -reading in genotypes, computing gene-based tests and building masks...done (221340ms) 
     -computing association tests...done (46ms) 
     -computing joint association tests...done (0ms) 
 set [224/1259] : DBH - 16347 variants...
     -reading in genotypes, computing gene-based tests and building masks...done (21482ms) 
     -computing association tests...done (45ms) 
     -computing joint association tests...done (0ms) 
 set [225/1259] : DCAF10 - 33608 variants...
     -reading in genotypes, computing gene-based tests and building masks...done (51741ms) 
     -computing association tests...done (29ms) 
     -computing joint association tests...done (0ms) 
 set [226/1259] : DCAF12 - 21957 variants...
     -reading in genotypes, computing gene-based tests and building masks...done (29401ms) 
     -computing association tests...done (50ms) 
     -computing joint association tests...done (0ms) 
 set [227/1259] : DCTN3 - 5777 variants...
     -reading in genotypes, computing gene-based tests and building masks...done (8614ms) 
     -computing association tests...done (97ms) 
     -computing joint association tests...done (0ms) 
 set [228/1259] : DDX31 - 35736 variants...
     -reading in genotypes, computing gene-based tests and building masks...done (54075ms) 
     -computing association tests...done (94ms) 
     -computing joint association tests...done (0ms) 
 set [229/1259] : DELEC1 - 108807 variants...
     -reading in genotypes, computing gene-based tests and building masks...done (270122ms) 
     -computing association tests...done (68ms) 
     -computing joint association tests...done (0ms) 
 set [230/1259] : DENND1A - 227004 variants...
     -reading in genotypes, computing gene-based tests and building masks...done (886951ms) 
     -computing association tests...done (45ms) 
     -computing joint association tests...done (0ms) 
 set [231/1259] : DENND4C - 78912 variants...
     -reading in genotypes, computing gene-based tests and building masks...done (181313ms) 
     -computing association tests...done (68ms) 
     -computing joint association tests...done (0ms) 
 set [232/1259] : DIPK1B - 12493 variants...
     -reading in genotypes, computing gene-based tests and building masks...done (17423ms) 
     -computing association tests...done (51ms) 
     -computing joint association tests...done (0ms) 
 set [233/1259] : DIRAS2 - 17262 variants...
     -reading in genotypes, computing gene-based tests and building masks...done (22322ms) 
     -computing association tests...done (23ms) 
     -computing joint association tests...done (0ms) 
 set [234/1259] : DKFZP434A062 - 2290 variants...
     -reading in genotypes, computing gene-based tests and building masks...done (3151ms) 
     -computing association tests...done (47ms) 
     -computing joint association tests...done (0ms) 
 set [235/1259] : DMAC1 - 57492 variants...
     -reading in genotypes, computing gene-based tests and building masks...done (89286ms) 
     -computing association tests...done (119ms) 
     -computing joint association tests...done (0ms) 
 set [236/1259] : DMRT1 - 82776 variants...
     -reading in genotypes, computing gene-based tests and building masks...done (168925ms) 
     -computing association tests...done (30ms) 
     -computing joint association tests...done (0ms) 
 set [237/1259] : DMRT2 - 10526 variants...
     -reading in genotypes, computing gene-based tests and building masks...done (14429ms) 
     -computing association tests...done (37ms) 
     -computing joint association tests...done (0ms) 
 set [238/1259] : DMRT3 - 13147 variants...
     -reading in genotypes, computing gene-based tests and building masks...done (16664ms) 
     -computing association tests...done (32ms) 
     -computing joint association tests...done (0ms) 
 set [239/1259] : DMRTA1 - 8525 variants...
     -reading in genotypes, computing gene-based tests and building masks...done (11605ms) 
     -computing association tests...done (30ms) 
     -computing joint association tests...done (0ms) 
 set [240/1259] : DNAI1 - 21164 variants...
     -reading in genotypes, computing gene-based tests and building masks...done (27812ms) 
     -computing association tests...done (25ms) 
     -computing joint association tests...done (0ms) 
 set [241/1259] : DNAJA1 - 11649 variants...
     -reading in genotypes, computing gene-based tests and building masks...done (16369ms) 
     -computing association tests...done (56ms) 
     -computing joint association tests...done (0ms) 
 set [242/1259] : DNAJB5 - 7578 variants...
     -reading in genotypes, computing gene-based tests and building masks...done (11013ms) 
     -computing association tests...done (78ms) 
     -computing joint association tests...done (0ms) 
 set [243/1259] : DNAJB5P1 - 4592 variants...
     -reading in genotypes, computing gene-based tests and building masks...done (5781ms) 
     -computing association tests...done (14ms) 
     -computing joint association tests...done (0ms) 
 set [244/1259] : DNAJC25 - 13536 variants...
     -reading in genotypes, computing gene-based tests and building masks...done (18355ms) 
     -computing association tests...done (59ms) 
     -computing joint association tests...done (0ms) 
 set [245/1259] : DNLZ - 5954 variants...
     -reading in genotypes, computing gene-based tests and building masks...done (9850ms) 
     -computing association tests...done (52ms) 
     -computing joint association tests...done (0ms) 
 set [246/1259] : DNM1 - 22868 variants...
     -reading in genotypes, computing gene-based tests and building masks...done (31171ms) 
     -computing association tests...done (33ms) 
     -computing joint association tests...done (0ms) 
 set [247/1259] : DOCK8 - 157231 variants...
     -reading in genotypes, computing gene-based tests and building masks...done (542644ms) 
     -computing association tests...done (57ms) 
     -computing joint association tests...done (0ms) 
 set [248/1259] : DOCK8-AS2 - 6347 variants...
     -reading in genotypes, computing gene-based tests and building masks...done (7729ms) 
     -computing association tests...done (16ms) 
     -computing joint association tests...done (0ms) 
 set [249/1259] : DOLPP1 - 6347 variants...
     -reading in genotypes, computing gene-based tests and building masks...done (9857ms) 
     -computing association tests...done (49ms) 
     -computing joint association tests...done (0ms) 
 set [250/1259] : DPH7 - 19821 variants...
     -reading in genotypes, computing gene-based tests and building masks...done (89715ms) 
     -computing association tests...done (28ms) 
     -computing joint association tests...done (0ms) 
 set [251/1259] : DPM2 - 5596 variants...
     -reading in genotypes, computing gene-based tests and building masks...done (9081ms) 
     -computing association tests...done (79ms) 
     -computing joint association tests...done (0ms) 
 set [252/1259] : DPP3P2 - 803 variants...
     -reading in genotypes, computing gene-based tests and building masks...done (1257ms) 
     -computing association tests...done (7ms) 
     -computing joint association tests...done (0ms) 
 set [253/1259] : DPP7 - 8834 variants...
     -reading in genotypes, computing gene-based tests and building masks...done (12590ms) 
     -computing association tests...done (58ms) 
     -computing joint association tests...done (0ms) 
 set [254/1259] : DUX4L50 - 1204 variants...
     -reading in genotypes, computing gene-based tests and building masks...done (2822ms) 
     -computing association tests...done (9ms) 
     -computing joint association tests...done (0ms) 
 set [255/1259] : DYNC2I2 - 17535 variants...
     -reading in genotypes, computing gene-based tests and building masks...done (27278ms) 
     -computing association tests...done (73ms) 
     -computing joint association tests...done (0ms) 
 set [256/1259] : EBLN3P - 27051 variants...
     -reading in genotypes, computing gene-based tests and building masks...done (40111ms) 
     -computing association tests...done (21ms) 
     -computing joint association tests...done (0ms) 
 set [257/1259] : ECM1P1 - 6525 variants...
     -reading in genotypes, computing gene-based tests and building masks...done (8296ms) 
     -computing association tests...done (48ms) 
     -computing joint association tests...done (0ms) 
 set [258/1259] : ECM2 - 18050 variants...
     -reading in genotypes, computing gene-based tests and building masks...done (28993ms) 
     -computing association tests...done (60ms) 
     -computing joint association tests...done (0ms) 
 set [259/1259] : ECPAS - 57570 variants...
     -reading in genotypes, computing gene-based tests and building masks...done (95677ms) 
     -computing association tests...done (42ms) 
     -computing joint association tests...done (0ms) 
 set [260/1259] : EDF1 - 7395 variants...
     -reading in genotypes, computing gene-based tests and building masks...done (10833ms) 
     -computing association tests...done (32ms) 
     -computing joint association tests...done (0ms) 
 set [261/1259] : EEF1A1P5 - 619 variants...
     -reading in genotypes, computing gene-based tests and building masks...done (1019ms) 
     -computing association tests...done (10ms) 
     -computing joint association tests...done (0ms) 
 set [262/1259] : EEIG1 - 19650 variants...
     -reading in genotypes, computing gene-based tests and building masks...done (27477ms) 
     -computing association tests...done (94ms) 
     -computing joint association tests...done (0ms) 
 set [263/1259] : EGFL7 - 8126 variants...
     -reading in genotypes, computing gene-based tests and building masks...done (11104ms) 
     -computing association tests...done (26ms) 
     -computing joint association tests...done (0ms) 
 set [264/1259] : EHMT1 - 127877 variants...
     -reading in genotypes, computing gene-based tests and building masks...done (444670ms) 
     -computing association tests...done (77ms) 
     -computing joint association tests...done (0ms) 
 set [265/1259] : EIF3JP3 - 297 variants...
     -reading in genotypes, computing gene-based tests and building masks...done (547ms) 
     -computing association tests...done (8ms) 
     -computing joint association tests...done (0ms) 
 set [266/1259] : EIF4A1P3 - 4239 variants...
     -reading in genotypes, computing gene-based tests and building masks...done (5219ms) 
     -computing association tests...done (14ms) 
     -computing joint association tests...done (0ms) 
 set [267/1259] : EIF4BP3 - 5030 variants...
     -reading in genotypes, computing gene-based tests and building masks...done (6408ms) 
     -computing association tests...done (15ms) 
     -computing joint association tests...done (0ms) 
 set [268/1259] : ELAVL2 - 87519 variants...
     -reading in genotypes, computing gene-based tests and building masks...done (162597ms) 
     -computing association tests...done (134ms) 
     -computing joint association tests...done (0ms) 
 set [269/1259] : ELF2P3 - 606 variants...
     -reading in genotypes, computing gene-based tests and building masks...done (952ms) 
     -computing association tests...done (2ms) 
     -computing joint association tests...done (0ms) 
 set [270/1259] : ELP1 - 30148 variants...
     -reading in genotypes, computing gene-based tests and building masks...done (41527ms) 
     -computing association tests...done (96ms) 
     -computing joint association tests...done (0ms) 
 set [271/1259] : EMICERI - 2905 variants...
     -reading in genotypes, computing gene-based tests and building masks...done (3767ms) 
     -computing association tests...done (13ms) 
     -computing joint association tests...done (0ms) 
 set [272/1259] : ENDOG - 3434 variants...
     -reading in genotypes, computing gene-based tests and building masks...done (5949ms) 
     -computing association tests...done (29ms) 
     -computing joint association tests...done (0ms) 
 set [273/1259] : ENG - 18864 variants...
     -reading in genotypes, computing gene-based tests and building masks...done (26503ms) 
     -computing association tests...done (68ms) 
     -computing joint association tests...done (0ms) 
 set [274/1259] : ENHO - 5022 variants...
     -reading in genotypes, computing gene-based tests and building masks...done (8029ms) 
     -computing association tests...done (21ms) 
     -computing joint association tests...done (0ms) 
 set [275/1259] : ENTPD2 - 6740 variants...
     -reading in genotypes, computing gene-based tests and building masks...done (10184ms) 
     -computing association tests...done (79ms) 
     -computing joint association tests...done (0ms) 
 set [276/1259] : ENTPD8 - 16074 variants...
     -reading in genotypes, computing gene-based tests and building masks...done (187142ms) 
     -computing association tests...done (27ms) 
     -computing joint association tests...done (0ms) 
 set [277/1259] : ENTR1 - 235 variants...
     -reading in genotypes, computing gene-based tests and building masks...done (1827ms) 
     -computing association tests...done (7ms) 
     -computing joint association tests...done (0ms) 
 set [278/1259] : ENTREP1 - 31378 variants...
     -reading in genotypes, computing gene-based tests and building masks...done (45622ms) 
     -computing association tests...done (63ms) 
     -computing joint association tests...done (0ms) 
 set [279/1259] : EPB41L4B - 64811 variants...
     -reading in genotypes, computing gene-based tests and building masks...done (119038ms) 
     -computing association tests...done (81ms) 
     -computing joint association tests...done (0ms) 
 set [280/1259] : EQTN - 10707 variants...
     -reading in genotypes, computing gene-based tests and building masks...done (14352ms) 
     -computing association tests...done (66ms) 
     -computing joint association tests...done (0ms) 
 set [281/1259] : ERCC6L2 - 74497 variants...
     -reading in genotypes, computing gene-based tests and building masks...done (134635ms) 
     -computing association tests...done (37ms) 
     -computing joint association tests...done (0ms) 
 set [282/1259] : ERCC6L2-AS1 - 45719 variants...
     -reading in genotypes, computing gene-based tests and building masks...done (68589ms) 
     -computing association tests...done (74ms) 
     -computing joint association tests...done (0ms) 
 set [283/1259] : ERMP1 - 39376 variants...
     -reading in genotypes, computing gene-based tests and building masks...done (54869ms) 
     -computing association tests...done (38ms) 
     -computing joint association tests...done (0ms) 
 set [284/1259] : ERP44 - 56009 variants...
     -reading in genotypes, computing gene-based tests and building masks...done (111537ms) 
     -computing association tests...done (31ms) 
     -computing joint association tests...done (0ms) 
 set [285/1259] : ERVFRD-3 - 4865 variants...
     -reading in genotypes, computing gene-based tests and building masks...done (5746ms) 
     -computing association tests...done (15ms) 
     -computing joint association tests...done (0ms) 
 set [286/1259] : EXD3 - 83676 variants...
     -reading in genotypes, computing gene-based tests and building masks...done (322947ms) 
     -computing association tests...done (62ms) 
     -computing joint association tests...done (0ms) 
 set [287/1259] : EXOSC2 - 9280 variants...
     -reading in genotypes, computing gene-based tests and building masks...done (13466ms) 
     -computing association tests...done (70ms) 
     -computing joint association tests...done (0ms) 
 set [288/1259] : EXOSC3 - 6349 variants...
     -reading in genotypes, computing gene-based tests and building masks...done (8877ms) 
     -computing association tests...done (62ms) 
     -computing joint association tests...done (0ms) 
 set [289/1259] : FAM120A - 45181 variants...
     -reading in genotypes, computing gene-based tests and building masks...done (67386ms) 
     -computing association tests...done (107ms) 
     -computing joint association tests...done (0ms) 
 set [290/1259] : FAM120AOS - 9818 variants...
     -reading in genotypes, computing gene-based tests and building masks...done (14830ms) 
     -computing association tests...done (101ms) 
     -computing joint association tests...done (0ms) 
 set [291/1259] : FAM138C - 432 variants...
     -reading in genotypes, computing gene-based tests and building masks...done (842ms) 
     -computing association tests...done (15ms) 
     -computing joint association tests...done (0ms) 
 set [292/1259] : FAM157B - 307 variants...
     -reading in genotypes, computing gene-based tests and building masks...done (2829ms) 
     -computing association tests...done (76ms) 
     -computing joint association tests...done (0ms) 
 set [293/1259] : FAM163B - 18820 variants...
     -reading in genotypes, computing gene-based tests and building masks...done (27785ms) 
     -computing association tests...done (50ms) 
     -computing joint association tests...done (0ms) 
 set [294/1259] : FAM201A - 1941 variants...
     -reading in genotypes, computing gene-based tests and building masks...done (2768ms) 
     -computing association tests...done (15ms) 
     -computing joint association tests...done (0ms) 
 set [295/1259] : FAM219A - 23393 variants...
     -reading in genotypes, computing gene-based tests and building masks...done (30305ms) 
     -computing association tests...done (49ms) 
     -computing joint association tests...done (0ms) 
 set [296/1259] : FAM220CP - 4233 variants...
     -reading in genotypes, computing gene-based tests and building masks...done (5315ms) 
     -computing association tests...done (12ms) 
     -computing joint association tests...done (0ms) 
 set [297/1259] : FAM221B - 6762 variants...
     -reading in genotypes, computing gene-based tests and building masks...done (9655ms) 
     -computing association tests...done (71ms) 
     -computing joint association tests...done (0ms) 
 set [298/1259] : FAM225A - 4883 variants...
     -reading in genotypes, computing gene-based tests and building masks...done (7609ms) 
     -computing association tests...done (13ms) 
     -computing joint association tests...done (0ms) 
 set [299/1259] : FAM225B - 5680 variants...
     -reading in genotypes, computing gene-based tests and building masks...done (8131ms) 
     -computing association tests...done (19ms) 
     -computing joint association tests...done (0ms) 
 set [300/1259] : FAM240B - 15061 variants...
     -reading in genotypes, computing gene-based tests and building masks...done (19994ms) 
     -computing association tests...done (90ms) 
     -computing joint association tests...done (0ms) 
 set [301/1259] : FAM242D - 20583 variants...
     -reading in genotypes, computing gene-based tests and building masks...done (248060ms) 
     -computing association tests...done (59ms) 
     -computing joint association tests...done (0ms) 
 set [302/1259] : FAM242E - 480 variants...
     -reading in genotypes, computing gene-based tests and building masks...done (2001ms) 
     -computing association tests...done (13ms) 
     -computing joint association tests...done (0ms) 
 set [303/1259] : FAM242F - 32998 variants...
     -reading in genotypes, computing gene-based tests and building masks...done (52991ms) 
     -computing association tests...done (53ms) 
     -computing joint association tests...done (0ms) 
 set [304/1259] : FAM27B - 125 variants...
     -reading in genotypes, computing gene-based tests and building masks...done (405ms) 
     -computing association tests...done (1ms) 
     -computing joint association tests...done (0ms) 
 set [305/1259] : FAM27C - 189135 variants...
     -reading in genotypes, computing gene-based tests and building masks...done (6717364ms) 
     -computing association tests...done (33ms) 
     -computing joint association tests...done (0ms) 
 set [306/1259] : FAM27E3 - 34053 variants...
     -reading in genotypes, computing gene-based tests and building masks...done (342733ms) 
     -computing association tests...done (25ms) 
     -computing joint association tests...done (0ms) 
 set [307/1259] : FAM74A1 - 651 variants...
     -reading in genotypes, computing gene-based tests and building masks...done (3352ms) 
     -computing association tests...done (43ms) 
     -computing joint association tests...done (0ms) 
 set [308/1259] : FAM74A3 - 7134 variants...
     -reading in genotypes, computing gene-based tests and building masks...done (12137ms) 
     -computing association tests...done (65ms) 
     -computing joint association tests...done (0ms) 
 set [309/1259] : FAM74A4 - 10326 variants...
     -reading in genotypes, computing gene-based tests and building masks...done (23613ms) 
     -computing association tests...done (55ms) 
     -computing joint association tests...done (0ms) 
 set [310/1259] : FAM74A6 - 7567 variants...
     -reading in genotypes, computing gene-based tests and building masks...done (40888ms) 
     -computing association tests...done (39ms) 
     -computing joint association tests...done (0ms) 
 set [311/1259] : FAM74A7 - 16269 variants...
     -reading in genotypes, computing gene-based tests and building masks...done (77732ms) 
     -computing association tests...done (26ms) 
     -computing joint association tests...done (0ms) 
 set [312/1259] : FAM78A - 12931 variants...
     -reading in genotypes, computing gene-based tests and building masks...done (17854ms) 
     -computing association tests...done (35ms) 
     -computing joint association tests...done (0ms) 
 set [313/1259] : FAM88B - 30328 variants...
     -reading in genotypes, computing gene-based tests and building masks...done (310232ms) 
     -computing association tests...done (51ms) 
     -computing joint association tests...done (0ms) 
 set [314/1259] : FAM88C - 14060 variants...
     -reading in genotypes, computing gene-based tests and building masks...done (98773ms) 
     -computing association tests...done (62ms) 
     -computing joint association tests...done (0ms) 
 set [315/1259] : FAM88D - 7 variants...
     -reading in genotypes, computing gene-based tests and building masks...done (112ms) 
     -computing association tests...done (12ms) 
     -computing joint association tests...done (0ms) 
 set [316/1259] : FAM88E - 72438 variants...
     -reading in genotypes, computing gene-based tests and building masks...done (380259ms) 
     -computing association tests...done (23ms) 
     -computing joint association tests...done (0ms) 
 set [317/1259] : FAM88F - 67478 variants...
     -reading in genotypes, computing gene-based tests and building masks...done (752077ms) 
     -computing association tests...done (59ms) 
     -computing joint association tests...done (0ms) 
 set [318/1259] : FAM95B1 - 20066 variants...
     -reading in genotypes, computing gene-based tests and building masks...done (94779ms) 
     -computing association tests...done (29ms) 
     -computing joint association tests...done (0ms) 
 set [319/1259] : FANCC - 138453 variants...
     -reading in genotypes, computing gene-based tests and building masks...done (359941ms) 
     -computing association tests...done (35ms) 
     -computing joint association tests...done (0ms) 
 set [320/1259] : FANCG - 6972 variants...
     -reading in genotypes, computing gene-based tests and building masks...done (9554ms) 
     -computing association tests...done (129ms) 
     -computing joint association tests...done (0ms) 
 set [321/1259] : FBP1 - 19748 variants...
     -reading in genotypes, computing gene-based tests and building masks...done (26008ms) 
     -computing association tests...done (23ms) 
     -computing joint association tests...done (0ms) 
 set [322/1259] : FBP2 - 21120 variants...
     -reading in genotypes, computing gene-based tests and building masks...done (27674ms) 
     -computing association tests...done (59ms) 
     -computing joint association tests...done (0ms) 
 set [323/1259] : FBP2P1 - 68 variants...
     -reading in genotypes, computing gene-based tests and building masks...done (731ms) 
     -computing association tests...done (12ms) 
     -computing joint association tests...done (0ms) 
 set [324/1259] : FBXO10 - 30227 variants...
     -reading in genotypes, computing gene-based tests and building masks...done (41880ms) 
     -computing association tests...done (57ms) 
     -computing joint association tests...done (0ms) 
 set [325/1259] : FBXW2 - 21277 variants...
     -reading in genotypes, computing gene-based tests and building masks...done (29733ms) 
     -computing association tests...done (24ms) 
     -computing joint association tests...done (0ms) 
 set [326/1259] : FBXW5 - 9375 variants...
     -reading in genotypes, computing gene-based tests and building masks...done (12832ms) 
     -computing association tests...done (31ms) 
     -computing joint association tests...done (0ms) 
 set [327/1259] : FCN1 - 12836 variants...
     -reading in genotypes, computing gene-based tests and building masks...done (19081ms) 
     -computing association tests...done (65ms) 
     -computing joint association tests...done (0ms) 
 set [328/1259] : FCN2 - 7614 variants...
     -reading in genotypes, computing gene-based tests and building masks...done (10627ms) 
     -computing association tests...done (51ms) 
     -computing joint association tests...done (0ms) 
 set [329/1259] : FGD3 - 41665 variants...
     -reading in genotypes, computing gene-based tests and building masks...done (61565ms) 
     -computing association tests...done (82ms) 
     -computing joint association tests...done (0ms) 
 set [330/1259] : FGF7P3 - 125633 variants...
     -reading in genotypes, computing gene-based tests and building masks...done (1170859ms) 
     -computing association tests...done (35ms) 
     -computing joint association tests...done (0ms) 
 set [331/1259] : FIBCD1 - 23276 variants...
     -reading in genotypes, computing gene-based tests and building masks...done (32458ms) 
     -computing association tests...done (30ms) 
     -computing joint association tests...done (0ms) 
 set [332/1259] : FIBCD1-AS1 - 3996 variants...
     -reading in genotypes, computing gene-based tests and building masks...done (10004ms) 
     -computing association tests...done (29ms) 
     -computing joint association tests...done (0ms) 
 set [333/1259] : FKBP15 - 18093 variants...
     -reading in genotypes, computing gene-based tests and building masks...done (26992ms) 
     -computing association tests...done (113ms) 
     -computing joint association tests...done (0ms) 
 set [334/1259] : FKBP4P2 - 13070 variants...
     -reading in genotypes, computing gene-based tests and building masks...done (147274ms) 
     -computing association tests...done (16ms) 
     -computing joint association tests...done (0ms) 
 set [335/1259] : FKBP4P6 - 8875 variants...
     -reading in genotypes, computing gene-based tests and building masks...done (28662ms) 
     -computing association tests...done (16ms) 
     -computing joint association tests...done (0ms) 
 set [336/1259] : FKBP4P7 - 21668 variants...
     -reading in genotypes, computing gene-based tests and building masks...done (195650ms) 
     -computing association tests...done (17ms) 
     -computing joint association tests...done (0ms) 
 set [337/1259] : FKBP4P8 - 17315 variants...
     -reading in genotypes, computing gene-based tests and building masks...done (257945ms) 
     -computing association tests...done (21ms) 
     -computing joint association tests...done (0ms) 
 set [338/1259] : FKTN - 40071 variants...
     -reading in genotypes, computing gene-based tests and building masks...done (55256ms) 
     -computing association tests...done (89ms) 
     -computing joint association tests...done (0ms) 
 set [339/1259] : FLJ43315 - 39155 variants...
     -reading in genotypes, computing gene-based tests and building masks...done (64977ms) 
     -computing association tests...done (25ms) 
     -computing joint association tests...done (0ms) 
 set [340/1259] : FNBP1 - 70698 variants...
     -reading in genotypes, computing gene-based tests and building masks...done (149788ms) 
     -computing association tests...done (76ms) 
     -computing joint association tests...done (0ms) 
 set [341/1259] : FOCAD - 172219 variants...
     -reading in genotypes, computing gene-based tests and building masks...done (510976ms) 
     -computing association tests...done (124ms) 
     -computing joint association tests...done (0ms) 
 set [342/1259] : FOCAD-AS1 - 554 variants...
     -reading in genotypes, computing gene-based tests and building masks...done (875ms) 
     -computing association tests...done (11ms) 
     -computing joint association tests...done (0ms) 
 set [343/1259] : FOXB2 - 5302 variants...
     -reading in genotypes, computing gene-based tests and building masks...done (7208ms) 
     -computing association tests...done (86ms) 
     -computing joint association tests...done (0ms) 
 set [344/1259] : FOXD4 - 2769 variants...
     -reading in genotypes, computing gene-based tests and building masks...done (3668ms) 
     -computing association tests...done (14ms) 
     -computing joint association tests...done (0ms) 
 set [345/1259] : FOXD4L3 - 3638 variants...
     -reading in genotypes, computing gene-based tests and building masks...done (8264ms) 
     -computing association tests...done (55ms) 
     -computing joint association tests...done (0ms) 
 set [346/1259] : FOXD4L4 - 1848 variants...
     -reading in genotypes, computing gene-based tests and building masks...done (2593ms) 
     -computing association tests...done (12ms) 
     -computing joint association tests...done (0ms) 
 set [347/1259] : FOXD4L5 - 11540 variants...
     -reading in genotypes, computing gene-based tests and building masks...done (51598ms) 
     -computing association tests...done (75ms) 
     -computing joint association tests...done (0ms) 
 set [348/1259] : FOXD4L6 - 7052 variants...
     -reading in genotypes, computing gene-based tests and building masks...done (12398ms) 
     -computing association tests...done (29ms) 
     -computing joint association tests...done (0ms) 
 set [349/1259] : FOXE1 - 7236 variants...
     -reading in genotypes, computing gene-based tests and building masks...done (11159ms) 
     -computing association tests...done (53ms) 
     -computing joint association tests...done (0ms) 
 set [350/1259] : FPGS - 10332 variants...
     -reading in genotypes, computing gene-based tests and building masks...done (13832ms) 
     -computing association tests...done (61ms) 
     -computing joint association tests...done (0ms) 
 set [351/1259] : FREM1 - 101459 variants...
     -reading in genotypes, computing gene-based tests and building masks...done (219016ms) 
     -computing association tests...done (64ms) 
     -computing joint association tests...done (0ms) 
 set [352/1259] : FRG1HP - 103637 variants...
     -reading in genotypes, computing gene-based tests and building masks...done (264807ms) 
     -computing association tests...done (96ms) 
     -computing joint association tests...done (0ms) 
 set [353/1259] : FRG1JP - 24976 variants...
     -reading in genotypes, computing gene-based tests and building masks...done (44624ms) 
     -computing association tests...done (32ms) 
     -computing joint association tests...done (0ms) 
 set [354/1259] : FRG1KP - 1669 variants...
     -reading in genotypes, computing gene-based tests and building masks...done (3503ms) 
     -computing association tests...done (28ms) 
     -computing joint association tests...done (0ms) 
 set [355/1259] : FRMD3 - 125044 variants...
     -reading in genotypes, computing gene-based tests and building masks...done (340298ms) 
     -computing association tests...done (37ms) 
     -computing joint association tests...done (0ms) 
 set [356/1259] : FRMD3-AS1 - 10808 variants...
     -reading in genotypes, computing gene-based tests and building masks...done (13360ms) 
     -computing association tests...done (41ms) 
     -computing joint association tests...done (0ms) 
 set [357/1259] : FRMPD1 - 40435 variants...
     -reading in genotypes, computing gene-based tests and building masks...done (58105ms) 
     -computing association tests...done (68ms) 
     -computing joint association tests...done (0ms) 
 set [358/1259] : FRRS1L - 19092 variants...
     -reading in genotypes, computing gene-based tests and building masks...done (25601ms) 
     -computing association tests...done (79ms) 
     -computing joint association tests...done (0ms) 
 set [359/1259] : FSD1L - 49979 variants...
     -reading in genotypes, computing gene-based tests and building masks...done (77197ms) 
     -computing association tests...done (67ms) 
     -computing joint association tests...done (0ms) 
 set [360/1259] : FTH1P12 - 4044 variants...
     -reading in genotypes, computing gene-based tests and building masks...done (5010ms) 
     -computing association tests...done (15ms) 
     -computing joint association tests...done (0ms) 
 set [361/1259] : FTLP4 - 4757 variants...
     -reading in genotypes, computing gene-based tests and building masks...done (6040ms) 
     -computing association tests...done (14ms) 
     -computing joint association tests...done (0ms) 
 set [362/1259] : FUBP3 - 33199 variants...
     -reading in genotypes, computing gene-based tests and building masks...done (53612ms) 
     -computing association tests...done (63ms) 
     -computing joint association tests...done (0ms) 
 set [363/1259] : FUT7 - 7776 variants...
     -reading in genotypes, computing gene-based tests and building masks...done (12531ms) 
     -computing association tests...done (35ms) 
     -computing joint association tests...done (0ms) 
 set [364/1259] : FXN - 24284 variants...
     -reading in genotypes, computing gene-based tests and building masks...done (33651ms) 
     -computing association tests...done (23ms) 
     -computing joint association tests...done (0ms) 
 set [365/1259] : GABBR2 - 179631 variants...
     -reading in genotypes, computing gene-based tests and building masks...done (555372ms) 
     -computing association tests...done (31ms) 
     -computing joint association tests...done (0ms) 
 set [366/1259] : GADD45G - 5010 variants...
     -reading in genotypes, computing gene-based tests and building masks...done (7151ms) 
     -computing association tests...done (20ms) 
     -computing joint association tests...done (0ms) 
 set [367/1259] : GALNT12 - 20903 variants...
     -reading in genotypes, computing gene-based tests and building masks...done (27409ms) 
     -computing association tests...done (56ms) 
     -computing joint association tests...done (0ms) 
 set [368/1259] : GALT - 6461 variants...
     -reading in genotypes, computing gene-based tests and building masks...done (8920ms) 
     -computing association tests...done (28ms) 
     -computing joint association tests...done (0ms) 
 set [369/1259] : GAPDHP26 - 5251 variants...
     -reading in genotypes, computing gene-based tests and building masks...done (6267ms) 
     -computing association tests...done (13ms) 
     -computing joint association tests...done (0ms) 
 set [370/1259] : GAPVD1 - 52773 variants...
     -reading in genotypes, computing gene-based tests and building masks...done (90905ms) 
     -computing association tests...done (68ms) 
     -computing joint association tests...done (0ms) 
 set [371/1259] : GARIN3P1 - 6080 variants...
     -reading in genotypes, computing gene-based tests and building masks...done (7976ms) 
     -computing association tests...done (50ms) 
     -computing joint association tests...done (0ms) 
 set [372/1259] : GARNL3 - 61395 variants...
     -reading in genotypes, computing gene-based tests and building masks...done (112962ms) 
     -computing association tests...done (95ms) 
     -computing joint association tests...done (0ms) 
 set [373/1259] : GAS1 - 6243 variants...
     -reading in genotypes, computing gene-based tests and building masks...done (8863ms) 
     -computing association tests...done (23ms) 
     -computing joint association tests...done (0ms) 
 set [374/1259] : GAS1RR - 21898 variants...
     -reading in genotypes, computing gene-based tests and building masks...done (26791ms) 
     -computing association tests...done (19ms) 
     -computing joint association tests...done (0ms) 
 set [375/1259] : GAS2L1P2 - 6504 variants...
     -reading in genotypes, computing gene-based tests and building masks...done (7766ms) 
     -computing association tests...done (17ms) 
     -computing joint association tests...done (0ms) 
 set [376/1259] : GBA2 - 4644 variants...
     -reading in genotypes, computing gene-based tests and building masks...done (6377ms) 
     -computing association tests...done (24ms) 
     -computing joint association tests...done (0ms) 
 set [377/1259] : GBGT1 - 9474 variants...
     -reading in genotypes, computing gene-based tests and building masks...done (12879ms) 
     -computing association tests...done (40ms) 
     -computing joint association tests...done (0ms) 
 set [378/1259] : GCNT1 - 65065 variants...
     -reading in genotypes, computing gene-based tests and building masks...done (121966ms) 
     -computing association tests...done (34ms) 
     -computing joint association tests...done (0ms) 
 set [379/1259] : GDA - 56838 variants...
     -reading in genotypes, computing gene-based tests and building masks...done (96966ms) 
     -computing association tests...done (104ms) 
     -computing joint association tests...done (0ms) 
 set [380/1259] : GFI1B - 15283 variants...
     -reading in genotypes, computing gene-based tests and building masks...done (20369ms) 
     -computing association tests...done (54ms) 
     -computing joint association tests...done (0ms) 
 set [381/1259] : GGTA1 - 22629 variants...
     -reading in genotypes, computing gene-based tests and building masks...done (30997ms) 
     -computing association tests...done (26ms) 
     -computing joint association tests...done (0ms) 
 set [382/1259] : GKAP1 - 38679 variants...
     -reading in genotypes, computing gene-based tests and building masks...done (57497ms) 
     -computing association tests...done (75ms) 
     -computing joint association tests...done (0ms) 
 set [383/1259] : GLDC - 78224 variants...
     -reading in genotypes, computing gene-based tests and building masks...done (152217ms) 
     -computing association tests...done (99ms) 
     -computing joint association tests...done (0ms) 
 set [384/1259] : GLE1 - 20328 variants...
     -reading in genotypes, computing gene-based tests and building masks...done (27540ms) 
     -computing association tests...done (24ms) 
     -computing joint association tests...done (0ms) 
 set [385/1259] : GLIDR - 65947 variants...
     -reading in genotypes, computing gene-based tests and building masks...done (790367ms) 
     -computing association tests...done (45ms) 
     -computing joint association tests...done (0ms) 
 set [386/1259] : GLIPR2 - 16313 variants...
     -reading in genotypes, computing gene-based tests and building masks...done (22961ms) 
     -computing association tests...done (23ms) 
     -computing joint association tests...done (0ms) 
 set [387/1259] : GLIS3 - 324182 variants...
     -reading in genotypes, computing gene-based tests and building masks...done (1784933ms) 
     -computing association tests...done (43ms) 
     -computing joint association tests...done (0ms) 
 set [388/1259] : GLIS3-AS2 - 3427 variants...
     -reading in genotypes, computing gene-based tests and building masks...done (4450ms) 
     -computing association tests...done (18ms) 
     -computing joint association tests...done (0ms) 
 set [389/1259] : GLT6D1 - 13978 variants...
     -reading in genotypes, computing gene-based tests and building masks...done (25318ms) 
     -computing association tests...done (29ms) 
     -computing joint association tests...done (0ms) 
 set [390/1259] : GLULP4 - 411 variants...
     -reading in genotypes, computing gene-based tests and building masks...done (948ms) 
     -computing association tests...done (7ms) 
     -computing joint association tests...done (0ms) 
 set [391/1259] : GNA14 - 119172 variants...
     -reading in genotypes, computing gene-based tests and building masks...done (344610ms) 
     -computing association tests...done (35ms) 
     -computing joint association tests...done (0ms) 
 set [392/1259] : GNAQ - 140267 variants...
     -reading in genotypes, computing gene-based tests and building masks...done (356110ms) 
     -computing association tests...done (96ms) 
     -computing joint association tests...done (0ms) 
 set [393/1259] : GNE - 30122 variants...
     -reading in genotypes, computing gene-based tests and building masks...done (44002ms) 
     -computing association tests...done (53ms) 
     -computing joint association tests...done (0ms) 
 set [394/1259] : GNG10 - 7969 variants...
     -reading in genotypes, computing gene-based tests and building masks...done (12161ms) 
     -computing association tests...done (20ms) 
     -computing joint association tests...done (0ms) 
 set [395/1259] : GOLGA1 - 28943 variants...
     -reading in genotypes, computing gene-based tests and building masks...done (41425ms) 
     -computing association tests...done (28ms) 
     -computing joint association tests...done (0ms) 
 set [396/1259] : GOLGA2 - 8543 variants...
     -reading in genotypes, computing gene-based tests and building masks...done (11633ms) 
     -computing association tests...done (74ms) 
     -computing joint association tests...done (0ms) 
 set [397/1259] : GOLM1 - 54088 variants...
     -reading in genotypes, computing gene-based tests and building masks...done (82977ms) 
     -computing association tests...done (63ms) 
     -computing joint association tests...done (0ms) 
 set [398/1259] : GPR107 - 43318 variants...
     -reading in genotypes, computing gene-based tests and building masks...done (66704ms) 
     -computing association tests...done (43ms) 
     -computing joint association tests...done (0ms) 
 set [399/1259] : GPR21 - 671 variants...
     -reading in genotypes, computing gene-based tests and building masks...done (2619ms) 
     -computing association tests...done (20ms) 
     -computing joint association tests...done (0ms) 
 set [400/1259] : GPRACR - 2354 variants...
     -reading in genotypes, computing gene-based tests and building masks...done (3318ms) 
     -computing association tests...done (12ms) 
     -computing joint association tests...done (0ms) 
 set [401/1259] : GPS2P1 - 5837 variants...
     -reading in genotypes, computing gene-based tests and building masks...done (7146ms) 
     -computing association tests...done (14ms) 
     -computing joint association tests...done (0ms) 
 set [402/1259] : GPSM1 - 16759 variants...
     -reading in genotypes, computing gene-based tests and building masks...done (23777ms) 
     -computing association tests...done (77ms) 
     -computing joint association tests...done (0ms) 
 set [403/1259] : GRHPR - 8103 variants...
     -reading in genotypes, computing gene-based tests and building masks...done (10948ms) 
     -computing association tests...done (53ms) 
     -computing joint association tests...done (0ms) 
 set [404/1259] : GRIN1 - 17281 variants...
     -reading in genotypes, computing gene-based tests and building masks...done (34997ms) 
     -computing association tests...done (24ms) 
     -computing joint association tests...done (0ms) 
 set [405/1259] : GRIN3A - 71816 variants...
     -reading in genotypes, computing gene-based tests and building masks...done (136779ms) 
     -computing association tests...done (42ms) 
     -computing joint association tests...done (0ms) 
 set [406/1259] : GSN - 38981 variants...
     -reading in genotypes, computing gene-based tests and building masks...done (56417ms) 
     -computing association tests...done (37ms) 
     -computing joint association tests...done (0ms) 
 set [407/1259] : GTF3AP1 - 4986 variants...
     -reading in genotypes, computing gene-based tests and building masks...done (7364ms) 
     -computing association tests...done (19ms) 
     -computing joint association tests...done (0ms) 
 set [408/1259] : GTF3C4 - 12424 variants...
     -reading in genotypes, computing gene-based tests and building masks...done (16741ms) 
     -computing association tests...done (35ms) 
     -computing joint association tests...done (0ms) 
 set [409/1259] : GTF3C5 - 17816 variants...
     -reading in genotypes, computing gene-based tests and building masks...done (25573ms) 
     -computing association tests...done (57ms) 
     -computing joint association tests...done (0ms) 
 set [410/1259] : GXYLT1P3 - 5255 variants...
     -reading in genotypes, computing gene-based tests and building masks...done (47893ms) 
     -computing association tests...done (15ms) 
     -computing joint association tests...done (0ms) 
 set [411/1259] : GXYLT1P4 - 479 variants...
     -reading in genotypes, computing gene-based tests and building masks...done (919ms) 
     -computing association tests...done (7ms) 
     -computing joint association tests...done (0ms) 
 set [412/1259] : GXYLT1P6 - 951 variants...
     -reading in genotypes, computing gene-based tests and building masks...done (1608ms) 
     -computing association tests...done (40ms) 
     -computing joint association tests...done (0ms) 
 set [413/1259] : H3P29 - 199 variants...
     -reading in genotypes, computing gene-based tests and building masks...done (642ms) 
     -computing association tests...done (13ms) 
     -computing joint association tests...done (0ms) 
 set [414/1259] : H3P30 - 7379 variants...
     -reading in genotypes, computing gene-based tests and building masks...done (9132ms) 
     -computing association tests...done (14ms) 
     -computing joint association tests...done (0ms) 
 set [415/1259] : H3P32 - 2208 variants...
     -reading in genotypes, computing gene-based tests and building masks...done (3021ms) 
     -computing association tests...done (13ms) 
     -computing joint association tests...done (0ms) 
 set [416/1259] : HABP4 - 22669 variants...
     -reading in genotypes, computing gene-based tests and building masks...done (32117ms) 
     -computing association tests...done (68ms) 
     -computing joint association tests...done (0ms) 
 set [417/1259] : HACD4 - 19868 variants...
     -reading in genotypes, computing gene-based tests and building masks...done (25924ms) 
     -computing association tests...done (25ms) 
     -computing joint association tests...done (0ms) 
 set [418/1259] : HAUS6 - 32665 variants...
     -reading in genotypes, computing gene-based tests and building masks...done (44723ms) 
     -computing association tests...done (51ms) 
     -computing joint association tests...done (0ms) 
 set [419/1259] : HDHD3 - 6593 variants...
     -reading in genotypes, computing gene-based tests and building masks...done (10347ms) 
     -computing association tests...done (25ms) 
     -computing joint association tests...done (0ms) 
 set [420/1259] : HEMGN - 9394 variants...
     -reading in genotypes, computing gene-based tests and building masks...done (12833ms) 
     -computing association tests...done (24ms) 
     -computing joint association tests...done (0ms) 
 set [421/1259] : HINT2 - 1664 variants...
     -reading in genotypes, computing gene-based tests and building masks...done (3621ms) 
     -computing association tests...done (17ms) 
     -computing joint association tests...done (0ms) 
 set [422/1259] : HMCN2 - 87558 variants...
     -reading in genotypes, computing gene-based tests and building masks...done (276778ms) 
     -computing association tests...done (73ms) 
     -computing joint association tests...done (0ms) 
 set [423/1259] : HMGA1P4 - 11522 variants...
     -reading in genotypes, computing gene-based tests and building masks...done (15874ms) 
     -computing association tests...done (15ms) 
     -computing joint association tests...done (0ms) 
 set [424/1259] : HMGB3P23 - 247 variants...
     -reading in genotypes, computing gene-based tests and building masks...done (532ms) 
     -computing association tests...done (3ms) 
     -computing joint association tests...done (0ms) 
 set [425/1259] : HMGB3P24 - 7049 variants...
     -reading in genotypes, computing gene-based tests and building masks...done (12110ms) 
     -computing association tests...done (51ms) 
     -computing joint association tests...done (0ms) 
 set [426/1259] : HMGN2P31 - 136 variants...
     -reading in genotypes, computing gene-based tests and building masks...done (458ms) 
     -computing association tests...done (1ms) 
     -computing joint association tests...done (0ms) 
 set [427/1259] : HMGN2P32 - 108 variants...
     -reading in genotypes, computing gene-based tests and building masks...done (487ms) 
     -computing association tests...done (14ms) 
     -computing joint association tests...done (0ms) 
 set [428/1259] : HNRNPA1P41 - 6825 variants...
     -reading in genotypes, computing gene-based tests and building masks...done (9747ms) 
     -computing association tests...done (32ms) 
     -computing joint association tests...done (0ms) 
 set [429/1259] : HNRNPK - 6723 variants...
     -reading in genotypes, computing gene-based tests and building masks...done (9211ms) 
     -computing association tests...done (64ms) 
     -computing joint association tests...done (0ms) 
 set [430/1259] : HNRNPK-AS1 - 669 variants...
     -reading in genotypes, computing gene-based tests and building masks...done (1166ms) 
     -computing association tests...done (9ms) 
     -computing joint association tests...done (0ms) 
 set [431/1259] : HRCT1 - 1244 variants...
     -reading in genotypes, computing gene-based tests and building masks...done (1962ms) 
     -computing association tests...done (14ms) 
     -computing joint association tests...done (0ms) 
 set [432/1259] : HSD17B3 - 37348 variants...
     -reading in genotypes, computing gene-based tests and building masks...done (59304ms) 
     -computing association tests...done (73ms) 
     -computing joint association tests...done (0ms) 
 set [433/1259] : HSDL2 - 40215 variants...
     -reading in genotypes, computing gene-based tests and building masks...done (60537ms) 
     -computing association tests...done (36ms) 
     -computing joint association tests...done (0ms) 
 set [434/1259] : HSDL2-AS1 - 1882 variants...
     -reading in genotypes, computing gene-based tests and building masks...done (2735ms) 
     -computing association tests...done (13ms) 
     -computing joint association tests...done (0ms) 
 set [435/1259] : HSPA5 - 5307 variants...
     -reading in genotypes, computing gene-based tests and building masks...done (8033ms) 
     -computing association tests...done (25ms) 
     -computing joint association tests...done (0ms) 
 set [436/1259] : HSPA5-DT - 4967 variants...
     -reading in genotypes, computing gene-based tests and building masks...done (7146ms) 
     -computing association tests...done (45ms) 
     -computing joint association tests...done (0ms) 
 set [437/1259] : HSPA8P17 - 3903 variants...
     -reading in genotypes, computing gene-based tests and building masks...done (4812ms) 
     -computing association tests...done (18ms) 
     -computing joint association tests...done (0ms) 
 set [438/1259] : HSPB1P1 - 4048 variants...
     -reading in genotypes, computing gene-based tests and building masks...done (5080ms) 
     -computing association tests...done (11ms) 
     -computing joint association tests...done (0ms) 
 set [439/1259] : HSPE1P22 - 1295 variants...
     -reading in genotypes, computing gene-based tests and building masks...done (1920ms) 
     -computing association tests...done (11ms) 
     -computing joint association tests...done (0ms) 
 set [440/1259] : IARS1 - 39954 variants...
     -reading in genotypes, computing gene-based tests and building masks...done (58211ms) 
     -computing association tests...done (35ms) 
     -computing joint association tests...done (0ms) 
 set [441/1259] : IDNK - 13108 variants...
     -reading in genotypes, computing gene-based tests and building masks...done (17643ms) 
     -computing association tests...done (24ms) 
     -computing joint association tests...done (0ms) 
 set [442/1259] : IER5L - 6665 variants...
     -reading in genotypes, computing gene-based tests and building masks...done (8945ms) 
     -computing association tests...done (23ms) 
     -computing joint association tests...done (0ms) 
 set [443/1259] : IER5L-AS1 - 43312 variants...
     -reading in genotypes, computing gene-based tests and building masks...done (98854ms) 
     -computing association tests...done (21ms) 
     -computing joint association tests...done (0ms) 
 set [444/1259] : IFNA10 - 3926 variants...
     -reading in genotypes, computing gene-based tests and building masks...done (5365ms) 
     -computing association tests...done (29ms) 
     -computing joint association tests...done (0ms) 
 set [445/1259] : IFNA11P - 195 variants...
     -reading in genotypes, computing gene-based tests and building masks...done (382ms) 
     -computing association tests...done (5ms) 
     -computing joint association tests...done (0ms) 
 set [446/1259] : IFNA12P - 912 variants...
     -reading in genotypes, computing gene-based tests and building masks...done (1353ms) 
     -computing association tests...done (9ms) 
     -computing joint association tests...done (0ms) 
 set [447/1259] : IFNA13 - 5739 variants...
     -reading in genotypes, computing gene-based tests and building masks...done (7804ms) 
     -computing association tests...done (22ms) 
     -computing joint association tests...done (0ms) 
 set [448/1259] : IFNA14 - 6361 variants...
     -reading in genotypes, computing gene-based tests and building masks...done (8395ms) 
     -computing association tests...done (25ms) 
     -computing joint association tests...done (0ms) 
 set [449/1259] : IFNA16 - 6616 variants...
     -reading in genotypes, computing gene-based tests and building masks...done (10264ms) 
     -computing association tests...done (30ms) 
     -computing joint association tests...done (0ms) 
 set [450/1259] : IFNA17 - 7286 variants...
     -reading in genotypes, computing gene-based tests and building masks...done (10370ms) 
     -computing association tests...done (57ms) 
     -computing joint association tests...done (0ms) 
 set [451/1259] : IFNA1 - 6310 variants...
     -reading in genotypes, computing gene-based tests and building masks...done (10033ms) 
     -computing association tests...done (48ms) 
     -computing joint association tests...done (0ms) 
 set [452/1259] : IFNA20P - 205 variants...
     -reading in genotypes, computing gene-based tests and building masks...done (381ms) 
     -computing association tests...done (3ms) 
     -computing joint association tests...done (0ms) 
 set [453/1259] : IFNA21 - 5933 variants...
     -reading in genotypes, computing gene-based tests and building masks...done (8708ms) 
     -computing association tests...done (24ms) 
     -computing joint association tests...done (0ms) 
 set [454/1259] : IFNA22P - 305 variants...
     -reading in genotypes, computing gene-based tests and building masks...done (571ms) 
     -computing association tests...done (3ms) 
     -computing joint association tests...done (0ms) 
 set [455/1259] : IFNA2 - 4906 variants...
     -reading in genotypes, computing gene-based tests and building masks...done (7160ms) 
     -computing association tests...done (19ms) 
     -computing joint association tests...done (0ms) 
 set [456/1259] : IFNA4 - 7710 variants...
     -reading in genotypes, computing gene-based tests and building masks...done (11280ms) 
     -computing association tests...done (59ms) 
     -computing joint association tests...done (0ms) 
 set [457/1259] : IFNA5 - 5579 variants...
     -reading in genotypes, computing gene-based tests and building masks...done (9227ms) 
     -computing association tests...done (22ms) 
     -computing joint association tests...done (0ms) 
 set [458/1259] : IFNA6 - 4749 variants...
     -reading in genotypes, computing gene-based tests and building masks...done (5986ms) 
     -computing association tests...done (48ms) 
     -computing joint association tests...done (0ms) 
 set [459/1259] : IFNA7 - 6065 variants...
     -reading in genotypes, computing gene-based tests and building masks...done (8517ms) 
     -computing association tests...done (22ms) 
     -computing joint association tests...done (0ms) 
 set [460/1259] : IFNA8 - 4846 variants...
     -reading in genotypes, computing gene-based tests and building masks...done (7580ms) 
     -computing association tests...done (21ms) 
     -computing joint association tests...done (0ms) 
 set [461/1259] : IFNB1 - 4971 variants...
     -reading in genotypes, computing gene-based tests and building masks...done (7142ms) 
     -computing association tests...done (36ms) 
     -computing joint association tests...done (0ms) 
 set [462/1259] : IFNE - 5359 variants...
     -reading in genotypes, computing gene-based tests and building masks...done (8356ms) 
     -computing association tests...done (53ms) 
     -computing joint association tests...done (0ms) 
 set [463/1259] : IFNK - 476 variants...
     -reading in genotypes, computing gene-based tests and building masks...done (1382ms) 
     -computing association tests...done (18ms) 
     -computing joint association tests...done (0ms) 
 set [464/1259] : IFNNP1 - 5494 variants...
     -reading in genotypes, computing gene-based tests and building masks...done (6646ms) 
     -computing association tests...done (16ms) 
     -computing joint association tests...done (0ms) 
 set [465/1259] : IFNW1 - 5917 variants...
     -reading in genotypes, computing gene-based tests and building masks...done (8361ms) 
     -computing association tests...done (20ms) 
     -computing joint association tests...done (0ms) 
 set [466/1259] : IFNWP15 - 4470 variants...
     -reading in genotypes, computing gene-based tests and building masks...done (5470ms) 
     -computing association tests...done (14ms) 
     -computing joint association tests...done (0ms) 
 set [467/1259] : IFNWP19 - 249 variants...
     -reading in genotypes, computing gene-based tests and building masks...done (563ms) 
     -computing association tests...done (48ms) 
     -computing joint association tests...done (0ms) 
 set [468/1259] : IFNWP2 - 39 variants...
     -reading in genotypes, computing gene-based tests and building masks...done (485ms) 
     -computing association tests...done (1ms) 
     -computing joint association tests...done (0ms) 
 set [469/1259] : IFNWP4 - 5788 variants...
     -reading in genotypes, computing gene-based tests and building masks...done (8321ms) 
     -computing association tests...done (16ms) 
     -computing joint association tests...done (0ms) 
 set [470/1259] : IFNWP5 - 535 variants...
     -reading in genotypes, computing gene-based tests and building masks...done (880ms) 
     -computing association tests...done (8ms) 
     -computing joint association tests...done (0ms) 
 set [471/1259] : IFNWP9 - 2379 variants...
     -reading in genotypes, computing gene-based tests and building masks...done (3072ms) 
     -computing association tests...done (9ms) 
     -computing joint association tests...done (0ms) 
 set [472/1259] : IFT74 - 52145 variants...
     -reading in genotypes, computing gene-based tests and building masks...done (81323ms) 
     -computing association tests...done (35ms) 
     -computing joint association tests...done (0ms) 
 set [473/1259] : IGFBPL1 - 10599 variants...
     -reading in genotypes, computing gene-based tests and building masks...done (14692ms) 
     -computing association tests...done (58ms) 
     -computing joint association tests...done (0ms) 
 set [474/1259] : IGKV1OR-2 - 9045 variants...
     -reading in genotypes, computing gene-based tests and building masks...done (59156ms) 
     -computing association tests...done (45ms) 
     -computing joint association tests...done (0ms) 
 set [475/1259] : IGKV1OR-3 - 175 variants...
     -reading in genotypes, computing gene-based tests and building masks...done (591ms) 
     -computing association tests...done (49ms) 
     -computing joint association tests...done (0ms) 
 set [476/1259] : IGKV1OR9-1 - 163 variants...
     -reading in genotypes, computing gene-based tests and building masks...done (636ms) 
     -computing association tests...done (60ms) 
     -computing joint association tests...done (0ms) 
 set [477/1259] : IGKV1OR9-2 - 2762 variants...
     -reading in genotypes, computing gene-based tests and building masks...done (10666ms) 
     -computing association tests...done (11ms) 
     -computing joint association tests...done (0ms) 
 set [478/1259] : IL11RA - 335 variants...
     -reading in genotypes, computing gene-based tests and building masks...done (2186ms) 
     -computing association tests...done (16ms) 
     -computing joint association tests...done (0ms) 
 set [479/1259] : IL33 - 25316 variants...
     -reading in genotypes, computing gene-based tests and building masks...done (36887ms) 
     -computing association tests...done (102ms) 
     -computing joint association tests...done (0ms) 
 set [480/1259] : IL6RP1 - 4687 variants...
     -reading in genotypes, computing gene-based tests and building masks...done (5905ms) 
     -computing association tests...done (15ms) 
     -computing joint association tests...done (0ms) 
 set [481/1259] : IL9RP1 - 536 variants...
     -reading in genotypes, computing gene-based tests and building masks...done (1302ms) 
     -computing association tests...done (21ms) 
     -computing joint association tests...done (0ms) 
 set [482/1259] : IMP3P1 - 7084 variants...
     -reading in genotypes, computing gene-based tests and building masks...done (10302ms) 
     -computing association tests...done (15ms) 
     -computing joint association tests...done (0ms) 
 set [483/1259] : INIP - 17673 variants...
     -reading in genotypes, computing gene-based tests and building masks...done (24410ms) 
     -computing association tests...done (23ms) 
     -computing joint association tests...done (0ms) 
 set [484/1259] : INPP5E - 13101 variants...
     -reading in genotypes, computing gene-based tests and building masks...done (35506ms) 
     -computing association tests...done (54ms) 
     -computing joint association tests...done (0ms) 
 set [485/1259] : INSL4 - 8066 variants...
     -reading in genotypes, computing gene-based tests and building masks...done (11893ms) 
     -computing association tests...done (26ms) 
     -computing joint association tests...done (0ms) 
 set [486/1259] : INSL6 - 29513 variants...
     -reading in genotypes, computing gene-based tests and building masks...done (42366ms) 
     -computing association tests...done (22ms) 
     -computing joint association tests...done (0ms) 
 set [487/1259] : INVS - 75269 variants...
     -reading in genotypes, computing gene-based tests and building masks...done (135837ms) 
     -computing association tests...done (37ms) 
     -computing joint association tests...done (0ms) 
 set [488/1259] : IPPK - 23241 variants...
     -reading in genotypes, computing gene-based tests and building masks...done (31554ms) 
     -computing association tests...done (59ms) 
     -computing joint association tests...done (0ms) 
 set [489/1259] : ISCA1 - 12001 variants...
     -reading in genotypes, computing gene-based tests and building masks...done (17858ms) 
     -computing association tests...done (24ms) 
     -computing joint association tests...done (0ms) 
 set [490/1259] : IZUMO3 - 8538 variants...
     -reading in genotypes, computing gene-based tests and building masks...done (12561ms) 
     -computing association tests...done (22ms) 
     -computing joint association tests...done (0ms) 
 set [491/1259] : JAK2 - 79845 variants...
     -reading in genotypes, computing gene-based tests and building masks...done (145759ms) 
     -computing association tests...done (35ms) 
     -computing joint association tests...done (0ms) 
 set [492/1259] : JKAMPP1 - 6132 variants...
     -reading in genotypes, computing gene-based tests and building masks...done (7851ms) 
     -computing association tests...done (15ms) 
     -computing joint association tests...done (0ms) 
 set [493/1259] : KANK1 - 154814 variants...
     -reading in genotypes, computing gene-based tests and building masks...done (469680ms) 
     -computing association tests...done (48ms) 
     -computing joint association tests...done (0ms) 
 set [494/1259] : KCNT1 - 63636 variants...
     -reading in genotypes, computing gene-based tests and building masks...done (147641ms) 
     -computing association tests...done (58ms) 
     -computing joint association tests...done (0ms) 
 set [495/1259] : KCNV2 - 13391 variants...
     -reading in genotypes, computing gene-based tests and building masks...done (17275ms) 
     -computing association tests...done (34ms) 
     -computing joint association tests...done (0ms) 
 set [496/1259] : KCTD9P3 - 440 variants...
     -reading in genotypes, computing gene-based tests and building masks...done (692ms) 
     -computing association tests...done (6ms) 
     -computing joint association tests...done (0ms) 
 set [497/1259] : KDM4C - 247540 variants...
     -reading in genotypes, computing gene-based tests and building masks...done (1056456ms) 
     -computing association tests...done (42ms) 
     -computing joint association tests...done (0ms) 
 set [498/1259] : KHSRPP1 - 1172 variants...
     -reading in genotypes, computing gene-based tests and building masks...done (1739ms) 
     -computing association tests...done (9ms) 
     -computing joint association tests...done (0ms) 
 set [499/1259] : KIAA1958 - 79484 variants...
     -reading in genotypes, computing gene-based tests and building masks...done (156011ms) 
     -computing association tests...done (99ms) 
     -computing joint association tests...done (0ms) 
 set [500/1259] : KIF12 - 8512 variants...
     -reading in genotypes, computing gene-based tests and building masks...done (11245ms) 
     -computing association tests...done (59ms) 
     -computing joint association tests...done (0ms) 
 set [501/1259] : KIF24 - 29909 variants...
     -reading in genotypes, computing gene-based tests and building masks...done (46688ms) 
     -computing association tests...done (53ms) 
     -computing joint association tests...done (0ms) 
 set [502/1259] : KIF27 - 42544 variants...
     -reading in genotypes, computing gene-based tests and building masks...done (72547ms) 
     -computing association tests...done (37ms) 
     -computing joint association tests...done (0ms) 
 set [503/1259] : KLF4 - 7694 variants...
     -reading in genotypes, computing gene-based tests and building masks...done (10480ms) 
     -computing association tests...done (69ms) 
     -computing joint association tests...done (0ms) 
 set [504/1259] : KLF9 - 17299 variants...
     -reading in genotypes, computing gene-based tests and building masks...done (23667ms) 
     -computing association tests...done (58ms) 
     -computing joint association tests...done (0ms) 
 set [505/1259] : KLHL9 - 6592 variants...
     -reading in genotypes, computing gene-based tests and building masks...done (9527ms) 
     -computing association tests...done (31ms) 
     -computing joint association tests...done (0ms) 
 set [506/1259] : KRT18P24 - 540 variants...
     -reading in genotypes, computing gene-based tests and building masks...done (1041ms) 
     -computing association tests...done (48ms) 
     -computing joint association tests...done (0ms) 
 set [507/1259] : KRT18P36 - 5229 variants...
     -reading in genotypes, computing gene-based tests and building masks...done (6453ms) 
     -computing association tests...done (47ms) 
     -computing joint association tests...done (0ms) 
 set [508/1259] : KRT18P66 - 4730 variants...
     -reading in genotypes, computing gene-based tests and building masks...done (5653ms) 
     -computing association tests...done (14ms) 
     -computing joint association tests...done (0ms) 
 set [509/1259] : KRT18P67 - 2832 variants...
     -reading in genotypes, computing gene-based tests and building masks...done (3811ms) 
     -computing association tests...done (14ms) 
     -computing joint association tests...done (0ms) 
 set [510/1259] : KRT8P11 - 597 variants...
     -reading in genotypes, computing gene-based tests and building masks...done (987ms) 
     -computing association tests...done (6ms) 
     -computing joint association tests...done (0ms) 
 set [511/1259] : KYAT1 - 23896 variants...
     -reading in genotypes, computing gene-based tests and building masks...done (41357ms) 
     -computing association tests...done (25ms) 
     -computing joint association tests...done (0ms) 
 set [512/1259] : LAGE3P1 - 310 variants...
     -reading in genotypes, computing gene-based tests and building masks...done (578ms) 
     -computing association tests...done (2ms) 
     -computing joint association tests...done (0ms) 
 set [513/1259] : LAMC3 - 41439 variants...
     -reading in genotypes, computing gene-based tests and building masks...done (65140ms) 
     -computing association tests...done (49ms) 
     -computing joint association tests...done (0ms) 
 set [514/1259] : LCN10 - 3019 variants...
     -reading in genotypes, computing gene-based tests and building masks...done (3979ms) 
     -computing association tests...done (16ms) 
     -computing joint association tests...done (0ms) 
 set [515/1259] : LCN12 - 6070 variants...
     -reading in genotypes, computing gene-based tests and building masks...done (9387ms) 
     -computing association tests...done (26ms) 
     -computing joint association tests...done (0ms) 
 set [516/1259] : LCN15 - 14895 variants...
     -reading in genotypes, computing gene-based tests and building masks...done (143457ms) 
     -computing association tests...done (68ms) 
     -computing joint association tests...done (0ms) 
 set [517/1259] : LCN1 - 7550 variants...
     -reading in genotypes, computing gene-based tests and building masks...done (11006ms) 
     -computing association tests...done (25ms) 
     -computing joint association tests...done (0ms) 
 set [518/1259] : LCN1P1 - 6351 variants...
     -reading in genotypes, computing gene-based tests and building masks...done (10403ms) 
     -computing association tests...done (20ms) 
     -computing joint association tests...done (0ms) 
 set [519/1259] : LCN1P2 - 5329 variants...
     -reading in genotypes, computing gene-based tests and building masks...done (7864ms) 
     -computing association tests...done (19ms) 
     -computing joint association tests...done (0ms) 
 set [520/1259] : LCN2 - 4966 variants...
     -reading in genotypes, computing gene-based tests and building masks...done (8144ms) 
     -computing association tests...done (101ms) 
     -computing joint association tests...done (0ms) 
 set [521/1259] : LCN6 - 8421 variants...
     -reading in genotypes, computing gene-based tests and building masks...done (11201ms) 
     -computing association tests...done (24ms) 
     -computing joint association tests...done (0ms) 
 set [522/1259] : LCN8 - 548 variants...
     -reading in genotypes, computing gene-based tests and building masks...done (1009ms) 
     -computing association tests...done (12ms) 
     -computing joint association tests...done (0ms) 
 set [523/1259] : LCN9 - 6435 variants...
     -reading in genotypes, computing gene-based tests and building masks...done (10369ms) 
     -computing association tests...done (23ms) 
     -computing joint association tests...done (0ms) 
 set [524/1259] : LCNL1 - 382 variants...
     -reading in genotypes, computing gene-based tests and building masks...done (723ms) 
     -computing association tests...done (3ms) 
     -computing joint association tests...done (0ms) 
 set [525/1259] : LDHAP4 - 5348 variants...
     -reading in genotypes, computing gene-based tests and building masks...done (6578ms) 
     -computing association tests...done (14ms) 
     -computing joint association tests...done (0ms) 
 set [526/1259] : LERFS - 17444 variants...
     -reading in genotypes, computing gene-based tests and building masks...done (30295ms) 
     -computing association tests...done (18ms) 
     -computing joint association tests...done (0ms) 
 set [527/1259] : LHX2 - 14564 variants...
     -reading in genotypes, computing gene-based tests and building masks...done (18527ms) 
     -computing association tests...done (24ms) 
     -computing joint association tests...done (0ms) 
 set [528/1259] : LHX2-AS1 - 2253 variants...
     -reading in genotypes, computing gene-based tests and building masks...done (2947ms) 
     -computing association tests...done (12ms) 
     -computing joint association tests...done (0ms) 
 set [529/1259] : LHX3 - 5478 variants...
     -reading in genotypes, computing gene-based tests and building masks...done (7877ms) 
     -computing association tests...done (74ms) 
     -computing joint association tests...done (0ms) 
 set [530/1259] : LHX6 - 14721 variants...
     -reading in genotypes, computing gene-based tests and building masks...done (18568ms) 
     -computing association tests...done (55ms) 
     -computing joint association tests...done (0ms) 
 set [531/1259] : LINC00092 - 4678 variants...
     -reading in genotypes, computing gene-based tests and building masks...done (6083ms) 
     -computing association tests...done (97ms) 
     -computing joint association tests...done (0ms) 
 set [532/1259] : LINC00474 - 36694 variants...
     -reading in genotypes, computing gene-based tests and building masks...done (53614ms) 
     -computing association tests...done (61ms) 
     -computing joint association tests...done (0ms) 
 set [533/1259] : LINC00484 - 869 variants...
     -reading in genotypes, computing gene-based tests and building masks...done (3583ms) 
     -computing association tests...done (19ms) 
     -computing joint association tests...done (0ms) 
 set [534/1259] : LINC00583 - 14943 variants...
     -reading in genotypes, computing gene-based tests and building masks...done (18287ms) 
     -computing association tests...done (18ms) 
     -computing joint association tests...done (0ms) 
 set [535/1259] : LINC00587 - 66339 variants...
     -reading in genotypes, computing gene-based tests and building masks...done (106395ms) 
     -computing association tests...done (28ms) 
     -computing joint association tests...done (0ms) 
 set [536/1259] : LINC00963 - 17598 variants...
     -reading in genotypes, computing gene-based tests and building masks...done (24989ms) 
     -computing association tests...done (19ms) 
     -computing joint association tests...done (0ms) 
 set [537/1259] : LINC01189 - 59550 variants...
     -reading in genotypes, computing gene-based tests and building masks...done (418490ms) 
     -computing association tests...done (79ms) 
     -computing joint association tests...done (0ms) 
 set [538/1259] : LINC01230 - 2621 variants...
     -reading in genotypes, computing gene-based tests and building masks...done (3540ms) 
     -computing association tests...done (43ms) 
     -computing joint association tests...done (0ms) 
 set [539/1259] : LINC01231 - 15712 variants...
     -reading in genotypes, computing gene-based tests and building masks...done (21062ms) 
     -computing association tests...done (20ms) 
     -computing joint association tests...done (0ms) 
 set [540/1259] : LINC01235 - 41504 variants...
     -reading in genotypes, computing gene-based tests and building masks...done (62245ms) 
     -computing association tests...done (23ms) 
     -computing joint association tests...done (0ms) 
 set [541/1259] : LINC01239 - 102483 variants...
     -reading in genotypes, computing gene-based tests and building masks...done (219087ms) 
     -computing association tests...done (21ms) 
     -computing joint association tests...done (0ms) 
 set [542/1259] : LINC01241 - 35334 variants...
     -reading in genotypes, computing gene-based tests and building masks...done (48897ms) 
     -computing association tests...done (26ms) 
     -computing joint association tests...done (0ms) 
 set [543/1259] : LINC01242 - 94460 variants...
     -reading in genotypes, computing gene-based tests and building masks...done (205449ms) 
     -computing association tests...done (171ms) 
     -computing joint association tests...done (0ms) 
 set [544/1259] : LINC01243 - 10099 variants...
     -reading in genotypes, computing gene-based tests and building masks...done (14442ms) 
     -computing association tests...done (51ms) 
     -computing joint association tests...done (0ms) 
 set [545/1259] : LINC01388 - 8759 variants...
     -reading in genotypes, computing gene-based tests and building masks...done (12002ms) 
     -computing association tests...done (19ms) 
     -computing joint association tests...done (0ms) 
 set [546/1259] : LINC01400 - 299 variants...
     -reading in genotypes, computing gene-based tests and building masks...done (1924ms) 
     -computing association tests...done (6ms) 
     -computing joint association tests...done (0ms) 
 set [547/1259] : LINC01410 - 17186 variants...
     -reading in genotypes, computing gene-based tests and building masks...done (33016ms) 
     -computing association tests...done (22ms) 
     -computing joint association tests...done (0ms) 
 set [548/1259] : LINC01451 - 8726 variants...
     -reading in genotypes, computing gene-based tests and building masks...done (13548ms) 
     -computing association tests...done (49ms) 
     -computing joint association tests...done (0ms) 
 set [549/1259] : LINC01474 - 6504 variants...
     -reading in genotypes, computing gene-based tests and building masks...done (9426ms) 
     -computing association tests...done (58ms) 
     -computing joint association tests...done (0ms) 
 set [550/1259] : LINC01492 - 87493 variants...
     -reading in genotypes, computing gene-based tests and building masks...done (174660ms) 
     -computing association tests...done (33ms) 
     -computing joint association tests...done (0ms) 
 set [551/1259] : LINC01501 - 51194 variants...
     -reading in genotypes, computing gene-based tests and building masks...done (78057ms) 
     -computing association tests...done (25ms) 
     -computing joint association tests...done (0ms) 
 set [552/1259] : LINC01502 - 11280 variants...
     -reading in genotypes, computing gene-based tests and building masks...done (18990ms) 
     -computing association tests...done (46ms) 
     -computing joint association tests...done (0ms) 
 set [553/1259] : LINC01503 - 19383 variants...
     -reading in genotypes, computing gene-based tests and building masks...done (26503ms) 
     -computing association tests...done (24ms) 
     -computing joint association tests...done (0ms) 
 set [554/1259] : LINC01504 - 16959 variants...
     -reading in genotypes, computing gene-based tests and building masks...done (21596ms) 
     -computing association tests...done (20ms) 
     -computing joint association tests...done (0ms) 
 set [555/1259] : LINC01505 - 341029 variants...
     -reading in genotypes, computing gene-based tests and building masks...done (1879258ms) 
     -computing association tests...done (51ms) 
     -computing joint association tests...done (0ms) 
 set [556/1259] : LINC01507 - 88941 variants...
     -reading in genotypes, computing gene-based tests and building masks...done (179701ms) 
     -computing association tests...done (29ms) 
     -computing joint association tests...done (0ms) 
 set [557/1259] : LINC01508 - 57241 variants...
     -reading in genotypes, computing gene-based tests and building masks...done (96030ms) 
     -computing association tests...done (25ms) 
     -computing joint association tests...done (0ms) 
 set [558/1259] : LINC01509 - 19647 variants...
     -reading in genotypes, computing gene-based tests and building masks...done (27049ms) 
     -computing association tests...done (26ms) 
     -computing joint association tests...done (0ms) 
 set [559/1259] : LINC01613 - 175 variants...
     -reading in genotypes, computing gene-based tests and building masks...done (1523ms) 
     -computing association tests...done (5ms) 
     -computing joint association tests...done (0ms) 
 set [560/1259] : LINC01627 - 5887 variants...
     -reading in genotypes, computing gene-based tests and building masks...done (10716ms) 
     -computing association tests...done (17ms) 
     -computing joint association tests...done (0ms) 
 set [561/1259] : LINC02247 - 1306 variants...
     -reading in genotypes, computing gene-based tests and building masks...done (2137ms) 
     -computing association tests...done (18ms) 
     -computing joint association tests...done (0ms) 
 set [562/1259] : LINC02578 - 6089 variants...
     -reading in genotypes, computing gene-based tests and building masks...done (8187ms) 
     -computing association tests...done (18ms) 
     -computing joint association tests...done (0ms) 
 set [563/1259] : LINC02603 - 30418 variants...
     -reading in genotypes, computing gene-based tests and building masks...done (42207ms) 
     -computing association tests...done (51ms) 
     -computing joint association tests...done (0ms) 
 set [564/1259] : LINC02692 - 119 variants...
     -reading in genotypes, computing gene-based tests and building masks...done (2033ms) 
     -computing association tests...done (120ms) 
     -computing joint association tests...done (0ms) 
 set [565/1259] : LINC02834 - 17259 variants...
     -reading in genotypes, computing gene-based tests and building masks...done (23123ms) 
     -computing association tests...done (21ms) 
     -computing joint association tests...done (0ms) 
 set [566/1259] : LINC02843 - 15315 variants...
     -reading in genotypes, computing gene-based tests and building masks...done (22396ms) 
     -computing association tests...done (21ms) 
     -computing joint association tests...done (0ms) 
 set [567/1259] : LINC02846 - 3822 variants...
     -reading in genotypes, computing gene-based tests and building masks...done (5637ms) 
     -computing association tests...done (43ms) 
     -computing joint association tests...done (0ms) 
 set [568/1259] : LINC02851 - 46457 variants...
     -reading in genotypes, computing gene-based tests and building masks...done (91060ms) 
     -computing association tests...done (26ms) 
     -computing joint association tests...done (0ms) 
 set [569/1259] : LINC02872 - 8104 variants...
     -reading in genotypes, computing gene-based tests and building masks...done (10133ms) 
     -computing association tests...done (18ms) 
     -computing joint association tests...done (0ms) 
 set [570/1259] : LINC02893 - 16441 variants...
     -reading in genotypes, computing gene-based tests and building masks...done (21948ms) 
     -computing association tests...done (19ms) 
     -computing joint association tests...done (0ms) 
 set [571/1259] : LINC02907 - 6384 variants...
     -reading in genotypes, computing gene-based tests and building masks...done (10162ms) 
     -computing association tests...done (19ms) 
     -computing joint association tests...done (0ms) 
 set [572/1259] : LINC02937 - 113679 variants...
     -reading in genotypes, computing gene-based tests and building masks...done (283917ms) 
     -computing association tests...done (58ms) 
     -computing joint association tests...done (0ms) 
 set [573/1259] : LINC02957 - 381 variants...
     -reading in genotypes, computing gene-based tests and building masks...done (1647ms) 
     -computing association tests...done (50ms) 
     -computing joint association tests...done (0ms) 
 set [574/1259] : LINC02975 - 13924 variants...
     -reading in genotypes, computing gene-based tests and building masks...done (20002ms) 
     -computing association tests...done (20ms) 
     -computing joint association tests...done (0ms) 
 set [575/1259] : LINC02977 - 2520 variants...
     -reading in genotypes, computing gene-based tests and building masks...done (4054ms) 
     -computing association tests...done (14ms) 
     -computing joint association tests...done (0ms) 
 set [576/1259] : LINC03025 - 13517 variants...
     -reading in genotypes, computing gene-based tests and building masks...done (34033ms) 
     -computing association tests...done (29ms) 
     -computing joint association tests...done (0ms) 
 set [577/1259] : LINC03026 - 27381 variants...
     -reading in genotypes, computing gene-based tests and building masks...done (43145ms) 
     -computing association tests...done (22ms) 
     -computing joint association tests...done (0ms) 
 set [578/1259] : LINC03041 - 109865 variants...
     -reading in genotypes, computing gene-based tests and building masks...done (256524ms) 
     -computing association tests...done (31ms) 
     -computing joint association tests...done (0ms) 
 set [579/1259] : LINC03062 - 89846 variants...
     -reading in genotypes, computing gene-based tests and building masks...done (245070ms) 
     -computing association tests...done (73ms) 
     -computing joint association tests...done (0ms) 
 set [580/1259] : LINC03094 - 244 variants...
     -reading in genotypes, computing gene-based tests and building masks...done (1912ms) 
     -computing association tests...done (158ms) 
     -computing joint association tests...done (0ms) 
 set [581/1259] : LINC03106 - 33528 variants...
     -reading in genotypes, computing gene-based tests and building masks...done (54286ms) 
     -computing association tests...done (23ms) 
     -computing joint association tests...done (0ms) 
 set [582/1259] : LINGO2 - 618051 variants...
     -reading in genotypes, computing gene-based tests and building masks...done (8010763ms) 
     -computing association tests...done (104ms) 
     -computing joint association tests...done (0ms) 
 set [583/1259] : LMX1B - 45861 variants...
     -reading in genotypes, computing gene-based tests and building masks...done (70998ms) 
     -computing association tests...done (53ms) 
     -computing joint association tests...done (0ms) 
 set [584/1259] : LMX1B-DT - 10130 variants...
     -reading in genotypes, computing gene-based tests and building masks...done (12792ms) 
     -computing association tests...done (53ms) 
     -computing joint association tests...done (0ms) 
 set [585/1259] : LNCARSR - 29076 variants...
     -reading in genotypes, computing gene-based tests and building masks...done (39798ms) 
     -computing association tests...done (19ms) 
     -computing joint association tests...done (0ms) 
 set [586/1259] : LNCEGFL7OS - 1981 variants...
     -reading in genotypes, computing gene-based tests and building masks...done (2865ms) 
     -computing association tests...done (10ms) 
     -computing joint association tests...done (0ms) 
 set [587/1259] : LPAR1 - 69537 variants...
     -reading in genotypes, computing gene-based tests and building masks...done (129665ms) 
     -computing association tests...done (29ms) 
     -computing joint association tests...done (0ms) 
 set [588/1259] : LRRC19 - 1513 variants...
     -reading in genotypes, computing gene-based tests and building masks...done (3595ms) 
     -computing association tests...done (56ms) 
     -computing joint association tests...done (0ms) 
 set [589/1259] : LRRC26 - 5551 variants...
     -reading in genotypes, computing gene-based tests and building masks...done (7927ms) 
     -computing association tests...done (25ms) 
     -computing joint association tests...done (0ms) 
 set [590/1259] : LRRC37A5P - 10204 variants...
     -reading in genotypes, computing gene-based tests and building masks...done (14164ms) 
     -computing association tests...done (20ms) 
     -computing joint association tests...done (0ms) 
 set [591/1259] : LRRC8A - 18134 variants...
     -reading in genotypes, computing gene-based tests and building masks...done (24265ms) 
     -computing association tests...done (33ms) 
     -computing joint association tests...done (0ms) 
 set [592/1259] : LRSAM1 - 24253 variants...
     -reading in genotypes, computing gene-based tests and building masks...done (37195ms) 
     -computing association tests...done (29ms) 
     -computing joint association tests...done (0ms) 
 set [593/1259] : LURAP1L - 31832 variants...
     -reading in genotypes, computing gene-based tests and building masks...done (44807ms) 
     -computing association tests...done (83ms) 
     -computing joint association tests...done (0ms) 
 set [594/1259] : LURAP1L-AS1 - 61709 variants...
     -reading in genotypes, computing gene-based tests and building masks...done (99356ms) 
     -computing association tests...done (25ms) 
     -computing joint association tests...done (0ms) 
 set [595/1259] : LYPLA2P3 - 4217 variants...
     -reading in genotypes, computing gene-based tests and building masks...done (6050ms) 
     -computing association tests...done (18ms) 
     -computing joint association tests...done (0ms) 
 set [596/1259] : MAMDC2 - 82499 variants...
     -reading in genotypes, computing gene-based tests and building masks...done (152006ms) 
     -computing association tests...done (77ms) 
     -computing joint association tests...done (0ms) 
 set [597/1259] : MAMDC2-AS1 - 23560 variants...
     -reading in genotypes, computing gene-based tests and building masks...done (32289ms) 
     -computing association tests...done (68ms) 
     -computing joint association tests...done (0ms) 
 set [598/1259] : MAMDC4 - 552 variants...
     -reading in genotypes, computing gene-based tests and building masks...done (2168ms) 
     -computing association tests...done (12ms) 
     -computing joint association tests...done (0ms) 
 set [599/1259] : MAN1B1 - 9374 variants...
     -reading in genotypes, computing gene-based tests and building masks...done (13288ms) 
     -computing association tests...done (52ms) 
     -computing joint association tests...done (0ms) 
 set [600/1259] : MAPKAP1 - 116856 variants...
     -reading in genotypes, computing gene-based tests and building masks...done (316331ms) 
     -computing association tests...done (181ms) 
     -computing joint association tests...done (0ms) 
 set [601/1259] : ME2P1 - 5185 variants...
     -reading in genotypes, computing gene-based tests and building masks...done (6002ms) 
     -computing association tests...done (15ms) 
     -computing joint association tests...done (0ms) 
 set [602/1259] : MED22 - 1088 variants...
     -reading in genotypes, computing gene-based tests and building masks...done (2370ms) 
     -computing association tests...done (32ms) 
     -computing joint association tests...done (0ms) 
 set [603/1259] : MED27 - 97842 variants...
     -reading in genotypes, computing gene-based tests and building masks...done (239979ms) 
     -computing association tests...done (87ms) 
     -computing joint association tests...done (0ms) 
 set [604/1259] : MEGF9 - 49071 variants...
     -reading in genotypes, computing gene-based tests and building masks...done (78614ms) 
     -computing association tests...done (58ms) 
     -computing joint association tests...done (0ms) 
 set [605/1259] : MELK - 49579 variants...
     -reading in genotypes, computing gene-based tests and building masks...done (86135ms) 
     -computing association tests...done (64ms) 
     -computing joint association tests...done (0ms) 
 set [606/1259] : MEP1AP1 - 8160 variants...
     -reading in genotypes, computing gene-based tests and building masks...done (11943ms) 
     -computing association tests...done (43ms) 
     -computing joint association tests...done (0ms) 
 set [607/1259] : MEP1AP4 - 11138 variants...
     -reading in genotypes, computing gene-based tests and building masks...done (14537ms) 
     -computing association tests...done (21ms) 
     -computing joint association tests...done (0ms) 
 set [608/1259] : Metazoa_SRP - 109 variants...
     -reading in genotypes, computing gene-based tests and building masks...done (799ms) 
     -computing association tests...done (1ms) 
     -computing joint association tests...done (0ms) 
 set [609/1259] : MFSD14B - 49047 variants...
     -reading in genotypes, computing gene-based tests and building masks...done (75118ms) 
     -computing association tests...done (57ms) 
     -computing joint association tests...done (0ms) 
 set [610/1259] : MFSD14CP - 59966 variants...
     -reading in genotypes, computing gene-based tests and building masks...done (107836ms) 
     -computing association tests...done (38ms) 
     -computing joint association tests...done (0ms) 
 set [611/1259] : MIGA2 - 20421 variants...
     -reading in genotypes, computing gene-based tests and building masks...done (28886ms) 
     -computing association tests...done (49ms) 
     -computing joint association tests...done (0ms) 
 set [612/1259] : MIR1299 - 8194 variants...
     -reading in genotypes, computing gene-based tests and building masks...done (12405ms) 
     -computing association tests...done (47ms) 
     -computing joint association tests...done (0ms) 
 set [613/1259] : MIR1302-9HG - 227 variants...
     -reading in genotypes, computing gene-based tests and building masks...done (502ms) 
     -computing association tests...done (9ms) 
     -computing joint association tests...done (0ms) 
 set [614/1259] : MIR147A - 4109 variants...
     -reading in genotypes, computing gene-based tests and building masks...done (5203ms) 
     -computing association tests...done (12ms) 
     -computing joint association tests...done (0ms) 
 set [615/1259] : MIR219A2HG - 686 variants...
     -reading in genotypes, computing gene-based tests and building masks...done (1199ms) 
     -computing association tests...done (11ms) 
     -computing joint association tests...done (0ms) 
 set [616/1259] : MIR31 - 28 variants...
     -reading in genotypes, computing gene-based tests and building masks...done (364ms) 
     -computing association tests...done (1ms) 
     -computing joint association tests...done (0ms) 
 set [617/1259] : MIR31HG - 81273 variants...
     -reading in genotypes, computing gene-based tests and building masks...done (155273ms) 
     -computing association tests...done (27ms) 
     -computing joint association tests...done (0ms) 
 set [618/1259] : MIR3689A - 716 variants...
     -reading in genotypes, computing gene-based tests and building masks...done (2193ms) 
     -computing association tests...done (13ms) 
     -computing joint association tests...done (0ms) 
 set [619/1259] : MIR3689B - 3875 variants...
     -reading in genotypes, computing gene-based tests and building masks...done (6185ms) 
     -computing association tests...done (51ms) 
     -computing joint association tests...done (0ms) 
 set [620/1259] : MIR3689D2 - 133 variants...
     -reading in genotypes, computing gene-based tests and building masks...done (288ms) 
     -computing association tests...done (2ms) 
     -computing joint association tests...done (0ms) 
 set [621/1259] : MIR3689E - 209 variants...
     -reading in genotypes, computing gene-based tests and building masks...done (1759ms) 
     -computing association tests...done (11ms) 
     -computing joint association tests...done (0ms) 
 set [622/1259] : MIR3689F - 210 variants...
     -reading in genotypes, computing gene-based tests and building masks...done (509ms) 
     -computing association tests...done (2ms) 
     -computing joint association tests...done (0ms) 
 set [623/1259] : MIR3910-1 - 4292 variants...
     -reading in genotypes, computing gene-based tests and building masks...done (5800ms) 
     -computing association tests...done (16ms) 
     -computing joint association tests...done (0ms) 
 set [624/1259] : MIR3910-2 - 1903 variants...
     -reading in genotypes, computing gene-based tests and building masks...done (2572ms) 
     -computing association tests...done (11ms) 
     -computing joint association tests...done (0ms) 
 set [625/1259] : MIR3927 - 30 variants...
     -reading in genotypes, computing gene-based tests and building masks...done (688ms) 
     -computing association tests...done (1ms) 
     -computing joint association tests...done (0ms) 
 set [626/1259] : MIR4289 - 34 variants...
     -reading in genotypes, computing gene-based tests and building masks...done (310ms) 
     -computing association tests...done (5ms) 
     -computing joint association tests...done (0ms) 
 set [627/1259] : MIR4290HG - 12712 variants...
     -reading in genotypes, computing gene-based tests and building masks...done (16041ms) 
     -computing association tests...done (18ms) 
     -computing joint association tests...done (0ms) 
 set [628/1259] : MIR4475 - 22 variants...
     -reading in genotypes, computing gene-based tests and building masks...done (351ms) 
     -computing association tests...done (1ms) 
     -computing joint association tests...done (0ms) 
 set [629/1259] : MIR4477A - 54 variants...
     -reading in genotypes, computing gene-based tests and building masks...done (252ms) 
     -computing association tests...done (1ms) 
     -computing joint association tests...done (0ms) 
 set [630/1259] : MIR4477B - 9 variants...
     -reading in genotypes, computing gene-based tests and building masks...done (98ms) 
     -computing association tests...done (0ms) 
     -computing joint association tests...done (0ms) 
 set [631/1259] : MIR4478 - 1822 variants...
     -reading in genotypes, computing gene-based tests and building masks...done (2594ms) 
     -computing association tests...done (51ms) 
     -computing joint association tests...done (0ms) 
 set [632/1259] : MIR548AW - 551 variants...
     -reading in genotypes, computing gene-based tests and building masks...done (920ms) 
     -computing association tests...done (11ms) 
     -computing joint association tests...done (0ms) 
 set [633/1259] : MIR600 - 16 variants...
     -reading in genotypes, computing gene-based tests and building masks...done (103ms) 
     -computing association tests...done (0ms) 
     -computing joint association tests...done (0ms) 
 set [634/1259] : MIR600HG - 2812 variants...
     -reading in genotypes, computing gene-based tests and building masks...done (3680ms) 
     -computing association tests...done (15ms) 
     -computing joint association tests...done (0ms) 
 set [635/1259] : MIR602 - 7190 variants...
     -reading in genotypes, computing gene-based tests and building masks...done (215044ms) 
     -computing association tests...done (44ms) 
     -computing joint association tests...done (0ms) 
 set [636/1259] : MIRLET7A1 - 13 variants...
     -reading in genotypes, computing gene-based tests and building masks...done (107ms) 
     -computing association tests...done (0ms) 
     -computing joint association tests...done (0ms) 
 set [637/1259] : MIRLET7A1HG - 7661 variants...
     -reading in genotypes, computing gene-based tests and building masks...done (11071ms) 
     -computing association tests...done (19ms) 
     -computing joint association tests...done (0ms) 
 set [638/1259] : MIRLET7D - 32 variants...
     -reading in genotypes, computing gene-based tests and building masks...done (106ms) 
     -computing association tests...done (0ms) 
     -computing joint association tests...done (0ms) 
 set [639/1259] : MIRLET7F1 - 17 variants...
     -reading in genotypes, computing gene-based tests and building masks...done (74ms) 
     -computing association tests...done (0ms) 
     -computing joint association tests...done (0ms) 
 set [640/1259] : MKRN10P - 457 variants...
     -reading in genotypes, computing gene-based tests and building masks...done (2347ms) 
     -computing association tests...done (8ms) 
     -computing joint association tests...done (0ms) 
 set [641/1259] : MLANA - 14515 variants...
     -reading in genotypes, computing gene-based tests and building masks...done (19881ms) 
     -computing association tests...done (134ms) 
     -computing joint association tests...done (0ms) 
 set [642/1259] : MLLT3 - 135804 variants...
     -reading in genotypes, computing gene-based tests and building masks...done (336502ms) 
     -computing association tests...done (63ms) 
     -computing joint association tests...done (0ms) 
 set [643/1259] : MOB3B - 102544 variants...
     -reading in genotypes, computing gene-based tests and building masks...done (231372ms) 
     -computing association tests...done (108ms) 
     -computing joint association tests...done (0ms) 
 set [644/1259] : MORN5 - 15809 variants...
     -reading in genotypes, computing gene-based tests and building masks...done (21224ms) 
     -computing association tests...done (53ms) 
     -computing joint association tests...done (0ms) 
 set [645/1259] : MPDZ - 96846 variants...
     -reading in genotypes, computing gene-based tests and building masks...done (191352ms) 
     -computing association tests...done (45ms) 
     -computing joint association tests...done (0ms) 
 set [646/1259] : MRPL41 - 4531 variants...
     -reading in genotypes, computing gene-based tests and building masks...done (7630ms) 
     -computing association tests...done (22ms) 
     -computing joint association tests...done (0ms) 
 set [647/1259] : MRPL50 - 6833 variants...
     -reading in genotypes, computing gene-based tests and building masks...done (9575ms) 
     -computing association tests...done (26ms) 
     -computing joint association tests...done (0ms) 
 set [648/1259] : MRPS2 - 4549 variants...
     -reading in genotypes, computing gene-based tests and building masks...done (7420ms) 
     -computing association tests...done (49ms) 
     -computing joint association tests...done (0ms) 
 set [649/1259] : MRRF - 25718 variants...
     -reading in genotypes, computing gene-based tests and building masks...done (34974ms) 
     -computing association tests...done (24ms) 
     -computing joint association tests...done (0ms) 
 set [650/1259] : MSANTD3 - 14054 variants...
     -reading in genotypes, computing gene-based tests and building masks...done (19039ms) 
     -computing association tests...done (23ms) 
     -computing joint association tests...done (0ms) 
 set [651/1259] : MSMP - 503 variants...
     -reading in genotypes, computing gene-based tests and building masks...done (1705ms) 
     -computing association tests...done (9ms) 
     -computing joint association tests...done (0ms) 
 set [652/1259] : MT1P1 - 2054 variants...
     -reading in genotypes, computing gene-based tests and building masks...done (2657ms) 
     -computing association tests...done (9ms) 
     -computing joint association tests...done (0ms) 
 set [653/1259] : MTAP - 59727 variants...
     -reading in genotypes, computing gene-based tests and building masks...done (104184ms) 
     -computing association tests...done (35ms) 
     -computing joint association tests...done (0ms) 
 set [654/1259] : MTATP6P30 - 525 variants...
     -reading in genotypes, computing gene-based tests and building masks...done (883ms) 
     -computing association tests...done (12ms) 
     -computing joint association tests...done (0ms) 
 set [655/1259] : MTCO1P51 - 5913 variants...
     -reading in genotypes, computing gene-based tests and building masks...done (7488ms) 
     -computing association tests...done (15ms) 
     -computing joint association tests...done (0ms) 
 set [656/1259] : MTCO3P30 - 4294 variants...
     -reading in genotypes, computing gene-based tests and building masks...done (5609ms) 
     -computing association tests...done (48ms) 
     -computing joint association tests...done (0ms) 
 set [657/1259] : MTND2P8 - 450 variants...
     -reading in genotypes, computing gene-based tests and building masks...done (809ms) 
     -computing association tests...done (8ms) 
     -computing joint association tests...done (0ms) 
 set [658/1259] : MTND2P9 - 943 variants...
     -reading in genotypes, computing gene-based tests and building masks...done (1674ms) 
     -computing association tests...done (49ms) 
     -computing joint association tests...done (0ms) 
 set [659/1259] : MTND3P4 - 1668 variants...
     -reading in genotypes, computing gene-based tests and building masks...done (2263ms) 
     -computing association tests...done (13ms) 
     -computing joint association tests...done (0ms) 
 set [660/1259] : MUPP - 5915 variants...
     -reading in genotypes, computing gene-based tests and building masks...done (8910ms) 
     -computing association tests...done (20ms) 
     -computing joint association tests...done (0ms) 
 set [661/1259] : MUSK - 81907 variants...
     -reading in genotypes, computing gene-based tests and building masks...done (433048ms) 
     -computing association tests...done (51ms) 
     -computing joint association tests...done (0ms) 
 set [662/1259] : MVB12B - 81269 variants...
     -reading in genotypes, computing gene-based tests and building masks...done (189007ms) 
     -computing association tests...done (49ms) 
     -computing joint association tests...done (0ms) 
 set [663/1259] : MYMK - 10908 variants...
     -reading in genotypes, computing gene-based tests and building masks...done (36134ms) 
     -computing association tests...done (27ms) 
     -computing joint association tests...done (0ms) 
 set [664/1259] : MYO5BP1 - 3970 variants...
     -reading in genotypes, computing gene-based tests and building masks...done (8057ms) 
     -computing association tests...done (15ms) 
     -computing joint association tests...done (0ms) 
 set [665/1259] : MYO5BP2 - 62 variants...
     -reading in genotypes, computing gene-based tests and building masks...done (578ms) 
     -computing association tests...done (1ms) 
     -computing joint association tests...done (0ms) 
 set [666/1259] : MYO5BP3 - 7002 variants...
     -reading in genotypes, computing gene-based tests and building masks...done (13604ms) 
     -computing association tests...done (14ms) 
     -computing joint association tests...done (0ms) 
 set [667/1259] : MYORG - 7010 variants...
     -reading in genotypes, computing gene-based tests and building masks...done (9688ms) 
     -computing association tests...done (30ms) 
     -computing joint association tests...done (0ms) 
 set [668/1259] : NAA35 - 36007 variants...
     -reading in genotypes, computing gene-based tests and building masks...done (53364ms) 
     -computing association tests...done (66ms) 
     -computing joint association tests...done (0ms) 
 set [669/1259] : NACC2 - 58438 variants...
     -reading in genotypes, computing gene-based tests and building masks...done (116704ms) 
     -computing association tests...done (68ms) 
     -computing joint association tests...done (0ms) 
 set [670/1259] : NAIF1 - 7701 variants...
     -reading in genotypes, computing gene-based tests and building masks...done (10888ms) 
     -computing association tests...done (22ms) 
     -computing joint association tests...done (0ms) 
 set [671/1259] : NALT1 - 3318 variants...
     -reading in genotypes, computing gene-based tests and building masks...done (5004ms) 
     -computing association tests...done (46ms) 
     -computing joint association tests...done (0ms) 
 set [672/1259] : NAMA - 173538 variants...
     -reading in genotypes, computing gene-based tests and building masks...done (492508ms) 
     -computing association tests...done (29ms) 
     -computing joint association tests...done (0ms) 
 set [673/1259] : NANS - 12919 variants...
     -reading in genotypes, computing gene-based tests and building masks...done (17560ms) 
     -computing association tests...done (52ms) 
     -computing joint association tests...done (0ms) 
 set [674/1259] : NCBP1 - 16710 variants...
     -reading in genotypes, computing gene-based tests and building masks...done (21860ms) 
     -computing association tests...done (87ms) 
     -computing joint association tests...done (0ms) 
 set [675/1259] : NCS1 - 37648 variants...
     -reading in genotypes, computing gene-based tests and building masks...done (68733ms) 
     -computing association tests...done (25ms) 
     -computing joint association tests...done (0ms) 
 set [676/1259] : NDOR1 - 6779 variants...
     -reading in genotypes, computing gene-based tests and building masks...done (9467ms) 
     -computing association tests...done (58ms) 
     -computing joint association tests...done (0ms) 
 set [677/1259] : NDUFA5P3 - 868 variants...
     -reading in genotypes, computing gene-based tests and building masks...done (1478ms) 
     -computing association tests...done (5ms) 
     -computing joint association tests...done (0ms) 
 set [678/1259] : NDUFA5P4 - 1714 variants...
     -reading in genotypes, computing gene-based tests and building masks...done (2416ms) 
     -computing association tests...done (52ms) 
     -computing joint association tests...done (0ms) 
 set [679/1259] : NDUFA8 - 8511 variants...
     -reading in genotypes, computing gene-based tests and building masks...done (11897ms) 
     -computing association tests...done (20ms) 
     -computing joint association tests...done (0ms) 
 set [680/1259] : NDUFB6 - 13678 variants...
     -reading in genotypes, computing gene-based tests and building masks...done (18254ms) 
     -computing association tests...done (24ms) 
     -computing joint association tests...done (0ms) 
 set [681/1259] : NEK6 - 43855 variants...
     -reading in genotypes, computing gene-based tests and building masks...done (70203ms) 
     -computing association tests...done (69ms) 
     -computing joint association tests...done (0ms) 
 set [682/1259] : NELFB - 16263 variants...
     -reading in genotypes, computing gene-based tests and building masks...done (23523ms) 
     -computing association tests...done (60ms) 
     -computing joint association tests...done (1ms) 
 set [683/1259] : NFIB - 137261 variants...
     -reading in genotypes, computing gene-based tests and building masks...done (341351ms) 
     -computing association tests...done (76ms) 
     -computing joint association tests...done (0ms) 
 set [684/1259] : NFIB-AS1 - 65856 variants...
     -reading in genotypes, computing gene-based tests and building masks...done (108437ms) 
     -computing association tests...done (31ms) 
     -computing joint association tests...done (1ms) 
 set [685/1259] : NFIL3 - 10991 variants...
     -reading in genotypes, computing gene-based tests and building masks...done (15212ms) 
     -computing association tests...done (28ms) 
     -computing joint association tests...done (0ms) 
 set [686/1259] : NFX1 - 37327 variants...
     -reading in genotypes, computing gene-based tests and building masks...done (50258ms) 
     -computing association tests...done (37ms) 
     -computing joint association tests...done (0ms) 
 set [687/1259] : NFYCP2 - 2418 variants...
     -reading in genotypes, computing gene-based tests and building masks...done (3145ms) 
     -computing association tests...done (12ms) 
     -computing joint association tests...done (0ms) 
 set [688/1259] : NIBAN2 - 37393 variants...
     -reading in genotypes, computing gene-based tests and building masks...done (60302ms) 
     -computing association tests...done (73ms) 
     -computing joint association tests...done (0ms) 
 set [689/1259] : NINJ1 - 9317 variants...
     -reading in genotypes, computing gene-based tests and building masks...done (12918ms) 
     -computing association tests...done (66ms) 
     -computing joint association tests...done (0ms) 
 set [690/1259] : NIPSNAP3A - 6630 variants...
     -reading in genotypes, computing gene-based tests and building masks...done (9295ms) 
     -computing association tests...done (82ms) 
     -computing joint association tests...done (0ms) 
 set [691/1259] : NIPSNAP3B - 6577 variants...
     -reading in genotypes, computing gene-based tests and building masks...done (8556ms) 
     -computing association tests...done (82ms) 
     -computing joint association tests...done (0ms) 
 set [692/1259] : NME2P3 - 4536 variants...
     -reading in genotypes, computing gene-based tests and building masks...done (6405ms) 
     -computing association tests...done (18ms) 
     -computing joint association tests...done (0ms) 
 set [693/1259] : NMRK1 - 12812 variants...
     -reading in genotypes, computing gene-based tests and building masks...done (16321ms) 
     -computing association tests...done (28ms) 
     -computing joint association tests...done (0ms) 
 set [694/1259] : NOL6 - 10960 variants...
     -reading in genotypes, computing gene-based tests and building masks...done (16931ms) 
     -computing association tests...done (81ms) 
     -computing joint association tests...done (0ms) 
 set [695/1259] : NOL8 - 8298 variants...
     -reading in genotypes, computing gene-based tests and building masks...done (10861ms) 
     -computing association tests...done (33ms) 
     -computing joint association tests...done (0ms) 
 set [696/1259] : NOP56P2 - 4256 variants...
     -reading in genotypes, computing gene-based tests and building masks...done (6396ms) 
     -computing association tests...done (51ms) 
     -computing joint association tests...done (0ms) 
 set [697/1259] : NOTCH1 - 34143 variants...
     -reading in genotypes, computing gene-based tests and building masks...done (55139ms) 
     -computing association tests...done (48ms) 
     -computing joint association tests...done (0ms) 
 set [698/1259] : NOXA1 - 744 variants...
     -reading in genotypes, computing gene-based tests and building masks...done (2513ms) 
     -computing association tests...done (17ms) 
     -computing joint association tests...done (0ms) 
 set [699/1259] : NPAP1P4 - 6092 variants...
     -reading in genotypes, computing gene-based tests and building masks...done (7491ms) 
     -computing association tests...done (13ms) 
     -computing joint association tests...done (0ms) 
 set [700/1259] : NPAP1P6 - 4195 variants...
     -reading in genotypes, computing gene-based tests and building masks...done (5260ms) 
     -computing association tests...done (14ms) 
     -computing joint association tests...done (0ms) 
 set [701/1259] : NPAP1P7 - 329 variants...
     -reading in genotypes, computing gene-based tests and building masks...done (552ms) 
     -computing association tests...done (2ms) 
     -computing joint association tests...done (0ms) 
 set [702/1259] : NPDC1 - 5934 variants...
     -reading in genotypes, computing gene-based tests and building masks...done (8995ms) 
     -computing association tests...done (27ms) 
     -computing joint association tests...done (0ms) 
 set [703/1259] : NPR2 - 9956 variants...
     -reading in genotypes, computing gene-based tests and building masks...done (12427ms) 
     -computing association tests...done (47ms) 
     -computing joint association tests...done (0ms) 
 set [704/1259] : NR4A3 - 23023 variants...
     -reading in genotypes, computing gene-based tests and building masks...done (33276ms) 
     -computing association tests...done (32ms) 
     -computing joint association tests...done (0ms) 
 set [705/1259] : NR5A1 - 18302 variants...
     -reading in genotypes, computing gene-based tests and building masks...done (27734ms) 
     -computing association tests...done (55ms) 
     -computing joint association tests...done (0ms) 
 set [706/1259] : NR6A1 - 107299 variants...
     -reading in genotypes, computing gene-based tests and building masks...done (259720ms) 
     -computing association tests...done (59ms) 
     -computing joint association tests...done (0ms) 
 set [707/1259] : NRARP - 3902 variants...
     -reading in genotypes, computing gene-based tests and building masks...done (6078ms) 
     -computing association tests...done (58ms) 
     -computing joint association tests...done (0ms) 
 set [708/1259] : NSMF - 9820 variants...
     -reading in genotypes, computing gene-based tests and building masks...done (28823ms) 
     -computing association tests...done (29ms) 
     -computing joint association tests...done (0ms) 
 set [709/1259] : NTMT1 - 5993 variants...
     -reading in genotypes, computing gene-based tests and building masks...done (8240ms) 
     -computing association tests...done (20ms) 
     -computing joint association tests...done (0ms) 
 set [710/1259] : NTNG2 - 40702 variants...
     -reading in genotypes, computing gene-based tests and building masks...done (64812ms) 
     -computing association tests...done (52ms) 
     -computing joint association tests...done (0ms) 
 set [711/1259] : NTRK2 - 161686 variants...
     -reading in genotypes, computing gene-based tests and building masks...done (502929ms) 
     -computing association tests...done (74ms) 
     -computing joint association tests...done (0ms) 
 set [712/1259] : NUDT2 - 11171 variants...
     -reading in genotypes, computing gene-based tests and building masks...done (15131ms) 
     -computing association tests...done (21ms) 
     -computing joint association tests...done (0ms) 
 set [713/1259] : NUP188 - 31450 variants...
     -reading in genotypes, computing gene-based tests and building masks...done (44049ms) 
     -computing association tests...done (42ms) 
     -computing joint association tests...done (0ms) 
 set [714/1259] : NUP214 - 56623 variants...
     -reading in genotypes, computing gene-based tests and building masks...done (100868ms) 
     -computing association tests...done (44ms) 
     -computing joint association tests...done (0ms) 
 set [715/1259] : NUTM2F - 14704 variants...
     -reading in genotypes, computing gene-based tests and building masks...done (59778ms) 
     -computing association tests...done (38ms) 
     -computing joint association tests...done (0ms) 
 set [716/1259] : NUTM2G - 12159 variants...
     -reading in genotypes, computing gene-based tests and building masks...done (18044ms) 
     -computing association tests...done (61ms) 
     -computing joint association tests...done (0ms) 
 set [717/1259] : NXNL2 - 25338 variants...
     -reading in genotypes, computing gene-based tests and building masks...done (34532ms) 
     -computing association tests...done (60ms) 
     -computing joint association tests...done (0ms) 
 set [718/1259] : OBP2A - 7321 variants...
     -reading in genotypes, computing gene-based tests and building masks...done (10772ms) 
     -computing association tests...done (58ms) 
     -computing joint association tests...done (0ms) 
 set [719/1259] : OBP2B - 6194 variants...
     -reading in genotypes, computing gene-based tests and building masks...done (8433ms) 
     -computing association tests...done (25ms) 
     -computing joint association tests...done (0ms) 
 set [720/1259] : ODF2 - 31800 variants...
     -reading in genotypes, computing gene-based tests and building masks...done (69416ms) 
     -computing association tests...done (57ms) 
     -computing joint association tests...done (0ms) 
 set [721/1259] : OGN - 7818 variants...
     -reading in genotypes, computing gene-based tests and building masks...done (11210ms) 
     -computing association tests...done (33ms) 
     -computing joint association tests...done (0ms) 
 set [722/1259] : OLFM1 - 31164 variants...
     -reading in genotypes, computing gene-based tests and building masks...done (49430ms) 
     -computing association tests...done (31ms) 
     -computing joint association tests...done (0ms) 
 set [723/1259] : OLFML2A - 20434 variants...
     -reading in genotypes, computing gene-based tests and building masks...done (27337ms) 
     -computing association tests...done (58ms) 
     -computing joint association tests...done (0ms) 
 set [724/1259] : OMD - 4777 variants...
     -reading in genotypes, computing gene-based tests and building masks...done (7543ms) 
     -computing association tests...done (90ms) 
     -computing joint association tests...done (0ms) 
 set [725/1259] : OR13C2 - 2615 variants...
     -reading in genotypes, computing gene-based tests and building masks...done (4832ms) 
     -computing association tests...done (16ms) 
     -computing joint association tests...done (0ms) 
 set [726/1259] : OR13C3 - 3778 variants...
     -reading in genotypes, computing gene-based tests and building masks...done (5422ms) 
     -computing association tests...done (24ms) 
     -computing joint association tests...done (0ms) 
 set [727/1259] : OR13C4 - 3896 variants...
     -reading in genotypes, computing gene-based tests and building masks...done (6203ms) 
     -computing association tests...done (24ms) 
     -computing joint association tests...done (0ms) 
 set [728/1259] : OR13C5 - 4849 variants...
     -reading in genotypes, computing gene-based tests and building masks...done (7220ms) 
     -computing association tests...done (62ms) 
     -computing joint association tests...done (0ms) 
 set [729/1259] : OR13C6P - 416 variants...
     -reading in genotypes, computing gene-based tests and building masks...done (841ms) 
     -computing association tests...done (47ms) 
     -computing joint association tests...done (0ms) 
 set [730/1259] : OR13C7 - 6412 variants...
     -reading in genotypes, computing gene-based tests and building masks...done (11035ms) 
     -computing association tests...done (54ms) 
     -computing joint association tests...done (0ms) 
 set [731/1259] : OR13C8 - 4172 variants...
     -reading in genotypes, computing gene-based tests and building masks...done (6336ms) 
     -computing association tests...done (23ms) 
     -computing joint association tests...done (0ms) 
 set [732/1259] : OR13C9 - 4517 variants...
     -reading in genotypes, computing gene-based tests and building masks...done (6538ms) 
     -computing association tests...done (49ms) 
     -computing joint association tests...done (0ms) 
 set [733/1259] : OR13D1 - 6653 variants...
     -reading in genotypes, computing gene-based tests and building masks...done (12600ms) 
     -computing association tests...done (29ms) 
     -computing joint association tests...done (0ms) 
 set [734/1259] : OR13D2P - 341 variants...
     -reading in genotypes, computing gene-based tests and building masks...done (635ms) 
     -computing association tests...done (6ms) 
     -computing joint association tests...done (0ms) 
 set [735/1259] : OR13D3P - 383 variants...
     -reading in genotypes, computing gene-based tests and building masks...done (592ms) 
     -computing association tests...done (10ms) 
     -computing joint association tests...done (0ms) 
 set [736/1259] : OR13F1 - 4405 variants...
     -reading in genotypes, computing gene-based tests and building masks...done (6766ms) 
     -computing association tests...done (25ms) 
     -computing joint association tests...done (0ms) 
 set [737/1259] : OR13I1P - 478 variants...
     -reading in genotypes, computing gene-based tests and building masks...done (848ms) 
     -computing association tests...done (6ms) 
     -computing joint association tests...done (0ms) 
 set [738/1259] : OR13J1 - 4336 variants...
     -reading in genotypes, computing gene-based tests and building masks...done (6633ms) 
     -computing association tests...done (95ms) 
     -computing joint association tests...done (0ms) 
 set [739/1259] : OR1B1 - 12977 variants...
     -reading in genotypes, computing gene-based tests and building masks...done (17573ms) 
     -computing association tests...done (52ms) 
     -computing joint association tests...done (0ms) 
 set [740/1259] : OR1J1 - 4318 variants...
     -reading in genotypes, computing gene-based tests and building masks...done (6296ms) 
     -computing association tests...done (28ms) 
     -computing joint association tests...done (0ms) 
 set [741/1259] : OR1J2 - 3271 variants...
     -reading in genotypes, computing gene-based tests and building masks...done (5705ms) 
     -computing association tests...done (105ms) 
     -computing joint association tests...done (0ms) 
 set [742/1259] : OR1J4 - 4141 variants...
     -reading in genotypes, computing gene-based tests and building masks...done (6947ms) 
     -computing association tests...done (106ms) 
     -computing joint association tests...done (0ms) 
 set [743/1259] : OR1K1 - 4532 variants...
     -reading in genotypes, computing gene-based tests and building masks...done (6464ms) 
     -computing association tests...done (32ms) 
     -computing joint association tests...done (0ms) 
 set [744/1259] : OR1L1 - 4034 variants...
     -reading in genotypes, computing gene-based tests and building masks...done (6646ms) 
     -computing association tests...done (55ms) 
     -computing joint association tests...done (0ms) 
 set [745/1259] : OR1L3 - 4791 variants...
     -reading in genotypes, computing gene-based tests and building masks...done (7424ms) 
     -computing association tests...done (25ms) 
     -computing joint association tests...done (0ms) 
 set [746/1259] : OR1L4 - 4469 variants...
     -reading in genotypes, computing gene-based tests and building masks...done (7004ms) 
     -computing association tests...done (26ms) 
     -computing joint association tests...done (0ms) 
 set [747/1259] : OR1L6 - 7033 variants...
     -reading in genotypes, computing gene-based tests and building masks...done (9558ms) 
     -computing association tests...done (29ms) 
     -computing joint association tests...done (0ms) 
 set [748/1259] : OR1L8 - 10449 variants...
     -reading in genotypes, computing gene-based tests and building masks...done (14192ms) 
     -computing association tests...done (26ms) 
     -computing joint association tests...done (0ms) 
 set [749/1259] : OR1N1 - 2752 variants...
     -reading in genotypes, computing gene-based tests and building masks...done (3937ms) 
     -computing association tests...done (53ms) 
     -computing joint association tests...done (0ms) 
 set [750/1259] : OR1N2 - 4603 variants...
     -reading in genotypes, computing gene-based tests and building masks...done (6394ms) 
     -computing association tests...done (35ms) 
     -computing joint association tests...done (0ms) 
 set [751/1259] : OR1Q1 - 4090 variants...
     -reading in genotypes, computing gene-based tests and building masks...done (6702ms) 
     -computing association tests...done (51ms) 
     -computing joint association tests...done (0ms) 
 set [752/1259] : OR2AM1P - 4193 variants...
     -reading in genotypes, computing gene-based tests and building masks...done (5138ms) 
     -computing association tests...done (15ms) 
     -computing joint association tests...done (0ms) 
 set [753/1259] : OR2K2 - 4989 variants...
     -reading in genotypes, computing gene-based tests and building masks...done (7633ms) 
     -computing association tests...done (26ms) 
     -computing joint association tests...done (0ms) 
 set [754/1259] : OR2S2 - 12033 variants...
     -reading in genotypes, computing gene-based tests and building masks...done (15953ms) 
     -computing association tests...done (22ms) 
     -computing joint association tests...done (0ms) 
 set [755/1259] : OR4F8BP - 4732 variants...
     -reading in genotypes, computing gene-based tests and building masks...done (16729ms) 
     -computing association tests...done (9ms) 
     -computing joint association tests...done (0ms) 
 set [756/1259] : OR5C1 - 5039 variants...
     -reading in genotypes, computing gene-based tests and building masks...done (7536ms) 
     -computing association tests...done (60ms) 
     -computing joint association tests...done (0ms) 
 set [757/1259] : OR7E108P - 481 variants...
     -reading in genotypes, computing gene-based tests and building masks...done (864ms) 
     -computing association tests...done (5ms) 
     -computing joint association tests...done (0ms) 
 set [758/1259] : OR7E116P - 4938 variants...
     -reading in genotypes, computing gene-based tests and building masks...done (6451ms) 
     -computing association tests...done (15ms) 
     -computing joint association tests...done (0ms) 
 set [759/1259] : OR7E31P - 5020 variants...
     -reading in genotypes, computing gene-based tests and building masks...done (6399ms) 
     -computing association tests...done (13ms) 
     -computing joint association tests...done (0ms) 
 set [760/1259] : ORM1 - 4851 variants...
     -reading in genotypes, computing gene-based tests and building masks...done (7382ms) 
     -computing association tests...done (24ms) 
     -computing joint association tests...done (0ms) 
 set [761/1259] : ORM2 - 6581 variants...
     -reading in genotypes, computing gene-based tests and building masks...done (10078ms) 
     -computing association tests...done (113ms) 
     -computing joint association tests...done (0ms) 
 set [762/1259] : OSTF1 - 32595 variants...
     -reading in genotypes, computing gene-based tests and building masks...done (53030ms) 
     -computing association tests...done (23ms) 
     -computing joint association tests...done (0ms) 
 set [763/1259] : OTX2P1 - 6524 variants...
     -reading in genotypes, computing gene-based tests and building masks...done (8769ms) 
     -computing association tests...done (14ms) 
     -computing joint association tests...done (0ms) 
 set [764/1259] : PAEP - 6774 variants...
     -reading in genotypes, computing gene-based tests and building masks...done (10454ms) 
     -computing association tests...done (57ms) 
     -computing joint association tests...done (0ms) 
 set [765/1259] : PAEPP1 - 430 variants...
     -reading in genotypes, computing gene-based tests and building masks...done (686ms) 
     -computing association tests...done (6ms) 
     -computing joint association tests...done (0ms) 
 set [766/1259] : PAICSP1 - 2984 variants...
     -reading in genotypes, computing gene-based tests and building masks...done (3711ms) 
     -computing association tests...done (10ms) 
     -computing joint association tests...done (0ms) 
 set [767/1259] : PAICSP2 - 4474 variants...
     -reading in genotypes, computing gene-based tests and building masks...done (5553ms) 
     -computing association tests...done (41ms) 
     -computing joint association tests...done (0ms) 
 set [768/1259] : PALM2AKAP2 - 262993 variants...
     -reading in genotypes, computing gene-based tests and building masks...done (1146997ms) 
     -computing association tests...done (42ms) 
     -computing joint association tests...done (0ms) 
 set [769/1259] : PAPPA - 106464 variants...
     -reading in genotypes, computing gene-based tests and building masks...done (230522ms) 
     -computing association tests...done (39ms) 
     -computing joint association tests...done (0ms) 
 set [770/1259] : PAX5 - 92384 variants...
     -reading in genotypes, computing gene-based tests and building masks...done (205718ms) 
     -computing association tests...done (60ms) 
     -computing joint association tests...done (0ms) 
 set [771/1259] : PAXX - 3029 variants...
     -reading in genotypes, computing gene-based tests and building masks...done (5282ms) 
     -computing association tests...done (24ms) 
     -computing joint association tests...done (0ms) 
 set [772/1259] : PBX3 - 93103 variants...
     -reading in genotypes, computing gene-based tests and building masks...done (202801ms) 
     -computing association tests...done (36ms) 
     -computing joint association tests...done (0ms) 
 set [773/1259] : PBX3-DT - 3929 variants...
     -reading in genotypes, computing gene-based tests and building masks...done (5235ms) 
     -computing association tests...done (14ms) 
     -computing joint association tests...done (0ms) 
 set [774/1259] : PCAT7 - 1664 variants...
     -reading in genotypes, computing gene-based tests and building masks...done (2377ms) 
     -computing association tests...done (12ms) 
     -computing joint association tests...done (0ms) 
 set [775/1259] : PCNPP2 - 221 variants...
     -reading in genotypes, computing gene-based tests and building masks...done (421ms) 
     -computing association tests...done (6ms) 
     -computing joint association tests...done (0ms) 
 set [776/1259] : PCSK5 - 202525 variants...
     -reading in genotypes, computing gene-based tests and building masks...done (812682ms) 
     -computing association tests...done (89ms) 
     -computing joint association tests...done (0ms) 
 set [777/1259] : PDCD1LG2 - 32789 variants...
     -reading in genotypes, computing gene-based tests and building masks...done (45903ms) 
     -computing association tests...done (60ms) 
     -computing joint association tests...done (1ms) 
 set [778/1259] : PDCL - 11716 variants...
     -reading in genotypes, computing gene-based tests and building masks...done (16536ms) 
     -computing association tests...done (170ms) 
     -computing joint association tests...done (0ms) 
 set [779/1259] : PES1P2 - 984 variants...
     -reading in genotypes, computing gene-based tests and building masks...done (1679ms) 
     -computing association tests...done (9ms) 
     -computing joint association tests...done (0ms) 
 set [780/1259] : PGAM1P2 - 303 variants...
     -reading in genotypes, computing gene-based tests and building masks...done (641ms) 
     -computing association tests...done (7ms) 
     -computing joint association tests...done (0ms) 
 set [781/1259] : PGAP4 - 21844 variants...
     -reading in genotypes, computing gene-based tests and building masks...done (29773ms) 
     -computing association tests...done (25ms) 
     -computing joint association tests...done (0ms) 
 set [782/1259] : PGM5 - 74845 variants...
     -reading in genotypes, computing gene-based tests and building masks...done (144727ms) 
     -computing association tests...done (37ms) 
     -computing joint association tests...done (0ms) 
 set [783/1259] : PGM5-AS1 - 5347 variants...
     -reading in genotypes, computing gene-based tests and building masks...done (7999ms) 
     -computing association tests...done (26ms) 
     -computing joint association tests...done (0ms) 
 set [784/1259] : PGM5P2 - 61379 variants...
     -reading in genotypes, computing gene-based tests and building masks...done (133076ms) 
     -computing association tests...done (44ms) 
     -computing joint association tests...done (0ms) 
 set [785/1259] : PGM5P3-AS1 - 18001 variants...
     -reading in genotypes, computing gene-based tests and building masks...done (32640ms) 
     -computing association tests...done (22ms) 
     -computing joint association tests...done (0ms) 
 set [786/1259] : PHB1P7 - 4163 variants...
     -reading in genotypes, computing gene-based tests and building masks...done (5402ms) 
     -computing association tests...done (40ms) 
     -computing joint association tests...done (0ms) 
 set [787/1259] : PHF19 - 19997 variants...
     -reading in genotypes, computing gene-based tests and building masks...done (27662ms) 
     -computing association tests...done (56ms) 
     -computing joint association tests...done (0ms) 
 set [788/1259] : PHF24 - 13206 variants...
     -reading in genotypes, computing gene-based tests and building masks...done (17104ms) 
     -computing association tests...done (31ms) 
     -computing joint association tests...done (0ms) 
 set [789/1259] : PHF2 - 51354 variants...
     -reading in genotypes, computing gene-based tests and building masks...done (87201ms) 
     -computing association tests...done (41ms) 
     -computing joint association tests...done (0ms) 
 set [790/1259] : PHPT1 - 7092 variants...
     -reading in genotypes, computing gene-based tests and building masks...done (10462ms) 
     -computing association tests...done (26ms) 
     -computing joint association tests...done (2ms) 
 set [791/1259] : PHYHD1 - 9376 variants...
     -reading in genotypes, computing gene-based tests and building masks...done (15220ms) 
     -computing association tests...done (24ms) 
     -computing joint association tests...done (0ms) 
 set [792/1259] : PIERCE1 - 2525 variants...
     -reading in genotypes, computing gene-based tests and building masks...done (4673ms) 
     -computing association tests...done (16ms) 
     -computing joint association tests...done (0ms) 
 set [793/1259] : PIGO - 6601 variants...
     -reading in genotypes, computing gene-based tests and building masks...done (8680ms) 
     -computing association tests...done (85ms) 
     -computing joint association tests...done (0ms) 
 set [794/1259] : PIP5K1B - 119055 variants...
     -reading in genotypes, computing gene-based tests and building masks...done (296445ms) 
     -computing association tests...done (44ms) 
     -computing joint association tests...done (1ms) 
 set [795/1259] : PIP5KL1 - 3525 variants...
     -reading in genotypes, computing gene-based tests and building masks...done (5426ms) 
     -computing association tests...done (87ms) 
     -computing joint association tests...done (0ms) 
 set [796/1259] : PKN3 - 14121 variants...
     -reading in genotypes, computing gene-based tests and building masks...done (18238ms) 
     -computing association tests...done (67ms) 
     -computing joint association tests...done (0ms) 
 set [797/1259] : PLAA - 25756 variants...
     -reading in genotypes, computing gene-based tests and building masks...done (33861ms) 
     -computing association tests...done (27ms) 
     -computing joint association tests...done (0ms) 
 set [798/1259] : PLGRKT - 51254 variants...
     -reading in genotypes, computing gene-based tests and building masks...done (78386ms) 
     -computing association tests...done (26ms) 
     -computing joint association tests...done (0ms) 
 set [799/1259] : PLIN2 - 24997 variants...
     -reading in genotypes, computing gene-based tests and building masks...done (34791ms) 
     -computing association tests...done (29ms) 
     -computing joint association tests...done (0ms) 
 set [800/1259] : PLPP6 - 7029 variants...
     -reading in genotypes, computing gene-based tests and building masks...done (9907ms) 
     -computing association tests...done (22ms) 
     -computing joint association tests...done (0ms) 
 set [801/1259] : PLPP7 - 29751 variants...
     -reading in genotypes, computing gene-based tests and building masks...done (47840ms) 
     -computing association tests...done (42ms) 
     -computing joint association tests...done (0ms) 
 set [802/1259] : PLPPR1 - 129394 variants...
     -reading in genotypes, computing gene-based tests and building masks...done (313049ms) 
     -computing association tests...done (77ms) 
     -computing joint association tests...done (1ms) 
 set [803/1259] : PMPCA - 9882 variants...
     -reading in genotypes, computing gene-based tests and building masks...done (12821ms) 
     -computing association tests...done (24ms) 
     -computing joint association tests...done (0ms) 
 set [804/1259] : PNPLA7 - 60906 variants...
     -reading in genotypes, computing gene-based tests and building masks...done (149200ms) 
     -computing association tests...done (85ms) 
     -computing joint association tests...done (0ms) 
 set [805/1259] : POLR1E - 9684 variants...
     -reading in genotypes, computing gene-based tests and building masks...done (14582ms) 
     -computing association tests...done (172ms) 
     -computing joint association tests...done (2ms) 
 set [806/1259] : POMT1 - 13046 variants...
     -reading in genotypes, computing gene-based tests and building masks...done (18368ms) 
     -computing association tests...done (62ms) 
     -computing joint association tests...done (0ms) 
 set [807/1259] : PPIAP33 - 5970 variants...
     -reading in genotypes, computing gene-based tests and building masks...done (7556ms) 
     -computing association tests...done (15ms) 
     -computing joint association tests...done (0ms) 
 set [808/1259] : PPIAP87 - 3921 variants...
     -reading in genotypes, computing gene-based tests and building masks...done (4840ms) 
     -computing association tests...done (16ms) 
     -computing joint association tests...done (0ms) 
 set [809/1259] : PPP1R26 - 9596 variants...
     -reading in genotypes, computing gene-based tests and building masks...done (13508ms) 
     -computing association tests...done (37ms) 
     -computing joint association tests...done (0ms) 
 set [810/1259] : PPP1R26-AS1 - 35778 variants...
     -reading in genotypes, computing gene-based tests and building masks...done (84739ms) 
     -computing association tests...done (31ms) 
     -computing joint association tests...done (0ms) 
 set [811/1259] : PPP6C - 22771 variants...
     -reading in genotypes, computing gene-based tests and building masks...done (32985ms) 
     -computing association tests...done (109ms) 
     -computing joint association tests...done (0ms) 
 set [812/1259] : PRDM12 - 15129 variants...
     -reading in genotypes, computing gene-based tests and building masks...done (22350ms) 
     -computing association tests...done (60ms) 
     -computing joint association tests...done (0ms) 
 set [813/1259] : PRELID3BP11 - 4154 variants...
     -reading in genotypes, computing gene-based tests and building masks...done (5364ms) 
     -computing association tests...done (14ms) 
     -computing joint association tests...done (0ms) 
 set [814/1259] : PRKACG - 1810 variants...
     -reading in genotypes, computing gene-based tests and building masks...done (2412ms) 
     -computing association tests...done (12ms) 
     -computing joint association tests...done (0ms) 
 set [815/1259] : PRPF4 - 5497 variants...
     -reading in genotypes, computing gene-based tests and building masks...done (7659ms) 
     -computing association tests...done (52ms) 
     -computing joint association tests...done (0ms) 
 set [816/1259] : PRRC2B - 66920 variants...
     -reading in genotypes, computing gene-based tests and building masks...done (133701ms) 
     -computing association tests...done (172ms) 
     -computing joint association tests...done (1ms) 
 set [817/1259] : PRRT1B - 11686 variants...
     -reading in genotypes, computing gene-based tests and building masks...done (16754ms) 
     -computing association tests...done (35ms) 
     -computing joint association tests...done (0ms) 
 set [818/1259] : PRRX2 - 32208 variants...
     -reading in genotypes, computing gene-based tests and building masks...done (49173ms) 
     -computing association tests...done (28ms) 
     -computing joint association tests...done (0ms) 
 set [819/1259] : PRSS3 - 5027 variants...
     -reading in genotypes, computing gene-based tests and building masks...done (7928ms) 
     -computing association tests...done (21ms) 
     -computing joint association tests...done (0ms) 
 set [820/1259] : PRSS47P - 6646 variants...
     -reading in genotypes, computing gene-based tests and building masks...done (9521ms) 
     -computing association tests...done (45ms) 
     -computing joint association tests...done (0ms) 
 set [821/1259] : PRUNE2 - 122085 variants...
     -reading in genotypes, computing gene-based tests and building masks...done (312925ms) 
     -computing association tests...done (51ms) 
     -computing joint association tests...done (0ms) 
 set [822/1259] : PRXL2C - 11072 variants...
     -reading in genotypes, computing gene-based tests and building masks...done (15610ms) 
     -computing association tests...done (22ms) 
     -computing joint association tests...done (0ms) 
 set [823/1259] : PSAT1 - 19154 variants...
     -reading in genotypes, computing gene-based tests and building masks...done (25573ms) 
     -computing association tests...done (50ms) 
     -computing joint association tests...done (0ms) 
 set [824/1259] : PSIP1 - 31000 variants...
     -reading in genotypes, computing gene-based tests and building masks...done (42517ms) 
     -computing association tests...done (27ms) 
     -computing joint association tests...done (0ms) 
 set [825/1259] : PSMB7 - 27089 variants...
     -reading in genotypes, computing gene-based tests and building masks...done (35160ms) 
     -computing association tests...done (27ms) 
     -computing joint association tests...done (1ms) 
 set [826/1259] : PSMD5 - 14106 variants...
     -reading in genotypes, computing gene-based tests and building masks...done (17852ms) 
     -computing association tests...done (57ms) 
     -computing joint association tests...done (0ms) 
 set [827/1259] : PTAR1 - 24979 variants...
     -reading in genotypes, computing gene-based tests and building masks...done (31306ms) 
     -computing association tests...done (33ms) 
     -computing joint association tests...done (0ms) 
 set [828/1259] : PTBP3 - 57472 variants...
     -reading in genotypes, computing gene-based tests and building masks...done (99940ms) 
     -computing association tests...done (30ms) 
     -computing joint association tests...done (0ms) 
 set [829/1259] : PTCH1 - 39425 variants...
     -reading in genotypes, computing gene-based tests and building masks...done (57632ms) 
     -computing association tests...done (90ms) 
     -computing joint association tests...done (0ms) 
 set [830/1259] : PTCSC2 - 56463 variants...
     -reading in genotypes, computing gene-based tests and building masks...done (90189ms) 
     -computing association tests...done (22ms) 
     -computing joint association tests...done (0ms) 
 set [831/1259] : PTENP1 - 3072 variants...
     -reading in genotypes, computing gene-based tests and building masks...done (3726ms) 
     -computing association tests...done (11ms) 
     -computing joint association tests...done (0ms) 
 set [832/1259] : PTENP1-AS - 5381 variants...
     -reading in genotypes, computing gene-based tests and building masks...done (6543ms) 
     -computing association tests...done (19ms) 
     -computing joint association tests...done (0ms) 
 set [833/1259] : PTGDS - 6786 variants...
     -reading in genotypes, computing gene-based tests and building masks...done (10006ms) 
     -computing association tests...done (21ms) 
     -computing joint association tests...done (0ms) 
 set [834/1259] : PTGER4P2 - 89 variants...
     -reading in genotypes, computing gene-based tests and building masks...done (336ms) 
     -computing association tests...done (14ms) 
     -computing joint association tests...done (0ms) 
 set [835/1259] : PTGES2 - 10716 variants...
     -reading in genotypes, computing gene-based tests and building masks...done (14524ms) 
     -computing association tests...done (25ms) 
     -computing joint association tests...done (0ms) 
 set [836/1259] : PTGES2-AS1 - 1002 variants...
     -reading in genotypes, computing gene-based tests and building masks...done (1537ms) 
     -computing association tests...done (9ms) 
     -computing joint association tests...done (0ms) 
 set [837/1259] : PTGES - 11885 variants...
     -reading in genotypes, computing gene-based tests and building masks...done (15144ms) 
     -computing association tests...done (23ms) 
     -computing joint association tests...done (0ms) 
 set [838/1259] : PTGR1 - 22632 variants...
     -reading in genotypes, computing gene-based tests and building masks...done (31754ms) 
     -computing association tests...done (73ms) 
     -computing joint association tests...done (0ms) 
 set [839/1259] : PTGS1 - 14912 variants...
     -reading in genotypes, computing gene-based tests and building masks...done (20153ms) 
     -computing association tests...done (34ms) 
     -computing joint association tests...done (0ms) 
 set [840/1259] : PTMAP11 - 190 variants...
     -reading in genotypes, computing gene-based tests and building masks...done (395ms) 
     -computing association tests...done (4ms) 
     -computing joint association tests...done (0ms) 
 set [841/1259] : PTMAP12 - 170 variants...
     -reading in genotypes, computing gene-based tests and building masks...done (472ms) 
     -computing association tests...done (3ms) 
     -computing joint association tests...done (0ms) 
 set [842/1259] : PTPA - 20335 variants...
     -reading in genotypes, computing gene-based tests and building masks...done (28445ms) 
     -computing association tests...done (31ms) 
     -computing joint association tests...done (0ms) 
 set [843/1259] : PTPDC1 - 28855 variants...
     -reading in genotypes, computing gene-based tests and building masks...done (36996ms) 
     -computing association tests...done (29ms) 
     -computing joint association tests...done (0ms) 
 set [844/1259] : PTPN3 - 55066 variants...
     -reading in genotypes, computing gene-based tests and building masks...done (86386ms) 
     -computing association tests...done (56ms) 
     -computing joint association tests...done (1ms) 
 set [845/1259] : PTPRD - 1371564 variants...
     -reading in genotypes, computing gene-based tests and building masks...done (72269915ms) 
     -computing association tests...done (131ms) 
     -computing joint association tests...done (0ms) 
 set [846/1259] : PTPRD-DT - 4041 variants...
     -reading in genotypes, computing gene-based tests and building masks...done (5399ms) 
     -computing association tests...done (56ms) 
     -computing joint association tests...done (0ms) 
 set [847/1259] : PTRH1 - 3548 variants...
     -reading in genotypes, computing gene-based tests and building masks...done (5373ms) 
     -computing association tests...done (22ms) 
     -computing joint association tests...done (0ms) 
 set [848/1259] : PUM3 - 53219 variants...
     -reading in genotypes, computing gene-based tests and building masks...done (76874ms) 
     -computing association tests...done (48ms) 
     -computing joint association tests...done (0ms) 
 set [849/1259] : QNG1 - 12312 variants...
     -reading in genotypes, computing gene-based tests and building masks...done (17166ms) 
     -computing association tests...done (21ms) 
     -computing joint association tests...done (0ms) 
 set [850/1259] : QRFP - 4734 variants...
     -reading in genotypes, computing gene-based tests and building masks...done (7299ms) 
     -computing association tests...done (23ms) 
     -computing joint association tests...done (0ms) 
 set [851/1259] : QSOX2 - 26355 variants...
     -reading in genotypes, computing gene-based tests and building masks...done (38903ms) 
     -computing association tests...done (66ms) 
     -computing joint association tests...done (0ms) 
 set [852/1259] : RAB14 - 13775 variants...
     -reading in genotypes, computing gene-based tests and building masks...done (18435ms) 
     -computing association tests...done (52ms) 
     -computing joint association tests...done (0ms) 
 set [853/1259] : RAB1C - 3936 variants...
     -reading in genotypes, computing gene-based tests and building masks...done (5503ms) 
     -computing association tests...done (15ms) 
     -computing joint association tests...done (0ms) 
 set [854/1259] : RAB28P1 - 919 variants...
     -reading in genotypes, computing gene-based tests and building masks...done (4238ms) 
     -computing association tests...done (110ms) 
     -computing joint association tests...done (0ms) 
 set [855/1259] : RAB28P2 - 700 variants...
     -reading in genotypes, computing gene-based tests and building masks...done (3329ms) 
     -computing association tests...done (69ms) 
     -computing joint association tests...done (0ms) 
 set [856/1259] : RAB28P3 - 541 variants...
     -reading in genotypes, computing gene-based tests and building masks...done (1637ms) 
     -computing association tests...done (15ms) 
     -computing joint association tests...done (0ms) 
 set [857/1259] : RAB28P4 - 393 variants...
     -reading in genotypes, computing gene-based tests and building masks...done (1872ms) 
     -computing association tests...done (18ms) 
     -computing joint association tests...done (0ms) 
 set [858/1259] : RABEPK - 17951 variants...
     -reading in genotypes, computing gene-based tests and building masks...done (24911ms) 
     -computing association tests...done (102ms) 
     -computing joint association tests...done (0ms) 
 set [859/1259] : RABGAP1 - 76385 variants...
     -reading in genotypes, computing gene-based tests and building masks...done (144771ms) 
     -computing association tests...done (38ms) 
     -computing joint association tests...done (1ms) 
 set [860/1259] : RABL6 - 13858 variants...
     -reading in genotypes, computing gene-based tests and building masks...done (20390ms) 
     -computing association tests...done (27ms) 
     -computing joint association tests...done (0ms) 
 set [861/1259] : RAD23B - 27258 variants...
     -reading in genotypes, computing gene-based tests and building masks...done (37288ms) 
     -computing association tests...done (31ms) 
     -computing joint association tests...done (0ms) 
 set [862/1259] : RALGDS - 20893 variants...
     -reading in genotypes, computing gene-based tests and building masks...done (29487ms) 
     -computing association tests...done (54ms) 
     -computing joint association tests...done (0ms) 
 set [863/1259] : RALGPS1 - 129362 variants...
     -reading in genotypes, computing gene-based tests and building masks...done (334970ms) 
     -computing association tests...done (36ms) 
     -computing joint association tests...done (0ms) 
 set [864/1259] : RANBP6 - 7905 variants...
     -reading in genotypes, computing gene-based tests and building masks...done (10933ms) 
     -computing association tests...done (25ms) 
     -computing joint association tests...done (0ms) 
 set [865/1259] : RAPGEF1 - 74222 variants...
     -reading in genotypes, computing gene-based tests and building masks...done (137158ms) 
     -computing association tests...done (137ms) 
     -computing joint association tests...done (0ms) 
 set [866/1259] : RASEF - 40412 variants...
     -reading in genotypes, computing gene-based tests and building masks...done (56932ms) 
     -computing association tests...done (36ms) 
     -computing joint association tests...done (0ms) 
 set [867/1259] : RBM17P2 - 751 variants...
     -reading in genotypes, computing gene-based tests and building masks...done (1442ms) 
     -computing association tests...done (7ms) 
     -computing joint association tests...done (0ms) 
 set [868/1259] : RBM18 - 14249 variants...
     -reading in genotypes, computing gene-based tests and building masks...done (19018ms) 
     -computing association tests...done (43ms) 
     -computing joint association tests...done (0ms) 
 set [869/1259] : RBMXP2 - 5090 variants...
     -reading in genotypes, computing gene-based tests and building masks...done (6615ms) 
     -computing association tests...done (16ms) 
     -computing joint association tests...done (0ms) 
 set [870/1259] : RBPJP2 - 920 variants...
     -reading in genotypes, computing gene-based tests and building masks...done (3905ms) 
     -computing association tests...done (6ms) 
     -computing joint association tests...done (0ms) 
 set [871/1259] : RBPJP5 - 1110 variants...
     -reading in genotypes, computing gene-based tests and building masks...done (15281ms) 
     -computing association tests...done (16ms) 
     -computing joint association tests...done (0ms) 
 set [872/1259] : RBPJP6 - 1047 variants...
     -reading in genotypes, computing gene-based tests and building masks...done (8053ms) 
     -computing association tests...done (8ms) 
     -computing joint association tests...done (0ms) 
 set [873/1259] : RBPJP7 - 1904 variants...
     -reading in genotypes, computing gene-based tests and building masks...done (9750ms) 
     -computing association tests...done (10ms) 
     -computing joint association tests...done (0ms) 
 set [874/1259] : RC3H2 - 29199 variants...
     -reading in genotypes, computing gene-based tests and building masks...done (41194ms) 
     -computing association tests...done (38ms) 
     -computing joint association tests...done (0ms) 
 set [875/1259] : RCL1 - 55373 variants...
     -reading in genotypes, computing gene-based tests and building masks...done (105732ms) 
     -computing association tests...done (33ms) 
     -computing joint association tests...done (0ms) 
 set [876/1259] : RECK - 38487 variants...
     -reading in genotypes, computing gene-based tests and building masks...done (60236ms) 
     -computing association tests...done (82ms) 
     -computing joint association tests...done (0ms) 
 set [877/1259] : REXO4 - 7408 variants...
     -reading in genotypes, computing gene-based tests and building masks...done (10882ms) 
     -computing association tests...done (87ms) 
     -computing joint association tests...done (0ms) 
 set [878/1259] : REXO6P - 22818 variants...
     -reading in genotypes, computing gene-based tests and building masks...done (31989ms) 
     -computing association tests...done (26ms) 
     -computing joint association tests...done (0ms) 
 set [879/1259] : RFC5P1 - 5405 variants...
     -reading in genotypes, computing gene-based tests and building masks...done (14848ms) 
     -computing association tests...done (52ms) 
     -computing joint association tests...done (0ms) 
 set [880/1259] : RFK - 8614 variants...
     -reading in genotypes, computing gene-based tests and building masks...done (11828ms) 
     -computing association tests...done (63ms) 
     -computing joint association tests...done (0ms) 
 set [881/1259] : RFX3 - 168016 variants...
     -reading in genotypes, computing gene-based tests and building masks...done (578696ms) 
     -computing association tests...done (59ms) 
     -computing joint association tests...done (0ms) 
 set [882/1259] : RFX3-DT - 70455 variants...
     -reading in genotypes, computing gene-based tests and building masks...done (120427ms) 
     -computing association tests...done (46ms) 
     -computing joint association tests...done (0ms) 
 set [883/1259] : RGP1 - 5139 variants...
     -reading in genotypes, computing gene-based tests and building masks...done (7277ms) 
     -computing association tests...done (23ms) 
     -computing joint association tests...done (0ms) 
 set [884/1259] : RGS3 - 67371 variants...
     -reading in genotypes, computing gene-based tests and building masks...done (117308ms) 
     -computing association tests...done (63ms) 
     -computing joint association tests...done (0ms) 
 set [885/1259] : RIC1 - 89562 variants...
     -reading in genotypes, computing gene-based tests and building masks...done (178015ms) 
     -computing association tests...done (45ms) 
     -computing joint association tests...done (0ms) 
 set [886/1259] : RIGI - 33836 variants...
     -reading in genotypes, computing gene-based tests and building masks...done (49804ms) 
     -computing association tests...done (33ms) 
     -computing joint association tests...done (0ms) 
 set [887/1259] : RLN1 - 8218 variants...
     -reading in genotypes, computing gene-based tests and building masks...done (11437ms) 
     -computing association tests...done (27ms) 
     -computing joint association tests...done (0ms) 
 set [888/1259] : RLN2 - 8521 variants...
     -reading in genotypes, computing gene-based tests and building masks...done (12232ms) 
     -computing association tests...done (56ms) 
     -computing joint association tests...done (0ms) 
 set [889/1259] : RMI1 - 15232 variants...
     -reading in genotypes, computing gene-based tests and building masks...done (20880ms) 
     -computing association tests...done (47ms) 
     -computing joint association tests...done (0ms) 
 set [890/1259] : RMRPP5 - 5984 variants...
     -reading in genotypes, computing gene-based tests and building masks...done (7434ms) 
     -computing association tests...done (15ms) 
     -computing joint association tests...done (0ms) 
 set [891/1259] : RN7SKP120 - 5633 variants...
     -reading in genotypes, computing gene-based tests and building masks...done (6874ms) 
     -computing association tests...done (15ms) 
     -computing joint association tests...done (0ms) 
 set [892/1259] : RN7SKP191 - 118 variants...
     -reading in genotypes, computing gene-based tests and building masks...done (335ms) 
     -computing association tests...done (1ms) 
     -computing joint association tests...done (0ms) 
 set [893/1259] : RN7SKP225 - 4135 variants...
     -reading in genotypes, computing gene-based tests and building masks...done (5314ms) 
     -computing association tests...done (14ms) 
     -computing joint association tests...done (0ms) 
 set [894/1259] : RN7SKP242 - 108 variants...
     -reading in genotypes, computing gene-based tests and building masks...done (328ms) 
     -computing association tests...done (2ms) 
     -computing joint association tests...done (0ms) 
 set [895/1259] : RN7SKP59 - 3968 variants...
     -reading in genotypes, computing gene-based tests and building masks...done (4890ms) 
     -computing association tests...done (12ms) 
     -computing joint association tests...done (0ms) 
 set [896/1259] : RN7SL100P - 62 variants...
     -reading in genotypes, computing gene-based tests and building masks...done (655ms) 
     -computing association tests...done (1ms) 
     -computing joint association tests...done (0ms) 
 set [897/1259] : RN7SL123P - 228 variants...
     -reading in genotypes, computing gene-based tests and building masks...done (446ms) 
     -computing association tests...done (2ms) 
     -computing joint association tests...done (0ms) 
 set [898/1259] : RN7SL151P - 154 variants...
     -reading in genotypes, computing gene-based tests and building masks...done (359ms) 
     -computing association tests...done (14ms) 
     -computing joint association tests...done (0ms) 
 set [899/1259] : RN7SL159P - 2217 variants...
     -reading in genotypes, computing gene-based tests and building masks...done (3076ms) 
     -computing association tests...done (14ms) 
     -computing joint association tests...done (0ms) 
 set [900/1259] : RN7SL338P - 36 variants...
     -reading in genotypes, computing gene-based tests and building masks...done (331ms) 
     -computing association tests...done (49ms) 
     -computing joint association tests...done (0ms) 
 set [901/1259] : RN7SL422P - 131 variants...
     -reading in genotypes, computing gene-based tests and building masks...done (363ms) 
     -computing association tests...done (2ms) 
     -computing joint association tests...done (0ms) 
 set [902/1259] : RN7SL544P - 2 variants...
     -reading in genotypes, computing gene-based tests and building masks...done (57ms) 
 set [903/1259] : RN7SL565P - 1610 variants...
     -reading in genotypes, computing gene-based tests and building masks...done (3280ms) 
     -computing association tests...done (10ms) 
     -computing joint association tests...done (0ms) 
 set [904/1259] : RN7SL592P - 180 variants...
     -reading in genotypes, computing gene-based tests and building masks...done (411ms) 
     -computing association tests...done (1ms) 
     -computing joint association tests...done (0ms) 
 set [905/1259] : RN7SL659P - 2055 variants...
     -reading in genotypes, computing gene-based tests and building masks...done (2796ms) 
     -computing association tests...done (11ms) 
     -computing joint association tests...done (0ms) 
 set [906/1259] : RN7SL720P - 169 variants...
     -reading in genotypes, computing gene-based tests and building masks...done (660ms) 
     -computing association tests...done (47ms) 
     -computing joint association tests...done (0ms) 
 set [907/1259] : RN7SL722P - 1726 variants...
     -reading in genotypes, computing gene-based tests and building masks...done (5023ms) 
     -computing association tests...done (21ms) 
     -computing joint association tests...done (0ms) 
 set [908/1259] : RN7SL763P - 1 variants...
     -reading in genotypes, computing gene-based tests and building masks...done (63ms) 
 set [909/1259] : RN7SL787P - 2257 variants...
     -reading in genotypes, computing gene-based tests and building masks...done (3912ms) 
     -computing association tests...done (15ms) 
     -computing joint association tests...done (0ms) 
 set [910/1259] : RN7SL794P - 366 variants...
     -reading in genotypes, computing gene-based tests and building masks...done (706ms) 
     -computing association tests...done (8ms) 
     -computing joint association tests...done (0ms) 
 set [911/1259] : RN7SL849P - 166 variants...
     -reading in genotypes, computing gene-based tests and building masks...done (351ms) 
     -computing association tests...done (6ms) 
     -computing joint association tests...done (0ms) 
 set [912/1259] : RN7SL98P - 1675 variants...
     -reading in genotypes, computing gene-based tests and building masks...done (2562ms) 
     -computing association tests...done (41ms) 
     -computing joint association tests...done (0ms) 
 set [913/1259] : RNA5SP279 - 59 variants...
     -reading in genotypes, computing gene-based tests and building masks...done (352ms) 
     -computing association tests...done (2ms) 
     -computing joint association tests...done (0ms) 
 set [914/1259] : RNA5SP281 - 48 variants...
     -reading in genotypes, computing gene-based tests and building masks...done (475ms) 
     -computing association tests...done (6ms) 
     -computing joint association tests...done (0ms) 
 set [915/1259] : RNA5SP284 - 95 variants...
     -reading in genotypes, computing gene-based tests and building masks...done (330ms) 
     -computing association tests...done (1ms) 
     -computing joint association tests...done (0ms) 
 set [916/1259] : RNA5SP285 - 850 variants...
     -reading in genotypes, computing gene-based tests and building masks...done (1263ms) 
     -computing association tests...done (9ms) 
     -computing joint association tests...done (0ms) 
 set [917/1259] : RNA5SP286 - 58 variants...
     -reading in genotypes, computing gene-based tests and building masks...done (388ms) 
     -computing association tests...done (1ms) 
     -computing joint association tests...done (0ms) 
 set [918/1259] : RNA5SP287 - 3422 variants...
     -reading in genotypes, computing gene-based tests and building masks...done (4650ms) 
     -computing association tests...done (12ms) 
     -computing joint association tests...done (0ms) 
 set [919/1259] : RNA5SP291 - 5054 variants...
     -reading in genotypes, computing gene-based tests and building masks...done (6271ms) 
     -computing association tests...done (16ms) 
     -computing joint association tests...done (0ms) 
 set [920/1259] : RNA5SP292 - 3844 variants...
     -reading in genotypes, computing gene-based tests and building masks...done (4783ms) 
     -computing association tests...done (42ms) 
     -computing joint association tests...done (0ms) 
 set [921/1259] : RNA5SP293 - 4361 variants...
     -reading in genotypes, computing gene-based tests and building masks...done (5387ms) 
     -computing association tests...done (15ms) 
     -computing joint association tests...done (0ms) 
 set [922/1259] : RNA5SP530 - 90 variants...
     -reading in genotypes, computing gene-based tests and building masks...done (285ms) 
     -computing association tests...done (1ms) 
     -computing joint association tests...done (0ms) 
 set [923/1259] : RNF183 - 7958 variants...
     -reading in genotypes, computing gene-based tests and building masks...done (12576ms) 
     -computing association tests...done (25ms) 
     -computing joint association tests...done (0ms) 
 set [924/1259] : RNF208 - 1468 variants...
     -reading in genotypes, computing gene-based tests and building masks...done (3241ms) 
     -computing association tests...done (33ms) 
     -computing joint association tests...done (0ms) 
 set [925/1259] : RNF20 - 13742 variants...
     -reading in genotypes, computing gene-based tests and building masks...done (17494ms) 
     -computing association tests...done (24ms) 
     -computing joint association tests...done (0ms) 
 set [926/1259] : RNF224 - 7181 variants...
     -reading in genotypes, computing gene-based tests and building masks...done (10921ms) 
     -computing association tests...done (24ms) 
     -computing joint association tests...done (0ms) 
 set [927/1259] : RNF2P1 - 486 variants...
     -reading in genotypes, computing gene-based tests and building masks...done (844ms) 
     -computing association tests...done (48ms) 
     -computing joint association tests...done (0ms) 
 set [928/1259] : RNF38 - 70563 variants...
     -reading in genotypes, computing gene-based tests and building masks...done (154060ms) 
     -computing association tests...done (63ms) 
     -computing joint association tests...done (0ms) 
 set [929/1259] : RNU2-36P - 85 variants...
     -reading in genotypes, computing gene-based tests and building masks...done (230ms) 
     -computing association tests...done (1ms) 
     -computing joint association tests...done (0ms) 
 set [930/1259] : RNU2-47P - 5918 variants...
     -reading in genotypes, computing gene-based tests and building masks...done (7933ms) 
     -computing association tests...done (14ms) 
     -computing joint association tests...done (0ms) 
 set [931/1259] : RNU4-15P - 4021 variants...
     -reading in genotypes, computing gene-based tests and building masks...done (5045ms) 
     -computing association tests...done (12ms) 
     -computing joint association tests...done (0ms) 
 set [932/1259] : RNU4ATAC15P - 45 variants...
     -reading in genotypes, computing gene-based tests and building masks...done (511ms) 
     -computing association tests...done (1ms) 
     -computing joint association tests...done (0ms) 
 set [933/1259] : RNU6-1013P - 697 variants...
     -reading in genotypes, computing gene-based tests and building masks...done (1115ms) 
     -computing association tests...done (12ms) 
     -computing joint association tests...done (0ms) 
 set [934/1259] : RNU6-1035P - 60 variants...
     -reading in genotypes, computing gene-based tests and building masks...done (369ms) 
     -computing association tests...done (1ms) 
     -computing joint association tests...done (0ms) 
 set [935/1259] : RNU6-1064P - 434 variants...
     -reading in genotypes, computing gene-based tests and building masks...done (877ms) 
     -computing association tests...done (4ms) 
     -computing joint association tests...done (0ms) 
 set [936/1259] : RNU6-1073P - 47 variants...
     -reading in genotypes, computing gene-based tests and building masks...done (920ms) 
     -computing association tests...done (1ms) 
     -computing joint association tests...done (0ms) 
 set [937/1259] : RNU6-1228P - 4116 variants...
     -reading in genotypes, computing gene-based tests and building masks...done (5078ms) 
     -computing association tests...done (15ms) 
     -computing joint association tests...done (0ms) 
 set [938/1259] : RNU6-1269P - 48 variants...
     -reading in genotypes, computing gene-based tests and building masks...done (268ms) 
     -computing association tests...done (1ms) 
     -computing joint association tests...done (0ms) 
 set [939/1259] : RNU6-1293P - 2 variants...
     -reading in genotypes, computing gene-based tests and building masks...done (78ms) 
 set [940/1259] : RNU6-156P - 71 variants...
     -reading in genotypes, computing gene-based tests and building masks...done (751ms) 
     -computing association tests...done (1ms) 
     -computing joint association tests...done (0ms) 
 set [941/1259] : RNU6-246P - 3549 variants...
     -reading in genotypes, computing gene-based tests and building masks...done (4610ms) 
     -computing association tests...done (48ms) 
     -computing joint association tests...done (0ms) 
 set [942/1259] : RNU6-329P - 46 variants...
     -reading in genotypes, computing gene-based tests and building masks...done (784ms) 
     -computing association tests...done (49ms) 
     -computing joint association tests...done (0ms) 
 set [943/1259] : RNU6-492P - 46 variants...
     -reading in genotypes, computing gene-based tests and building masks...done (435ms) 
     -computing association tests...done (60ms) 
     -computing joint association tests...done (0ms) 
 set [944/1259] : RNU6-599P - 65 variants...
     -reading in genotypes, computing gene-based tests and building masks...done (346ms) 
     -computing association tests...done (1ms) 
     -computing joint association tests...done (0ms) 
 set [945/1259] : RNU6-669P - 47 variants...
     -reading in genotypes, computing gene-based tests and building masks...done (370ms) 
     -computing association tests...done (2ms) 
     -computing joint association tests...done (0ms) 
 set [946/1259] : RNU6-694P - 6843 variants...
     -reading in genotypes, computing gene-based tests and building masks...done (8602ms) 
     -computing association tests...done (15ms) 
     -computing joint association tests...done (0ms) 
 set [947/1259] : RNU6-710P - 42 variants...
     -reading in genotypes, computing gene-based tests and building masks...done (434ms) 
     -computing association tests...done (49ms) 
     -computing joint association tests...done (0ms) 
 set [948/1259] : RNU6-765P - 3633 variants...
     -reading in genotypes, computing gene-based tests and building masks...done (4591ms) 
     -computing association tests...done (13ms) 
     -computing joint association tests...done (0ms) 
 set [949/1259] : RNU6-785P - 5 variants...
     -reading in genotypes, computing gene-based tests and building masks...done (103ms) 
     -computing association tests...done (15ms) 
     -computing joint association tests...done (0ms) 
 set [950/1259] : RNU6-798P - 40 variants...
     -reading in genotypes, computing gene-based tests and building masks...done (426ms) 
     -computing association tests...done (1ms) 
     -computing joint association tests...done (0ms) 
 set [951/1259] : RNU6-829P - 3949 variants...
     -reading in genotypes, computing gene-based tests and building masks...done (4977ms) 
     -computing association tests...done (46ms) 
     -computing joint association tests...done (0ms) 
 set [952/1259] : RNU6-86P - 1901 variants...
     -reading in genotypes, computing gene-based tests and building masks...done (2644ms) 
     -computing association tests...done (7ms) 
     -computing joint association tests...done (0ms) 
 set [953/1259] : RNU6-918P - 4005 variants...
     -reading in genotypes, computing gene-based tests and building masks...done (5105ms) 
     -computing association tests...done (16ms) 
     -computing joint association tests...done (0ms) 
 set [954/1259] : RNU6-996P - 4297 variants...
     -reading in genotypes, computing gene-based tests and building masks...done (5412ms) 
     -computing association tests...done (51ms) 
     -computing joint association tests...done (0ms) 
 set [955/1259] : RNU7-21P - 1105 variants...
     -reading in genotypes, computing gene-based tests and building masks...done (1672ms) 
     -computing association tests...done (10ms) 
     -computing joint association tests...done (0ms) 
 set [956/1259] : RNY4P18 - 4143 variants...
     -reading in genotypes, computing gene-based tests and building masks...done (5156ms) 
     -computing association tests...done (14ms) 
     -computing joint association tests...done (0ms) 
 set [957/1259] : ROR2 - 174339 variants...
     -reading in genotypes, computing gene-based tests and building masks...done (626713ms) 
     -computing association tests...done (41ms) 
     -computing joint association tests...done (0ms) 
 set [958/1259] : RORB - 83824 variants...
     -reading in genotypes, computing gene-based tests and building masks...done (160296ms) 
     -computing association tests...done (62ms) 
     -computing joint association tests...done (0ms) 
 set [959/1259] : RORB-AS1 - 166176 variants...
     -reading in genotypes, computing gene-based tests and building masks...done (473464ms) 
     -computing association tests...done (33ms) 
     -computing joint association tests...done (1ms) 
 set [960/1259] : RPL12 - 1862 variants...
     -reading in genotypes, computing gene-based tests and building masks...done (3751ms) 
     -computing association tests...done (48ms) 
     -computing joint association tests...done (0ms) 
 set [961/1259] : RPL21P82 - 5030 variants...
     -reading in genotypes, computing gene-based tests and building masks...done (6428ms) 
     -computing association tests...done (15ms) 
     -computing joint association tests...done (0ms) 
 set [962/1259] : RPL21P84 - 2490 variants...
     -reading in genotypes, computing gene-based tests and building masks...done (3520ms) 
     -computing association tests...done (50ms) 
     -computing joint association tests...done (0ms) 
 set [963/1259] : RPL21P85 - 3462 variants...
     -reading in genotypes, computing gene-based tests and building masks...done (4751ms) 
     -computing association tests...done (15ms) 
     -computing joint association tests...done (0ms) 
 set [964/1259] : RPL21P86 - 2056 variants...
     -reading in genotypes, computing gene-based tests and building masks...done (2687ms) 
     -computing association tests...done (11ms) 
     -computing joint association tests...done (0ms) 
 set [965/1259] : RPL31P42 - 129 variants...
     -reading in genotypes, computing gene-based tests and building masks...done (394ms) 
     -computing association tests...done (3ms) 
     -computing joint association tests...done (0ms) 
 set [966/1259] : RPL32P21 - 157 variants...
     -reading in genotypes, computing gene-based tests and building masks...done (297ms) 
     -computing association tests...done (1ms) 
     -computing joint association tests...done (0ms) 
 set [967/1259] : RPL32P22 - 4253 variants...
     -reading in genotypes, computing gene-based tests and building masks...done (5280ms) 
     -computing association tests...done (13ms) 
     -computing joint association tests...done (0ms) 
 set [968/1259] : RPL35 - 6462 variants...
     -reading in genotypes, computing gene-based tests and building masks...done (9639ms) 
     -computing association tests...done (63ms) 
     -computing joint association tests...done (0ms) 
 set [969/1259] : RPL35AP20 - 161 variants...
     -reading in genotypes, computing gene-based tests and building masks...done (364ms) 
     -computing association tests...done (2ms) 
     -computing joint association tests...done (0ms) 
 set [970/1259] : RPL35AP21 - 4298 variants...
     -reading in genotypes, computing gene-based tests and building masks...done (5244ms) 
     -computing association tests...done (13ms) 
     -computing joint association tests...done (0ms) 
 set [971/1259] : RPL35AP22 - 4564 variants...
     -reading in genotypes, computing gene-based tests and building masks...done (5821ms) 
     -computing association tests...done (40ms) 
     -computing joint association tests...done (0ms) 
 set [972/1259] : RPL36AP35 - 4945 variants...
     -reading in genotypes, computing gene-based tests and building masks...done (6295ms) 
     -computing association tests...done (15ms) 
     -computing joint association tests...done (0ms) 
 set [973/1259] : RPL36AP6 - 4504 variants...
     -reading in genotypes, computing gene-based tests and building masks...done (5404ms) 
     -computing association tests...done (39ms) 
     -computing joint association tests...done (0ms) 
 set [974/1259] : RPL36P14 - 5717 variants...
     -reading in genotypes, computing gene-based tests and building masks...done (7074ms) 
     -computing association tests...done (15ms) 
     -computing joint association tests...done (0ms) 
 set [975/1259] : RPL3P11 - 5664 variants...
     -reading in genotypes, computing gene-based tests and building masks...done (6862ms) 
     -computing association tests...done (12ms) 
     -computing joint association tests...done (0ms) 
 set [976/1259] : RPL4P5 - 6094 variants...
     -reading in genotypes, computing gene-based tests and building masks...done (7319ms) 
     -computing association tests...done (15ms) 
     -computing joint association tests...done (0ms) 
 set [977/1259] : RPL7A - 4378 variants...
     -reading in genotypes, computing gene-based tests and building masks...done (6104ms) 
     -computing association tests...done (41ms) 
     -computing joint association tests...done (0ms) 
 set [978/1259] : RPL7AP45 - 321 variants...
     -reading in genotypes, computing gene-based tests and building masks...done (646ms) 
     -computing association tests...done (9ms) 
     -computing joint association tests...done (0ms) 
 set [979/1259] : RPL7AP46 - 5839 variants...
     -reading in genotypes, computing gene-based tests and building masks...done (7445ms) 
     -computing association tests...done (41ms) 
     -computing joint association tests...done (0ms) 
 set [980/1259] : RPL7AP49 - 330 variants...
     -reading in genotypes, computing gene-based tests and building masks...done (720ms) 
     -computing association tests...done (5ms) 
     -computing joint association tests...done (0ms) 
 set [981/1259] : RPL7AP76 - 19 variants...
     -reading in genotypes, computing gene-based tests and building masks...done (304ms) 
     -computing association tests...done (16ms) 
     -computing joint association tests...done (0ms) 
 set [982/1259] : RPL7P33 - 6534 variants...
     -reading in genotypes, computing gene-based tests and building masks...done (8909ms) 
     -computing association tests...done (15ms) 
     -computing joint association tests...done (0ms) 
 set [983/1259] : RPP25L - 2542 variants...
     -reading in genotypes, computing gene-based tests and building masks...done (4710ms) 
     -computing association tests...done (22ms) 
     -computing joint association tests...done (0ms) 
 set [984/1259] : RPS10P3 - 4733 variants...
     -reading in genotypes, computing gene-based tests and building masks...done (6349ms) 
     -computing association tests...done (15ms) 
     -computing joint association tests...done (0ms) 
 set [985/1259] : RPS15AP27 - 117 variants...
     -reading in genotypes, computing gene-based tests and building masks...done (358ms) 
     -computing association tests...done (2ms) 
     -computing joint association tests...done (0ms) 
 set [986/1259] : RPS19P6 - 188 variants...
     -reading in genotypes, computing gene-based tests and building masks...done (434ms) 
     -computing association tests...done (5ms) 
     -computing joint association tests...done (0ms) 
 set [987/1259] : RPS20P25 - 3152 variants...
     -reading in genotypes, computing gene-based tests and building masks...done (3931ms) 
     -computing association tests...done (15ms) 
     -computing joint association tests...done (0ms) 
 set [988/1259] : RPS26P2 - 4555 variants...
     -reading in genotypes, computing gene-based tests and building masks...done (5509ms) 
     -computing association tests...done (50ms) 
     -computing joint association tests...done (0ms) 
 set [989/1259] : RPS27AP14 - 5908 variants...
     -reading in genotypes, computing gene-based tests and building masks...done (7225ms) 
     -computing association tests...done (45ms) 
     -computing joint association tests...done (0ms) 
 set [990/1259] : RPS29P33 - 75 variants...
     -reading in genotypes, computing gene-based tests and building masks...done (656ms) 
     -computing association tests...done (1ms) 
     -computing joint association tests...done (0ms) 
 set [991/1259] : RPS3AP54 - 435 variants...
     -reading in genotypes, computing gene-based tests and building masks...done (1652ms) 
     -computing association tests...done (9ms) 
     -computing joint association tests...done (0ms) 
 set [992/1259] : RPS6 - 8631 variants...
     -reading in genotypes, computing gene-based tests and building masks...done (11159ms) 
     -computing association tests...done (33ms) 
     -computing joint association tests...done (0ms) 
 set [993/1259] : RPSAP49 - 2385 variants...
     -reading in genotypes, computing gene-based tests and building masks...done (3283ms) 
     -computing association tests...done (40ms) 
     -computing joint association tests...done (0ms) 
 set [994/1259] : RPSAP76 - 328 variants...
     -reading in genotypes, computing gene-based tests and building masks...done (1481ms) 
     -computing association tests...done (12ms) 
     -computing joint association tests...done (0ms) 
 set [995/1259] : RRAGA - 2252 variants...
     -reading in genotypes, computing gene-based tests and building masks...done (3158ms) 
     -computing association tests...done (12ms) 
     -computing joint association tests...done (0ms) 
 set [996/1259] : RUSC2 - 28877 variants...
     -reading in genotypes, computing gene-based tests and building masks...done (40753ms) 
     -computing association tests...done (126ms) 
     -computing joint association tests...done (0ms) 
 set [997/1259] : RXRA - 74865 variants...
     -reading in genotypes, computing gene-based tests and building masks...done (166889ms) 
     -computing association tests...done (123ms) 
     -computing joint association tests...done (0ms) 
 set [998/1259] : S1PR3 - 7820 variants...
     -reading in genotypes, computing gene-based tests and building masks...done (10368ms) 
     -computing association tests...done (56ms) 
     -computing joint association tests...done (0ms) 
 set [999/1259] : SAPCD2 - 6946 variants...
     -reading in genotypes, computing gene-based tests and building masks...done (10154ms) 
     -computing association tests...done (31ms) 
     -computing joint association tests...done (0ms) 
 set [1000/1259] : SARDH - 44969 variants...
     -reading in genotypes, computing gene-based tests and building masks...done (237267ms) 
     -computing association tests...done (73ms) 
     -computing joint association tests...done (2ms) 
 set [1001/1259] : SAXO1 - 70312 variants...
     -reading in genotypes, computing gene-based tests and building masks...done (124137ms) 
     -computing association tests...done (48ms) 
     -computing joint association tests...done (0ms) 
 set [1002/1259] : SCAI - 94899 variants...
     -reading in genotypes, computing gene-based tests and building masks...done (243235ms) 
     -computing association tests...done (33ms) 
     -computing joint association tests...done (1ms) 
 set [1003/1259] : SDR42E1P1 - 3156 variants...
     -reading in genotypes, computing gene-based tests and building masks...done (18420ms) 
     -computing association tests...done (19ms) 
     -computing joint association tests...done (1ms) 
 set [1004/1259] : SDR42E1P2 - 4104 variants...
     -reading in genotypes, computing gene-based tests and building masks...done (5565ms) 
     -computing association tests...done (14ms) 
     -computing joint association tests...done (0ms) 
 set [1005/1259] : SDR42E1P3 - 3072 variants...
     -reading in genotypes, computing gene-based tests and building masks...done (7694ms) 
     -computing association tests...done (10ms) 
     -computing joint association tests...done (0ms) 
 set [1006/1259] : SDR42E1P4 - 2867 variants...
     -reading in genotypes, computing gene-based tests and building masks...done (4599ms) 
     -computing association tests...done (12ms) 
     -computing joint association tests...done (0ms) 
 set [1007/1259] : SEC16A - 20476 variants...
     -reading in genotypes, computing gene-based tests and building masks...done (28124ms) 
     -computing association tests...done (51ms) 
     -computing joint association tests...done (0ms) 
 set [1008/1259] : SEC61B - 5587 variants...
     -reading in genotypes, computing gene-based tests and building masks...done (9581ms) 
     -computing association tests...done (132ms) 
     -computing joint association tests...done (0ms) 
 set [1009/1259] : SECISBP2 - 18489 variants...
     -reading in genotypes, computing gene-based tests and building masks...done (24608ms) 
     -computing association tests...done (49ms) 
     -computing joint association tests...done (0ms) 
 set [1010/1259] : SELENOTP1 - 264 variants...
     -reading in genotypes, computing gene-based tests and building masks...done (633ms) 
     -computing association tests...done (3ms) 
     -computing joint association tests...done (0ms) 
 set [1011/1259] : SEMA4D - 73461 variants...
     -reading in genotypes, computing gene-based tests and building masks...done (147392ms) 
     -computing association tests...done (151ms) 
     -computing joint association tests...done (0ms) 
 set [1012/1259] : SET - 7962 variants...
     -reading in genotypes, computing gene-based tests and building masks...done (11527ms) 
     -computing association tests...done (116ms) 
     -computing joint association tests...done (0ms) 
 set [1013/1259] : SETX - 49206 variants...
     -reading in genotypes, computing gene-based tests and building masks...done (78655ms) 
     -computing association tests...done (90ms) 
     -computing joint association tests...done (0ms) 
 set [1014/1259] : SH2D3C - 17137 variants...
     -reading in genotypes, computing gene-based tests and building masks...done (22285ms) 
     -computing association tests...done (35ms) 
     -computing joint association tests...done (0ms) 
 set [1015/1259] : SH3GL2 - 127416 variants...
     -reading in genotypes, computing gene-based tests and building masks...done (317376ms) 
     -computing association tests...done (36ms) 
     -computing joint association tests...done (0ms) 
 set [1016/1259] : SH3GLB2 - 9470 variants...
     -reading in genotypes, computing gene-based tests and building masks...done (14303ms) 
     -computing association tests...done (33ms) 
     -computing joint association tests...done (0ms) 
 set [1017/1259] : SHB - 71107 variants...
     -reading in genotypes, computing gene-based tests and building masks...done (135765ms) 
     -computing association tests...done (93ms) 
     -computing joint association tests...done (1ms) 
 set [1018/1259] : SHC3 - 75117 variants...
     -reading in genotypes, computing gene-based tests and building masks...done (140993ms) 
     -computing association tests...done (58ms) 
     -computing joint association tests...done (2ms) 
 set [1019/1259] : SHOC1 - 40819 variants...
     -reading in genotypes, computing gene-based tests and building masks...done (57690ms) 
     -computing association tests...done (70ms) 
     -computing joint association tests...done (0ms) 
 set [1020/1259] : SIGMAR1 - 4836 variants...
     -reading in genotypes, computing gene-based tests and building masks...done (7722ms) 
     -computing association tests...done (21ms) 
     -computing joint association tests...done (0ms) 
 set [1021/1259] : SIT1 - 5166 variants...
     -reading in genotypes, computing gene-based tests and building masks...done (8034ms) 
     -computing association tests...done (144ms) 
     -computing joint association tests...done (1ms) 
 set [1022/1259] : SKA2P1 - 4897 variants...
     -reading in genotypes, computing gene-based tests and building masks...done (6017ms) 
     -computing association tests...done (14ms) 
     -computing joint association tests...done (0ms) 
 set [1023/1259] : SKP1P3 - 277 variants...
     -reading in genotypes, computing gene-based tests and building masks...done (753ms) 
     -computing association tests...done (8ms) 
     -computing joint association tests...done (0ms) 
 set [1024/1259] : SLC1A1 - 56844 variants...
     -reading in genotypes, computing gene-based tests and building masks...done (89564ms) 
     -computing association tests...done (50ms) 
     -computing joint association tests...done (0ms) 
 set [1025/1259] : SLC24A2 - 157611 variants...
     -reading in genotypes, computing gene-based tests and building masks...done (478676ms) 
     -computing association tests...done (48ms) 
     -computing joint association tests...done (0ms) 
 set [1026/1259] : SLC25A25 - 17643 variants...
     -reading in genotypes, computing gene-based tests and building masks...done (23559ms) 
     -computing association tests...done (23ms) 
     -computing joint association tests...done (0ms) 
 set [1027/1259] : SLC25A25-AS1 - 617 variants...
     -reading in genotypes, computing gene-based tests and building masks...done (1043ms) 
     -computing association tests...done (52ms) 
     -computing joint association tests...done (0ms) 
 set [1028/1259] : SLC25A51 - 11424 variants...
     -reading in genotypes, computing gene-based tests and building masks...done (16697ms) 
     -computing association tests...done (29ms) 
     -computing joint association tests...done (0ms) 
 set [1029/1259] : SLC25A5P8 - 354 variants...
     -reading in genotypes, computing gene-based tests and building masks...done (799ms) 
     -computing association tests...done (52ms) 
     -computing joint association tests...done (0ms) 
 set [1030/1259] : SLC25A6P2 - 7272 variants...
     -reading in genotypes, computing gene-based tests and building masks...done (9811ms) 
     -computing association tests...done (15ms) 
     -computing joint association tests...done (0ms) 
 set [1031/1259] : SLC25A6P5 - 1892 variants...
     -reading in genotypes, computing gene-based tests and building masks...done (2797ms) 
     -computing association tests...done (61ms) 
     -computing joint association tests...done (0ms) 
 set [1032/1259] : SLC27A4 - 14854 variants...
     -reading in genotypes, computing gene-based tests and building masks...done (19727ms) 
     -computing association tests...done (30ms) 
     -computing joint association tests...done (0ms) 
 set [1033/1259] : SLC28A3 - 28866 variants...
     -reading in genotypes, computing gene-based tests and building masks...done (41196ms) 
     -computing association tests...done (31ms) 
     -computing joint association tests...done (0ms) 
 set [1034/1259] : SLC2A6 - 6306 variants...
     -reading in genotypes, computing gene-based tests and building masks...done (8810ms) 
     -computing association tests...done (70ms) 
     -computing joint association tests...done (0ms) 
 set [1035/1259] : SLC2A8 - 13573 variants...
     -reading in genotypes, computing gene-based tests and building masks...done (27969ms) 
     -computing association tests...done (26ms) 
     -computing joint association tests...done (0ms) 
 set [1036/1259] : SLC31A1 - 19652 variants...
     -reading in genotypes, computing gene-based tests and building masks...done (26271ms) 
     -computing association tests...done (21ms) 
     -computing joint association tests...done (0ms) 
 set [1037/1259] : SLC31A2 - 9334 variants...
     -reading in genotypes, computing gene-based tests and building masks...done (13125ms) 
     -computing association tests...done (86ms) 
     -computing joint association tests...done (0ms) 
 set [1038/1259] : SLC34A3 - 936 variants...
     -reading in genotypes, computing gene-based tests and building masks...done (2888ms) 
     -computing association tests...done (95ms) 
     -computing joint association tests...done (0ms) 
 set [1039/1259] : SLC35D2 - 31852 variants...
     -reading in genotypes, computing gene-based tests and building masks...done (46525ms) 
     -computing association tests...done (34ms) 
     -computing joint association tests...done (0ms) 
 set [1040/1259] : SLC44A1 - 82635 variants...
     -reading in genotypes, computing gene-based tests and building masks...done (175540ms) 
     -computing association tests...done (60ms) 
     -computing joint association tests...done (1ms) 
 set [1041/1259] : SLC46A2 - 11405 variants...
     -reading in genotypes, computing gene-based tests and building masks...done (16628ms) 
     -computing association tests...done (29ms) 
     -computing joint association tests...done (0ms) 
 set [1042/1259] : SMARCA2 - 102907 variants...
     -reading in genotypes, computing gene-based tests and building masks...done (220648ms) 
     -computing association tests...done (59ms) 
     -computing joint association tests...done (1ms) 
 set [1043/1259] : SMC2 - 24481 variants...
     -reading in genotypes, computing gene-based tests and building masks...done (32418ms) 
     -computing association tests...done (29ms) 
     -computing joint association tests...done (0ms) 
 set [1044/1259] : SMC2-DT - 62244 variants...
     -reading in genotypes, computing gene-based tests and building masks...done (104943ms) 
     -computing association tests...done (41ms) 
     -computing joint association tests...done (2ms) 
 set [1045/1259] : SMC5 - 42547 variants...
     -reading in genotypes, computing gene-based tests and building masks...done (61258ms) 
     -computing association tests...done (59ms) 
     -computing joint association tests...done (0ms) 
 set [1046/1259] : SMIM27 - 284 variants...
     -reading in genotypes, computing gene-based tests and building masks...done (528ms) 
     -computing association tests...done (3ms) 
     -computing joint association tests...done (0ms) 
 set [1047/1259] : SMU1 - 17825 variants...
     -reading in genotypes, computing gene-based tests and building masks...done (24294ms) 
     -computing association tests...done (53ms) 
     -computing joint association tests...done (0ms) 
 set [1048/1259] : SNAPC3 - 24527 variants...
     -reading in genotypes, computing gene-based tests and building masks...done (32154ms) 
     -computing association tests...done (31ms) 
     -computing joint association tests...done (0ms) 
 set [1049/1259] : SNAPC4 - 15472 variants...
     -reading in genotypes, computing gene-based tests and building masks...done (21151ms) 
     -computing association tests...done (76ms) 
     -computing joint association tests...done (0ms) 
 set [1050/1259] : SNHG7 - 1650 variants...
     -reading in genotypes, computing gene-based tests and building masks...done (2323ms) 
     -computing association tests...done (13ms) 
     -computing joint association tests...done (0ms) 
 set [1051/1259] : SNORA70 - 161 variants...
     -reading in genotypes, computing gene-based tests and building masks...done (592ms) 
     -computing association tests...done (6ms) 
     -computing joint association tests...done (0ms) 
 set [1052/1259] : SNORD39 - 41 variants...
     -reading in genotypes, computing gene-based tests and building masks...done (789ms) 
     -computing association tests...done (2ms) 
     -computing joint association tests...done (0ms) 
 set [1053/1259] : SNRPCP1 - 183 variants...
     -reading in genotypes, computing gene-based tests and building masks...done (402ms) 
     -computing association tests...done (2ms) 
     -computing joint association tests...done (0ms) 
 set [1054/1259] : SNRPEP2 - 6607 variants...
     -reading in genotypes, computing gene-based tests and building masks...done (9176ms) 
     -computing association tests...done (16ms) 
     -computing joint association tests...done (0ms) 
 set [1055/1259] : SNX18P4 - 1642 variants...
     -reading in genotypes, computing gene-based tests and building masks...done (7738ms) 
     -computing association tests...done (14ms) 
     -computing joint association tests...done (0ms) 
 set [1056/1259] : SNX18P5 - 4408 variants...
     -reading in genotypes, computing gene-based tests and building masks...done (5683ms) 
     -computing association tests...done (14ms) 
     -computing joint association tests...done (0ms) 
 set [1057/1259] : SNX18P8 - 177 variants...
     -reading in genotypes, computing gene-based tests and building masks...done (540ms) 
     -computing association tests...done (6ms) 
     -computing joint association tests...done (0ms) 
 set [1058/1259] : SNX18P9 - 2461 variants...
     -reading in genotypes, computing gene-based tests and building masks...done (4191ms) 
     -computing association tests...done (52ms) 
     -computing joint association tests...done (0ms) 
 set [1059/1259] : SNX30 - 64039 variants...
     -reading in genotypes, computing gene-based tests and building masks...done (133676ms) 
     -computing association tests...done (32ms) 
     -computing joint association tests...done (1ms) 
 set [1060/1259] : SNX30-DT - 3096 variants...
     -reading in genotypes, computing gene-based tests and building masks...done (3965ms) 
     -computing association tests...done (11ms) 
     -computing joint association tests...done (0ms) 
 set [1061/1259] : SOCS5P2 - 585 variants...
     -reading in genotypes, computing gene-based tests and building masks...done (1988ms) 
     -computing association tests...done (166ms) 
     -computing joint association tests...done (0ms) 
 set [1062/1259] : SOHLH1 - 5164 variants...
     -reading in genotypes, computing gene-based tests and building masks...done (8377ms) 
     -computing association tests...done (30ms) 
     -computing joint association tests...done (0ms) 
 set [1063/1259] : SPAAR - 11471 variants...
     -reading in genotypes, computing gene-based tests and building masks...done (17742ms) 
     -computing association tests...done (66ms) 
     -computing joint association tests...done (0ms) 
 set [1064/1259] : SPACA9 - 5476 variants...
     -reading in genotypes, computing gene-based tests and building masks...done (8061ms) 
     -computing association tests...done (22ms) 
     -computing joint association tests...done (0ms) 
 set [1065/1259] : SPATA31A1 - 10471 variants...
     -reading in genotypes, computing gene-based tests and building masks...done (26703ms) 
     -computing association tests...done (62ms) 
     -computing joint association tests...done (0ms) 
 set [1066/1259] : SPATA31A3 - 10209 variants...
     -reading in genotypes, computing gene-based tests and building masks...done (20559ms) 
     -computing association tests...done (62ms) 
     -computing joint association tests...done (0ms) 
 set [1067/1259] : SPATA31A5 - 11063 variants...
     -reading in genotypes, computing gene-based tests and building masks...done (67472ms) 
     -computing association tests...done (125ms) 
     -computing joint association tests...done (1ms) 
 set [1068/1259] : SPATA31A6 - 16822 variants...
     -reading in genotypes, computing gene-based tests and building masks...done (44831ms) 
     -computing association tests...done (42ms) 
     -computing joint association tests...done (0ms) 
 set [1069/1259] : SPATA31A7 - 10962 variants...
     -reading in genotypes, computing gene-based tests and building masks...done (30583ms) 
     -computing association tests...done (54ms) 
     -computing joint association tests...done (0ms) 
 set [1070/1259] : SPATA31C1 - 10934 variants...
     -reading in genotypes, computing gene-based tests and building masks...done (25051ms) 
     -computing association tests...done (54ms) 
     -computing joint association tests...done (0ms) 
 set [1071/1259] : SPATA31C2 - 13050 variants...
     -reading in genotypes, computing gene-based tests and building masks...done (23408ms) 
     -computing association tests...done (82ms) 
     -computing joint association tests...done (0ms) 
 set [1072/1259] : SPATA31D1 - 7806 variants...
     -reading in genotypes, computing gene-based tests and building masks...done (10775ms) 
     -computing association tests...done (94ms) 
     -computing joint association tests...done (0ms) 
 set [1073/1259] : SPATA31D3 - 5922 variants...
     -reading in genotypes, computing gene-based tests and building masks...done (13328ms) 
     -computing association tests...done (106ms) 
     -computing joint association tests...done (0ms) 
 set [1074/1259] : SPATA31D4 - 3942 variants...
     -reading in genotypes, computing gene-based tests and building masks...done (14742ms) 
     -computing association tests...done (70ms) 
     -computing joint association tests...done (0ms) 
 set [1075/1259] : SPATA31D5P - 5630 variants...
     -reading in genotypes, computing gene-based tests and building masks...done (9028ms) 
     -computing association tests...done (19ms) 
     -computing joint association tests...done (0ms) 
 set [1076/1259] : SPATA31E1 - 7574 variants...
     -reading in genotypes, computing gene-based tests and building masks...done (10299ms) 
     -computing association tests...done (37ms) 
     -computing joint association tests...done (0ms) 
 set [1077/1259] : SPATA31F1 - 6241 variants...
     -reading in genotypes, computing gene-based tests and building masks...done (8584ms) 
     -computing association tests...done (37ms) 
     -computing joint association tests...done (0ms) 
 set [1078/1259] : SPATA31F3 - 6078 variants...
     -reading in genotypes, computing gene-based tests and building masks...done (8616ms) 
     -computing association tests...done (22ms) 
     -computing joint association tests...done (0ms) 
 set [1079/1259] : SPATA31G1 - 5648 variants...
     -reading in genotypes, computing gene-based tests and building masks...done (8046ms) 
     -computing association tests...done (31ms) 
     -computing joint association tests...done (0ms) 
 set [1080/1259] : SPATA6L - 37897 variants...
     -reading in genotypes, computing gene-based tests and building masks...done (62283ms) 
     -computing association tests...done (71ms) 
     -computing joint association tests...done (0ms) 
 set [1081/1259] : SPIN1 - 50475 variants...
     -reading in genotypes, computing gene-based tests and building masks...done (89895ms) 
     -computing association tests...done (97ms) 
     -computing joint association tests...done (0ms) 
 set [1082/1259] : SPINK4 - 17047 variants...
     -reading in genotypes, computing gene-based tests and building masks...done (23496ms) 
     -computing association tests...done (55ms) 
     -computing joint association tests...done (0ms) 
 set [1083/1259] : SPMIP6 - 9146 variants...
     -reading in genotypes, computing gene-based tests and building masks...done (11938ms) 
     -computing association tests...done (24ms) 
     -computing joint association tests...done (0ms) 
 set [1084/1259] : SPOUT1 - 6101 variants...
     -reading in genotypes, computing gene-based tests and building masks...done (8910ms) 
     -computing association tests...done (27ms) 
     -computing joint association tests...done (0ms) 
 set [1085/1259] : SPTAN1 - 36931 variants...
     -reading in genotypes, computing gene-based tests and building masks...done (55484ms) 
     -computing association tests...done (34ms) 
     -computing joint association tests...done (0ms) 
 set [1086/1259] : SPTLC1 - 44427 variants...
     -reading in genotypes, computing gene-based tests and building masks...done (65943ms) 
     -computing association tests...done (104ms) 
     -computing joint association tests...done (0ms) 
 set [1087/1259] : SSNA1 - 960 variants...
     -reading in genotypes, computing gene-based tests and building masks...done (3375ms) 
     -computing association tests...done (9ms) 
     -computing joint association tests...done (0ms) 
 set [1088/1259] : ST6GALNAC4 - 8485 variants...
     -reading in genotypes, computing gene-based tests and building masks...done (12119ms) 
     -computing association tests...done (41ms) 
     -computing joint association tests...done (0ms) 
 set [1089/1259] : ST6GALNAC6 - 8945 variants...
     -reading in genotypes, computing gene-based tests and building masks...done (12119ms) 
     -computing association tests...done (57ms) 
     -computing joint association tests...done (0ms) 
 set [1090/1259] : STK33P1 - 587 variants...
     -reading in genotypes, computing gene-based tests and building masks...done (2857ms) 
     -computing association tests...done (15ms) 
     -computing joint association tests...done (0ms) 
 set [1091/1259] : STKLD1 - 18560 variants...
     -reading in genotypes, computing gene-based tests and building masks...done (24836ms) 
     -computing association tests...done (51ms) 
     -computing joint association tests...done (0ms) 
 set [1092/1259] : STOM - 15764 variants...
     -reading in genotypes, computing gene-based tests and building masks...done (20651ms) 
     -computing association tests...done (86ms) 
     -computing joint association tests...done (0ms) 
 set [1093/1259] : STOML2 - 1747 variants...
     -reading in genotypes, computing gene-based tests and building masks...done (3184ms) 
     -computing association tests...done (54ms) 
     -computing joint association tests...done (0ms) 
 set [1094/1259] : STRA6LP - 138 variants...
     -reading in genotypes, computing gene-based tests and building masks...done (1201ms) 
     -computing association tests...done (4ms) 
     -computing joint association tests...done (0ms) 
 set [1095/1259] : STRBP - 61974 variants...
     -reading in genotypes, computing gene-based tests and building masks...done (104322ms) 
     -computing association tests...done (62ms) 
     -computing joint association tests...done (0ms) 
 set [1096/1259] : STX17 - 27788 variants...
     -reading in genotypes, computing gene-based tests and building masks...done (37420ms) 
     -computing association tests...done (53ms) 
     -computing joint association tests...done (0ms) 
 set [1097/1259] : STXBP1 - 48283 variants...
     -reading in genotypes, computing gene-based tests and building masks...done (81287ms) 
     -computing association tests...done (88ms) 
     -computing joint association tests...done (0ms) 
 set [1098/1259] : SUGT1P1 - 62 variants...
     -reading in genotypes, computing gene-based tests and building masks...done (881ms) 
     -computing association tests...done (4ms) 
     -computing joint association tests...done (0ms) 
 set [1099/1259] : SUGT1P4 - 9 variants...
     -reading in genotypes, computing gene-based tests and building masks...done (125ms) 
 set [1100/1259] : SUGT1P4-STRA6LP - 29277 variants...
     -reading in genotypes, computing gene-based tests and building masks...done (54406ms) 
     -computing association tests...done (23ms) 
     -computing joint association tests...done (0ms) 
 set [1101/1259] : SURF1 - 2776 variants...
     -reading in genotypes, computing gene-based tests and building masks...done (4534ms) 
     -computing association tests...done (47ms) 
     -computing joint association tests...done (0ms) 
 set [1102/1259] : SURF2 - 2579 variants...
     -reading in genotypes, computing gene-based tests and building masks...done (4532ms) 
     -computing association tests...done (27ms) 
     -computing joint association tests...done (0ms) 
 set [1103/1259] : SURF4 - 7000 variants...
     -reading in genotypes, computing gene-based tests and building masks...done (10613ms) 
     -computing association tests...done (131ms) 
     -computing joint association tests...done (0ms) 
 set [1104/1259] : SURF6 - 8506 variants...
     -reading in genotypes, computing gene-based tests and building masks...done (12031ms) 
     -computing association tests...done (119ms) 
     -computing joint association tests...done (0ms) 
 set [1105/1259] : SUSD1 - 70225 variants...
     -reading in genotypes, computing gene-based tests and building masks...done (126827ms) 
     -computing association tests...done (62ms) 
     -computing joint association tests...done (0ms) 
 set [1106/1259] : SUSD3 - 15412 variants...
     -reading in genotypes, computing gene-based tests and building masks...done (21636ms) 
     -computing association tests...done (69ms) 
     -computing joint association tests...done (0ms) 
 set [1107/1259] : SVEP1 - 108272 variants...
     -reading in genotypes, computing gene-based tests and building masks...done (244551ms) 
     -computing association tests...done (97ms) 
     -computing joint association tests...done (0ms) 
 set [1108/1259] : SWI5 - 10762 variants...
     -reading in genotypes, computing gene-based tests and building masks...done (15309ms) 
     -computing association tests...done (23ms) 
     -computing joint association tests...done (0ms) 
 set [1109/1259] : SYF2P2 - 1215 variants...
     -reading in genotypes, computing gene-based tests and building masks...done (1711ms) 
     -computing association tests...done (8ms) 
     -computing joint association tests...done (0ms) 
 set [1110/1259] : SYK - 50192 variants...
     -reading in genotypes, computing gene-based tests and building masks...done (90801ms) 
     -computing association tests...done (137ms) 
     -computing joint association tests...done (0ms) 
 set [1111/1259] : TAF1L - 6300 variants...
     -reading in genotypes, computing gene-based tests and building masks...done (8640ms) 
     -computing association tests...done (54ms) 
     -computing joint association tests...done (0ms) 
 set [1112/1259] : TAL2 - 4795 variants...
     -reading in genotypes, computing gene-based tests and building masks...done (8093ms) 
     -computing association tests...done (52ms) 
     -computing joint association tests...done (0ms) 
 set [1113/1259] : TBC1D13 - 14564 variants...
     -reading in genotypes, computing gene-based tests and building masks...done (19615ms) 
     -computing association tests...done (22ms) 
     -computing joint association tests...done (0ms) 
 set [1114/1259] : TBC1D2 - 25429 variants...
     -reading in genotypes, computing gene-based tests and building masks...done (35664ms) 
     -computing association tests...done (33ms) 
     -computing joint association tests...done (0ms) 
 set [1115/1259] : TCEA1P1 - 3333 variants...
     -reading in genotypes, computing gene-based tests and building masks...done (4457ms) 
     -computing association tests...done (45ms) 
     -computing joint association tests...done (0ms) 
 set [1116/1259] : TDRD7 - 33901 variants...
     -reading in genotypes, computing gene-based tests and building masks...done (45294ms) 
     -computing association tests...done (125ms) 
     -computing joint association tests...done (0ms) 
 set [1117/1259] : TEK - 63339 variants...
     -reading in genotypes, computing gene-based tests and building masks...done (108263ms) 
     -computing association tests...done (70ms) 
     -computing joint association tests...done (0ms) 
 set [1118/1259] : TESK1 - 4483 variants...
     -reading in genotypes, computing gene-based tests and building masks...done (7029ms) 
     -computing association tests...done (22ms) 
     -computing joint association tests...done (0ms) 
 set [1119/1259] : TEX10 - 25730 variants...
     -reading in genotypes, computing gene-based tests and building masks...done (33118ms) 
     -computing association tests...done (60ms) 
     -computing joint association tests...done (0ms) 
 set [1120/1259] : TEX48 - 11262 variants...
     -reading in genotypes, computing gene-based tests and building masks...done (16063ms) 
     -computing association tests...done (32ms) 
     -computing joint association tests...done (0ms) 
 set [1121/1259] : TEX53 - 4687 variants...
     -reading in genotypes, computing gene-based tests and building masks...done (8000ms) 
     -computing association tests...done (20ms) 
     -computing joint association tests...done (0ms) 
 set [1122/1259] : TGFBR1 - 24802 variants...
     -reading in genotypes, computing gene-based tests and building masks...done (31445ms) 
     -computing association tests...done (91ms) 
     -computing joint association tests...done (0ms) 
 set [1123/1259] : TJP2 - 75524 variants...
     -reading in genotypes, computing gene-based tests and building masks...done (205774ms) 
     -computing association tests...done (67ms) 
     -computing joint association tests...done (1ms) 
 set [1124/1259] : TLE1 - 56419 variants...
     -reading in genotypes, computing gene-based tests and building masks...done (100402ms) 
     -computing association tests...done (81ms) 
     -computing joint association tests...done (0ms) 
 set [1125/1259] : TLE1-DT - 67323 variants...
     -reading in genotypes, computing gene-based tests and building masks...done (225372ms) 
     -computing association tests...done (140ms) 
     -computing joint association tests...done (0ms) 
 set [1126/1259] : TLE4 - 71837 variants...
     -reading in genotypes, computing gene-based tests and building masks...done (129165ms) 
     -computing association tests...done (33ms) 
     -computing joint association tests...done (0ms) 
 set [1127/1259] : TLK1P1 - 4524 variants...
     -reading in genotypes, computing gene-based tests and building masks...done (5371ms) 
     -computing association tests...done (15ms) 
     -computing joint association tests...done (0ms) 
 set [1128/1259] : TLN1 - 16214 variants...
     -reading in genotypes, computing gene-based tests and building masks...done (20286ms) 
     -computing association tests...done (57ms) 
     -computing joint association tests...done (0ms) 
 set [1129/1259] : TLR4 - 11683 variants...
     -reading in genotypes, computing gene-based tests and building masks...done (15722ms) 
     -computing association tests...done (77ms) 
     -computing joint association tests...done (0ms) 
 set [1130/1259] : TMC1 - 129455 variants...
     -reading in genotypes, computing gene-based tests and building masks...done (338482ms) 
     -computing association tests...done (44ms) 
     -computing joint association tests...done (0ms) 
 set [1131/1259] : TMEFF1 - 44895 variants...
     -reading in genotypes, computing gene-based tests and building masks...done (71598ms) 
     -computing association tests...done (74ms) 
     -computing joint association tests...done (0ms) 
 set [1132/1259] : TMEM141 - 3292 variants...
     -reading in genotypes, computing gene-based tests and building masks...done (5920ms) 
     -computing association tests...done (25ms) 
     -computing joint association tests...done (0ms) 
 set [1133/1259] : TMEM215 - 6020 variants...
     -reading in genotypes, computing gene-based tests and building masks...done (7640ms) 
     -computing association tests...done (19ms) 
     -computing joint association tests...done (0ms) 
 set [1134/1259] : TMEM245 - 47010 variants...
     -reading in genotypes, computing gene-based tests and building masks...done (68536ms) 
     -computing association tests...done (36ms) 
     -computing joint association tests...done (0ms) 
 set [1135/1259] : TMEM246-AS1 - 1936 variants...
     -reading in genotypes, computing gene-based tests and building masks...done (2542ms) 
     -computing association tests...done (14ms) 
     -computing joint association tests...done (0ms) 
 set [1136/1259] : TMEM250 - 8246 variants...
     -reading in genotypes, computing gene-based tests and building masks...done (12866ms) 
     -computing association tests...done (69ms) 
     -computing joint association tests...done (0ms) 
 set [1137/1259] : TMEM252 - 5479 variants...
     -reading in genotypes, computing gene-based tests and building masks...done (7765ms) 
     -computing association tests...done (39ms) 
     -computing joint association tests...done (0ms) 
 set [1138/1259] : TMEM252-DT - 64474 variants...
     -reading in genotypes, computing gene-based tests and building masks...done (106959ms) 
     -computing association tests...done (23ms) 
     -computing joint association tests...done (0ms) 
 set [1139/1259] : TMEM268 - 18201 variants...
     -reading in genotypes, computing gene-based tests and building masks...done (22940ms) 
     -computing association tests...done (26ms) 
     -computing joint association tests...done (0ms) 
 set [1140/1259] : TMEM38B - 41411 variants...
     -reading in genotypes, computing gene-based tests and building masks...done (66080ms) 
     -computing association tests...done (73ms) 
     -computing joint association tests...done (0ms) 
 set [1141/1259] : TMEM8B - 11751 variants...
     -reading in genotypes, computing gene-based tests and building masks...done (15103ms) 
     -computing association tests...done (27ms) 
     -computing joint association tests...done (0ms) 
 set [1142/1259] : TMOD1 - 43091 variants...
     -reading in genotypes, computing gene-based tests and building masks...done (64029ms) 
     -computing association tests...done (32ms) 
     -computing joint association tests...done (0ms) 
 set [1143/1259] : TMX2P1 - 705 variants...
     -reading in genotypes, computing gene-based tests and building masks...done (1210ms) 
     -computing association tests...done (7ms) 
     -computing joint association tests...done (0ms) 
 set [1144/1259] : TNC - 48043 variants...
     -reading in genotypes, computing gene-based tests and building masks...done (96330ms) 
     -computing association tests...done (140ms) 
     -computing joint association tests...done (0ms) 
 set [1145/1259] : TNFSF15 - 12274 variants...
     -reading in genotypes, computing gene-based tests and building masks...done (15347ms) 
     -computing association tests...done (69ms) 
     -computing joint association tests...done (0ms) 
 set [1146/1259] : TNFSF8 - 18478 variants...
     -reading in genotypes, computing gene-based tests and building masks...done (24029ms) 
     -computing association tests...done (25ms) 
     -computing joint association tests...done (0ms) 
 set [1147/1259] : TOMM5 - 6395 variants...
     -reading in genotypes, computing gene-based tests and building masks...done (8647ms) 
     -computing association tests...done (61ms) 
     -computing joint association tests...done (0ms) 
 set [1148/1259] : TOPORS - 4523 variants...
     -reading in genotypes, computing gene-based tests and building masks...done (6676ms) 
     -computing association tests...done (51ms) 
     -computing joint association tests...done (0ms) 
 set [1149/1259] : TOR1A - 7230 variants...
     -reading in genotypes, computing gene-based tests and building masks...done (10713ms) 
     -computing association tests...done (22ms) 
     -computing joint association tests...done (0ms) 
 set [1150/1259] : TOR1B - 7100 variants...
     -reading in genotypes, computing gene-based tests and building masks...done (10002ms) 
     -computing association tests...done (77ms) 
     -computing joint association tests...done (0ms) 
 set [1151/1259] : TOR2A - 3782 variants...
     -reading in genotypes, computing gene-based tests and building masks...done (6702ms) 
     -computing association tests...done (62ms) 
     -computing joint association tests...done (0ms) 
 set [1152/1259] : TOR4A - 4440 variants...
     -reading in genotypes, computing gene-based tests and building masks...done (5847ms) 
     -computing association tests...done (60ms) 
     -computing joint association tests...done (0ms) 
 set [1153/1259] : TPD52L3 - 7288 variants...
     -reading in genotypes, computing gene-based tests and building masks...done (11059ms) 
     -computing association tests...done (90ms) 
     -computing joint association tests...done (0ms) 
 set [1154/1259] : TPM2 - 2770 variants...
     -reading in genotypes, computing gene-based tests and building masks...done (3848ms) 
     -computing association tests...done (17ms) 
     -computing joint association tests...done (0ms) 
 set [1155/1259] : TPRN - 7303 variants...
     -reading in genotypes, computing gene-based tests and building masks...done (9767ms) 
     -computing association tests...done (31ms) 
     -computing joint association tests...done (0ms) 
 set [1156/1259] : TPT1P9 - 242 variants...
     -reading in genotypes, computing gene-based tests and building masks...done (490ms) 
     -computing association tests...done (6ms) 
     -computing joint association tests...done (0ms) 
 set [1157/1259] : TRAF1 - 14156 variants...
     -reading in genotypes, computing gene-based tests and building masks...done (18746ms) 
     -computing association tests...done (32ms) 
     -computing joint association tests...done (0ms) 
 set [1158/1259] : TRAF2 - 30499 variants...
     -reading in genotypes, computing gene-based tests and building masks...done (48264ms) 
     -computing association tests...done (33ms) 
     -computing joint association tests...done (0ms) 
 set [1159/1259] : TRBV20OR9-2 - 4161 variants...
     -reading in genotypes, computing gene-based tests and building masks...done (12774ms) 
     -computing association tests...done (28ms) 
     -computing joint association tests...done (0ms) 
 set [1160/1259] : TRBV21OR9-2 - 1845 variants...
     -reading in genotypes, computing gene-based tests and building masks...done (2906ms) 
     -computing association tests...done (15ms) 
     -computing joint association tests...done (0ms) 
 set [1161/1259] : TRBV22OR9-2 - 1368 variants...
     -reading in genotypes, computing gene-based tests and building masks...done (1988ms) 
     -computing association tests...done (9ms) 
     -computing joint association tests...done (0ms) 
 set [1162/1259] : TRBV23OR9-2 - 3620 variants...
     -reading in genotypes, computing gene-based tests and building masks...done (5418ms) 
     -computing association tests...done (48ms) 
     -computing joint association tests...done (0ms) 
 set [1163/1259] : TRBV24OR9-2 - 4187 variants...
     -reading in genotypes, computing gene-based tests and building masks...done (5920ms) 
     -computing association tests...done (85ms) 
     -computing joint association tests...done (0ms) 
 set [1164/1259] : TRBV25OR9-2 - 4033 variants...
     -reading in genotypes, computing gene-based tests and building masks...done (5352ms) 
     -computing association tests...done (14ms) 
     -computing joint association tests...done (0ms) 
 set [1165/1259] : TRBV26OR9-2 - 674 variants...
     -reading in genotypes, computing gene-based tests and building masks...done (1090ms) 
     -computing association tests...done (7ms) 
     -computing joint association tests...done (0ms) 
 set [1166/1259] : TRBV29OR9-2 - 113 variants...
     -reading in genotypes, computing gene-based tests and building masks...done (982ms) 
     -computing association tests...done (3ms) 
     -computing joint association tests...done (0ms) 
 set [1167/1259] : TRIM14 - 16237 variants...
     -reading in genotypes, computing gene-based tests and building masks...done (22360ms) 
     -computing association tests...done (28ms) 
     -computing joint association tests...done (0ms) 
 set [1168/1259] : TRIM32 - 9927 variants...
     -reading in genotypes, computing gene-based tests and building masks...done (13787ms) 
     -computing association tests...done (53ms) 
     -computing joint association tests...done (0ms) 
 set [1169/1259] : TRMO - 12734 variants...
     -reading in genotypes, computing gene-based tests and building masks...done (16804ms) 
     -computing association tests...done (22ms) 
     -computing joint association tests...done (0ms) 
 set [1170/1259] : TRMT10B - 17198 variants...
     -reading in genotypes, computing gene-based tests and building masks...done (24385ms) 
     -computing association tests...done (53ms) 
     -computing joint association tests...done (0ms) 
 set [1171/1259] : TRMT112P4 - 1434 variants...
     -reading in genotypes, computing gene-based tests and building masks...done (2013ms) 
     -computing association tests...done (10ms) 
     -computing joint association tests...done (0ms) 
 set [1172/1259] : TRPM3 - 413808 variants...
     -reading in genotypes, computing gene-based tests and building masks...done (3127122ms) 
     -computing association tests...done (138ms) 
     -computing joint association tests...done (2ms) 
 set [1173/1259] : TRPM6 - 72404 variants...
     -reading in genotypes, computing gene-based tests and building masks...done (125824ms) 
     -computing association tests...done (37ms) 
     -computing joint association tests...done (0ms) 
 set [1174/1259] : TRUB2 - 10233 variants...
     -reading in genotypes, computing gene-based tests and building masks...done (14305ms) 
     -computing association tests...done (63ms) 
     -computing joint association tests...done (0ms) 
 set [1175/1259] : TSC1 - 21145 variants...
     -reading in genotypes, computing gene-based tests and building masks...done (27398ms) 
     -computing association tests...done (64ms) 
     -computing joint association tests...done (0ms) 
 set [1176/1259] : TSTD2 - 12899 variants...
     -reading in genotypes, computing gene-based tests and building masks...done (16503ms) 
     -computing association tests...done (23ms) 
     -computing joint association tests...done (0ms) 
 set [1177/1259] : TTC16 - 14602 variants...
     -reading in genotypes, computing gene-based tests and building masks...done (19541ms) 
     -computing association tests...done (34ms) 
     -computing joint association tests...done (0ms) 
 set [1178/1259] : TTC39B - 84467 variants...
     -reading in genotypes, computing gene-based tests and building masks...done (180386ms) 
     -computing association tests...done (60ms) 
     -computing joint association tests...done (1ms) 
 set [1179/1259] : TTF1 - 17535 variants...
     -reading in genotypes, computing gene-based tests and building masks...done (26562ms) 
     -computing association tests...done (59ms) 
     -computing joint association tests...done (0ms) 
 set [1180/1259] : TTLL11 - 120112 variants...
     -reading in genotypes, computing gene-based tests and building masks...done (349264ms) 
     -computing association tests...done (112ms) 
     -computing joint association tests...done (0ms) 
 set [1181/1259] : TUBB4B - 4708 variants...
     -reading in genotypes, computing gene-based tests and building masks...done (6485ms) 
     -computing association tests...done (22ms) 
     -computing joint association tests...done (0ms) 
 set [1182/1259] : TUBB4BP6 - 4487 variants...
     -reading in genotypes, computing gene-based tests and building masks...done (5779ms) 
     -computing association tests...done (14ms) 
     -computing joint association tests...done (0ms) 
 set [1183/1259] : TUBBP5 - 1030 variants...
     -reading in genotypes, computing gene-based tests and building masks...done (2476ms) 
     -computing association tests...done (26ms) 
     -computing joint association tests...done (0ms) 
 set [1184/1259] : TUSC1 - 6142 variants...
     -reading in genotypes, computing gene-based tests and building masks...done (7991ms) 
     -computing association tests...done (72ms) 
     -computing joint association tests...done (0ms) 
 set [1185/1259] : TUT7 - 26658 variants...
     -reading in genotypes, computing gene-based tests and building masks...done (34390ms) 
     -computing association tests...done (61ms) 
     -computing joint association tests...done (0ms) 
 set [1186/1259] : TXN - 13632 variants...
     -reading in genotypes, computing gene-based tests and building masks...done (23778ms) 
     -computing association tests...done (53ms) 
     -computing joint association tests...done (0ms) 
 set [1187/1259] : TXNDC8 - 22737 variants...
     -reading in genotypes, computing gene-based tests and building masks...done (35870ms) 
     -computing association tests...done (24ms) 
     -computing joint association tests...done (0ms) 
 set [1188/1259] : TYRP1 - 13168 variants...
     -reading in genotypes, computing gene-based tests and building masks...done (15616ms) 
     -computing association tests...done (30ms) 
     -computing joint association tests...done (0ms) 
 set [1189/1259] : U2 - 36 variants...
     -reading in genotypes, computing gene-based tests and building masks...done (616ms) 
     -computing association tests...done (1ms) 
     -computing joint association tests...done (0ms) 
 set [1190/1259] : U6 - 70 variants...
     -reading in genotypes, computing gene-based tests and building masks...done (242ms) 
     -computing association tests...done (1ms) 
     -computing joint association tests...done (0ms) 
 set [1191/1259] : U8 - 4015 variants...
     -reading in genotypes, computing gene-based tests and building masks...done (5448ms) 
     -computing association tests...done (51ms) 
     -computing joint association tests...done (0ms) 
 set [1192/1259] : UAP1L1 - 8418 variants...
     -reading in genotypes, computing gene-based tests and building masks...done (11199ms) 
     -computing association tests...done (29ms) 
     -computing joint association tests...done (0ms) 
 set [1193/1259] : UBAC1 - 17871 variants...
     -reading in genotypes, computing gene-based tests and building masks...done (24553ms) 
     -computing association tests...done (147ms) 
     -computing joint association tests...done (0ms) 
 set [1194/1259] : UBAP1 - 43915 variants...
     -reading in genotypes, computing gene-based tests and building masks...done (150871ms) 
     -computing association tests...done (37ms) 
     -computing joint association tests...done (1ms) 
 set [1195/1259] : UBAP2 - 75761 variants...
     -reading in genotypes, computing gene-based tests and building masks...done (191449ms) 
     -computing association tests...done (71ms) 
     -computing joint association tests...done (0ms) 
 set [1196/1259] : UBE2R2 - 52015 variants...
     -reading in genotypes, computing gene-based tests and building masks...done (86346ms) 
     -computing association tests...done (28ms) 
     -computing joint association tests...done (0ms) 
 set [1197/1259] : UBE2R2-AS1 - 28461 variants...
     -reading in genotypes, computing gene-based tests and building masks...done (41222ms) 
     -computing association tests...done (20ms) 
     -computing joint association tests...done (0ms) 
 set [1198/1259] : UBE2V1P10 - 3111 variants...
     -reading in genotypes, computing gene-based tests and building masks...done (3916ms) 
     -computing association tests...done (10ms) 
     -computing joint association tests...done (0ms) 
 set [1199/1259] : UBE2V1P4 - 4685 variants...
     -reading in genotypes, computing gene-based tests and building masks...done (6740ms) 
     -computing association tests...done (16ms) 
     -computing joint association tests...done (0ms) 
 set [1200/1259] : UBQLN1 - 25599 variants...
     -reading in genotypes, computing gene-based tests and building masks...done (33641ms) 
     -computing association tests...done (40ms) 
     -computing joint association tests...done (0ms) 
 set [1201/1259] : UBQLN1-AS1 - 2342 variants...
     -reading in genotypes, computing gene-based tests and building masks...done (2974ms) 
     -computing association tests...done (10ms) 
     -computing joint association tests...done (0ms) 
 set [1202/1259] : UCK1 - 6217 variants...
     -reading in genotypes, computing gene-based tests and building masks...done (9306ms) 
     -computing association tests...done (94ms) 
     -computing joint association tests...done (0ms) 
 set [1203/1259] : UGCG - 22772 variants...
     -reading in genotypes, computing gene-based tests and building masks...done (32647ms) 
     -computing association tests...done (29ms) 
     -computing joint association tests...done (0ms) 
 set [1204/1259] : UHRF2 - 60408 variants...
     -reading in genotypes, computing gene-based tests and building masks...done (99018ms) 
     -computing association tests...done (59ms) 
     -computing joint association tests...done (1ms) 
 set [1205/1259] : UNC13B - 103312 variants...
     -reading in genotypes, computing gene-based tests and building masks...done (212086ms) 
     -computing association tests...done (82ms) 
     -computing joint association tests...done (0ms) 
 set [1206/1259] : URM1 - 13970 variants...
     -reading in genotypes, computing gene-based tests and building masks...done (19650ms) 
     -computing association tests...done (21ms) 
     -computing joint association tests...done (1ms) 
 set [1207/1259] : USP20 - 25016 variants...
     -reading in genotypes, computing gene-based tests and building masks...done (35596ms) 
     -computing association tests...done (133ms) 
     -computing joint association tests...done (0ms) 
 set [1208/1259] : VAV2 - 127719 variants...
     -reading in genotypes, computing gene-based tests and building masks...done (445918ms) 
     -computing association tests...done (45ms) 
     -computing joint association tests...done (2ms) 
 set [1209/1259] : VCP - 7479 variants...
     -reading in genotypes, computing gene-based tests and building masks...done (10125ms) 
     -computing association tests...done (21ms) 
     -computing joint association tests...done (0ms) 
 set [1210/1259] : VLDLR - 24478 variants...
     -reading in genotypes, computing gene-based tests and building masks...done (32019ms) 
     -computing association tests...done (31ms) 
     -computing joint association tests...done (0ms) 
 set [1211/1259] : VLDLR-AS1 - 159895 variants...
     -reading in genotypes, computing gene-based tests and building masks...done (485794ms) 
     -computing association tests...done (33ms) 
     -computing joint association tests...done (1ms) 
 set [1212/1259] : VN1R51P - 4070 variants...
     -reading in genotypes, computing gene-based tests and building masks...done (5204ms) 
     -computing association tests...done (12ms) 
     -computing joint association tests...done (0ms) 
 set [1213/1259] : VN2R3P - 14845 variants...
     -reading in genotypes, computing gene-based tests and building masks...done (28074ms) 
     -computing association tests...done (71ms) 
     -computing joint association tests...done (0ms) 
 set [1214/1259] : VPS13A - 105981 variants...
     -reading in genotypes, computing gene-based tests and building masks...done (231426ms) 
     -computing association tests...done (79ms) 
     -computing joint association tests...done (0ms) 
 set [1215/1259] : VPS13A-AS1 - 340 variants...
     -reading in genotypes, computing gene-based tests and building masks...done (757ms) 
     -computing association tests...done (6ms) 
     -computing joint association tests...done (0ms) 
 set [1216/1259] : WASHC1 - 25278 variants...
     -reading in genotypes, computing gene-based tests and building masks...done (223384ms) 
     -computing association tests...done (73ms) 
     -computing joint association tests...done (0ms) 
 set [1217/1259] : WDR31 - 13931 variants...
     -reading in genotypes, computing gene-based tests and building masks...done (18990ms) 
     -computing association tests...done (30ms) 
     -computing joint association tests...done (1ms) 
 set [1218/1259] : WDR38 - 2078 variants...
     -reading in genotypes, computing gene-based tests and building masks...done (2700ms) 
     -computing association tests...done (13ms) 
     -computing joint association tests...done (0ms) 
 set [1219/1259] : WDR5 - 17383 variants...
     -reading in genotypes, computing gene-based tests and building masks...done (23337ms) 
     -computing association tests...done (28ms) 
     -computing joint association tests...done (0ms) 
 set [1220/1259] : WDR5-DT - 2563 variants...
     -reading in genotypes, computing gene-based tests and building masks...done (3628ms) 
     -computing association tests...done (11ms) 
     -computing joint association tests...done (0ms) 
 set [1221/1259] : WHRN - 46513 variants...
     -reading in genotypes, computing gene-based tests and building masks...done (69391ms) 
     -computing association tests...done (73ms) 
     -computing joint association tests...done (0ms) 
 set [1222/1259] : WNK2 - 72484 variants...
     -reading in genotypes, computing gene-based tests and building masks...done (134426ms) 
     -computing association tests...done (87ms) 
     -computing joint association tests...done (0ms) 
 set [1223/1259] : XPA - 10802 variants...
     -reading in genotypes, computing gene-based tests and building masks...done (14273ms) 
     -computing association tests...done (71ms) 
     -computing joint association tests...done (0ms) 
 set [1224/1259] : YBX1P10 - 473 variants...
     -reading in genotypes, computing gene-based tests and building masks...done (858ms) 
     -computing association tests...done (9ms) 
     -computing joint association tests...done (0ms) 
 set [1225/1259] : YBX1P6 - 2023 variants...
     -reading in genotypes, computing gene-based tests and building masks...done (3782ms) 
     -computing association tests...done (30ms) 
     -computing joint association tests...done (0ms) 
 set [1226/1259] : YRDCP2 - 308 variants...
     -reading in genotypes, computing gene-based tests and building masks...done (591ms) 
     -computing association tests...done (5ms) 
     -computing joint association tests...done (0ms) 
 set [1227/1259] : Y_RNA - 44665 variants...
     -reading in genotypes, computing gene-based tests and building masks...done (127732ms) 
     -computing association tests...done (19ms) 
     -computing joint association tests...done (0ms) 
 set [1228/1259] : YWHAZP6 - 261 variants...
     -reading in genotypes, computing gene-based tests and building masks...done (728ms) 
     -computing association tests...done (47ms) 
     -computing joint association tests...done (0ms) 
 set [1229/1259] : ZBTB26 - 7910 variants...
     -reading in genotypes, computing gene-based tests and building masks...done (10480ms) 
     -computing association tests...done (20ms) 
     -computing joint association tests...done (0ms) 
 set [1230/1259] : ZBTB34 - 16357 variants...
     -reading in genotypes, computing gene-based tests and building masks...done (23482ms) 
     -computing association tests...done (28ms) 
     -computing joint association tests...done (0ms) 
 set [1231/1259] : ZBTB43 - 23161 variants...
     -reading in genotypes, computing gene-based tests and building masks...done (29646ms) 
     -computing association tests...done (23ms) 
     -computing joint association tests...done (0ms) 
 set [1232/1259] : ZBTB5 - 14227 variants...
     -reading in genotypes, computing gene-based tests and building masks...done (19098ms) 
     -computing association tests...done (24ms) 
     -computing joint association tests...done (1ms) 
 set [1233/1259] : ZBTB6 - 6112 variants...
     -reading in genotypes, computing gene-based tests and building masks...done (8187ms) 
     -computing association tests...done (22ms) 
     -computing joint association tests...done (0ms) 
 set [1234/1259] : ZCCHC7 - 104460 variants...
     -reading in genotypes, computing gene-based tests and building masks...done (356442ms) 
     -computing association tests...done (35ms) 
     -computing joint association tests...done (1ms) 
 set [1235/1259] : ZDHHC12 - 3513 variants...
     -reading in genotypes, computing gene-based tests and building masks...done (5466ms) 
     -computing association tests...done (27ms) 
     -computing joint association tests...done (0ms) 
 set [1236/1259] : ZDHHC21 - 55188 variants...
     -reading in genotypes, computing gene-based tests and building masks...done (90001ms) 
     -computing association tests...done (25ms) 
     -computing joint association tests...done (0ms) 
 set [1237/1259] : ZER1 - 30568 variants...
     -reading in genotypes, computing gene-based tests and building masks...done (47356ms) 
     -computing association tests...done (25ms) 
     -computing joint association tests...done (0ms) 
 set [1238/1259] : ZFAND5 - 11431 variants...
     -reading in genotypes, computing gene-based tests and building masks...done (16424ms) 
     -computing association tests...done (108ms) 
     -computing joint association tests...done (0ms) 
 set [1239/1259] : ZFP37 - 12255 variants...
     -reading in genotypes, computing gene-based tests and building masks...done (16261ms) 
     -computing association tests...done (55ms) 
     -computing joint association tests...done (0ms) 
 set [1240/1259] : ZMYND19 - 7030 variants...
     -reading in genotypes, computing gene-based tests and building masks...done (10258ms) 
     -computing association tests...done (22ms) 
     -computing joint association tests...done (0ms) 
 set [1241/1259] : ZNF169 - 24858 variants...
     -reading in genotypes, computing gene-based tests and building masks...done (41820ms) 
     -computing association tests...done (59ms) 
     -computing joint association tests...done (0ms) 
 set [1242/1259] : ZNF189 - 4649 variants...
     -reading in genotypes, computing gene-based tests and building masks...done (6832ms) 
     -computing association tests...done (20ms) 
     -computing joint association tests...done (0ms) 
 set [1243/1259] : ZNF322P1 - 464 variants...
     -reading in genotypes, computing gene-based tests and building masks...done (885ms) 
     -computing association tests...done (5ms) 
     -computing joint association tests...done (0ms) 
 set [1244/1259] : ZNF367 - 17162 variants...
     -reading in genotypes, computing gene-based tests and building masks...done (23705ms) 
     -computing association tests...done (38ms) 
     -computing joint association tests...done (0ms) 
 set [1245/1259] : ZNF462 - 67615 variants...
     -reading in genotypes, computing gene-based tests and building masks...done (126466ms) 
     -computing association tests...done (41ms) 
     -computing joint association tests...done (0ms) 
 set [1246/1259] : ZNF483 - 18280 variants...
     -reading in genotypes, computing gene-based tests and building masks...done (24629ms) 
     -computing association tests...done (36ms) 
     -computing joint association tests...done (1ms) 
 set [1247/1259] : ZNF484 - 16257 variants...
     -reading in genotypes, computing gene-based tests and building masks...done (21754ms) 
     -computing association tests...done (41ms) 
     -computing joint association tests...done (0ms) 
 set [1248/1259] : ZNF510 - 14106 variants...
     -reading in genotypes, computing gene-based tests and building masks...done (18661ms) 
     -computing association tests...done (28ms) 
     -computing joint association tests...done (0ms) 
 set [1249/1259] : ZNF618 - 85585 variants...
     -reading in genotypes, computing gene-based tests and building masks...done (186468ms) 
     -computing association tests...done (76ms) 
     -computing joint association tests...done (1ms) 
 set [1250/1259] : ZNF658 - 47243 variants...
     -reading in genotypes, computing gene-based tests and building masks...done (91486ms) 
     -computing association tests...done (90ms) 
     -computing joint association tests...done (0ms) 
 set [1251/1259] : ZNF658B - 65063 variants...
     -reading in genotypes, computing gene-based tests and building masks...done (146705ms) 
     -computing association tests...done (32ms) 
     -computing joint association tests...done (0ms) 
 set [1252/1259] : ZNF782 - 20224 variants...
     -reading in genotypes, computing gene-based tests and building masks...done (25990ms) 
     -computing association tests...done (64ms) 
     -computing joint association tests...done (0ms) 
 set [1253/1259] : ZNF79 - 12242 variants...
     -reading in genotypes, computing gene-based tests and building masks...done (16066ms) 
     -computing association tests...done (24ms) 
     -computing joint association tests...done (0ms) 
 set [1254/1259] : ZNF883 - 13779 variants...
     -reading in genotypes, computing gene-based tests and building masks...done (17931ms) 
     -computing association tests...done (96ms) 
     -computing joint association tests...done (0ms) 
 set [1255/1259] : ZNG1A - 43670 variants...
     -reading in genotypes, computing gene-based tests and building masks...done (74264ms) 
     -computing association tests...done (33ms) 
     -computing joint association tests...done (0ms) 
 set [1256/1259] : ZNG1C - 25475 variants...
     -reading in genotypes, computing gene-based tests and building masks...done (65832ms) 
     -computing association tests...done (55ms) 
     -computing joint association tests...done (0ms) 
 set [1257/1259] : ZNG1DP - 46807 variants...
     -reading in genotypes, computing gene-based tests and building masks...done (1994919ms) 
     -computing association tests...done (42ms) 
     -computing joint association tests...done (1ms) 
 set [1258/1259] : ZNG1E - 31667 variants...
     -reading in genotypes, computing gene-based tests and building masks...done (54367ms) 
     -computing association tests...done (89ms) 
     -computing joint association tests...done (0ms) 
 set [1259/1259] : ZNG1F - 36325 variants...
     -reading in genotypes, computing gene-based tests and building masks...done (93111ms) 
     -computing association tests...done (75ms) 
     -computing joint association tests...done (0ms) 

Association results stored separately for each trait in files : 
* [/share/home/lsy_luzhen/WGS_GWAS_and_MR/tmp_ssh_data/GWAS_european/gene_based/testing_results/step2_gb_euro_cin3plus_chr9_no_BMS1P14_CIN3plus.regenie]

Number of tests with Firth correction : 1658
Number of failed tests : (0/1658)
Number of ignored tests due to low MAC : 0

Elapsed time : 179785s
End time: Sun Dec 21 00:15:38 2025

Start time: Sun Dec 21 00:16:13 2025

              |===========================|
              |      REGENIE v4.1.gz      |
              |===========================|

Copyright (c) 2020-2024 Joelle Mbatchou, Andrey Ziyatdinov and Jonathan Marchini.
Distributed under the MIT License.
Compiled with Boost Iostream library.
Using Intel MKL with Eigen.

Log of output saved in file : /share/home/lsy_luzhen/WGS_GWAS_and_MR/tmp_ssh_data/GWAS_european/gene_based/testing_results/step2_gb_euro_cin3plus_chr9_BMS1P14_only.log

Options in effect:
  --step 2 \
  --pgen /share/home/lsy_luzhen/WGS_GWAS_and_MR/tmp_ssh_data/GWAS_european/gene_based/EuroPrePCA_ref38_rsID \
  --chr 9 \
  --phenoFile /share/home/lsy_luzhen/WGS_GWAS_and_MR/tmp_ssh_data/GWAS_european/T002_CIN3plus_phenotype.txt \
  --bt \
  --covarFile /share/home/lsy_luzhen/WGS_GWAS_and_MR/tmp_ssh_data/GWAS_european/T002_CIN3plus_covars.txt \
  --catCovarList Smoking_status,Alcohol_intake_frequency,Genotype_measurement_batch \
  --strict \
  --bsize 10 \
  --firth \
  --approx \
  --threads 1 \
  --pred /share/home/lsy_luzhen/WGS_GWAS_and_MR/tmp_ssh_data/GWAS_european/step1/regenie_step1_euro_cin3plus_pred.list \
  --use-null-firth /share/home/lsy_luzhen/WGS_GWAS_and_MR/tmp_ssh_data/GWAS_european/step1/regenie_step1_euro_cin3plus_firth.list \
  --anno-file /share/home/lsy_luzhen/WGS_GWAS_and_MR/tmp_ssh_data/GWAS_european/gene_based/anno_file_unique_filtered.txt \
  --set-list /share/home/lsy_luzhen/WGS_GWAS_and_MR/tmp_ssh_data/GWAS_european/gene_based/set_list_chr9_only_BMS1P14.txt \
  --mask-def /share/home/lsy_luzhen/WGS_GWAS_and_MR/tmp_ssh_data/GWAS_european/gene_based/mask_file.txt \
  --aaf-bins 0.001,0.01,0.05,0.1 \
  --vc-MACthr 10 \
  --joint acat,sbat \
  --vc-tests skato,acato-full \
  --rgc-gene-p \
  --out /share/home/lsy_luzhen/WGS_GWAS_and_MR/tmp_ssh_data/GWAS_european/gene_based/testing_results/step2_gb_euro_cin3plus_chr9_BMS1P14_only

Association testing mode (joint tests) with fast multithreading using OpenMP
 * pvar             : [/share/home/lsy_luzhen/WGS_GWAS_and_MR/tmp_ssh_data/GWAS_european/gene_based/EuroPrePCA_ref38_rsID.pvar] n_snps = 1400147917
 * psam             : [/share/home/lsy_luzhen/WGS_GWAS_and_MR/tmp_ssh_data/GWAS_european/gene_based/EuroPrePCA_ref38_rsID.psam] n_samples = 202952
 * pgen             : [/share/home/lsy_luzhen/WGS_GWAS_and_MR/tmp_ssh_data/GWAS_european/gene_based/EuroPrePCA_ref38_rsID.pgen] 
 * phenotypes       : [/share/home/lsy_luzhen/WGS_GWAS_and_MR/tmp_ssh_data/GWAS_european/T002_CIN3plus_phenotype.txt] n_pheno = 1
   -dropping observations with missing values at any of the phenotypes
   -number of phenotyped individuals with no missing data = 202952
 * covariates       : [/share/home/lsy_luzhen/WGS_GWAS_and_MR/tmp_ssh_data/GWAS_european/T002_CIN3plus_covars.txt] n_cov = 26
   -number of individuals with covariate data = 202952
 * number of individuals used in analysis = 202952
 * case-control counts for each trait:
   - 'CIN3plus': 5544 cases and 197408 controls
 * LOCO predictions : [/share/home/lsy_luzhen/WGS_GWAS_and_MR/tmp_ssh_data/GWAS_european/step1/regenie_step1_euro_cin3plus_pred.list]
   -file [/share/home/lsy_luzhen/WGS_GWAS_and_MR/tmp_ssh_data/GWAS_european/step1/regenie_step1_euro_cin3plus_1.loco] for phenotype 'CIN3plus'
 * annotations      : [/share/home/lsy_luzhen/WGS_GWAS_and_MR/tmp_ssh_data/GWAS_european/gene_based/anno_file_unique_filtered.txt] 
   +number of annotations categories = 6
 * masks            : [/share/home/lsy_luzhen/WGS_GWAS_and_MR/tmp_ssh_data/GWAS_european/gene_based/mask_file.txt] n_masks = 7
 * aaf cutoffs      : [ 4 : 0.001 0.01 0.05 0.1 ] + singletons
 * set file         : [/share/home/lsy_luzhen/WGS_GWAS_and_MR/tmp_ssh_data/GWAS_european/gene_based/set_list_chr9_only_BMS1P14.txt] n_sets = 1
WARNING: Detected 1 sets with variants not in genetic data or annotation files.
 * # threads        : [1]
 * # tested sets    : [1]
 * max block size   : [10]
 * rule used to build masks : max
 * computing gene-based tests for each set of variants included in a mask (rho=[0,0.01,0.04,0.09,0.16,0.25,0.5,1])
  -variants with MAC <= 10 are collapsed into a mask
  -weights are obtained from Beta(MAF,1,25)
  -list of gene-based tests run: ACATO,ACATV,SKATO,SKATO-ACAT
 * applying ACAT to output overall gene p-value
 * approximate memory usage : 453GB
 * using minimum MAC of 5 (masks with lower MAC are ignored)
 * using fast Firth correction for logistic/cox regression p-values less than 0.05
 * user specified to test only on select chromosomes
WARNING: Joint SBAT test only for QTs.
 * number of mask groups run through gene-p strategy = 2
 * list of joint tests run on burden masks: ACAT

Chromosome 9 [1 sets in total]
   -reading loco predictions for the chromosome...done (209ms) 
   -fitting null logistic regression on binary phenotypes...done (395ms) 
   -fitting null Firth logistic regression on binary phenotypes...done (2214ms) 
 set [1/1] : BMS1P14 - 165308 variants...
     -reading in genotypes, computing gene-based tests and building masks...ERROR: bad_alloc caught, not enough memory (std::bad_alloc)
end at:
Sun Dec 21 09:14:56 CST 2025
