start at:
Sun Sep  7 05:26:18 CST 2025
This directory already exists.
regenie version:
v4.1.gz
--------start
Start time: Sun Sep  7 05:26:18 2025

              |===========================|
              |      REGENIE v4.1.gz      |
              |===========================|

Copyright (c) 2020-2024 Joelle Mbatchou, Andrey Ziyatdinov and Jonathan Marchini.
Distributed under the MIT License.
Compiled with Boost Iostream library.
Using Intel MKL with Eigen.

Log of output saved in file : /share/home/lsy_luzhen/WGS_GWAS_and_MR/tmp_ssh_data/GWAS_european/gene_based/testing_results/step2_gb_euro_cin3plus_chr14.log

Options in effect:
  --step 2 \
  --pgen /share/home/lsy_luzhen/WGS_GWAS_and_MR/tmp_ssh_data/GWAS_european/gene_based/EuroPrePCA_ref38_rsID \
  --chr 14 \
  --phenoFile /share/home/lsy_luzhen/WGS_GWAS_and_MR/tmp_ssh_data/GWAS_european/T002_CIN3plus_phenotype.txt \
  --bt \
  --covarFile /share/home/lsy_luzhen/WGS_GWAS_and_MR/tmp_ssh_data/GWAS_european/T002_CIN3plus_covars.txt \
  --catCovarList Smoking_status,Alcohol_intake_frequency,Genotype_measurement_batch \
  --strict \
  --bsize 1000 \
  --firth \
  --approx \
  --threads 16 \
  --pred /share/home/lsy_luzhen/WGS_GWAS_and_MR/tmp_ssh_data/GWAS_european/step1/regenie_step1_euro_cin3plus_pred.list \
  --use-null-firth /share/home/lsy_luzhen/WGS_GWAS_and_MR/tmp_ssh_data/GWAS_european/step1/regenie_step1_euro_cin3plus_firth.list \
  --anno-file /share/home/lsy_luzhen/WGS_GWAS_and_MR/tmp_ssh_data/GWAS_european/gene_based/anno_file_unique_filtered.txt \
  --set-list /share/home/lsy_luzhen/WGS_GWAS_and_MR/tmp_ssh_data/GWAS_european/gene_based/set_list_unique_filtered.txt \
  --mask-def /share/home/lsy_luzhen/WGS_GWAS_and_MR/tmp_ssh_data/GWAS_european/gene_based/mask_file.txt \
  --aaf-bins 0.001,0.01,0.05,0.1 \
  --vc-MACthr 10 \
  --joint acat,sbat \
  --vc-tests skato,acato-full \
  --rgc-gene-p \
  --out /share/home/lsy_luzhen/WGS_GWAS_and_MR/tmp_ssh_data/GWAS_european/gene_based/testing_results/step2_gb_euro_cin3plus_chr14

Association testing mode (joint tests) with fast multithreading using OpenMP
 * pvar             : [/share/home/lsy_luzhen/WGS_GWAS_and_MR/tmp_ssh_data/GWAS_european/gene_based/EuroPrePCA_ref38_rsID.pvar] n_snps = 1400147917
 * psam             : [/share/home/lsy_luzhen/WGS_GWAS_and_MR/tmp_ssh_data/GWAS_european/gene_based/EuroPrePCA_ref38_rsID.psam] n_samples = 202952
 * pgen             : [/share/home/lsy_luzhen/WGS_GWAS_and_MR/tmp_ssh_data/GWAS_european/gene_based/EuroPrePCA_ref38_rsID.pgen] 
 * phenotypes       : [/share/home/lsy_luzhen/WGS_GWAS_and_MR/tmp_ssh_data/GWAS_european/T002_CIN3plus_phenotype.txt] n_pheno = 1
   -dropping observations with missing values at any of the phenotypes
   -number of phenotyped individuals with no missing data = 202952
 * covariates       : [/share/home/lsy_luzhen/WGS_GWAS_and_MR/tmp_ssh_data/GWAS_european/T002_CIN3plus_covars.txt] n_cov = 26
   -number of individuals with covariate data = 202952
 * number of individuals used in analysis = 202952
 * case-control counts for each trait:
   - 'CIN3plus': 5544 cases and 197408 controls
 * LOCO predictions : [/share/home/lsy_luzhen/WGS_GWAS_and_MR/tmp_ssh_data/GWAS_european/step1/regenie_step1_euro_cin3plus_pred.list]
   -file [/share/home/lsy_luzhen/WGS_GWAS_and_MR/tmp_ssh_data/GWAS_european/step1/regenie_step1_euro_cin3plus_1.loco] for phenotype 'CIN3plus'
 * annotations      : [/share/home/lsy_luzhen/WGS_GWAS_and_MR/tmp_ssh_data/GWAS_european/gene_based/anno_file_unique_filtered.txt] 
   +number of annotations categories = 6
 * masks            : [/share/home/lsy_luzhen/WGS_GWAS_and_MR/tmp_ssh_data/GWAS_european/gene_based/mask_file.txt] n_masks = 7
 * aaf cutoffs      : [ 4 : 0.001 0.01 0.05 0.1 ] + singletons
 * set file         : [/share/home/lsy_luzhen/WGS_GWAS_and_MR/tmp_ssh_data/GWAS_european/gene_based/set_list_unique_filtered.txt] n_sets = 1279
WARNING: Detected 15 sets with variants not in genetic data or annotation files.
 * # threads        : [16]
 * # tested sets    : [1279]
 * max block size   : [1000]
 * rule used to build masks : max
 * computing gene-based tests for each set of variants included in a mask (rho=[0,0.01,0.04,0.09,0.16,0.25,0.5,1])
  -variants with MAC <= 10 are collapsed into a mask
  -weights are obtained from Beta(MAF,1,25)
  -list of gene-based tests run: ACATO,ACATV,SKATO,SKATO-ACAT
 * applying ACAT to output overall gene p-value
 * approximate memory usage : 8346GB
 * using minimum MAC of 5 (masks with lower MAC are ignored)
 * using fast Firth correction for logistic/cox regression p-values less than 0.05
 * user specified to test only on select chromosomes
WARNING: Joint SBAT test only for QTs.
 * number of mask groups run through gene-p strategy = 2
 * list of joint tests run on burden masks: ACAT

Chromosome 14 [1279 sets in total]
   -reading loco predictions for the chromosome...done (9519ms) 
   -fitting null logistic regression on binary phenotypes...done (401ms) 
   -fitting null Firth logistic regression on binary phenotypes...done (4933ms) 
 set [1/1279] : 5_8S_rRNA - 2696 variants...
     -reading in genotypes, computing gene-based tests and building masks...done (13457ms) 
     -computing association tests...done (18ms) 
     -computing joint association tests...done (0ms) 
 set [2/1279] : ABCD4 - 13026 variants...
     -reading in genotypes, computing gene-based tests and building masks...done (15555ms) 
     -computing association tests...done (59ms) 
     -computing joint association tests...done (0ms) 
 set [3/1279] : ABHD12B - 21296 variants...
     -reading in genotypes, computing gene-based tests and building masks...done (34507ms) 
     -computing association tests...done (29ms) 
     -computing joint association tests...done (0ms) 
 set [4/1279] : ABHD4 - 9952 variants...
     -reading in genotypes, computing gene-based tests and building masks...done (13211ms) 
     -computing association tests...done (27ms) 
     -computing joint association tests...done (0ms) 
 set [5/1279] : ACIN1 - 12462 variants...
     -reading in genotypes, computing gene-based tests and building masks...done (13686ms) 
     -computing association tests...done (75ms) 
     -computing joint association tests...done (0ms) 
 set [6/1279] : ACOT1 - 14500 variants...
     -reading in genotypes, computing gene-based tests and building masks...done (69516ms) 
     -computing association tests...done (43ms) 
     -computing joint association tests...done (0ms) 
 set [7/1279] : ACOT2 - 9861 variants...
     -reading in genotypes, computing gene-based tests and building masks...done (10537ms) 
     -computing association tests...done (62ms) 
     -computing joint association tests...done (0ms) 
 set [8/1279] : ACOT4 - 6726 variants...
     -reading in genotypes, computing gene-based tests and building masks...done (7494ms) 
     -computing association tests...done (18ms) 
     -computing joint association tests...done (0ms) 
 set [9/1279] : ACOT6 - 7566 variants...
     -reading in genotypes, computing gene-based tests and building masks...done (8347ms) 
     -computing association tests...done (14ms) 
     -computing joint association tests...done (0ms) 
 set [10/1279] : ACTN1 - 48019 variants...
     -reading in genotypes, computing gene-based tests and building masks...done (68253ms) 
     -computing association tests...done (50ms) 
     -computing joint association tests...done (0ms) 
 set [11/1279] : ACTN1-DT - 3317 variants...
     -reading in genotypes, computing gene-based tests and building masks...done (4535ms) 
     -computing association tests...done (14ms) 
     -computing joint association tests...done (0ms) 
 set [12/1279] : ACTR10 - 20337 variants...
     -reading in genotypes, computing gene-based tests and building masks...done (26192ms) 
     -computing association tests...done (55ms) 
     -computing joint association tests...done (1ms) 
 set [13/1279] : ACYP1 - 8288 variants...
     -reading in genotypes, computing gene-based tests and building masks...done (14935ms) 
     -computing association tests...done (78ms) 
     -computing joint association tests...done (0ms) 
 set [14/1279] : ADAM20 - 9800 variants...
     -reading in genotypes, computing gene-based tests and building masks...done (17065ms) 
     -computing association tests...done (61ms) 
     -computing joint association tests...done (0ms) 
 set [15/1279] : ADAM21 - 6637 variants...
     -reading in genotypes, computing gene-based tests and building masks...done (9360ms) 
     -computing association tests...done (19ms) 
     -computing joint association tests...done (0ms) 
 set [16/1279] : ADAM21P1 - 5068 variants...
     -reading in genotypes, computing gene-based tests and building masks...done (5761ms) 
     -computing association tests...done (23ms) 
     -computing joint association tests...done (0ms) 
 set [17/1279] : ADAM6 - 6096 variants...
     -reading in genotypes, computing gene-based tests and building masks...done (6449ms) 
     -computing association tests...done (62ms) 
     -computing joint association tests...done (0ms) 
 set [18/1279] : ADCK1 - 67027 variants...
     -reading in genotypes, computing gene-based tests and building masks...done (125321ms) 
     -computing association tests...done (47ms) 
     -computing joint association tests...done (0ms) 
 set [19/1279] : ADCY4 - 7961 variants...
     -reading in genotypes, computing gene-based tests and building masks...done (8552ms) 
     -computing association tests...done (24ms) 
     -computing joint association tests...done (0ms) 
 set [20/1279] : ADIPOR1P2 - 1236 variants...
     -reading in genotypes, computing gene-based tests and building masks...done (2929ms) 
     -computing association tests...done (58ms) 
     -computing joint association tests...done (0ms) 
 set [21/1279] : ADSS1 - 16242 variants...
     -reading in genotypes, computing gene-based tests and building masks...done (19504ms) 
     -computing association tests...done (61ms) 
     -computing joint association tests...done (0ms) 
 set [22/1279] : AHNAK2 - 29938 variants...
     -reading in genotypes, computing gene-based tests and building masks...done (70104ms) 
     -computing association tests...done (82ms) 
     -computing joint association tests...done (0ms) 
 set [23/1279] : AHSA1 - 5245 variants...
     -reading in genotypes, computing gene-based tests and building masks...done (5736ms) 
     -computing association tests...done (60ms) 
     -computing joint association tests...done (0ms) 
 set [24/1279] : AJUBA - 8968 variants...
     -reading in genotypes, computing gene-based tests and building masks...done (9917ms) 
     -computing association tests...done (48ms) 
     -computing joint association tests...done (0ms) 
 set [25/1279] : AK7 - 44919 variants...
     -reading in genotypes, computing gene-based tests and building masks...done (52492ms) 
     -computing association tests...done (39ms) 
     -computing joint association tests...done (0ms) 
 set [26/1279] : AKAP5 - 5356 variants...
     -reading in genotypes, computing gene-based tests and building masks...done (5825ms) 
     -computing association tests...done (13ms) 
     -computing joint association tests...done (0ms) 
 set [27/1279] : AKAP6 - 222132 variants...
     -reading in genotypes, computing gene-based tests and building masks...done (760044ms) 
     -computing association tests...done (101ms) 
     -computing joint association tests...done (0ms) 
 set [28/1279] : AKR1B1P5 - 4719 variants...
     -reading in genotypes, computing gene-based tests and building masks...done (11743ms) 
     -computing association tests...done (9ms) 
     -computing joint association tests...done (0ms) 
 set [29/1279] : AKT1 - 17632 variants...
     -reading in genotypes, computing gene-based tests and building masks...done (22466ms) 
     -computing association tests...done (35ms) 
     -computing joint association tests...done (1ms) 
 set [30/1279] : ALDH6A1 - 12864 variants...
     -reading in genotypes, computing gene-based tests and building masks...done (17244ms) 
     -computing association tests...done (71ms) 
     -computing joint association tests...done (0ms) 
 set [31/1279] : ALKBH1 - 20176 variants...
     -reading in genotypes, computing gene-based tests and building masks...done (23717ms) 
     -computing association tests...done (19ms) 
     -computing joint association tests...done (0ms) 
 set [32/1279] : AMN - 7345 variants...
     -reading in genotypes, computing gene-based tests and building masks...done (11828ms) 
     -computing association tests...done (30ms) 
     -computing joint association tests...done (0ms) 
 set [33/1279] : ANG - 3132 variants...
     -reading in genotypes, computing gene-based tests and building masks...done (10282ms) 
     -computing association tests...done (17ms) 
     -computing joint association tests...done (0ms) 
 set [34/1279] : ANGEL1 - 16635 variants...
     -reading in genotypes, computing gene-based tests and building masks...done (24611ms) 
     -computing association tests...done (77ms) 
     -computing joint association tests...done (0ms) 
 set [35/1279] : ANKRD9 - 5970 variants...
     -reading in genotypes, computing gene-based tests and building masks...done (7830ms) 
     -computing association tests...done (50ms) 
     -computing joint association tests...done (0ms) 
 set [36/1279] : AP1G2 - 3362 variants...
     -reading in genotypes, computing gene-based tests and building masks...done (6145ms) 
     -computing association tests...done (74ms) 
     -computing joint association tests...done (0ms) 
 set [37/1279] : AP4S1 - 37282 variants...
     -reading in genotypes, computing gene-based tests and building masks...done (48360ms) 
     -computing association tests...done (19ms) 
     -computing joint association tests...done (0ms) 
 set [38/1279] : AP5M1 - 13070 variants...
     -reading in genotypes, computing gene-based tests and building masks...done (12144ms) 
     -computing association tests...done (65ms) 
     -computing joint association tests...done (0ms) 
 set [39/1279] : APEX1 - 2697 variants...
     -reading in genotypes, computing gene-based tests and building masks...done (6999ms) 
     -computing association tests...done (9ms) 
     -computing joint association tests...done (0ms) 
 set [40/1279] : AREL1 - 24726 variants...
     -reading in genotypes, computing gene-based tests and building masks...done (28587ms) 
     -computing association tests...done (113ms) 
     -computing joint association tests...done (0ms) 
 set [41/1279] : ARF6 - 6743 variants...
     -reading in genotypes, computing gene-based tests and building masks...done (8378ms) 
     -computing association tests...done (24ms) 
     -computing joint association tests...done (0ms) 
 set [42/1279] : ARG2 - 13281 variants...
     -reading in genotypes, computing gene-based tests and building masks...done (16756ms) 
     -computing association tests...done (18ms) 
     -computing joint association tests...done (0ms) 
 set [43/1279] : ARHGAP16P - 833 variants...
     -reading in genotypes, computing gene-based tests and building masks...done (7049ms) 
     -computing association tests...done (12ms) 
     -computing joint association tests...done (0ms) 
 set [44/1279] : ARHGAP42P4 - 6959 variants...
     -reading in genotypes, computing gene-based tests and building masks...done (20519ms) 
     -computing association tests...done (19ms) 
     -computing joint association tests...done (0ms) 
 set [45/1279] : ARHGAP42P5 - 3594 variants...
     -reading in genotypes, computing gene-based tests and building masks...done (12370ms) 
     -computing association tests...done (18ms) 
     -computing joint association tests...done (0ms) 
 set [46/1279] : ARHGAP5 - 39875 variants...
     -reading in genotypes, computing gene-based tests and building masks...done (49126ms) 
     -computing association tests...done (61ms) 
     -computing joint association tests...done (0ms) 
 set [47/1279] : ARHGAP5-AS1 - 1269 variants...
     -reading in genotypes, computing gene-based tests and building masks...done (2008ms) 
     -computing association tests...done (10ms) 
     -computing joint association tests...done (0ms) 
 set [48/1279] : ARHGEF40 - 9244 variants...
     -reading in genotypes, computing gene-based tests and building masks...done (32592ms) 
     -computing association tests...done (61ms) 
     -computing joint association tests...done (0ms) 
 set [49/1279] : ARID4A - 41849 variants...
     -reading in genotypes, computing gene-based tests and building masks...done (55085ms) 
     -computing association tests...done (71ms) 
     -computing joint association tests...done (0ms) 
 set [50/1279] : ARL6IP1P1 - 110 variants...
     -reading in genotypes, computing gene-based tests and building masks...done (1612ms) 
     -computing association tests...done (1ms) 
     -computing joint association tests...done (0ms) 
 set [51/1279] : ARMH4 - 74698 variants...
     -reading in genotypes, computing gene-based tests and building masks...done (98275ms) 
     -computing association tests...done (74ms) 
     -computing joint association tests...done (0ms) 
 set [52/1279] : ASB2 - 22007 variants...
     -reading in genotypes, computing gene-based tests and building masks...done (25957ms) 
     -computing association tests...done (54ms) 
     -computing joint association tests...done (0ms) 
 set [53/1279] : ASPG - 19788 variants...
     -reading in genotypes, computing gene-based tests and building masks...done (22682ms) 
     -computing association tests...done (62ms) 
     -computing joint association tests...done (0ms) 
 set [54/1279] : ATG14 - 28115 variants...
     -reading in genotypes, computing gene-based tests and building masks...done (39368ms) 
     -computing association tests...done (28ms) 
     -computing joint association tests...done (0ms) 
 set [55/1279] : ATG2B - 38165 variants...
     -reading in genotypes, computing gene-based tests and building masks...done (49363ms) 
     -computing association tests...done (32ms) 
     -computing joint association tests...done (0ms) 
 set [56/1279] : ATL1 - 34503 variants...
     -reading in genotypes, computing gene-based tests and building masks...done (39849ms) 
     -computing association tests...done (29ms) 
     -computing joint association tests...done (0ms) 
 set [57/1279] : ATP5F1AP4 - 5415 variants...
     -reading in genotypes, computing gene-based tests and building masks...done (8750ms) 
     -computing association tests...done (54ms) 
     -computing joint association tests...done (0ms) 
 set [58/1279] : ATP5F1CP1 - 4207 variants...
     -reading in genotypes, computing gene-based tests and building masks...done (4840ms) 
     -computing association tests...done (12ms) 
     -computing joint association tests...done (0ms) 
 set [59/1279] : ATP5MC1P1 - 22 variants...
     -reading in genotypes, computing gene-based tests and building masks...done (2192ms) 
     -computing association tests...done (1ms) 
     -computing joint association tests...done (0ms) 
 set [60/1279] : ATP5MC2P2 - 5918 variants...
     -reading in genotypes, computing gene-based tests and building masks...done (5712ms) 
     -computing association tests...done (22ms) 
     -computing joint association tests...done (0ms) 
 set [61/1279] : ATP5MJ - 9878 variants...
     -reading in genotypes, computing gene-based tests and building masks...done (12068ms) 
     -computing association tests...done (17ms) 
     -computing joint association tests...done (0ms) 
 set [62/1279] : ATP6V1D - 9224 variants...
     -reading in genotypes, computing gene-based tests and building masks...done (16843ms) 
     -computing association tests...done (15ms) 
     -computing joint association tests...done (0ms) 
 set [63/1279] : ATP6V1G1P1 - 4259 variants...
     -reading in genotypes, computing gene-based tests and building masks...done (3899ms) 
     -computing association tests...done (68ms) 
     -computing joint association tests...done (0ms) 
 set [64/1279] : ATXN3 - 24641 variants...
     -reading in genotypes, computing gene-based tests and building masks...done (34311ms) 
     -computing association tests...done (84ms) 
     -computing joint association tests...done (0ms) 
 set [65/1279] : BAG5 - 5260 variants...
     -reading in genotypes, computing gene-based tests and building masks...done (5740ms) 
     -computing association tests...done (76ms) 
     -computing joint association tests...done (0ms) 
 set [66/1279] : BATF - 14539 variants...
     -reading in genotypes, computing gene-based tests and building masks...done (14468ms) 
     -computing association tests...done (14ms) 
     -computing joint association tests...done (0ms) 
 set [67/1279] : BAZ1A - 59365 variants...
     -reading in genotypes, computing gene-based tests and building masks...done (83733ms) 
     -computing association tests...done (32ms) 
     -computing joint association tests...done (0ms) 
 set [68/1279] : BAZ1A-AS1 - 415 variants...
     -reading in genotypes, computing gene-based tests and building masks...done (557ms) 
     -computing association tests...done (2ms) 
     -computing joint association tests...done (0ms) 
 set [69/1279] : BBOF1 - 16429 variants...
     -reading in genotypes, computing gene-based tests and building masks...done (17713ms) 
     -computing association tests...done (74ms) 
     -computing joint association tests...done (0ms) 
 set [70/1279] : BCL11B - 49173 variants...
     -reading in genotypes, computing gene-based tests and building masks...done (55517ms) 
     -computing association tests...done (27ms) 
     -computing joint association tests...done (0ms) 
 set [71/1279] : BCL2L2 - 6014 variants...
     -reading in genotypes, computing gene-based tests and building masks...done (8304ms) 
     -computing association tests...done (14ms) 
     -computing joint association tests...done (0ms) 
 set [72/1279] : BDKRB1 - 7566 variants...
     -reading in genotypes, computing gene-based tests and building masks...done (10144ms) 
     -computing association tests...done (16ms) 
     -computing joint association tests...done (0ms) 
 set [73/1279] : BDKRB2 - 23137 variants...
     -reading in genotypes, computing gene-based tests and building masks...done (28881ms) 
     -computing association tests...done (49ms) 
     -computing joint association tests...done (0ms) 
 set [74/1279] : BEGAIN - 27744 variants...
     -reading in genotypes, computing gene-based tests and building masks...done (35275ms) 
     -computing association tests...done (92ms) 
     -computing joint association tests...done (0ms) 
 set [75/1279] : BLZF2P - 3123 variants...
     -reading in genotypes, computing gene-based tests and building masks...done (7127ms) 
     -computing association tests...done (60ms) 
     -computing joint association tests...done (0ms) 
 set [76/1279] : BMP4 - 7454 variants...
     -reading in genotypes, computing gene-based tests and building masks...done (7500ms) 
     -computing association tests...done (53ms) 
     -computing joint association tests...done (0ms) 
 set [77/1279] : BMS1P17 - 49 variants...
     -reading in genotypes, computing gene-based tests and building masks...done (5580ms) 
     -computing association tests...done (5ms) 
     -computing joint association tests...done (0ms) 
 set [78/1279] : BNIP3P6 - 6380 variants...
     -reading in genotypes, computing gene-based tests and building masks...done (7472ms) 
     -computing association tests...done (16ms) 
     -computing joint association tests...done (0ms) 
 set [79/1279] : BRD7P1 - 5603 variants...
     -reading in genotypes, computing gene-based tests and building masks...done (8855ms) 
     -computing association tests...done (49ms) 
     -computing joint association tests...done (0ms) 
 set [80/1279] : BRF1 - 61460 variants...
     -reading in genotypes, computing gene-based tests and building masks...done (179374ms) 
     -computing association tests...done (109ms) 
     -computing joint association tests...done (0ms) 
 set [81/1279] : BRMS1L - 25577 variants...
     -reading in genotypes, computing gene-based tests and building masks...done (25293ms) 
     -computing association tests...done (29ms) 
     -computing joint association tests...done (0ms) 
 set [82/1279] : BTBD7 - 43773 variants...
     -reading in genotypes, computing gene-based tests and building masks...done (48002ms) 
     -computing association tests...done (26ms) 
     -computing joint association tests...done (0ms) 
 set [83/1279] : BTF3P2 - 1999 variants...
     -reading in genotypes, computing gene-based tests and building masks...done (3110ms) 
     -computing association tests...done (56ms) 
     -computing joint association tests...done (0ms) 
 set [84/1279] : C14orf119 - 6622 variants...
     -reading in genotypes, computing gene-based tests and building masks...done (8162ms) 
     -computing association tests...done (54ms) 
     -computing joint association tests...done (0ms) 
 set [85/1279] : C14orf132 - 29133 variants...
     -reading in genotypes, computing gene-based tests and building masks...done (38902ms) 
     -computing association tests...done (67ms) 
     -computing joint association tests...done (0ms) 
 set [86/1279] : C14orf178 - 3417 variants...
     -reading in genotypes, computing gene-based tests and building masks...done (40072ms) 
     -computing association tests...done (16ms) 
     -computing joint association tests...done (0ms) 
 set [87/1279] : C14orf180 - 9265 variants...
     -reading in genotypes, computing gene-based tests and building masks...done (26102ms) 
     -computing association tests...done (70ms) 
     -computing joint association tests...done (0ms) 
 set [88/1279] : C14orf28 - 9312 variants...
     -reading in genotypes, computing gene-based tests and building masks...done (10418ms) 
     -computing association tests...done (64ms) 
     -computing joint association tests...done (0ms) 
 set [89/1279] : C14orf39 - 41781 variants...
     -reading in genotypes, computing gene-based tests and building masks...done (76306ms) 
     -computing association tests...done (61ms) 
     -computing joint association tests...done (0ms) 
 set [90/1279] : C14orf93 - 14603 variants...
     -reading in genotypes, computing gene-based tests and building masks...done (25136ms) 
     -computing association tests...done (15ms) 
     -computing joint association tests...done (0ms) 
 set [91/1279] : CALM1 - 9893 variants...
     -reading in genotypes, computing gene-based tests and building masks...done (12426ms) 
     -computing association tests...done (15ms) 
     -computing joint association tests...done (0ms) 
 set [92/1279] : CARMIL3 - 11136 variants...
     -reading in genotypes, computing gene-based tests and building masks...done (15538ms) 
     -computing association tests...done (91ms) 
     -computing joint association tests...done (0ms) 
 set [93/1279] : CATSPERB - 74192 variants...
     -reading in genotypes, computing gene-based tests and building masks...done (103719ms) 
     -computing association tests...done (86ms) 
     -computing joint association tests...done (0ms) 
 set [94/1279] : CBLN3 - 2565 variants...
     -reading in genotypes, computing gene-based tests and building masks...done (5432ms) 
     -computing association tests...done (15ms) 
     -computing joint association tests...done (0ms) 
 set [95/1279] : CCDC175 - 30217 variants...
     -reading in genotypes, computing gene-based tests and building masks...done (30796ms) 
     -computing association tests...done (19ms) 
     -computing joint association tests...done (0ms) 
 set [96/1279] : CCDC177 - 7073 variants...
     -reading in genotypes, computing gene-based tests and building masks...done (17587ms) 
     -computing association tests...done (50ms) 
     -computing joint association tests...done (0ms) 
 set [97/1279] : CCDC196 - 10319 variants...
     -reading in genotypes, computing gene-based tests and building masks...done (13959ms) 
     -computing association tests...done (23ms) 
     -computing joint association tests...done (0ms) 
 set [98/1279] : CCDC197 - 10254 variants...
     -reading in genotypes, computing gene-based tests and building masks...done (15075ms) 
     -computing association tests...done (63ms) 
     -computing joint association tests...done (0ms) 
 set [99/1279] : CCDC198 - 14166 variants...
     -reading in genotypes, computing gene-based tests and building masks...done (14761ms) 
     -computing association tests...done (29ms) 
     -computing joint association tests...done (0ms) 
 set [100/1279] : CCDC85C - 46854 variants...
     -reading in genotypes, computing gene-based tests and building masks...done (62038ms) 
     -computing association tests...done (43ms) 
     -computing joint association tests...done (0ms) 
 set [101/1279] : CCDC88C - 72816 variants...
     -reading in genotypes, computing gene-based tests and building masks...done (105287ms) 
     -computing association tests...done (76ms) 
     -computing joint association tests...done (0ms) 
 set [102/1279] : CCDC88C-DT - 1353 variants...
     -reading in genotypes, computing gene-based tests and building masks...done (2371ms) 
     -computing association tests...done (12ms) 
     -computing joint association tests...done (0ms) 
 set [103/1279] : CCNB1IP1 - 13378 variants...
     -reading in genotypes, computing gene-based tests and building masks...done (19150ms) 
     -computing association tests...done (18ms) 
     -computing joint association tests...done (0ms) 
 set [104/1279] : CCNK - 7171 variants...
     -reading in genotypes, computing gene-based tests and building masks...done (7322ms) 
     -computing association tests...done (15ms) 
     -computing joint association tests...done (0ms) 
 set [105/1279] : CDC42BPB - 66092 variants...
     -reading in genotypes, computing gene-based tests and building masks...done (151617ms) 
     -computing association tests...done (59ms) 
     -computing joint association tests...done (0ms) 
 set [106/1279] : CDCA4 - 10488 variants...
     -reading in genotypes, computing gene-based tests and building masks...done (13922ms) 
     -computing association tests...done (23ms) 
     -computing joint association tests...done (0ms) 
 set [107/1279] : CDH24 - 9534 variants...
     -reading in genotypes, computing gene-based tests and building masks...done (10302ms) 
     -computing association tests...done (66ms) 
     -computing joint association tests...done (0ms) 
 set [108/1279] : CDKL1 - 32954 variants...
     -reading in genotypes, computing gene-based tests and building masks...done (43653ms) 
     -computing association tests...done (57ms) 
     -computing joint association tests...done (0ms) 
 set [109/1279] : CDKN3 - 11468 variants...
     -reading in genotypes, computing gene-based tests and building masks...done (13685ms) 
     -computing association tests...done (28ms) 
     -computing joint association tests...done (0ms) 
 set [110/1279] : CDRT15P13 - 6784 variants...
     -reading in genotypes, computing gene-based tests and building masks...done (29605ms) 
     -computing association tests...done (17ms) 
     -computing joint association tests...done (0ms) 
 set [111/1279] : CEBPE - 5243 variants...
     -reading in genotypes, computing gene-based tests and building masks...done (15325ms) 
     -computing association tests...done (17ms) 
     -computing joint association tests...done (0ms) 
 set [112/1279] : CEND1P1 - 225 variants...
     -reading in genotypes, computing gene-based tests and building masks...done (546ms) 
     -computing association tests...done (12ms) 
     -computing joint association tests...done (0ms) 
 set [113/1279] : CEP128 - 198623 variants...
     -reading in genotypes, computing gene-based tests and building masks...done (572023ms) 
     -computing association tests...done (92ms) 
     -computing joint association tests...done (0ms) 
 set [114/1279] : CEP170B - 25878 variants...
     -reading in genotypes, computing gene-based tests and building masks...done (51893ms) 
     -computing association tests...done (36ms) 
     -computing joint association tests...done (0ms) 
 set [115/1279] : CFL2 - 6579 variants...
     -reading in genotypes, computing gene-based tests and building masks...done (13072ms) 
     -computing association tests...done (20ms) 
     -computing joint association tests...done (0ms) 
 set [116/1279] : CGRRF1 - 15879 variants...
     -reading in genotypes, computing gene-based tests and building masks...done (20033ms) 
     -computing association tests...done (32ms) 
     -computing joint association tests...done (0ms) 
 set [117/1279] : CHD8 - 27032 variants...
     -reading in genotypes, computing gene-based tests and building masks...done (37082ms) 
     -computing association tests...done (36ms) 
     -computing joint association tests...done (0ms) 
 set [118/1279] : CHGA - 7884 variants...
     -reading in genotypes, computing gene-based tests and building masks...done (8835ms) 
     -computing association tests...done (14ms) 
     -computing joint association tests...done (0ms) 
 set [119/1279] : CHMP4A - 4280 variants...
     -reading in genotypes, computing gene-based tests and building masks...done (8994ms) 
     -computing association tests...done (56ms) 
     -computing joint association tests...done (0ms) 
 set [120/1279] : CHORDC2P - 1041 variants...
     -reading in genotypes, computing gene-based tests and building masks...done (3811ms) 
     -computing association tests...done (47ms) 
     -computing joint association tests...done (0ms) 
 set [121/1279] : CHURC1 - 11003 variants...
     -reading in genotypes, computing gene-based tests and building masks...done (16378ms) 
     -computing association tests...done (27ms) 
     -computing joint association tests...done (0ms) 
 set [122/1279] : CIDEB - 391 variants...
     -reading in genotypes, computing gene-based tests and building masks...done (1685ms) 
     -computing association tests...done (5ms) 
     -computing joint association tests...done (0ms) 
 set [123/1279] : CINP - 7734 variants...
     -reading in genotypes, computing gene-based tests and building masks...done (8298ms) 
     -computing association tests...done (18ms) 
     -computing joint association tests...done (0ms) 
 set [124/1279] : CIPC - 11091 variants...
     -reading in genotypes, computing gene-based tests and building masks...done (21327ms) 
     -computing association tests...done (86ms) 
     -computing joint association tests...done (0ms) 
 set [125/1279] : CIROP - 2055 variants...
     -reading in genotypes, computing gene-based tests and building masks...done (2635ms) 
     -computing association tests...done (10ms) 
     -computing joint association tests...done (0ms) 
 set [126/1279] : CKAP2P1 - 1663 variants...
     -reading in genotypes, computing gene-based tests and building masks...done (5557ms) 
     -computing association tests...done (28ms) 
     -computing joint association tests...done (0ms) 
 set [127/1279] : CKB - 6407 variants...
     -reading in genotypes, computing gene-based tests and building masks...done (12363ms) 
     -computing association tests...done (29ms) 
     -computing joint association tests...done (0ms) 
 set [128/1279] : CLBA1 - 11391 variants...
     -reading in genotypes, computing gene-based tests and building masks...done (20472ms) 
     -computing association tests...done (24ms) 
     -computing joint association tests...done (0ms) 
 set [129/1279] : CLEC14A - 4857 variants...
     -reading in genotypes, computing gene-based tests and building masks...done (6216ms) 
     -computing association tests...done (93ms) 
     -computing joint association tests...done (0ms) 
 set [130/1279] : CLMN - 68181 variants...
     -reading in genotypes, computing gene-based tests and building masks...done (131627ms) 
     -computing association tests...done (122ms) 
     -computing joint association tests...done (0ms) 
 set [131/1279] : CMA1 - 6541 variants...
     -reading in genotypes, computing gene-based tests and building masks...done (12289ms) 
     -computing association tests...done (20ms) 
     -computing joint association tests...done (0ms) 
 set [132/1279] : CNIH1 - 11952 variants...
     -reading in genotypes, computing gene-based tests and building masks...done (13206ms) 
     -computing association tests...done (60ms) 
     -computing joint association tests...done (0ms) 
 set [133/1279] : COA8 - 15323 variants...
     -reading in genotypes, computing gene-based tests and building masks...done (22444ms) 
     -computing association tests...done (103ms) 
     -computing joint association tests...done (0ms) 
 set [134/1279] : COCH - 12788 variants...
     -reading in genotypes, computing gene-based tests and building masks...done (17766ms) 
     -computing association tests...done (22ms) 
     -computing joint association tests...done (0ms) 
 set [135/1279] : COILP1 - 4957 variants...
     -reading in genotypes, computing gene-based tests and building masks...done (12587ms) 
     -computing association tests...done (14ms) 
     -computing joint association tests...done (0ms) 
 set [136/1279] : COPDA1 - 3671 variants...
     -reading in genotypes, computing gene-based tests and building masks...done (7143ms) 
     -computing association tests...done (14ms) 
     -computing joint association tests...done (0ms) 
 set [137/1279] : COQ6 - 7823 variants...
     -reading in genotypes, computing gene-based tests and building masks...done (9815ms) 
     -computing association tests...done (70ms) 
     -computing joint association tests...done (0ms) 
 set [138/1279] : COX16 - 19392 variants...
     -reading in genotypes, computing gene-based tests and building masks...done (29991ms) 
     -computing association tests...done (126ms) 
     -computing joint association tests...done (0ms) 
 set [139/1279] : COX5AP1 - 226 variants...
     -reading in genotypes, computing gene-based tests and building masks...done (986ms) 
     -computing association tests...done (13ms) 
     -computing joint association tests...done (0ms) 
 set [140/1279] : COX5AP2 - 154 variants...
     -reading in genotypes, computing gene-based tests and building masks...done (9540ms) 
     -computing association tests...done (12ms) 
     -computing joint association tests...done (0ms) 
 set [141/1279] : COX6CP11 - 1282 variants...
     -reading in genotypes, computing gene-based tests and building masks...done (4938ms) 
     -computing association tests...done (17ms) 
     -computing joint association tests...done (0ms) 
 set [142/1279] : COX8C - 4365 variants...
     -reading in genotypes, computing gene-based tests and building masks...done (9747ms) 
     -computing association tests...done (21ms) 
     -computing joint association tests...done (0ms) 
 set [143/1279] : CPSF2 - 26257 variants...
     -reading in genotypes, computing gene-based tests and building masks...done (35570ms) 
     -computing association tests...done (25ms) 
     -computing joint association tests...done (0ms) 
 set [144/1279] : CRIP1 - 5210 variants...
     -reading in genotypes, computing gene-based tests and building masks...done (8744ms) 
     -computing association tests...done (21ms) 
     -computing joint association tests...done (0ms) 
 set [145/1279] : CRIP2 - 10224 variants...
     -reading in genotypes, computing gene-based tests and building masks...done (13178ms) 
     -computing association tests...done (18ms) 
     -computing joint association tests...done (0ms) 
 set [146/1279] : CTSG - 5096 variants...
     -reading in genotypes, computing gene-based tests and building masks...done (17896ms) 
     -computing association tests...done (86ms) 
     -computing joint association tests...done (0ms) 
 set [147/1279] : CYB5AP3 - 5420 variants...
     -reading in genotypes, computing gene-based tests and building masks...done (10657ms) 
     -computing association tests...done (17ms) 
     -computing joint association tests...done (0ms) 
 set [148/1279] : CYB5AP5 - 4460 variants...
     -reading in genotypes, computing gene-based tests and building masks...done (4952ms) 
     -computing association tests...done (11ms) 
     -computing joint association tests...done (0ms) 
 set [149/1279] : CYP46A1 - 22150 variants...
     -reading in genotypes, computing gene-based tests and building masks...done (22477ms) 
     -computing association tests...done (59ms) 
     -computing joint association tests...done (0ms) 
 set [150/1279] : DAAM1 - 80492 variants...
     -reading in genotypes, computing gene-based tests and building masks...done (106470ms) 
     -computing association tests...done (27ms) 
     -computing joint association tests...done (0ms) 
 set [151/1279] : DACT1 - 10729 variants...
     -reading in genotypes, computing gene-based tests and building masks...done (12965ms) 
     -computing association tests...done (20ms) 
     -computing joint association tests...done (0ms) 
 set [152/1279] : DAD1 - 13731 variants...
     -reading in genotypes, computing gene-based tests and building masks...done (18977ms) 
     -computing association tests...done (26ms) 
     -computing joint association tests...done (0ms) 
 set [153/1279] : DCAF11 - 6923 variants...
     -reading in genotypes, computing gene-based tests and building masks...done (6869ms) 
     -computing association tests...done (84ms) 
     -computing joint association tests...done (0ms) 
 set [154/1279] : DCAF4 - 21009 variants...
     -reading in genotypes, computing gene-based tests and building masks...done (28069ms) 
     -computing association tests...done (91ms) 
     -computing joint association tests...done (0ms) 
 set [155/1279] : DCAF5 - 43429 variants...
     -reading in genotypes, computing gene-based tests and building masks...done (48462ms) 
     -computing association tests...done (61ms) 
     -computing joint association tests...done (0ms) 
 set [156/1279] : DDHD1 - 54285 variants...
     -reading in genotypes, computing gene-based tests and building masks...done (72245ms) 
     -computing association tests...done (37ms) 
     -computing joint association tests...done (0ms) 
 set [157/1279] : DDHD1-DT - 201548 variants...
     -reading in genotypes, computing gene-based tests and building masks...done (515926ms) 
     -computing association tests...done (44ms) 
     -computing joint association tests...done (0ms) 
 set [158/1279] : DDX24 - 8982 variants...
     -reading in genotypes, computing gene-based tests and building masks...done (9887ms) 
     -computing association tests...done (91ms) 
     -computing joint association tests...done (0ms) 
 set [159/1279] : DEGS2 - 9592 variants...
     -reading in genotypes, computing gene-based tests and building masks...done (30640ms) 
     -computing association tests...done (24ms) 
     -computing joint association tests...done (0ms) 
 set [160/1279] : DGLUCY - 68113 variants...
     -reading in genotypes, computing gene-based tests and building masks...done (90173ms) 
     -computing association tests...done (63ms) 
     -computing joint association tests...done (0ms) 
 set [161/1279] : DHRS1 - 5292 variants...
     -reading in genotypes, computing gene-based tests and building masks...done (6386ms) 
     -computing association tests...done (18ms) 
     -computing joint association tests...done (0ms) 
 set [162/1279] : DHRS2 - 11939 variants...
     -reading in genotypes, computing gene-based tests and building masks...done (13645ms) 
     -computing association tests...done (52ms) 
     -computing joint association tests...done (0ms) 
 set [163/1279] : DHRS4 - 13836 variants...
     -reading in genotypes, computing gene-based tests and building masks...done (25157ms) 
     -computing association tests...done (23ms) 
     -computing joint association tests...done (0ms) 
 set [164/1279] : DHRS4-AS1 - 9852 variants...
     -reading in genotypes, computing gene-based tests and building masks...done (11491ms) 
     -computing association tests...done (70ms) 
     -computing joint association tests...done (0ms) 
 set [165/1279] : DHRS4L1 - 17418 variants...
     -reading in genotypes, computing gene-based tests and building masks...done (18529ms) 
     -computing association tests...done (17ms) 
     -computing joint association tests...done (0ms) 
 set [166/1279] : DHRS4L2 - 20871 variants...
     -reading in genotypes, computing gene-based tests and building masks...done (87233ms) 
     -computing association tests...done (66ms) 
     -computing joint association tests...done (0ms) 
 set [167/1279] : DHRS7 - 13725 variants...
     -reading in genotypes, computing gene-based tests and building masks...done (20338ms) 
     -computing association tests...done (56ms) 
     -computing joint association tests...done (0ms) 
 set [168/1279] : DICER1 - 33184 variants...
     -reading in genotypes, computing gene-based tests and building masks...done (39624ms) 
     -computing association tests...done (26ms) 
     -computing joint association tests...done (0ms) 
 set [169/1279] : DICER1-AS1 - 5895 variants...
     -reading in genotypes, computing gene-based tests and building masks...done (6031ms) 
     -computing association tests...done (49ms) 
     -computing joint association tests...done (0ms) 
 set [170/1279] : DIO2 - 9478 variants...
     -reading in genotypes, computing gene-based tests and building masks...done (17699ms) 
     -computing association tests...done (63ms) 
     -computing joint association tests...done (0ms) 
 set [171/1279] : DIO2-AS1 - 104636 variants...
     -reading in genotypes, computing gene-based tests and building masks...done (145809ms) 
     -computing association tests...done (59ms) 
     -computing joint association tests...done (1ms) 
 set [172/1279] : DIO3 - 5554 variants...
     -reading in genotypes, computing gene-based tests and building masks...done (10266ms) 
     -computing association tests...done (15ms) 
     -computing joint association tests...done (0ms) 
 set [173/1279] : DIO3OS - 30758 variants...
     -reading in genotypes, computing gene-based tests and building masks...done (35689ms) 
     -computing association tests...done (21ms) 
     -computing joint association tests...done (0ms) 
 set [174/1279] : DLGAP5 - 20453 variants...
     -reading in genotypes, computing gene-based tests and building masks...done (19662ms) 
     -computing association tests...done (50ms) 
     -computing joint association tests...done (0ms) 
 set [175/1279] : DLK1 - 10758 variants...
     -reading in genotypes, computing gene-based tests and building masks...done (17960ms) 
     -computing association tests...done (17ms) 
     -computing joint association tests...done (0ms) 
 set [176/1279] : DLST - 12123 variants...
     -reading in genotypes, computing gene-based tests and building masks...done (20714ms) 
     -computing association tests...done (18ms) 
     -computing joint association tests...done (0ms) 
 set [177/1279] : DMAC2L - 1532 variants...
     -reading in genotypes, computing gene-based tests and building masks...done (6059ms) 
     -computing association tests...done (12ms) 
     -computing joint association tests...done (0ms) 
 set [178/1279] : DNAAF2 - 5198 variants...
     -reading in genotypes, computing gene-based tests and building masks...done (5005ms) 
     -computing association tests...done (15ms) 
     -computing joint association tests...done (0ms) 
 set [179/1279] : DNAJC19P9 - 4023 variants...
     -reading in genotypes, computing gene-based tests and building masks...done (17254ms) 
     -computing association tests...done (57ms) 
     -computing joint association tests...done (0ms) 
 set [180/1279] : DNAJC8P1 - 180 variants...
     -reading in genotypes, computing gene-based tests and building masks...done (1656ms) 
     -computing association tests...done (45ms) 
     -computing joint association tests...done (0ms) 
 set [181/1279] : DNAL1 - 30105 variants...
     -reading in genotypes, computing gene-based tests and building masks...done (32515ms) 
     -computing association tests...done (27ms) 
     -computing joint association tests...done (0ms) 
 set [182/1279] : DOCK11P1 - 2323 variants...
     -reading in genotypes, computing gene-based tests and building masks...done (2974ms) 
     -computing association tests...done (10ms) 
     -computing joint association tests...done (0ms) 
 set [183/1279] : DPF3 - 124945 variants...
     -reading in genotypes, computing gene-based tests and building masks...done (225918ms) 
     -computing association tests...done (30ms) 
     -computing joint association tests...done (0ms) 
 set [184/1279] : DPPA5P4 - 2061 variants...
     -reading in genotypes, computing gene-based tests and building masks...done (4288ms) 
     -computing association tests...done (10ms) 
     -computing joint association tests...done (0ms) 
 set [185/1279] : DTD2 - 7875 variants...
     -reading in genotypes, computing gene-based tests and building masks...done (9664ms) 
     -computing association tests...done (68ms) 
     -computing joint association tests...done (0ms) 
 set [186/1279] : DUXAP10 - 28412 variants...
     -reading in genotypes, computing gene-based tests and building masks...done (124939ms) 
     -computing association tests...done (61ms) 
     -computing joint association tests...done (0ms) 
 set [187/1279] : DUXAP9 - 27271 variants...
     -reading in genotypes, computing gene-based tests and building masks...done (149307ms) 
     -computing association tests...done (28ms) 
     -computing joint association tests...done (0ms) 
 set [188/1279] : DYNC1H1 - 43260 variants...
     -reading in genotypes, computing gene-based tests and building masks...done (116147ms) 
     -computing association tests...done (64ms) 
     -computing joint association tests...done (0ms) 
 set [189/1279] : DYNLL1P1 - 7890 variants...
     -reading in genotypes, computing gene-based tests and building masks...done (22872ms) 
     -computing association tests...done (17ms) 
     -computing joint association tests...done (0ms) 
 set [190/1279] : DYNLL1P2 - 4448 variants...
     -reading in genotypes, computing gene-based tests and building masks...done (4231ms) 
     -computing association tests...done (16ms) 
     -computing joint association tests...done (0ms) 
 set [191/1279] : EAPP - 14986 variants...
     -reading in genotypes, computing gene-based tests and building masks...done (37752ms) 
     -computing association tests...done (22ms) 
     -computing joint association tests...done (0ms) 
 set [192/1279] : EDDM3A - 5342 variants...
     -reading in genotypes, computing gene-based tests and building masks...done (7518ms) 
     -computing association tests...done (18ms) 
     -computing joint association tests...done (0ms) 
 set [193/1279] : EDDM3B - 5477 variants...
     -reading in genotypes, computing gene-based tests and building masks...done (6122ms) 
     -computing association tests...done (28ms) 
     -computing joint association tests...done (0ms) 
 set [194/1279] : EDDM3DP - 172 variants...
     -reading in genotypes, computing gene-based tests and building masks...done (368ms) 
     -computing association tests...done (9ms) 
     -computing joint association tests...done (0ms) 
 set [195/1279] : EEF1A1P2 - 597 variants...
     -reading in genotypes, computing gene-based tests and building masks...done (871ms) 
     -computing association tests...done (3ms) 
     -computing joint association tests...done (0ms) 
 set [196/1279] : EFCAB11 - 62298 variants...
     -reading in genotypes, computing gene-based tests and building masks...done (78956ms) 
     -computing association tests...done (59ms) 
     -computing joint association tests...done (0ms) 
 set [197/1279] : EFS - 7947 variants...
     -reading in genotypes, computing gene-based tests and building masks...done (7367ms) 
     -computing association tests...done (52ms) 
     -computing joint association tests...done (0ms) 
 set [198/1279] : EGILA - 2730 variants...
     -reading in genotypes, computing gene-based tests and building masks...done (3717ms) 
     -computing association tests...done (51ms) 
     -computing joint association tests...done (0ms) 
 set [199/1279] : EGLN3 - 199986 variants...
     -reading in genotypes, computing gene-based tests and building masks...done (835018ms) 
     -computing association tests...done (66ms) 
     -computing joint association tests...done (0ms) 
 set [200/1279] : EGLN3-AS1 - 12273 variants...
     -reading in genotypes, computing gene-based tests and building masks...done (15288ms) 
     -computing association tests...done (13ms) 
     -computing joint association tests...done (0ms) 
 set [201/1279] : EIF2B2 - 7777 variants...
     -reading in genotypes, computing gene-based tests and building masks...done (21870ms) 
     -computing association tests...done (17ms) 
     -computing joint association tests...done (0ms) 
 set [202/1279] : EIF2S1 - 10851 variants...
     -reading in genotypes, computing gene-based tests and building masks...done (13534ms) 
     -computing association tests...done (18ms) 
     -computing joint association tests...done (0ms) 
 set [203/1279] : EIF2S2P1 - 2867 variants...
     -reading in genotypes, computing gene-based tests and building masks...done (3044ms) 
     -computing association tests...done (13ms) 
     -computing joint association tests...done (0ms) 
 set [204/1279] : EIF4A1P12 - 82 variants...
     -reading in genotypes, computing gene-based tests and building masks...done (954ms) 
     -computing association tests...done (12ms) 
     -computing joint association tests...done (0ms) 
 set [205/1279] : EIF4BP1 - 159 variants...
     -reading in genotypes, computing gene-based tests and building masks...done (419ms) 
     -computing association tests...done (13ms) 
     -computing joint association tests...done (0ms) 
 set [206/1279] : EIF5 - 12569 variants...
     -reading in genotypes, computing gene-based tests and building masks...done (12154ms) 
     -computing association tests...done (17ms) 
     -computing joint association tests...done (0ms) 
 set [207/1279] : ELK2AP - 2524 variants...
     -reading in genotypes, computing gene-based tests and building masks...done (3281ms) 
     -computing association tests...done (67ms) 
     -computing joint association tests...done (0ms) 
 set [208/1279] : ELK2BP - 5160 variants...
     -reading in genotypes, computing gene-based tests and building masks...done (6552ms) 
     -computing association tests...done (12ms) 
     -computing joint association tests...done (0ms) 
 set [209/1279] : EMC9 - 1625 variants...
     -reading in genotypes, computing gene-based tests and building masks...done (6550ms) 
     -computing association tests...done (17ms) 
     -computing joint association tests...done (0ms) 
 set [210/1279] : EML1 - 83641 variants...
     -reading in genotypes, computing gene-based tests and building masks...done (121413ms) 
     -computing association tests...done (78ms) 
     -computing joint association tests...done (0ms) 
 set [211/1279] : EML5 - 69369 variants...
     -reading in genotypes, computing gene-based tests and building masks...done (97919ms) 
     -computing association tests...done (91ms) 
     -computing joint association tests...done (0ms) 
 set [212/1279] : ENSAP2 - 154 variants...
     -reading in genotypes, computing gene-based tests and building masks...done (388ms) 
     -computing association tests...done (1ms) 
     -computing joint association tests...done (0ms) 
 set [213/1279] : ENTPD5 - 19552 variants...
     -reading in genotypes, computing gene-based tests and building masks...done (20139ms) 
     -computing association tests...done (52ms) 
     -computing joint association tests...done (0ms) 
 set [214/1279] : ERG28 - 6283 variants...
     -reading in genotypes, computing gene-based tests and building masks...done (9368ms) 
     -computing association tests...done (17ms) 
     -computing joint association tests...done (0ms) 
 set [215/1279] : ERH - 10000 variants...
     -reading in genotypes, computing gene-based tests and building masks...done (10724ms) 
     -computing association tests...done (19ms) 
     -computing joint association tests...done (0ms) 
 set [216/1279] : ERO1A - 25253 variants...
     -reading in genotypes, computing gene-based tests and building masks...done (26995ms) 
     -computing association tests...done (58ms) 
     -computing joint association tests...done (0ms) 
 set [217/1279] : ESR2 - 45249 variants...
     -reading in genotypes, computing gene-based tests and building masks...done (53334ms) 
     -computing association tests...done (29ms) 
     -computing joint association tests...done (0ms) 
 set [218/1279] : ESRRB - 89480 variants...
     -reading in genotypes, computing gene-based tests and building masks...done (395153ms) 
     -computing association tests...done (61ms) 
     -computing joint association tests...done (0ms) 
 set [219/1279] : EVL - 57261 variants...
     -reading in genotypes, computing gene-based tests and building masks...done (70320ms) 
     -computing association tests...done (26ms) 
     -computing joint association tests...done (0ms) 
 set [220/1279] : EXD2 - 24853 variants...
     -reading in genotypes, computing gene-based tests and building masks...done (25943ms) 
     -computing association tests...done (39ms) 
     -computing joint association tests...done (0ms) 
 set [221/1279] : EXOC3L4 - 12391 variants...
     -reading in genotypes, computing gene-based tests and building masks...done (79797ms) 
     -computing association tests...done (42ms) 
     -computing joint association tests...done (0ms) 
 set [222/1279] : EXOC5 - 30865 variants...
     -reading in genotypes, computing gene-based tests and building masks...done (42265ms) 
     -computing association tests...done (26ms) 
     -computing joint association tests...done (0ms) 
 set [223/1279] : FAM161B - 7250 variants...
     -reading in genotypes, computing gene-based tests and building masks...done (13275ms) 
     -computing association tests...done (23ms) 
     -computing joint association tests...done (0ms) 
 set [224/1279] : FAM177A1 - 18024 variants...
     -reading in genotypes, computing gene-based tests and building masks...done (35741ms) 
     -computing association tests...done (92ms) 
     -computing joint association tests...done (0ms) 
 set [225/1279] : FAM181A - 3161 variants...
     -reading in genotypes, computing gene-based tests and building masks...done (9728ms) 
     -computing association tests...done (17ms) 
     -computing joint association tests...done (0ms) 
 set [226/1279] : FAM181A-AS1 - 9501 variants...
     -reading in genotypes, computing gene-based tests and building masks...done (9916ms) 
     -computing association tests...done (25ms) 
     -computing joint association tests...done (0ms) 
 set [227/1279] : FAM204DP - 4139 variants...
     -reading in genotypes, computing gene-based tests and building masks...done (5786ms) 
     -computing association tests...done (16ms) 
     -computing joint association tests...done (0ms) 
 set [228/1279] : FAM30A - 5055 variants...
     -reading in genotypes, computing gene-based tests and building masks...done (7900ms) 
     -computing association tests...done (13ms) 
     -computing joint association tests...done (0ms) 
 set [229/1279] : FANCM - 29008 variants...
     -reading in genotypes, computing gene-based tests and building masks...done (46957ms) 
     -computing association tests...done (74ms) 
     -computing joint association tests...done (0ms) 
 set [230/1279] : FBLN5 - 36099 variants...
     -reading in genotypes, computing gene-based tests and building masks...done (44207ms) 
     -computing association tests...done (22ms) 
     -computing joint association tests...done (0ms) 
 set [231/1279] : FBXO33 - 20643 variants...
     -reading in genotypes, computing gene-based tests and building masks...done (25609ms) 
     -computing association tests...done (83ms) 
     -computing joint association tests...done (0ms) 
 set [232/1279] : FBXO34 - 48043 variants...
     -reading in genotypes, computing gene-based tests and building masks...done (104247ms) 
     -computing association tests...done (56ms) 
     -computing joint association tests...done (0ms) 
 set [233/1279] : FBXO34-AS1 - 5032 variants...
     -reading in genotypes, computing gene-based tests and building masks...done (10963ms) 
     -computing association tests...done (89ms) 
     -computing joint association tests...done (0ms) 
 set [234/1279] : FCF1 - 12493 variants...
     -reading in genotypes, computing gene-based tests and building masks...done (15607ms) 
     -computing association tests...done (28ms) 
     -computing joint association tests...done (0ms) 
 set [235/1279] : FERMT2 - 46246 variants...
     -reading in genotypes, computing gene-based tests and building masks...done (55931ms) 
     -computing association tests...done (66ms) 
     -computing joint association tests...done (0ms) 
 set [236/1279] : FITM1 - 2950 variants...
     -reading in genotypes, computing gene-based tests and building masks...done (8071ms) 
     -computing association tests...done (56ms) 
     -computing joint association tests...done (0ms) 
 set [237/1279] : FKBP3 - 8200 variants...
     -reading in genotypes, computing gene-based tests and building masks...done (8676ms) 
     -computing association tests...done (73ms) 
     -computing joint association tests...done (0ms) 
 set [238/1279] : FLRT2 - 59104 variants...
     -reading in genotypes, computing gene-based tests and building masks...done (74304ms) 
     -computing association tests...done (24ms) 
     -computing joint association tests...done (0ms) 
 set [239/1279] : FLRT2-AS1 - 1283 variants...
     -reading in genotypes, computing gene-based tests and building masks...done (1638ms) 
     -computing association tests...done (8ms) 
     -computing joint association tests...done (0ms) 
 set [240/1279] : FLVCR2 - 30281 variants...
     -reading in genotypes, computing gene-based tests and building masks...done (35045ms) 
     -computing association tests...done (41ms) 
     -computing joint association tests...done (0ms) 
 set [241/1279] : FLVCR2-AS1 - 7187 variants...
     -reading in genotypes, computing gene-based tests and building masks...done (7909ms) 
     -computing association tests...done (18ms) 
     -computing joint association tests...done (0ms) 
 set [242/1279] : FNTB - 36516 variants...
     -reading in genotypes, computing gene-based tests and building masks...done (51284ms) 
     -computing association tests...done (40ms) 
     -computing joint association tests...done (0ms) 
 set [243/1279] : FOS - 5544 variants...
     -reading in genotypes, computing gene-based tests and building masks...done (7062ms) 
     -computing association tests...done (23ms) 
     -computing joint association tests...done (0ms) 
 set [244/1279] : FOXA1 - 7460 variants...
     -reading in genotypes, computing gene-based tests and building masks...done (10304ms) 
     -computing association tests...done (70ms) 
     -computing joint association tests...done (0ms) 
 set [245/1279] : FOXG1 - 6223 variants...
     -reading in genotypes, computing gene-based tests and building masks...done (9211ms) 
     -computing association tests...done (45ms) 
     -computing joint association tests...done (0ms) 
 set [246/1279] : FOXG1-AS1 - 17990 variants...
     -reading in genotypes, computing gene-based tests and building masks...done (24525ms) 
     -computing association tests...done (26ms) 
     -computing joint association tests...done (0ms) 
 set [247/1279] : FOXN3 - 245258 variants...
     -reading in genotypes, computing gene-based tests and building masks...done (2327608ms) 
     -computing association tests...done (37ms) 
     -computing joint association tests...done (0ms) 
 set [248/1279] : FOXN3-AS1 - 951 variants...
     -reading in genotypes, computing gene-based tests and building masks...done (1480ms) 
     -computing association tests...done (12ms) 
     -computing joint association tests...done (0ms) 
 set [249/1279] : FOXN3-AS2 - 4112 variants...
     -reading in genotypes, computing gene-based tests and building masks...done (7195ms) 
     -computing association tests...done (15ms) 
     -computing joint association tests...done (0ms) 
 set [250/1279] : FRMD6 - 36688 variants...
     -reading in genotypes, computing gene-based tests and building masks...done (46095ms) 
     -computing association tests...done (27ms) 
     -computing joint association tests...done (0ms) 
 set [251/1279] : FRMD6-AS2 - 104586 variants...
     -reading in genotypes, computing gene-based tests and building masks...done (153372ms) 
     -computing association tests...done (30ms) 
     -computing joint association tests...done (0ms) 
 set [252/1279] : FSCB - 5527 variants...
     -reading in genotypes, computing gene-based tests and building masks...done (7614ms) 
     -computing association tests...done (13ms) 
     -computing joint association tests...done (0ms) 
 set [253/1279] : FTH1P13 - 4454 variants...
     -reading in genotypes, computing gene-based tests and building masks...done (4156ms) 
     -computing association tests...done (12ms) 
     -computing joint association tests...done (0ms) 
 set [254/1279] : FUT8 - 145621 variants...
     -reading in genotypes, computing gene-based tests and building masks...done (358077ms) 
     -computing association tests...done (41ms) 
     -computing joint association tests...done (18ms) 
 set [255/1279] : FXNP1 - 4505 variants...
     -reading in genotypes, computing gene-based tests and building masks...done (5909ms) 
     -computing association tests...done (16ms) 
     -computing joint association tests...done (0ms) 
 set [256/1279] : G2E3 - 29000 variants...
     -reading in genotypes, computing gene-based tests and building masks...done (28462ms) 
     -computing association tests...done (66ms) 
     -computing joint association tests...done (0ms) 
 set [257/1279] : G2E3-AS1 - 61845 variants...
     -reading in genotypes, computing gene-based tests and building masks...done (90090ms) 
     -computing association tests...done (45ms) 
     -computing joint association tests...done (0ms) 
 set [258/1279] : GALC - 51123 variants...
     -reading in genotypes, computing gene-based tests and building masks...done (84115ms) 
     -computing association tests...done (109ms) 
     -computing joint association tests...done (0ms) 
 set [259/1279] : GALNT16 - 41730 variants...
     -reading in genotypes, computing gene-based tests and building masks...done (59881ms) 
     -computing association tests...done (40ms) 
     -computing joint association tests...done (1ms) 
 set [260/1279] : GALNT16-AS1 - 3087 variants...
     -reading in genotypes, computing gene-based tests and building masks...done (5736ms) 
     -computing association tests...done (10ms) 
     -computing joint association tests...done (0ms) 
 set [261/1279] : GARIN2 - 20647 variants...
     -reading in genotypes, computing gene-based tests and building masks...done (22697ms) 
     -computing association tests...done (18ms) 
     -computing joint association tests...done (0ms) 
 set [262/1279] : GCATP1 - 1350 variants...
     -reading in genotypes, computing gene-based tests and building masks...done (11147ms) 
     -computing association tests...done (48ms) 
     -computing joint association tests...done (0ms) 
 set [263/1279] : GCH1 - 32094 variants...
     -reading in genotypes, computing gene-based tests and building masks...done (52117ms) 
     -computing association tests...done (90ms) 
     -computing joint association tests...done (0ms) 
 set [264/1279] : GCSHP2 - 2531 variants...
     -reading in genotypes, computing gene-based tests and building masks...done (5305ms) 
     -computing association tests...done (51ms) 
     -computing joint association tests...done (0ms) 
 set [265/1279] : GEMIN2 - 15437 variants...
     -reading in genotypes, computing gene-based tests and building masks...done (24862ms) 
     -computing association tests...done (49ms) 
     -computing joint association tests...done (0ms) 
 set [266/1279] : GLRX5 - 8281 variants...
     -reading in genotypes, computing gene-based tests and building masks...done (17669ms) 
     -computing association tests...done (64ms) 
     -computing joint association tests...done (0ms) 
 set [267/1279] : GLRX5P3 - 4423 variants...
     -reading in genotypes, computing gene-based tests and building masks...done (5254ms) 
     -computing association tests...done (41ms) 
     -computing joint association tests...done (0ms) 
 set [268/1279] : GMFB - 9608 variants...
     -reading in genotypes, computing gene-based tests and building masks...done (10853ms) 
     -computing association tests...done (26ms) 
     -computing joint association tests...done (0ms) 
 set [269/1279] : GMPR2 - 4230 variants...
     -reading in genotypes, computing gene-based tests and building masks...done (5434ms) 
     -computing association tests...done (13ms) 
     -computing joint association tests...done (0ms) 
 set [270/1279] : GNG2 - 50696 variants...
     -reading in genotypes, computing gene-based tests and building masks...done (67389ms) 
     -computing association tests...done (61ms) 
     -computing joint association tests...done (0ms) 
 set [271/1279] : GNPNAT1 - 9081 variants...
     -reading in genotypes, computing gene-based tests and building masks...done (15096ms) 
     -computing association tests...done (62ms) 
     -computing joint association tests...done (0ms) 
 set [272/1279] : GNRHR2P1 - 2525 variants...
     -reading in genotypes, computing gene-based tests and building masks...done (9154ms) 
     -computing association tests...done (12ms) 
     -computing joint association tests...done (0ms) 
 set [273/1279] : GOLGA5 - 22082 variants...
     -reading in genotypes, computing gene-based tests and building masks...done (27526ms) 
     -computing association tests...done (64ms) 
     -computing joint association tests...done (6ms) 
 set [274/1279] : GON7 - 3416 variants...
     -reading in genotypes, computing gene-based tests and building masks...done (4368ms) 
     -computing association tests...done (77ms) 
     -computing joint association tests...done (0ms) 
 set [275/1279] : GPATCH2L - 27804 variants...
     -reading in genotypes, computing gene-based tests and building masks...done (38646ms) 
     -computing association tests...done (133ms) 
     -computing joint association tests...done (6ms) 
 set [276/1279] : GPHB5 - 7009 variants...
     -reading in genotypes, computing gene-based tests and building masks...done (11801ms) 
     -computing association tests...done (20ms) 
     -computing joint association tests...done (18ms) 
 set [277/1279] : GPHN - 295416 variants...
     -reading in genotypes, computing gene-based tests and building masks...done (837498ms) 
     -computing association tests...done (59ms) 
     -computing joint association tests...done (55ms) 
 set [278/1279] : GPR132 - 11891 variants...
     -reading in genotypes, computing gene-based tests and building masks...done (16695ms) 
     -computing association tests...done (47ms) 
     -computing joint association tests...done (26ms) 
 set [279/1279] : GPR135 - 13467 variants...
     -reading in genotypes, computing gene-based tests and building masks...done (12071ms) 
     -computing association tests...done (54ms) 
     -computing joint association tests...done (0ms) 
 set [280/1279] : GPR137C - 35778 variants...
     -reading in genotypes, computing gene-based tests and building masks...done (39791ms) 
     -computing association tests...done (49ms) 
     -computing joint association tests...done (0ms) 
 set [281/1279] : GPR33 - 6132 variants...
     -reading in genotypes, computing gene-based tests and building masks...done (7178ms) 
     -computing association tests...done (17ms) 
     -computing joint association tests...done (0ms) 
 set [282/1279] : GPR65 - 7439 variants...
     -reading in genotypes, computing gene-based tests and building masks...done (7469ms) 
     -computing association tests...done (18ms) 
     -computing joint association tests...done (0ms) 
 set [283/1279] : GPR68 - 9290 variants...
     -reading in genotypes, computing gene-based tests and building masks...done (18313ms) 
     -computing association tests...done (17ms) 
     -computing joint association tests...done (0ms) 
 set [284/1279] : GPX2 - 4117 variants...
     -reading in genotypes, computing gene-based tests and building masks...done (19710ms) 
     -computing association tests...done (15ms) 
     -computing joint association tests...done (0ms) 
 set [285/1279] : GSC - 5357 variants...
     -reading in genotypes, computing gene-based tests and building masks...done (6805ms) 
     -computing association tests...done (13ms) 
     -computing joint association tests...done (0ms) 
 set [286/1279] : GSKIP - 11483 variants...
     -reading in genotypes, computing gene-based tests and building masks...done (11825ms) 
     -computing association tests...done (12ms) 
     -computing joint association tests...done (0ms) 
 set [287/1279] : GSTZ1 - 1690 variants...
     -reading in genotypes, computing gene-based tests and building masks...done (3741ms) 
     -computing association tests...done (12ms) 
     -computing joint association tests...done (0ms) 
 set [288/1279] : GTF2A1 - 23500 variants...
     -reading in genotypes, computing gene-based tests and building masks...done (22989ms) 
     -computing association tests...done (47ms) 
     -computing joint association tests...done (0ms) 
 set [289/1279] : GTF2A1-AS1 - 4069 variants...
     -reading in genotypes, computing gene-based tests and building masks...done (6747ms) 
     -computing association tests...done (12ms) 
     -computing joint association tests...done (0ms) 
 set [290/1279] : GTF2IP22 - 2974 variants...
     -reading in genotypes, computing gene-based tests and building masks...done (8641ms) 
     -computing association tests...done (52ms) 
     -computing joint association tests...done (0ms) 
 set [291/1279] : GZMB - 5620 variants...
     -reading in genotypes, computing gene-based tests and building masks...done (7274ms) 
     -computing association tests...done (57ms) 
     -computing joint association tests...done (0ms) 
 set [292/1279] : GZMH - 5720 variants...
     -reading in genotypes, computing gene-based tests and building masks...done (5856ms) 
     -computing association tests...done (13ms) 
     -computing joint association tests...done (0ms) 
 set [293/1279] : HAUS4 - 9604 variants...
     -reading in genotypes, computing gene-based tests and building masks...done (15121ms) 
     -computing association tests...done (55ms) 
     -computing joint association tests...done (0ms) 
 set [294/1279] : HEATR4 - 44265 variants...
     -reading in genotypes, computing gene-based tests and building masks...done (131733ms) 
     -computing association tests...done (59ms) 
     -computing joint association tests...done (0ms) 
 set [295/1279] : HEATR5A - 57789 variants...
     -reading in genotypes, computing gene-based tests and building masks...done (77083ms) 
     -computing association tests...done (26ms) 
     -computing joint association tests...done (0ms) 
 set [296/1279] : HEATR5A-DT - 6301 variants...
     -reading in genotypes, computing gene-based tests and building masks...done (5834ms) 
     -computing association tests...done (16ms) 
     -computing joint association tests...done (0ms) 
 set [297/1279] : HECTD1 - 46780 variants...
     -reading in genotypes, computing gene-based tests and building masks...done (54933ms) 
     -computing association tests...done (34ms) 
     -computing joint association tests...done (0ms) 
 set [298/1279] : HHIPL1 - 20112 variants...
     -reading in genotypes, computing gene-based tests and building masks...done (25689ms) 
     -computing association tests...done (102ms) 
     -computing joint association tests...done (0ms) 
 set [299/1279] : HIF1A - 25146 variants...
     -reading in genotypes, computing gene-based tests and building masks...done (32781ms) 
     -computing association tests...done (52ms) 
     -computing joint association tests...done (0ms) 
 set [300/1279] : HIF1A-AS3 - 7765 variants...
     -reading in genotypes, computing gene-based tests and building masks...done (7060ms) 
     -computing association tests...done (15ms) 
     -computing joint association tests...done (0ms) 
 set [301/1279] : HISLA - 53553 variants...
     -reading in genotypes, computing gene-based tests and building masks...done (63399ms) 
     -computing association tests...done (37ms) 
     -computing joint association tests...done (0ms) 
 set [302/1279] : HMGB3P26 - 221 variants...
     -reading in genotypes, computing gene-based tests and building masks...done (3402ms) 
     -computing association tests...done (1ms) 
     -computing joint association tests...done (0ms) 
 set [303/1279] : HMGN2P6 - 110 variants...
     -reading in genotypes, computing gene-based tests and building masks...done (384ms) 
     -computing association tests...done (10ms) 
     -computing joint association tests...done (0ms) 
 set [304/1279] : HNRNPC - 38330 variants...
     -reading in genotypes, computing gene-based tests and building masks...done (47433ms) 
     -computing association tests...done (59ms) 
     -computing joint association tests...done (0ms) 
 set [305/1279] : HNRNPUP1 - 178 variants...
     -reading in genotypes, computing gene-based tests and building masks...done (2921ms) 
     -computing association tests...done (8ms) 
     -computing joint association tests...done (0ms) 
 set [306/1279] : HOMER2P1 - 1910 variants...
     -reading in genotypes, computing gene-based tests and building masks...done (3262ms) 
     -computing association tests...done (14ms) 
     -computing joint association tests...done (0ms) 
 set [307/1279] : HOMEZ - 8874 variants...
     -reading in genotypes, computing gene-based tests and building masks...done (24470ms) 
     -computing association tests...done (14ms) 
     -computing joint association tests...done (0ms) 
 set [308/1279] : HSP90AA1 - 26946 variants...
     -reading in genotypes, computing gene-based tests and building masks...done (34157ms) 
     -computing association tests...done (31ms) 
     -computing joint association tests...done (0ms) 
 set [309/1279] : HSPA2 - 3842 variants...
     -reading in genotypes, computing gene-based tests and building masks...done (10586ms) 
     -computing association tests...done (22ms) 
     -computing joint association tests...done (0ms) 
 set [310/1279] : HSPA2-AS1 - 1946 variants...
     -reading in genotypes, computing gene-based tests and building masks...done (2160ms) 
     -computing association tests...done (13ms) 
     -computing joint association tests...done (0ms) 
 set [311/1279] : IFI27 - 5768 variants...
     -reading in genotypes, computing gene-based tests and building masks...done (16498ms) 
     -computing association tests...done (23ms) 
     -computing joint association tests...done (0ms) 
 set [312/1279] : IFI27L1 - 12597 variants...
     -reading in genotypes, computing gene-based tests and building masks...done (13826ms) 
     -computing association tests...done (23ms) 
     -computing joint association tests...done (0ms) 
 set [313/1279] : IFI27L2 - 6317 variants...
     -reading in genotypes, computing gene-based tests and building masks...done (7391ms) 
     -computing association tests...done (68ms) 
     -computing joint association tests...done (0ms) 
 set [314/1279] : IFT43 - 41443 variants...
     -reading in genotypes, computing gene-based tests and building masks...done (69967ms) 
     -computing association tests...done (75ms) 
     -computing joint association tests...done (0ms) 
 set [315/1279] : IGBP1P1 - 383 variants...
     -reading in genotypes, computing gene-based tests and building masks...done (8426ms) 
     -computing association tests...done (6ms) 
     -computing joint association tests...done (0ms) 
 set [316/1279] : IGHA1 - 13691 variants...
     -reading in genotypes, computing gene-based tests and building masks...done (27586ms) 
     -computing association tests...done (28ms) 
     -computing joint association tests...done (2ms) 
 set [317/1279] : IGHA2 - 15168 variants...
     -reading in genotypes, computing gene-based tests and building masks...done (32398ms) 
     -computing association tests...done (95ms) 
     -computing joint association tests...done (26ms) 
 set [318/1279] : IGHD1-1 - 1070 variants...
     -reading in genotypes, computing gene-based tests and building masks...done (4944ms) 
     -computing association tests...done (12ms) 
     -computing joint association tests...done (0ms) 
 set [319/1279] : IGHD1-14 - 9 variants...
     -reading in genotypes, computing gene-based tests and building masks...done (693ms) 
     -computing association tests...done (1ms) 
     -computing joint association tests...done (0ms) 
 set [320/1279] : IGHD1-20 - 17 variants...
     -reading in genotypes, computing gene-based tests and building masks...done (4563ms) 
     -computing association tests...done (1ms) 
     -computing joint association tests...done (0ms) 
 set [321/1279] : IGHD1-26 - 5549 variants...
     -reading in genotypes, computing gene-based tests and building masks...done (5786ms) 
     -computing association tests...done (80ms) 
     -computing joint association tests...done (0ms) 
 set [322/1279] : IGHD - 8428 variants...
     -reading in genotypes, computing gene-based tests and building masks...done (26471ms) 
     -computing association tests...done (65ms) 
     -computing joint association tests...done (14ms) 
 set [323/1279] : IGHD1-7 - 11 variants...
     -reading in genotypes, computing gene-based tests and building masks...done (1915ms) 
     -computing association tests...done (3ms) 
     -computing joint association tests...done (0ms) 
 set [324/1279] : IGHD2-15 - 1459 variants...
     -reading in genotypes, computing gene-based tests and building masks...done (3144ms) 
     -computing association tests...done (13ms) 
     -computing joint association tests...done (0ms) 
 set [325/1279] : IGHD2-21 - 1741 variants...
     -reading in genotypes, computing gene-based tests and building masks...done (4096ms) 
     -computing association tests...done (55ms) 
     -computing joint association tests...done (0ms) 
 set [326/1279] : IGHD2-2 - 1400 variants...
     -reading in genotypes, computing gene-based tests and building masks...done (4468ms) 
     -computing association tests...done (80ms) 
     -computing joint association tests...done (0ms) 
 set [327/1279] : IGHD2-8 - 1981 variants...
     -reading in genotypes, computing gene-based tests and building masks...done (8083ms) 
     -computing association tests...done (16ms) 
     -computing joint association tests...done (0ms) 
 set [328/1279] : IGHD3-10 - 3745 variants...
     -reading in genotypes, computing gene-based tests and building masks...done (11472ms) 
     -computing association tests...done (23ms) 
     -computing joint association tests...done (0ms) 
 set [329/1279] : IGHD3-16 - 3268 variants...
     -reading in genotypes, computing gene-based tests and building masks...done (5328ms) 
     -computing association tests...done (11ms) 
     -computing joint association tests...done (0ms) 
 set [330/1279] : IGHD3-22 - 3185 variants...
     -reading in genotypes, computing gene-based tests and building masks...done (5371ms) 
     -computing association tests...done (10ms) 
     -computing joint association tests...done (0ms) 
 set [331/1279] : IGHD3-3 - 4108 variants...
     -reading in genotypes, computing gene-based tests and building masks...done (5865ms) 
     -computing association tests...done (16ms) 
     -computing joint association tests...done (0ms) 
 set [332/1279] : IGHD3-9 - 173 variants...
     -reading in genotypes, computing gene-based tests and building masks...done (2437ms) 
     -computing association tests...done (23ms) 
     -computing joint association tests...done (0ms) 
 set [333/1279] : IGHD4-11 - 8 variants...
     -reading in genotypes, computing gene-based tests and building masks...done (113ms) 
 set [334/1279] : IGHD4-17 - 14 variants...
     -reading in genotypes, computing gene-based tests and building masks...done (907ms) 
     -computing association tests...done (43ms) 
     -computing joint association tests...done (0ms) 
 set [335/1279] : IGHD4-23 - 22 variants...
     -reading in genotypes, computing gene-based tests and building masks...done (910ms) 
     -computing association tests...done (27ms) 
     -computing joint association tests...done (0ms) 
 set [336/1279] : IGHD4-4 - 11 variants...
     -reading in genotypes, computing gene-based tests and building masks...done (511ms) 
     -computing association tests...done (12ms) 
     -computing joint association tests...done (0ms) 
 set [337/1279] : IGHD5-12 - 948 variants...
     -reading in genotypes, computing gene-based tests and building masks...done (5302ms) 
     -computing association tests...done (11ms) 
     -computing joint association tests...done (2ms) 
 set [338/1279] : IGHD5-18 - 22 variants...
     -reading in genotypes, computing gene-based tests and building masks...done (172ms) 
     -computing association tests...done (25ms) 
     -computing joint association tests...done (0ms) 
 set [339/1279] : IGHD5-24 - 14 variants...
     -reading in genotypes, computing gene-based tests and building masks...done (1032ms) 
     -computing association tests...done (14ms) 
     -computing joint association tests...done (0ms) 
 set [340/1279] : IGHD5-5 - 1585 variants...
     -reading in genotypes, computing gene-based tests and building masks...done (2793ms) 
     -computing association tests...done (7ms) 
     -computing joint association tests...done (0ms) 
 set [341/1279] : IGHD6-13 - 16 variants...
     -reading in genotypes, computing gene-based tests and building masks...done (94ms) 
     -computing association tests...done (0ms) 
     -computing joint association tests...done (0ms) 
 set [342/1279] : IGHD6-19 - 1451 variants...
     -reading in genotypes, computing gene-based tests and building masks...done (2746ms) 
     -computing association tests...done (8ms) 
     -computing joint association tests...done (0ms) 
 set [343/1279] : IGHD6-25 - 18 variants...
     -reading in genotypes, computing gene-based tests and building masks...done (1523ms) 
     -computing association tests...done (18ms) 
     -computing joint association tests...done (0ms) 
 set [344/1279] : IGHD6-6 - 20 variants...
     -reading in genotypes, computing gene-based tests and building masks...done (1377ms) 
     -computing association tests...done (14ms) 
     -computing joint association tests...done (0ms) 
 set [345/1279] : IGHD7-27 - 37 variants...
     -reading in genotypes, computing gene-based tests and building masks...done (3643ms) 
     -computing association tests...done (13ms) 
     -computing joint association tests...done (0ms) 
 set [346/1279] : IGHE - 10103 variants...
     -reading in genotypes, computing gene-based tests and building masks...done (23574ms) 
     -computing association tests...done (17ms) 
     -computing joint association tests...done (0ms) 
 set [347/1279] : IGHEP1 - 8937 variants...
     -reading in genotypes, computing gene-based tests and building masks...done (43104ms) 
     -computing association tests...done (33ms) 
     -computing joint association tests...done (0ms) 
 set [348/1279] : IGHG1 - 14237 variants...
     -reading in genotypes, computing gene-based tests and building masks...done (22574ms) 
     -computing association tests...done (52ms) 
     -computing joint association tests...done (17ms) 
 set [349/1279] : IGHG2 - 14179 variants...
     -reading in genotypes, computing gene-based tests and building masks...done (26167ms) 
     -computing association tests...done (25ms) 
     -computing joint association tests...done (32ms) 
 set [350/1279] : IGHG3 - 12626 variants...
     -reading in genotypes, computing gene-based tests and building masks...done (13855ms) 
     -computing association tests...done (85ms) 
     -computing joint association tests...done (2ms) 
 set [351/1279] : IGHG4 - 13987 variants...
     -reading in genotypes, computing gene-based tests and building masks...done (16249ms) 
     -computing association tests...done (27ms) 
     -computing joint association tests...done (16ms) 
 set [352/1279] : IGHGP - 9942 variants...
     -reading in genotypes, computing gene-based tests and building masks...done (12768ms) 
     -computing association tests...done (32ms) 
     -computing joint association tests...done (0ms) 
 set [353/1279] : IGHJ1 - 121 variants...
     -reading in genotypes, computing gene-based tests and building masks...done (1268ms) 
     -computing association tests...done (3ms) 
     -computing joint association tests...done (0ms) 
 set [354/1279] : IGHJ2 - 861 variants...
     -reading in genotypes, computing gene-based tests and building masks...done (2381ms) 
     -computing association tests...done (8ms) 
     -computing joint association tests...done (0ms) 
 set [355/1279] : IGHJ3 - 67 variants...
     -reading in genotypes, computing gene-based tests and building masks...done (601ms) 
     -computing association tests...done (1ms) 
     -computing joint association tests...done (0ms) 
 set [356/1279] : IGHJ4 - 131 variants...
     -reading in genotypes, computing gene-based tests and building masks...done (768ms) 
     -computing association tests...done (21ms) 
     -computing joint association tests...done (0ms) 
 set [357/1279] : IGHJ5 - 198 variants...
     -reading in genotypes, computing gene-based tests and building masks...done (1622ms) 
     -computing association tests...done (22ms) 
     -computing joint association tests...done (11ms) 
 set [358/1279] : IGHJ6 - 17613 variants...
     -reading in genotypes, computing gene-based tests and building masks...done (22443ms) 
     -computing association tests...done (16ms) 
     -computing joint association tests...done (0ms) 
 set [359/1279] : IGHM - 4678 variants...
     -reading in genotypes, computing gene-based tests and building masks...done (6123ms) 
     -computing association tests...done (55ms) 
     -computing joint association tests...done (0ms) 
 set [360/1279] : IGHV1-12 - 142 variants...
     -reading in genotypes, computing gene-based tests and building masks...done (1418ms) 
     -computing association tests...done (4ms) 
     -computing joint association tests...done (0ms) 
 set [361/1279] : IGHV1-14 - 501 variants...
     -reading in genotypes, computing gene-based tests and building masks...done (763ms) 
     -computing association tests...done (9ms) 
     -computing joint association tests...done (0ms) 
 set [362/1279] : IGHV1-17 - 2397 variants...
     -reading in genotypes, computing gene-based tests and building masks...done (6367ms) 
     -computing association tests...done (15ms) 
     -computing joint association tests...done (0ms) 
 set [363/1279] : IGHV1-18 - 4583 variants...
     -reading in genotypes, computing gene-based tests and building masks...done (6300ms) 
     -computing association tests...done (14ms) 
     -computing joint association tests...done (0ms) 
 set [364/1279] : IGHV1-2 - 5745 variants...
     -reading in genotypes, computing gene-based tests and building masks...done (8226ms) 
     -computing association tests...done (65ms) 
     -computing joint association tests...done (0ms) 
 set [365/1279] : IGHV1-24 - 3523 variants...
     -reading in genotypes, computing gene-based tests and building masks...done (3743ms) 
     -computing association tests...done (15ms) 
     -computing joint association tests...done (0ms) 
 set [366/1279] : IGHV1-3 - 7391 variants...
     -reading in genotypes, computing gene-based tests and building masks...done (20825ms) 
     -computing association tests...done (28ms) 
     -computing joint association tests...done (0ms) 
 set [367/1279] : IGHV1-45 - 3819 variants...
     -reading in genotypes, computing gene-based tests and building masks...done (13352ms) 
     -computing association tests...done (14ms) 
     -computing joint association tests...done (0ms) 
 set [368/1279] : IGHV1-46 - 2208 variants...
     -reading in genotypes, computing gene-based tests and building masks...done (5221ms) 
     -computing association tests...done (52ms) 
     -computing joint association tests...done (0ms) 
 set [369/1279] : IGHV1-58 - 4759 variants...
     -reading in genotypes, computing gene-based tests and building masks...done (6196ms) 
     -computing association tests...done (10ms) 
     -computing joint association tests...done (0ms) 
 set [370/1279] : IGHV1-67 - 1272 variants...
     -reading in genotypes, computing gene-based tests and building masks...done (2497ms) 
     -computing association tests...done (12ms) 
     -computing joint association tests...done (0ms) 
 set [371/1279] : IGHV1-68 - 8007 variants...
     -reading in genotypes, computing gene-based tests and building masks...done (29360ms) 
     -computing association tests...done (29ms) 
     -computing joint association tests...done (0ms) 
 set [372/1279] : IGHV1-69 - 14257 variants...
     -reading in genotypes, computing gene-based tests and building masks...done (41449ms) 
     -computing association tests...done (26ms) 
     -computing joint association tests...done (0ms) 
 set [373/1279] : IGHV1-69-2 - 8332 variants...
     -reading in genotypes, computing gene-based tests and building masks...done (78752ms) 
     -computing association tests...done (50ms) 
     -computing joint association tests...done (0ms) 
 set [374/1279] : IGHV1-69D - 17072 variants...
     -reading in genotypes, computing gene-based tests and building masks...done (208347ms) 
     -computing association tests...done (57ms) 
     -computing joint association tests...done (10ms) 
 set [375/1279] : IGHV2-26 - 5748 variants...
     -reading in genotypes, computing gene-based tests and building masks...done (18999ms) 
     -computing association tests...done (24ms) 
     -computing joint association tests...done (0ms) 
 set [376/1279] : IGHV2-5 - 4597 variants...
     -reading in genotypes, computing gene-based tests and building masks...done (6578ms) 
     -computing association tests...done (61ms) 
     -computing joint association tests...done (0ms) 
 set [377/1279] : IGHV2-70 - 7343 variants...
     -reading in genotypes, computing gene-based tests and building masks...done (9084ms) 
     -computing association tests...done (54ms) 
     -computing joint association tests...done (0ms) 
 set [378/1279] : IGHV2-70D - 9506 variants...
     -reading in genotypes, computing gene-based tests and building masks...done (50530ms) 
     -computing association tests...done (91ms) 
     -computing joint association tests...done (0ms) 
 set [379/1279] : IGHV3-11 - 4134 variants...
     -reading in genotypes, computing gene-based tests and building masks...done (7373ms) 
     -computing association tests...done (24ms) 
     -computing joint association tests...done (0ms) 
 set [380/1279] : IGHV3-13 - 4648 variants...
     -reading in genotypes, computing gene-based tests and building masks...done (5187ms) 
     -computing association tests...done (24ms) 
     -computing joint association tests...done (0ms) 
 set [381/1279] : IGHV3-15 - 4861 variants...
     -reading in genotypes, computing gene-based tests and building masks...done (7259ms) 
     -computing association tests...done (49ms) 
     -computing joint association tests...done (0ms) 
 set [382/1279] : IGHV3-16 - 4985 variants...
     -reading in genotypes, computing gene-based tests and building masks...done (7224ms) 
     -computing association tests...done (54ms) 
     -computing joint association tests...done (0ms) 
 set [383/1279] : IGHV3-19 - 4373 variants...
     -reading in genotypes, computing gene-based tests and building masks...done (4964ms) 
     -computing association tests...done (9ms) 
     -computing joint association tests...done (0ms) 
 set [384/1279] : IGHV3-20 - 4907 variants...
     -reading in genotypes, computing gene-based tests and building masks...done (5805ms) 
     -computing association tests...done (15ms) 
     -computing joint association tests...done (0ms) 
 set [385/1279] : IGHV3-21 - 5708 variants...
     -reading in genotypes, computing gene-based tests and building masks...done (6255ms) 
     -computing association tests...done (22ms) 
     -computing joint association tests...done (0ms) 
 set [386/1279] : IGHV3-22 - 5397 variants...
     -reading in genotypes, computing gene-based tests and building masks...done (5331ms) 
     -computing association tests...done (21ms) 
     -computing joint association tests...done (0ms) 
 set [387/1279] : IGHV3-23 - 6361 variants...
     -reading in genotypes, computing gene-based tests and building masks...done (7093ms) 
     -computing association tests...done (17ms) 
     -computing joint association tests...done (0ms) 
 set [388/1279] : IGHV3-25 - 295 variants...
     -reading in genotypes, computing gene-based tests and building masks...done (582ms) 
     -computing association tests...done (4ms) 
     -computing joint association tests...done (0ms) 
 set [389/1279] : IGHV3-30 - 10499 variants...
     -reading in genotypes, computing gene-based tests and building masks...done (22012ms) 
     -computing association tests...done (14ms) 
     -computing joint association tests...done (0ms) 
 set [390/1279] : IGHV3-30-2 - 2152 variants...
     -reading in genotypes, computing gene-based tests and building masks...done (3207ms) 
     -computing association tests...done (10ms) 
     -computing joint association tests...done (0ms) 
 set [391/1279] : IGHV3-33 - 9271 variants...
     -reading in genotypes, computing gene-based tests and building masks...done (26223ms) 
     -computing association tests...done (69ms) 
     -computing joint association tests...done (18ms) 
 set [392/1279] : IGHV3-33-2 - 1580 variants...
     -reading in genotypes, computing gene-based tests and building masks...done (1997ms) 
     -computing association tests...done (13ms) 
     -computing joint association tests...done (0ms) 
 set [393/1279] : IGHV3-35 - 4605 variants...
     -reading in genotypes, computing gene-based tests and building masks...done (6029ms) 
     -computing association tests...done (64ms) 
     -computing joint association tests...done (0ms) 
 set [394/1279] : IGHV3-36 - 1426 variants...
     -reading in genotypes, computing gene-based tests and building masks...done (2760ms) 
     -computing association tests...done (10ms) 
     -computing joint association tests...done (0ms) 
 set [395/1279] : IGHV3-37 - 2031 variants...
     -reading in genotypes, computing gene-based tests and building masks...done (4815ms) 
     -computing association tests...done (13ms) 
     -computing joint association tests...done (0ms) 
 set [396/1279] : IGHV3-38 - 5087 variants...
     -reading in genotypes, computing gene-based tests and building masks...done (5158ms) 
     -computing association tests...done (14ms) 
     -computing joint association tests...done (0ms) 
 set [397/1279] : IGHV3-41 - 2603 variants...
     -reading in genotypes, computing gene-based tests and building masks...done (4521ms) 
     -computing association tests...done (8ms) 
     -computing joint association tests...done (1ms) 
 set [398/1279] : IGHV3-42 - 227 variants...
     -reading in genotypes, computing gene-based tests and building masks...done (1790ms) 
     -computing association tests...done (17ms) 
     -computing joint association tests...done (0ms) 
 set [399/1279] : IGHV3-43 - 8225 variants...
     -reading in genotypes, computing gene-based tests and building masks...done (12474ms) 
     -computing association tests...done (74ms) 
     -computing joint association tests...done (0ms) 
 set [400/1279] : IGHV3-48 - 4539 variants...
     -reading in genotypes, computing gene-based tests and building masks...done (5981ms) 
     -computing association tests...done (15ms) 
     -computing joint association tests...done (0ms) 
 set [401/1279] : IGHV3-49 - 4899 variants...
     -reading in genotypes, computing gene-based tests and building masks...done (6252ms) 
     -computing association tests...done (30ms) 
     -computing joint association tests...done (0ms) 
 set [402/1279] : IGHV3-50 - 3098 variants...
     -reading in genotypes, computing gene-based tests and building masks...done (4443ms) 
     -computing association tests...done (14ms) 
     -computing joint association tests...done (0ms) 
 set [403/1279] : IGHV3-53 - 4691 variants...
     -reading in genotypes, computing gene-based tests and building masks...done (6093ms) 
     -computing association tests...done (17ms) 
     -computing joint association tests...done (0ms) 
 set [404/1279] : IGHV3-54 - 3114 variants...
     -reading in genotypes, computing gene-based tests and building masks...done (3270ms) 
     -computing association tests...done (8ms) 
     -computing joint association tests...done (0ms) 
 set [405/1279] : IGHV3-57 - 1115 variants...
     -reading in genotypes, computing gene-based tests and building masks...done (3531ms) 
     -computing association tests...done (6ms) 
     -computing joint association tests...done (0ms) 
 set [406/1279] : IGHV3-60 - 571 variants...
     -reading in genotypes, computing gene-based tests and building masks...done (774ms) 
     -computing association tests...done (2ms) 
     -computing joint association tests...done (0ms) 
 set [407/1279] : IGHV3-6 - 2722 variants...
     -reading in genotypes, computing gene-based tests and building masks...done (3196ms) 
     -computing association tests...done (9ms) 
     -computing joint association tests...done (0ms) 
 set [408/1279] : IGHV3-62 - 2029 variants...
     -reading in genotypes, computing gene-based tests and building masks...done (2862ms) 
     -computing association tests...done (10ms) 
     -computing joint association tests...done (9ms) 
 set [409/1279] : IGHV3-63 - 1150 variants...
     -reading in genotypes, computing gene-based tests and building masks...done (1371ms) 
     -computing association tests...done (62ms) 
     -computing joint association tests...done (0ms) 
 set [410/1279] : IGHV3-64 - 4596 variants...
     -reading in genotypes, computing gene-based tests and building masks...done (6107ms) 
     -computing association tests...done (13ms) 
     -computing joint association tests...done (0ms) 
 set [411/1279] : IGHV3-64D - 4194 variants...
     -reading in genotypes, computing gene-based tests and building masks...done (13742ms) 
     -computing association tests...done (38ms) 
     -computing joint association tests...done (0ms) 
 set [412/1279] : IGHV3-65 - 3076 variants...
     -reading in genotypes, computing gene-based tests and building masks...done (4874ms) 
     -computing association tests...done (40ms) 
     -computing joint association tests...done (0ms) 
 set [413/1279] : IGHV3-66 - 5164 variants...
     -reading in genotypes, computing gene-based tests and building masks...done (7561ms) 
     -computing association tests...done (17ms) 
     -computing joint association tests...done (0ms) 
 set [414/1279] : IGHV3-69-1 - 1366 variants...
     -reading in genotypes, computing gene-based tests and building masks...done (7362ms) 
     -computing association tests...done (14ms) 
     -computing joint association tests...done (0ms) 
 set [415/1279] : IGHV3-71 - 2077 variants...
     -reading in genotypes, computing gene-based tests and building masks...done (3890ms) 
     -computing association tests...done (66ms) 
     -computing joint association tests...done (0ms) 
 set [416/1279] : IGHV3-7 - 5191 variants...
     -reading in genotypes, computing gene-based tests and building masks...done (7762ms) 
     -computing association tests...done (28ms) 
     -computing joint association tests...done (0ms) 
 set [417/1279] : IGHV3-72 - 4925 variants...
     -reading in genotypes, computing gene-based tests and building masks...done (8313ms) 
     -computing association tests...done (34ms) 
     -computing joint association tests...done (0ms) 
 set [418/1279] : IGHV3-73 - 4616 variants...
     -reading in genotypes, computing gene-based tests and building masks...done (6702ms) 
     -computing association tests...done (17ms) 
     -computing joint association tests...done (0ms) 
 set [419/1279] : IGHV3-74 - 3540 variants...
     -reading in genotypes, computing gene-based tests and building masks...done (5157ms) 
     -computing association tests...done (19ms) 
     -computing joint association tests...done (0ms) 
 set [420/1279] : IGHV3-75 - 3485 variants...
     -reading in genotypes, computing gene-based tests and building masks...done (3696ms) 
     -computing association tests...done (11ms) 
     -computing joint association tests...done (0ms) 
 set [421/1279] : IGHV3-76 - 2496 variants...
     -reading in genotypes, computing gene-based tests and building masks...done (2759ms) 
     -computing association tests...done (51ms) 
     -computing joint association tests...done (0ms) 
 set [422/1279] : IGHV3-79 - 2676 variants...
     -reading in genotypes, computing gene-based tests and building masks...done (4996ms) 
     -computing association tests...done (71ms) 
     -computing joint association tests...done (0ms) 
 set [423/1279] : IGHV4-28 - 6510 variants...
     -reading in genotypes, computing gene-based tests and building masks...done (15028ms) 
     -computing association tests...done (81ms) 
     -computing joint association tests...done (0ms) 
 set [424/1279] : IGHV4-31 - 8861 variants...
     -reading in genotypes, computing gene-based tests and building masks...done (26014ms) 
     -computing association tests...done (34ms) 
     -computing joint association tests...done (0ms) 
 set [425/1279] : IGHV4-34 - 5722 variants...
     -reading in genotypes, computing gene-based tests and building masks...done (7653ms) 
     -computing association tests...done (61ms) 
     -computing joint association tests...done (0ms) 
 set [426/1279] : IGHV4-39 - 7534 variants...
     -reading in genotypes, computing gene-based tests and building masks...done (13340ms) 
     -computing association tests...done (64ms) 
     -computing joint association tests...done (0ms) 
 set [427/1279] : IGHV4-4 - 3939 variants...
     -reading in genotypes, computing gene-based tests and building masks...done (6406ms) 
     -computing association tests...done (20ms) 
     -computing joint association tests...done (0ms) 
 set [428/1279] : IGHV4-55 - 2349 variants...
     -reading in genotypes, computing gene-based tests and building masks...done (2792ms) 
     -computing association tests...done (51ms) 
     -computing joint association tests...done (0ms) 
 set [429/1279] : IGHV4-59 - 3249 variants...
     -reading in genotypes, computing gene-based tests and building masks...done (5588ms) 
     -computing association tests...done (61ms) 
     -computing joint association tests...done (0ms) 
 set [430/1279] : IGHV4-61 - 6276 variants...
     -reading in genotypes, computing gene-based tests and building masks...done (7804ms) 
     -computing association tests...done (59ms) 
     -computing joint association tests...done (21ms) 
 set [431/1279] : IGHV5-10-1 - 4675 variants...
     -reading in genotypes, computing gene-based tests and building masks...done (15577ms) 
     -computing association tests...done (49ms) 
     -computing joint association tests...done (0ms) 
 set [432/1279] : IGHV5-51 - 4481 variants...
     -reading in genotypes, computing gene-based tests and building masks...done (6426ms) 
     -computing association tests...done (15ms) 
     -computing joint association tests...done (0ms) 
 set [433/1279] : IGHV5-78 - 4486 variants...
     -reading in genotypes, computing gene-based tests and building masks...done (9740ms) 
     -computing association tests...done (20ms) 
     -computing joint association tests...done (0ms) 
 set [434/1279] : IGHV6-1 - 4615 variants...
     -reading in genotypes, computing gene-based tests and building masks...done (6609ms) 
     -computing association tests...done (52ms) 
     -computing joint association tests...done (0ms) 
 set [435/1279] : IGHV7-27 - 683 variants...
     -reading in genotypes, computing gene-based tests and building masks...done (3082ms) 
     -computing association tests...done (26ms) 
     -computing joint association tests...done (0ms) 
 set [436/1279] : IGHV7-34-1 - 1512 variants...
     -reading in genotypes, computing gene-based tests and building masks...done (2584ms) 
     -computing association tests...done (9ms) 
     -computing joint association tests...done (0ms) 
 set [437/1279] : IGHV7-40 - 2883 variants...
     -reading in genotypes, computing gene-based tests and building masks...done (4348ms) 
     -computing association tests...done (72ms) 
     -computing joint association tests...done (0ms) 
 set [438/1279] : IGHV7-4-1 - 5977 variants...
     -reading in genotypes, computing gene-based tests and building masks...done (10733ms) 
     -computing association tests...done (26ms) 
     -computing joint association tests...done (0ms) 
 set [439/1279] : IGHV7-56 - 1755 variants...
     -reading in genotypes, computing gene-based tests and building masks...done (2514ms) 
     -computing association tests...done (13ms) 
     -computing joint association tests...done (0ms) 
 set [440/1279] : IGHV7-81 - 5416 variants...
     -reading in genotypes, computing gene-based tests and building masks...done (8279ms) 
     -computing association tests...done (33ms) 
     -computing joint association tests...done (0ms) 
 set [441/1279] : IGHV8-51-1 - 2088 variants...
     -reading in genotypes, computing gene-based tests and building masks...done (13612ms) 
     -computing association tests...done (77ms) 
     -computing joint association tests...done (0ms) 
 set [442/1279] : IGHVII-1-1 - 2547 variants...
     -reading in genotypes, computing gene-based tests and building masks...done (3144ms) 
     -computing association tests...done (12ms) 
     -computing joint association tests...done (14ms) 
 set [443/1279] : IGHVII-15-1 - 505 variants...
     -reading in genotypes, computing gene-based tests and building masks...done (906ms) 
     -computing association tests...done (12ms) 
     -computing joint association tests...done (0ms) 
 set [444/1279] : IGHVII-22-1 - 231 variants...
     -reading in genotypes, computing gene-based tests and building masks...done (472ms) 
     -computing association tests...done (4ms) 
     -computing joint association tests...done (0ms) 
 set [445/1279] : IGHVII-26-2 - 1384 variants...
     -reading in genotypes, computing gene-based tests and building masks...done (1710ms) 
     -computing association tests...done (64ms) 
     -computing joint association tests...done (0ms) 
 set [446/1279] : IGHVII-28-1 - 447 variants...
     -reading in genotypes, computing gene-based tests and building masks...done (815ms) 
     -computing association tests...done (12ms) 
     -computing joint association tests...done (0ms) 
 set [447/1279] : IGHVII-30-1 - 1047 variants...
     -reading in genotypes, computing gene-based tests and building masks...done (1799ms) 
     -computing association tests...done (18ms) 
     -computing joint association tests...done (0ms) 
 set [448/1279] : IGHVII-33-1 - 813 variants...
     -reading in genotypes, computing gene-based tests and building masks...done (1333ms) 
     -computing association tests...done (63ms) 
     -computing joint association tests...done (0ms) 
 set [449/1279] : IGHVII-40-1 - 796 variants...
     -reading in genotypes, computing gene-based tests and building masks...done (2368ms) 
     -computing association tests...done (12ms) 
     -computing joint association tests...done (0ms) 
 set [450/1279] : IGHVII-43-1 - 1367 variants...
     -reading in genotypes, computing gene-based tests and building masks...done (4506ms) 
     -computing association tests...done (12ms) 
     -computing joint association tests...done (0ms) 
 set [451/1279] : IGHVII-49-1 - 755 variants...
     -reading in genotypes, computing gene-based tests and building masks...done (1221ms) 
     -computing association tests...done (68ms) 
     -computing joint association tests...done (0ms) 
 set [452/1279] : IGHVII-53-1 - 978 variants...
     -reading in genotypes, computing gene-based tests and building masks...done (1878ms) 
     -computing association tests...done (12ms) 
     -computing joint association tests...done (0ms) 
 set [453/1279] : IGHVII-62-1 - 944 variants...
     -reading in genotypes, computing gene-based tests and building masks...done (1531ms) 
     -computing association tests...done (18ms) 
     -computing joint association tests...done (2ms) 
 set [454/1279] : IGHVII-67-1 - 16 variants...
     -reading in genotypes, computing gene-based tests and building masks...done (549ms) 
     -computing association tests...done (3ms) 
     -computing joint association tests...done (0ms) 
 set [455/1279] : IGHVII-74-1 - 2224 variants...
     -reading in genotypes, computing gene-based tests and building masks...done (4498ms) 
     -computing association tests...done (64ms) 
     -computing joint association tests...done (0ms) 
 set [456/1279] : IGHVII-78-1 - 1992 variants...
     -reading in genotypes, computing gene-based tests and building masks...done (6402ms) 
     -computing association tests...done (17ms) 
     -computing joint association tests...done (0ms) 
 set [457/1279] : IGHVIII-11-1 - 888 variants...
     -reading in genotypes, computing gene-based tests and building masks...done (1191ms) 
     -computing association tests...done (12ms) 
     -computing joint association tests...done (0ms) 
 set [458/1279] : IGHVIII-13-1 - 7932 variants...
     -reading in genotypes, computing gene-based tests and building masks...done (11924ms) 
     -computing association tests...done (20ms) 
     -computing joint association tests...done (0ms) 
 set [459/1279] : IGHVIII-16-1 - 1499 variants...
     -reading in genotypes, computing gene-based tests and building masks...done (2216ms) 
     -computing association tests...done (12ms) 
     -computing joint association tests...done (0ms) 
 set [460/1279] : IGHVIII-2-1 - 3354 variants...
     -reading in genotypes, computing gene-based tests and building masks...done (5348ms) 
     -computing association tests...done (15ms) 
     -computing joint association tests...done (0ms) 
 set [461/1279] : IGHVIII-25-1 - 742 variants...
     -reading in genotypes, computing gene-based tests and building masks...done (1302ms) 
     -computing association tests...done (11ms) 
     -computing joint association tests...done (0ms) 
 set [462/1279] : IGHVIII-26-1 - 3371 variants...
     -reading in genotypes, computing gene-based tests and building masks...done (3957ms) 
     -computing association tests...done (13ms) 
     -computing joint association tests...done (0ms) 
 set [463/1279] : IGHVIII-38-1 - 375 variants...
     -reading in genotypes, computing gene-based tests and building masks...done (1521ms) 
     -computing association tests...done (26ms) 
     -computing joint association tests...done (0ms) 
 set [464/1279] : IGHVIII-47-1 - 2759 variants...
     -reading in genotypes, computing gene-based tests and building masks...done (4019ms) 
     -computing association tests...done (24ms) 
     -computing joint association tests...done (22ms) 
 set [465/1279] : IGHVIII-5-1 - 569 variants...
     -reading in genotypes, computing gene-based tests and building masks...done (1116ms) 
     -computing association tests...done (58ms) 
     -computing joint association tests...done (0ms) 
 set [466/1279] : IGHVIII-5-2 - 2539 variants...
     -reading in genotypes, computing gene-based tests and building masks...done (3150ms) 
     -computing association tests...done (7ms) 
     -computing joint association tests...done (0ms) 
 set [467/1279] : IGHVIII-67-2 - 1492 variants...
     -reading in genotypes, computing gene-based tests and building masks...done (2656ms) 
     -computing association tests...done (60ms) 
     -computing joint association tests...done (0ms) 
 set [468/1279] : IGHVIII-67-3 - 1642 variants...
     -reading in genotypes, computing gene-based tests and building masks...done (4473ms) 
     -computing association tests...done (11ms) 
     -computing joint association tests...done (0ms) 
 set [469/1279] : IGHVIII-67-4 - 3083 variants...
     -reading in genotypes, computing gene-based tests and building masks...done (8925ms) 
     -computing association tests...done (27ms) 
     -computing joint association tests...done (0ms) 
 set [470/1279] : IGHVIII-76-1 - 1793 variants...
     -reading in genotypes, computing gene-based tests and building masks...done (5845ms) 
     -computing association tests...done (16ms) 
     -computing joint association tests...done (0ms) 
 set [471/1279] : IGHVIII-82 - 2988 variants...
     -reading in genotypes, computing gene-based tests and building masks...done (4143ms) 
     -computing association tests...done (45ms) 
     -computing joint association tests...done (0ms) 
 set [472/1279] : IL25 - 2712 variants...
     -reading in genotypes, computing gene-based tests and building masks...done (6160ms) 
     -computing association tests...done (29ms) 
     -computing joint association tests...done (0ms) 
 set [473/1279] : ILF2P2 - 456 variants...
     -reading in genotypes, computing gene-based tests and building masks...done (5341ms) 
     -computing association tests...done (9ms) 
     -computing joint association tests...done (0ms) 
 set [474/1279] : INF2 - 16923 variants...
     -reading in genotypes, computing gene-based tests and building masks...done (28776ms) 
     -computing association tests...done (76ms) 
     -computing joint association tests...done (1ms) 
 set [475/1279] : INSM2 - 5462 variants...
     -reading in genotypes, computing gene-based tests and building masks...done (6256ms) 
     -computing association tests...done (58ms) 
     -computing joint association tests...done (0ms) 
 set [476/1279] : IPO4 - 3776 variants...
     -reading in genotypes, computing gene-based tests and building masks...done (4865ms) 
     -computing association tests...done (59ms) 
     -computing joint association tests...done (18ms) 
 set [477/1279] : IRF2BPL - 9534 variants...
     -reading in genotypes, computing gene-based tests and building masks...done (12594ms) 
     -computing association tests...done (24ms) 
     -computing joint association tests...done (0ms) 
 set [478/1279] : IRF9 - 506 variants...
     -reading in genotypes, computing gene-based tests and building masks...done (3647ms) 
     -computing association tests...done (7ms) 
     -computing joint association tests...done (0ms) 
 set [479/1279] : ISCA2 - 3268 variants...
     -reading in genotypes, computing gene-based tests and building masks...done (6771ms) 
     -computing association tests...done (93ms) 
     -computing joint association tests...done (0ms) 
 set [480/1279] : ISM2 - 15267 variants...
     -reading in genotypes, computing gene-based tests and building masks...done (16352ms) 
     -computing association tests...done (76ms) 
     -computing joint association tests...done (0ms) 
 set [481/1279] : ITPK1 - 78358 variants...
     -reading in genotypes, computing gene-based tests and building masks...done (124710ms) 
     -computing association tests...done (75ms) 
     -computing joint association tests...done (0ms) 
 set [482/1279] : JAG2 - 23195 variants...
     -reading in genotypes, computing gene-based tests and building masks...done (39883ms) 
     -computing association tests...done (71ms) 
     -computing joint association tests...done (0ms) 
 set [483/1279] : JDP2 - 22207 variants...
     -reading in genotypes, computing gene-based tests and building masks...done (26837ms) 
     -computing association tests...done (52ms) 
     -computing joint association tests...done (0ms) 
 set [484/1279] : JDP2-AS1 - 12717 variants...
     -reading in genotypes, computing gene-based tests and building masks...done (14397ms) 
     -computing association tests...done (24ms) 
     -computing joint association tests...done (0ms) 
 set [485/1279] : JKAMP - 8943 variants...
     -reading in genotypes, computing gene-based tests and building masks...done (22244ms) 
     -computing association tests...done (16ms) 
     -computing joint association tests...done (0ms) 
 set [486/1279] : JPH4 - 7859 variants...
     -reading in genotypes, computing gene-based tests and building masks...done (13072ms) 
     -computing association tests...done (68ms) 
     -computing joint association tests...done (0ms) 
 set [487/1279] : KCNH5 - 171252 variants...
     -reading in genotypes, computing gene-based tests and building masks...done (426554ms) 
     -computing association tests...done (35ms) 
     -computing joint association tests...done (0ms) 
 set [488/1279] : KCNK10 - 67008 variants...
     -reading in genotypes, computing gene-based tests and building masks...done (98668ms) 
     -computing association tests...done (23ms) 
     -computing joint association tests...done (0ms) 
 set [489/1279] : KCNK13 - 54347 variants...
     -reading in genotypes, computing gene-based tests and building masks...done (70648ms) 
     -computing association tests...done (41ms) 
     -computing joint association tests...done (0ms) 
 set [490/1279] : KHNYN - 5181 variants...
     -reading in genotypes, computing gene-based tests and building masks...done (7289ms) 
     -computing association tests...done (50ms) 
     -computing joint association tests...done (0ms) 
 set [491/1279] : KIAA0586 - 54066 variants...
     -reading in genotypes, computing gene-based tests and building masks...done (73159ms) 
     -computing association tests...done (67ms) 
     -computing joint association tests...done (0ms) 
 set [492/1279] : KIAA1143P1 - 4047 variants...
     -reading in genotypes, computing gene-based tests and building masks...done (4471ms) 
     -computing association tests...done (88ms) 
     -computing joint association tests...done (0ms) 
 set [493/1279] : KIF26A - 31269 variants...
     -reading in genotypes, computing gene-based tests and building masks...done (40443ms) 
     -computing association tests...done (78ms) 
     -computing joint association tests...done (0ms) 
 set [494/1279] : KIF26A-DT - 6022 variants...
     -reading in genotypes, computing gene-based tests and building masks...done (13771ms) 
     -computing association tests...done (17ms) 
     -computing joint association tests...done (0ms) 
 set [495/1279] : KLC1 - 43602 variants...
     -reading in genotypes, computing gene-based tests and building masks...done (63037ms) 
     -computing association tests...done (45ms) 
     -computing joint association tests...done (0ms) 
 set [496/1279] : KLHDC1 - 40889 variants...
     -reading in genotypes, computing gene-based tests and building masks...done (83172ms) 
     -computing association tests...done (27ms) 
     -computing joint association tests...done (0ms) 
 set [497/1279] : KLHDC2 - 14935 variants...
     -reading in genotypes, computing gene-based tests and building masks...done (16235ms) 
     -computing association tests...done (68ms) 
     -computing joint association tests...done (0ms) 
 set [498/1279] : KLHL28 - 18051 variants...
     -reading in genotypes, computing gene-based tests and building masks...done (23279ms) 
     -computing association tests...done (22ms) 
     -computing joint association tests...done (0ms) 
 set [499/1279] : KLHL33 - 12556 variants...
     -reading in genotypes, computing gene-based tests and building masks...done (38134ms) 
     -computing association tests...done (74ms) 
     -computing joint association tests...done (0ms) 
 set [500/1279] : KRT18P6 - 480 variants...
     -reading in genotypes, computing gene-based tests and building masks...done (1010ms) 
     -computing association tests...done (8ms) 
     -computing joint association tests...done (0ms) 
 set [501/1279] : KRT8P1 - 1748 variants...
     -reading in genotypes, computing gene-based tests and building masks...done (5443ms) 
     -computing association tests...done (55ms) 
     -computing joint association tests...done (0ms) 
 set [502/1279] : KRT8P2 - 427 variants...
     -reading in genotypes, computing gene-based tests and building masks...done (627ms) 
     -computing association tests...done (59ms) 
     -computing joint association tests...done (0ms) 
 set [503/1279] : KTN1 - 56784 variants...
     -reading in genotypes, computing gene-based tests and building masks...done (73756ms) 
     -computing association tests...done (42ms) 
     -computing joint association tests...done (0ms) 
 set [504/1279] : KTN1-AS1 - 35312 variants...
     -reading in genotypes, computing gene-based tests and building masks...done (48397ms) 
     -computing association tests...done (61ms) 
     -computing joint association tests...done (0ms) 
 set [505/1279] : L2HGDH - 35027 variants...
     -reading in genotypes, computing gene-based tests and building masks...done (43641ms) 
     -computing association tests...done (60ms) 
     -computing joint association tests...done (0ms) 
 set [506/1279] : L3HYPDH - 9143 variants...
     -reading in genotypes, computing gene-based tests and building masks...done (10600ms) 
     -computing association tests...done (64ms) 
     -computing joint association tests...done (0ms) 
 set [507/1279] : LBHD2 - 8657 variants...
     -reading in genotypes, computing gene-based tests and building masks...done (24116ms) 
     -computing association tests...done (68ms) 
     -computing joint association tests...done (0ms) 
 set [508/1279] : LGALS3 - 10684 variants...
     -reading in genotypes, computing gene-based tests and building masks...done (20432ms) 
     -computing association tests...done (101ms) 
     -computing joint association tests...done (0ms) 
 set [509/1279] : LGMN - 24765 variants...
     -reading in genotypes, computing gene-based tests and building masks...done (49510ms) 
     -computing association tests...done (32ms) 
     -computing joint association tests...done (0ms) 
 set [510/1279] : LIN52 - 48637 variants...
     -reading in genotypes, computing gene-based tests and building masks...done (51171ms) 
     -computing association tests...done (17ms) 
     -computing joint association tests...done (0ms) 
 set [511/1279] : LINC00221 - 16713 variants...
     -reading in genotypes, computing gene-based tests and building masks...done (18888ms) 
     -computing association tests...done (27ms) 
     -computing joint association tests...done (0ms) 
 set [512/1279] : LINC00226 - 4870 variants...
     -reading in genotypes, computing gene-based tests and building masks...done (5021ms) 
     -computing association tests...done (16ms) 
     -computing joint association tests...done (11ms) 
 set [513/1279] : LINC00239 - 4934 variants...
     -reading in genotypes, computing gene-based tests and building masks...done (5588ms) 
     -computing association tests...done (14ms) 
     -computing joint association tests...done (0ms) 
 set [514/1279] : LINC00517 - 6061 variants...
     -reading in genotypes, computing gene-based tests and building masks...done (5865ms) 
     -computing association tests...done (16ms) 
     -computing joint association tests...done (0ms) 
 set [515/1279] : LINC00519 - 15911 variants...
     -reading in genotypes, computing gene-based tests and building masks...done (24609ms) 
     -computing association tests...done (23ms) 
     -computing joint association tests...done (0ms) 
 set [516/1279] : LINC00520 - 8246 variants...
     -reading in genotypes, computing gene-based tests and building masks...done (9373ms) 
     -computing association tests...done (18ms) 
     -computing joint association tests...done (0ms) 
 set [517/1279] : LINC00523 - 10786 variants...
     -reading in genotypes, computing gene-based tests and building masks...done (11591ms) 
     -computing association tests...done (14ms) 
     -computing joint association tests...done (0ms) 
 set [518/1279] : LINC00524 - 43385 variants...
     -reading in genotypes, computing gene-based tests and building masks...done (55838ms) 
     -computing association tests...done (70ms) 
     -computing joint association tests...done (0ms) 
 set [519/1279] : LINC00596 - 9941 variants...
     -reading in genotypes, computing gene-based tests and building masks...done (10066ms) 
     -computing association tests...done (15ms) 
     -computing joint association tests...done (0ms) 
 set [520/1279] : LINC00605 - 5601 variants...
     -reading in genotypes, computing gene-based tests and building masks...done (7056ms) 
     -computing association tests...done (14ms) 
     -computing joint association tests...done (0ms) 
 set [521/1279] : LINC00609 - 116083 variants...
     -reading in genotypes, computing gene-based tests and building masks...done (299088ms) 
     -computing association tests...done (68ms) 
     -computing joint association tests...done (0ms) 
 set [522/1279] : LINC00639 - 99938 variants...
     -reading in genotypes, computing gene-based tests and building masks...done (186056ms) 
     -computing association tests...done (36ms) 
     -computing joint association tests...done (0ms) 
 set [523/1279] : LINC00640 - 2912 variants...
     -reading in genotypes, computing gene-based tests and building masks...done (4843ms) 
     -computing association tests...done (8ms) 
     -computing joint association tests...done (0ms) 
 set [524/1279] : LINC00641 - 3957 variants...
     -reading in genotypes, computing gene-based tests and building masks...done (5712ms) 
     -computing association tests...done (67ms) 
     -computing joint association tests...done (0ms) 
 set [525/1279] : LINC00642 - 28742 variants...
     -reading in genotypes, computing gene-based tests and building masks...done (49637ms) 
     -computing association tests...done (35ms) 
     -computing joint association tests...done (1ms) 
 set [526/1279] : LINC00644 - 3672 variants...
     -reading in genotypes, computing gene-based tests and building masks...done (11181ms) 
     -computing association tests...done (29ms) 
     -computing joint association tests...done (0ms) 
 set [527/1279] : LINC00648 - 75659 variants...
     -reading in genotypes, computing gene-based tests and building masks...done (169443ms) 
     -computing association tests...done (81ms) 
     -computing joint association tests...done (0ms) 
 set [528/1279] : LINC00871 - 305850 variants...
     -reading in genotypes, computing gene-based tests and building masks...done (1071205ms) 
     -computing association tests...done (56ms) 
     -computing joint association tests...done (13ms) 
 set [529/1279] : LINC01147 - 2064 variants...
     -reading in genotypes, computing gene-based tests and building masks...done (34631ms) 
     -computing association tests...done (74ms) 
     -computing joint association tests...done (0ms) 
 set [530/1279] : LINC01148 - 11346 variants...
     -reading in genotypes, computing gene-based tests and building masks...done (13847ms) 
     -computing association tests...done (59ms) 
     -computing joint association tests...done (0ms) 
 set [531/1279] : LINC01220 - 8283 variants...
     -reading in genotypes, computing gene-based tests and building masks...done (18557ms) 
     -computing association tests...done (60ms) 
     -computing joint association tests...done (0ms) 
 set [532/1279] : LINC01269 - 10935 variants...
     -reading in genotypes, computing gene-based tests and building masks...done (24612ms) 
     -computing association tests...done (49ms) 
     -computing joint association tests...done (0ms) 
 set [533/1279] : LINC01297 - 27114 variants...
     -reading in genotypes, computing gene-based tests and building masks...done (90516ms) 
     -computing association tests...done (86ms) 
     -computing joint association tests...done (0ms) 
 set [534/1279] : LINC01303 - 4764 variants...
     -reading in genotypes, computing gene-based tests and building masks...done (5842ms) 
     -computing association tests...done (26ms) 
     -computing joint association tests...done (0ms) 
 set [535/1279] : LINC01467 - 12399 variants...
     -reading in genotypes, computing gene-based tests and building masks...done (15920ms) 
     -computing association tests...done (55ms) 
     -computing joint association tests...done (0ms) 
 set [536/1279] : LINC01500 - 211045 variants...
     -reading in genotypes, computing gene-based tests and building masks...done (857685ms) 
     -computing association tests...done (37ms) 
     -computing joint association tests...done (0ms) 
 set [537/1279] : LINC01550 - 34738 variants...
     -reading in genotypes, computing gene-based tests and building masks...done (39264ms) 
     -computing association tests...done (29ms) 
     -computing joint association tests...done (0ms) 
 set [538/1279] : LINC01551 - 18826 variants...
     -reading in genotypes, computing gene-based tests and building masks...done (29269ms) 
     -computing association tests...done (37ms) 
     -computing joint association tests...done (0ms) 
 set [539/1279] : LINC01588 - 77339 variants...
     -reading in genotypes, computing gene-based tests and building masks...done (141477ms) 
     -computing association tests...done (57ms) 
     -computing joint association tests...done (0ms) 
 set [540/1279] : LINC01629 - 1939 variants...
     -reading in genotypes, computing gene-based tests and building masks...done (17508ms) 
     -computing association tests...done (8ms) 
     -computing joint association tests...done (0ms) 
 set [541/1279] : LINC02274 - 12204 variants...
     -reading in genotypes, computing gene-based tests and building masks...done (16720ms) 
     -computing association tests...done (18ms) 
     -computing joint association tests...done (0ms) 
 set [542/1279] : LINC02277 - 115036 variants...
     -reading in genotypes, computing gene-based tests and building masks...done (198047ms) 
     -computing association tests...done (71ms) 
     -computing joint association tests...done (0ms) 
 set [543/1279] : LINC02279 - 5188 variants...
     -reading in genotypes, computing gene-based tests and building masks...done (17587ms) 
     -computing association tests...done (10ms) 
     -computing joint association tests...done (0ms) 
 set [544/1279] : LINC02280 - 7148 variants...
     -reading in genotypes, computing gene-based tests and building masks...done (9850ms) 
     -computing association tests...done (73ms) 
     -computing joint association tests...done (11ms) 
 set [545/1279] : LINC02281 - 6895 variants...
     -reading in genotypes, computing gene-based tests and building masks...done (8916ms) 
     -computing association tests...done (59ms) 
     -computing joint association tests...done (0ms) 
 set [546/1279] : LINC02282 - 1045 variants...
     -reading in genotypes, computing gene-based tests and building masks...done (1391ms) 
     -computing association tests...done (12ms) 
     -computing joint association tests...done (0ms) 
 set [547/1279] : LINC02284 - 52543 variants...
     -reading in genotypes, computing gene-based tests and building masks...done (77429ms) 
     -computing association tests...done (66ms) 
     -computing joint association tests...done (0ms) 
 set [548/1279] : LINC02285 - 5910 variants...
     -reading in genotypes, computing gene-based tests and building masks...done (12438ms) 
     -computing association tests...done (92ms) 
     -computing joint association tests...done (0ms) 
 set [549/1279] : LINC02286 - 7204 variants...
     -reading in genotypes, computing gene-based tests and building masks...done (10616ms) 
     -computing association tests...done (105ms) 
     -computing joint association tests...done (0ms) 
 set [550/1279] : LINC02287 - 6047 variants...
     -reading in genotypes, computing gene-based tests and building masks...done (15144ms) 
     -computing association tests...done (77ms) 
     -computing joint association tests...done (0ms) 
 set [551/1279] : LINC02288 - 2848 variants...
     -reading in genotypes, computing gene-based tests and building masks...done (14988ms) 
     -computing association tests...done (23ms) 
     -computing joint association tests...done (0ms) 
 set [552/1279] : LINC02289 - 23777 variants...
     -reading in genotypes, computing gene-based tests and building masks...done (30381ms) 
     -computing association tests...done (30ms) 
     -computing joint association tests...done (0ms) 
 set [553/1279] : LINC02290 - 9077 variants...
     -reading in genotypes, computing gene-based tests and building masks...done (14603ms) 
     -computing association tests...done (65ms) 
     -computing joint association tests...done (0ms) 
 set [554/1279] : LINC02291 - 34711 variants...
     -reading in genotypes, computing gene-based tests and building masks...done (51649ms) 
     -computing association tests...done (21ms) 
     -computing joint association tests...done (0ms) 
 set [555/1279] : LINC02292 - 4978 variants...
     -reading in genotypes, computing gene-based tests and building masks...done (8321ms) 
     -computing association tests...done (18ms) 
     -computing joint association tests...done (0ms) 
 set [556/1279] : LINC02293 - 5530 variants...
     -reading in genotypes, computing gene-based tests and building masks...done (14776ms) 
     -computing association tests...done (16ms) 
     -computing joint association tests...done (0ms) 
 set [557/1279] : LINC02294 - 23236 variants...
     -reading in genotypes, computing gene-based tests and building masks...done (25131ms) 
     -computing association tests...done (42ms) 
     -computing joint association tests...done (0ms) 
 set [558/1279] : LINC02296 - 105315 variants...
     -reading in genotypes, computing gene-based tests and building masks...done (210422ms) 
     -computing association tests...done (34ms) 
     -computing joint association tests...done (10ms) 
 set [559/1279] : LINC02297 - 10047 variants...
     -reading in genotypes, computing gene-based tests and building masks...done (19787ms) 
     -computing association tests...done (17ms) 
     -computing joint association tests...done (0ms) 
 set [560/1279] : LINC02298 - 25011 variants...
     -reading in genotypes, computing gene-based tests and building masks...done (39983ms) 
     -computing association tests...done (66ms) 
     -computing joint association tests...done (0ms) 
 set [561/1279] : LINC02299 - 27872 variants...
     -reading in genotypes, computing gene-based tests and building masks...done (42850ms) 
     -computing association tests...done (28ms) 
     -computing joint association tests...done (8ms) 
 set [562/1279] : LINC02300 - 51395 variants...
     -reading in genotypes, computing gene-based tests and building masks...done (66185ms) 
     -computing association tests...done (24ms) 
     -computing joint association tests...done (0ms) 
 set [563/1279] : LINC02301 - 56166 variants...
     -reading in genotypes, computing gene-based tests and building masks...done (264957ms) 
     -computing association tests...done (39ms) 
     -computing joint association tests...done (1ms) 
 set [564/1279] : LINC02303 - 9551 variants...
     -reading in genotypes, computing gene-based tests and building masks...done (11319ms) 
     -computing association tests...done (23ms) 
     -computing joint association tests...done (0ms) 
 set [565/1279] : LINC02304 - 31682 variants...
     -reading in genotypes, computing gene-based tests and building masks...done (41538ms) 
     -computing association tests...done (72ms) 
     -computing joint association tests...done (0ms) 
 set [566/1279] : LINC02305 - 9611 variants...
     -reading in genotypes, computing gene-based tests and building masks...done (13060ms) 
     -computing association tests...done (18ms) 
     -computing joint association tests...done (6ms) 
 set [567/1279] : LINC02306 - 235097 variants...
     -reading in genotypes, computing gene-based tests and building masks...done (696723ms) 
     -computing association tests...done (23ms) 
     -computing joint association tests...done (0ms) 
 set [568/1279] : LINC02307 - 181086 variants...
     -reading in genotypes, computing gene-based tests and building masks...done (381752ms) 
     -computing association tests...done (28ms) 
     -computing joint association tests...done (0ms) 
 set [569/1279] : LINC02308 - 6478 variants...
     -reading in genotypes, computing gene-based tests and building masks...done (12709ms) 
     -computing association tests...done (14ms) 
     -computing joint association tests...done (0ms) 
 set [570/1279] : LINC02309 - 36398 variants...
     -reading in genotypes, computing gene-based tests and building masks...done (41753ms) 
     -computing association tests...done (17ms) 
     -computing joint association tests...done (0ms) 
 set [571/1279] : LINC02311 - 5055 variants...
     -reading in genotypes, computing gene-based tests and building masks...done (4746ms) 
     -computing association tests...done (15ms) 
     -computing joint association tests...done (0ms) 
 set [572/1279] : LINC02312 - 10553 variants...
     -reading in genotypes, computing gene-based tests and building masks...done (10695ms) 
     -computing association tests...done (14ms) 
     -computing joint association tests...done (0ms) 
 set [573/1279] : LINC02313 - 33734 variants...
     -reading in genotypes, computing gene-based tests and building masks...done (41071ms) 
     -computing association tests...done (56ms) 
     -computing joint association tests...done (0ms) 
 set [574/1279] : LINC02314 - 340 variants...
     -reading in genotypes, computing gene-based tests and building masks...done (4506ms) 
     -computing association tests...done (67ms) 
     -computing joint association tests...done (0ms) 
 set [575/1279] : LINC02315 - 89687 variants...
     -reading in genotypes, computing gene-based tests and building masks...done (132363ms) 
     -computing association tests...done (120ms) 
     -computing joint association tests...done (0ms) 
 set [576/1279] : LINC02316 - 21797 variants...
     -reading in genotypes, computing gene-based tests and building masks...done (28957ms) 
     -computing association tests...done (54ms) 
     -computing joint association tests...done (0ms) 
 set [577/1279] : LINC02317 - 5239 variants...
     -reading in genotypes, computing gene-based tests and building masks...done (4728ms) 
     -computing association tests...done (58ms) 
     -computing joint association tests...done (0ms) 
 set [578/1279] : LINC02318 - 17615 variants...
     -reading in genotypes, computing gene-based tests and building masks...done (20916ms) 
     -computing association tests...done (30ms) 
     -computing joint association tests...done (0ms) 
 set [579/1279] : LINC02319 - 15954 variants...
     -reading in genotypes, computing gene-based tests and building masks...done (23167ms) 
     -computing association tests...done (55ms) 
     -computing joint association tests...done (0ms) 
 set [580/1279] : LINC02320 - 65433 variants...
     -reading in genotypes, computing gene-based tests and building masks...done (124817ms) 
     -computing association tests...done (43ms) 
     -computing joint association tests...done (0ms) 
 set [581/1279] : LINC02321 - 5195 variants...
     -reading in genotypes, computing gene-based tests and building masks...done (4838ms) 
     -computing association tests...done (67ms) 
     -computing joint association tests...done (0ms) 
 set [582/1279] : LINC02322 - 9830 variants...
     -reading in genotypes, computing gene-based tests and building masks...done (21213ms) 
     -computing association tests...done (14ms) 
     -computing joint association tests...done (0ms) 
 set [583/1279] : LINC02323 - 23520 variants...
     -reading in genotypes, computing gene-based tests and building masks...done (34457ms) 
     -computing association tests...done (14ms) 
     -computing joint association tests...done (0ms) 
 set [584/1279] : LINC02324 - 23116 variants...
     -reading in genotypes, computing gene-based tests and building masks...done (27610ms) 
     -computing association tests...done (51ms) 
     -computing joint association tests...done (0ms) 
 set [585/1279] : LINC02325 - 77272 variants...
     -reading in genotypes, computing gene-based tests and building masks...done (114182ms) 
     -computing association tests...done (19ms) 
     -computing joint association tests...done (0ms) 
 set [586/1279] : LINC02326 - 185 variants...
     -reading in genotypes, computing gene-based tests and building masks...done (2259ms) 
     -computing association tests...done (7ms) 
     -computing joint association tests...done (0ms) 
 set [587/1279] : LINC02327 - 136604 variants...
     -reading in genotypes, computing gene-based tests and building masks...done (264288ms) 
     -computing association tests...done (33ms) 
     -computing joint association tests...done (0ms) 
 set [588/1279] : LINC02328 - 100689 variants...
     -reading in genotypes, computing gene-based tests and building masks...done (183828ms) 
     -computing association tests...done (30ms) 
     -computing joint association tests...done (0ms) 
 set [589/1279] : LINC02330 - 13585 variants...
     -reading in genotypes, computing gene-based tests and building masks...done (19704ms) 
     -computing association tests...done (66ms) 
     -computing joint association tests...done (12ms) 
 set [590/1279] : LINC02331 - 67301 variants...
     -reading in genotypes, computing gene-based tests and building masks...done (86294ms) 
     -computing association tests...done (38ms) 
     -computing joint association tests...done (0ms) 
 set [591/1279] : LINC02332 - 89 variants...
     -reading in genotypes, computing gene-based tests and building masks...done (386ms) 
     -computing association tests...done (16ms) 
     -computing joint association tests...done (0ms) 
 set [592/1279] : LINC02691 - 68102 variants...
     -reading in genotypes, computing gene-based tests and building masks...done (124142ms) 
     -computing association tests...done (23ms) 
     -computing joint association tests...done (0ms) 
 set [593/1279] : LINC02833 - 6756 variants...
     -reading in genotypes, computing gene-based tests and building masks...done (12238ms) 
     -computing association tests...done (16ms) 
     -computing joint association tests...done (0ms) 
 set [594/1279] : LINC02914 - 7523 variants...
     -reading in genotypes, computing gene-based tests and building masks...done (12211ms) 
     -computing association tests...done (16ms) 
     -computing joint association tests...done (3ms) 
 set [595/1279] : LINC02960 - 6081 variants...
     -reading in genotypes, computing gene-based tests and building masks...done (5659ms) 
     -computing association tests...done (14ms) 
     -computing joint association tests...done (0ms) 
 set [596/1279] : LINC03033 - 38866 variants...
     -reading in genotypes, computing gene-based tests and building masks...done (56711ms) 
     -computing association tests...done (16ms) 
     -computing joint association tests...done (0ms) 
 set [597/1279] : LINC03058 - 853 variants...
     -reading in genotypes, computing gene-based tests and building masks...done (6835ms) 
     -computing association tests...done (13ms) 
     -computing joint association tests...done (0ms) 
 set [598/1279] : LRFN5 - 139462 variants...
     -reading in genotypes, computing gene-based tests and building masks...done (276994ms) 
     -computing association tests...done (42ms) 
     -computing joint association tests...done (0ms) 
 set [599/1279] : LRFN5-DT - 17454 variants...
     -reading in genotypes, computing gene-based tests and building masks...done (28406ms) 
     -computing association tests...done (16ms) 
     -computing joint association tests...done (0ms) 
 set [600/1279] : LRP10 - 4832 variants...
     -reading in genotypes, computing gene-based tests and building masks...done (6281ms) 
     -computing association tests...done (11ms) 
     -computing joint association tests...done (0ms) 
 set [601/1279] : LRR1 - 12646 variants...
     -reading in genotypes, computing gene-based tests and building masks...done (16419ms) 
     -computing association tests...done (16ms) 
     -computing joint association tests...done (0ms) 
 set [602/1279] : LRRC74A - 27284 variants...
     -reading in genotypes, computing gene-based tests and building masks...done (40474ms) 
     -computing association tests...done (58ms) 
     -computing joint association tests...done (0ms) 
 set [603/1279] : LRRC9 - 62343 variants...
     -reading in genotypes, computing gene-based tests and building masks...done (81414ms) 
     -computing association tests...done (84ms) 
     -computing joint association tests...done (0ms) 
 set [604/1279] : LTB4R - 2510 variants...
     -reading in genotypes, computing gene-based tests and building masks...done (6083ms) 
     -computing association tests...done (14ms) 
     -computing joint association tests...done (0ms) 
 set [605/1279] : LTB4R2 - 1335 variants...
     -reading in genotypes, computing gene-based tests and building masks...done (2364ms) 
     -computing association tests...done (84ms) 
     -computing joint association tests...done (0ms) 
 set [606/1279] : LTBP2 - 53616 variants...
     -reading in genotypes, computing gene-based tests and building masks...done (84761ms) 
     -computing association tests...done (65ms) 
     -computing joint association tests...done (0ms) 
 set [607/1279] : LYSET - 1546 variants...
     -reading in genotypes, computing gene-based tests and building masks...done (6318ms) 
     -computing association tests...done (12ms) 
     -computing joint association tests...done (0ms) 
 set [608/1279] : MAGOH3P - 2466 variants...
     -reading in genotypes, computing gene-based tests and building masks...done (4355ms) 
     -computing association tests...done (18ms) 
     -computing joint association tests...done (0ms) 
 set [609/1279] : MAP3K9 - 39255 variants...
     -reading in genotypes, computing gene-based tests and building masks...done (48811ms) 
     -computing association tests...done (81ms) 
     -computing joint association tests...done (0ms) 
 set [610/1279] : MAP3K9-DT - 869 variants...
     -reading in genotypes, computing gene-based tests and building masks...done (1716ms) 
     -computing association tests...done (18ms) 
     -computing joint association tests...done (0ms) 
 set [611/1279] : MAP4K5 - 47956 variants...
     -reading in genotypes, computing gene-based tests and building masks...done (52793ms) 
     -computing association tests...done (107ms) 
     -computing joint association tests...done (0ms) 
 set [612/1279] : MAPK1IP1L - 11141 variants...
     -reading in genotypes, computing gene-based tests and building masks...done (17151ms) 
     -computing association tests...done (63ms) 
     -computing joint association tests...done (0ms) 
 set [613/1279] : MARK3 - 62178 variants...
     -reading in genotypes, computing gene-based tests and building masks...done (83258ms) 
     -computing association tests...done (64ms) 
     -computing joint association tests...done (0ms) 
 set [614/1279] : MAX - 17230 variants...
     -reading in genotypes, computing gene-based tests and building masks...done (27082ms) 
     -computing association tests...done (19ms) 
     -computing joint association tests...done (0ms) 
 set [615/1279] : MBIP - 11712 variants...
     -reading in genotypes, computing gene-based tests and building masks...done (12017ms) 
     -computing association tests...done (44ms) 
     -computing joint association tests...done (0ms) 
 set [616/1279] : MDGA2 - 381505 variants...
     -reading in genotypes, computing gene-based tests and building masks...done (1583518ms) 
     -computing association tests...done (45ms) 
     -computing joint association tests...done (0ms) 
 set [617/1279] : MDP1 - 911 variants...
     -reading in genotypes, computing gene-based tests and building masks...done (6056ms) 
     -computing association tests...done (69ms) 
     -computing joint association tests...done (0ms) 
 set [618/1279] : MED15P6 - 141 variants...
     -reading in genotypes, computing gene-based tests and building masks...done (5977ms) 
     -computing association tests...done (24ms) 
     -computing joint association tests...done (2ms) 
 set [619/1279] : MED6 - 12104 variants...
     -reading in genotypes, computing gene-based tests and building masks...done (14829ms) 
     -computing association tests...done (74ms) 
     -computing joint association tests...done (3ms) 
 set [620/1279] : MEG3 - 41151 variants...
     -reading in genotypes, computing gene-based tests and building masks...done (51862ms) 
     -computing association tests...done (63ms) 
     -computing joint association tests...done (0ms) 
 set [621/1279] : MEG8 - 41613 variants...
     -reading in genotypes, computing gene-based tests and building masks...done (54997ms) 
     -computing association tests...done (66ms) 
     -computing joint association tests...done (1ms) 
 set [622/1279] : MEG9 - 9403 variants...
     -reading in genotypes, computing gene-based tests and building masks...done (18268ms) 
     -computing association tests...done (23ms) 
     -computing joint association tests...done (0ms) 
 set [623/1279] : Metazoa_SRP - 9733 variants...
     -reading in genotypes, computing gene-based tests and building masks...done (23671ms) 
     -computing association tests...done (22ms) 
     -computing joint association tests...done (0ms) 
 set [624/1279] : METTL17 - 5279 variants...
     -reading in genotypes, computing gene-based tests and building masks...done (6310ms) 
     -computing association tests...done (55ms) 
     -computing joint association tests...done (0ms) 
 set [625/1279] : METTL3 - 7213 variants...
     -reading in genotypes, computing gene-based tests and building masks...done (9052ms) 
     -computing association tests...done (51ms) 
     -computing joint association tests...done (0ms) 
 set [626/1279] : MGAT2 - 1261 variants...
     -reading in genotypes, computing gene-based tests and building masks...done (2298ms) 
     -computing association tests...done (11ms) 
     -computing joint association tests...done (0ms) 
 set [627/1279] : MIA2 - 72755 variants...
     -reading in genotypes, computing gene-based tests and building masks...done (159431ms) 
     -computing association tests...done (76ms) 
     -computing joint association tests...done (0ms) 
 set [628/1279] : MIDEAS - 30981 variants...
     -reading in genotypes, computing gene-based tests and building masks...done (36905ms) 
     -computing association tests...done (81ms) 
     -computing joint association tests...done (0ms) 
 set [629/1279] : MIDEAS-AS1 - 10781 variants...
     -reading in genotypes, computing gene-based tests and building masks...done (12051ms) 
     -computing association tests...done (12ms) 
     -computing joint association tests...done (9ms) 
 set [630/1279] : MIPOL1 - 161574 variants...
     -reading in genotypes, computing gene-based tests and building masks...done (349621ms) 
     -computing association tests...done (80ms) 
     -computing joint association tests...done (0ms) 
 set [631/1279] : MIR1185-1 - 991 variants...
     -reading in genotypes, computing gene-based tests and building masks...done (4406ms) 
     -computing association tests...done (13ms) 
     -computing joint association tests...done (0ms) 
 set [632/1279] : MIR1185-2 - 312 variants...
     -reading in genotypes, computing gene-based tests and building masks...done (599ms) 
     -computing association tests...done (13ms) 
     -computing joint association tests...done (0ms) 
 set [633/1279] : MIR1193 - 40 variants...
     -reading in genotypes, computing gene-based tests and building masks...done (505ms) 
     -computing association tests...done (26ms) 
     -computing joint association tests...done (0ms) 
 set [634/1279] : MIR1197 - 42 variants...
     -reading in genotypes, computing gene-based tests and building masks...done (851ms) 
     -computing association tests...done (77ms) 
     -computing joint association tests...done (0ms) 
 set [635/1279] : MIR134 - 34 variants...
     -reading in genotypes, computing gene-based tests and building masks...done (764ms) 
     -computing association tests...done (12ms) 
     -computing joint association tests...done (0ms) 
 set [636/1279] : MIR154 - 28 variants...
     -reading in genotypes, computing gene-based tests and building masks...done (819ms) 
     -computing association tests...done (23ms) 
     -computing joint association tests...done (0ms) 
 set [637/1279] : MIR203B - 86 variants...
     -reading in genotypes, computing gene-based tests and building masks...done (3709ms) 
     -computing association tests...done (1ms) 
     -computing joint association tests...done (0ms) 
 set [638/1279] : MIR2392 - 709 variants...
     -reading in genotypes, computing gene-based tests and building masks...done (1130ms) 
     -computing association tests...done (55ms) 
     -computing joint association tests...done (0ms) 
 set [639/1279] : MIR299 - 28 variants...
     -reading in genotypes, computing gene-based tests and building masks...done (173ms) 
     -computing association tests...done (1ms) 
     -computing joint association tests...done (0ms) 
 set [640/1279] : MIR300 - 28 variants...
     -reading in genotypes, computing gene-based tests and building masks...done (675ms) 
     -computing association tests...done (1ms) 
     -computing joint association tests...done (0ms) 
 set [641/1279] : MIR3171HG - 241348 variants...
     -reading in genotypes, computing gene-based tests and building masks...done (685220ms) 
     -computing association tests...done (24ms) 
     -computing joint association tests...done (1ms) 
 set [642/1279] : MIR323A - 45 variants...
     -reading in genotypes, computing gene-based tests and building masks...done (272ms) 
     -computing association tests...done (1ms) 
     -computing joint association tests...done (7ms) 
 set [643/1279] : MIR323B - 22 variants...
     -reading in genotypes, computing gene-based tests and building masks...done (667ms) 
     -computing association tests...done (13ms) 
     -computing joint association tests...done (0ms) 
 set [644/1279] : MIR329-1 - 30 variants...
     -reading in genotypes, computing gene-based tests and building masks...done (689ms) 
     -computing association tests...done (24ms) 
     -computing joint association tests...done (0ms) 
 set [645/1279] : MIR329-2 - 424 variants...
     -reading in genotypes, computing gene-based tests and building masks...done (646ms) 
     -computing association tests...done (9ms) 
     -computing joint association tests...done (0ms) 
 set [646/1279] : MIR337 - 5138 variants...
     -reading in genotypes, computing gene-based tests and building masks...done (41478ms) 
     -computing association tests...done (49ms) 
     -computing joint association tests...done (0ms) 
 set [647/1279] : MIR345 - 645 variants...
     -reading in genotypes, computing gene-based tests and building masks...done (14273ms) 
     -computing association tests...done (6ms) 
     -computing joint association tests...done (0ms) 
 set [648/1279] : MIR369 - 23 variants...
     -reading in genotypes, computing gene-based tests and building masks...done (190ms) 
     -computing association tests...done (25ms) 
     -computing joint association tests...done (0ms) 
 set [649/1279] : MIR376A1 - 20 variants...
     -reading in genotypes, computing gene-based tests and building masks...done (205ms) 
     -computing association tests...done (25ms) 
     -computing joint association tests...done (0ms) 
 set [650/1279] : MIR376A2 - 111 variants...
     -reading in genotypes, computing gene-based tests and building masks...done (292ms) 
     -computing association tests...done (1ms) 
     -computing joint association tests...done (0ms) 
 set [651/1279] : MIR376B - 10671 variants...
     -reading in genotypes, computing gene-based tests and building masks...done (33934ms) 
     -computing association tests...done (15ms) 
     -computing joint association tests...done (0ms) 
 set [652/1279] : MIR376C - 194 variants...
     -reading in genotypes, computing gene-based tests and building masks...done (450ms) 
     -computing association tests...done (13ms) 
     -computing joint association tests...done (0ms) 
 set [653/1279] : MIR377 - 18 variants...
     -reading in genotypes, computing gene-based tests and building masks...done (144ms) 
     -computing association tests...done (1ms) 
     -computing joint association tests...done (0ms) 
 set [654/1279] : MIR379 - 531 variants...
     -reading in genotypes, computing gene-based tests and building masks...done (891ms) 
     -computing association tests...done (13ms) 
     -computing joint association tests...done (0ms) 
 set [655/1279] : MIR380 - 27 variants...
     -reading in genotypes, computing gene-based tests and building masks...done (415ms) 
     -computing association tests...done (13ms) 
     -computing joint association tests...done (0ms) 
 set [656/1279] : MIR381 - 27 variants...
     -reading in genotypes, computing gene-based tests and building masks...done (257ms) 
     -computing association tests...done (13ms) 
     -computing joint association tests...done (0ms) 
 set [657/1279] : MIR382 - 27 variants...
     -reading in genotypes, computing gene-based tests and building masks...done (632ms) 
     -computing association tests...done (13ms) 
     -computing joint association tests...done (0ms) 
 set [658/1279] : MIR409 - 36 variants...
     -reading in genotypes, computing gene-based tests and building masks...done (526ms) 
     -computing association tests...done (1ms) 
     -computing joint association tests...done (0ms) 
 set [659/1279] : MIR410 - 41 variants...
     -reading in genotypes, computing gene-based tests and building masks...done (657ms) 
     -computing association tests...done (1ms) 
     -computing joint association tests...done (0ms) 
 set [660/1279] : MIR411 - 2761 variants...
     -reading in genotypes, computing gene-based tests and building masks...done (3467ms) 
     -computing association tests...done (15ms) 
     -computing joint association tests...done (0ms) 
 set [661/1279] : MIR412 - 47 variants...
     -reading in genotypes, computing gene-based tests and building masks...done (272ms) 
     -computing association tests...done (0ms) 
     -computing joint association tests...done (0ms) 
 set [662/1279] : MIR4307HG - 134656 variants...
     -reading in genotypes, computing gene-based tests and building masks...done (253398ms) 
     -computing association tests...done (35ms) 
     -computing joint association tests...done (14ms) 
 set [663/1279] : MIR4309 - 3318 variants...
     -reading in genotypes, computing gene-based tests and building masks...done (5936ms) 
     -computing association tests...done (16ms) 
     -computing joint association tests...done (0ms) 
 set [664/1279] : MIR4708 - 56 variants...
     -reading in genotypes, computing gene-based tests and building masks...done (1709ms) 
     -computing association tests...done (1ms) 
     -computing joint association tests...done (16ms) 
 set [665/1279] : MIR4710 - 22 variants...
     -reading in genotypes, computing gene-based tests and building masks...done (442ms) 
     -computing association tests...done (1ms) 
     -computing joint association tests...done (0ms) 
 set [666/1279] : MIR485 - 17 variants...
     -reading in genotypes, computing gene-based tests and building masks...done (737ms) 
     -computing association tests...done (12ms) 
     -computing joint association tests...done (0ms) 
 set [667/1279] : MIR487A - 211 variants...
     -reading in genotypes, computing gene-based tests and building masks...done (381ms) 
     -computing association tests...done (1ms) 
     -computing joint association tests...done (0ms) 
 set [668/1279] : MIR487B - 30 variants...
     -reading in genotypes, computing gene-based tests and building masks...done (644ms) 
     -computing association tests...done (0ms) 
     -computing joint association tests...done (0ms) 
 set [669/1279] : MIR493 - 1870 variants...
     -reading in genotypes, computing gene-based tests and building masks...done (2515ms) 
     -computing association tests...done (13ms) 
     -computing joint association tests...done (0ms) 
 set [670/1279] : MIR494 - 729 variants...
     -reading in genotypes, computing gene-based tests and building masks...done (975ms) 
     -computing association tests...done (6ms) 
     -computing joint association tests...done (0ms) 
 set [671/1279] : MIR495 - 4446 variants...
     -reading in genotypes, computing gene-based tests and building masks...done (4199ms) 
     -computing association tests...done (21ms) 
     -computing joint association tests...done (0ms) 
 set [672/1279] : MIR496 - 50 variants...
     -reading in genotypes, computing gene-based tests and building masks...done (683ms) 
     -computing association tests...done (0ms) 
     -computing joint association tests...done (0ms) 
 set [673/1279] : MIR5195 - 298 variants...
     -reading in genotypes, computing gene-based tests and building masks...done (650ms) 
     -computing association tests...done (62ms) 
     -computing joint association tests...done (0ms) 
 set [674/1279] : MIR539 - 28 variants...
     -reading in genotypes, computing gene-based tests and building masks...done (319ms) 
     -computing association tests...done (0ms) 
     -computing joint association tests...done (0ms) 
 set [675/1279] : MIR541 - 29 variants...
     -reading in genotypes, computing gene-based tests and building masks...done (105ms) 
     -computing association tests...done (0ms) 
     -computing joint association tests...done (0ms) 
 set [676/1279] : MIR543 - 47 variants...
     -reading in genotypes, computing gene-based tests and building masks...done (274ms) 
     -computing association tests...done (1ms) 
     -computing joint association tests...done (0ms) 
 set [677/1279] : MIR544A - 449 variants...
     -reading in genotypes, computing gene-based tests and building masks...done (784ms) 
     -computing association tests...done (54ms) 
     -computing joint association tests...done (0ms) 
 set [678/1279] : MIR548Y - 148 variants...
     -reading in genotypes, computing gene-based tests and building masks...done (1389ms) 
     -computing association tests...done (2ms) 
     -computing joint association tests...done (0ms) 
 set [679/1279] : MIR5694 - 5438 variants...
     -reading in genotypes, computing gene-based tests and building masks...done (9618ms) 
     -computing association tests...done (16ms) 
     -computing joint association tests...done (0ms) 
 set [680/1279] : MIR654 - 152 variants...
     -reading in genotypes, computing gene-based tests and building masks...done (332ms) 
     -computing association tests...done (18ms) 
     -computing joint association tests...done (0ms) 
 set [681/1279] : MIR655 - 2163 variants...
     -reading in genotypes, computing gene-based tests and building masks...done (2687ms) 
     -computing association tests...done (16ms) 
     -computing joint association tests...done (0ms) 
 set [682/1279] : MIR656 - 44 variants...
     -reading in genotypes, computing gene-based tests and building masks...done (471ms) 
     -computing association tests...done (16ms) 
     -computing joint association tests...done (0ms) 
 set [683/1279] : MIR665 - 89 variants...
     -reading in genotypes, computing gene-based tests and building masks...done (447ms) 
     -computing association tests...done (52ms) 
     -computing joint association tests...done (0ms) 
 set [684/1279] : MIR668 - 30 variants...
     -reading in genotypes, computing gene-based tests and building masks...done (350ms) 
     -computing association tests...done (1ms) 
     -computing joint association tests...done (0ms) 
 set [685/1279] : MIR758 - 1110 variants...
     -reading in genotypes, computing gene-based tests and building masks...done (1446ms) 
     -computing association tests...done (7ms) 
     -computing joint association tests...done (0ms) 
 set [686/1279] : MIR889 - 35 variants...
     -reading in genotypes, computing gene-based tests and building masks...done (731ms) 
     -computing association tests...done (1ms) 
     -computing joint association tests...done (0ms) 
 set [687/1279] : MIS18BP1 - 22834 variants...
     -reading in genotypes, computing gene-based tests and building masks...done (32050ms) 
     -computing association tests...done (89ms) 
     -computing joint association tests...done (0ms) 
 set [688/1279] : MLH3 - 12153 variants...
     -reading in genotypes, computing gene-based tests and building masks...done (22518ms) 
     -computing association tests...done (51ms) 
     -computing joint association tests...done (0ms) 
 set [689/1279] : MMP14 - 9203 variants...
     -reading in genotypes, computing gene-based tests and building masks...done (10959ms) 
     -computing association tests...done (14ms) 
     -computing joint association tests...done (0ms) 
 set [690/1279] : MNAT1 - 99967 variants...
     -reading in genotypes, computing gene-based tests and building masks...done (153873ms) 
     -computing association tests...done (74ms) 
     -computing joint association tests...done (0ms) 
 set [691/1279] : MOAP1 - 5385 variants...
     -reading in genotypes, computing gene-based tests and building masks...done (6308ms) 
     -computing association tests...done (17ms) 
     -computing joint association tests...done (0ms) 
 set [692/1279] : MOK - 39683 variants...
     -reading in genotypes, computing gene-based tests and building masks...done (50262ms) 
     -computing association tests...done (18ms) 
     -computing joint association tests...done (0ms) 
 set [693/1279] : MPPE1P1 - 4953 variants...
     -reading in genotypes, computing gene-based tests and building masks...done (4864ms) 
     -computing association tests...done (53ms) 
     -computing joint association tests...done (0ms) 
 set [694/1279] : MRPL52 - 4628 variants...
     -reading in genotypes, computing gene-based tests and building masks...done (10069ms) 
     -computing association tests...done (60ms) 
     -computing joint association tests...done (0ms) 
 set [695/1279] : MTA1 - 25794 variants...
     -reading in genotypes, computing gene-based tests and building masks...done (51156ms) 
     -computing association tests...done (62ms) 
     -computing joint association tests...done (0ms) 
 set [696/1279] : MTCYBP27 - 1395 variants...
     -reading in genotypes, computing gene-based tests and building masks...done (2307ms) 
     -computing association tests...done (6ms) 
     -computing joint association tests...done (0ms) 
 set [697/1279] : MTHFD1 - 32242 variants...
     -reading in genotypes, computing gene-based tests and building masks...done (36321ms) 
     -computing association tests...done (62ms) 
     -computing joint association tests...done (0ms) 
 set [698/1279] : MTND4P33 - 763 variants...
     -reading in genotypes, computing gene-based tests and building masks...done (995ms) 
     -computing association tests...done (53ms) 
     -computing joint association tests...done (0ms) 
 set [699/1279] : MTND5P35 - 4027 variants...
     -reading in genotypes, computing gene-based tests and building masks...done (13353ms) 
     -computing association tests...done (60ms) 
     -computing joint association tests...done (0ms) 
 set [700/1279] : MYH6 - 13848 variants...
     -reading in genotypes, computing gene-based tests and building masks...done (15385ms) 
     -computing association tests...done (23ms) 
     -computing joint association tests...done (0ms) 
 set [701/1279] : MYH7 - 13418 variants...
     -reading in genotypes, computing gene-based tests and building masks...done (13362ms) 
     -computing association tests...done (20ms) 
     -computing joint association tests...done (0ms) 
 set [702/1279] : NAA30 - 14070 variants...
     -reading in genotypes, computing gene-based tests and building masks...done (20397ms) 
     -computing association tests...done (27ms) 
     -computing joint association tests...done (0ms) 
 set [703/1279] : NBEAP6 - 6189 variants...
     -reading in genotypes, computing gene-based tests and building masks...done (32838ms) 
     -computing association tests...done (22ms) 
     -computing joint association tests...done (0ms) 
 set [704/1279] : NCOA4P1 - 4356 variants...
     -reading in genotypes, computing gene-based tests and building masks...done (4311ms) 
     -computing association tests...done (14ms) 
     -computing joint association tests...done (0ms) 
 set [705/1279] : NDRG2 - 7622 variants...
     -reading in genotypes, computing gene-based tests and building masks...done (8136ms) 
     -computing association tests...done (66ms) 
     -computing joint association tests...done (0ms) 
 set [706/1279] : NDUFB1 - 5137 variants...
     -reading in genotypes, computing gene-based tests and building masks...done (6545ms) 
     -computing association tests...done (16ms) 
     -computing joint association tests...done (0ms) 
 set [707/1279] : NDUFB8P1 - 234 variants...
     -reading in genotypes, computing gene-based tests and building masks...done (482ms) 
     -computing association tests...done (51ms) 
     -computing joint association tests...done (0ms) 
 set [708/1279] : NEDD8 - 6883 variants...
     -reading in genotypes, computing gene-based tests and building masks...done (12804ms) 
     -computing association tests...done (21ms) 
     -computing joint association tests...done (0ms) 
 set [709/1279] : NEK2P1 - 7757 variants...
     -reading in genotypes, computing gene-based tests and building masks...done (38231ms) 
     -computing association tests...done (17ms) 
     -computing joint association tests...done (0ms) 
 set [710/1279] : NEK9 - 21957 variants...
     -reading in genotypes, computing gene-based tests and building masks...done (25863ms) 
     -computing association tests...done (20ms) 
     -computing joint association tests...done (0ms) 
 set [711/1279] : NEMF - 34619 variants...
     -reading in genotypes, computing gene-based tests and building masks...done (166308ms) 
     -computing association tests...done (68ms) 
     -computing joint association tests...done (0ms) 
 set [712/1279] : NF1P11 - 13848 variants...
     -reading in genotypes, computing gene-based tests and building masks...done (95796ms) 
     -computing association tests...done (16ms) 
     -computing joint association tests...done (0ms) 
 set [713/1279] : NF1P4 - 10460 variants...
     -reading in genotypes, computing gene-based tests and building masks...done (43840ms) 
     -computing association tests...done (54ms) 
     -computing joint association tests...done (0ms) 
 set [714/1279] : NF1P7 - 10355 variants...
     -reading in genotypes, computing gene-based tests and building masks...done (50959ms) 
     -computing association tests...done (68ms) 
     -computing joint association tests...done (0ms) 
 set [715/1279] : NFATC4 - 10195 variants...
     -reading in genotypes, computing gene-based tests and building masks...done (20721ms) 
     -computing association tests...done (55ms) 
     -computing joint association tests...done (0ms) 
 set [716/1279] : NFKBIA - 7125 variants...
     -reading in genotypes, computing gene-based tests and building masks...done (8493ms) 
     -computing association tests...done (34ms) 
     -computing joint association tests...done (0ms) 
 set [717/1279] : NGB - 16998 variants...
     -reading in genotypes, computing gene-based tests and building masks...done (22229ms) 
     -computing association tests...done (27ms) 
     -computing joint association tests...done (0ms) 
 set [718/1279] : NGDN - 14730 variants...
     -reading in genotypes, computing gene-based tests and building masks...done (15537ms) 
     -computing association tests...done (68ms) 
     -computing joint association tests...done (0ms) 
 set [719/1279] : NID2 - 29581 variants...
     -reading in genotypes, computing gene-based tests and building masks...done (27988ms) 
     -computing association tests...done (35ms) 
     -computing joint association tests...done (0ms) 
 set [720/1279] : NIN - 50787 variants...
     -reading in genotypes, computing gene-based tests and building masks...done (56384ms) 
     -computing association tests...done (47ms) 
     -computing joint association tests...done (0ms) 
 set [721/1279] : NKX2-1 - 7411 variants...
     -reading in genotypes, computing gene-based tests and building masks...done (10398ms) 
     -computing association tests...done (97ms) 
     -computing joint association tests...done (0ms) 
 set [722/1279] : NKX2-8 - 5507 variants...
     -reading in genotypes, computing gene-based tests and building masks...done (5273ms) 
     -computing association tests...done (55ms) 
     -computing joint association tests...done (0ms) 
 set [723/1279] : NOP9 - 3522 variants...
     -reading in genotypes, computing gene-based tests and building masks...done (4065ms) 
     -computing association tests...done (55ms) 
     -computing joint association tests...done (0ms) 
 set [724/1279] : NOVA1 - 67834 variants...
     -reading in genotypes, computing gene-based tests and building masks...done (88495ms) 
     -computing association tests...done (77ms) 
     -computing joint association tests...done (0ms) 
 set [725/1279] : NOVA1-DT - 140045 variants...
     -reading in genotypes, computing gene-based tests and building masks...done (251107ms) 
     -computing association tests...done (49ms) 
     -computing joint association tests...done (0ms) 
 set [726/1279] : NOXRED1 - 14749 variants...
     -reading in genotypes, computing gene-based tests and building masks...done (13200ms) 
     -computing association tests...done (17ms) 
     -computing joint association tests...done (0ms) 
 set [727/1279] : NPAS3 - 383520 variants...
     -reading in genotypes, computing gene-based tests and building masks...done (1528150ms) 
     -computing association tests...done (82ms) 
     -computing joint association tests...done (0ms) 
 set [728/1279] : NPC2 - 5572 variants...
     -reading in genotypes, computing gene-based tests and building masks...done (6556ms) 
     -computing association tests...done (49ms) 
     -computing joint association tests...done (0ms) 
 set [729/1279] : NRDE2 - 30353 variants...
     -reading in genotypes, computing gene-based tests and building masks...done (41492ms) 
     -computing association tests...done (57ms) 
     -computing joint association tests...done (0ms) 
 set [730/1279] : NRL - 6331 variants...
     -reading in genotypes, computing gene-based tests and building masks...done (8319ms) 
     -computing association tests...done (19ms) 
     -computing joint association tests...done (0ms) 
 set [731/1279] : NRXN3 - 721651 variants...
     -reading in genotypes, computing gene-based tests and building masks...done (6667046ms) 
     -computing association tests...done (23ms) 
     -computing joint association tests...done (0ms) 
 set [732/1279] : NUBPL - 157036 variants...
     -reading in genotypes, computing gene-based tests and building masks...done (768749ms) 
     -computing association tests...done (29ms) 
     -computing joint association tests...done (0ms) 
 set [733/1279] : NUBPL-DT - 3203 variants...
     -reading in genotypes, computing gene-based tests and building masks...done (4294ms) 
     -computing association tests...done (27ms) 
     -computing joint association tests...done (0ms) 
 set [734/1279] : NUDT14 - 6862 variants...
     -reading in genotypes, computing gene-based tests and building masks...done (7759ms) 
     -computing association tests...done (18ms) 
     -computing joint association tests...done (0ms) 
 set [735/1279] : NUMB - 84457 variants...
     -reading in genotypes, computing gene-based tests and building masks...done (151107ms) 
     -computing association tests...done (78ms) 
     -computing joint association tests...done (0ms) 
 set [736/1279] : NUP50P1 - 1978 variants...
     -reading in genotypes, computing gene-based tests and building masks...done (2525ms) 
     -computing association tests...done (12ms) 
     -computing joint association tests...done (0ms) 
 set [737/1279] : NYNRIN - 11335 variants...
     -reading in genotypes, computing gene-based tests and building masks...done (17371ms) 
     -computing association tests...done (22ms) 
     -computing joint association tests...done (0ms) 
 set [738/1279] : OR10G1P - 6814 variants...
     -reading in genotypes, computing gene-based tests and building masks...done (16785ms) 
     -computing association tests...done (19ms) 
     -computing joint association tests...done (0ms) 
 set [739/1279] : OR10G2 - 9559 variants...
     -reading in genotypes, computing gene-based tests and building masks...done (9251ms) 
     -computing association tests...done (61ms) 
     -computing joint association tests...done (0ms) 
 set [740/1279] : OR10G3 - 10068 variants...
     -reading in genotypes, computing gene-based tests and building masks...done (14742ms) 
     -computing association tests...done (30ms) 
     -computing joint association tests...done (0ms) 
 set [741/1279] : OR11G1P - 4385 variants...
     -reading in genotypes, computing gene-based tests and building masks...done (8727ms) 
     -computing association tests...done (60ms) 
     -computing joint association tests...done (0ms) 
 set [742/1279] : OR11G2 - 8661 variants...
     -reading in genotypes, computing gene-based tests and building masks...done (9290ms) 
     -computing association tests...done (75ms) 
     -computing joint association tests...done (2ms) 
 set [743/1279] : OR11H12 - 8679 variants...
     -reading in genotypes, computing gene-based tests and building masks...done (17198ms) 
     -computing association tests...done (76ms) 
     -computing joint association tests...done (0ms) 
 set [744/1279] : OR11H13P - 1305 variants...
     -reading in genotypes, computing gene-based tests and building masks...done (2785ms) 
     -computing association tests...done (49ms) 
     -computing joint association tests...done (0ms) 
 set [745/1279] : OR11H2 - 9980 variants...
     -reading in genotypes, computing gene-based tests and building masks...done (26686ms) 
     -computing association tests...done (16ms) 
     -computing joint association tests...done (0ms) 
 set [746/1279] : OR11H4 - 17626 variants...
     -reading in genotypes, computing gene-based tests and building masks...done (73656ms) 
     -computing association tests...done (46ms) 
     -computing joint association tests...done (2ms) 
 set [747/1279] : OR11H6 - 4761 variants...
     -reading in genotypes, computing gene-based tests and building masks...done (5743ms) 
     -computing association tests...done (14ms) 
     -computing joint association tests...done (0ms) 
 set [748/1279] : OR11H7 - 2913 variants...
     -reading in genotypes, computing gene-based tests and building masks...done (3476ms) 
     -computing association tests...done (23ms) 
     -computing joint association tests...done (0ms) 
 set [749/1279] : OR11K2P - 6930 variants...
     -reading in genotypes, computing gene-based tests and building masks...done (7748ms) 
     -computing association tests...done (54ms) 
     -computing joint association tests...done (17ms) 
 set [750/1279] : OR11P1P - 815 variants...
     -reading in genotypes, computing gene-based tests and building masks...done (1175ms) 
     -computing association tests...done (9ms) 
     -computing joint association tests...done (20ms) 
 set [751/1279] : OR4E1 - 4565 variants...
     -reading in genotypes, computing gene-based tests and building masks...done (5846ms) 
     -computing association tests...done (44ms) 
     -computing joint association tests...done (0ms) 
 set [752/1279] : OR4E2 - 8361 variants...
     -reading in genotypes, computing gene-based tests and building masks...done (8324ms) 
     -computing association tests...done (50ms) 
     -computing joint association tests...done (0ms) 
 set [753/1279] : OR4H12P - 6496 variants...
     -reading in genotypes, computing gene-based tests and building masks...done (6740ms) 
     -computing association tests...done (15ms) 
     -computing joint association tests...done (0ms) 
 set [754/1279] : OR4K1 - 9231 variants...
     -reading in genotypes, computing gene-based tests and building masks...done (8466ms) 
     -computing association tests...done (16ms) 
     -computing joint association tests...done (0ms) 
 set [755/1279] : OR4K13 - 8077 variants...
     -reading in genotypes, computing gene-based tests and building masks...done (9615ms) 
     -computing association tests...done (61ms) 
     -computing joint association tests...done (0ms) 
 set [756/1279] : OR4K14 - 7452 variants...
     -reading in genotypes, computing gene-based tests and building masks...done (8609ms) 
     -computing association tests...done (15ms) 
     -computing joint association tests...done (0ms) 
 set [757/1279] : OR4K15 - 4749 variants...
     -reading in genotypes, computing gene-based tests and building masks...done (5820ms) 
     -computing association tests...done (17ms) 
     -computing joint association tests...done (0ms) 
 set [758/1279] : OR4K17 - 11061 variants...
     -reading in genotypes, computing gene-based tests and building masks...done (12618ms) 
     -computing association tests...done (53ms) 
     -computing joint association tests...done (0ms) 
 set [759/1279] : OR4K2 - 10754 variants...
     -reading in genotypes, computing gene-based tests and building masks...done (11957ms) 
     -computing association tests...done (22ms) 
     -computing joint association tests...done (0ms) 
 set [760/1279] : OR4K3 - 4252 variants...
     -reading in genotypes, computing gene-based tests and building masks...done (5013ms) 
     -computing association tests...done (19ms) 
     -computing joint association tests...done (0ms) 
 set [761/1279] : OR4K4P - 4121 variants...
     -reading in genotypes, computing gene-based tests and building masks...done (3897ms) 
     -computing association tests...done (15ms) 
     -computing joint association tests...done (0ms) 
 set [762/1279] : OR4K5 - 6293 variants...
     -reading in genotypes, computing gene-based tests and building masks...done (6583ms) 
     -computing association tests...done (17ms) 
     -computing joint association tests...done (0ms) 
 set [763/1279] : OR4K6P - 5485 variants...
     -reading in genotypes, computing gene-based tests and building masks...done (5137ms) 
     -computing association tests...done (46ms) 
     -computing joint association tests...done (0ms) 
 set [764/1279] : OR4L1 - 4752 variants...
     -reading in genotypes, computing gene-based tests and building masks...done (6876ms) 
     -computing association tests...done (17ms) 
     -computing joint association tests...done (0ms) 
 set [765/1279] : OR4M1 - 13385 variants...
     -reading in genotypes, computing gene-based tests and building masks...done (13330ms) 
     -computing association tests...done (17ms) 
     -computing joint association tests...done (0ms) 
 set [766/1279] : OR4N1P - 4259 variants...
     -reading in genotypes, computing gene-based tests and building masks...done (6344ms) 
     -computing association tests...done (13ms) 
     -computing joint association tests...done (0ms) 
 set [767/1279] : OR4N2 - 31428 variants...
     -reading in genotypes, computing gene-based tests and building masks...done (32481ms) 
     -computing association tests...done (24ms) 
     -computing joint association tests...done (0ms) 
 set [768/1279] : OR4N5 - 7600 variants...
     -reading in genotypes, computing gene-based tests and building masks...done (7145ms) 
     -computing association tests...done (16ms) 
     -computing joint association tests...done (0ms) 
 set [769/1279] : OR4Q2 - 10374 variants...
     -reading in genotypes, computing gene-based tests and building masks...done (19224ms) 
     -computing association tests...done (14ms) 
     -computing joint association tests...done (0ms) 
 set [770/1279] : OR4Q3 - 10679 variants...
     -reading in genotypes, computing gene-based tests and building masks...done (10704ms) 
     -computing association tests...done (30ms) 
     -computing joint association tests...done (0ms) 
 set [771/1279] : OR4T1P - 4549 variants...
     -reading in genotypes, computing gene-based tests and building masks...done (4567ms) 
     -computing association tests...done (61ms) 
     -computing joint association tests...done (0ms) 
 set [772/1279] : OR4U1P - 4164 variants...
     -reading in genotypes, computing gene-based tests and building masks...done (4050ms) 
     -computing association tests...done (16ms) 
     -computing joint association tests...done (0ms) 
 set [773/1279] : OR5AU1 - 7935 variants...
     -reading in genotypes, computing gene-based tests and building masks...done (7464ms) 
     -computing association tests...done (51ms) 
     -computing joint association tests...done (0ms) 
 set [774/1279] : OR6E1P - 56 variants...
     -reading in genotypes, computing gene-based tests and building masks...done (1042ms) 
     -computing association tests...done (12ms) 
     -computing joint association tests...done (0ms) 
 set [775/1279] : OR6J1 - 18206 variants...
     -reading in genotypes, computing gene-based tests and building masks...done (61184ms) 
     -computing association tests...done (19ms) 
     -computing joint association tests...done (0ms) 
 set [776/1279] : OR6S1 - 4962 variants...
     -reading in genotypes, computing gene-based tests and building masks...done (19577ms) 
     -computing association tests...done (66ms) 
     -computing joint association tests...done (0ms) 
 set [777/1279] : OR7K1P - 428 variants...
     -reading in genotypes, computing gene-based tests and building masks...done (3350ms) 
     -computing association tests...done (6ms) 
     -computing joint association tests...done (0ms) 
 set [778/1279] : OSGEP - 6808 variants...
     -reading in genotypes, computing gene-based tests and building masks...done (14045ms) 
     -computing association tests...done (84ms) 
     -computing joint association tests...done (4ms) 
 set [779/1279] : OTUB2 - 13612 variants...
     -reading in genotypes, computing gene-based tests and building masks...done (16388ms) 
     -computing association tests...done (38ms) 
     -computing joint association tests...done (7ms) 
 set [780/1279] : OTX2 - 9692 variants...
     -reading in genotypes, computing gene-based tests and building masks...done (16348ms) 
     -computing association tests...done (14ms) 
     -computing joint association tests...done (6ms) 
 set [781/1279] : OTX2-AS1 - 115095 variants...
     -reading in genotypes, computing gene-based tests and building masks...done (168770ms) 
     -computing association tests...done (35ms) 
     -computing joint association tests...done (0ms) 
 set [782/1279] : OXA1L - 7719 variants...
     -reading in genotypes, computing gene-based tests and building masks...done (8460ms) 
     -computing association tests...done (73ms) 
     -computing joint association tests...done (0ms) 
 set [783/1279] : OXA1L-DT - 43805 variants...
     -reading in genotypes, computing gene-based tests and building masks...done (55766ms) 
     -computing association tests...done (17ms) 
     -computing joint association tests...done (0ms) 
 set [784/1279] : PABPN1 - 7300 variants...
     -reading in genotypes, computing gene-based tests and building masks...done (12806ms) 
     -computing association tests...done (78ms) 
     -computing joint association tests...done (15ms) 
 set [785/1279] : PACS2 - 42539 variants...
     -reading in genotypes, computing gene-based tests and building masks...done (69069ms) 
     -computing association tests...done (22ms) 
     -computing joint association tests...done (0ms) 
 set [786/1279] : PALS1 - 41942 variants...
     -reading in genotypes, computing gene-based tests and building masks...done (44107ms) 
     -computing association tests...done (62ms) 
     -computing joint association tests...done (0ms) 
 set [787/1279] : PAPLN - 23709 variants...
     -reading in genotypes, computing gene-based tests and building masks...done (28669ms) 
     -computing association tests...done (23ms) 
     -computing joint association tests...done (0ms) 
 set [788/1279] : PAPOLA - 31642 variants...
     -reading in genotypes, computing gene-based tests and building masks...done (37539ms) 
     -computing association tests...done (19ms) 
     -computing joint association tests...done (0ms) 
 set [789/1279] : PAPOLA-DT - 745 variants...
     -reading in genotypes, computing gene-based tests and building masks...done (1160ms) 
     -computing association tests...done (66ms) 
     -computing joint association tests...done (0ms) 
 set [790/1279] : PARP1P2 - 4003 variants...
     -reading in genotypes, computing gene-based tests and building masks...done (12443ms) 
     -computing association tests...done (14ms) 
     -computing joint association tests...done (0ms) 
 set [791/1279] : PARP2 - 13985 variants...
     -reading in genotypes, computing gene-based tests and building masks...done (25862ms) 
     -computing association tests...done (42ms) 
     -computing joint association tests...done (0ms) 
 set [792/1279] : PAX9 - 14009 variants...
     -reading in genotypes, computing gene-based tests and building masks...done (13829ms) 
     -computing association tests...done (16ms) 
     -computing joint association tests...done (0ms) 
 set [793/1279] : PCK2 - 7983 variants...
     -reading in genotypes, computing gene-based tests and building masks...done (10700ms) 
     -computing association tests...done (83ms) 
     -computing joint association tests...done (0ms) 
 set [794/1279] : PCNX1 - 102772 variants...
     -reading in genotypes, computing gene-based tests and building masks...done (183342ms) 
     -computing association tests...done (62ms) 
     -computing joint association tests...done (0ms) 
 set [795/1279] : PCNX4 - 22885 variants...
     -reading in genotypes, computing gene-based tests and building masks...done (25742ms) 
     -computing association tests...done (62ms) 
     -computing joint association tests...done (0ms) 
 set [796/1279] : PCNX4-DT - 10134 variants...
     -reading in genotypes, computing gene-based tests and building masks...done (10463ms) 
     -computing association tests...done (30ms) 
     -computing joint association tests...done (0ms) 
 set [797/1279] : PELI2 - 80925 variants...
     -reading in genotypes, computing gene-based tests and building masks...done (91652ms) 
     -computing association tests...done (45ms) 
     -computing joint association tests...done (0ms) 
 set [798/1279] : PGF - 9804 variants...
     -reading in genotypes, computing gene-based tests and building masks...done (11498ms) 
     -computing association tests...done (64ms) 
     -computing joint association tests...done (0ms) 
 set [799/1279] : PIGH - 4514 variants...
     -reading in genotypes, computing gene-based tests and building masks...done (10266ms) 
     -computing association tests...done (52ms) 
     -computing joint association tests...done (0ms) 
 set [800/1279] : PIP4P1 - 731 variants...
     -reading in genotypes, computing gene-based tests and building masks...done (984ms) 
     -computing association tests...done (12ms) 
     -computing joint association tests...done (0ms) 
 set [801/1279] : PLD4 - 5077 variants...
     -reading in genotypes, computing gene-based tests and building masks...done (9409ms) 
     -computing association tests...done (59ms) 
     -computing joint association tests...done (8ms) 
 set [802/1279] : PLEK2 - 12213 variants...
     -reading in genotypes, computing gene-based tests and building masks...done (11960ms) 
     -computing association tests...done (65ms) 
     -computing joint association tests...done (0ms) 
 set [803/1279] : PLEKHD1 - 23716 variants...
     -reading in genotypes, computing gene-based tests and building masks...done (27735ms) 
     -computing association tests...done (67ms) 
     -computing joint association tests...done (0ms) 
 set [804/1279] : PLEKHG3 - 18299 variants...
     -reading in genotypes, computing gene-based tests and building masks...done (28737ms) 
     -computing association tests...done (100ms) 
     -computing joint association tests...done (0ms) 
 set [805/1279] : PLEKHH1 - 24645 variants...
     -reading in genotypes, computing gene-based tests and building masks...done (23930ms) 
     -computing association tests...done (54ms) 
     -computing joint association tests...done (0ms) 
 set [806/1279] : PNMA1 - 810 variants...
     -reading in genotypes, computing gene-based tests and building masks...done (7532ms) 
     -computing association tests...done (13ms) 
     -computing joint association tests...done (0ms) 
 set [807/1279] : PNN - 9370 variants...
     -reading in genotypes, computing gene-based tests and building masks...done (14957ms) 
     -computing association tests...done (14ms) 
     -computing joint association tests...done (0ms) 
 set [808/1279] : PNP - 7154 variants...
     -reading in genotypes, computing gene-based tests and building masks...done (7590ms) 
     -computing association tests...done (53ms) 
     -computing joint association tests...done (0ms) 
 set [809/1279] : POLE2 - 24247 variants...
     -reading in genotypes, computing gene-based tests and building masks...done (38592ms) 
     -computing association tests...done (85ms) 
     -computing joint association tests...done (0ms) 
 set [810/1279] : POMT2 - 20604 variants...
     -reading in genotypes, computing gene-based tests and building masks...done (29832ms) 
     -computing association tests...done (62ms) 
     -computing joint association tests...done (0ms) 
 set [811/1279] : POTEG - 17978 variants...
     -reading in genotypes, computing gene-based tests and building masks...done (87304ms) 
     -computing association tests...done (27ms) 
     -computing joint association tests...done (0ms) 
 set [812/1279] : POTEM - 20277 variants...
     -reading in genotypes, computing gene-based tests and building masks...done (276091ms) 
     -computing association tests...done (60ms) 
     -computing joint association tests...done (0ms) 
 set [813/1279] : PPIAP5 - 2110 variants...
     -reading in genotypes, computing gene-based tests and building masks...done (11485ms) 
     -computing association tests...done (67ms) 
     -computing joint association tests...done (0ms) 
 set [814/1279] : PPM1A - 24288 variants...
     -reading in genotypes, computing gene-based tests and building masks...done (24189ms) 
     -computing association tests...done (76ms) 
     -computing joint association tests...done (0ms) 
 set [815/1279] : PPP1R13B - 54604 variants...
     -reading in genotypes, computing gene-based tests and building masks...done (77707ms) 
     -computing association tests...done (30ms) 
     -computing joint association tests...done (0ms) 
 set [816/1279] : PPP1R13B-DT - 108 variants...
     -reading in genotypes, computing gene-based tests and building masks...done (306ms) 
     -computing association tests...done (1ms) 
     -computing joint association tests...done (2ms) 
 set [817/1279] : PPP1R36 - 19117 variants...
     -reading in genotypes, computing gene-based tests and building masks...done (28287ms) 
     -computing association tests...done (35ms) 
     -computing joint association tests...done (10ms) 
 set [818/1279] : PPP1R3E - 5265 variants...
     -reading in genotypes, computing gene-based tests and building masks...done (7099ms) 
     -computing association tests...done (23ms) 
     -computing joint association tests...done (8ms) 
 set [819/1279] : PPP2R3C - 17837 variants...
     -reading in genotypes, computing gene-based tests and building masks...done (20103ms) 
     -computing association tests...done (53ms) 
     -computing joint association tests...done (2ms) 
 set [820/1279] : PPP2R5C - 84577 variants...
     -reading in genotypes, computing gene-based tests and building masks...done (368431ms) 
     -computing association tests...done (48ms) 
     -computing joint association tests...done (47ms) 
 set [821/1279] : PPP2R5E - 81121 variants...
     -reading in genotypes, computing gene-based tests and building masks...done (111781ms) 
     -computing association tests...done (27ms) 
     -computing joint association tests...done (0ms) 
 set [822/1279] : PPP4R3A - 28925 variants...
     -reading in genotypes, computing gene-based tests and building masks...done (33584ms) 
     -computing association tests...done (50ms) 
     -computing joint association tests...done (0ms) 
 set [823/1279] : PPP4R4 - 55396 variants...
     -reading in genotypes, computing gene-based tests and building masks...done (68671ms) 
     -computing association tests...done (32ms) 
     -computing joint association tests...done (0ms) 
 set [824/1279] : PRIMA1 - 35547 variants...
     -reading in genotypes, computing gene-based tests and building masks...done (37372ms) 
     -computing association tests...done (21ms) 
     -computing joint association tests...done (0ms) 
 set [825/1279] : PRKCH - 133473 variants...
     -reading in genotypes, computing gene-based tests and building masks...done (256922ms) 
     -computing association tests...done (26ms) 
     -computing joint association tests...done (0ms) 
 set [826/1279] : PRKCH-AS1 - 9736 variants...
     -reading in genotypes, computing gene-based tests and building masks...done (9265ms) 
     -computing association tests...done (16ms) 
     -computing joint association tests...done (0ms) 
 set [827/1279] : PRKD1 - 153047 variants...
     -reading in genotypes, computing gene-based tests and building masks...done (315776ms) 
     -computing association tests...done (73ms) 
     -computing joint association tests...done (0ms) 
 set [828/1279] : PRMT5 - 8390 variants...
     -reading in genotypes, computing gene-based tests and building masks...done (14568ms) 
     -computing association tests...done (64ms) 
     -computing joint association tests...done (0ms) 
 set [829/1279] : PRMT5-DT - 3390 variants...
     -reading in genotypes, computing gene-based tests and building masks...done (3694ms) 
     -computing association tests...done (9ms) 
     -computing joint association tests...done (0ms) 
 set [830/1279] : PRORP - 70065 variants...
     -reading in genotypes, computing gene-based tests and building masks...done (94146ms) 
     -computing association tests...done (81ms) 
     -computing joint association tests...done (0ms) 
 set [831/1279] : PROX2 - 13749 variants...
     -reading in genotypes, computing gene-based tests and building masks...done (25952ms) 
     -computing association tests...done (16ms) 
     -computing joint association tests...done (0ms) 
 set [832/1279] : PRPF39 - 15238 variants...
     -reading in genotypes, computing gene-based tests and building masks...done (14635ms) 
     -computing association tests...done (43ms) 
     -computing joint association tests...done (0ms) 
 set [833/1279] : PSEN1 - 46479 variants...
     -reading in genotypes, computing gene-based tests and building masks...done (67097ms) 
     -computing association tests...done (85ms) 
     -computing joint association tests...done (0ms) 
 set [834/1279] : PSMA3 - 20182 variants...
     -reading in genotypes, computing gene-based tests and building masks...done (20001ms) 
     -computing association tests...done (25ms) 
     -computing joint association tests...done (0ms) 
 set [835/1279] : PSMA3-AS1 - 7882 variants...
     -reading in genotypes, computing gene-based tests and building masks...done (8109ms) 
     -computing association tests...done (21ms) 
     -computing joint association tests...done (0ms) 
 set [836/1279] : PSMA3P1 - 4229 variants...
     -reading in genotypes, computing gene-based tests and building masks...done (4364ms) 
     -computing association tests...done (21ms) 
     -computing joint association tests...done (0ms) 
 set [837/1279] : PSMA6 - 17005 variants...
     -reading in genotypes, computing gene-based tests and building masks...done (16674ms) 
     -computing association tests...done (55ms) 
     -computing joint association tests...done (0ms) 
 set [838/1279] : PSMB11 - 992 variants...
     -reading in genotypes, computing gene-based tests and building masks...done (3466ms) 
     -computing association tests...done (5ms) 
     -computing joint association tests...done (0ms) 
 set [839/1279] : PSMB5 - 9512 variants...
     -reading in genotypes, computing gene-based tests and building masks...done (19073ms) 
     -computing association tests...done (20ms) 
     -computing joint association tests...done (0ms) 
 set [840/1279] : PSMB7P1 - 2435 variants...
     -reading in genotypes, computing gene-based tests and building masks...done (3198ms) 
     -computing association tests...done (48ms) 
     -computing joint association tests...done (0ms) 
 set [841/1279] : PSMC1 - 6690 variants...
     -reading in genotypes, computing gene-based tests and building masks...done (7682ms) 
     -computing association tests...done (19ms) 
     -computing joint association tests...done (0ms) 
 set [842/1279] : PSMC6 - 10997 variants...
     -reading in genotypes, computing gene-based tests and building masks...done (20593ms) 
     -computing association tests...done (72ms) 
     -computing joint association tests...done (0ms) 
 set [843/1279] : PSME1 - 2773 variants...
     -reading in genotypes, computing gene-based tests and building masks...done (7303ms) 
     -computing association tests...done (27ms) 
     -computing joint association tests...done (0ms) 
 set [844/1279] : PSME2 - 1206 variants...
     -reading in genotypes, computing gene-based tests and building masks...done (3603ms) 
     -computing association tests...done (75ms) 
     -computing joint association tests...done (0ms) 
 set [845/1279] : PTCD2P1 - 5648 variants...
     -reading in genotypes, computing gene-based tests and building masks...done (16372ms) 
     -computing association tests...done (16ms) 
     -computing joint association tests...done (0ms) 
 set [846/1279] : PTCSC3 - 24037 variants...
     -reading in genotypes, computing gene-based tests and building masks...done (25860ms) 
     -computing association tests...done (17ms) 
     -computing joint association tests...done (0ms) 
 set [847/1279] : PTGDR - 7749 variants...
     -reading in genotypes, computing gene-based tests and building masks...done (7769ms) 
     -computing association tests...done (14ms) 
     -computing joint association tests...done (0ms) 
 set [848/1279] : PTGER2 - 9935 variants...
     -reading in genotypes, computing gene-based tests and building masks...done (10905ms) 
     -computing association tests...done (62ms) 
     -computing joint association tests...done (0ms) 
 set [849/1279] : PTGR2 - 17762 variants...
     -reading in genotypes, computing gene-based tests and building masks...done (23856ms) 
     -computing association tests...done (19ms) 
     -computing joint association tests...done (0ms) 
 set [850/1279] : PTPN21 - 48698 variants...
     -reading in genotypes, computing gene-based tests and building masks...done (83421ms) 
     -computing association tests...done (47ms) 
     -computing joint association tests...done (0ms) 
 set [851/1279] : PYGL - 18496 variants...
     -reading in genotypes, computing gene-based tests and building masks...done (17233ms) 
     -computing association tests...done (44ms) 
     -computing joint association tests...done (0ms) 
 set [852/1279] : RAB15 - 14265 variants...
     -reading in genotypes, computing gene-based tests and building masks...done (16707ms) 
     -computing association tests...done (20ms) 
     -computing joint association tests...done (0ms) 
 set [853/1279] : RAB2B - 10641 variants...
     -reading in genotypes, computing gene-based tests and building masks...done (17614ms) 
     -computing association tests...done (31ms) 
     -computing joint association tests...done (0ms) 
 set [854/1279] : RABGGTA - 4699 variants...
     -reading in genotypes, computing gene-based tests and building masks...done (4883ms) 
     -computing association tests...done (16ms) 
     -computing joint association tests...done (0ms) 
 set [855/1279] : RAD51B - 314389 variants...
     -reading in genotypes, computing gene-based tests and building masks...done (1187715ms) 
     -computing association tests...done (63ms) 
     -computing joint association tests...done (0ms) 
 set [856/1279] : RALGAPA1 - 108300 variants...
     -reading in genotypes, computing gene-based tests and building masks...done (194904ms) 
     -computing association tests...done (48ms) 
     -computing joint association tests...done (0ms) 
 set [857/1279] : RANBP20P - 1100 variants...
     -reading in genotypes, computing gene-based tests and building masks...done (4770ms) 
     -computing association tests...done (18ms) 
     -computing joint association tests...done (0ms) 
 set [858/1279] : RAP2CP1 - 43 variants...
     -reading in genotypes, computing gene-based tests and building masks...done (218ms) 
     -computing association tests...done (25ms) 
     -computing joint association tests...done (0ms) 
 set [859/1279] : RBBP4P5 - 2174 variants...
     -reading in genotypes, computing gene-based tests and building masks...done (12689ms) 
     -computing association tests...done (12ms) 
     -computing joint association tests...done (0ms) 
 set [860/1279] : RBM23 - 11824 variants...
     -reading in genotypes, computing gene-based tests and building masks...done (15148ms) 
     -computing association tests...done (57ms) 
     -computing joint association tests...done (0ms) 
 set [861/1279] : RBM25 - 36536 variants...
     -reading in genotypes, computing gene-based tests and building masks...done (45195ms) 
     -computing association tests...done (38ms) 
     -computing joint association tests...done (0ms) 
 set [862/1279] : RBM25-AS1 - 10349 variants...
     -reading in genotypes, computing gene-based tests and building masks...done (23101ms) 
     -computing association tests...done (23ms) 
     -computing joint association tests...done (0ms) 
 set [863/1279] : RCOR1 - 72923 variants...
     -reading in genotypes, computing gene-based tests and building masks...done (102190ms) 
     -computing association tests...done (58ms) 
     -computing joint association tests...done (0ms) 
 set [864/1279] : RD3L - 6662 variants...
     -reading in genotypes, computing gene-based tests and building masks...done (9971ms) 
     -computing association tests...done (56ms) 
     -computing joint association tests...done (0ms) 
 set [865/1279] : RDH11 - 9241 variants...
     -reading in genotypes, computing gene-based tests and building masks...done (14770ms) 
     -computing association tests...done (14ms) 
     -computing joint association tests...done (0ms) 
 set [866/1279] : RDH12 - 14940 variants...
     -reading in genotypes, computing gene-based tests and building masks...done (14302ms) 
     -computing association tests...done (27ms) 
     -computing joint association tests...done (0ms) 
 set [867/1279] : REC8 - 6104 variants...
     -reading in genotypes, computing gene-based tests and building masks...done (6450ms) 
     -computing association tests...done (15ms) 
     -computing joint association tests...done (0ms) 
 set [868/1279] : REM2 - 6981 variants...
     -reading in genotypes, computing gene-based tests and building masks...done (8045ms) 
     -computing association tests...done (20ms) 
     -computing joint association tests...done (0ms) 
 set [869/1279] : RGS6 - 289375 variants...
     -reading in genotypes, computing gene-based tests and building masks...done (1004438ms) 
     -computing association tests...done (37ms) 
     -computing joint association tests...done (0ms) 
 set [870/1279] : RHOJ - 38464 variants...
     -reading in genotypes, computing gene-based tests and building masks...done (48975ms) 
     -computing association tests...done (25ms) 
     -computing joint association tests...done (19ms) 
 set [871/1279] : RIN3 - 81425 variants...
     -reading in genotypes, computing gene-based tests and building masks...done (125411ms) 
     -computing association tests...done (73ms) 
     -computing joint association tests...done (0ms) 
 set [872/1279] : RIPK3 - 3625 variants...
     -reading in genotypes, computing gene-based tests and building masks...done (8637ms) 
     -computing association tests...done (83ms) 
     -computing joint association tests...done (0ms) 
 set [873/1279] : RMB8AP1 - 2030 variants...
     -reading in genotypes, computing gene-based tests and building masks...done (7919ms) 
     -computing association tests...done (15ms) 
     -computing joint association tests...done (0ms) 
 set [874/1279] : RN7SKP107 - 1759 variants...
     -reading in genotypes, computing gene-based tests and building masks...done (4160ms) 
     -computing association tests...done (47ms) 
     -computing joint association tests...done (0ms) 
 set [875/1279] : RN7SKP108 - 160 variants...
     -reading in genotypes, computing gene-based tests and building masks...done (559ms) 
     -computing association tests...done (60ms) 
     -computing joint association tests...done (0ms) 
 set [876/1279] : RN7SKP17 - 2174 variants...
     -reading in genotypes, computing gene-based tests and building masks...done (8763ms) 
     -computing association tests...done (11ms) 
     -computing joint association tests...done (0ms) 
 set [877/1279] : RN7SKP205 - 4366 variants...
     -reading in genotypes, computing gene-based tests and building masks...done (14187ms) 
     -computing association tests...done (14ms) 
     -computing joint association tests...done (0ms) 
 set [878/1279] : RN7SKP21 - 606 variants...
     -reading in genotypes, computing gene-based tests and building masks...done (5925ms) 
     -computing association tests...done (12ms) 
     -computing joint association tests...done (0ms) 
 set [879/1279] : RN7SKP255 - 153 variants...
     -reading in genotypes, computing gene-based tests and building masks...done (421ms) 
     -computing association tests...done (12ms) 
     -computing joint association tests...done (0ms) 
 set [880/1279] : RN7SL189P - 99 variants...
     -reading in genotypes, computing gene-based tests and building masks...done (575ms) 
     -computing association tests...done (1ms) 
     -computing joint association tests...done (0ms) 
 set [881/1279] : RN7SL2 - 389 variants...
     -reading in genotypes, computing gene-based tests and building masks...done (5609ms) 
     -computing association tests...done (10ms) 
     -computing joint association tests...done (0ms) 
 set [882/1279] : RN7SL3 - 61 variants...
     -reading in genotypes, computing gene-based tests and building masks...done (609ms) 
     -computing association tests...done (1ms) 
     -computing joint association tests...done (0ms) 
 set [883/1279] : RN7SL356P - 144 variants...
     -reading in genotypes, computing gene-based tests and building masks...done (4140ms) 
     -computing association tests...done (13ms) 
     -computing joint association tests...done (0ms) 
 set [884/1279] : RN7SL472P - 2123 variants...
     -reading in genotypes, computing gene-based tests and building masks...done (2935ms) 
     -computing association tests...done (17ms) 
     -computing joint association tests...done (0ms) 
 set [885/1279] : RN7SL523P - 1919 variants...
     -reading in genotypes, computing gene-based tests and building masks...done (8061ms) 
     -computing association tests...done (69ms) 
     -computing joint association tests...done (0ms) 
 set [886/1279] : RN7SL546P - 125 variants...
     -reading in genotypes, computing gene-based tests and building masks...done (367ms) 
     -computing association tests...done (1ms) 
     -computing joint association tests...done (0ms) 
 set [887/1279] : RN7SL586P - 117 variants...
     -reading in genotypes, computing gene-based tests and building masks...done (339ms) 
     -computing association tests...done (6ms) 
     -computing joint association tests...done (0ms) 
 set [888/1279] : RN7SL598P - 2242 variants...
     -reading in genotypes, computing gene-based tests and building masks...done (2801ms) 
     -computing association tests...done (56ms) 
     -computing joint association tests...done (0ms) 
 set [889/1279] : RN7SL714P - 4045 variants...
     -reading in genotypes, computing gene-based tests and building masks...done (7759ms) 
     -computing association tests...done (29ms) 
     -computing joint association tests...done (0ms) 
 set [890/1279] : RNA5SP380 - 2017 variants...
     -reading in genotypes, computing gene-based tests and building masks...done (11650ms) 
     -computing association tests...done (21ms) 
     -computing joint association tests...done (0ms) 
 set [891/1279] : RNA5SP382 - 181 variants...
     -reading in genotypes, computing gene-based tests and building masks...done (406ms) 
     -computing association tests...done (5ms) 
     -computing joint association tests...done (0ms) 
 set [892/1279] : RNA5SP384 - 46 variants...
     -reading in genotypes, computing gene-based tests and building masks...done (498ms) 
     -computing association tests...done (13ms) 
     -computing joint association tests...done (0ms) 
 set [893/1279] : RNASE10 - 10464 variants...
     -reading in genotypes, computing gene-based tests and building masks...done (21461ms) 
     -computing association tests...done (103ms) 
     -computing joint association tests...done (0ms) 
 set [894/1279] : RNASE11 - 6149 variants...
     -reading in genotypes, computing gene-based tests and building masks...done (7695ms) 
     -computing association tests...done (16ms) 
     -computing joint association tests...done (0ms) 
 set [895/1279] : RNASE1 - 4964 variants...
     -reading in genotypes, computing gene-based tests and building masks...done (7678ms) 
     -computing association tests...done (25ms) 
     -computing joint association tests...done (0ms) 
 set [896/1279] : RNASE11-AS1 - 5082 variants...
     -reading in genotypes, computing gene-based tests and building masks...done (5488ms) 
     -computing association tests...done (16ms) 
     -computing joint association tests...done (0ms) 
 set [897/1279] : RNASE12 - 1605 variants...
     -reading in genotypes, computing gene-based tests and building masks...done (2193ms) 
     -computing association tests...done (16ms) 
     -computing joint association tests...done (0ms) 
 set [898/1279] : RNASE13 - 1905 variants...
     -reading in genotypes, computing gene-based tests and building masks...done (4690ms) 
     -computing association tests...done (28ms) 
     -computing joint association tests...done (1ms) 
 set [899/1279] : RNASE2 - 5306 variants...
     -reading in genotypes, computing gene-based tests and building masks...done (8527ms) 
     -computing association tests...done (26ms) 
     -computing joint association tests...done (0ms) 
 set [900/1279] : RNASE2CP - 441 variants...
     -reading in genotypes, computing gene-based tests and building masks...done (7689ms) 
     -computing association tests...done (15ms) 
     -computing joint association tests...done (0ms) 
 set [901/1279] : RNASE3 - 4962 variants...
     -reading in genotypes, computing gene-based tests and building masks...done (8214ms) 
     -computing association tests...done (16ms) 
     -computing joint association tests...done (0ms) 
 set [902/1279] : RNASE4 - 8908 variants...
     -reading in genotypes, computing gene-based tests and building masks...done (11251ms) 
     -computing association tests...done (16ms) 
     -computing joint association tests...done (0ms) 
 set [903/1279] : RNASE6 - 5547 variants...
     -reading in genotypes, computing gene-based tests and building masks...done (14080ms) 
     -computing association tests...done (19ms) 
     -computing joint association tests...done (0ms) 
 set [904/1279] : RNASE7 - 4547 variants...
     -reading in genotypes, computing gene-based tests and building masks...done (5885ms) 
     -computing association tests...done (50ms) 
     -computing joint association tests...done (0ms) 
 set [905/1279] : RNASE8 - 4413 variants...
     -reading in genotypes, computing gene-based tests and building masks...done (20200ms) 
     -computing association tests...done (20ms) 
     -computing joint association tests...done (0ms) 
 set [906/1279] : RNASE9 - 5971 variants...
     -reading in genotypes, computing gene-based tests and building masks...done (7860ms) 
     -computing association tests...done (59ms) 
     -computing joint association tests...done (0ms) 
 set [907/1279] : RNF212B - 24280 variants...
     -reading in genotypes, computing gene-based tests and building masks...done (25347ms) 
     -computing association tests...done (32ms) 
     -computing joint association tests...done (0ms) 
 set [908/1279] : RNF31 - 9001 variants...
     -reading in genotypes, computing gene-based tests and building masks...done (41155ms) 
     -computing association tests...done (35ms) 
     -computing joint association tests...done (0ms) 
 set [909/1279] : RNU11-5P - 65 variants...
     -reading in genotypes, computing gene-based tests and building masks...done (333ms) 
     -computing association tests...done (32ms) 
     -computing joint association tests...done (0ms) 
 set [910/1279] : RNU2-14P - 77 variants...
     -reading in genotypes, computing gene-based tests and building masks...done (2611ms) 
     -computing association tests...done (12ms) 
     -computing joint association tests...done (0ms) 
 set [911/1279] : RNU4-92P - 1620 variants...
     -reading in genotypes, computing gene-based tests and building masks...done (9348ms) 
     -computing association tests...done (56ms) 
     -computing joint association tests...done (0ms) 
 set [912/1279] : RNU4ATAC14P - 846 variants...
     -reading in genotypes, computing gene-based tests and building masks...done (8722ms) 
     -computing association tests...done (12ms) 
     -computing joint association tests...done (0ms) 
 set [913/1279] : RNU6-1261P - 32 variants...
     -reading in genotypes, computing gene-based tests and building masks...done (612ms) 
     -computing association tests...done (24ms) 
     -computing joint association tests...done (0ms) 
 set [914/1279] : RNU6-1291P - 41 variants...
     -reading in genotypes, computing gene-based tests and building masks...done (753ms) 
     -computing association tests...done (13ms) 
     -computing joint association tests...done (0ms) 
 set [915/1279] : RNU6-189P - 2077 variants...
     -reading in genotypes, computing gene-based tests and building masks...done (2694ms) 
     -computing association tests...done (9ms) 
     -computing joint association tests...done (0ms) 
 set [916/1279] : RNU6-252P - 176 variants...
     -reading in genotypes, computing gene-based tests and building masks...done (1872ms) 
     -computing association tests...done (4ms) 
     -computing joint association tests...done (0ms) 
 set [917/1279] : RNU6-273P - 4371 variants...
     -reading in genotypes, computing gene-based tests and building masks...done (4341ms) 
     -computing association tests...done (12ms) 
     -computing joint association tests...done (0ms) 
 set [918/1279] : RNU6-297P - 47 variants...
     -reading in genotypes, computing gene-based tests and building masks...done (1958ms) 
     -computing association tests...done (16ms) 
     -computing joint association tests...done (0ms) 
 set [919/1279] : RNU6-366P - 758 variants...
     -reading in genotypes, computing gene-based tests and building masks...done (2366ms) 
     -computing association tests...done (12ms) 
     -computing joint association tests...done (0ms) 
 set [920/1279] : RNU6-458P - 92 variants...
     -reading in genotypes, computing gene-based tests and building masks...done (1049ms) 
     -computing association tests...done (12ms) 
     -computing joint association tests...done (0ms) 
 set [921/1279] : RNU6-552P - 2107 variants...
     -reading in genotypes, computing gene-based tests and building masks...done (6816ms) 
     -computing association tests...done (43ms) 
     -computing joint association tests...done (0ms) 
 set [922/1279] : RNU6-684P - 4061 variants...
     -reading in genotypes, computing gene-based tests and building masks...done (15104ms) 
     -computing association tests...done (11ms) 
     -computing joint association tests...done (0ms) 
 set [923/1279] : RNU6-7 - 1627 variants...
     -reading in genotypes, computing gene-based tests and building masks...done (7025ms) 
     -computing association tests...done (9ms) 
     -computing joint association tests...done (0ms) 
 set [924/1279] : RNU6-8 - 679 variants...
     -reading in genotypes, computing gene-based tests and building masks...done (960ms) 
     -computing association tests...done (3ms) 
     -computing joint association tests...done (0ms) 
 set [925/1279] : RNU6-835P - 735 variants...
     -reading in genotypes, computing gene-based tests and building masks...done (930ms) 
     -computing association tests...done (7ms) 
     -computing joint association tests...done (0ms) 
 set [926/1279] : RNU6-864P - 38 variants...
     -reading in genotypes, computing gene-based tests and building masks...done (468ms) 
     -computing association tests...done (1ms) 
     -computing joint association tests...done (0ms) 
 set [927/1279] : RNU6-921P - 696 variants...
     -reading in genotypes, computing gene-based tests and building masks...done (1583ms) 
     -computing association tests...done (14ms) 
     -computing joint association tests...done (0ms) 
 set [928/1279] : RNU6-976P - 4566 variants...
     -reading in genotypes, computing gene-based tests and building masks...done (5593ms) 
     -computing association tests...done (16ms) 
     -computing joint association tests...done (0ms) 
 set [929/1279] : RNU6ATAC28P - 4006 variants...
     -reading in genotypes, computing gene-based tests and building masks...done (5885ms) 
     -computing association tests...done (12ms) 
     -computing joint association tests...done (0ms) 
 set [930/1279] : RNU7-116P - 232 variants...
     -reading in genotypes, computing gene-based tests and building masks...done (487ms) 
     -computing association tests...done (12ms) 
     -computing joint association tests...done (0ms) 
 set [931/1279] : RNU7-160P - 1465 variants...
     -reading in genotypes, computing gene-based tests and building masks...done (6745ms) 
     -computing association tests...done (49ms) 
     -computing joint association tests...done (0ms) 
 set [932/1279] : RNU7-30P - 3993 variants...
     -reading in genotypes, computing gene-based tests and building masks...done (4542ms) 
     -computing association tests...done (14ms) 
     -computing joint association tests...done (0ms) 
 set [933/1279] : RNU7-51P - 2263 variants...
     -reading in genotypes, computing gene-based tests and building masks...done (6342ms) 
     -computing association tests...done (13ms) 
     -computing joint association tests...done (0ms) 
 set [934/1279] : RPGRIP1 - 33386 variants...
     -reading in genotypes, computing gene-based tests and building masks...done (39346ms) 
     -computing association tests...done (87ms) 
     -computing joint association tests...done (0ms) 
 set [935/1279] : RPL10L - 4875 variants...
     -reading in genotypes, computing gene-based tests and building masks...done (10854ms) 
     -computing association tests...done (64ms) 
     -computing joint association tests...done (0ms) 
 set [936/1279] : RPL12P6 - 4547 variants...
     -reading in genotypes, computing gene-based tests and building masks...done (5970ms) 
     -computing association tests...done (42ms) 
     -computing joint association tests...done (0ms) 
 set [937/1279] : RPL12P7 - 186 variants...
     -reading in genotypes, computing gene-based tests and building masks...done (433ms) 
     -computing association tests...done (14ms) 
     -computing joint association tests...done (0ms) 
 set [938/1279] : RPL15P2 - 5773 variants...
     -reading in genotypes, computing gene-based tests and building masks...done (9000ms) 
     -computing association tests...done (15ms) 
     -computing joint association tests...done (34ms) 
 set [939/1279] : RPL17P2 - 1172 variants...
     -reading in genotypes, computing gene-based tests and building masks...done (6567ms) 
     -computing association tests...done (43ms) 
     -computing joint association tests...done (0ms) 
 set [940/1279] : RPL17P4 - 3043 variants...
     -reading in genotypes, computing gene-based tests and building masks...done (2951ms) 
     -computing association tests...done (12ms) 
     -computing joint association tests...done (0ms) 
 set [941/1279] : RPL18P1 - 4633 variants...
     -reading in genotypes, computing gene-based tests and building masks...done (4764ms) 
     -computing association tests...done (11ms) 
     -computing joint association tests...done (0ms) 
 set [942/1279] : RPL21P11 - 1313 variants...
     -reading in genotypes, computing gene-based tests and building masks...done (1966ms) 
     -computing association tests...done (58ms) 
     -computing joint association tests...done (0ms) 
 set [943/1279] : RPL21P12 - 5772 variants...
     -reading in genotypes, computing gene-based tests and building masks...done (13329ms) 
     -computing association tests...done (49ms) 
     -computing joint association tests...done (0ms) 
 set [944/1279] : RPL21P13 - 4572 variants...
     -reading in genotypes, computing gene-based tests and building masks...done (8039ms) 
     -computing association tests...done (17ms) 
     -computing joint association tests...done (0ms) 
 set [945/1279] : RPL22P20 - 4460 variants...
     -reading in genotypes, computing gene-based tests and building masks...done (5012ms) 
     -computing association tests...done (16ms) 
     -computing joint association tests...done (0ms) 
 set [946/1279] : RPL22P2 - 3655 variants...
     -reading in genotypes, computing gene-based tests and building masks...done (3515ms) 
     -computing association tests...done (45ms) 
     -computing joint association tests...done (0ms) 
 set [947/1279] : RPL23AP71 - 6385 variants...
     -reading in genotypes, computing gene-based tests and building masks...done (7084ms) 
     -computing association tests...done (17ms) 
     -computing joint association tests...done (0ms) 
 set [948/1279] : RPL23AP8 - 224 variants...
     -reading in genotypes, computing gene-based tests and building masks...done (4425ms) 
     -computing association tests...done (7ms) 
     -computing joint association tests...done (22ms) 
 set [949/1279] : RPL26P3 - 5018 variants...
     -reading in genotypes, computing gene-based tests and building masks...done (9217ms) 
     -computing association tests...done (52ms) 
     -computing joint association tests...done (0ms) 
 set [950/1279] : RPL31P4 - 159 variants...
     -reading in genotypes, computing gene-based tests and building masks...done (463ms) 
     -computing association tests...done (10ms) 
     -computing joint association tests...done (0ms) 
 set [951/1279] : RPL31P5 - 4527 variants...
     -reading in genotypes, computing gene-based tests and building masks...done (16357ms) 
     -computing association tests...done (42ms) 
     -computing joint association tests...done (0ms) 
 set [952/1279] : RPL32P29 - 322 variants...
     -reading in genotypes, computing gene-based tests and building masks...done (6449ms) 
     -computing association tests...done (12ms) 
     -computing joint association tests...done (0ms) 
 set [953/1279] : RPL36AL - 3256 variants...
     -reading in genotypes, computing gene-based tests and building masks...done (4449ms) 
     -computing association tests...done (9ms) 
     -computing joint association tests...done (0ms) 
 set [954/1279] : RPL3P4 - 158 variants...
     -reading in genotypes, computing gene-based tests and building masks...done (344ms) 
     -computing association tests...done (1ms) 
     -computing joint association tests...done (0ms) 
 set [955/1279] : RPL4P1 - 996 variants...
     -reading in genotypes, computing gene-based tests and building masks...done (1439ms) 
     -computing association tests...done (56ms) 
     -computing joint association tests...done (0ms) 
 set [956/1279] : RPL9P5 - 4085 variants...
     -reading in genotypes, computing gene-based tests and building masks...done (7091ms) 
     -computing association tests...done (52ms) 
     -computing joint association tests...done (0ms) 
 set [957/1279] : RPLP0P3 - 4770 variants...
     -reading in genotypes, computing gene-based tests and building masks...done (5773ms) 
     -computing association tests...done (38ms) 
     -computing joint association tests...done (0ms) 
 set [958/1279] : RPS26P49 - 7155 variants...
     -reading in genotypes, computing gene-based tests and building masks...done (17711ms) 
     -computing association tests...done (18ms) 
     -computing joint association tests...done (0ms) 
 set [959/1279] : RPS28P1 - 5631 variants...
     -reading in genotypes, computing gene-based tests and building masks...done (6501ms) 
     -computing association tests...done (12ms) 
     -computing joint association tests...done (0ms) 
 set [960/1279] : RPS29 - 6836 variants...
     -reading in genotypes, computing gene-based tests and building masks...done (8211ms) 
     -computing association tests...done (16ms) 
     -computing joint association tests...done (0ms) 
 set [961/1279] : RPS29P1 - 4072 variants...
     -reading in genotypes, computing gene-based tests and building masks...done (4023ms) 
     -computing association tests...done (15ms) 
     -computing joint association tests...done (0ms) 
 set [962/1279] : RPS2P2 - 228 variants...
     -reading in genotypes, computing gene-based tests and building masks...done (6811ms) 
     -computing association tests...done (1ms) 
     -computing joint association tests...done (0ms) 
 set [963/1279] : RPS2P4 - 1519 variants...
     -reading in genotypes, computing gene-based tests and building masks...done (3639ms) 
     -computing association tests...done (16ms) 
     -computing joint association tests...done (0ms) 
 set [964/1279] : RPS3AP4 - 544 variants...
     -reading in genotypes, computing gene-based tests and building masks...done (4583ms) 
     -computing association tests...done (10ms) 
     -computing joint association tests...done (0ms) 
 set [965/1279] : RPS3AP46 - 295 variants...
     -reading in genotypes, computing gene-based tests and building masks...done (520ms) 
     -computing association tests...done (3ms) 
     -computing joint association tests...done (0ms) 
 set [966/1279] : RPS6KA5 - 92025 variants...
     -reading in genotypes, computing gene-based tests and building masks...done (145156ms) 
     -computing association tests...done (29ms) 
     -computing joint association tests...done (0ms) 
 set [967/1279] : RPS6KL1 - 8362 variants...
     -reading in genotypes, computing gene-based tests and building masks...done (12694ms) 
     -computing association tests...done (55ms) 
     -computing joint association tests...done (1ms) 
 set [968/1279] : RPSAP4 - 5274 variants...
     -reading in genotypes, computing gene-based tests and building masks...done (8057ms) 
     -computing association tests...done (14ms) 
     -computing joint association tests...done (0ms) 
 set [969/1279] : RPSAP5 - 373 variants...
     -reading in genotypes, computing gene-based tests and building masks...done (546ms) 
     -computing association tests...done (2ms) 
     -computing joint association tests...done (0ms) 
 set [970/1279] : RRAGAP1 - 193 variants...
     -reading in genotypes, computing gene-based tests and building masks...done (339ms) 
     -computing association tests...done (3ms) 
     -computing joint association tests...done (0ms) 
 set [971/1279] : RRAGAP1-AS1 - 63989 variants...
     -reading in genotypes, computing gene-based tests and building masks...done (100170ms) 
     -computing association tests...done (42ms) 
     -computing joint association tests...done (0ms) 
 set [972/1279] : RTL1 - 16721 variants...
     -reading in genotypes, computing gene-based tests and building masks...done (18560ms) 
     -computing association tests...done (18ms) 
     -computing joint association tests...done (0ms) 
 set [973/1279] : RTN1 - 118956 variants...
     -reading in genotypes, computing gene-based tests and building masks...done (267208ms) 
     -computing association tests...done (38ms) 
     -computing joint association tests...done (0ms) 
 set [974/1279] : RTRAF - 10459 variants...
     -reading in genotypes, computing gene-based tests and building masks...done (15294ms) 
     -computing association tests...done (47ms) 
     -computing joint association tests...done (0ms) 
 set [975/1279] : SALL2 - 12011 variants...
     -reading in genotypes, computing gene-based tests and building masks...done (12475ms) 
     -computing association tests...done (19ms) 
     -computing joint association tests...done (0ms) 
 set [976/1279] : SALL4P7 - 4182 variants...
     -reading in genotypes, computing gene-based tests and building masks...done (7948ms) 
     -computing association tests...done (15ms) 
     -computing joint association tests...done (0ms) 
 set [977/1279] : SALRNA1 - 1810 variants...
     -reading in genotypes, computing gene-based tests and building masks...done (2615ms) 
     -computing association tests...done (8ms) 
     -computing joint association tests...done (0ms) 
 set [978/1279] : SAMD15 - 2554 variants...
     -reading in genotypes, computing gene-based tests and building masks...done (4768ms) 
     -computing association tests...done (49ms) 
     -computing joint association tests...done (0ms) 
 set [979/1279] : SAMD4A - 97772 variants...
     -reading in genotypes, computing gene-based tests and building masks...done (164602ms) 
     -computing association tests...done (68ms) 
     -computing joint association tests...done (0ms) 
 set [980/1279] : SAV1 - 20262 variants...
     -reading in genotypes, computing gene-based tests and building masks...done (26274ms) 
     -computing association tests...done (16ms) 
     -computing joint association tests...done (0ms) 
 set [981/1279] : SCFD1 - 47555 variants...
     -reading in genotypes, computing gene-based tests and building masks...done (52537ms) 
     -computing association tests...done (22ms) 
     -computing joint association tests...done (0ms) 
 set [982/1279] : SDR39U1 - 2980 variants...
     -reading in genotypes, computing gene-based tests and building masks...done (4140ms) 
     -computing association tests...done (47ms) 
     -computing joint association tests...done (0ms) 
 set [983/1279] : SEC23A - 35076 variants...
     -reading in genotypes, computing gene-based tests and building masks...done (40412ms) 
     -computing association tests...done (61ms) 
     -computing joint association tests...done (0ms) 
 set [984/1279] : SEC23A-AS1 - 420 variants...
     -reading in genotypes, computing gene-based tests and building masks...done (621ms) 
     -computing association tests...done (13ms) 
     -computing joint association tests...done (0ms) 
 set [985/1279] : SEL1L - 28690 variants...
     -reading in genotypes, computing gene-based tests and building masks...done (34530ms) 
     -computing association tests...done (59ms) 
     -computing joint association tests...done (13ms) 
 set [986/1279] : SERPINA10 - 5421 variants...
     -reading in genotypes, computing gene-based tests and building masks...done (6637ms) 
     -computing association tests...done (52ms) 
     -computing joint association tests...done (0ms) 
 set [987/1279] : SERPINA11 - 9340 variants...
     -reading in genotypes, computing gene-based tests and building masks...done (17497ms) 
     -computing association tests...done (56ms) 
     -computing joint association tests...done (0ms) 
 set [988/1279] : SERPINA1 - 9667 variants...
     -reading in genotypes, computing gene-based tests and building masks...done (10569ms) 
     -computing association tests...done (58ms) 
     -computing joint association tests...done (0ms) 
 set [989/1279] : SERPINA12 - 21006 variants...
     -reading in genotypes, computing gene-based tests and building masks...done (20502ms) 
     -computing association tests...done (63ms) 
     -computing joint association tests...done (0ms) 
 set [990/1279] : SERPINA13P - 8695 variants...
     -reading in genotypes, computing gene-based tests and building masks...done (9237ms) 
     -computing association tests...done (27ms) 
     -computing joint association tests...done (23ms) 
 set [991/1279] : SERPINA2 - 5700 variants...
     -reading in genotypes, computing gene-based tests and building masks...done (6024ms) 
     -computing association tests...done (54ms) 
     -computing joint association tests...done (3ms) 
 set [992/1279] : SERPINA3 - 10513 variants...
     -reading in genotypes, computing gene-based tests and building masks...done (10887ms) 
     -computing association tests...done (21ms) 
     -computing joint association tests...done (7ms) 
 set [993/1279] : SERPINA4 - 8003 variants...
     -reading in genotypes, computing gene-based tests and building masks...done (8046ms) 
     -computing association tests...done (52ms) 
     -computing joint association tests...done (17ms) 
 set [994/1279] : SERPINA5 - 10625 variants...
     -reading in genotypes, computing gene-based tests and building masks...done (11298ms) 
     -computing association tests...done (43ms) 
     -computing joint association tests...done (1ms) 
 set [995/1279] : SERPINA6 - 11729 variants...
     -reading in genotypes, computing gene-based tests and building masks...done (10394ms) 
     -computing association tests...done (73ms) 
     -computing joint association tests...done (1ms) 
 set [996/1279] : SERPINA9 - 11401 variants...
     -reading in genotypes, computing gene-based tests and building masks...done (10840ms) 
     -computing association tests...done (53ms) 
     -computing joint association tests...done (29ms) 
 set [997/1279] : SETD3 - 41000 variants...
     -reading in genotypes, computing gene-based tests and building masks...done (43978ms) 
     -computing association tests...done (16ms) 
     -computing joint association tests...done (11ms) 
 set [998/1279] : SETP1 - 1795 variants...
     -reading in genotypes, computing gene-based tests and building masks...done (2796ms) 
     -computing association tests...done (15ms) 
     -computing joint association tests...done (0ms) 
 set [999/1279] : SETP2 - 373 variants...
     -reading in genotypes, computing gene-based tests and building masks...done (553ms) 
     -computing association tests...done (49ms) 
     -computing joint association tests...done (0ms) 
 set [1000/1279] : SFTA3 - 17873 variants...
     -reading in genotypes, computing gene-based tests and building masks...done (17334ms) 
     -computing association tests...done (23ms) 
     -computing joint association tests...done (0ms) 
 set [1001/1279] : SGPP1 - 24489 variants...
     -reading in genotypes, computing gene-based tests and building masks...done (28372ms) 
     -computing association tests...done (31ms) 
     -computing joint association tests...done (0ms) 
 set [1002/1279] : SIPA1L1 - 182692 variants...
     -reading in genotypes, computing gene-based tests and building masks...done (415623ms) 
     -computing association tests...done (76ms) 
     -computing joint association tests...done (0ms) 
 set [1003/1279] : SIPA1L1-AS1 - 11153 variants...
     -reading in genotypes, computing gene-based tests and building masks...done (13562ms) 
     -computing association tests...done (38ms) 
     -computing joint association tests...done (0ms) 
 set [1004/1279] : SIVA1 - 8326 variants...
     -reading in genotypes, computing gene-based tests and building masks...done (9502ms) 
     -computing association tests...done (18ms) 
     -computing joint association tests...done (0ms) 
 set [1005/1279] : SIX1 - 11551 variants...
     -reading in genotypes, computing gene-based tests and building masks...done (14883ms) 
     -computing association tests...done (16ms) 
     -computing joint association tests...done (0ms) 
 set [1006/1279] : SIX4 - 10065 variants...
     -reading in genotypes, computing gene-based tests and building masks...done (17823ms) 
     -computing association tests...done (13ms) 
     -computing joint association tests...done (0ms) 
 set [1007/1279] : SIX6 - 6002 variants...
     -reading in genotypes, computing gene-based tests and building masks...done (5815ms) 
     -computing association tests...done (10ms) 
     -computing joint association tests...done (0ms) 
 set [1008/1279] : SLC10A1 - 14943 variants...
     -reading in genotypes, computing gene-based tests and building masks...done (15414ms) 
     -computing association tests...done (56ms) 
     -computing joint association tests...done (0ms) 
 set [1009/1279] : SLC20A1P1 - 2407 variants...
     -reading in genotypes, computing gene-based tests and building masks...done (3112ms) 
     -computing association tests...done (47ms) 
     -computing joint association tests...done (2ms) 
 set [1010/1279] : SLC20A1P2 - 165 variants...
     -reading in genotypes, computing gene-based tests and building masks...done (2037ms) 
     -computing association tests...done (1ms) 
     -computing joint association tests...done (0ms) 
 set [1011/1279] : SLC22A17 - 4083 variants...
     -reading in genotypes, computing gene-based tests and building masks...done (9709ms) 
     -computing association tests...done (60ms) 
     -computing joint association tests...done (0ms) 
 set [1012/1279] : SLC24A4 - 77962 variants...
     -reading in genotypes, computing gene-based tests and building masks...done (117065ms) 
     -computing association tests...done (24ms) 
     -computing joint association tests...done (0ms) 
 set [1013/1279] : SLC25A21 - 205334 variants...
     -reading in genotypes, computing gene-based tests and building masks...done (532651ms) 
     -computing association tests...done (86ms) 
     -computing joint association tests...done (0ms) 
 set [1014/1279] : SLC25A21-AS1 - 605 variants...
     -reading in genotypes, computing gene-based tests and building masks...done (882ms) 
     -computing association tests...done (10ms) 
     -computing joint association tests...done (0ms) 
 set [1015/1279] : SLC25A29 - 11349 variants...
     -reading in genotypes, computing gene-based tests and building masks...done (11530ms) 
     -computing association tests...done (23ms) 
     -computing joint association tests...done (0ms) 
 set [1016/1279] : SLC25A47 - 5410 variants...
     -reading in genotypes, computing gene-based tests and building masks...done (6215ms) 
     -computing association tests...done (64ms) 
     -computing joint association tests...done (0ms) 
 set [1017/1279] : SLC35F4 - 188150 variants...
     -reading in genotypes, computing gene-based tests and building masks...done (396947ms) 
     -computing association tests...done (24ms) 
     -computing joint association tests...done (0ms) 
 set [1018/1279] : SLC38A6 - 62140 variants...
     -reading in genotypes, computing gene-based tests and building masks...done (70525ms) 
     -computing association tests...done (25ms) 
     -computing joint association tests...done (0ms) 
 set [1019/1279] : SLC39A2 - 3643 variants...
     -reading in genotypes, computing gene-based tests and building masks...done (5279ms) 
     -computing association tests...done (61ms) 
     -computing joint association tests...done (0ms) 
 set [1020/1279] : SLC39A9 - 27788 variants...
     -reading in genotypes, computing gene-based tests and building masks...done (40104ms) 
     -computing association tests...done (17ms) 
     -computing joint association tests...done (0ms) 
 set [1021/1279] : SLC7A7 - 21751 variants...
     -reading in genotypes, computing gene-based tests and building masks...done (36993ms) 
     -computing association tests...done (15ms) 
     -computing joint association tests...done (0ms) 
 set [1022/1279] : SLC7A8 - 25554 variants...
     -reading in genotypes, computing gene-based tests and building masks...done (25208ms) 
     -computing association tests...done (17ms) 
     -computing joint association tests...done (0ms) 
 set [1023/1279] : SLC8A3 - 64324 variants...
     -reading in genotypes, computing gene-based tests and building masks...done (85663ms) 
     -computing association tests...done (27ms) 
     -computing joint association tests...done (0ms) 
 set [1024/1279] : SMARCE1P3 - 3571 variants...
     -reading in genotypes, computing gene-based tests and building masks...done (3348ms) 
     -computing association tests...done (15ms) 
     -computing joint association tests...done (0ms) 
 set [1025/1279] : SMOC1 - 70970 variants...
     -reading in genotypes, computing gene-based tests and building masks...done (90292ms) 
     -computing association tests...done (98ms) 
     -computing joint association tests...done (0ms) 
 set [1026/1279] : SNAPC1 - 20990 variants...
     -reading in genotypes, computing gene-based tests and building masks...done (21619ms) 
     -computing association tests...done (23ms) 
     -computing joint association tests...done (0ms) 
 set [1027/1279] : SNHG10 - 3135 variants...
     -reading in genotypes, computing gene-based tests and building masks...done (9176ms) 
     -computing association tests...done (17ms) 
     -computing joint association tests...done (0ms) 
 set [1028/1279] : SNORD114-30 - 23 variants...
     -reading in genotypes, computing gene-based tests and building masks...done (3581ms) 
     -computing association tests...done (13ms) 
     -computing joint association tests...done (0ms) 
 set [1029/1279] : SNORD114-31 - 542 variants...
     -reading in genotypes, computing gene-based tests and building masks...done (1613ms) 
     -computing association tests...done (2ms) 
     -computing joint association tests...done (0ms) 
 set [1030/1279] : SNW1 - 22920 variants...
     -reading in genotypes, computing gene-based tests and building masks...done (22128ms) 
     -computing association tests...done (20ms) 
     -computing joint association tests...done (0ms) 
 set [1031/1279] : SNX6 - 41018 variants...
     -reading in genotypes, computing gene-based tests and building masks...done (165088ms) 
     -computing association tests...done (30ms) 
     -computing joint association tests...done (0ms) 
 set [1032/1279] : SOCS4 - 9809 variants...
     -reading in genotypes, computing gene-based tests and building masks...done (9883ms) 
     -computing association tests...done (28ms) 
     -computing joint association tests...done (0ms) 
 set [1033/1279] : SOS2 - 54866 variants...
     -reading in genotypes, computing gene-based tests and building masks...done (72836ms) 
     -computing association tests...done (68ms) 
     -computing joint association tests...done (0ms) 
 set [1034/1279] : SPATA7 - 32684 variants...
     -reading in genotypes, computing gene-based tests and building masks...done (35102ms) 
     -computing association tests...done (20ms) 
     -computing joint association tests...done (0ms) 
 set [1035/1279] : SPTB - 70732 variants...
     -reading in genotypes, computing gene-based tests and building masks...done (103740ms) 
     -computing association tests...done (79ms) 
     -computing joint association tests...done (0ms) 
 set [1036/1279] : SPTLC2 - 53017 variants...
     -reading in genotypes, computing gene-based tests and building masks...done (67999ms) 
     -computing association tests...done (29ms) 
     -computing joint association tests...done (0ms) 
 set [1037/1279] : SPTSSA - 18159 variants...
     -reading in genotypes, computing gene-based tests and building masks...done (22134ms) 
     -computing association tests...done (18ms) 
     -computing joint association tests...done (0ms) 
 set [1038/1279] : SRP54 - 30372 variants...
     -reading in genotypes, computing gene-based tests and building masks...done (33539ms) 
     -computing association tests...done (64ms) 
     -computing joint association tests...done (0ms) 
 set [1039/1279] : SRP54-AS1 - 157 variants...
     -reading in genotypes, computing gene-based tests and building masks...done (7653ms) 
     -computing association tests...done (46ms) 
     -computing joint association tests...done (0ms) 
 set [1040/1279] : SRSF5 - 20649 variants...
     -reading in genotypes, computing gene-based tests and building masks...done (24318ms) 
     -computing association tests...done (38ms) 
     -computing joint association tests...done (0ms) 
 set [1041/1279] : SSBP3P4 - 1324 variants...
     -reading in genotypes, computing gene-based tests and building masks...done (6396ms) 
     -computing association tests...done (12ms) 
     -computing joint association tests...done (0ms) 
 set [1042/1279] : SSBP3P5 - 1164 variants...
     -reading in genotypes, computing gene-based tests and building masks...done (7722ms) 
     -computing association tests...done (6ms) 
     -computing joint association tests...done (0ms) 
 set [1043/1279] : SSTR1 - 6287 variants...
     -reading in genotypes, computing gene-based tests and building masks...done (7467ms) 
     -computing association tests...done (83ms) 
     -computing joint association tests...done (0ms) 
 set [1044/1279] : STON2 - 66569 variants...
     -reading in genotypes, computing gene-based tests and building masks...done (83606ms) 
     -computing association tests...done (20ms) 
     -computing joint association tests...done (0ms) 
 set [1045/1279] : STRN3 - 57800 variants...
     -reading in genotypes, computing gene-based tests and building masks...done (80448ms) 
     -computing association tests...done (24ms) 
     -computing joint association tests...done (0ms) 
 set [1046/1279] : STXBP6 - 99151 variants...
     -reading in genotypes, computing gene-based tests and building masks...done (145530ms) 
     -computing association tests...done (63ms) 
     -computing joint association tests...done (0ms) 
 set [1047/1279] : STYX - 20083 variants...
     -reading in genotypes, computing gene-based tests and building masks...done (28888ms) 
     -computing association tests...done (25ms) 
     -computing joint association tests...done (0ms) 
 set [1048/1279] : SUB1P2 - 1465 variants...
     -reading in genotypes, computing gene-based tests and building masks...done (2614ms) 
     -computing association tests...done (55ms) 
     -computing joint association tests...done (0ms) 
 set [1049/1279] : SUPT16H - 18155 variants...
     -reading in genotypes, computing gene-based tests and building masks...done (17561ms) 
     -computing association tests...done (55ms) 
     -computing joint association tests...done (0ms) 
 set [1050/1279] : SUSD6 - 44440 variants...
     -reading in genotypes, computing gene-based tests and building masks...done (53841ms) 
     -computing association tests...done (50ms) 
     -computing joint association tests...done (0ms) 
 set [1051/1279] : SYNDIG1L - 12933 variants...
     -reading in genotypes, computing gene-based tests and building masks...done (15808ms) 
     -computing association tests...done (16ms) 
     -computing joint association tests...done (0ms) 
 set [1052/1279] : SYNE2 - 194436 variants...
     -reading in genotypes, computing gene-based tests and building masks...done (618366ms) 
     -computing association tests...done (129ms) 
     -computing joint association tests...done (0ms) 
 set [1053/1279] : SYNE3 - 57248 variants...
     -reading in genotypes, computing gene-based tests and building masks...done (79770ms) 
     -computing association tests...done (67ms) 
     -computing joint association tests...done (0ms) 
 set [1054/1279] : SYNE3-AS1 - 461 variants...
     -reading in genotypes, computing gene-based tests and building masks...done (684ms) 
     -computing association tests...done (9ms) 
     -computing joint association tests...done (0ms) 
 set [1055/1279] : SYNJ2BP - 21535 variants...
     -reading in genotypes, computing gene-based tests and building masks...done (24288ms) 
     -computing association tests...done (42ms) 
     -computing joint association tests...done (0ms) 
 set [1056/1279] : SYT16 - 129800 variants...
     -reading in genotypes, computing gene-based tests and building masks...done (219039ms) 
     -computing association tests...done (19ms) 
     -computing joint association tests...done (0ms) 
 set [1057/1279] : TBPL2 - 16810 variants...
     -reading in genotypes, computing gene-based tests and building masks...done (25940ms) 
     -computing association tests...done (108ms) 
     -computing joint association tests...done (0ms) 
 set [1058/1279] : TC2N - 35236 variants...
     -reading in genotypes, computing gene-based tests and building masks...done (37332ms) 
     -computing association tests...done (29ms) 
     -computing joint association tests...done (0ms) 
 set [1059/1279] : TCL1A - 8006 variants...
     -reading in genotypes, computing gene-based tests and building masks...done (14690ms) 
     -computing association tests...done (60ms) 
     -computing joint association tests...done (0ms) 
 set [1060/1279] : TCL1B - 6625 variants...
     -reading in genotypes, computing gene-based tests and building masks...done (8106ms) 
     -computing association tests...done (19ms) 
     -computing joint association tests...done (0ms) 
 set [1061/1279] : TCL6 - 22520 variants...
     -reading in genotypes, computing gene-based tests and building masks...done (20454ms) 
     -computing association tests...done (15ms) 
     -computing joint association tests...done (0ms) 
 set [1062/1279] : TDP1 - 41409 variants...
     -reading in genotypes, computing gene-based tests and building masks...done (45721ms) 
     -computing association tests...done (17ms) 
     -computing joint association tests...done (0ms) 
 set [1063/1279] : TDRD9 - 53105 variants...
     -reading in genotypes, computing gene-based tests and building masks...done (70405ms) 
     -computing association tests...done (73ms) 
     -computing joint association tests...done (0ms) 
 set [1064/1279] : TECPR2 - 59681 variants...
     -reading in genotypes, computing gene-based tests and building masks...done (129487ms) 
     -computing association tests...done (39ms) 
     -computing joint association tests...done (0ms) 
 set [1065/1279] : TEDC1 - 6149 variants...
     -reading in genotypes, computing gene-based tests and building masks...done (9721ms) 
     -computing association tests...done (63ms) 
     -computing joint association tests...done (0ms) 
 set [1066/1279] : TEP1 - 24161 variants...
     -reading in genotypes, computing gene-based tests and building masks...done (32743ms) 
     -computing association tests...done (31ms) 
     -computing joint association tests...done (0ms) 
 set [1067/1279] : TEX21P - 216 variants...
     -reading in genotypes, computing gene-based tests and building masks...done (6549ms) 
     -computing association tests...done (25ms) 
     -computing joint association tests...done (13ms) 
 set [1068/1279] : TEX22 - 12720 variants...
     -reading in genotypes, computing gene-based tests and building masks...done (15321ms) 
     -computing association tests...done (70ms) 
     -computing joint association tests...done (1ms) 
 set [1069/1279] : TGFB3 - 13249 variants...
     -reading in genotypes, computing gene-based tests and building masks...done (29830ms) 
     -computing association tests...done (78ms) 
     -computing joint association tests...done (3ms) 
 set [1070/1279] : TGM1 - 7176 variants...
     -reading in genotypes, computing gene-based tests and building masks...done (32007ms) 
     -computing association tests...done (67ms) 
     -computing joint association tests...done (10ms) 
 set [1071/1279] : THTPA - 3963 variants...
     -reading in genotypes, computing gene-based tests and building masks...done (68868ms) 
     -computing association tests...done (64ms) 
     -computing joint association tests...done (0ms) 
 set [1072/1279] : TIMM9 - 10514 variants...
     -reading in genotypes, computing gene-based tests and building masks...done (18731ms) 
     -computing association tests...done (33ms) 
     -computing joint association tests...done (0ms) 
 set [1073/1279] : TINF2 - 3552 variants...
     -reading in genotypes, computing gene-based tests and building masks...done (5455ms) 
     -computing association tests...done (68ms) 
     -computing joint association tests...done (0ms) 
 set [1074/1279] : TM9SF1 - 5343 variants...
     -reading in genotypes, computing gene-based tests and building masks...done (8418ms) 
     -computing association tests...done (92ms) 
     -computing joint association tests...done (0ms) 
 set [1075/1279] : TMED10 - 21615 variants...
     -reading in genotypes, computing gene-based tests and building masks...done (46265ms) 
     -computing association tests...done (21ms) 
     -computing joint association tests...done (18ms) 
 set [1076/1279] : TMED8 - 22031 variants...
     -reading in genotypes, computing gene-based tests and building masks...done (69138ms) 
     -computing association tests...done (55ms) 
     -computing joint association tests...done (2ms) 
 set [1077/1279] : TMEM121 - 6790 variants...
     -reading in genotypes, computing gene-based tests and building masks...done (31227ms) 
     -computing association tests...done (28ms) 
     -computing joint association tests...done (12ms) 
 set [1078/1279] : TMEM179 - 49259 variants...
     -reading in genotypes, computing gene-based tests and building masks...done (63661ms) 
     -computing association tests...done (67ms) 
     -computing joint association tests...done (17ms) 
 set [1079/1279] : TMEM183AP4 - 5529 variants...
     -reading in genotypes, computing gene-based tests and building masks...done (10749ms) 
     -computing association tests...done (11ms) 
     -computing joint association tests...done (0ms) 
 set [1080/1279] : TMEM229B - 33930 variants...
     -reading in genotypes, computing gene-based tests and building masks...done (67833ms) 
     -computing association tests...done (21ms) 
     -computing joint association tests...done (0ms) 
 set [1081/1279] : TMEM253 - 2222 variants...
     -reading in genotypes, computing gene-based tests and building masks...done (9221ms) 
     -computing association tests...done (32ms) 
     -computing joint association tests...done (0ms) 
 set [1082/1279] : TMEM260 - 49497 variants...
     -reading in genotypes, computing gene-based tests and building masks...done (81040ms) 
     -computing association tests...done (46ms) 
     -computing joint association tests...done (0ms) 
 set [1083/1279] : TMEM30B - 5751 variants...
     -reading in genotypes, computing gene-based tests and building masks...done (6039ms) 
     -computing association tests...done (20ms) 
     -computing joint association tests...done (0ms) 
 set [1084/1279] : TMEM63C - 55978 variants...
     -reading in genotypes, computing gene-based tests and building masks...done (161477ms) 
     -computing association tests...done (195ms) 
     -computing joint association tests...done (0ms) 
 set [1085/1279] : TMX1 - 11655 variants...
     -reading in genotypes, computing gene-based tests and building masks...done (23680ms) 
     -computing association tests...done (35ms) 
     -computing joint association tests...done (0ms) 
 set [1086/1279] : TNFAIP2 - 10731 variants...
     -reading in genotypes, computing gene-based tests and building masks...done (13915ms) 
     -computing association tests...done (110ms) 
     -computing joint association tests...done (0ms) 
 set [1087/1279] : TOGARAM1 - 48054 variants...
     -reading in genotypes, computing gene-based tests and building masks...done (54376ms) 
     -computing association tests...done (52ms) 
     -computing joint association tests...done (0ms) 
 set [1088/1279] : TOMM20L - 16875 variants...
     -reading in genotypes, computing gene-based tests and building masks...done (29500ms) 
     -computing association tests...done (54ms) 
     -computing joint association tests...done (0ms) 
 set [1089/1279] : TOMM20L-DT - 5003 variants...
     -reading in genotypes, computing gene-based tests and building masks...done (5070ms) 
     -computing association tests...done (18ms) 
     -computing joint association tests...done (0ms) 
 set [1090/1279] : TOMM40P1 - 568 variants...
     -reading in genotypes, computing gene-based tests and building masks...done (4347ms) 
     -computing association tests...done (13ms) 
     -computing joint association tests...done (0ms) 
 set [1091/1279] : TOX4 - 10844 variants...
     -reading in genotypes, computing gene-based tests and building masks...done (21239ms) 
     -computing association tests...done (18ms) 
     -computing joint association tests...done (0ms) 
 set [1092/1279] : TPPP2 - 3357 variants...
     -reading in genotypes, computing gene-based tests and building masks...done (5152ms) 
     -computing association tests...done (68ms) 
     -computing joint association tests...done (11ms) 
 set [1093/1279] : TRAC - 6725 variants...
     -reading in genotypes, computing gene-based tests and building masks...done (9890ms) 
     -computing association tests...done (18ms) 
     -computing joint association tests...done (0ms) 
 set [1094/1279] : TRAF3 - 67808 variants...
     -reading in genotypes, computing gene-based tests and building masks...done (101163ms) 
     -computing association tests...done (40ms) 
     -computing joint association tests...done (1ms) 
 set [1095/1279] : TRAJ10 - 847 variants...
     -reading in genotypes, computing gene-based tests and building masks...done (2765ms) 
     -computing association tests...done (15ms) 
     -computing joint association tests...done (0ms) 
 set [1096/1279] : TRAJ11 - 22 variants...
     -reading in genotypes, computing gene-based tests and building masks...done (793ms) 
     -computing association tests...done (13ms) 
     -computing joint association tests...done (0ms) 
 set [1097/1279] : TRAJ1 - 23 variants...
     -reading in genotypes, computing gene-based tests and building masks...done (538ms) 
     -computing association tests...done (28ms) 
     -computing joint association tests...done (0ms) 
 set [1098/1279] : TRAJ12 - 25 variants...
     -reading in genotypes, computing gene-based tests and building masks...done (1396ms) 
     -computing association tests...done (19ms) 
     -computing joint association tests...done (0ms) 
 set [1099/1279] : TRAJ13 - 1678 variants...
     -reading in genotypes, computing gene-based tests and building masks...done (4313ms) 
     -computing association tests...done (18ms) 
     -computing joint association tests...done (0ms) 
 set [1100/1279] : TRAJ14 - 21 variants...
     -reading in genotypes, computing gene-based tests and building masks...done (675ms) 
     -computing association tests...done (12ms) 
     -computing joint association tests...done (0ms) 
 set [1101/1279] : TRAJ16 - 22 variants...
     -reading in genotypes, computing gene-based tests and building masks...done (631ms) 
     -computing association tests...done (1ms) 
     -computing joint association tests...done (0ms) 
 set [1102/1279] : TRAJ17 - 459 variants...
     -reading in genotypes, computing gene-based tests and building masks...done (735ms) 
     -computing association tests...done (9ms) 
     -computing joint association tests...done (2ms) 
 set [1103/1279] : TRAJ18 - 1786 variants...
     -reading in genotypes, computing gene-based tests and building masks...done (5418ms) 
     -computing association tests...done (19ms) 
     -computing joint association tests...done (0ms) 
 set [1104/1279] : TRAJ19 - 23 variants...
     -reading in genotypes, computing gene-based tests and building masks...done (804ms) 
     -computing association tests...done (14ms) 
     -computing joint association tests...done (0ms) 
 set [1105/1279] : TRAJ20 - 20 variants...
     -reading in genotypes, computing gene-based tests and building masks...done (905ms) 
     -computing association tests...done (1ms) 
     -computing joint association tests...done (0ms) 
 set [1106/1279] : TRAJ21 - 17 variants...
     -reading in genotypes, computing gene-based tests and building masks...done (1250ms) 
     -computing association tests...done (1ms) 
     -computing joint association tests...done (0ms) 
 set [1107/1279] : TRAJ2 - 1226 variants...
     -reading in genotypes, computing gene-based tests and building masks...done (1565ms) 
     -computing association tests...done (69ms) 
     -computing joint association tests...done (0ms) 
 set [1108/1279] : TRAJ22 - 101 variants...
     -reading in genotypes, computing gene-based tests and building masks...done (997ms) 
     -computing association tests...done (2ms) 
     -computing joint association tests...done (0ms) 
 set [1109/1279] : TRAJ23 - 164 variants...
     -reading in genotypes, computing gene-based tests and building masks...done (1504ms) 
     -computing association tests...done (126ms) 
     -computing joint association tests...done (0ms) 
 set [1110/1279] : TRAJ24 - 1628 variants...
     -reading in genotypes, computing gene-based tests and building masks...done (2953ms) 
     -computing association tests...done (13ms) 
     -computing joint association tests...done (0ms) 
 set [1111/1279] : TRAJ25 - 18 variants...
     -reading in genotypes, computing gene-based tests and building masks...done (687ms) 
     -computing association tests...done (2ms) 
     -computing joint association tests...done (0ms) 
 set [1112/1279] : TRAJ26 - 32 variants...
     -reading in genotypes, computing gene-based tests and building masks...done (747ms) 
     -computing association tests...done (1ms) 
     -computing joint association tests...done (0ms) 
 set [1113/1279] : TRAJ27 - 20 variants...
     -reading in genotypes, computing gene-based tests and building masks...done (354ms) 
     -computing association tests...done (12ms) 
     -computing joint association tests...done (0ms) 
 set [1114/1279] : TRAJ28 - 2072 variants...
     -reading in genotypes, computing gene-based tests and building masks...done (9532ms) 
     -computing association tests...done (15ms) 
     -computing joint association tests...done (0ms) 
 set [1115/1279] : TRAJ29 - 557 variants...
     -reading in genotypes, computing gene-based tests and building masks...done (852ms) 
     -computing association tests...done (9ms) 
     -computing joint association tests...done (0ms) 
 set [1116/1279] : TRAJ30 - 24 variants...
     -reading in genotypes, computing gene-based tests and building masks...done (864ms) 
     -computing association tests...done (13ms) 
     -computing joint association tests...done (0ms) 
 set [1117/1279] : TRAJ31 - 23 variants...
     -reading in genotypes, computing gene-based tests and building masks...done (173ms) 
     -computing association tests...done (25ms) 
     -computing joint association tests...done (0ms) 
 set [1118/1279] : TRAJ3 - 28 variants...
     -reading in genotypes, computing gene-based tests and building masks...done (1207ms) 
     -computing association tests...done (14ms) 
     -computing joint association tests...done (0ms) 
 set [1119/1279] : TRAJ32 - 2220 variants...
     -reading in genotypes, computing gene-based tests and building masks...done (4124ms) 
     -computing association tests...done (13ms) 
     -computing joint association tests...done (0ms) 
 set [1120/1279] : TRAJ33 - 18 variants...
     -reading in genotypes, computing gene-based tests and building masks...done (93ms) 
     -computing association tests...done (0ms) 
     -computing joint association tests...done (0ms) 
 set [1121/1279] : TRAJ34 - 22 variants...
     -reading in genotypes, computing gene-based tests and building masks...done (527ms) 
     -computing association tests...done (1ms) 
     -computing joint association tests...done (0ms) 
 set [1122/1279] : TRAJ35 - 249 variants...
     -reading in genotypes, computing gene-based tests and building masks...done (2110ms) 
     -computing association tests...done (10ms) 
     -computing joint association tests...done (0ms) 
 set [1123/1279] : TRAJ36 - 25 variants...
     -reading in genotypes, computing gene-based tests and building masks...done (781ms) 
     -computing association tests...done (1ms) 
     -computing joint association tests...done (10ms) 
 set [1124/1279] : TRAJ37 - 1900 variants...
     -reading in genotypes, computing gene-based tests and building masks...done (3053ms) 
     -computing association tests...done (21ms) 
     -computing joint association tests...done (0ms) 
 set [1125/1279] : TRAJ38 - 28 variants...
     -reading in genotypes, computing gene-based tests and building masks...done (1749ms) 
     -computing association tests...done (13ms) 
     -computing joint association tests...done (0ms) 
 set [1126/1279] : TRAJ39 - 429 variants...
     -reading in genotypes, computing gene-based tests and building masks...done (1251ms) 
     -computing association tests...done (4ms) 
     -computing joint association tests...done (0ms) 
 set [1127/1279] : TRAJ40 - 26 variants...
     -reading in genotypes, computing gene-based tests and building masks...done (709ms) 
     -computing association tests...done (13ms) 
     -computing joint association tests...done (0ms) 
 set [1128/1279] : TRAJ41 - 316 variants...
     -reading in genotypes, computing gene-based tests and building masks...done (1749ms) 
     -computing association tests...done (54ms) 
     -computing joint association tests...done (0ms) 
 set [1129/1279] : TRAJ4 - 26 variants...
     -reading in genotypes, computing gene-based tests and building masks...done (975ms) 
     -computing association tests...done (24ms) 
     -computing joint association tests...done (0ms) 
 set [1130/1279] : TRAJ42 - 1156 variants...
     -reading in genotypes, computing gene-based tests and building masks...done (1551ms) 
     -computing association tests...done (7ms) 
     -computing joint association tests...done (0ms) 
 set [1131/1279] : TRAJ43 - 24 variants...
     -reading in genotypes, computing gene-based tests and building masks...done (338ms) 
     -computing association tests...done (13ms) 
     -computing joint association tests...done (0ms) 
 set [1132/1279] : TRAJ44 - 29 variants...
     -reading in genotypes, computing gene-based tests and building masks...done (615ms) 
     -computing association tests...done (1ms) 
     -computing joint association tests...done (0ms) 
 set [1133/1279] : TRAJ45 - 2042 variants...
     -reading in genotypes, computing gene-based tests and building masks...done (4053ms) 
     -computing association tests...done (49ms) 
     -computing joint association tests...done (0ms) 
 set [1134/1279] : TRAJ46 - 29 variants...
     -reading in genotypes, computing gene-based tests and building masks...done (1414ms) 
     -computing association tests...done (14ms) 
     -computing joint association tests...done (0ms) 
 set [1135/1279] : TRAJ47 - 18 variants...
     -reading in genotypes, computing gene-based tests and building masks...done (1223ms) 
     -computing association tests...done (27ms) 
     -computing joint association tests...done (0ms) 
 set [1136/1279] : TRAJ48 - 1116 variants...
     -reading in genotypes, computing gene-based tests and building masks...done (1277ms) 
     -computing association tests...done (45ms) 
     -computing joint association tests...done (0ms) 
 set [1137/1279] : TRAJ49 - 27 variants...
     -reading in genotypes, computing gene-based tests and building masks...done (1077ms) 
     -computing association tests...done (3ms) 
     -computing joint association tests...done (0ms) 
 set [1138/1279] : TRAJ50 - 25 variants...
     -reading in genotypes, computing gene-based tests and building masks...done (455ms) 
     -computing association tests...done (13ms) 
     -computing joint association tests...done (0ms) 
 set [1139/1279] : TRAJ5 - 23 variants...
     -reading in genotypes, computing gene-based tests and building masks...done (781ms) 
     -computing association tests...done (12ms) 
     -computing joint association tests...done (0ms) 
 set [1140/1279] : TRAJ52 - 2133 variants...
     -reading in genotypes, computing gene-based tests and building masks...done (4448ms) 
     -computing association tests...done (16ms) 
     -computing joint association tests...done (0ms) 
 set [1141/1279] : TRAJ53 - 1340 variants...
     -reading in genotypes, computing gene-based tests and building masks...done (1987ms) 
     -computing association tests...done (71ms) 
     -computing joint association tests...done (0ms) 
 set [1142/1279] : TRAJ54 - 39 variants...
     -reading in genotypes, computing gene-based tests and building masks...done (496ms) 
     -computing association tests...done (1ms) 
     -computing joint association tests...done (0ms) 
 set [1143/1279] : TRAJ56 - 28 variants...
     -reading in genotypes, computing gene-based tests and building masks...done (997ms) 
     -computing association tests...done (1ms) 
     -computing joint association tests...done (3ms) 
 set [1144/1279] : TRAJ57 - 139 variants...
     -reading in genotypes, computing gene-based tests and building masks...done (392ms) 
     -computing association tests...done (14ms) 
     -computing joint association tests...done (0ms) 
 set [1145/1279] : TRAJ58 - 1322 variants...
     -reading in genotypes, computing gene-based tests and building masks...done (1503ms) 
     -computing association tests...done (52ms) 
     -computing joint association tests...done (0ms) 
 set [1146/1279] : TRAJ59 - 20 variants...
     -reading in genotypes, computing gene-based tests and building masks...done (1140ms) 
     -computing association tests...done (97ms) 
     -computing joint association tests...done (0ms) 
 set [1147/1279] : TRAJ61 - 34 variants...
     -reading in genotypes, computing gene-based tests and building masks...done (157ms) 
     -computing association tests...done (26ms) 
     -computing joint association tests...done (0ms) 
 set [1148/1279] : TRAJ6 - 1803 variants...
     -reading in genotypes, computing gene-based tests and building masks...done (3293ms) 
     -computing association tests...done (10ms) 
     -computing joint association tests...done (0ms) 
 set [1149/1279] : TRAJ7 - 17 variants...
     -reading in genotypes, computing gene-based tests and building masks...done (588ms) 
     -computing association tests...done (12ms) 
     -computing joint association tests...done (0ms) 
 set [1150/1279] : TRAJ9 - 188 variants...
     -reading in genotypes, computing gene-based tests and building masks...done (1012ms) 
     -computing association tests...done (48ms) 
     -computing joint association tests...done (0ms) 
 set [1151/1279] : TRAPPC6B - 12623 variants...
     -reading in genotypes, computing gene-based tests and building masks...done (19513ms) 
     -computing association tests...done (20ms) 
     -computing joint association tests...done (0ms) 
 set [1152/1279] : TRAV10 - 4446 variants...
     -reading in genotypes, computing gene-based tests and building masks...done (11519ms) 
     -computing association tests...done (15ms) 
     -computing joint association tests...done (0ms) 
 set [1153/1279] : TRAV1-1 - 4603 variants...
     -reading in genotypes, computing gene-based tests and building masks...done (5470ms) 
     -computing association tests...done (19ms) 
     -computing joint association tests...done (0ms) 
 set [1154/1279] : TRAV11 - 1715 variants...
     -reading in genotypes, computing gene-based tests and building masks...done (2358ms) 
     -computing association tests...done (11ms) 
     -computing joint association tests...done (0ms) 
 set [1155/1279] : TRAV12-1 - 2632 variants...
     -reading in genotypes, computing gene-based tests and building masks...done (4789ms) 
     -computing association tests...done (22ms) 
     -computing joint association tests...done (0ms) 
 set [1156/1279] : TRAV1-2 - 4866 variants...
     -reading in genotypes, computing gene-based tests and building masks...done (16406ms) 
     -computing association tests...done (55ms) 
     -computing joint association tests...done (0ms) 
 set [1157/1279] : TRAV12-2 - 3007 variants...
     -reading in genotypes, computing gene-based tests and building masks...done (5613ms) 
     -computing association tests...done (99ms) 
     -computing joint association tests...done (0ms) 
 set [1158/1279] : TRAV12-3 - 4861 variants...
     -reading in genotypes, computing gene-based tests and building masks...done (8896ms) 
     -computing association tests...done (15ms) 
     -computing joint association tests...done (0ms) 
 set [1159/1279] : TRAV13-1 - 4325 variants...
     -reading in genotypes, computing gene-based tests and building masks...done (4630ms) 
     -computing association tests...done (16ms) 
     -computing joint association tests...done (0ms) 
 set [1160/1279] : TRAV13-2 - 2371 variants...
     -reading in genotypes, computing gene-based tests and building masks...done (12219ms) 
     -computing association tests...done (60ms) 
     -computing joint association tests...done (0ms) 
 set [1161/1279] : TRAV14DV4 - 4519 variants...
     -reading in genotypes, computing gene-based tests and building masks...done (4717ms) 
     -computing association tests...done (13ms) 
     -computing joint association tests...done (4ms) 
 set [1162/1279] : TRAV15 - 3826 variants...
     -reading in genotypes, computing gene-based tests and building masks...done (3507ms) 
     -computing association tests...done (17ms) 
     -computing joint association tests...done (0ms) 
 set [1163/1279] : TRAV16 - 3024 variants...
     -reading in genotypes, computing gene-based tests and building masks...done (8165ms) 
     -computing association tests...done (37ms) 
     -computing joint association tests...done (0ms) 
 set [1164/1279] : TRAV17 - 2463 variants...
     -reading in genotypes, computing gene-based tests and building masks...done (3893ms) 
     -computing association tests...done (12ms) 
     -computing joint association tests...done (0ms) 
 set [1165/1279] : TRAV18 - 2266 variants...
     -reading in genotypes, computing gene-based tests and building masks...done (3354ms) 
     -computing association tests...done (17ms) 
     -computing joint association tests...done (0ms) 
 set [1166/1279] : TRAV19 - 4573 variants...
     -reading in genotypes, computing gene-based tests and building masks...done (6009ms) 
     -computing association tests...done (17ms) 
     -computing joint association tests...done (0ms) 
 set [1167/1279] : TRAV20 - 4676 variants...
     -reading in genotypes, computing gene-based tests and building masks...done (5475ms) 
     -computing association tests...done (21ms) 
     -computing joint association tests...done (0ms) 
 set [1168/1279] : TRAV21 - 5040 variants...
     -reading in genotypes, computing gene-based tests and building masks...done (6855ms) 
     -computing association tests...done (14ms) 
     -computing joint association tests...done (0ms) 
 set [1169/1279] : TRAV2 - 4141 variants...
     -reading in genotypes, computing gene-based tests and building masks...done (9177ms) 
     -computing association tests...done (13ms) 
     -computing joint association tests...done (0ms) 
 set [1170/1279] : TRAV22 - 4632 variants...
     -reading in genotypes, computing gene-based tests and building masks...done (5150ms) 
     -computing association tests...done (10ms) 
     -computing joint association tests...done (0ms) 
 set [1171/1279] : TRAV23DV6 - 4210 variants...
     -reading in genotypes, computing gene-based tests and building masks...done (4692ms) 
     -computing association tests...done (14ms) 
     -computing joint association tests...done (0ms) 
 set [1172/1279] : TRAV24 - 2948 variants...
     -reading in genotypes, computing gene-based tests and building masks...done (3945ms) 
     -computing association tests...done (17ms) 
     -computing joint association tests...done (0ms) 
 set [1173/1279] : TRAV25 - 6282 variants...
     -reading in genotypes, computing gene-based tests and building masks...done (10212ms) 
     -computing association tests...done (26ms) 
     -computing joint association tests...done (0ms) 
 set [1174/1279] : TRAV26-1 - 4098 variants...
     -reading in genotypes, computing gene-based tests and building masks...done (6025ms) 
     -computing association tests...done (80ms) 
     -computing joint association tests...done (0ms) 
 set [1175/1279] : TRAV26-2 - 2483 variants...
     -reading in genotypes, computing gene-based tests and building masks...done (9051ms) 
     -computing association tests...done (18ms) 
     -computing joint association tests...done (0ms) 
 set [1176/1279] : TRAV27 - 4969 variants...
     -reading in genotypes, computing gene-based tests and building masks...done (5782ms) 
     -computing association tests...done (70ms) 
     -computing joint association tests...done (0ms) 
 set [1177/1279] : TRAV28 - 2101 variants...
     -reading in genotypes, computing gene-based tests and building masks...done (3203ms) 
     -computing association tests...done (9ms) 
     -computing joint association tests...done (0ms) 
 set [1178/1279] : TRAV29DV5 - 2924 variants...
     -reading in genotypes, computing gene-based tests and building masks...done (5235ms) 
     -computing association tests...done (17ms) 
     -computing joint association tests...done (0ms) 
 set [1179/1279] : TRAV30 - 4569 variants...
     -reading in genotypes, computing gene-based tests and building masks...done (5662ms) 
     -computing association tests...done (60ms) 
     -computing joint association tests...done (0ms) 
 set [1180/1279] : TRAV31 - 2797 variants...
     -reading in genotypes, computing gene-based tests and building masks...done (4165ms) 
     -computing association tests...done (19ms) 
     -computing joint association tests...done (0ms) 
 set [1181/1279] : TRAV3 - 4910 variants...
     -reading in genotypes, computing gene-based tests and building masks...done (9044ms) 
     -computing association tests...done (49ms) 
     -computing joint association tests...done (0ms) 
 set [1182/1279] : TRAV32 - 2531 variants...
     -reading in genotypes, computing gene-based tests and building masks...done (4941ms) 
     -computing association tests...done (48ms) 
     -computing joint association tests...done (0ms) 
 set [1183/1279] : TRAV33 - 2983 variants...
     -reading in genotypes, computing gene-based tests and building masks...done (6772ms) 
     -computing association tests...done (15ms) 
     -computing joint association tests...done (0ms) 
 set [1184/1279] : TRAV34 - 4130 variants...
     -reading in genotypes, computing gene-based tests and building masks...done (6043ms) 
     -computing association tests...done (13ms) 
     -computing joint association tests...done (0ms) 
 set [1185/1279] : TRAV36DV7 - 4658 variants...
     -reading in genotypes, computing gene-based tests and building masks...done (6196ms) 
     -computing association tests...done (66ms) 
     -computing joint association tests...done (0ms) 
 set [1186/1279] : TRAV37 - 148 variants...
     -reading in genotypes, computing gene-based tests and building masks...done (746ms) 
     -computing association tests...done (16ms) 
     -computing joint association tests...done (0ms) 
 set [1187/1279] : TRAV38-1 - 4081 variants...
     -reading in genotypes, computing gene-based tests and building masks...done (4702ms) 
     -computing association tests...done (66ms) 
     -computing joint association tests...done (0ms) 
 set [1188/1279] : TRAV38-2DV8 - 4752 variants...
     -reading in genotypes, computing gene-based tests and building masks...done (5449ms) 
     -computing association tests...done (15ms) 
     -computing joint association tests...done (0ms) 
 set [1189/1279] : TRAV39 - 4654 variants...
     -reading in genotypes, computing gene-based tests and building masks...done (7337ms) 
     -computing association tests...done (68ms) 
     -computing joint association tests...done (0ms) 
 set [1190/1279] : TRAV40 - 2647 variants...
     -reading in genotypes, computing gene-based tests and building masks...done (4476ms) 
     -computing association tests...done (71ms) 
     -computing joint association tests...done (0ms) 
 set [1191/1279] : TRAV41 - 4686 variants...
     -reading in genotypes, computing gene-based tests and building masks...done (4889ms) 
     -computing association tests...done (30ms) 
     -computing joint association tests...done (0ms) 
 set [1192/1279] : TRAV4 - 4490 variants...
     -reading in genotypes, computing gene-based tests and building masks...done (6235ms) 
     -computing association tests...done (19ms) 
     -computing joint association tests...done (0ms) 
 set [1193/1279] : TRAV5 - 4130 variants...
     -reading in genotypes, computing gene-based tests and building masks...done (5233ms) 
     -computing association tests...done (87ms) 
     -computing joint association tests...done (0ms) 
 set [1194/1279] : TRAV6 - 4361 variants...
     -reading in genotypes, computing gene-based tests and building masks...done (8709ms) 
     -computing association tests...done (71ms) 
     -computing joint association tests...done (0ms) 
 set [1195/1279] : TRAV7 - 4247 variants...
     -reading in genotypes, computing gene-based tests and building masks...done (6836ms) 
     -computing association tests...done (26ms) 
     -computing joint association tests...done (0ms) 
 set [1196/1279] : TRAV8-1 - 4179 variants...
     -reading in genotypes, computing gene-based tests and building masks...done (4722ms) 
     -computing association tests...done (60ms) 
     -computing joint association tests...done (0ms) 
 set [1197/1279] : TRAV8-2 - 2506 variants...
     -reading in genotypes, computing gene-based tests and building masks...done (4752ms) 
     -computing association tests...done (7ms) 
     -computing joint association tests...done (0ms) 
 set [1198/1279] : TRAV8-3 - 3894 variants...
     -reading in genotypes, computing gene-based tests and building masks...done (6033ms) 
     -computing association tests...done (23ms) 
     -computing joint association tests...done (0ms) 
 set [1199/1279] : TRAV8-4 - 5723 variants...
     -reading in genotypes, computing gene-based tests and building masks...done (6364ms) 
     -computing association tests...done (16ms) 
     -computing joint association tests...done (0ms) 
 set [1200/1279] : TRAV8-5 - 4513 variants...
     -reading in genotypes, computing gene-based tests and building masks...done (5618ms) 
     -computing association tests...done (12ms) 
     -computing joint association tests...done (16ms) 
 set [1201/1279] : TRAV8-6 - 5107 variants...
     -reading in genotypes, computing gene-based tests and building masks...done (6213ms) 
     -computing association tests...done (19ms) 
     -computing joint association tests...done (0ms) 
 set [1202/1279] : TRAV8-7 - 4659 variants...
     -reading in genotypes, computing gene-based tests and building masks...done (6503ms) 
     -computing association tests...done (74ms) 
     -computing joint association tests...done (0ms) 
 set [1203/1279] : TRAV9-1 - 4534 variants...
     -reading in genotypes, computing gene-based tests and building masks...done (5612ms) 
     -computing association tests...done (39ms) 
     -computing joint association tests...done (0ms) 
 set [1204/1279] : TRAV9-2 - 4673 variants...
     -reading in genotypes, computing gene-based tests and building masks...done (6095ms) 
     -computing association tests...done (62ms) 
     -computing joint association tests...done (0ms) 
 set [1205/1279] : TRD-AS1 - 73433 variants...
     -reading in genotypes, computing gene-based tests and building masks...done (110564ms) 
     -computing association tests...done (29ms) 
     -computing joint association tests...done (0ms) 
 set [1206/1279] : TRDC - 4704 variants...
     -reading in genotypes, computing gene-based tests and building masks...done (5084ms) 
     -computing association tests...done (74ms) 
     -computing joint association tests...done (0ms) 
 set [1207/1279] : TRDD1 - 209 variants...
     -reading in genotypes, computing gene-based tests and building masks...done (499ms) 
     -computing association tests...done (12ms) 
     -computing joint association tests...done (0ms) 
 set [1208/1279] : TRDD2 - 4620 variants...
     -reading in genotypes, computing gene-based tests and building masks...done (10424ms) 
     -computing association tests...done (14ms) 
     -computing joint association tests...done (0ms) 
 set [1209/1279] : TRDD3 - 530 variants...
     -reading in genotypes, computing gene-based tests and building masks...done (1373ms) 
     -computing association tests...done (10ms) 
     -computing joint association tests...done (0ms) 
 set [1210/1279] : TRDJ1 - 2359 variants...
     -reading in genotypes, computing gene-based tests and building masks...done (4252ms) 
     -computing association tests...done (15ms) 
     -computing joint association tests...done (0ms) 
 set [1211/1279] : TRDJ2 - 1125 variants...
     -reading in genotypes, computing gene-based tests and building masks...done (3404ms) 
     -computing association tests...done (19ms) 
     -computing joint association tests...done (0ms) 
 set [1212/1279] : TRDJ3 - 1808 variants...
     -reading in genotypes, computing gene-based tests and building masks...done (3894ms) 
     -computing association tests...done (45ms) 
     -computing joint association tests...done (0ms) 
 set [1213/1279] : TRDJ4 - 693 variants...
     -reading in genotypes, computing gene-based tests and building masks...done (2117ms) 
     -computing association tests...done (12ms) 
     -computing joint association tests...done (1ms) 
 set [1214/1279] : TRDV1 - 4329 variants...
     -reading in genotypes, computing gene-based tests and building masks...done (5567ms) 
     -computing association tests...done (15ms) 
     -computing joint association tests...done (0ms) 
 set [1215/1279] : TRDV2 - 4861 variants...
     -reading in genotypes, computing gene-based tests and building masks...done (5715ms) 
     -computing association tests...done (17ms) 
     -computing joint association tests...done (0ms) 
 set [1216/1279] : TRDV3 - 2649 variants...
     -reading in genotypes, computing gene-based tests and building masks...done (5955ms) 
     -computing association tests...done (57ms) 
     -computing joint association tests...done (0ms) 
 set [1217/1279] : TRIM9 - 49784 variants...
     -reading in genotypes, computing gene-based tests and building masks...done (60111ms) 
     -computing association tests...done (65ms) 
     -computing joint association tests...done (0ms) 
 set [1218/1279] : TRIP11 - 35629 variants...
     -reading in genotypes, computing gene-based tests and building masks...done (49840ms) 
     -computing association tests...done (19ms) 
     -computing joint association tests...done (0ms) 
 set [1219/1279] : TRMT5 - 4052 variants...
     -reading in genotypes, computing gene-based tests and building masks...done (8007ms) 
     -computing association tests...done (12ms) 
     -computing joint association tests...done (0ms) 
 set [1220/1279] : TRMT61A - 6497 variants...
     -reading in genotypes, computing gene-based tests and building masks...done (12297ms) 
     -computing association tests...done (14ms) 
     -computing joint association tests...done (0ms) 
 set [1221/1279] : TSHR - 82442 variants...
     -reading in genotypes, computing gene-based tests and building masks...done (120858ms) 
     -computing association tests...done (89ms) 
     -computing joint association tests...done (0ms) 
 set [1222/1279] : TSSK4 - 2531 variants...
     -reading in genotypes, computing gene-based tests and building masks...done (8341ms) 
     -computing association tests...done (10ms) 
     -computing joint association tests...done (0ms) 
 set [1223/1279] : TTC5 - 24020 variants...
     -reading in genotypes, computing gene-based tests and building masks...done (43538ms) 
     -computing association tests...done (18ms) 
     -computing joint association tests...done (0ms) 
 set [1224/1279] : TTC6 - 168008 variants...
     -reading in genotypes, computing gene-based tests and building masks...done (386395ms) 
     -computing association tests...done (30ms) 
     -computing joint association tests...done (0ms) 
 set [1225/1279] : TTC7B - 119427 variants...
     -reading in genotypes, computing gene-based tests and building masks...done (216994ms) 
     -computing association tests...done (62ms) 
     -computing joint association tests...done (0ms) 
 set [1226/1279] : TTC8 - 25992 variants...
     -reading in genotypes, computing gene-based tests and building masks...done (25440ms) 
     -computing association tests...done (17ms) 
     -computing joint association tests...done (0ms) 
 set [1227/1279] : TTC9 - 17681 variants...
     -reading in genotypes, computing gene-based tests and building masks...done (24687ms) 
     -computing association tests...done (50ms) 
     -computing joint association tests...done (0ms) 
 set [1228/1279] : TTC9-DT - 14032 variants...
     -reading in genotypes, computing gene-based tests and building masks...done (49750ms) 
     -computing association tests...done (33ms) 
     -computing joint association tests...done (0ms) 
 set [1229/1279] : TTLL5 - 117209 variants...
     -reading in genotypes, computing gene-based tests and building masks...done (193854ms) 
     -computing association tests...done (83ms) 
     -computing joint association tests...done (19ms) 
 set [1230/1279] : TUBBP3 - 375 variants...
     -reading in genotypes, computing gene-based tests and building masks...done (1771ms) 
     -computing association tests...done (12ms) 
     -computing joint association tests...done (0ms) 
 set [1231/1279] : TUNAR - 27197 variants...
     -reading in genotypes, computing gene-based tests and building masks...done (37277ms) 
     -computing association tests...done (51ms) 
     -computing joint association tests...done (1ms) 
 set [1232/1279] : TXNDC16 - 60390 variants...
     -reading in genotypes, computing gene-based tests and building masks...done (193182ms) 
     -computing association tests...done (46ms) 
     -computing joint association tests...done (0ms) 
 set [1233/1279] : U2 - 34 variants...
     -reading in genotypes, computing gene-based tests and building masks...done (656ms) 
     -computing association tests...done (1ms) 
     -computing joint association tests...done (0ms) 
 set [1234/1279] : U3 - 103 variants...
     -reading in genotypes, computing gene-based tests and building masks...done (391ms) 
     -computing association tests...done (13ms) 
     -computing joint association tests...done (18ms) 
 set [1235/1279] : U6 - 5338 variants...
     -reading in genotypes, computing gene-based tests and building masks...done (12180ms) 
     -computing association tests...done (18ms) 
     -computing joint association tests...done (0ms) 
 set [1236/1279] : UBE2NP1 - 4070 variants...
     -reading in genotypes, computing gene-based tests and building masks...done (3899ms) 
     -computing association tests...done (22ms) 
     -computing joint association tests...done (0ms) 
 set [1237/1279] : UBR7 - 10887 variants...
     -reading in genotypes, computing gene-based tests and building masks...done (10411ms) 
     -computing association tests...done (19ms) 
     -computing joint association tests...done (0ms) 
 set [1238/1279] : UNC79 - 138969 variants...
     -reading in genotypes, computing gene-based tests and building masks...done (265393ms) 
     -computing association tests...done (104ms) 
     -computing joint association tests...done (0ms) 
 set [1239/1279] : UNGP3 - 446 variants...
     -reading in genotypes, computing gene-based tests and building masks...done (4346ms) 
     -computing association tests...done (3ms) 
     -computing joint association tests...done (0ms) 
 set [1240/1279] : VASH1 - 13106 variants...
     -reading in genotypes, computing gene-based tests and building masks...done (26887ms) 
     -computing association tests...done (16ms) 
     -computing joint association tests...done (0ms) 
 set [1241/1279] : VASH1-DT - 13362 variants...
     -reading in genotypes, computing gene-based tests and building masks...done (16084ms) 
     -computing association tests...done (48ms) 
     -computing joint association tests...done (0ms) 
 set [1242/1279] : VCPKMT - 7441 variants...
     -reading in genotypes, computing gene-based tests and building masks...done (8991ms) 
     -computing association tests...done (20ms) 
     -computing joint association tests...done (0ms) 
 set [1243/1279] : VDAC3P1 - 4482 variants...
     -reading in genotypes, computing gene-based tests and building masks...done (16106ms) 
     -computing association tests...done (12ms) 
     -computing joint association tests...done (0ms) 
 set [1244/1279] : VESTAR - 5454 variants...
     -reading in genotypes, computing gene-based tests and building masks...done (16358ms) 
     -computing association tests...done (15ms) 
     -computing joint association tests...done (0ms) 
 set [1245/1279] : VIPAS39 - 11761 variants...
     -reading in genotypes, computing gene-based tests and building masks...done (11043ms) 
     -computing association tests...done (74ms) 
     -computing joint association tests...done (0ms) 
 set [1246/1279] : VRK1 - 67806 variants...
     -reading in genotypes, computing gene-based tests and building masks...done (76375ms) 
     -computing association tests...done (24ms) 
     -computing joint association tests...done (8ms) 
 set [1247/1279] : VRTN - 13629 variants...
     -reading in genotypes, computing gene-based tests and building masks...done (17866ms) 
     -computing association tests...done (60ms) 
     -computing joint association tests...done (0ms) 
 set [1248/1279] : VSX2 - 17105 variants...
     -reading in genotypes, computing gene-based tests and building masks...done (18628ms) 
     -computing association tests...done (65ms) 
     -computing joint association tests...done (0ms) 
 set [1249/1279] : VTI1B - 11687 variants...
     -reading in genotypes, computing gene-based tests and building masks...done (27110ms) 
     -computing association tests...done (82ms) 
     -computing joint association tests...done (0ms) 
 set [1250/1279] : WARS1 - 22864 variants...
     -reading in genotypes, computing gene-based tests and building masks...done (28681ms) 
     -computing association tests...done (18ms) 
     -computing joint association tests...done (0ms) 
 set [1251/1279] : WDHD1 - 41217 variants...
     -reading in genotypes, computing gene-based tests and building masks...done (48451ms) 
     -computing association tests...done (65ms) 
     -computing joint association tests...done (0ms) 
 set [1252/1279] : WDR20 - 43528 variants...
     -reading in genotypes, computing gene-based tests and building masks...done (60710ms) 
     -computing association tests...done (27ms) 
     -computing joint association tests...done (0ms) 
 set [1253/1279] : WDR25 - 60445 variants...
     -reading in genotypes, computing gene-based tests and building masks...done (67477ms) 
     -computing association tests...done (89ms) 
     -computing joint association tests...done (0ms) 
 set [1254/1279] : WDR89 - 25233 variants...
     -reading in genotypes, computing gene-based tests and building masks...done (26237ms) 
     -computing association tests...done (17ms) 
     -computing joint association tests...done (0ms) 
 set [1255/1279] : XRCC3 - 11466 variants...
     -reading in genotypes, computing gene-based tests and building masks...done (17791ms) 
     -computing association tests...done (13ms) 
     -computing joint association tests...done (0ms) 
 set [1256/1279] : YBX1P1 - 526 variants...
     -reading in genotypes, computing gene-based tests and building masks...done (1509ms) 
     -computing association tests...done (10ms) 
     -computing joint association tests...done (0ms) 
 set [1257/1279] : YLPM1 - 36463 variants...
     -reading in genotypes, computing gene-based tests and building masks...done (37245ms) 
     -computing association tests...done (69ms) 
     -computing joint association tests...done (0ms) 
 set [1258/1279] : Y_RNA - 17437 variants...
     -reading in genotypes, computing gene-based tests and building masks...done (34203ms) 
     -computing association tests...done (18ms) 
     -computing joint association tests...done (0ms) 
 set [1259/1279] : YTHDF2P1 - 483 variants...
     -reading in genotypes, computing gene-based tests and building masks...done (736ms) 
     -computing association tests...done (13ms) 
     -computing joint association tests...done (0ms) 
 set [1260/1279] : YWHAQP1 - 5096 variants...
     -reading in genotypes, computing gene-based tests and building masks...done (4468ms) 
     -computing association tests...done (13ms) 
     -computing joint association tests...done (0ms) 
 set [1261/1279] : YWHAZP1 - 318 variants...
     -reading in genotypes, computing gene-based tests and building masks...done (453ms) 
     -computing association tests...done (5ms) 
     -computing joint association tests...done (0ms) 
 set [1262/1279] : YY1 - 27810 variants...
     -reading in genotypes, computing gene-based tests and building masks...done (36089ms) 
     -computing association tests...done (40ms) 
     -computing joint association tests...done (0ms) 
 set [1263/1279] : YY1-DT - 15316 variants...
     -reading in genotypes, computing gene-based tests and building masks...done (18097ms) 
     -computing association tests...done (17ms) 
     -computing joint association tests...done (0ms) 
 set [1264/1279] : ZBTB1 - 9245 variants...
     -reading in genotypes, computing gene-based tests and building masks...done (24279ms) 
     -computing association tests...done (54ms) 
     -computing joint association tests...done (0ms) 
 set [1265/1279] : ZBTB25 - 15049 variants...
     -reading in genotypes, computing gene-based tests and building masks...done (16851ms) 
     -computing association tests...done (88ms) 
     -computing joint association tests...done (0ms) 
 set [1266/1279] : ZBTB42 - 5591 variants...
     -reading in genotypes, computing gene-based tests and building masks...done (18778ms) 
     -computing association tests...done (62ms) 
     -computing joint association tests...done (0ms) 
 set [1267/1279] : ZC2HC1C - 2040 variants...
     -reading in genotypes, computing gene-based tests and building masks...done (3514ms) 
     -computing association tests...done (50ms) 
     -computing joint association tests...done (0ms) 
 set [1268/1279] : ZC3H14 - 33985 variants...
     -reading in genotypes, computing gene-based tests and building masks...done (59520ms) 
     -computing association tests...done (54ms) 
     -computing joint association tests...done (0ms) 
 set [1269/1279] : ZDHHC22 - 8234 variants...
     -reading in genotypes, computing gene-based tests and building masks...done (11205ms) 
     -computing association tests...done (102ms) 
     -computing joint association tests...done (0ms) 
 set [1270/1279] : ZFHX2 - 14345 variants...
     -reading in genotypes, computing gene-based tests and building masks...done (19054ms) 
     -computing association tests...done (32ms) 
     -computing joint association tests...done (0ms) 
 set [1271/1279] : ZFHX2-AS1 - 3344 variants...
     -reading in genotypes, computing gene-based tests and building masks...done (3396ms) 
     -computing association tests...done (60ms) 
     -computing joint association tests...done (0ms) 
 set [1272/1279] : ZFP36L1 - 7529 variants...
     -reading in genotypes, computing gene-based tests and building masks...done (15019ms) 
     -computing association tests...done (73ms) 
     -computing joint association tests...done (0ms) 
 set [1273/1279] : ZFP64P1 - 6011 variants...
     -reading in genotypes, computing gene-based tests and building masks...done (8263ms) 
     -computing association tests...done (19ms) 
     -computing joint association tests...done (0ms) 
 set [1274/1279] : ZFYVE1 - 31772 variants...
     -reading in genotypes, computing gene-based tests and building masks...done (34614ms) 
     -computing association tests...done (77ms) 
     -computing joint association tests...done (0ms) 
 set [1275/1279] : ZFYVE21 - 8598 variants...
     -reading in genotypes, computing gene-based tests and building masks...done (9547ms) 
     -computing association tests...done (15ms) 
     -computing joint association tests...done (0ms) 
 set [1276/1279] : ZFYVE26 - 32059 variants...
     -reading in genotypes, computing gene-based tests and building masks...done (32269ms) 
     -computing association tests...done (28ms) 
     -computing joint association tests...done (0ms) 
 set [1277/1279] : ZNF219 - 8483 variants...
     -reading in genotypes, computing gene-based tests and building masks...done (8523ms) 
     -computing association tests...done (17ms) 
     -computing joint association tests...done (0ms) 
 set [1278/1279] : ZNF410 - 19153 variants...
     -reading in genotypes, computing gene-based tests and building masks...done (24512ms) 
     -computing association tests...done (37ms) 
     -computing joint association tests...done (0ms) 
 set [1279/1279] : ZNF839 - 16562 variants...
     -reading in genotypes, computing gene-based tests and building masks...done (21315ms) 
     -computing association tests...done (21ms) 
     -computing joint association tests...done (0ms) 

Association results stored separately for each trait in files : 
* [/share/home/lsy_luzhen/WGS_GWAS_and_MR/tmp_ssh_data/GWAS_european/gene_based/testing_results/step2_gb_euro_cin3plus_chr14_CIN3plus.regenie]

Number of tests with Firth correction : 1499
Number of failed tests : (0/1499)
Number of ignored tests due to low MAC : 0

Elapsed time : 60833.6s
End time: Sun Sep  7 22:20:12 2025

--------done
end at:
Sun Sep  7 22:20:38 CST 2025
