start at:
Sun Sep  7 05:21:12 CST 2025
This directory already exists.
regenie version:
v4.1.gz
--------start
Start time: Sun Sep  7 05:22:37 2025

              |===========================|
              |      REGENIE v4.1.gz      |
              |===========================|

Copyright (c) 2020-2024 Joelle Mbatchou, Andrey Ziyatdinov and Jonathan Marchini.
Distributed under the MIT License.
Compiled with Boost Iostream library.
Using Intel MKL with Eigen.

Log of output saved in file : /share/home/lsy_luzhen/WGS_GWAS_and_MR/tmp_ssh_data/GWAS_european/gene_based/testing_results/step2_gb_euro_cin3plus_chr13.log

Options in effect:
  --step 2 \
  --pgen /share/home/lsy_luzhen/WGS_GWAS_and_MR/tmp_ssh_data/GWAS_european/gene_based/EuroPrePCA_ref38_rsID \
  --chr 13 \
  --phenoFile /share/home/lsy_luzhen/WGS_GWAS_and_MR/tmp_ssh_data/GWAS_european/T002_CIN3plus_phenotype.txt \
  --bt \
  --covarFile /share/home/lsy_luzhen/WGS_GWAS_and_MR/tmp_ssh_data/GWAS_european/T002_CIN3plus_covars.txt \
  --catCovarList Smoking_status,Alcohol_intake_frequency,Genotype_measurement_batch \
  --strict \
  --bsize 1000 \
  --firth \
  --approx \
  --threads 16 \
  --pred /share/home/lsy_luzhen/WGS_GWAS_and_MR/tmp_ssh_data/GWAS_european/step1/regenie_step1_euro_cin3plus_pred.list \
  --use-null-firth /share/home/lsy_luzhen/WGS_GWAS_and_MR/tmp_ssh_data/GWAS_european/step1/regenie_step1_euro_cin3plus_firth.list \
  --anno-file /share/home/lsy_luzhen/WGS_GWAS_and_MR/tmp_ssh_data/GWAS_european/gene_based/anno_file_unique_filtered.txt \
  --set-list /share/home/lsy_luzhen/WGS_GWAS_and_MR/tmp_ssh_data/GWAS_european/gene_based/set_list_unique_filtered.txt \
  --mask-def /share/home/lsy_luzhen/WGS_GWAS_and_MR/tmp_ssh_data/GWAS_european/gene_based/mask_file.txt \
  --aaf-bins 0.001,0.01,0.05,0.1 \
  --vc-MACthr 10 \
  --joint acat,sbat \
  --vc-tests skato,acato-full \
  --rgc-gene-p \
  --out /share/home/lsy_luzhen/WGS_GWAS_and_MR/tmp_ssh_data/GWAS_european/gene_based/testing_results/step2_gb_euro_cin3plus_chr13

Association testing mode (joint tests) with fast multithreading using OpenMP
 * pvar             : [/share/home/lsy_luzhen/WGS_GWAS_and_MR/tmp_ssh_data/GWAS_european/gene_based/EuroPrePCA_ref38_rsID.pvar] n_snps = 1400147917
 * psam             : [/share/home/lsy_luzhen/WGS_GWAS_and_MR/tmp_ssh_data/GWAS_european/gene_based/EuroPrePCA_ref38_rsID.psam] n_samples = 202952
 * pgen             : [/share/home/lsy_luzhen/WGS_GWAS_and_MR/tmp_ssh_data/GWAS_european/gene_based/EuroPrePCA_ref38_rsID.pgen] 
 * phenotypes       : [/share/home/lsy_luzhen/WGS_GWAS_and_MR/tmp_ssh_data/GWAS_european/T002_CIN3plus_phenotype.txt] n_pheno = 1
   -dropping observations with missing values at any of the phenotypes
   -number of phenotyped individuals with no missing data = 202952
 * covariates       : [/share/home/lsy_luzhen/WGS_GWAS_and_MR/tmp_ssh_data/GWAS_european/T002_CIN3plus_covars.txt] n_cov = 26
   -number of individuals with covariate data = 202952
 * number of individuals used in analysis = 202952
 * case-control counts for each trait:
   - 'CIN3plus': 5544 cases and 197408 controls
 * LOCO predictions : [/share/home/lsy_luzhen/WGS_GWAS_and_MR/tmp_ssh_data/GWAS_european/step1/regenie_step1_euro_cin3plus_pred.list]
   -file [/share/home/lsy_luzhen/WGS_GWAS_and_MR/tmp_ssh_data/GWAS_european/step1/regenie_step1_euro_cin3plus_1.loco] for phenotype 'CIN3plus'
 * annotations      : [/share/home/lsy_luzhen/WGS_GWAS_and_MR/tmp_ssh_data/GWAS_european/gene_based/anno_file_unique_filtered.txt] 
   +number of annotations categories = 6
 * masks            : [/share/home/lsy_luzhen/WGS_GWAS_and_MR/tmp_ssh_data/GWAS_european/gene_based/mask_file.txt] n_masks = 7
 * aaf cutoffs      : [ 4 : 0.001 0.01 0.05 0.1 ] + singletons
 * set file         : [/share/home/lsy_luzhen/WGS_GWAS_and_MR/tmp_ssh_data/GWAS_european/gene_based/set_list_unique_filtered.txt] n_sets = 819
WARNING: Detected 19 sets with variants not in genetic data or annotation files.
 * # threads        : [16]
 * # tested sets    : [819]
 * max block size   : [1000]
 * rule used to build masks : max
 * computing gene-based tests for each set of variants included in a mask (rho=[0,0.01,0.04,0.09,0.16,0.25,0.5,1])
  -variants with MAC <= 10 are collapsed into a mask
  -weights are obtained from Beta(MAF,1,25)
  -list of gene-based tests run: ACATO,ACATV,SKATO,SKATO-ACAT
 * applying ACAT to output overall gene p-value
 * approximate memory usage : 7064GB
 * using minimum MAC of 5 (masks with lower MAC are ignored)
 * using fast Firth correction for logistic/cox regression p-values less than 0.05
 * user specified to test only on select chromosomes
WARNING: Joint SBAT test only for QTs.
 * number of mask groups run through gene-p strategy = 2
 * list of joint tests run on burden masks: ACAT

Chromosome 13 [819 sets in total]
   -reading loco predictions for the chromosome...done (4629ms) 
   -fitting null logistic regression on binary phenotypes...done (211ms) 
   -fitting null Firth logistic regression on binary phenotypes...done (2281ms) 
 set [1/819] : ABCC4 - 130217 variants...
     -reading in genotypes, computing gene-based tests and building masks...done (187995ms) 
     -computing association tests...done (20ms) 
     -computing joint association tests...done (0ms) 
 set [2/819] : ABHD13 - 9172 variants...
     -reading in genotypes, computing gene-based tests and building masks...done (7794ms) 
     -computing association tests...done (9ms) 
     -computing joint association tests...done (0ms) 
 set [3/819] : ACOD1 - 8310 variants...
     -reading in genotypes, computing gene-based tests and building masks...done (10512ms) 
     -computing association tests...done (45ms) 
     -computing joint association tests...done (0ms) 
 set [4/819] : ADPRHL1 - 41924 variants...
     -reading in genotypes, computing gene-based tests and building masks...done (58720ms) 
     -computing association tests...done (64ms) 
     -computing joint association tests...done (0ms) 
 set [5/819] : AKAP11 - 23933 variants...
     -reading in genotypes, computing gene-based tests and building masks...done (20117ms) 
     -computing association tests...done (52ms) 
     -computing joint association tests...done (0ms) 
 set [6/819] : ALG11 - 1337 variants...
     -reading in genotypes, computing gene-based tests and building masks...done (4790ms) 
     -computing association tests...done (18ms) 
     -computing joint association tests...done (0ms) 
 set [7/819] : ALG5 - 22052 variants...
     -reading in genotypes, computing gene-based tests and building masks...done (15950ms) 
     -computing association tests...done (46ms) 
     -computing joint association tests...done (0ms) 
 set [8/819] : ALOX5AP - 26409 variants...
     -reading in genotypes, computing gene-based tests and building masks...done (20462ms) 
     -computing association tests...done (10ms) 
     -computing joint association tests...done (0ms) 
 set [9/819] : AMER2 - 11379 variants...
     -reading in genotypes, computing gene-based tests and building masks...done (25047ms) 
     -computing association tests...done (12ms) 
     -computing joint association tests...done (0ms) 
 set [10/819] : ANKRD10 - 23480 variants...
     -reading in genotypes, computing gene-based tests and building masks...done (17697ms) 
     -computing association tests...done (10ms) 
     -computing joint association tests...done (0ms) 
 set [11/819] : ANKRD20A10P - 627 variants...
     -reading in genotypes, computing gene-based tests and building masks...done (742ms) 
     -computing association tests...done (9ms) 
     -computing joint association tests...done (0ms) 
 set [12/819] : ANKRD20A9P - 25383 variants...
     -reading in genotypes, computing gene-based tests and building masks...done (20309ms) 
     -computing association tests...done (51ms) 
     -computing joint association tests...done (0ms) 
 set [13/819] : ANKRD26P2 - 9893 variants...
     -reading in genotypes, computing gene-based tests and building masks...done (7382ms) 
     -computing association tests...done (10ms) 
     -computing joint association tests...done (0ms) 
 set [14/819] : ANKRD26P3 - 40437 variants...
     -reading in genotypes, computing gene-based tests and building masks...done (35558ms) 
     -computing association tests...done (13ms) 
     -computing joint association tests...done (0ms) 
 set [15/819] : ARF4P4 - 201 variants...
     -reading in genotypes, computing gene-based tests and building masks...done (355ms) 
     -computing association tests...done (7ms) 
     -computing joint association tests...done (0ms) 
 set [16/819] : ARGLU1 - 17203 variants...
     -reading in genotypes, computing gene-based tests and building masks...done (16612ms) 
     -computing association tests...done (53ms) 
     -computing joint association tests...done (0ms) 
 set [17/819] : ARGLU1-DT - 60041 variants...
     -reading in genotypes, computing gene-based tests and building masks...done (50814ms) 
     -computing association tests...done (12ms) 
     -computing joint association tests...done (0ms) 
 set [18/819] : ARHGEF7 - 90866 variants...
     -reading in genotypes, computing gene-based tests and building masks...done (119582ms) 
     -computing association tests...done (56ms) 
     -computing joint association tests...done (0ms) 
 set [19/819] : ARHGEF7-AS2 - 880 variants...
     -reading in genotypes, computing gene-based tests and building masks...done (821ms) 
     -computing association tests...done (2ms) 
     -computing joint association tests...done (0ms) 
 set [20/819] : ARL11 - 5812 variants...
     -reading in genotypes, computing gene-based tests and building masks...done (5121ms) 
     -computing association tests...done (12ms) 
     -computing joint association tests...done (0ms) 
 set [21/819] : ARL2BPP3 - 81 variants...
     -reading in genotypes, computing gene-based tests and building masks...done (5219ms) 
     -computing association tests...done (0ms) 
     -computing joint association tests...done (0ms) 
 set [22/819] : ASNSP3 - 424 variants...
     -reading in genotypes, computing gene-based tests and building masks...done (2742ms) 
     -computing association tests...done (1ms) 
     -computing joint association tests...done (0ms) 
 set [23/819] : ATP11A - 127584 variants...
     -reading in genotypes, computing gene-based tests and building masks...done (395003ms) 
     -computing association tests...done (58ms) 
     -computing joint association tests...done (0ms) 
 set [24/819] : ATP11AUN - 26149 variants...
     -reading in genotypes, computing gene-based tests and building masks...done (29245ms) 
     -computing association tests...done (14ms) 
     -computing joint association tests...done (0ms) 
 set [25/819] : ATP12A - 19433 variants...
     -reading in genotypes, computing gene-based tests and building masks...done (23664ms) 
     -computing association tests...done (58ms) 
     -computing joint association tests...done (0ms) 
 set [26/819] : ATP4B - 6798 variants...
     -reading in genotypes, computing gene-based tests and building masks...done (9713ms) 
     -computing association tests...done (13ms) 
     -computing joint association tests...done (0ms) 
 set [27/819] : ATP5F1EP2 - 49 variants...
     -reading in genotypes, computing gene-based tests and building masks...done (1661ms) 
     -computing association tests...done (0ms) 
     -computing joint association tests...done (0ms) 
 set [28/819] : ATP5MC1P5 - 153 variants...
     -reading in genotypes, computing gene-based tests and building masks...done (212ms) 
     -computing association tests...done (2ms) 
     -computing joint association tests...done (0ms) 
 set [29/819] : ATP6V1G1P7 - 4577 variants...
     -reading in genotypes, computing gene-based tests and building masks...done (5446ms) 
     -computing association tests...done (9ms) 
     -computing joint association tests...done (0ms) 
 set [30/819] : ATP7B - 39194 variants...
     -reading in genotypes, computing gene-based tests and building masks...done (36197ms) 
     -computing association tests...done (19ms) 
     -computing joint association tests...done (0ms) 
 set [31/819] : ATP8A2 - 283115 variants...
     -reading in genotypes, computing gene-based tests and building masks...done (620885ms) 
     -computing association tests...done (64ms) 
     -computing joint association tests...done (0ms) 
 set [32/819] : ATP8A2P2 - 4336 variants...
     -reading in genotypes, computing gene-based tests and building masks...done (6841ms) 
     -computing association tests...done (9ms) 
     -computing joint association tests...done (0ms) 
 set [33/819] : ATP8A2P3 - 30502 variants...
     -reading in genotypes, computing gene-based tests and building masks...done (21976ms) 
     -computing association tests...done (10ms) 
     -computing joint association tests...done (0ms) 
 set [34/819] : ATXN8OS - 25889 variants...
     -reading in genotypes, computing gene-based tests and building masks...done (22148ms) 
     -computing association tests...done (42ms) 
     -computing joint association tests...done (0ms) 
 set [35/819] : AZU1P1 - 203 variants...
     -reading in genotypes, computing gene-based tests and building masks...done (286ms) 
     -computing association tests...done (6ms) 
     -computing joint association tests...done (0ms) 
 set [36/819] : B3GLCT - 68763 variants...
     -reading in genotypes, computing gene-based tests and building masks...done (87796ms) 
     -computing association tests...done (24ms) 
     -computing joint association tests...done (0ms) 
 set [37/819] : BASP1P1 - 416 variants...
     -reading in genotypes, computing gene-based tests and building masks...done (644ms) 
     -computing association tests...done (44ms) 
     -computing joint association tests...done (0ms) 
 set [38/819] : BCAS2P3 - 4469 variants...
     -reading in genotypes, computing gene-based tests and building masks...done (2965ms) 
     -computing association tests...done (10ms) 
     -computing joint association tests...done (0ms) 
 set [39/819] : BIVM - 19783 variants...
     -reading in genotypes, computing gene-based tests and building masks...done (12418ms) 
     -computing association tests...done (10ms) 
     -computing joint association tests...done (0ms) 
 set [40/819] : BNIP3P7 - 5142 variants...
     -reading in genotypes, computing gene-based tests and building masks...done (4690ms) 
     -computing association tests...done (9ms) 
     -computing joint association tests...done (0ms) 
 set [41/819] : BORA - 9185 variants...
     -reading in genotypes, computing gene-based tests and building masks...done (11825ms) 
     -computing association tests...done (15ms) 
     -computing joint association tests...done (0ms) 
 set [42/819] : BRCA2 - 29627 variants...
     -reading in genotypes, computing gene-based tests and building masks...done (27979ms) 
     -computing association tests...done (54ms) 
     -computing joint association tests...done (0ms) 
 set [43/819] : BRD7P5 - 688 variants...
     -reading in genotypes, computing gene-based tests and building masks...done (718ms) 
     -computing association tests...done (4ms) 
     -computing joint association tests...done (0ms) 
 set [44/819] : BRK1P2 - 4283 variants...
     -reading in genotypes, computing gene-based tests and building masks...done (5535ms) 
     -computing association tests...done (10ms) 
     -computing joint association tests...done (0ms) 
 set [45/819] : BTF3P11 - 2132 variants...
     -reading in genotypes, computing gene-based tests and building masks...done (1495ms) 
     -computing association tests...done (8ms) 
     -computing joint association tests...done (0ms) 
 set [46/819] : C13orf42 - 31707 variants...
     -reading in genotypes, computing gene-based tests and building masks...done (26776ms) 
     -computing association tests...done (45ms) 
     -computing joint association tests...done (0ms) 
 set [47/819] : C13orf46 - 15099 variants...
     -reading in genotypes, computing gene-based tests and building masks...done (18704ms) 
     -computing association tests...done (52ms) 
     -computing joint association tests...done (0ms) 
 set [48/819] : C1QTNF9 - 10656 variants...
     -reading in genotypes, computing gene-based tests and building masks...done (8827ms) 
     -computing association tests...done (9ms) 
     -computing joint association tests...done (0ms) 
 set [49/819] : C1QTNF9B - 3505 variants...
     -reading in genotypes, computing gene-based tests and building masks...done (4067ms) 
     -computing association tests...done (10ms) 
     -computing joint association tests...done (0ms) 
 set [50/819] : CAB39L - 61219 variants...
     -reading in genotypes, computing gene-based tests and building masks...done (111791ms) 
     -computing association tests...done (16ms) 
     -computing joint association tests...done (0ms) 
 set [51/819] : CALM2P3 - 153 variants...
     -reading in genotypes, computing gene-based tests and building masks...done (306ms) 
     -computing association tests...done (44ms) 
     -computing joint association tests...done (0ms) 
 set [52/819] : CALM2P4 - 5310 variants...
     -reading in genotypes, computing gene-based tests and building masks...done (3554ms) 
     -computing association tests...done (9ms) 
     -computing joint association tests...done (0ms) 
 set [53/819] : CARS2 - 33728 variants...
     -reading in genotypes, computing gene-based tests and building masks...done (29887ms) 
     -computing association tests...done (47ms) 
     -computing joint association tests...done (0ms) 
 set [54/819] : CBY2 - 8209 variants...
     -reading in genotypes, computing gene-based tests and building masks...done (6571ms) 
     -computing association tests...done (10ms) 
     -computing joint association tests...done (0ms) 
 set [55/819] : CCDC122 - 20539 variants...
     -reading in genotypes, computing gene-based tests and building masks...done (14783ms) 
     -computing association tests...done (14ms) 
     -computing joint association tests...done (0ms) 
 set [56/819] : CCDC168 - 14169 variants...
     -reading in genotypes, computing gene-based tests and building masks...done (13450ms) 
     -computing association tests...done (42ms) 
     -computing joint association tests...done (0ms) 
 set [57/819] : CCDC169 - 28052 variants...
     -reading in genotypes, computing gene-based tests and building masks...done (22908ms) 
     -computing association tests...done (14ms) 
     -computing joint association tests...done (0ms) 
 set [58/819] : CCDC70 - 5714 variants...
     -reading in genotypes, computing gene-based tests and building masks...done (9258ms) 
     -computing association tests...done (48ms) 
     -computing joint association tests...done (0ms) 
 set [59/819] : CCNA1 - 8731 variants...
     -reading in genotypes, computing gene-based tests and building masks...done (5877ms) 
     -computing association tests...done (73ms) 
     -computing joint association tests...done (0ms) 
 set [60/819] : CCNQP3 - 298 variants...
     -reading in genotypes, computing gene-based tests and building masks...done (500ms) 
     -computing association tests...done (5ms) 
     -computing joint association tests...done (0ms) 
 set [61/819] : CCT5P2 - 5460 variants...
     -reading in genotypes, computing gene-based tests and building masks...done (11717ms) 
     -computing association tests...done (41ms) 
     -computing joint association tests...done (0ms) 
 set [62/819] : CDADC1 - 23017 variants...
     -reading in genotypes, computing gene-based tests and building masks...done (20936ms) 
     -computing association tests...done (52ms) 
     -computing joint association tests...done (0ms) 
 set [63/819] : CDC16 - 20689 variants...
     -reading in genotypes, computing gene-based tests and building masks...done (17206ms) 
     -computing association tests...done (42ms) 
     -computing joint association tests...done (0ms) 
 set [64/819] : CDK8 - 68191 variants...
     -reading in genotypes, computing gene-based tests and building masks...done (67069ms) 
     -computing association tests...done (51ms) 
     -computing joint association tests...done (0ms) 
 set [65/819] : CDKN2AIPNLP3 - 2 variants...
     -reading in genotypes, computing gene-based tests and building masks...done (5609ms) 
 set [66/819] : CDX2 - 8054 variants...
     -reading in genotypes, computing gene-based tests and building masks...done (10788ms) 
     -computing association tests...done (8ms) 
     -computing joint association tests...done (0ms) 
 set [67/819] : CENPIP1 - 14198 variants...
     -reading in genotypes, computing gene-based tests and building masks...done (19003ms) 
     -computing association tests...done (11ms) 
     -computing joint association tests...done (0ms) 
 set [68/819] : CENPJ - 23415 variants...
     -reading in genotypes, computing gene-based tests and building masks...done (28736ms) 
     -computing association tests...done (11ms) 
     -computing joint association tests...done (0ms) 
 set [69/819] : CFAP97D2 - 37594 variants...
     -reading in genotypes, computing gene-based tests and building masks...done (208879ms) 
     -computing association tests...done (25ms) 
     -computing joint association tests...done (0ms) 
 set [70/819] : CHAMP1 - 10554 variants...
     -reading in genotypes, computing gene-based tests and building masks...done (7955ms) 
     -computing association tests...done (15ms) 
     -computing joint association tests...done (0ms) 
 set [71/819] : CHCHD2P8 - 2931 variants...
     -reading in genotypes, computing gene-based tests and building masks...done (2375ms) 
     -computing association tests...done (5ms) 
     -computing joint association tests...done (0ms) 
 set [72/819] : CKAP2 - 11582 variants...
     -reading in genotypes, computing gene-based tests and building masks...done (9309ms) 
     -computing association tests...done (52ms) 
     -computing joint association tests...done (0ms) 
 set [73/819] : CLDN10 - 38423 variants...
     -reading in genotypes, computing gene-based tests and building masks...done (34706ms) 
     -computing association tests...done (50ms) 
     -computing joint association tests...done (0ms) 
 set [74/819] : CLDN10-AS1 - 27012 variants...
     -reading in genotypes, computing gene-based tests and building masks...done (21566ms) 
     -computing association tests...done (58ms) 
     -computing joint association tests...done (0ms) 
 set [75/819] : CLN5 - 7051 variants...
     -reading in genotypes, computing gene-based tests and building masks...done (12952ms) 
     -computing association tests...done (43ms) 
     -computing joint association tests...done (0ms) 
 set [76/819] : CLYBL - 130574 variants...
     -reading in genotypes, computing gene-based tests and building masks...done (164217ms) 
     -computing association tests...done (21ms) 
     -computing joint association tests...done (0ms) 
 set [77/819] : CNMD - 14579 variants...
     -reading in genotypes, computing gene-based tests and building masks...done (10428ms) 
     -computing association tests...done (49ms) 
     -computing joint association tests...done (0ms) 
 set [78/819] : CNN2P12 - 961 variants...
     -reading in genotypes, computing gene-based tests and building masks...done (4092ms) 
     -computing association tests...done (11ms) 
     -computing joint association tests...done (0ms) 
 set [79/819] : CNOT4P1 - 5335 variants...
     -reading in genotypes, computing gene-based tests and building masks...done (12448ms) 
     -computing association tests...done (9ms) 
     -computing joint association tests...done (0ms) 
 set [80/819] : COG3 - 33573 variants...
     -reading in genotypes, computing gene-based tests and building masks...done (30112ms) 
     -computing association tests...done (11ms) 
     -computing joint association tests...done (0ms) 
 set [81/819] : COG6 - 54832 variants...
     -reading in genotypes, computing gene-based tests and building masks...done (47632ms) 
     -computing association tests...done (43ms) 
     -computing joint association tests...done (0ms) 
 set [82/819] : COL4A1 - 76763 variants...
     -reading in genotypes, computing gene-based tests and building masks...done (98039ms) 
     -computing association tests...done (59ms) 
     -computing joint association tests...done (0ms) 
 set [83/819] : COL4A2 - 102085 variants...
     -reading in genotypes, computing gene-based tests and building masks...done (153338ms) 
     -computing association tests...done (52ms) 
     -computing joint association tests...done (0ms) 
 set [84/819] : COMMD6 - 10732 variants...
     -reading in genotypes, computing gene-based tests and building masks...done (8388ms) 
     -computing association tests...done (21ms) 
     -computing joint association tests...done (0ms) 
 set [85/819] : COX17P1 - 77 variants...
     -reading in genotypes, computing gene-based tests and building masks...done (507ms) 
     -computing association tests...done (1ms) 
     -computing joint association tests...done (0ms) 
 set [86/819] : COX4I1P2 - 3685 variants...
     -reading in genotypes, computing gene-based tests and building masks...done (2286ms) 
     -computing association tests...done (42ms) 
     -computing joint association tests...done (0ms) 
 set [87/819] : CPB2 - 23890 variants...
     -reading in genotypes, computing gene-based tests and building masks...done (16175ms) 
     -computing association tests...done (43ms) 
     -computing joint association tests...done (0ms) 
 set [88/819] : CPB2-AS1 - 4279 variants...
     -reading in genotypes, computing gene-based tests and building masks...done (2713ms) 
     -computing association tests...done (9ms) 
     -computing joint association tests...done (0ms) 
 set [89/819] : CRYL1 - 55574 variants...
     -reading in genotypes, computing gene-based tests and building masks...done (58765ms) 
     -computing association tests...done (48ms) 
     -computing joint association tests...done (0ms) 
 set [90/819] : CSNK1A1L - 4623 variants...
     -reading in genotypes, computing gene-based tests and building masks...done (11547ms) 
     -computing association tests...done (9ms) 
     -computing joint association tests...done (0ms) 
 set [91/819] : CTAGE10P - 4692 variants...
     -reading in genotypes, computing gene-based tests and building masks...done (8328ms) 
     -computing association tests...done (9ms) 
     -computing joint association tests...done (0ms) 
 set [92/819] : CTAGE11P - 5761 variants...
     -reading in genotypes, computing gene-based tests and building masks...done (6256ms) 
     -computing association tests...done (11ms) 
     -computing joint association tests...done (0ms) 
 set [93/819] : CTAGE16P - 3572 variants...
     -reading in genotypes, computing gene-based tests and building masks...done (6744ms) 
     -computing association tests...done (9ms) 
     -computing joint association tests...done (0ms) 
 set [94/819] : CTAGE3P - 5018 variants...
     -reading in genotypes, computing gene-based tests and building masks...done (3467ms) 
     -computing association tests...done (8ms) 
     -computing joint association tests...done (0ms) 
 set [95/819] : CUL4A - 34702 variants...
     -reading in genotypes, computing gene-based tests and building masks...done (31530ms) 
     -computing association tests...done (13ms) 
     -computing joint association tests...done (0ms) 
 set [96/819] : CYCSP33 - 3020 variants...
     -reading in genotypes, computing gene-based tests and building masks...done (8747ms) 
     -computing association tests...done (42ms) 
     -computing joint association tests...done (0ms) 
 set [97/819] : CYCSP34 - 125 variants...
     -reading in genotypes, computing gene-based tests and building masks...done (210ms) 
     -computing association tests...done (0ms) 
     -computing joint association tests...done (0ms) 
 set [98/819] : CYCSP35 - 7880 variants...
     -reading in genotypes, computing gene-based tests and building masks...done (22789ms) 
     -computing association tests...done (8ms) 
     -computing joint association tests...done (0ms) 
 set [99/819] : CYP4F34P - 824 variants...
     -reading in genotypes, computing gene-based tests and building masks...done (8169ms) 
     -computing association tests...done (10ms) 
     -computing joint association tests...done (0ms) 
 set [100/819] : CYP51A1P2 - 23 variants...
     -reading in genotypes, computing gene-based tests and building masks...done (158ms) 
     -computing association tests...done (0ms) 
     -computing joint association tests...done (0ms) 
 set [101/819] : CYSLTR2 - 28185 variants...
     -reading in genotypes, computing gene-based tests and building masks...done (28040ms) 
     -computing association tests...done (44ms) 
     -computing joint association tests...done (0ms) 
 set [102/819] : DACH1 - 186839 variants...
     -reading in genotypes, computing gene-based tests and building masks...done (318237ms) 
     -computing association tests...done (52ms) 
     -computing joint association tests...done (0ms) 
 set [103/819] : DAOA - 16184 variants...
     -reading in genotypes, computing gene-based tests and building masks...done (19037ms) 
     -computing association tests...done (46ms) 
     -computing joint association tests...done (0ms) 
 set [104/819] : DAOA-AS1 - 9889 variants...
     -reading in genotypes, computing gene-based tests and building masks...done (7992ms) 
     -computing association tests...done (11ms) 
     -computing joint association tests...done (0ms) 
 set [105/819] : DCLK1 - 160957 variants...
     -reading in genotypes, computing gene-based tests and building masks...done (259623ms) 
     -computing association tests...done (17ms) 
     -computing joint association tests...done (0ms) 
 set [106/819] : DCT - 22700 variants...
     -reading in genotypes, computing gene-based tests and building masks...done (24601ms) 
     -computing association tests...done (13ms) 
     -computing joint association tests...done (0ms) 
 set [107/819] : DCUN1D2 - 18738 variants...
     -reading in genotypes, computing gene-based tests and building masks...done (14319ms) 
     -computing association tests...done (48ms) 
     -computing joint association tests...done (0ms) 
 set [108/819] : DDX39AP1 - 4397 variants...
     -reading in genotypes, computing gene-based tests and building masks...done (4306ms) 
     -computing association tests...done (10ms) 
     -computing joint association tests...done (0ms) 
 set [109/819] : DDX6P2 - 5265 variants...
     -reading in genotypes, computing gene-based tests and building masks...done (7385ms) 
     -computing association tests...done (9ms) 
     -computing joint association tests...done (0ms) 
 set [110/819] : DGKH - 85546 variants...
     -reading in genotypes, computing gene-based tests and building masks...done (97146ms) 
     -computing association tests...done (55ms) 
     -computing joint association tests...done (0ms) 
 set [111/819] : DGKZP1 - 1484 variants...
     -reading in genotypes, computing gene-based tests and building masks...done (1528ms) 
     -computing association tests...done (51ms) 
     -computing joint association tests...done (0ms) 
 set [112/819] : DHRS12 - 18731 variants...
     -reading in genotypes, computing gene-based tests and building masks...done (49091ms) 
     -computing association tests...done (15ms) 
     -computing joint association tests...done (0ms) 
 set [113/819] : DHX9P1 - 2529 variants...
     -reading in genotypes, computing gene-based tests and building masks...done (13977ms) 
     -computing association tests...done (9ms) 
     -computing joint association tests...done (0ms) 
 set [114/819] : DIAPH3 - 210213 variants...
     -reading in genotypes, computing gene-based tests and building masks...done (326730ms) 
     -computing association tests...done (53ms) 
     -computing joint association tests...done (0ms) 
 set [115/819] : DIS3 - 12357 variants...
     -reading in genotypes, computing gene-based tests and building masks...done (13058ms) 
     -computing association tests...done (14ms) 
     -computing joint association tests...done (0ms) 
 set [116/819] : DLEU1 - 231533 variants...
     -reading in genotypes, computing gene-based tests and building masks...done (349930ms) 
     -computing association tests...done (14ms) 
     -computing joint association tests...done (0ms) 
 set [117/819] : DLEU2 - 47122 variants...
     -reading in genotypes, computing gene-based tests and building masks...done (38827ms) 
     -computing association tests...done (13ms) 
     -computing joint association tests...done (0ms) 
 set [118/819] : DLEU7 - 50479 variants...
     -reading in genotypes, computing gene-based tests and building masks...done (45564ms) 
     -computing association tests...done (11ms) 
     -computing joint association tests...done (0ms) 
 set [119/819] : DNAJA1P1 - 4480 variants...
     -reading in genotypes, computing gene-based tests and building masks...done (2890ms) 
     -computing association tests...done (9ms) 
     -computing joint association tests...done (0ms) 
 set [120/819] : DNAJC15 - 43072 variants...
     -reading in genotypes, computing gene-based tests and building masks...done (49052ms) 
     -computing association tests...done (13ms) 
     -computing joint association tests...done (0ms) 
 set [121/819] : DNAJC3 - 54157 variants...
     -reading in genotypes, computing gene-based tests and building masks...done (50731ms) 
     -computing association tests...done (14ms) 
     -computing joint association tests...done (0ms) 
 set [122/819] : DNAJC3-DT - 8859 variants...
     -reading in genotypes, computing gene-based tests and building masks...done (5755ms) 
     -computing association tests...done (10ms) 
     -computing joint association tests...done (0ms) 
 set [123/819] : DOCK9 - 112967 variants...
     -reading in genotypes, computing gene-based tests and building masks...done (115391ms) 
     -computing association tests...done (59ms) 
     -computing joint association tests...done (0ms) 
 set [124/819] : DOCK9-DT - 5138 variants...
     -reading in genotypes, computing gene-based tests and building masks...done (3422ms) 
     -computing association tests...done (45ms) 
     -computing joint association tests...done (0ms) 
 set [125/819] : DPPA3P3 - 4376 variants...
     -reading in genotypes, computing gene-based tests and building masks...done (2809ms) 
     -computing association tests...done (8ms) 
     -computing joint association tests...done (0ms) 
 set [126/819] : DZIP1 - 26304 variants...
     -reading in genotypes, computing gene-based tests and building masks...done (22253ms) 
     -computing association tests...done (47ms) 
     -computing joint association tests...done (0ms) 
 set [127/819] : EBPL - 16935 variants...
     -reading in genotypes, computing gene-based tests and building masks...done (12027ms) 
     -computing association tests...done (12ms) 
     -computing joint association tests...done (0ms) 
 set [128/819] : EDNRB - 12689 variants...
     -reading in genotypes, computing gene-based tests and building masks...done (9166ms) 
     -computing association tests...done (46ms) 
     -computing joint association tests...done (0ms) 
 set [129/819] : EDNRB-AS1 - 23423 variants...
     -reading in genotypes, computing gene-based tests and building masks...done (35846ms) 
     -computing association tests...done (40ms) 
     -computing joint association tests...done (0ms) 
 set [130/819] : EEF1AKMT1 - 23762 variants...
     -reading in genotypes, computing gene-based tests and building masks...done (22906ms) 
     -computing association tests...done (11ms) 
     -computing joint association tests...done (0ms) 
 set [131/819] : EEF1DP3 - 3295 variants...
     -reading in genotypes, computing gene-based tests and building masks...done (2330ms) 
     -computing association tests...done (11ms) 
     -computing joint association tests...done (0ms) 
 set [132/819] : EFNB2 - 22244 variants...
     -reading in genotypes, computing gene-based tests and building masks...done (22266ms) 
     -computing association tests...done (11ms) 
     -computing joint association tests...done (0ms) 
 set [133/819] : EIF4A1P5 - 4709 variants...
     -reading in genotypes, computing gene-based tests and building masks...done (3225ms) 
     -computing association tests...done (9ms) 
     -computing joint association tests...done (0ms) 
 set [134/819] : EIF4A1P6 - 529 variants...
     -reading in genotypes, computing gene-based tests and building masks...done (8930ms) 
     -computing association tests...done (37ms) 
     -computing joint association tests...done (0ms) 
 set [135/819] : EIF4A1P7 - 495 variants...
     -reading in genotypes, computing gene-based tests and building masks...done (5990ms) 
     -computing association tests...done (51ms) 
     -computing joint association tests...done (0ms) 
 set [136/819] : ELF1 - 55573 variants...
     -reading in genotypes, computing gene-based tests and building masks...done (62636ms) 
     -computing association tests...done (54ms) 
     -computing joint association tests...done (0ms) 
 set [137/819] : ELL2P3 - 3744 variants...
     -reading in genotypes, computing gene-based tests and building masks...done (2479ms) 
     -computing association tests...done (44ms) 
     -computing joint association tests...done (0ms) 
 set [138/819] : ELOBP1 - 3902 variants...
     -reading in genotypes, computing gene-based tests and building masks...done (13543ms) 
     -computing association tests...done (9ms) 
     -computing joint association tests...done (0ms) 
 set [139/819] : ENOX1 - 242861 variants...
     -reading in genotypes, computing gene-based tests and building masks...done (430943ms) 
     -computing association tests...done (16ms) 
     -computing joint association tests...done (0ms) 
 set [140/819] : EPSTI1 - 51441 variants...
     -reading in genotypes, computing gene-based tests and building masks...done (120842ms) 
     -computing association tests...done (18ms) 
     -computing joint association tests...done (0ms) 
 set [141/819] : ERCC5 - 13197 variants...
     -reading in genotypes, computing gene-based tests and building masks...done (11401ms) 
     -computing association tests...done (67ms) 
     -computing joint association tests...done (0ms) 
 set [142/819] : ERICH6B - 32508 variants...
     -reading in genotypes, computing gene-based tests and building masks...done (23924ms) 
     -computing association tests...done (48ms) 
     -computing joint association tests...done (0ms) 
 set [143/819] : ESD - 13915 variants...
     -reading in genotypes, computing gene-based tests and building masks...done (13374ms) 
     -computing association tests...done (15ms) 
     -computing joint association tests...done (0ms) 
 set [144/819] : ESRRAP2 - 2858 variants...
     -reading in genotypes, computing gene-based tests and building masks...done (2837ms) 
     -computing association tests...done (9ms) 
     -computing joint association tests...done (0ms) 
 set [145/819] : EXOSC8 - 5440 variants...
     -reading in genotypes, computing gene-based tests and building masks...done (4673ms) 
     -computing association tests...done (11ms) 
     -computing joint association tests...done (0ms) 
 set [146/819] : F10 - 19587 variants...
     -reading in genotypes, computing gene-based tests and building masks...done (78691ms) 
     -computing association tests...done (48ms) 
     -computing joint association tests...done (0ms) 
 set [147/819] : F7 - 18586 variants...
     -reading in genotypes, computing gene-based tests and building masks...done (58325ms) 
     -computing association tests...done (19ms) 
     -computing joint association tests...done (0ms) 
 set [148/819] : FABP5P1 - 4647 variants...
     -reading in genotypes, computing gene-based tests and building masks...done (10088ms) 
     -computing association tests...done (10ms) 
     -computing joint association tests...done (0ms) 
 set [149/819] : FAM124A - 27626 variants...
     -reading in genotypes, computing gene-based tests and building masks...done (27012ms) 
     -computing association tests...done (14ms) 
     -computing joint association tests...done (0ms) 
 set [150/819] : FAM207BP - 5257 variants...
     -reading in genotypes, computing gene-based tests and building masks...done (7986ms) 
     -computing association tests...done (9ms) 
     -computing joint association tests...done (0ms) 
 set [151/819] : FAM216B - 7800 variants...
     -reading in genotypes, computing gene-based tests and building masks...done (6272ms) 
     -computing association tests...done (23ms) 
     -computing joint association tests...done (0ms) 
 set [152/819] : FAM230C - 37764 variants...
     -reading in genotypes, computing gene-based tests and building masks...done (104479ms) 
     -computing association tests...done (13ms) 
     -computing joint association tests...done (0ms) 
 set [153/819] : FAR1P1 - 422 variants...
     -reading in genotypes, computing gene-based tests and building masks...done (745ms) 
     -computing association tests...done (5ms) 
     -computing joint association tests...done (0ms) 
 set [154/819] : FARP1 - 154269 variants...
     -reading in genotypes, computing gene-based tests and building masks...done (283782ms) 
     -computing association tests...done (18ms) 
     -computing joint association tests...done (0ms) 
 set [155/819] : FBXL3 - 11831 variants...
     -reading in genotypes, computing gene-based tests and building masks...done (13928ms) 
     -computing association tests...done (11ms) 
     -computing joint association tests...done (0ms) 
 set [156/819] : FEM1AP4 - 3664 variants...
     -reading in genotypes, computing gene-based tests and building masks...done (2384ms) 
     -computing association tests...done (8ms) 
     -computing joint association tests...done (0ms) 
 set [157/819] : FGF14 - 227737 variants...
     -reading in genotypes, computing gene-based tests and building masks...done (421862ms) 
     -computing association tests...done (56ms) 
     -computing joint association tests...done (0ms) 
 set [158/819] : FGF14-AS1 - 197 variants...
     -reading in genotypes, computing gene-based tests and building masks...done (947ms) 
     -computing association tests...done (1ms) 
     -computing joint association tests...done (0ms) 
 set [159/819] : FGF14-AS2 - 619 variants...
     -reading in genotypes, computing gene-based tests and building masks...done (562ms) 
     -computing association tests...done (6ms) 
     -computing joint association tests...done (0ms) 
 set [160/819] : FGF14-IT1 - 46119 variants...
     -reading in genotypes, computing gene-based tests and building masks...done (38624ms) 
     -computing association tests...done (13ms) 
     -computing joint association tests...done (0ms) 
 set [161/819] : FGF9 - 17735 variants...
     -reading in genotypes, computing gene-based tests and building masks...done (12408ms) 
     -computing association tests...done (44ms) 
     -computing joint association tests...done (0ms) 
 set [162/819] : FGFR1OP2P1 - 2521 variants...
     -reading in genotypes, computing gene-based tests and building masks...done (2034ms) 
     -computing association tests...done (10ms) 
     -computing joint association tests...done (0ms) 
 set [163/819] : FHP1 - 4069 variants...
     -reading in genotypes, computing gene-based tests and building masks...done (2641ms) 
     -computing association tests...done (10ms) 
     -computing joint association tests...done (0ms) 
 set [164/819] : FKBP1AP3 - 129 variants...
     -reading in genotypes, computing gene-based tests and building masks...done (276ms) 
     -computing association tests...done (1ms) 
     -computing joint association tests...done (0ms) 
 set [165/819] : FLT1 - 85436 variants...
     -reading in genotypes, computing gene-based tests and building masks...done (102482ms) 
     -computing association tests...done (58ms) 
     -computing joint association tests...done (0ms) 
 set [166/819] : FLT3 - 47397 variants...
     -reading in genotypes, computing gene-based tests and building masks...done (63428ms) 
     -computing association tests...done (17ms) 
     -computing joint association tests...done (0ms) 
 set [167/819] : FNDC3A - 104586 variants...
     -reading in genotypes, computing gene-based tests and building masks...done (239468ms) 
     -computing association tests...done (14ms) 
     -computing joint association tests...done (0ms) 
 set [168/819] : FOXO1 - 50657 variants...
     -reading in genotypes, computing gene-based tests and building masks...done (43062ms) 
     -computing association tests...done (13ms) 
     -computing joint association tests...done (0ms) 
 set [169/819] : FREM2 - 89449 variants...
     -reading in genotypes, computing gene-based tests and building masks...done (89068ms) 
     -computing association tests...done (56ms) 
     -computing joint association tests...done (0ms) 
 set [170/819] : FRY - 157450 variants...
     -reading in genotypes, computing gene-based tests and building masks...done (274805ms) 
     -computing association tests...done (60ms) 
     -computing joint association tests...done (0ms) 
 set [171/819] : FRY-AS1 - 2324 variants...
     -reading in genotypes, computing gene-based tests and building masks...done (3803ms) 
     -computing association tests...done (11ms) 
     -computing joint association tests...done (0ms) 
 set [172/819] : FTH1P7 - 5471 variants...
     -reading in genotypes, computing gene-based tests and building masks...done (8721ms) 
     -computing association tests...done (40ms) 
     -computing joint association tests...done (0ms) 
 set [173/819] : GAPDHP22 - 157 variants...
     -reading in genotypes, computing gene-based tests and building masks...done (6161ms) 
     -computing association tests...done (0ms) 
     -computing joint association tests...done (0ms) 
 set [174/819] : GAPDHP34 - 299 variants...
     -reading in genotypes, computing gene-based tests and building masks...done (410ms) 
     -computing association tests...done (5ms) 
     -computing joint association tests...done (0ms) 
 set [175/819] : GAS6 - 37890 variants...
     -reading in genotypes, computing gene-based tests and building masks...done (111642ms) 
     -computing association tests...done (15ms) 
     -computing joint association tests...done (0ms) 
 set [176/819] : GAS6-DT - 1093 variants...
     -reading in genotypes, computing gene-based tests and building masks...done (983ms) 
     -computing association tests...done (6ms) 
     -computing joint association tests...done (0ms) 
 set [177/819] : GGACT - 24267 variants...
     -reading in genotypes, computing gene-based tests and building masks...done (21680ms) 
     -computing association tests...done (42ms) 
     -computing joint association tests...done (0ms) 
 set [178/819] : GGT4P - 611 variants...
     -reading in genotypes, computing gene-based tests and building masks...done (21465ms) 
     -computing association tests...done (8ms) 
     -computing joint association tests...done (0ms) 
 set [179/819] : GJA3 - 14416 variants...
     -reading in genotypes, computing gene-based tests and building masks...done (23744ms) 
     -computing association tests...done (18ms) 
     -computing joint association tests...done (0ms) 
 set [180/819] : GJB2 - 7087 variants...
     -reading in genotypes, computing gene-based tests and building masks...done (5551ms) 
     -computing association tests...done (51ms) 
     -computing joint association tests...done (0ms) 
 set [181/819] : GJB6 - 9935 variants...
     -reading in genotypes, computing gene-based tests and building masks...done (8731ms) 
     -computing association tests...done (12ms) 
     -computing joint association tests...done (0ms) 
 set [182/819] : GNG5P5 - 72 variants...
     -reading in genotypes, computing gene-based tests and building masks...done (4340ms) 
     -computing association tests...done (0ms) 
     -computing joint association tests...done (0ms) 
 set [183/819] : GPALPP1 - 18179 variants...
     -reading in genotypes, computing gene-based tests and building masks...done (20495ms) 
     -computing association tests...done (59ms) 
     -computing joint association tests...done (0ms) 
 set [184/819] : GPC5 - 663754 variants...
     -reading in genotypes, computing gene-based tests and building masks...done (3832212ms) 
     -computing association tests...done (18ms) 
     -computing joint association tests...done (0ms) 
 set [185/819] : GPC6 - 510800 variants...
     -reading in genotypes, computing gene-based tests and building masks...done (2066935ms) 
     -computing association tests...done (56ms) 
     -computing joint association tests...done (0ms) 
 set [186/819] : GPR12 - 6560 variants...
     -reading in genotypes, computing gene-based tests and building masks...done (5773ms) 
     -computing association tests...done (10ms) 
     -computing joint association tests...done (0ms) 
 set [187/819] : GPR180 - 24261 variants...
     -reading in genotypes, computing gene-based tests and building masks...done (17126ms) 
     -computing association tests...done (61ms) 
     -computing joint association tests...done (0ms) 
 set [188/819] : GPR18 - 5495 variants...
     -reading in genotypes, computing gene-based tests and building masks...done (4096ms) 
     -computing association tests...done (11ms) 
     -computing joint association tests...done (0ms) 
 set [189/819] : GPR183 - 9007 variants...
     -reading in genotypes, computing gene-based tests and building masks...done (6219ms) 
     -computing association tests...done (19ms) 
     -computing joint association tests...done (0ms) 
 set [190/819] : GRK1 - 20368 variants...
     -reading in genotypes, computing gene-based tests and building masks...done (30489ms) 
     -computing association tests...done (54ms) 
     -computing joint association tests...done (0ms) 
 set [191/819] : GRPEL2P1 - 4414 variants...
     -reading in genotypes, computing gene-based tests and building masks...done (5191ms) 
     -computing association tests...done (8ms) 
     -computing joint association tests...done (0ms) 
 set [192/819] : GRTP1 - 42863 variants...
     -reading in genotypes, computing gene-based tests and building masks...done (206530ms) 
     -computing association tests...done (61ms) 
     -computing joint association tests...done (0ms) 
 set [193/819] : GSX1 - 7274 variants...
     -reading in genotypes, computing gene-based tests and building masks...done (5398ms) 
     -computing association tests...done (18ms) 
     -computing joint association tests...done (0ms) 
 set [194/819] : GTF2F2 - 75099 variants...
     -reading in genotypes, computing gene-based tests and building masks...done (70057ms) 
     -computing association tests...done (50ms) 
     -computing joint association tests...done (0ms) 
 set [195/819] : GTF3A - 6593 variants...
     -reading in genotypes, computing gene-based tests and building masks...done (17968ms) 
     -computing association tests...done (43ms) 
     -computing joint association tests...done (0ms) 
 set [196/819] : GUCY1B2 - 35016 variants...
     -reading in genotypes, computing gene-based tests and building masks...done (29362ms) 
     -computing association tests...done (73ms) 
     -computing joint association tests...done (0ms) 
 set [197/819] : GXYLT1P1 - 983 variants...
     -reading in genotypes, computing gene-based tests and building masks...done (3766ms) 
     -computing association tests...done (7ms) 
     -computing joint association tests...done (0ms) 
 set [198/819] : GYG1P2 - 462 variants...
     -reading in genotypes, computing gene-based tests and building masks...done (2341ms) 
     -computing association tests...done (2ms) 
     -computing joint association tests...done (0ms) 
 set [199/819] : H2ACP1 - 5649 variants...
     -reading in genotypes, computing gene-based tests and building masks...done (8230ms) 
     -computing association tests...done (9ms) 
     -computing joint association tests...done (0ms) 
 set [200/819] : H2BP6 - 146 variants...
     -reading in genotypes, computing gene-based tests and building masks...done (777ms) 
     -computing association tests...done (0ms) 
     -computing joint association tests...done (0ms) 
 set [201/819] : HCFC2P1 - 4889 variants...
     -reading in genotypes, computing gene-based tests and building masks...done (3091ms) 
     -computing association tests...done (10ms) 
     -computing joint association tests...done (0ms) 
 set [202/819] : HIGD1AP2 - 113 variants...
     -reading in genotypes, computing gene-based tests and building masks...done (2848ms) 
     -computing association tests...done (1ms) 
     -computing joint association tests...done (0ms) 
 set [203/819] : HMGA1P6 - 175 variants...
     -reading in genotypes, computing gene-based tests and building masks...done (270ms) 
     -computing association tests...done (2ms) 
     -computing joint association tests...done (0ms) 
 set [204/819] : HMGB1 - 49701 variants...
     -reading in genotypes, computing gene-based tests and building masks...done (56546ms) 
     -computing association tests...done (67ms) 
     -computing joint association tests...done (16ms) 
 set [205/819] : HMGN2P39 - 3943 variants...
     -reading in genotypes, computing gene-based tests and building masks...done (2729ms) 
     -computing association tests...done (44ms) 
     -computing joint association tests...done (0ms) 
 set [206/819] : HNF4GP1 - 4589 variants...
     -reading in genotypes, computing gene-based tests and building masks...done (11555ms) 
     -computing association tests...done (8ms) 
     -computing joint association tests...done (0ms) 
 set [207/819] : HNRNPA1L2 - 4396 variants...
     -reading in genotypes, computing gene-based tests and building masks...done (9936ms) 
     -computing association tests...done (42ms) 
     -computing joint association tests...done (0ms) 
 set [208/819] : HNRNPA1P18 - 4867 variants...
     -reading in genotypes, computing gene-based tests and building masks...done (3508ms) 
     -computing association tests...done (9ms) 
     -computing joint association tests...done (0ms) 
 set [209/819] : HNRNPA1P30 - 71 variants...
     -reading in genotypes, computing gene-based tests and building masks...done (6681ms) 
     -computing association tests...done (0ms) 
     -computing joint association tests...done (0ms) 
 set [210/819] : HNRNPA1P31 - 369 variants...
     -reading in genotypes, computing gene-based tests and building masks...done (408ms) 
     -computing association tests...done (43ms) 
     -computing joint association tests...done (0ms) 
 set [211/819] : HNRNPA3P5 - 4702 variants...
     -reading in genotypes, computing gene-based tests and building masks...done (3079ms) 
     -computing association tests...done (8ms) 
     -computing joint association tests...done (0ms) 
 set [212/819] : HS6ST3 - 313694 variants...
     -reading in genotypes, computing gene-based tests and building masks...done (599375ms) 
     -computing association tests...done (56ms) 
     -computing joint association tests...done (0ms) 
 set [213/819] : HSP90AB6P - 5202 variants...
     -reading in genotypes, computing gene-based tests and building masks...done (3776ms) 
     -computing association tests...done (10ms) 
     -computing joint association tests...done (0ms) 
 set [214/819] : HSPD1P8 - 5282 variants...
     -reading in genotypes, computing gene-based tests and building masks...done (8822ms) 
     -computing association tests...done (48ms) 
     -computing joint association tests...done (0ms) 
 set [215/819] : HSPD1P9 - 660 variants...
     -reading in genotypes, computing gene-based tests and building masks...done (806ms) 
     -computing association tests...done (7ms) 
     -computing joint association tests...done (10ms) 
 set [216/819] : HSPH1 - 17039 variants...
     -reading in genotypes, computing gene-based tests and building masks...done (11668ms) 
     -computing association tests...done (46ms) 
     -computing joint association tests...done (5ms) 
 set [217/819] : HTR2A - 28801 variants...
     -reading in genotypes, computing gene-based tests and building masks...done (31263ms) 
     -computing association tests...done (11ms) 
     -computing joint association tests...done (13ms) 
 set [218/819] : IFT88 - 55398 variants...
     -reading in genotypes, computing gene-based tests and building masks...done (53136ms) 
     -computing association tests...done (13ms) 
     -computing joint association tests...done (14ms) 
 set [219/819] : IGSF3P1 - 17929 variants...
     -reading in genotypes, computing gene-based tests and building masks...done (25214ms) 
     -computing association tests...done (54ms) 
     -computing joint association tests...done (0ms) 
 set [220/819] : IL17D - 12711 variants...
     -reading in genotypes, computing gene-based tests and building masks...done (9820ms) 
     -computing association tests...done (11ms) 
     -computing joint association tests...done (0ms) 
 set [221/819] : ING1 - 8758 variants...
     -reading in genotypes, computing gene-based tests and building masks...done (6329ms) 
     -computing association tests...done (70ms) 
     -computing joint association tests...done (0ms) 
 set [222/819] : INTS6 - 41754 variants...
     -reading in genotypes, computing gene-based tests and building masks...done (41122ms) 
     -computing association tests...done (54ms) 
     -computing joint association tests...done (0ms) 
 set [223/819] : INTS6-AS1 - 41603 variants...
     -reading in genotypes, computing gene-based tests and building masks...done (38132ms) 
     -computing association tests...done (47ms) 
     -computing joint association tests...done (0ms) 
 set [224/819] : IPMKP1 - 4597 variants...
     -reading in genotypes, computing gene-based tests and building masks...done (4902ms) 
     -computing association tests...done (45ms) 
     -computing joint association tests...done (0ms) 
 set [225/819] : IPO5 - 37641 variants...
     -reading in genotypes, computing gene-based tests and building masks...done (35004ms) 
     -computing association tests...done (62ms) 
     -computing joint association tests...done (0ms) 
 set [226/819] : IPO7P2 - 4463 variants...
     -reading in genotypes, computing gene-based tests and building masks...done (3082ms) 
     -computing association tests...done (44ms) 
     -computing joint association tests...done (0ms) 
 set [227/819] : IPPKP1 - 648 variants...
     -reading in genotypes, computing gene-based tests and building masks...done (3179ms) 
     -computing association tests...done (6ms) 
     -computing joint association tests...done (0ms) 
 set [228/819] : IRS2 - 21439 variants...
     -reading in genotypes, computing gene-based tests and building masks...done (51633ms) 
     -computing association tests...done (43ms) 
     -computing joint association tests...done (0ms) 
 set [229/819] : IRX1P1 - 3563 variants...
     -reading in genotypes, computing gene-based tests and building masks...done (4664ms) 
     -computing association tests...done (11ms) 
     -computing joint association tests...done (22ms) 
 set [230/819] : ITGBL1 - 120102 variants...
     -reading in genotypes, computing gene-based tests and building masks...done (151490ms) 
     -computing association tests...done (15ms) 
     -computing joint association tests...done (17ms) 
 set [231/819] : ITM2B - 19673 variants...
     -reading in genotypes, computing gene-based tests and building masks...done (15707ms) 
     -computing association tests...done (13ms) 
     -computing joint association tests...done (2ms) 
 set [232/819] : KATNAL1 - 49820 variants...
     -reading in genotypes, computing gene-based tests and building masks...done (50871ms) 
     -computing association tests...done (14ms) 
     -computing joint association tests...done (7ms) 
 set [233/819] : KBTBD6 - 5603 variants...
     -reading in genotypes, computing gene-based tests and building masks...done (3995ms) 
     -computing association tests...done (10ms) 
     -computing joint association tests...done (0ms) 
 set [234/819] : KBTBD6-DT - 21695 variants...
     -reading in genotypes, computing gene-based tests and building masks...done (16820ms) 
     -computing association tests...done (28ms) 
     -computing joint association tests...done (0ms) 
 set [235/819] : KBTBD7 - 5437 variants...
     -reading in genotypes, computing gene-based tests and building masks...done (4380ms) 
     -computing association tests...done (46ms) 
     -computing joint association tests...done (0ms) 
 set [236/819] : KCNRG - 8763 variants...
     -reading in genotypes, computing gene-based tests and building masks...done (24591ms) 
     -computing association tests...done (11ms) 
     -computing joint association tests...done (0ms) 
 set [237/819] : KCTD12 - 7153 variants...
     -reading in genotypes, computing gene-based tests and building masks...done (6066ms) 
     -computing association tests...done (10ms) 
     -computing joint association tests...done (0ms) 
 set [238/819] : KL - 23342 variants...
     -reading in genotypes, computing gene-based tests and building masks...done (17465ms) 
     -computing association tests...done (15ms) 
     -computing joint association tests...done (2ms) 
 set [239/819] : KLF12 - 190142 variants...
     -reading in genotypes, computing gene-based tests and building masks...done (273413ms) 
     -computing association tests...done (15ms) 
     -computing joint association tests...done (0ms) 
 set [240/819] : KLF5 - 14547 variants...
     -reading in genotypes, computing gene-based tests and building masks...done (17813ms) 
     -computing association tests...done (18ms) 
     -computing joint association tests...done (0ms) 
 set [241/819] : KLHL1 - 198236 variants...
     -reading in genotypes, computing gene-based tests and building masks...done (312450ms) 
     -computing association tests...done (56ms) 
     -computing joint association tests...done (0ms) 
 set [242/819] : KMT5AP1 - 862 variants...
     -reading in genotypes, computing gene-based tests and building masks...done (994ms) 
     -computing association tests...done (46ms) 
     -computing joint association tests...done (0ms) 
 set [243/819] : KPNA3 - 43408 variants...
     -reading in genotypes, computing gene-based tests and building masks...done (46831ms) 
     -computing association tests...done (12ms) 
     -computing joint association tests...done (0ms) 
 set [244/819] : KRT18P27 - 4981 variants...
     -reading in genotypes, computing gene-based tests and building masks...done (14794ms) 
     -computing association tests...done (10ms) 
     -computing joint association tests...done (0ms) 
 set [245/819] : LACC1 - 9709 variants...
     -reading in genotypes, computing gene-based tests and building masks...done (16796ms) 
     -computing association tests...done (19ms) 
     -computing joint association tests...done (0ms) 
 set [246/819] : LAMP1 - 18348 variants...
     -reading in genotypes, computing gene-based tests and building masks...done (24619ms) 
     -computing association tests...done (51ms) 
     -computing joint association tests...done (0ms) 
 set [247/819] : LATS2 - 56095 variants...
     -reading in genotypes, computing gene-based tests and building masks...done (112110ms) 
     -computing association tests...done (51ms) 
     -computing joint association tests...done (0ms) 
 set [248/819] : LCP1 - 29289 variants...
     -reading in genotypes, computing gene-based tests and building masks...done (24977ms) 
     -computing association tests...done (13ms) 
     -computing joint association tests...done (0ms) 
 set [249/819] : LDHBP1 - 5266 variants...
     -reading in genotypes, computing gene-based tests and building masks...done (3789ms) 
     -computing association tests...done (11ms) 
     -computing joint association tests...done (0ms) 
 set [250/819] : LGMNP1 - 5674 variants...
     -reading in genotypes, computing gene-based tests and building masks...done (4388ms) 
     -computing association tests...done (8ms) 
     -computing joint association tests...done (0ms) 
 set [251/819] : LHFPL6 - 149766 variants...
     -reading in genotypes, computing gene-based tests and building masks...done (225531ms) 
     -computing association tests...done (17ms) 
     -computing joint association tests...done (0ms) 
 set [252/819] : LIG4 - 8754 variants...
     -reading in genotypes, computing gene-based tests and building masks...done (11822ms) 
     -computing association tests...done (10ms) 
     -computing joint association tests...done (0ms) 
 set [253/819] : LIN28AP2 - 218 variants...
     -reading in genotypes, computing gene-based tests and building masks...done (2449ms) 
     -computing association tests...done (6ms) 
     -computing joint association tests...done (0ms) 
 set [254/819] : LINC00297 - 10561 variants...
     -reading in genotypes, computing gene-based tests and building masks...done (12925ms) 
     -computing association tests...done (9ms) 
     -computing joint association tests...done (0ms) 
 set [255/819] : LINC00327 - 11079 variants...
     -reading in genotypes, computing gene-based tests and building masks...done (12912ms) 
     -computing association tests...done (10ms) 
     -computing joint association tests...done (0ms) 
 set [256/819] : LINC00328-2P - 1601 variants...
     -reading in genotypes, computing gene-based tests and building masks...done (9674ms) 
     -computing association tests...done (11ms) 
     -computing joint association tests...done (0ms) 
 set [257/819] : LINC00330 - 8346 variants...
     -reading in genotypes, computing gene-based tests and building masks...done (12578ms) 
     -computing association tests...done (44ms) 
     -computing joint association tests...done (0ms) 
 set [258/819] : LINC00331 - 25543 variants...
     -reading in genotypes, computing gene-based tests and building masks...done (21401ms) 
     -computing association tests...done (11ms) 
     -computing joint association tests...done (0ms) 
 set [259/819] : LINC00332 - 10522 variants...
     -reading in genotypes, computing gene-based tests and building masks...done (8657ms) 
     -computing association tests...done (45ms) 
     -computing joint association tests...done (0ms) 
 set [260/819] : LINC00333 - 4504 variants...
     -reading in genotypes, computing gene-based tests and building masks...done (4280ms) 
     -computing association tests...done (11ms) 
     -computing joint association tests...done (0ms) 
 set [261/819] : LINC00343 - 42656 variants...
     -reading in genotypes, computing gene-based tests and building masks...done (55327ms) 
     -computing association tests...done (13ms) 
     -computing joint association tests...done (0ms) 
 set [262/819] : LINC00345 - 48294 variants...
     -reading in genotypes, computing gene-based tests and building masks...done (120945ms) 
     -computing association tests...done (45ms) 
     -computing joint association tests...done (0ms) 
 set [263/819] : LINC00347 - 7614 variants...
     -reading in genotypes, computing gene-based tests and building masks...done (9555ms) 
     -computing association tests...done (11ms) 
     -computing joint association tests...done (0ms) 
 set [264/819] : LINC00348 - 82540 variants...
     -reading in genotypes, computing gene-based tests and building masks...done (86588ms) 
     -computing association tests...done (50ms) 
     -computing joint association tests...done (0ms) 
 set [265/819] : LINC00349 - 14087 variants...
     -reading in genotypes, computing gene-based tests and building masks...done (16429ms) 
     -computing association tests...done (79ms) 
     -computing joint association tests...done (0ms) 
 set [266/819] : LINC00351 - 82933 variants...
     -reading in genotypes, computing gene-based tests and building masks...done (87990ms) 
     -computing association tests...done (55ms) 
     -computing joint association tests...done (0ms) 
 set [267/819] : LINC00352 - 8778 variants...
     -reading in genotypes, computing gene-based tests and building masks...done (10555ms) 
     -computing association tests...done (9ms) 
     -computing joint association tests...done (0ms) 
 set [268/819] : LINC00353 - 6184 variants...
     -reading in genotypes, computing gene-based tests and building masks...done (5992ms) 
     -computing association tests...done (12ms) 
     -computing joint association tests...done (0ms) 
 set [269/819] : LINC00354 - 19798 variants...
     -reading in genotypes, computing gene-based tests and building masks...done (15096ms) 
     -computing association tests...done (10ms) 
     -computing joint association tests...done (0ms) 
 set [270/819] : LINC00355 - 100748 variants...
     -reading in genotypes, computing gene-based tests and building masks...done (98776ms) 
     -computing association tests...done (52ms) 
     -computing joint association tests...done (0ms) 
 set [271/819] : LINC00358 - 57512 variants...
     -reading in genotypes, computing gene-based tests and building masks...done (84744ms) 
     -computing association tests...done (51ms) 
     -computing joint association tests...done (0ms) 
 set [272/819] : LINC00359 - 13531 variants...
     -reading in genotypes, computing gene-based tests and building masks...done (13928ms) 
     -computing association tests...done (48ms) 
     -computing joint association tests...done (24ms) 
 set [273/819] : LINC00362 - 4749 variants...
     -reading in genotypes, computing gene-based tests and building masks...done (9975ms) 
     -computing association tests...done (10ms) 
     -computing joint association tests...done (0ms) 
 set [274/819] : LINC00363 - 15500 variants...
     -reading in genotypes, computing gene-based tests and building masks...done (12426ms) 
     -computing association tests...done (10ms) 
     -computing joint association tests...done (0ms) 
 set [275/819] : LINC00364 - 25941 variants...
     -reading in genotypes, computing gene-based tests and building masks...done (19457ms) 
     -computing association tests...done (47ms) 
     -computing joint association tests...done (0ms) 
 set [276/819] : LINC00365 - 8889 variants...
     -reading in genotypes, computing gene-based tests and building masks...done (11205ms) 
     -computing association tests...done (9ms) 
     -computing joint association tests...done (0ms) 
 set [277/819] : LINC00366 - 177 variants...
     -reading in genotypes, computing gene-based tests and building masks...done (11520ms) 
     -computing association tests...done (54ms) 
     -computing joint association tests...done (0ms) 
 set [278/819] : LINC00367 - 10320 variants...
     -reading in genotypes, computing gene-based tests and building masks...done (14469ms) 
     -computing association tests...done (55ms) 
     -computing joint association tests...done (0ms) 
 set [279/819] : LINC00368 - 6905 variants...
     -reading in genotypes, computing gene-based tests and building masks...done (15729ms) 
     -computing association tests...done (12ms) 
     -computing joint association tests...done (0ms) 
 set [280/819] : LINC00370 - 16373 variants...
     -reading in genotypes, computing gene-based tests and building masks...done (13456ms) 
     -computing association tests...done (9ms) 
     -computing joint association tests...done (0ms) 
 set [281/819] : LINC00373 - 46326 variants...
     -reading in genotypes, computing gene-based tests and building masks...done (41793ms) 
     -computing association tests...done (16ms) 
     -computing joint association tests...done (0ms) 
 set [282/819] : LINC00374 - 11502 variants...
     -reading in genotypes, computing gene-based tests and building masks...done (8369ms) 
     -computing association tests...done (11ms) 
     -computing joint association tests...done (0ms) 
 set [283/819] : LINC00375 - 79062 variants...
     -reading in genotypes, computing gene-based tests and building masks...done (82055ms) 
     -computing association tests...done (14ms) 
     -computing joint association tests...done (0ms) 
 set [284/819] : LINC00376 - 67590 variants...
     -reading in genotypes, computing gene-based tests and building masks...done (61232ms) 
     -computing association tests...done (22ms) 
     -computing joint association tests...done (0ms) 
 set [285/819] : LINC00377 - 12388 variants...
     -reading in genotypes, computing gene-based tests and building masks...done (12544ms) 
     -computing association tests...done (11ms) 
     -computing joint association tests...done (0ms) 
 set [286/819] : LINC00378 - 260070 variants...
     -reading in genotypes, computing gene-based tests and building masks...done (747999ms) 
     -computing association tests...done (16ms) 
     -computing joint association tests...done (0ms) 
 set [287/819] : LINC00379 - 41011 variants...
     -reading in genotypes, computing gene-based tests and building masks...done (32748ms) 
     -computing association tests...done (11ms) 
     -computing joint association tests...done (0ms) 
 set [288/819] : LINC00380 - 5603 variants...
     -reading in genotypes, computing gene-based tests and building masks...done (3965ms) 
     -computing association tests...done (48ms) 
     -computing joint association tests...done (0ms) 
 set [289/819] : LINC00382 - 21749 variants...
     -reading in genotypes, computing gene-based tests and building masks...done (25932ms) 
     -computing association tests...done (12ms) 
     -computing joint association tests...done (8ms) 
 set [290/819] : LINC00383 - 47599 variants...
     -reading in genotypes, computing gene-based tests and building masks...done (56922ms) 
     -computing association tests...done (22ms) 
     -computing joint association tests...done (0ms) 
 set [291/819] : LINC00384 - 4404 variants...
     -reading in genotypes, computing gene-based tests and building masks...done (4753ms) 
     -computing association tests...done (12ms) 
     -computing joint association tests...done (0ms) 
 set [292/819] : LINC00385 - 6764 variants...
     -reading in genotypes, computing gene-based tests and building masks...done (6311ms) 
     -computing association tests...done (9ms) 
     -computing joint association tests...done (0ms) 
 set [293/819] : LINC00387 - 7434 variants...
     -reading in genotypes, computing gene-based tests and building masks...done (7821ms) 
     -computing association tests...done (47ms) 
     -computing joint association tests...done (0ms) 
 set [294/819] : LINC00388 - 6813 variants...
     -reading in genotypes, computing gene-based tests and building masks...done (10442ms) 
     -computing association tests...done (10ms) 
     -computing joint association tests...done (0ms) 
 set [295/819] : LINC00390 - 6398 variants...
     -reading in genotypes, computing gene-based tests and building masks...done (5056ms) 
     -computing association tests...done (10ms) 
     -computing joint association tests...done (0ms) 
 set [296/819] : LINC00391 - 3801 variants...
     -reading in genotypes, computing gene-based tests and building masks...done (6831ms) 
     -computing association tests...done (42ms) 
     -computing joint association tests...done (0ms) 
 set [297/819] : LINC00392 - 224 variants...
     -reading in genotypes, computing gene-based tests and building masks...done (1156ms) 
     -computing association tests...done (7ms) 
     -computing joint association tests...done (0ms) 
 set [298/819] : LINC00393 - 107607 variants...
     -reading in genotypes, computing gene-based tests and building masks...done (137462ms) 
     -computing association tests...done (12ms) 
     -computing joint association tests...done (0ms) 
 set [299/819] : LINC00395 - 1018 variants...
     -reading in genotypes, computing gene-based tests and building masks...done (12678ms) 
     -computing association tests...done (8ms) 
     -computing joint association tests...done (0ms) 
 set [300/819] : LINC00396 - 5330 variants...
     -reading in genotypes, computing gene-based tests and building masks...done (5725ms) 
     -computing association tests...done (10ms) 
     -computing joint association tests...done (13ms) 
 set [301/819] : LINC00397 - 53734 variants...
     -reading in genotypes, computing gene-based tests and building masks...done (59438ms) 
     -computing association tests...done (16ms) 
     -computing joint association tests...done (0ms) 
 set [302/819] : LINC00398 - 45834 variants...
     -reading in genotypes, computing gene-based tests and building masks...done (162123ms) 
     -computing association tests...done (11ms) 
     -computing joint association tests...done (0ms) 
 set [303/819] : LINC00399 - 4743 variants...
     -reading in genotypes, computing gene-based tests and building masks...done (3692ms) 
     -computing association tests...done (10ms) 
     -computing joint association tests...done (20ms) 
 set [304/819] : LINC00400 - 4648 variants...
     -reading in genotypes, computing gene-based tests and building masks...done (5691ms) 
     -computing association tests...done (7ms) 
     -computing joint association tests...done (0ms) 
 set [305/819] : LINC00402 - 104827 variants...
     -reading in genotypes, computing gene-based tests and building masks...done (126933ms) 
     -computing association tests...done (67ms) 
     -computing joint association tests...done (0ms) 
 set [306/819] : LINC00404 - 5687 variants...
     -reading in genotypes, computing gene-based tests and building masks...done (6048ms) 
     -computing association tests...done (41ms) 
     -computing joint association tests...done (16ms) 
 set [307/819] : LINC00408 - 7970 variants...
     -reading in genotypes, computing gene-based tests and building masks...done (12009ms) 
     -computing association tests...done (43ms) 
     -computing joint association tests...done (0ms) 
 set [308/819] : LINC00410 - 19257 variants...
     -reading in genotypes, computing gene-based tests and building masks...done (13357ms) 
     -computing association tests...done (10ms) 
     -computing joint association tests...done (0ms) 
 set [309/819] : LINC00412 - 29003 variants...
     -reading in genotypes, computing gene-based tests and building masks...done (29109ms) 
     -computing association tests...done (11ms) 
     -computing joint association tests...done (0ms) 
 set [310/819] : LINC00415 - 3059 variants...
     -reading in genotypes, computing gene-based tests and building masks...done (3201ms) 
     -computing association tests...done (7ms) 
     -computing joint association tests...done (0ms) 
 set [311/819] : LINC00421 - 928 variants...
     -reading in genotypes, computing gene-based tests and building masks...done (12310ms) 
     -computing association tests...done (52ms) 
     -computing joint association tests...done (0ms) 
 set [312/819] : LINC00423 - 18604 variants...
     -reading in genotypes, computing gene-based tests and building masks...done (19295ms) 
     -computing association tests...done (10ms) 
     -computing joint association tests...done (0ms) 
 set [313/819] : LINC00424 - 7055 variants...
     -reading in genotypes, computing gene-based tests and building masks...done (10367ms) 
     -computing association tests...done (11ms) 
     -computing joint association tests...done (0ms) 
 set [314/819] : LINC00426 - 25128 variants...
     -reading in genotypes, computing gene-based tests and building masks...done (22416ms) 
     -computing association tests...done (13ms) 
     -computing joint association tests...done (0ms) 
 set [315/819] : LINC00427 - 4668 variants...
     -reading in genotypes, computing gene-based tests and building masks...done (6325ms) 
     -computing association tests...done (11ms) 
     -computing joint association tests...done (0ms) 
 set [316/819] : LINC00428 - 19434 variants...
     -reading in genotypes, computing gene-based tests and building masks...done (20888ms) 
     -computing association tests...done (11ms) 
     -computing joint association tests...done (0ms) 
 set [317/819] : LINC00430 - 16216 variants...
     -reading in genotypes, computing gene-based tests and building masks...done (12411ms) 
     -computing association tests...done (10ms) 
     -computing joint association tests...done (0ms) 
 set [318/819] : LINC00433 - 44707 variants...
     -reading in genotypes, computing gene-based tests and building masks...done (45534ms) 
     -computing association tests...done (10ms) 
     -computing joint association tests...done (0ms) 
 set [319/819] : LINC00434 - 34678 variants...
     -reading in genotypes, computing gene-based tests and building masks...done (40946ms) 
     -computing association tests...done (15ms) 
     -computing joint association tests...done (0ms) 
 set [320/819] : LINC00437 - 63015 variants...
     -reading in genotypes, computing gene-based tests and building masks...done (65747ms) 
     -computing association tests...done (52ms) 
     -computing joint association tests...done (0ms) 
 set [321/819] : LINC00440 - 35736 variants...
     -reading in genotypes, computing gene-based tests and building masks...done (35790ms) 
     -computing association tests...done (11ms) 
     -computing joint association tests...done (0ms) 
 set [322/819] : LINC00442 - 732 variants...
     -reading in genotypes, computing gene-based tests and building masks...done (2780ms) 
     -computing association tests...done (4ms) 
     -computing joint association tests...done (0ms) 
 set [323/819] : LINC00445 - 5911 variants...
     -reading in genotypes, computing gene-based tests and building masks...done (6764ms) 
     -computing association tests...done (10ms) 
     -computing joint association tests...done (15ms) 
 set [324/819] : LINC00448 - 56715 variants...
     -reading in genotypes, computing gene-based tests and building masks...done (55194ms) 
     -computing association tests...done (13ms) 
     -computing joint association tests...done (15ms) 
 set [325/819] : LINC00452 - 16447 variants...
     -reading in genotypes, computing gene-based tests and building masks...done (29302ms) 
     -computing association tests...done (11ms) 
     -computing joint association tests...done (0ms) 
 set [326/819] : LINC00454 - 2152 variants...
     -reading in genotypes, computing gene-based tests and building masks...done (4087ms) 
     -computing association tests...done (10ms) 
     -computing joint association tests...done (0ms) 
 set [327/819] : LINC00456 - 34635 variants...
     -reading in genotypes, computing gene-based tests and building masks...done (42049ms) 
     -computing association tests...done (14ms) 
     -computing joint association tests...done (0ms) 
 set [328/819] : LINC00457 - 96106 variants...
     -reading in genotypes, computing gene-based tests and building masks...done (158983ms) 
     -computing association tests...done (16ms) 
     -computing joint association tests...done (0ms) 
 set [329/819] : LINC00458 - 137083 variants...
     -reading in genotypes, computing gene-based tests and building masks...done (169281ms) 
     -computing association tests...done (15ms) 
     -computing joint association tests...done (0ms) 
 set [330/819] : LINC00459 - 6900 variants...
     -reading in genotypes, computing gene-based tests and building masks...done (4271ms) 
     -computing association tests...done (13ms) 
     -computing joint association tests...done (0ms) 
 set [331/819] : LINC00460 - 5775 variants...
     -reading in genotypes, computing gene-based tests and building masks...done (7341ms) 
     -computing association tests...done (9ms) 
     -computing joint association tests...done (0ms) 
 set [332/819] : LINC00462 - 9426 variants...
     -reading in genotypes, computing gene-based tests and building masks...done (10042ms) 
     -computing association tests...done (9ms) 
     -computing joint association tests...done (0ms) 
 set [333/819] : LINC00463 - 288 variants...
     -reading in genotypes, computing gene-based tests and building masks...done (489ms) 
     -computing association tests...done (43ms) 
     -computing joint association tests...done (0ms) 
 set [334/819] : LINC00539 - 22820 variants...
     -reading in genotypes, computing gene-based tests and building masks...done (19833ms) 
     -computing association tests...done (9ms) 
     -computing joint association tests...done (2ms) 
 set [335/819] : LINC00540 - 101431 variants...
     -reading in genotypes, computing gene-based tests and building masks...done (119411ms) 
     -computing association tests...done (53ms) 
     -computing joint association tests...done (0ms) 
 set [336/819] : LINC00543 - 988 variants...
     -reading in genotypes, computing gene-based tests and building masks...done (17823ms) 
     -computing association tests...done (3ms) 
     -computing joint association tests...done (0ms) 
 set [337/819] : LINC00544 - 13711 variants...
     -reading in genotypes, computing gene-based tests and building masks...done (11784ms) 
     -computing association tests...done (50ms) 
     -computing joint association tests...done (0ms) 
 set [338/819] : LINC00547 - 11644 variants...
     -reading in genotypes, computing gene-based tests and building masks...done (11669ms) 
     -computing association tests...done (18ms) 
     -computing joint association tests...done (0ms) 
 set [339/819] : LINC00550 - 30841 variants...
     -reading in genotypes, computing gene-based tests and building masks...done (32564ms) 
     -computing association tests...done (11ms) 
     -computing joint association tests...done (0ms) 
 set [340/819] : LINC00552 - 6779 variants...
     -reading in genotypes, computing gene-based tests and building masks...done (6791ms) 
     -computing association tests...done (43ms) 
     -computing joint association tests...done (9ms) 
 set [341/819] : LINC00554 - 5822 variants...
     -reading in genotypes, computing gene-based tests and building masks...done (4476ms) 
     -computing association tests...done (45ms) 
     -computing joint association tests...done (0ms) 
 set [342/819] : LINC00555 - 188 variants...
     -reading in genotypes, computing gene-based tests and building masks...done (347ms) 
     -computing association tests...done (2ms) 
     -computing joint association tests...done (0ms) 
 set [343/819] : LINC00556 - 1326 variants...
     -reading in genotypes, computing gene-based tests and building masks...done (7360ms) 
     -computing association tests...done (10ms) 
     -computing joint association tests...done (0ms) 
 set [344/819] : LINC00557 - 2330 variants...
     -reading in genotypes, computing gene-based tests and building masks...done (1981ms) 
     -computing association tests...done (9ms) 
     -computing joint association tests...done (0ms) 
 set [345/819] : LINC00558 - 54709 variants...
     -reading in genotypes, computing gene-based tests and building masks...done (49038ms) 
     -computing association tests...done (12ms) 
     -computing joint association tests...done (0ms) 
 set [346/819] : LINC00559 - 29868 variants...
     -reading in genotypes, computing gene-based tests and building masks...done (22843ms) 
     -computing association tests...done (11ms) 
     -computing joint association tests...done (0ms) 
 set [347/819] : LINC00561 - 3879 variants...
     -reading in genotypes, computing gene-based tests and building masks...done (2619ms) 
     -computing association tests...done (10ms) 
     -computing joint association tests...done (0ms) 
 set [348/819] : LINC00562 - 4925 variants...
     -reading in genotypes, computing gene-based tests and building masks...done (11610ms) 
     -computing association tests...done (10ms) 
     -computing joint association tests...done (0ms) 
 set [349/819] : LINC00563 - 15261 variants...
     -reading in genotypes, computing gene-based tests and building masks...done (10981ms) 
     -computing association tests...done (10ms) 
     -computing joint association tests...done (0ms) 
 set [350/819] : LINC00564 - 6258 variants...
     -reading in genotypes, computing gene-based tests and building masks...done (4462ms) 
     -computing association tests...done (12ms) 
     -computing joint association tests...done (0ms) 
 set [351/819] : LINC00566 - 8980 variants...
     -reading in genotypes, computing gene-based tests and building masks...done (8364ms) 
     -computing association tests...done (9ms) 
     -computing joint association tests...done (0ms) 
 set [352/819] : LINC00567 - 1562 variants...
     -reading in genotypes, computing gene-based tests and building masks...done (1529ms) 
     -computing association tests...done (6ms) 
     -computing joint association tests...done (0ms) 
 set [353/819] : LINC00571 - 123522 variants...
     -reading in genotypes, computing gene-based tests and building masks...done (166606ms) 
     -computing association tests...done (16ms) 
     -computing joint association tests...done (0ms) 
 set [354/819] : LINC00572 - 8354 variants...
     -reading in genotypes, computing gene-based tests and building masks...done (11358ms) 
     -computing association tests...done (9ms) 
     -computing joint association tests...done (0ms) 
 set [355/819] : LINC00598 - 170319 variants...
     -reading in genotypes, computing gene-based tests and building masks...done (299795ms) 
     -computing association tests...done (16ms) 
     -computing joint association tests...done (0ms) 
 set [356/819] : LINC00621 - 16592 variants...
     -reading in genotypes, computing gene-based tests and building masks...done (22179ms) 
     -computing association tests...done (42ms) 
     -computing joint association tests...done (0ms) 
 set [357/819] : LINC00676 - 335 variants...
     -reading in genotypes, computing gene-based tests and building masks...done (3011ms) 
     -computing association tests...done (53ms) 
     -computing joint association tests...done (10ms) 
 set [358/819] : LINC01034 - 5154 variants...
     -reading in genotypes, computing gene-based tests and building masks...done (5078ms) 
     -computing association tests...done (8ms) 
     -computing joint association tests...done (0ms) 
 set [359/819] : LINC01038 - 4950 variants...
     -reading in genotypes, computing gene-based tests and building masks...done (3279ms) 
     -computing association tests...done (8ms) 
     -computing joint association tests...done (0ms) 
 set [360/819] : LINC01039 - 5614 variants...
     -reading in genotypes, computing gene-based tests and building masks...done (10995ms) 
     -computing association tests...done (8ms) 
     -computing joint association tests...done (0ms) 
 set [361/819] : LINC01040 - 16269 variants...
     -reading in genotypes, computing gene-based tests and building masks...done (28515ms) 
     -computing association tests...done (10ms) 
     -computing joint association tests...done (0ms) 
 set [362/819] : LINC01043 - 17088 variants...
     -reading in genotypes, computing gene-based tests and building masks...done (18736ms) 
     -computing association tests...done (16ms) 
     -computing joint association tests...done (0ms) 
 set [363/819] : LINC01044 - 4466 variants...
     -reading in genotypes, computing gene-based tests and building masks...done (3388ms) 
     -computing association tests...done (9ms) 
     -computing joint association tests...done (0ms) 
 set [364/819] : LINC01046 - 10040 variants...
     -reading in genotypes, computing gene-based tests and building masks...done (12552ms) 
     -computing association tests...done (46ms) 
     -computing joint association tests...done (0ms) 
 set [365/819] : LINC01047 - 14391 variants...
     -reading in genotypes, computing gene-based tests and building masks...done (13055ms) 
     -computing association tests...done (10ms) 
     -computing joint association tests...done (0ms) 
 set [366/819] : LINC01048 - 23523 variants...
     -reading in genotypes, computing gene-based tests and building masks...done (23996ms) 
     -computing association tests...done (11ms) 
     -computing joint association tests...done (0ms) 
 set [367/819] : LINC01049 - 22004 variants...
     -reading in genotypes, computing gene-based tests and building masks...done (27390ms) 
     -computing association tests...done (62ms) 
     -computing joint association tests...done (0ms) 
 set [368/819] : LINC01050 - 3735 variants...
     -reading in genotypes, computing gene-based tests and building masks...done (4242ms) 
     -computing association tests...done (9ms) 
     -computing joint association tests...done (0ms) 
 set [369/819] : LINC01052 - 42319 variants...
     -reading in genotypes, computing gene-based tests and building masks...done (36640ms) 
     -computing association tests...done (14ms) 
     -computing joint association tests...done (0ms) 
 set [370/819] : LINC01053 - 6495 variants...
     -reading in genotypes, computing gene-based tests and building masks...done (6329ms) 
     -computing association tests...done (43ms) 
     -computing joint association tests...done (0ms) 
 set [371/819] : LINC01054 - 8528 variants...
     -reading in genotypes, computing gene-based tests and building masks...done (6642ms) 
     -computing association tests...done (9ms) 
     -computing joint association tests...done (0ms) 
 set [372/819] : LINC01055 - 9032 variants...
     -reading in genotypes, computing gene-based tests and building masks...done (15016ms) 
     -computing association tests...done (9ms) 
     -computing joint association tests...done (0ms) 
 set [373/819] : LINC01058 - 2648 variants...
     -reading in genotypes, computing gene-based tests and building masks...done (9395ms) 
     -computing association tests...done (9ms) 
     -computing joint association tests...done (0ms) 
 set [374/819] : LINC01065 - 23390 variants...
     -reading in genotypes, computing gene-based tests and building masks...done (19192ms) 
     -computing association tests...done (11ms) 
     -computing joint association tests...done (13ms) 
 set [375/819] : LINC01066 - 5091 variants...
     -reading in genotypes, computing gene-based tests and building masks...done (4378ms) 
     -computing association tests...done (10ms) 
     -computing joint association tests...done (0ms) 
 set [376/819] : LINC01067 - 5660 variants...
     -reading in genotypes, computing gene-based tests and building masks...done (5258ms) 
     -computing association tests...done (9ms) 
     -computing joint association tests...done (0ms) 
 set [377/819] : LINC01068 - 6035 variants...
     -reading in genotypes, computing gene-based tests and building masks...done (17769ms) 
     -computing association tests...done (10ms) 
     -computing joint association tests...done (0ms) 
 set [378/819] : LINC01070 - 7365 variants...
     -reading in genotypes, computing gene-based tests and building masks...done (15680ms) 
     -computing association tests...done (9ms) 
     -computing joint association tests...done (0ms) 
 set [379/819] : LINC01072 - 3971 variants...
     -reading in genotypes, computing gene-based tests and building masks...done (2736ms) 
     -computing association tests...done (10ms) 
     -computing joint association tests...done (0ms) 
 set [380/819] : LINC01074 - 1127 variants...
     -reading in genotypes, computing gene-based tests and building masks...done (1126ms) 
     -computing association tests...done (49ms) 
     -computing joint association tests...done (0ms) 
 set [381/819] : LINC01075 - 21186 variants...
     -reading in genotypes, computing gene-based tests and building masks...done (20916ms) 
     -computing association tests...done (9ms) 
     -computing joint association tests...done (0ms) 
 set [382/819] : LINC01076 - 18203 variants...
     -reading in genotypes, computing gene-based tests and building masks...done (12523ms) 
     -computing association tests...done (11ms) 
     -computing joint association tests...done (0ms) 
 set [383/819] : LINC01077 - 3921 variants...
     -reading in genotypes, computing gene-based tests and building masks...done (3782ms) 
     -computing association tests...done (9ms) 
     -computing joint association tests...done (0ms) 
 set [384/819] : LINC01078 - 4864 variants...
     -reading in genotypes, computing gene-based tests and building masks...done (11153ms) 
     -computing association tests...done (8ms) 
     -computing joint association tests...done (0ms) 
 set [385/819] : LINC01079 - 18403 variants...
     -reading in genotypes, computing gene-based tests and building masks...done (15126ms) 
     -computing association tests...done (9ms) 
     -computing joint association tests...done (0ms) 
 set [386/819] : LINC01080 - 31508 variants...
     -reading in genotypes, computing gene-based tests and building masks...done (35469ms) 
     -computing association tests...done (11ms) 
     -computing joint association tests...done (0ms) 
 set [387/819] : LINC01198 - 39878 variants...
     -reading in genotypes, computing gene-based tests and building masks...done (42944ms) 
     -computing association tests...done (12ms) 
     -computing joint association tests...done (0ms) 
 set [388/819] : LINC01232 - 1990 variants...
     -reading in genotypes, computing gene-based tests and building masks...done (3978ms) 
     -computing association tests...done (5ms) 
     -computing joint association tests...done (0ms) 
 set [389/819] : LINC01309 - 7644 variants...
     -reading in genotypes, computing gene-based tests and building masks...done (4638ms) 
     -computing association tests...done (45ms) 
     -computing joint association tests...done (0ms) 
 set [390/819] : LINC01442 - 12714 variants...
     -reading in genotypes, computing gene-based tests and building masks...done (10040ms) 
     -computing association tests...done (16ms) 
     -computing joint association tests...done (0ms) 
 set [391/819] : LINC02333 - 7701 variants...
     -reading in genotypes, computing gene-based tests and building masks...done (12495ms) 
     -computing association tests...done (8ms) 
     -computing joint association tests...done (19ms) 
 set [392/819] : LINC02334 - 53447 variants...
     -reading in genotypes, computing gene-based tests and building masks...done (58254ms) 
     -computing association tests...done (13ms) 
     -computing joint association tests...done (0ms) 
 set [393/819] : LINC02335 - 66777 variants...
     -reading in genotypes, computing gene-based tests and building masks...done (64854ms) 
     -computing association tests...done (48ms) 
     -computing joint association tests...done (0ms) 
 set [394/819] : LINC02336 - 179580 variants...
     -reading in genotypes, computing gene-based tests and building masks...done (300664ms) 
     -computing association tests...done (15ms) 
     -computing joint association tests...done (0ms) 
 set [395/819] : LINC02337 - 56116 variants...
     -reading in genotypes, computing gene-based tests and building masks...done (109090ms) 
     -computing association tests...done (14ms) 
     -computing joint association tests...done (0ms) 
 set [396/819] : LINC02338 - 23205 variants...
     -reading in genotypes, computing gene-based tests and building masks...done (18565ms) 
     -computing association tests...done (13ms) 
     -computing joint association tests...done (0ms) 
 set [397/819] : LINC02339 - 5031 variants...
     -reading in genotypes, computing gene-based tests and building masks...done (3234ms) 
     -computing association tests...done (9ms) 
     -computing joint association tests...done (0ms) 
 set [398/819] : LINC02341 - 66660 variants...
     -reading in genotypes, computing gene-based tests and building masks...done (69475ms) 
     -computing association tests...done (13ms) 
     -computing joint association tests...done (0ms) 
 set [399/819] : LINC02342 - 10664 variants...
     -reading in genotypes, computing gene-based tests and building masks...done (8662ms) 
     -computing association tests...done (10ms) 
     -computing joint association tests...done (0ms) 
 set [400/819] : LINC02343 - 38786 variants...
     -reading in genotypes, computing gene-based tests and building masks...done (37716ms) 
     -computing association tests...done (13ms) 
     -computing joint association tests...done (0ms) 
 set [401/819] : LINC02344 - 4553 variants...
     -reading in genotypes, computing gene-based tests and building masks...done (3126ms) 
     -computing association tests...done (10ms) 
     -computing joint association tests...done (0ms) 
 set [402/819] : LINC02938 - 23146 variants...
     -reading in genotypes, computing gene-based tests and building masks...done (17647ms) 
     -computing association tests...done (10ms) 
     -computing joint association tests...done (0ms) 
 set [403/819] : LINC03032 - 795 variants...
     -reading in genotypes, computing gene-based tests and building masks...done (7782ms) 
     -computing association tests...done (6ms) 
     -computing joint association tests...done (0ms) 
 set [404/819] : LINC03082 - 56711 variants...
     -reading in genotypes, computing gene-based tests and building masks...done (51523ms) 
     -computing association tests...done (52ms) 
     -computing joint association tests...done (0ms) 
 set [405/819] : LIPT1P1 - 5089 variants...
     -reading in genotypes, computing gene-based tests and building masks...done (6408ms) 
     -computing association tests...done (10ms) 
     -computing joint association tests...done (0ms) 
 set [406/819] : LMO7 - 102208 variants...
     -reading in genotypes, computing gene-based tests and building masks...done (105407ms) 
     -computing association tests...done (58ms) 
     -computing joint association tests...done (0ms) 
 set [407/819] : LMO7-AS1 - 10662 variants...
     -reading in genotypes, computing gene-based tests and building masks...done (12080ms) 
     -computing association tests...done (10ms) 
     -computing joint association tests...done (0ms) 
 set [408/819] : LMO7DN - 9865 variants...
     -reading in genotypes, computing gene-based tests and building masks...done (6326ms) 
     -computing association tests...done (16ms) 
     -computing joint association tests...done (22ms) 
 set [409/819] : LNCARGI - 9171 variants...
     -reading in genotypes, computing gene-based tests and building masks...done (8901ms) 
     -computing association tests...done (45ms) 
     -computing joint association tests...done (0ms) 
 set [410/819] : LNX2 - 37848 variants...
     -reading in genotypes, computing gene-based tests and building masks...done (31124ms) 
     -computing association tests...done (53ms) 
     -computing joint association tests...done (0ms) 
 set [411/819] : LONRF2P2 - 705 variants...
     -reading in genotypes, computing gene-based tests and building masks...done (5476ms) 
     -computing association tests...done (6ms) 
     -computing joint association tests...done (0ms) 
 set [412/819] : LRCH1 - 85590 variants...
     -reading in genotypes, computing gene-based tests and building masks...done (85400ms) 
     -computing association tests...done (50ms) 
     -computing joint association tests...done (0ms) 
 set [413/819] : LRRC63 - 28692 variants...
     -reading in genotypes, computing gene-based tests and building masks...done (19336ms) 
     -computing association tests...done (10ms) 
     -computing joint association tests...done (0ms) 
 set [414/819] : LSP1P1 - 2368 variants...
     -reading in genotypes, computing gene-based tests and building masks...done (9636ms) 
     -computing association tests...done (45ms) 
     -computing joint association tests...done (0ms) 
 set [415/819] : MAB21L1 - 5492 variants...
     -reading in genotypes, computing gene-based tests and building masks...done (4420ms) 
     -computing association tests...done (42ms) 
     -computing joint association tests...done (0ms) 
 set [416/819] : MARK2P12 - 2712 variants...
     -reading in genotypes, computing gene-based tests and building masks...done (2495ms) 
     -computing association tests...done (10ms) 
     -computing joint association tests...done (0ms) 
 set [417/819] : MBNL2 - 74075 variants...
     -reading in genotypes, computing gene-based tests and building masks...done (64351ms) 
     -computing association tests...done (11ms) 
     -computing joint association tests...done (0ms) 
 set [418/819] : MCF2L - 98500 variants...
     -reading in genotypes, computing gene-based tests and building masks...done (183093ms) 
     -computing association tests...done (58ms) 
     -computing joint association tests...done (0ms) 
 set [419/819] : MCF2L-AS1 - 772 variants...
     -reading in genotypes, computing gene-based tests and building masks...done (787ms) 
     -computing association tests...done (2ms) 
     -computing joint association tests...done (0ms) 
 set [420/819] : MED4 - 12697 variants...
     -reading in genotypes, computing gene-based tests and building masks...done (13387ms) 
     -computing association tests...done (10ms) 
     -computing joint association tests...done (2ms) 
 set [421/819] : MED4-AS1 - 7087 variants...
     -reading in genotypes, computing gene-based tests and building masks...done (6924ms) 
     -computing association tests...done (9ms) 
     -computing joint association tests...done (0ms) 
 set [422/819] : MEDAG - 11072 variants...
     -reading in genotypes, computing gene-based tests and building masks...done (11784ms) 
     -computing association tests...done (19ms) 
     -computing joint association tests...done (0ms) 
 set [423/819] : MEMO1P5 - 164 variants...
     -reading in genotypes, computing gene-based tests and building masks...done (802ms) 
     -computing association tests...done (46ms) 
     -computing joint association tests...done (0ms) 
 set [424/819] : Metazoa_SRP - 25241 variants...
     -reading in genotypes, computing gene-based tests and building masks...done (42638ms) 
     -computing association tests...done (58ms) 
     -computing joint association tests...done (0ms) 
 set [425/819] : METTL21C - 8963 variants...
     -reading in genotypes, computing gene-based tests and building masks...done (14458ms) 
     -computing association tests...done (20ms) 
     -computing joint association tests...done (2ms) 
 set [426/819] : METTL21EP - 7728 variants...
     -reading in genotypes, computing gene-based tests and building masks...done (7547ms) 
     -computing association tests...done (28ms) 
     -computing joint association tests...done (0ms) 
 set [427/819] : MFAP1P1 - 508 variants...
     -reading in genotypes, computing gene-based tests and building masks...done (692ms) 
     -computing association tests...done (3ms) 
     -computing joint association tests...done (0ms) 
 set [428/819] : MICU2 - 51491 variants...
     -reading in genotypes, computing gene-based tests and building masks...done (55471ms) 
     -computing association tests...done (14ms) 
     -computing joint association tests...done (0ms) 
 set [429/819] : MIPEP - 67489 variants...
     -reading in genotypes, computing gene-based tests and building masks...done (61165ms) 
     -computing association tests...done (12ms) 
     -computing joint association tests...done (0ms) 
 set [430/819] : MIPEPP3 - 46 variants...
     -reading in genotypes, computing gene-based tests and building masks...done (626ms) 
     -computing association tests...done (0ms) 
     -computing joint association tests...done (0ms) 
 set [431/819] : MIR1297 - 24 variants...
     -reading in genotypes, computing gene-based tests and building masks...done (7098ms) 
     -computing association tests...done (0ms) 
     -computing joint association tests...done (0ms) 
 set [432/819] : MIR17HG - 21253 variants...
     -reading in genotypes, computing gene-based tests and building masks...done (16721ms) 
     -computing association tests...done (10ms) 
     -computing joint association tests...done (0ms) 
 set [433/819] : MIR2681 - 4438 variants...
     -reading in genotypes, computing gene-based tests and building masks...done (3032ms) 
     -computing association tests...done (9ms) 
     -computing joint association tests...done (0ms) 
 set [434/819] : MIR3168 - 4682 variants...
     -reading in genotypes, computing gene-based tests and building masks...done (4582ms) 
     -computing association tests...done (40ms) 
     -computing joint association tests...done (0ms) 
 set [435/819] : MIR3169 - 4068 variants...
     -reading in genotypes, computing gene-based tests and building masks...done (2687ms) 
     -computing association tests...done (44ms) 
     -computing joint association tests...done (0ms) 
 set [436/819] : MIR4500 - 37 variants...
     -reading in genotypes, computing gene-based tests and building masks...done (590ms) 
     -computing association tests...done (0ms) 
     -computing joint association tests...done (0ms) 
 set [437/819] : MIR4500HG - 115939 variants...
     -reading in genotypes, computing gene-based tests and building masks...done (158032ms) 
     -computing association tests...done (69ms) 
     -computing joint association tests...done (0ms) 
 set [438/819] : MIR4703 - 22 variants...
     -reading in genotypes, computing gene-based tests and building masks...done (491ms) 
     -computing association tests...done (0ms) 
     -computing joint association tests...done (0ms) 
 set [439/819] : MIR4704 - 4119 variants...
     -reading in genotypes, computing gene-based tests and building masks...done (2851ms) 
     -computing association tests...done (10ms) 
     -computing joint association tests...done (19ms) 
 set [440/819] : MIR4705 - 4308 variants...
     -reading in genotypes, computing gene-based tests and building masks...done (2753ms) 
     -computing association tests...done (9ms) 
     -computing joint association tests...done (0ms) 
 set [441/819] : MIR5007 - 44 variants...
     -reading in genotypes, computing gene-based tests and building masks...done (328ms) 
     -computing association tests...done (0ms) 
     -computing joint association tests...done (0ms) 
 set [442/819] : MIR548X2 - 40 variants...
     -reading in genotypes, computing gene-based tests and building masks...done (4314ms) 
     -computing association tests...done (0ms) 
     -computing joint association tests...done (0ms) 
 set [443/819] : MIR622 - 7 variants...
     -reading in genotypes, computing gene-based tests and building masks...done (288ms) 
     -computing association tests...done (0ms) 
     -computing joint association tests...done (17ms) 
 set [444/819] : MIR759 - 28 variants...
     -reading in genotypes, computing gene-based tests and building masks...done (761ms) 
     -computing association tests...done (0ms) 
     -computing joint association tests...done (0ms) 
 set [445/819] : MLNR - 4981 variants...
     -reading in genotypes, computing gene-based tests and building masks...done (4968ms) 
     -computing association tests...done (45ms) 
     -computing joint association tests...done (0ms) 
 set [446/819] : MOB1AP1 - 4467 variants...
     -reading in genotypes, computing gene-based tests and building masks...done (11117ms) 
     -computing association tests...done (7ms) 
     -computing joint association tests...done (0ms) 
 set [447/819] : MORF4L1P4 - 373 variants...
     -reading in genotypes, computing gene-based tests and building masks...done (462ms) 
     -computing association tests...done (6ms) 
     -computing joint association tests...done (0ms) 
 set [448/819] : MPHOSPH8 - 22475 variants...
     -reading in genotypes, computing gene-based tests and building masks...done (21444ms) 
     -computing association tests...done (43ms) 
     -computing joint association tests...done (0ms) 
 set [449/819] : MRPL3P1 - 397 variants...
     -reading in genotypes, computing gene-based tests and building masks...done (444ms) 
     -computing association tests...done (1ms) 
     -computing joint association tests...done (0ms) 
 set [450/819] : MRPL57 - 2400 variants...
     -reading in genotypes, computing gene-based tests and building masks...done (8125ms) 
     -computing association tests...done (8ms) 
     -computing joint association tests...done (0ms) 
 set [451/819] : MRPS31 - 22209 variants...
     -reading in genotypes, computing gene-based tests and building masks...done (31948ms) 
     -computing association tests...done (17ms) 
     -computing joint association tests...done (0ms) 
 set [452/819] : MRPS31P2 - 119 variants...
     -reading in genotypes, computing gene-based tests and building masks...done (5329ms) 
     -computing association tests...done (20ms) 
     -computing joint association tests...done (0ms) 
 set [453/819] : MRPS31P5 - 13381 variants...
     -reading in genotypes, computing gene-based tests and building masks...done (9420ms) 
     -computing association tests...done (10ms) 
     -computing joint association tests...done (0ms) 
 set [454/819] : MTCL1P1 - 4664 variants...
     -reading in genotypes, computing gene-based tests and building masks...done (4265ms) 
     -computing association tests...done (33ms) 
     -computing joint association tests...done (2ms) 
 set [455/819] : MTCO2P3 - 172 variants...
     -reading in genotypes, computing gene-based tests and building masks...done (296ms) 
     -computing association tests...done (1ms) 
     -computing joint association tests...done (0ms) 
 set [456/819] : MTIF3 - 8888 variants...
     -reading in genotypes, computing gene-based tests and building masks...done (22153ms) 
     -computing association tests...done (99ms) 
     -computing joint association tests...done (0ms) 
 set [457/819] : MTMR6 - 20396 variants...
     -reading in genotypes, computing gene-based tests and building masks...done (15954ms) 
     -computing association tests...done (57ms) 
     -computing joint association tests...done (0ms) 
 set [458/819] : MTND4P1 - 1195 variants...
     -reading in genotypes, computing gene-based tests and building masks...done (7075ms) 
     -computing association tests...done (4ms) 
     -computing joint association tests...done (0ms) 
 set [459/819] : MTND5P3 - 4436 variants...
     -reading in genotypes, computing gene-based tests and building masks...done (4343ms) 
     -computing association tests...done (10ms) 
     -computing joint association tests...done (0ms) 
 set [460/819] : MTRF1 - 21550 variants...
     -reading in genotypes, computing gene-based tests and building masks...done (18484ms) 
     -computing association tests...done (61ms) 
     -computing joint association tests...done (0ms) 
 set [461/819] : MTUS2 - 303310 variants...
     -reading in genotypes, computing gene-based tests and building masks...done (747410ms) 
     -computing association tests...done (44ms) 
     -computing joint association tests...done (0ms) 
 set [462/819] : MYCBP2 - 116370 variants...
     -reading in genotypes, computing gene-based tests and building masks...done (114921ms) 
     -computing association tests...done (20ms) 
     -computing joint association tests...done (0ms) 
 set [463/819] : MYCBP2-AS1 - 1470 variants...
     -reading in genotypes, computing gene-based tests and building masks...done (1243ms) 
     -computing association tests...done (6ms) 
     -computing joint association tests...done (0ms) 
 set [464/819] : MYO16 - 275866 variants...
     -reading in genotypes, computing gene-based tests and building masks...done (653715ms) 
     -computing association tests...done (17ms) 
     -computing joint association tests...done (0ms) 
 set [465/819] : MZT1 - 11974 variants...
     -reading in genotypes, computing gene-based tests and building masks...done (11030ms) 
     -computing association tests...done (10ms) 
     -computing joint association tests...done (0ms) 
 set [466/819] : N4BP2L1 - 14834 variants...
     -reading in genotypes, computing gene-based tests and building masks...done (11485ms) 
     -computing association tests...done (10ms) 
     -computing joint association tests...done (0ms) 
 set [467/819] : N4BP2L2 - 38897 variants...
     -reading in genotypes, computing gene-based tests and building masks...done (29723ms) 
     -computing association tests...done (48ms) 
     -computing joint association tests...done (0ms) 
 set [468/819] : N4BP2L2-IT2 - 2526 variants...
     -reading in genotypes, computing gene-based tests and building masks...done (1864ms) 
     -computing association tests...done (48ms) 
     -computing joint association tests...done (0ms) 
 set [469/819] : NAA16 - 32867 variants...
     -reading in genotypes, computing gene-based tests and building masks...done (25029ms) 
     -computing association tests...done (13ms) 
     -computing joint association tests...done (0ms) 
 set [470/819] : NALCN - 154933 variants...
     -reading in genotypes, computing gene-based tests and building masks...done (191408ms) 
     -computing association tests...done (17ms) 
     -computing joint association tests...done (0ms) 
 set [471/819] : NALCN-AS1 - 148630 variants...
     -reading in genotypes, computing gene-based tests and building masks...done (213849ms) 
     -computing association tests...done (15ms) 
     -computing joint association tests...done (0ms) 
 set [472/819] : NALF1 - 307407 variants...
     -reading in genotypes, computing gene-based tests and building masks...done (726075ms) 
     -computing association tests...done (54ms) 
     -computing joint association tests...done (0ms) 
 set [473/819] : NAP1L4P3 - 2242 variants...
     -reading in genotypes, computing gene-based tests and building masks...done (1848ms) 
     -computing association tests...done (6ms) 
     -computing joint association tests...done (0ms) 
 set [474/819] : NAXD - 11995 variants...
     -reading in genotypes, computing gene-based tests and building masks...done (9138ms) 
     -computing association tests...done (49ms) 
     -computing joint association tests...done (0ms) 
 set [475/819] : NAXD-AS1 - 2447 variants...
     -reading in genotypes, computing gene-based tests and building masks...done (3018ms) 
     -computing association tests...done (8ms) 
     -computing joint association tests...done (0ms) 
 set [476/819] : NBEA - 292988 variants...
     -reading in genotypes, computing gene-based tests and building masks...done (609495ms) 
     -computing association tests...done (26ms) 
     -computing joint association tests...done (0ms) 
 set [477/819] : NDE1P2 - 4517 variants...
     -reading in genotypes, computing gene-based tests and building masks...done (8485ms) 
     -computing association tests...done (10ms) 
     -computing joint association tests...done (11ms) 
 set [478/819] : NDFIP2 - 34648 variants...
     -reading in genotypes, computing gene-based tests and building masks...done (29069ms) 
     -computing association tests...done (11ms) 
     -computing joint association tests...done (2ms) 
 set [479/819] : NDFIP2-AS1 - 21502 variants...
     -reading in genotypes, computing gene-based tests and building masks...done (21357ms) 
     -computing association tests...done (11ms) 
     -computing joint association tests...done (0ms) 
 set [480/819] : NDUFA12P1 - 4856 variants...
     -reading in genotypes, computing gene-based tests and building masks...done (13969ms) 
     -computing association tests...done (41ms) 
     -computing joint association tests...done (0ms) 
 set [481/819] : NEK3 - 15204 variants...
     -reading in genotypes, computing gene-based tests and building masks...done (21621ms) 
     -computing association tests...done (50ms) 
     -computing joint association tests...done (0ms) 
 set [482/819] : NEK5 - 35912 variants...
     -reading in genotypes, computing gene-based tests and building masks...done (41284ms) 
     -computing association tests...done (45ms) 
     -computing joint association tests...done (0ms) 
 set [483/819] : NFYAP1 - 1270 variants...
     -reading in genotypes, computing gene-based tests and building masks...done (1697ms) 
     -computing association tests...done (8ms) 
     -computing joint association tests...done (0ms) 
 set [484/819] : NHLRC3 - 6542 variants...
     -reading in genotypes, computing gene-based tests and building masks...done (6337ms) 
     -computing association tests...done (12ms) 
     -computing joint association tests...done (2ms) 
 set [485/819] : NIPA2P5 - 7490 variants...
     -reading in genotypes, computing gene-based tests and building masks...done (15187ms) 
     -computing association tests...done (14ms) 
     -computing joint association tests...done (0ms) 
 set [486/819] : NPM1P22 - 440 variants...
     -reading in genotypes, computing gene-based tests and building masks...done (1141ms) 
     -computing association tests...done (5ms) 
     -computing joint association tests...done (0ms) 
 set [487/819] : NPM1P4 - 4912 variants...
     -reading in genotypes, computing gene-based tests and building masks...done (4184ms) 
     -computing association tests...done (9ms) 
     -computing joint association tests...done (0ms) 
 set [488/819] : NRAD1 - 60205 variants...
     -reading in genotypes, computing gene-based tests and building masks...done (72027ms) 
     -computing association tests...done (15ms) 
     -computing joint association tests...done (0ms) 
 set [489/819] : NUDT15 - 8354 variants...
     -reading in genotypes, computing gene-based tests and building masks...done (6806ms) 
     -computing association tests...done (11ms) 
     -computing joint association tests...done (0ms) 
 set [490/819] : NUFIP1 - 21631 variants...
     -reading in genotypes, computing gene-based tests and building masks...done (21112ms) 
     -computing association tests...done (50ms) 
     -computing joint association tests...done (0ms) 
 set [491/819] : NUP58 - 28038 variants...
     -reading in genotypes, computing gene-based tests and building masks...done (22666ms) 
     -computing association tests...done (12ms) 
     -computing joint association tests...done (0ms) 
 set [492/819] : NUS1P2 - 430 variants...
     -reading in genotypes, computing gene-based tests and building masks...done (806ms) 
     -computing association tests...done (43ms) 
     -computing joint association tests...done (0ms) 
 set [493/819] : NUS1P4 - 10550 variants...
     -reading in genotypes, computing gene-based tests and building masks...done (67871ms) 
     -computing association tests...done (10ms) 
     -computing joint association tests...done (0ms) 
 set [494/819] : NXT1P1 - 151 variants...
     -reading in genotypes, computing gene-based tests and building masks...done (305ms) 
     -computing association tests...done (0ms) 
     -computing joint association tests...done (0ms) 
 set [495/819] : OBI1 - 45228 variants...
     -reading in genotypes, computing gene-based tests and building masks...done (57014ms) 
     -computing association tests...done (12ms) 
     -computing joint association tests...done (12ms) 
 set [496/819] : OBI1-AS1 - 292544 variants...
     -reading in genotypes, computing gene-based tests and building masks...done (608104ms) 
     -computing association tests...done (15ms) 
     -computing joint association tests...done (0ms) 
 set [497/819] : OLFM4 - 12911 variants...
     -reading in genotypes, computing gene-based tests and building masks...done (10944ms) 
     -computing association tests...done (42ms) 
     -computing joint association tests...done (0ms) 
 set [498/819] : OR7E101P - 20 variants...
     -reading in genotypes, computing gene-based tests and building masks...done (112ms) 
     -computing association tests...done (15ms) 
     -computing joint association tests...done (0ms) 
 set [499/819] : OR7E111P - 458 variants...
     -reading in genotypes, computing gene-based tests and building masks...done (2480ms) 
     -computing association tests...done (6ms) 
     -computing joint association tests...done (0ms) 
 set [500/819] : OR7E155P - 414 variants...
     -reading in genotypes, computing gene-based tests and building masks...done (449ms) 
     -computing association tests...done (5ms) 
     -computing joint association tests...done (18ms) 
 set [501/819] : OR7E33P - 440 variants...
     -reading in genotypes, computing gene-based tests and building masks...done (595ms) 
     -computing association tests...done (47ms) 
     -computing joint association tests...done (0ms) 
 set [502/819] : OR7E36P - 18 variants...
     -reading in genotypes, computing gene-based tests and building masks...done (784ms) 
     -computing association tests...done (0ms) 
     -computing joint association tests...done (0ms) 
 set [503/819] : OR7E37P - 383 variants...
     -reading in genotypes, computing gene-based tests and building masks...done (492ms) 
     -computing association tests...done (7ms) 
     -computing joint association tests...done (0ms) 
 set [504/819] : OXGR1 - 8057 variants...
     -reading in genotypes, computing gene-based tests and building masks...done (6728ms) 
     -computing association tests...done (51ms) 
     -computing joint association tests...done (0ms) 
 set [505/819] : PABPC3 - 6036 variants...
     -reading in genotypes, computing gene-based tests and building masks...done (5480ms) 
     -computing association tests...done (43ms) 
     -computing joint association tests...done (0ms) 
 set [506/819] : PAN3 - 70750 variants...
     -reading in genotypes, computing gene-based tests and building masks...done (70677ms) 
     -computing association tests...done (15ms) 
     -computing joint association tests...done (0ms) 
 set [507/819] : PAN3-AS1 - 822 variants...
     -reading in genotypes, computing gene-based tests and building masks...done (958ms) 
     -computing association tests...done (10ms) 
     -computing joint association tests...done (0ms) 
 set [508/819] : PARP1P1 - 4070 variants...
     -reading in genotypes, computing gene-based tests and building masks...done (2913ms) 
     -computing association tests...done (46ms) 
     -computing joint association tests...done (0ms) 
 set [509/819] : PARP4 - 44410 variants...
     -reading in genotypes, computing gene-based tests and building masks...done (41595ms) 
     -computing association tests...done (57ms) 
     -computing joint association tests...done (0ms) 
 set [510/819] : PARP4P2 - 25933 variants...
     -reading in genotypes, computing gene-based tests and building masks...done (32061ms) 
     -computing association tests...done (44ms) 
     -computing joint association tests...done (0ms) 
 set [511/819] : PCCA - 190128 variants...
     -reading in genotypes, computing gene-based tests and building masks...done (298435ms) 
     -computing association tests...done (47ms) 
     -computing joint association tests...done (0ms) 
 set [512/819] : PCCA-DT - 20379 variants...
     -reading in genotypes, computing gene-based tests and building masks...done (26153ms) 
     -computing association tests...done (12ms) 
     -computing joint association tests...done (0ms) 
 set [513/819] : PCDH17 - 44407 variants...
     -reading in genotypes, computing gene-based tests and building masks...done (35572ms) 
     -computing association tests...done (55ms) 
     -computing joint association tests...done (0ms) 
 set [514/819] : PCDH20 - 6847 variants...
     -reading in genotypes, computing gene-based tests and building masks...done (10955ms) 
     -computing association tests...done (9ms) 
     -computing joint association tests...done (0ms) 
 set [515/819] : PCDH8 - 6415 variants...
     -reading in genotypes, computing gene-based tests and building masks...done (5245ms) 
     -computing association tests...done (54ms) 
     -computing joint association tests...done (0ms) 
 set [516/819] : PCDH9 - 393218 variants...
     -reading in genotypes, computing gene-based tests and building masks...done (1093684ms) 
     -computing association tests...done (16ms) 
     -computing joint association tests...done (0ms) 
 set [517/819] : PCID2 - 20100 variants...
     -reading in genotypes, computing gene-based tests and building masks...done (17940ms) 
     -computing association tests...done (15ms) 
     -computing joint association tests...done (0ms) 
 set [518/819] : PDS5B - 89342 variants...
     -reading in genotypes, computing gene-based tests and building masks...done (128567ms) 
     -computing association tests...done (17ms) 
     -computing joint association tests...done (0ms) 
 set [519/819] : PDX1 - 7740 variants...
     -reading in genotypes, computing gene-based tests and building masks...done (12065ms) 
     -computing association tests...done (47ms) 
     -computing joint association tests...done (0ms) 
 set [520/819] : PEX12P1 - 5164 variants...
     -reading in genotypes, computing gene-based tests and building masks...done (11599ms) 
     -computing association tests...done (8ms) 
     -computing joint association tests...done (0ms) 
 set [521/819] : PHF11 - 11197 variants...
     -reading in genotypes, computing gene-based tests and building masks...done (8754ms) 
     -computing association tests...done (10ms) 
     -computing joint association tests...done (0ms) 
 set [522/819] : PHF2P2 - 50987 variants...
     -reading in genotypes, computing gene-based tests and building masks...done (42955ms) 
     -computing association tests...done (13ms) 
     -computing joint association tests...done (0ms) 
 set [523/819] : PIBF1 - 107781 variants...
     -reading in genotypes, computing gene-based tests and building masks...done (110761ms) 
     -computing association tests...done (13ms) 
     -computing joint association tests...done (0ms) 
 set [524/819] : PLA2G12AP2 - 4199 variants...
     -reading in genotypes, computing gene-based tests and building masks...done (2732ms) 
     -computing association tests...done (9ms) 
     -computing joint association tests...done (0ms) 
 set [525/819] : PLUT - 42307 variants...
     -reading in genotypes, computing gene-based tests and building masks...done (33092ms) 
     -computing association tests...done (10ms) 
     -computing joint association tests...done (0ms) 
 set [526/819] : POGLUT2 - 7944 variants...
     -reading in genotypes, computing gene-based tests and building masks...done (6193ms) 
     -computing association tests...done (16ms) 
     -computing joint association tests...done (0ms) 
 set [527/819] : POLR1D - 37256 variants...
     -reading in genotypes, computing gene-based tests and building masks...done (38180ms) 
     -computing association tests...done (15ms) 
     -computing joint association tests...done (0ms) 
 set [528/819] : POLR2KP2 - 56 variants...
     -reading in genotypes, computing gene-based tests and building masks...done (9886ms) 
     -computing association tests...done (1ms) 
     -computing joint association tests...done (0ms) 
 set [529/819] : POLR3KP1 - 3985 variants...
     -reading in genotypes, computing gene-based tests and building masks...done (5708ms) 
     -computing association tests...done (8ms) 
     -computing joint association tests...done (10ms) 
 set [530/819] : POM121L13P - 2449 variants...
     -reading in genotypes, computing gene-based tests and building masks...done (6365ms) 
     -computing association tests...done (8ms) 
     -computing joint association tests...done (0ms) 
 set [531/819] : POMP - 12185 variants...
     -reading in genotypes, computing gene-based tests and building masks...done (10564ms) 
     -computing association tests...done (23ms) 
     -computing joint association tests...done (0ms) 
 set [532/819] : POSTN - 18986 variants...
     -reading in genotypes, computing gene-based tests and building masks...done (22666ms) 
     -computing association tests...done (14ms) 
     -computing joint association tests...done (0ms) 
 set [533/819] : POU4F1 - 7669 variants...
     -reading in genotypes, computing gene-based tests and building masks...done (5965ms) 
     -computing association tests...done (46ms) 
     -computing joint association tests...done (0ms) 
 set [534/819] : PPIAP23 - 201 variants...
     -reading in genotypes, computing gene-based tests and building masks...done (2260ms) 
     -computing association tests...done (0ms) 
     -computing joint association tests...done (0ms) 
 set [535/819] : PPIAP24 - 4888 variants...
     -reading in genotypes, computing gene-based tests and building masks...done (18090ms) 
     -computing association tests...done (10ms) 
     -computing joint association tests...done (0ms) 
 set [536/819] : PPIAP26 - 187 variants...
     -reading in genotypes, computing gene-based tests and building masks...done (2540ms) 
     -computing association tests...done (0ms) 
     -computing joint association tests...done (0ms) 
 set [537/819] : PPIAP27 - 942 variants...
     -reading in genotypes, computing gene-based tests and building masks...done (1328ms) 
     -computing association tests...done (44ms) 
     -computing joint association tests...done (0ms) 
 set [538/819] : PPIAP28 - 106 variants...
     -reading in genotypes, computing gene-based tests and building masks...done (838ms) 
     -computing association tests...done (3ms) 
     -computing joint association tests...done (0ms) 
 set [539/819] : PPP1R2P4 - 251 variants...
     -reading in genotypes, computing gene-based tests and building masks...done (371ms) 
     -computing association tests...done (4ms) 
     -computing joint association tests...done (0ms) 
 set [540/819] : PRDX3P3 - 196 variants...
     -reading in genotypes, computing gene-based tests and building masks...done (270ms) 
     -computing association tests...done (2ms) 
     -computing joint association tests...done (0ms) 
 set [541/819] : PRECSIT - 5509 variants...
     -reading in genotypes, computing gene-based tests and building masks...done (3676ms) 
     -computing association tests...done (11ms) 
     -computing joint association tests...done (0ms) 
 set [542/819] : PRELID3BP2 - 75 variants...
     -reading in genotypes, computing gene-based tests and building masks...done (198ms) 
     -computing association tests...done (0ms) 
     -computing joint association tests...done (0ms) 
 set [543/819] : PROSER1 - 14517 variants...
     -reading in genotypes, computing gene-based tests and building masks...done (12878ms) 
     -computing association tests...done (16ms) 
     -computing joint association tests...done (0ms) 
 set [544/819] : PROZ - 9390 variants...
     -reading in genotypes, computing gene-based tests and building masks...done (15921ms) 
     -computing association tests...done (12ms) 
     -computing joint association tests...done (0ms) 
 set [545/819] : PRR20A - 4668 variants...
     -reading in genotypes, computing gene-based tests and building masks...done (8549ms) 
     -computing association tests...done (50ms) 
     -computing joint association tests...done (0ms) 
 set [546/819] : PRR20B - 576 variants...
     -reading in genotypes, computing gene-based tests and building masks...done (3410ms) 
     -computing association tests...done (19ms) 
     -computing joint association tests...done (0ms) 
 set [547/819] : PRR20C - 786 variants...
     -reading in genotypes, computing gene-based tests and building masks...done (2705ms) 
     -computing association tests...done (7ms) 
     -computing joint association tests...done (0ms) 
 set [548/819] : PRR20D - 491 variants...
     -reading in genotypes, computing gene-based tests and building masks...done (1885ms) 
     -computing association tests...done (7ms) 
     -computing joint association tests...done (0ms) 
 set [549/819] : PRR20E - 2988 variants...
     -reading in genotypes, computing gene-based tests and building masks...done (6431ms) 
     -computing association tests...done (10ms) 
     -computing joint association tests...done (0ms) 
 set [550/819] : PRR20FP - 1772 variants...
     -reading in genotypes, computing gene-based tests and building masks...done (1340ms) 
     -computing association tests...done (5ms) 
     -computing joint association tests...done (0ms) 
 set [551/819] : PRUNE1P1 - 301 variants...
     -reading in genotypes, computing gene-based tests and building masks...done (7624ms) 
     -computing association tests...done (57ms) 
     -computing joint association tests...done (0ms) 
 set [552/819] : PSMA6P4 - 2921 variants...
     -reading in genotypes, computing gene-based tests and building masks...done (2389ms) 
     -computing association tests...done (42ms) 
     -computing joint association tests...done (0ms) 
 set [553/819] : PSMD10P3 - 4741 variants...
     -reading in genotypes, computing gene-based tests and building masks...done (3146ms) 
     -computing association tests...done (9ms) 
     -computing joint association tests...done (0ms) 
 set [554/819] : PSME2P2 - 272 variants...
     -reading in genotypes, computing gene-based tests and building masks...done (355ms) 
     -computing association tests...done (5ms) 
     -computing joint association tests...done (0ms) 
 set [555/819] : PSPC1 - 53885 variants...
     -reading in genotypes, computing gene-based tests and building masks...done (50439ms) 
     -computing association tests...done (45ms) 
     -computing joint association tests...done (0ms) 
 set [556/819] : PSPC1-AS2 - 1059 variants...
     -reading in genotypes, computing gene-based tests and building masks...done (990ms) 
     -computing association tests...done (50ms) 
     -computing joint association tests...done (0ms) 
 set [557/819] : PSPC1P1 - 12745 variants...
     -reading in genotypes, computing gene-based tests and building masks...done (9501ms) 
     -computing association tests...done (44ms) 
     -computing joint association tests...done (0ms) 
 set [558/819] : PTPN2P2 - 4445 variants...
     -reading in genotypes, computing gene-based tests and building masks...done (2997ms) 
     -computing association tests...done (10ms) 
     -computing joint association tests...done (0ms) 
 set [559/819] : PWWP2AP1 - 1014 variants...
     -reading in genotypes, computing gene-based tests and building masks...done (918ms) 
     -computing association tests...done (7ms) 
     -computing joint association tests...done (0ms) 
 set [560/819] : RAB20 - 23714 variants...
     -reading in genotypes, computing gene-based tests and building masks...done (21022ms) 
     -computing association tests...done (11ms) 
     -computing joint association tests...done (0ms) 
 set [561/819] : RABEPKP1 - 5066 variants...
     -reading in genotypes, computing gene-based tests and building masks...done (15950ms) 
     -computing association tests...done (8ms) 
     -computing joint association tests...done (0ms) 
 set [562/819] : RAC1P3 - 4481 variants...
     -reading in genotypes, computing gene-based tests and building masks...done (10324ms) 
     -computing association tests...done (9ms) 
     -computing joint association tests...done (15ms) 
 set [563/819] : RAC1P8 - 5032 variants...
     -reading in genotypes, computing gene-based tests and building masks...done (6623ms) 
     -computing association tests...done (10ms) 
     -computing joint association tests...done (0ms) 
 set [564/819] : RAP2A - 18394 variants...
     -reading in genotypes, computing gene-based tests and building masks...done (21681ms) 
     -computing association tests...done (14ms) 
     -computing joint association tests...done (0ms) 
 set [565/819] : RASA3 - 137914 variants...
     -reading in genotypes, computing gene-based tests and building masks...done (2625039ms) 
     -computing association tests...done (17ms) 
     -computing joint association tests...done (0ms) 
 set [566/819] : RASL11A - 6570 variants...
     -reading in genotypes, computing gene-based tests and building masks...done (5327ms) 
     -computing association tests...done (11ms) 
     -computing joint association tests...done (0ms) 
 set [567/819] : RB1 - 80420 variants...
     -reading in genotypes, computing gene-based tests and building masks...done (90080ms) 
     -computing association tests...done (16ms) 
     -computing joint association tests...done (0ms) 
 set [568/819] : RB1-DT - 4253 variants...
     -reading in genotypes, computing gene-based tests and building masks...done (2906ms) 
     -computing association tests...done (9ms) 
     -computing joint association tests...done (0ms) 
 set [569/819] : RBM22P2 - 6234 variants...
     -reading in genotypes, computing gene-based tests and building masks...done (6169ms) 
     -computing association tests...done (9ms) 
     -computing joint association tests...done (0ms) 
 set [570/819] : RBM26 - 47438 variants...
     -reading in genotypes, computing gene-based tests and building masks...done (44958ms) 
     -computing association tests...done (56ms) 
     -computing joint association tests...done (0ms) 
 set [571/819] : RBM26-AS1 - 6092 variants...
     -reading in genotypes, computing gene-based tests and building masks...done (5680ms) 
     -computing association tests...done (9ms) 
     -computing joint association tests...done (0ms) 
 set [572/819] : RCBTB1 - 26389 variants...
     -reading in genotypes, computing gene-based tests and building masks...done (22872ms) 
     -computing association tests...done (53ms) 
     -computing joint association tests...done (0ms) 
 set [573/819] : RCBTB2 - 22087 variants...
     -reading in genotypes, computing gene-based tests and building masks...done (17114ms) 
     -computing association tests...done (12ms) 
     -computing joint association tests...done (0ms) 
 set [574/819] : RFC3 - 59134 variants...
     -reading in genotypes, computing gene-based tests and building masks...done (51269ms) 
     -computing association tests...done (50ms) 
     -computing joint association tests...done (0ms) 
 set [575/819] : RFESDP1 - 4249 variants...
     -reading in genotypes, computing gene-based tests and building masks...done (5829ms) 
     -computing association tests...done (9ms) 
     -computing joint association tests...done (0ms) 
 set [576/819] : RFXAP - 7382 variants...
     -reading in genotypes, computing gene-based tests and building masks...done (15327ms) 
     -computing association tests...done (10ms) 
     -computing joint association tests...done (0ms) 
 set [577/819] : RGCC - 9533 variants...
     -reading in genotypes, computing gene-based tests and building masks...done (9118ms) 
     -computing association tests...done (11ms) 
     -computing joint association tests...done (0ms) 
 set [578/819] : RHOT1P3 - 157 variants...
     -reading in genotypes, computing gene-based tests and building masks...done (300ms) 
     -computing association tests...done (5ms) 
     -computing joint association tests...done (0ms) 
 set [579/819] : RIOK3P1 - 4335 variants...
     -reading in genotypes, computing gene-based tests and building masks...done (3408ms) 
     -computing association tests...done (8ms) 
     -computing joint association tests...done (0ms) 
 set [580/819] : RN7SKP10 - 4412 variants...
     -reading in genotypes, computing gene-based tests and building masks...done (8039ms) 
     -computing association tests...done (10ms) 
     -computing joint association tests...done (0ms) 
 set [581/819] : RN7SKP1 - 119 variants...
     -reading in genotypes, computing gene-based tests and building masks...done (252ms) 
     -computing association tests...done (20ms) 
     -computing joint association tests...done (0ms) 
 set [582/819] : RN7SKP2 - 3924 variants...
     -reading in genotypes, computing gene-based tests and building masks...done (2434ms) 
     -computing association tests...done (10ms) 
     -computing joint association tests...done (0ms) 
 set [583/819] : RN7SKP6 - 4572 variants...
     -reading in genotypes, computing gene-based tests and building masks...done (3180ms) 
     -computing association tests...done (12ms) 
     -computing joint association tests...done (0ms) 
 set [584/819] : RN7SL272P - 347 variants...
     -reading in genotypes, computing gene-based tests and building masks...done (4164ms) 
     -computing association tests...done (1ms) 
     -computing joint association tests...done (0ms) 
 set [585/819] : RN7SL320P - 100 variants...
     -reading in genotypes, computing gene-based tests and building masks...done (303ms) 
     -computing association tests...done (4ms) 
     -computing joint association tests...done (0ms) 
 set [586/819] : RN7SL571P - 4573 variants...
     -reading in genotypes, computing gene-based tests and building masks...done (11147ms) 
     -computing association tests...done (10ms) 
     -computing joint association tests...done (0ms) 
 set [587/819] : RN7SL597P - 2220 variants...
     -reading in genotypes, computing gene-based tests and building masks...done (2109ms) 
     -computing association tests...done (8ms) 
     -computing joint association tests...done (0ms) 
 set [588/819] : RN7SL60P - 4422 variants...
     -reading in genotypes, computing gene-based tests and building masks...done (3217ms) 
     -computing association tests...done (10ms) 
     -computing joint association tests...done (0ms) 
 set [589/819] : RN7SL618P - 121 variants...
     -reading in genotypes, computing gene-based tests and building masks...done (351ms) 
     -computing association tests...done (0ms) 
     -computing joint association tests...done (0ms) 
 set [590/819] : RN7SL700P - 113 variants...
     -reading in genotypes, computing gene-based tests and building masks...done (323ms) 
     -computing association tests...done (1ms) 
     -computing joint association tests...done (0ms) 
 set [591/819] : RN7SL761P - 3994 variants...
     -reading in genotypes, computing gene-based tests and building masks...done (6546ms) 
     -computing association tests...done (9ms) 
     -computing joint association tests...done (0ms) 
 set [592/819] : RN7SL766P - 2193 variants...
     -reading in genotypes, computing gene-based tests and building masks...done (7168ms) 
     -computing association tests...done (9ms) 
     -computing joint association tests...done (0ms) 
 set [593/819] : RN7SL783P - 132 variants...
     -reading in genotypes, computing gene-based tests and building masks...done (322ms) 
     -computing association tests...done (1ms) 
     -computing joint association tests...done (0ms) 
 set [594/819] : RNA5SP24 - 48 variants...
     -reading in genotypes, computing gene-based tests and building masks...done (5765ms) 
     -computing association tests...done (0ms) 
     -computing joint association tests...done (0ms) 
 set [595/819] : RNA5SP28 - 3591 variants...
     -reading in genotypes, computing gene-based tests and building masks...done (2819ms) 
     -computing association tests...done (13ms) 
     -computing joint association tests...done (0ms) 
 set [596/819] : RNA5SP30 - 4123 variants...
     -reading in genotypes, computing gene-based tests and building masks...done (7672ms) 
     -computing association tests...done (10ms) 
     -computing joint association tests...done (0ms) 
 set [597/819] : RNA5SP31 - 2222 variants...
     -reading in genotypes, computing gene-based tests and building masks...done (1698ms) 
     -computing association tests...done (6ms) 
     -computing joint association tests...done (0ms) 
 set [598/819] : RNA5SP34 - 50 variants...
     -reading in genotypes, computing gene-based tests and building masks...done (555ms) 
     -computing association tests...done (0ms) 
     -computing joint association tests...done (2ms) 
 set [599/819] : RNA5SP36 - 3829 variants...
     -reading in genotypes, computing gene-based tests and building masks...done (2800ms) 
     -computing association tests...done (10ms) 
     -computing joint association tests...done (0ms) 
 set [600/819] : RNA5SP38 - 46 variants...
     -reading in genotypes, computing gene-based tests and building masks...done (810ms) 
     -computing association tests...done (15ms) 
     -computing joint association tests...done (0ms) 
 set [601/819] : RNASEH2B - 32530 variants...
     -reading in genotypes, computing gene-based tests and building masks...done (25213ms) 
     -computing association tests...done (15ms) 
     -computing joint association tests...done (0ms) 
 set [602/819] : RNASEH2B-AS1 - 17397 variants...
     -reading in genotypes, computing gene-based tests and building masks...done (12286ms) 
     -computing association tests...done (11ms) 
     -computing joint association tests...done (0ms) 
 set [603/819] : RNF113B - 664 variants...
     -reading in genotypes, computing gene-based tests and building masks...done (2054ms) 
     -computing association tests...done (64ms) 
     -computing joint association tests...done (0ms) 
 set [604/819] : RNF17 - 49426 variants...
     -reading in genotypes, computing gene-based tests and building masks...done (45209ms) 
     -computing association tests...done (40ms) 
     -computing joint association tests...done (0ms) 
 set [605/819] : RNF6 - 27640 variants...
     -reading in genotypes, computing gene-based tests and building masks...done (25349ms) 
     -computing association tests...done (12ms) 
     -computing joint association tests...done (0ms) 
 set [606/819] : RNU4-10P - 6876 variants...
     -reading in genotypes, computing gene-based tests and building masks...done (10646ms) 
     -computing association tests...done (8ms) 
     -computing joint association tests...done (0ms) 
 set [607/819] : RNU6-38P - 4173 variants...
     -reading in genotypes, computing gene-based tests and building masks...done (3080ms) 
     -computing association tests...done (9ms) 
     -computing joint association tests...done (0ms) 
 set [608/819] : RNU6-54P - 4785 variants...
     -reading in genotypes, computing gene-based tests and building masks...done (7296ms) 
     -computing association tests...done (7ms) 
     -computing joint association tests...done (0ms) 
 set [609/819] : RNU6-55P - 33 variants...
     -reading in genotypes, computing gene-based tests and building masks...done (528ms) 
     -computing association tests...done (0ms) 
     -computing joint association tests...done (0ms) 
 set [610/819] : RNU6-61P - 5168 variants...
     -reading in genotypes, computing gene-based tests and building masks...done (5327ms) 
     -computing association tests...done (10ms) 
     -computing joint association tests...done (0ms) 
 set [611/819] : RNU6-62P - 214 variants...
     -reading in genotypes, computing gene-based tests and building masks...done (2385ms) 
     -computing association tests...done (0ms) 
     -computing joint association tests...done (0ms) 
 set [612/819] : RNU6-63P - 4106 variants...
     -reading in genotypes, computing gene-based tests and building masks...done (3281ms) 
     -computing association tests...done (8ms) 
     -computing joint association tests...done (0ms) 
 set [613/819] : RNU6-65P - 4446 variants...
     -reading in genotypes, computing gene-based tests and building masks...done (3274ms) 
     -computing association tests...done (10ms) 
     -computing joint association tests...done (0ms) 
 set [614/819] : RNU6-66P - 5275 variants...
     -reading in genotypes, computing gene-based tests and building masks...done (6398ms) 
     -computing association tests...done (9ms) 
     -computing joint association tests...done (0ms) 
 set [615/819] : RNU6-67P - 4567 variants...
     -reading in genotypes, computing gene-based tests and building masks...done (13117ms) 
     -computing association tests...done (17ms) 
     -computing joint association tests...done (0ms) 
 set [616/819] : RNU6-68P - 3834 variants...
     -reading in genotypes, computing gene-based tests and building masks...done (7065ms) 
     -computing association tests...done (8ms) 
     -computing joint association tests...done (0ms) 
 set [617/819] : RNU6-70P - 4727 variants...
     -reading in genotypes, computing gene-based tests and building masks...done (3190ms) 
     -computing association tests...done (9ms) 
     -computing joint association tests...done (0ms) 
 set [618/819] : RNU6-75P - 5910 variants...
     -reading in genotypes, computing gene-based tests and building masks...done (3740ms) 
     -computing association tests...done (8ms) 
     -computing joint association tests...done (0ms) 
 set [619/819] : RNU6-76P - 43 variants...
     -reading in genotypes, computing gene-based tests and building masks...done (365ms) 
     -computing association tests...done (0ms) 
     -computing joint association tests...done (0ms) 
 set [620/819] : RNU6-77P - 36 variants...
     -reading in genotypes, computing gene-based tests and building masks...done (285ms) 
     -computing association tests...done (17ms) 
     -computing joint association tests...done (0ms) 
 set [621/819] : RNU6-81P - 39 variants...
     -reading in genotypes, computing gene-based tests and building masks...done (266ms) 
     -computing association tests...done (0ms) 
     -computing joint association tests...done (0ms) 
 set [622/819] : RNU6-83P - 3988 variants...
     -reading in genotypes, computing gene-based tests and building masks...done (2946ms) 
     -computing association tests...done (9ms) 
     -computing joint association tests...done (0ms) 
 set [623/819] : RNU7-88P - 20 variants...
     -reading in genotypes, computing gene-based tests and building masks...done (806ms) 
     -computing association tests...done (15ms) 
     -computing joint association tests...done (0ms) 
 set [624/819] : RNY1P1 - 455 variants...
     -reading in genotypes, computing gene-based tests and building masks...done (2796ms) 
     -computing association tests...done (4ms) 
     -computing joint association tests...done (0ms) 
 set [625/819] : RNY1P2 - 4113 variants...
     -reading in genotypes, computing gene-based tests and building masks...done (6371ms) 
     -computing association tests...done (7ms) 
     -computing joint association tests...done (0ms) 
 set [626/819] : RNY1P5 - 56 variants...
     -reading in genotypes, computing gene-based tests and building masks...done (288ms) 
     -computing association tests...done (47ms) 
     -computing joint association tests...done (0ms) 
 set [627/819] : RNY1P8 - 4057 variants...
     -reading in genotypes, computing gene-based tests and building masks...done (2712ms) 
     -computing association tests...done (9ms) 
     -computing joint association tests...done (0ms) 
 set [628/819] : RNY3P4 - 39 variants...
     -reading in genotypes, computing gene-based tests and building masks...done (6816ms) 
     -computing association tests...done (0ms) 
     -computing joint association tests...done (0ms) 
 set [629/819] : RNY3P5 - 40 variants...
     -reading in genotypes, computing gene-based tests and building masks...done (828ms) 
     -computing association tests...done (1ms) 
     -computing joint association tests...done (0ms) 
 set [630/819] : RNY3P8 - 2072 variants...
     -reading in genotypes, computing gene-based tests and building masks...done (2379ms) 
     -computing association tests...done (40ms) 
     -computing joint association tests...done (0ms) 
 set [631/819] : RNY4P14 - 3829 variants...
     -reading in genotypes, computing gene-based tests and building masks...done (2511ms) 
     -computing association tests...done (8ms) 
     -computing joint association tests...done (0ms) 
 set [632/819] : RNY4P27 - 6924 variants...
     -reading in genotypes, computing gene-based tests and building masks...done (13224ms) 
     -computing association tests...done (9ms) 
     -computing joint association tests...done (0ms) 
 set [633/819] : RNY4P28 - 4288 variants...
     -reading in genotypes, computing gene-based tests and building masks...done (2863ms) 
     -computing association tests...done (9ms) 
     -computing joint association tests...done (0ms) 
 set [634/819] : RNY4P29 - 33 variants...
     -reading in genotypes, computing gene-based tests and building masks...done (719ms) 
     -computing association tests...done (14ms) 
     -computing joint association tests...done (0ms) 
 set [635/819] : RNY4P30 - 1041 variants...
     -reading in genotypes, computing gene-based tests and building masks...done (6956ms) 
     -computing association tests...done (7ms) 
     -computing joint association tests...done (0ms) 
 set [636/819] : RNY4P9 - 1980 variants...
     -reading in genotypes, computing gene-based tests and building masks...done (1813ms) 
     -computing association tests...done (7ms) 
     -computing joint association tests...done (0ms) 
 set [637/819] : RPL12P34 - 4447 variants...
     -reading in genotypes, computing gene-based tests and building masks...done (4163ms) 
     -computing association tests...done (12ms) 
     -computing joint association tests...done (0ms) 
 set [638/819] : RPL13AP25 - 4417 variants...
     -reading in genotypes, computing gene-based tests and building masks...done (8339ms) 
     -computing association tests...done (8ms) 
     -computing joint association tests...done (0ms) 
 set [639/819] : RPL18AP17 - 2043 variants...
     -reading in genotypes, computing gene-based tests and building masks...done (1545ms) 
     -computing association tests...done (7ms) 
     -computing joint association tests...done (0ms) 
 set [640/819] : RPL21 - 8913 variants...
     -reading in genotypes, computing gene-based tests and building masks...done (8165ms) 
     -computing association tests...done (9ms) 
     -computing joint association tests...done (0ms) 
 set [641/819] : RPL21P107 - 2013 variants...
     -reading in genotypes, computing gene-based tests and building masks...done (1426ms) 
     -computing association tests...done (7ms) 
     -computing joint association tests...done (0ms) 
 set [642/819] : RPL21P108 - 226 variants...
     -reading in genotypes, computing gene-based tests and building masks...done (2432ms) 
     -computing association tests...done (40ms) 
     -computing joint association tests...done (0ms) 
 set [643/819] : RPL21P110 - 1926 variants...
     -reading in genotypes, computing gene-based tests and building masks...done (8099ms) 
     -computing association tests...done (5ms) 
     -computing joint association tests...done (0ms) 
 set [644/819] : RPL21P111 - 4231 variants...
     -reading in genotypes, computing gene-based tests and building masks...done (2651ms) 
     -computing association tests...done (9ms) 
     -computing joint association tests...done (0ms) 
 set [645/819] : RPL21P112 - 157 variants...
     -reading in genotypes, computing gene-based tests and building masks...done (249ms) 
     -computing association tests...done (4ms) 
     -computing joint association tests...done (2ms) 
 set [646/819] : RPL23AP69 - 174 variants...
     -reading in genotypes, computing gene-based tests and building masks...done (317ms) 
     -computing association tests...done (17ms) 
     -computing joint association tests...done (0ms) 
 set [647/819] : RPL23AP97 - 166 variants...
     -reading in genotypes, computing gene-based tests and building masks...done (212ms) 
     -computing association tests...done (2ms) 
     -computing joint association tests...done (0ms) 
 set [648/819] : RPL27AP8 - 152 variants...
     -reading in genotypes, computing gene-based tests and building masks...done (237ms) 
     -computing association tests...done (0ms) 
     -computing joint association tests...done (0ms) 
 set [649/819] : RPL29P28 - 3023 variants...
     -reading in genotypes, computing gene-based tests and building masks...done (2111ms) 
     -computing association tests...done (8ms) 
     -computing joint association tests...done (0ms) 
 set [650/819] : RPL29P29 - 376 variants...
     -reading in genotypes, computing gene-based tests and building masks...done (7376ms) 
     -computing association tests...done (2ms) 
     -computing joint association tests...done (0ms) 
 set [651/819] : RPL31P53 - 4378 variants...
     -reading in genotypes, computing gene-based tests and building masks...done (6519ms) 
     -computing association tests...done (8ms) 
     -computing joint association tests...done (0ms) 
 set [652/819] : RPL34P27 - 6861 variants...
     -reading in genotypes, computing gene-based tests and building masks...done (4824ms) 
     -computing association tests...done (44ms) 
     -computing joint association tests...done (0ms) 
 set [653/819] : RPL35P9 - 3711 variants...
     -reading in genotypes, computing gene-based tests and building masks...done (5584ms) 
     -computing association tests...done (9ms) 
     -computing joint association tests...done (0ms) 
 set [654/819] : RPL37P21 - 4567 variants...
     -reading in genotypes, computing gene-based tests and building masks...done (3064ms) 
     -computing association tests...done (8ms) 
     -computing joint association tests...done (0ms) 
 set [655/819] : RPL39P29 - 3953 variants...
     -reading in genotypes, computing gene-based tests and building masks...done (2629ms) 
     -computing association tests...done (11ms) 
     -computing joint association tests...done (0ms) 
 set [656/819] : RPL5P31 - 3261 variants...
     -reading in genotypes, computing gene-based tests and building masks...done (2290ms) 
     -computing association tests...done (9ms) 
     -computing joint association tests...done (0ms) 
 set [657/819] : RPL7AP61 - 4128 variants...
     -reading in genotypes, computing gene-based tests and building masks...done (2547ms) 
     -computing association tests...done (10ms) 
     -computing joint association tests...done (0ms) 
 set [658/819] : RPL7L1P1 - 4173 variants...
     -reading in genotypes, computing gene-based tests and building masks...done (8663ms) 
     -computing association tests...done (9ms) 
     -computing joint association tests...done (0ms) 
 set [659/819] : RPL7P44 - 280 variants...
     -reading in genotypes, computing gene-based tests and building masks...done (6427ms) 
     -computing association tests...done (1ms) 
     -computing joint association tests...done (0ms) 
 set [660/819] : RPL7P45 - 310 variants...
     -reading in genotypes, computing gene-based tests and building masks...done (417ms) 
     -computing association tests...done (2ms) 
     -computing joint association tests...done (0ms) 
 set [661/819] : RPP40P2 - 286 variants...
     -reading in genotypes, computing gene-based tests and building masks...done (1924ms) 
     -computing association tests...done (45ms) 
     -computing joint association tests...done (0ms) 
 set [662/819] : RPS10P21 - 4888 variants...
     -reading in genotypes, computing gene-based tests and building masks...done (4404ms) 
     -computing association tests...done (11ms) 
     -computing joint association tests...done (0ms) 
 set [663/819] : RPS12P23 - 128 variants...
     -reading in genotypes, computing gene-based tests and building masks...done (303ms) 
     -computing association tests...done (6ms) 
     -computing joint association tests...done (0ms) 
 set [664/819] : RPS12P24 - 142 variants...
     -reading in genotypes, computing gene-based tests and building masks...done (2504ms) 
     -computing association tests...done (3ms) 
     -computing joint association tests...done (0ms) 
 set [665/819] : RPS20P32 - 4509 variants...
     -reading in genotypes, computing gene-based tests and building masks...done (3525ms) 
     -computing association tests...done (8ms) 
     -computing joint association tests...done (0ms) 
 set [666/819] : RPS28P8 - 80 variants...
     -reading in genotypes, computing gene-based tests and building masks...done (657ms) 
     -computing association tests...done (2ms) 
     -computing joint association tests...done (0ms) 
 set [667/819] : RPS3AP52 - 4294 variants...
     -reading in genotypes, computing gene-based tests and building masks...done (3948ms) 
     -computing association tests...done (11ms) 
     -computing joint association tests...done (36ms) 
 set [668/819] : RPS4XP16 - 351 variants...
     -reading in genotypes, computing gene-based tests and building masks...done (764ms) 
     -computing association tests...done (49ms) 
     -computing joint association tests...done (0ms) 
 set [669/819] : RPS6P23 - 4262 variants...
     -reading in genotypes, computing gene-based tests and building masks...done (7576ms) 
     -computing association tests...done (26ms) 
     -computing joint association tests...done (0ms) 
 set [670/819] : RPS7P10 - 4379 variants...
     -reading in genotypes, computing gene-based tests and building masks...done (9345ms) 
     -computing association tests...done (9ms) 
     -computing joint association tests...done (0ms) 
 set [671/819] : RPSAP53 - 391 variants...
     -reading in genotypes, computing gene-based tests and building masks...done (730ms) 
     -computing association tests...done (2ms) 
     -computing joint association tests...done (0ms) 
 set [672/819] : RPSAP54 - 6886 variants...
     -reading in genotypes, computing gene-based tests and building masks...done (12100ms) 
     -computing association tests...done (12ms) 
     -computing joint association tests...done (0ms) 
 set [673/819] : RUBCNL - 32750 variants...
     -reading in genotypes, computing gene-based tests and building masks...done (37019ms) 
     -computing association tests...done (50ms) 
     -computing joint association tests...done (0ms) 
 set [674/819] : RXFP2 - 31100 variants...
     -reading in genotypes, computing gene-based tests and building masks...done (30548ms) 
     -computing association tests...done (54ms) 
     -computing joint association tests...done (0ms) 
 set [675/819] : SACS - 46477 variants...
     -reading in genotypes, computing gene-based tests and building masks...done (47548ms) 
     -computing association tests...done (75ms) 
     -computing joint association tests...done (0ms) 
 set [676/819] : SAP18 - 6101 variants...
     -reading in genotypes, computing gene-based tests and building masks...done (11639ms) 
     -computing association tests...done (15ms) 
     -computing joint association tests...done (0ms) 
 set [677/819] : SCEL - 46336 variants...
     -reading in genotypes, computing gene-based tests and building masks...done (52293ms) 
     -computing association tests...done (65ms) 
     -computing joint association tests...done (0ms) 
 set [678/819] : SERP2 - 13029 variants...
     -reading in genotypes, computing gene-based tests and building masks...done (12967ms) 
     -computing association tests...done (46ms) 
     -computing joint association tests...done (0ms) 
 set [679/819] : SERPINE3 - 9598 variants...
     -reading in genotypes, computing gene-based tests and building masks...done (16360ms) 
     -computing association tests...done (14ms) 
     -computing joint association tests...done (0ms) 
 set [680/819] : SERTM1 - 13529 variants...
     -reading in genotypes, computing gene-based tests and building masks...done (13351ms) 
     -computing association tests...done (51ms) 
     -computing joint association tests...done (0ms) 
 set [681/819] : SETDB2 - 20837 variants...
     -reading in genotypes, computing gene-based tests and building masks...done (21637ms) 
     -computing association tests...done (12ms) 
     -computing joint association tests...done (0ms) 
 set [682/819] : SGCG - 68274 variants...
     -reading in genotypes, computing gene-based tests and building masks...done (93303ms) 
     -computing association tests...done (15ms) 
     -computing joint association tests...done (0ms) 
 set [683/819] : SHISA2 - 8043 variants...
     -reading in genotypes, computing gene-based tests and building masks...done (6799ms) 
     -computing association tests...done (8ms) 
     -computing joint association tests...done (0ms) 
 set [684/819] : SIAH3 - 34800 variants...
     -reading in genotypes, computing gene-based tests and building masks...done (32014ms) 
     -computing association tests...done (56ms) 
     -computing joint association tests...done (7ms) 
 set [685/819] : SKA3 - 13507 variants...
     -reading in genotypes, computing gene-based tests and building masks...done (10970ms) 
     -computing association tests...done (53ms) 
     -computing joint association tests...done (2ms) 
 set [686/819] : SLAIN1 - 30632 variants...
     -reading in genotypes, computing gene-based tests and building masks...done (28820ms) 
     -computing association tests...done (67ms) 
     -computing joint association tests...done (12ms) 
 set [687/819] : SLC10A2 - 13521 variants...
     -reading in genotypes, computing gene-based tests and building masks...done (10828ms) 
     -computing association tests...done (13ms) 
     -computing joint association tests...done (20ms) 
 set [688/819] : SLC15A1 - 34264 variants...
     -reading in genotypes, computing gene-based tests and building masks...done (29644ms) 
     -computing association tests...done (49ms) 
     -computing joint association tests...done (19ms) 
 set [689/819] : SLC25A15 - 13421 variants...
     -reading in genotypes, computing gene-based tests and building masks...done (15988ms) 
     -computing association tests...done (12ms) 
     -computing joint association tests...done (2ms) 
 set [690/819] : SLC25A15P2 - 1346 variants...
     -reading in genotypes, computing gene-based tests and building masks...done (1741ms) 
     -computing association tests...done (7ms) 
     -computing joint association tests...done (0ms) 
 set [691/819] : SLC25A30 - 15483 variants...
     -reading in genotypes, computing gene-based tests and building masks...done (13913ms) 
     -computing association tests...done (11ms) 
     -computing joint association tests...done (0ms) 
 set [692/819] : SLC25A30-AS1 - 33596 variants...
     -reading in genotypes, computing gene-based tests and building masks...done (670357ms) 
     -computing association tests...done (48ms) 
     -computing joint association tests...done (0ms) 
 set [693/819] : SLC25A5P4 - 5095 variants...
     -reading in genotypes, computing gene-based tests and building masks...done (9118ms) 
     -computing association tests...done (10ms) 
     -computing joint association tests...done (0ms) 
 set [694/819] : SLC46A3 - 11956 variants...
     -reading in genotypes, computing gene-based tests and building masks...done (10182ms) 
     -computing association tests...done (56ms) 
     -computing joint association tests...done (0ms) 
 set [695/819] : SLC7A1 - 47389 variants...
     -reading in genotypes, computing gene-based tests and building masks...done (88666ms) 
     -computing association tests...done (15ms) 
     -computing joint association tests...done (0ms) 
 set [696/819] : SLITRK1 - 6661 variants...
     -reading in genotypes, computing gene-based tests and building masks...done (11875ms) 
     -computing association tests...done (12ms) 
     -computing joint association tests...done (0ms) 
 set [697/819] : SLITRK5 - 9912 variants...
     -reading in genotypes, computing gene-based tests and building masks...done (8213ms) 
     -computing association tests...done (13ms) 
     -computing joint association tests...done (0ms) 
 set [698/819] : SLITRK6 - 9882 variants...
     -reading in genotypes, computing gene-based tests and building masks...done (10301ms) 
     -computing association tests...done (48ms) 
     -computing joint association tests...done (0ms) 
 set [699/819] : SMAD9 - 37718 variants...
     -reading in genotypes, computing gene-based tests and building masks...done (37651ms) 
     -computing association tests...done (52ms) 
     -computing joint association tests...done (0ms) 
 set [700/819] : SMARCE1P5 - 450 variants...
     -reading in genotypes, computing gene-based tests and building masks...done (620ms) 
     -computing association tests...done (2ms) 
     -computing joint association tests...done (0ms) 
 set [701/819] : SMIM2-AS1 - 51978 variants...
     -reading in genotypes, computing gene-based tests and building masks...done (49394ms) 
     -computing association tests...done (58ms) 
     -computing joint association tests...done (21ms) 
 set [702/819] : SMPD4P2 - 10101 variants...
     -reading in genotypes, computing gene-based tests and building masks...done (9395ms) 
     -computing association tests...done (21ms) 
     -computing joint association tests...done (0ms) 
 set [703/819] : SNORD116 - 40 variants...
     -reading in genotypes, computing gene-based tests and building masks...done (353ms) 
     -computing association tests...done (0ms) 
     -computing joint association tests...done (0ms) 
 set [704/819] : SNORD36 - 27 variants...
     -reading in genotypes, computing gene-based tests and building masks...done (352ms) 
     -computing association tests...done (0ms) 
     -computing joint association tests...done (0ms) 
 set [705/819] : SNRPFP3 - 4492 variants...
     -reading in genotypes, computing gene-based tests and building masks...done (5239ms) 
     -computing association tests...done (15ms) 
     -computing joint association tests...done (0ms) 
 set [706/819] : SNRPGP11 - 87 variants...
     -reading in genotypes, computing gene-based tests and building masks...done (894ms) 
     -computing association tests...done (1ms) 
     -computing joint association tests...done (0ms) 
 set [707/819] : SNX18P26 - 2551 variants...
     -reading in genotypes, computing gene-based tests and building masks...done (3424ms) 
     -computing association tests...done (10ms) 
     -computing joint association tests...done (0ms) 
 set [708/819] : SNX19P2 - 1219 variants...
     -reading in genotypes, computing gene-based tests and building masks...done (2343ms) 
     -computing association tests...done (6ms) 
     -computing joint association tests...done (0ms) 
 set [709/819] : SOHLH2 - 21569 variants...
     -reading in genotypes, computing gene-based tests and building masks...done (18723ms) 
     -computing association tests...done (12ms) 
     -computing joint association tests...done (0ms) 
 set [710/819] : SOX1 - 9001 variants...
     -reading in genotypes, computing gene-based tests and building masks...done (8929ms) 
     -computing association tests...done (42ms) 
     -computing joint association tests...done (0ms) 
 set [711/819] : SOX1-OT - 13237 variants...
     -reading in genotypes, computing gene-based tests and building masks...done (10489ms) 
     -computing association tests...done (13ms) 
     -computing joint association tests...done (0ms) 
 set [712/819] : SOX21 - 6012 variants...
     -reading in genotypes, computing gene-based tests and building masks...done (5926ms) 
     -computing association tests...done (16ms) 
     -computing joint association tests...done (0ms) 
 set [713/819] : SOX21-AS1 - 37411 variants...
     -reading in genotypes, computing gene-based tests and building masks...done (37554ms) 
     -computing association tests...done (13ms) 
     -computing joint association tests...done (0ms) 
 set [714/819] : SP3P - 4975 variants...
     -reading in genotypes, computing gene-based tests and building masks...done (3514ms) 
     -computing association tests...done (11ms) 
     -computing joint association tests...done (0ms) 
 set [715/819] : SPACA7 - 29033 variants...
     -reading in genotypes, computing gene-based tests and building masks...done (26867ms) 
     -computing association tests...done (54ms) 
     -computing joint association tests...done (0ms) 
 set [716/819] : SPACA7BP - 91 variants...
     -reading in genotypes, computing gene-based tests and building masks...done (5820ms) 
     -computing association tests...done (6ms) 
     -computing joint association tests...done (0ms) 
 set [717/819] : SPART - 22088 variants...
     -reading in genotypes, computing gene-based tests and building masks...done (15035ms) 
     -computing association tests...done (46ms) 
     -computing joint association tests...done (0ms) 
 set [718/819] : SPART-AS1 - 8891 variants...
     -reading in genotypes, computing gene-based tests and building masks...done (7105ms) 
     -computing association tests...done (10ms) 
     -computing joint association tests...done (0ms) 
 set [719/819] : SPATA13 - 134610 variants...
     -reading in genotypes, computing gene-based tests and building masks...done (223148ms) 
     -computing association tests...done (17ms) 
     -computing joint association tests...done (0ms) 
 set [720/819] : SPATA2P1 - 5477 variants...
     -reading in genotypes, computing gene-based tests and building masks...done (11635ms) 
     -computing association tests...done (9ms) 
     -computing joint association tests...done (0ms) 
 set [721/819] : SPRY2 - 6736 variants...
     -reading in genotypes, computing gene-based tests and building masks...done (5907ms) 
     -computing association tests...done (10ms) 
     -computing joint association tests...done (0ms) 
 set [722/819] : SPRYD7 - 13242 variants...
     -reading in genotypes, computing gene-based tests and building masks...done (11519ms) 
     -computing association tests...done (54ms) 
     -computing joint association tests...done (0ms) 
 set [723/819] : SPTLC1P5 - 2091 variants...
     -reading in genotypes, computing gene-based tests and building masks...done (1706ms) 
     -computing association tests...done (8ms) 
     -computing joint association tests...done (0ms) 
 set [724/819] : SQSTM1P1 - 5123 variants...
     -reading in genotypes, computing gene-based tests and building masks...done (5259ms) 
     -computing association tests...done (10ms) 
     -computing joint association tests...done (0ms) 
 set [725/819] : SRSF1P1 - 4451 variants...
     -reading in genotypes, computing gene-based tests and building masks...done (12387ms) 
     -computing association tests...done (10ms) 
     -computing joint association tests...done (0ms) 
 set [726/819] : SSR1P2 - 1105 variants...
     -reading in genotypes, computing gene-based tests and building masks...done (1135ms) 
     -computing association tests...done (40ms) 
     -computing joint association tests...done (0ms) 
 set [727/819] : ST6GALNAC4P1 - 2400 variants...
     -reading in genotypes, computing gene-based tests and building masks...done (9956ms) 
     -computing association tests...done (47ms) 
     -computing joint association tests...done (0ms) 
 set [728/819] : STARD13 - 92997 variants...
     -reading in genotypes, computing gene-based tests and building masks...done (122346ms) 
     -computing association tests...done (16ms) 
     -computing joint association tests...done (0ms) 
 set [729/819] : STARP1 - 4988 variants...
     -reading in genotypes, computing gene-based tests and building masks...done (3660ms) 
     -computing association tests...done (18ms) 
     -computing joint association tests...done (0ms) 
 set [730/819] : STK24 - 69162 variants...
     -reading in genotypes, computing gene-based tests and building masks...done (75732ms) 
     -computing association tests...done (15ms) 
     -computing joint association tests...done (0ms) 
 set [731/819] : STK24-AS1 - 656 variants...
     -reading in genotypes, computing gene-based tests and building masks...done (781ms) 
     -computing association tests...done (6ms) 
     -computing joint association tests...done (0ms) 
 set [732/819] : STOML3 - 18902 variants...
     -reading in genotypes, computing gene-based tests and building masks...done (33246ms) 
     -computing association tests...done (52ms) 
     -computing joint association tests...done (0ms) 
 set [733/819] : SUCLA2 - 84469 variants...
     -reading in genotypes, computing gene-based tests and building masks...done (96881ms) 
     -computing association tests...done (14ms) 
     -computing joint association tests...done (0ms) 
 set [734/819] : SUCLA2-AS1 - 510 variants...
     -reading in genotypes, computing gene-based tests and building masks...done (678ms) 
     -computing association tests...done (7ms) 
     -computing joint association tests...done (0ms) 
 set [735/819] : SUGT1 - 24390 variants...
     -reading in genotypes, computing gene-based tests and building masks...done (21046ms) 
     -computing association tests...done (46ms) 
     -computing joint association tests...done (0ms) 
 set [736/819] : SUGT1P3 - 59093 variants...
     -reading in genotypes, computing gene-based tests and building masks...done (98230ms) 
     -computing association tests...done (26ms) 
     -computing joint association tests...done (0ms) 
 set [737/819] : SUPT20H - 19429 variants...
     -reading in genotypes, computing gene-based tests and building masks...done (14598ms) 
     -computing association tests...done (45ms) 
     -computing joint association tests...done (0ms) 
 set [738/819] : SWINGN - 3440 variants...
     -reading in genotypes, computing gene-based tests and building masks...done (10386ms) 
     -computing association tests...done (10ms) 
     -computing joint association tests...done (0ms) 
 set [739/819] : TARDBPP2 - 4706 variants...
     -reading in genotypes, computing gene-based tests and building masks...done (4945ms) 
     -computing association tests...done (9ms) 
     -computing joint association tests...done (0ms) 
 set [740/819] : TBC1D4 - 81434 variants...
     -reading in genotypes, computing gene-based tests and building masks...done (76992ms) 
     -computing association tests...done (60ms) 
     -computing joint association tests...done (0ms) 
 set [741/819] : TCEAL4P1 - 210 variants...
     -reading in genotypes, computing gene-based tests and building masks...done (302ms) 
     -computing association tests...done (0ms) 
     -computing joint association tests...done (0ms) 
 set [742/819] : TDRD3 - 75485 variants...
     -reading in genotypes, computing gene-based tests and building masks...done (71804ms) 
     -computing association tests...done (51ms) 
     -computing joint association tests...done (0ms) 
 set [743/819] : TERF1P5 - 2598 variants...
     -reading in genotypes, computing gene-based tests and building masks...done (4130ms) 
     -computing association tests...done (7ms) 
     -computing joint association tests...done (0ms) 
 set [744/819] : TET1P1 - 5339 variants...
     -reading in genotypes, computing gene-based tests and building masks...done (4754ms) 
     -computing association tests...done (11ms) 
     -computing joint association tests...done (0ms) 
 set [745/819] : TEX26 - 24034 variants...
     -reading in genotypes, computing gene-based tests and building masks...done (21541ms) 
     -computing association tests...done (19ms) 
     -computing joint association tests...done (0ms) 
 set [746/819] : TEX26-AS1 - 10039 variants...
     -reading in genotypes, computing gene-based tests and building masks...done (10484ms) 
     -computing association tests...done (48ms) 
     -computing joint association tests...done (0ms) 
 set [747/819] : TEX29 - 19004 variants...
     -reading in genotypes, computing gene-based tests and building masks...done (24236ms) 
     -computing association tests...done (21ms) 
     -computing joint association tests...done (0ms) 
 set [748/819] : TEX30 - 9372 variants...
     -reading in genotypes, computing gene-based tests and building masks...done (8331ms) 
     -computing association tests...done (77ms) 
     -computing joint association tests...done (0ms) 
 set [749/819] : TFDP1 - 36049 variants...
     -reading in genotypes, computing gene-based tests and building masks...done (44139ms) 
     -computing association tests...done (50ms) 
     -computing joint association tests...done (12ms) 
 set [750/819] : TGDS - 10948 variants...
     -reading in genotypes, computing gene-based tests and building masks...done (8846ms) 
     -computing association tests...done (53ms) 
     -computing joint association tests...done (12ms) 
 set [751/819] : THAP12P6 - 2961 variants...
     -reading in genotypes, computing gene-based tests and building masks...done (9926ms) 
     -computing association tests...done (10ms) 
     -computing joint association tests...done (0ms) 
 set [752/819] : THSD1 - 15375 variants...
     -reading in genotypes, computing gene-based tests and building masks...done (18377ms) 
     -computing association tests...done (54ms) 
     -computing joint association tests...done (0ms) 
 set [753/819] : TIMM8BP1 - 91 variants...
     -reading in genotypes, computing gene-based tests and building masks...done (7231ms) 
     -computing association tests...done (5ms) 
     -computing joint association tests...done (11ms) 
 set [754/819] : TM9SF2 - 36815 variants...
     -reading in genotypes, computing gene-based tests and building masks...done (35282ms) 
     -computing association tests...done (13ms) 
     -computing joint association tests...done (0ms) 
 set [755/819] : TMCO3 - 34760 variants...
     -reading in genotypes, computing gene-based tests and building masks...done (49791ms) 
     -computing association tests...done (53ms) 
     -computing joint association tests...done (0ms) 
 set [756/819] : TMEM255B - 35787 variants...
     -reading in genotypes, computing gene-based tests and building masks...done (42429ms) 
     -computing association tests...done (54ms) 
     -computing joint association tests...done (0ms) 
 set [757/819] : TMEM272 - 15951 variants...
     -reading in genotypes, computing gene-based tests and building masks...done (18131ms) 
     -computing association tests...done (45ms) 
     -computing joint association tests...done (0ms) 
 set [758/819] : TMTC4 - 36508 variants...
     -reading in genotypes, computing gene-based tests and building masks...done (33659ms) 
     -computing association tests...done (14ms) 
     -computing joint association tests...done (0ms) 
 set [759/819] : TNFRSF19 - 43918 variants...
     -reading in genotypes, computing gene-based tests and building masks...done (39249ms) 
     -computing association tests...done (13ms) 
     -computing joint association tests...done (0ms) 
 set [760/819] : TNFSF11 - 22819 variants...
     -reading in genotypes, computing gene-based tests and building masks...done (21281ms) 
     -computing association tests...done (48ms) 
     -computing joint association tests...done (0ms) 
 set [761/819] : TNFSF13B - 36984 variants...
     -reading in genotypes, computing gene-based tests and building masks...done (46223ms) 
     -computing association tests...done (46ms) 
     -computing joint association tests...done (0ms) 
 set [762/819] : TOMM22P3 - 4418 variants...
     -reading in genotypes, computing gene-based tests and building masks...done (7790ms) 
     -computing association tests...done (10ms) 
     -computing joint association tests...done (2ms) 
 set [763/819] : TPP2 - 36171 variants...
     -reading in genotypes, computing gene-based tests and building masks...done (26777ms) 
     -computing association tests...done (61ms) 
     -computing joint association tests...done (2ms) 
 set [764/819] : TPT1 - 9217 variants...
     -reading in genotypes, computing gene-based tests and building masks...done (13745ms) 
     -computing association tests...done (10ms) 
     -computing joint association tests...done (7ms) 
 set [765/819] : TPT1-AS1 - 20830 variants...
     -reading in genotypes, computing gene-based tests and building masks...done (83403ms) 
     -computing association tests...done (45ms) 
     -computing joint association tests...done (0ms) 
 set [766/819] : TPTE2 - 66800 variants...
     -reading in genotypes, computing gene-based tests and building masks...done (88689ms) 
     -computing association tests...done (60ms) 
     -computing joint association tests...done (0ms) 
 set [767/819] : TPTE2-AS1 - 10218 variants...
     -reading in genotypes, computing gene-based tests and building masks...done (7352ms) 
     -computing association tests...done (12ms) 
     -computing joint association tests...done (0ms) 
 set [768/819] : TPTE2P1 - 189 variants...
     -reading in genotypes, computing gene-based tests and building masks...done (10712ms) 
     -computing association tests...done (77ms) 
     -computing joint association tests...done (0ms) 
 set [769/819] : TPTE2P3 - 924 variants...
     -reading in genotypes, computing gene-based tests and building masks...done (20874ms) 
     -computing association tests...done (46ms) 
     -computing joint association tests...done (0ms) 
 set [770/819] : TPTE2P5 - 165 variants...
     -reading in genotypes, computing gene-based tests and building masks...done (876ms) 
     -computing association tests...done (1ms) 
     -computing joint association tests...done (0ms) 
 set [771/819] : TPTE2P6 - 7959 variants...
     -reading in genotypes, computing gene-based tests and building masks...done (11044ms) 
     -computing association tests...done (9ms) 
     -computing joint association tests...done (0ms) 
 set [772/819] : TRIM13 - 10719 variants...
     -reading in genotypes, computing gene-based tests and building masks...done (24637ms) 
     -computing association tests...done (46ms) 
     -computing joint association tests...done (0ms) 
 set [773/819] : TRIM60P13 - 556 variants...
     -reading in genotypes, computing gene-based tests and building masks...done (1251ms) 
     -computing association tests...done (1ms) 
     -computing joint association tests...done (0ms) 
 set [774/819] : TRIM60P19 - 1991 variants...
     -reading in genotypes, computing gene-based tests and building masks...done (6685ms) 
     -computing association tests...done (7ms) 
     -computing joint association tests...done (0ms) 
 set [775/819] : TRPC4 - 105373 variants...
     -reading in genotypes, computing gene-based tests and building masks...done (115269ms) 
     -computing association tests...done (68ms) 
     -computing joint association tests...done (0ms) 
 set [776/819] : TSC22D1 - 68332 variants...
     -reading in genotypes, computing gene-based tests and building masks...done (77482ms) 
     -computing association tests...done (14ms) 
     -computing joint association tests...done (0ms) 
 set [777/819] : TSC22D1-AS1 - 73722 variants...
     -reading in genotypes, computing gene-based tests and building masks...done (76512ms) 
     -computing association tests...done (14ms) 
     -computing joint association tests...done (0ms) 
 set [778/819] : TUBA3C - 10394 variants...
     -reading in genotypes, computing gene-based tests and building masks...done (11227ms) 
     -computing association tests...done (58ms) 
     -computing joint association tests...done (0ms) 
 set [779/819] : TUBBP2 - 3192 variants...
     -reading in genotypes, computing gene-based tests and building masks...done (2437ms) 
     -computing association tests...done (9ms) 
     -computing joint association tests...done (0ms) 
 set [780/819] : TUBGCP3 - 47780 variants...
     -reading in genotypes, computing gene-based tests and building masks...done (59078ms) 
     -computing association tests...done (15ms) 
     -computing joint association tests...done (0ms) 
 set [781/819] : TUSC8 - 7997 variants...
     -reading in genotypes, computing gene-based tests and building masks...done (5855ms) 
     -computing association tests...done (10ms) 
     -computing joint association tests...done (0ms) 
 set [782/819] : TXNL1P1 - 4269 variants...
     -reading in genotypes, computing gene-based tests and building masks...done (6961ms) 
     -computing association tests...done (10ms) 
     -computing joint association tests...done (0ms) 
 set [783/819] : U6 - 70 variants...
     -reading in genotypes, computing gene-based tests and building masks...done (4327ms) 
     -computing association tests...done (0ms) 
     -computing joint association tests...done (0ms) 
 set [784/819] : UBAC2 - 72899 variants...
     -reading in genotypes, computing gene-based tests and building masks...done (80665ms) 
     -computing association tests...done (14ms) 
     -computing joint association tests...done (0ms) 
 set [785/819] : UBAC2-AS1 - 9599 variants...
     -reading in genotypes, computing gene-based tests and building masks...done (8616ms) 
     -computing association tests...done (10ms) 
     -computing joint association tests...done (0ms) 
 set [786/819] : UBBP5 - 4267 variants...
     -reading in genotypes, computing gene-based tests and building masks...done (3064ms) 
     -computing association tests...done (10ms) 
     -computing joint association tests...done (0ms) 
 set [787/819] : UBE2D3P4 - 4144 variants...
     -reading in genotypes, computing gene-based tests and building masks...done (2975ms) 
     -computing association tests...done (56ms) 
     -computing joint association tests...done (0ms) 
 set [788/819] : UBE2L5 - 8359 variants...
     -reading in genotypes, computing gene-based tests and building masks...done (15620ms) 
     -computing association tests...done (44ms) 
     -computing joint association tests...done (0ms) 
 set [789/819] : UBL3 - 41816 variants...
     -reading in genotypes, computing gene-based tests and building masks...done (46798ms) 
     -computing association tests...done (18ms) 
     -computing joint association tests...done (0ms) 
 set [790/819] : UCHL3 - 27874 variants...
     -reading in genotypes, computing gene-based tests and building masks...done (28927ms) 
     -computing association tests...done (11ms) 
     -computing joint association tests...done (0ms) 
 set [791/819] : UFM1 - 9345 variants...
     -reading in genotypes, computing gene-based tests and building masks...done (7900ms) 
     -computing association tests...done (11ms) 
     -computing joint association tests...done (0ms) 
 set [792/819] : UGGT2 - 113732 variants...
     -reading in genotypes, computing gene-based tests and building masks...done (138253ms) 
     -computing association tests...done (54ms) 
     -computing joint association tests...done (0ms) 
 set [793/819] : UPF3A - 17299 variants...
     -reading in genotypes, computing gene-based tests and building masks...done (15222ms) 
     -computing association tests...done (13ms) 
     -computing joint association tests...done (0ms) 
 set [794/819] : URAD - 10056 variants...
     -reading in genotypes, computing gene-based tests and building masks...done (12266ms) 
     -computing association tests...done (44ms) 
     -computing joint association tests...done (0ms) 
 set [795/819] : USP12 - 47949 variants...
     -reading in genotypes, computing gene-based tests and building masks...done (47821ms) 
     -computing association tests...done (13ms) 
     -computing joint association tests...done (0ms) 
 set [796/819] : USP24P1 - 389 variants...
     -reading in genotypes, computing gene-based tests and building masks...done (2094ms) 
     -computing association tests...done (8ms) 
     -computing joint association tests...done (0ms) 
 set [797/819] : USPL1 - 20949 variants...
     -reading in genotypes, computing gene-based tests and building masks...done (16887ms) 
     -computing association tests...done (13ms) 
     -computing joint association tests...done (0ms) 
 set [798/819] : UTP14C - 7410 variants...
     -reading in genotypes, computing gene-based tests and building masks...done (8135ms) 
     -computing association tests...done (14ms) 
     -computing joint association tests...done (0ms) 
 set [799/819] : VDAC1P12 - 3248 variants...
     -reading in genotypes, computing gene-based tests and building masks...done (20457ms) 
     -computing association tests...done (47ms) 
     -computing joint association tests...done (0ms) 
 set [800/819] : VENTXP2 - 279 variants...
     -reading in genotypes, computing gene-based tests and building masks...done (9449ms) 
     -computing association tests...done (8ms) 
     -computing joint association tests...done (0ms) 
 set [801/819] : VPS36 - 17572 variants...
     -reading in genotypes, computing gene-based tests and building masks...done (17856ms) 
     -computing association tests...done (11ms) 
     -computing joint association tests...done (0ms) 
 set [802/819] : VWA8 - 166259 variants...
     -reading in genotypes, computing gene-based tests and building masks...done (238728ms) 
     -computing association tests...done (71ms) 
     -computing joint association tests...done (0ms) 
 set [803/819] : VWA8-AS1 - 7102 variants...
     -reading in genotypes, computing gene-based tests and building masks...done (5108ms) 
     -computing association tests...done (9ms) 
     -computing joint association tests...done (0ms) 
 set [804/819] : WASF3 - 61814 variants...
     -reading in genotypes, computing gene-based tests and building masks...done (62418ms) 
     -computing association tests...done (54ms) 
     -computing joint association tests...done (12ms) 
 set [805/819] : WBP4 - 15564 variants...
     -reading in genotypes, computing gene-based tests and building masks...done (19210ms) 
     -computing association tests...done (43ms) 
     -computing joint association tests...done (0ms) 
 set [806/819] : WDFY2 - 78988 variants...
     -reading in genotypes, computing gene-based tests and building masks...done (82395ms) 
     -computing association tests...done (53ms) 
     -computing joint association tests...done (0ms) 
 set [807/819] : WDR95P - 26322 variants...
     -reading in genotypes, computing gene-based tests and building masks...done (29817ms) 
     -computing association tests...done (9ms) 
     -computing joint association tests...done (0ms) 
 set [808/819] : XPO4 - 51592 variants...
     -reading in genotypes, computing gene-based tests and building masks...done (46067ms) 
     -computing association tests...done (13ms) 
     -computing joint association tests...done (0ms) 
 set [809/819] : Y_RNA - 31 variants...
     -reading in genotypes, computing gene-based tests and building masks...done (131ms) 
     -computing association tests...done (0ms) 
     -computing joint association tests...done (0ms) 
 set [810/819] : ZAR1L - 8864 variants...
     -reading in genotypes, computing gene-based tests and building masks...done (7497ms) 
     -computing association tests...done (11ms) 
     -computing joint association tests...done (0ms) 
 set [811/819] : ZC3H13 - 39459 variants...
     -reading in genotypes, computing gene-based tests and building masks...done (38604ms) 
     -computing association tests...done (11ms) 
     -computing joint association tests...done (0ms) 
 set [812/819] : ZDHHC20 - 42901 variants...
     -reading in genotypes, computing gene-based tests and building masks...done (42488ms) 
     -computing association tests...done (14ms) 
     -computing joint association tests...done (0ms) 
 set [813/819] : ZDHHC20P4 - 4827 variants...
     -reading in genotypes, computing gene-based tests and building masks...done (6977ms) 
     -computing association tests...done (10ms) 
     -computing joint association tests...done (0ms) 
 set [814/819] : ZIC2 - 8663 variants...
     -reading in genotypes, computing gene-based tests and building masks...done (10820ms) 
     -computing association tests...done (17ms) 
     -computing joint association tests...done (0ms) 
 set [815/819] : ZIC5 - 9441 variants...
     -reading in genotypes, computing gene-based tests and building masks...done (6677ms) 
     -computing association tests...done (11ms) 
     -computing joint association tests...done (0ms) 
 set [816/819] : ZMYM2 - 65665 variants...
     -reading in genotypes, computing gene-based tests and building masks...done (78221ms) 
     -computing association tests...done (12ms) 
     -computing joint association tests...done (0ms) 
 set [817/819] : ZMYM5 - 23164 variants...
     -reading in genotypes, computing gene-based tests and building masks...done (20523ms) 
     -computing association tests...done (59ms) 
     -computing joint association tests...done (0ms) 
 set [818/819] : ZNF962P - 19749 variants...
     -reading in genotypes, computing gene-based tests and building masks...done (17073ms) 
     -computing association tests...done (43ms) 
     -computing joint association tests...done (0ms) 
 set [819/819] : ZNF965P - 3007 variants...
     -reading in genotypes, computing gene-based tests and building masks...done (6679ms) 
     -computing association tests...done (9ms) 
     -computing joint association tests...done (0ms) 

Association results stored separately for each trait in files : 
* [/share/home/lsy_luzhen/WGS_GWAS_and_MR/tmp_ssh_data/GWAS_european/gene_based/testing_results/step2_gb_euro_cin3plus_chr13_CIN3plus.regenie]

Number of tests with Firth correction : 856
Number of failed tests : (0/856)
Number of ignored tests due to low MAC : 0

Elapsed time : 42396.9s
End time: Sun Sep  7 17:09:13 2025

--------done
end at:
Sun Sep  7 17:10:09 CST 2025
