start at:
Sun Sep  7 07:59:14 CST 2025
This directory already exists.
regenie version:
v4.1.gz
--------start
Start time: Sun Sep  7 07:59:49 2025

              |===========================|
              |      REGENIE v4.1.gz      |
              |===========================|

Copyright (c) 2020-2024 Joelle Mbatchou, Andrey Ziyatdinov and Jonathan Marchini.
Distributed under the MIT License.
Compiled with Boost Iostream library.
Using Intel MKL with Eigen.

Log of output saved in file : /share/home/lsy_luzhen/WGS_GWAS_and_MR/tmp_ssh_data/GWAS_european/gene_based/testing_results/step2_gb_euro_cin3plus_chr15.log

Options in effect:
  --step 2 \
  --pgen /share/home/lsy_luzhen/WGS_GWAS_and_MR/tmp_ssh_data/GWAS_european/gene_based/EuroPrePCA_ref38_rsID \
  --chr 15 \
  --phenoFile /share/home/lsy_luzhen/WGS_GWAS_and_MR/tmp_ssh_data/GWAS_european/T002_CIN3plus_phenotype.txt \
  --bt \
  --covarFile /share/home/lsy_luzhen/WGS_GWAS_and_MR/tmp_ssh_data/GWAS_european/T002_CIN3plus_covars.txt \
  --catCovarList Smoking_status,Alcohol_intake_frequency,Genotype_measurement_batch \
  --strict \
  --bsize 1000 \
  --firth \
  --approx \
  --threads 16 \
  --pred /share/home/lsy_luzhen/WGS_GWAS_and_MR/tmp_ssh_data/GWAS_european/step1/regenie_step1_euro_cin3plus_pred.list \
  --use-null-firth /share/home/lsy_luzhen/WGS_GWAS_and_MR/tmp_ssh_data/GWAS_european/step1/regenie_step1_euro_cin3plus_firth.list \
  --anno-file /share/home/lsy_luzhen/WGS_GWAS_and_MR/tmp_ssh_data/GWAS_european/gene_based/anno_file_unique_filtered.txt \
  --set-list /share/home/lsy_luzhen/WGS_GWAS_and_MR/tmp_ssh_data/GWAS_european/gene_based/set_list_unique_filtered.txt \
  --mask-def /share/home/lsy_luzhen/WGS_GWAS_and_MR/tmp_ssh_data/GWAS_european/gene_based/mask_file.txt \
  --aaf-bins 0.001,0.01,0.05,0.1 \
  --vc-MACthr 10 \
  --joint acat,sbat \
  --vc-tests skato,acato-full \
  --rgc-gene-p \
  --out /share/home/lsy_luzhen/WGS_GWAS_and_MR/tmp_ssh_data/GWAS_european/gene_based/testing_results/step2_gb_euro_cin3plus_chr15

Association testing mode (joint tests) with fast multithreading using OpenMP
 * pvar             : [/share/home/lsy_luzhen/WGS_GWAS_and_MR/tmp_ssh_data/GWAS_european/gene_based/EuroPrePCA_ref38_rsID.pvar] n_snps = 1400147917
 * psam             : [/share/home/lsy_luzhen/WGS_GWAS_and_MR/tmp_ssh_data/GWAS_european/gene_based/EuroPrePCA_ref38_rsID.psam] n_samples = 202952
 * pgen             : [/share/home/lsy_luzhen/WGS_GWAS_and_MR/tmp_ssh_data/GWAS_european/gene_based/EuroPrePCA_ref38_rsID.pgen] 
 * phenotypes       : [/share/home/lsy_luzhen/WGS_GWAS_and_MR/tmp_ssh_data/GWAS_european/T002_CIN3plus_phenotype.txt] n_pheno = 1
   -dropping observations with missing values at any of the phenotypes
   -number of phenotyped individuals with no missing data = 202952
 * covariates       : [/share/home/lsy_luzhen/WGS_GWAS_and_MR/tmp_ssh_data/GWAS_european/T002_CIN3plus_covars.txt] n_cov = 26
   -number of individuals with covariate data = 202952
 * number of individuals used in analysis = 202952
 * case-control counts for each trait:
   - 'CIN3plus': 5544 cases and 197408 controls
 * LOCO predictions : [/share/home/lsy_luzhen/WGS_GWAS_and_MR/tmp_ssh_data/GWAS_european/step1/regenie_step1_euro_cin3plus_pred.list]
   -file [/share/home/lsy_luzhen/WGS_GWAS_and_MR/tmp_ssh_data/GWAS_european/step1/regenie_step1_euro_cin3plus_1.loco] for phenotype 'CIN3plus'
 * annotations      : [/share/home/lsy_luzhen/WGS_GWAS_and_MR/tmp_ssh_data/GWAS_european/gene_based/anno_file_unique_filtered.txt] 
   +number of annotations categories = 6
 * masks            : [/share/home/lsy_luzhen/WGS_GWAS_and_MR/tmp_ssh_data/GWAS_european/gene_based/mask_file.txt] n_masks = 7
 * aaf cutoffs      : [ 4 : 0.001 0.01 0.05 0.1 ] + singletons
 * set file         : [/share/home/lsy_luzhen/WGS_GWAS_and_MR/tmp_ssh_data/GWAS_european/gene_based/set_list_unique_filtered.txt] n_sets = 1049
WARNING: Detected 12 sets with variants not in genetic data or annotation files.
 * # threads        : [16]
 * # tested sets    : [1049]
 * max block size   : [1000]
 * rule used to build masks : max
 * computing gene-based tests for each set of variants included in a mask (rho=[0,0.01,0.04,0.09,0.16,0.25,0.5,1])
  -variants with MAC <= 10 are collapsed into a mask
  -weights are obtained from Beta(MAF,1,25)
  -list of gene-based tests run: ACATO,ACATV,SKATO,SKATO-ACAT
 * applying ACAT to output overall gene p-value
 * approximate memory usage : 3556GB
 * using minimum MAC of 5 (masks with lower MAC are ignored)
 * using fast Firth correction for logistic/cox regression p-values less than 0.05
 * user specified to test only on select chromosomes
WARNING: Joint SBAT test only for QTs.
 * number of mask groups run through gene-p strategy = 2
 * list of joint tests run on burden masks: ACAT

Chromosome 15 [1049 sets in total]
   -reading loco predictions for the chromosome...done (9410ms) 
   -fitting null logistic regression on binary phenotypes...done (252ms) 
   -fitting null Firth logistic regression on binary phenotypes...done (2863ms) 
 set [1/1049] : AAGAB - 21909 variants...
     -reading in genotypes, computing gene-based tests and building masks...done (19196ms) 
     -computing association tests...done (14ms) 
     -computing joint association tests...done (0ms) 
 set [2/1049] : ABCB10P1 - 7573 variants...
     -reading in genotypes, computing gene-based tests and building masks...done (12448ms) 
     -computing association tests...done (11ms) 
     -computing joint association tests...done (0ms) 
 set [3/1049] : ABCB10P3 - 7542 variants...
     -reading in genotypes, computing gene-based tests and building masks...done (30834ms) 
     -computing association tests...done (12ms) 
     -computing joint association tests...done (0ms) 
 set [4/1049] : ABCB10P4 - 10482 variants...
     -reading in genotypes, computing gene-based tests and building masks...done (54709ms) 
     -computing association tests...done (12ms) 
     -computing joint association tests...done (0ms) 
 set [5/1049] : ABHD17C - 35021 variants...
     -reading in genotypes, computing gene-based tests and building masks...done (32273ms) 
     -computing association tests...done (26ms) 
     -computing joint association tests...done (0ms) 
 set [6/1049] : ABHD2 - 54346 variants...
     -reading in genotypes, computing gene-based tests and building masks...done (59714ms) 
     -computing association tests...done (78ms) 
     -computing joint association tests...done (0ms) 
 set [7/1049] : ACAN - 34783 variants...
     -reading in genotypes, computing gene-based tests and building masks...done (40592ms) 
     -computing association tests...done (57ms) 
     -computing joint association tests...done (0ms) 
 set [8/1049] : ACSBG1 - 34383 variants...
     -reading in genotypes, computing gene-based tests and building masks...done (30482ms) 
     -computing association tests...done (77ms) 
     -computing joint association tests...done (0ms) 
 set [9/1049] : ACTC1 - 6559 variants...
     -reading in genotypes, computing gene-based tests and building masks...done (9961ms) 
     -computing association tests...done (14ms) 
     -computing joint association tests...done (0ms) 
 set [10/1049] : ACTG1P15 - 217 variants...
     -reading in genotypes, computing gene-based tests and building masks...done (4969ms) 
     -computing association tests...done (6ms) 
     -computing joint association tests...done (0ms) 
 set [11/1049] : ACTG1P17 - 12066 variants...
     -reading in genotypes, computing gene-based tests and building masks...done (14511ms) 
     -computing association tests...done (42ms) 
     -computing joint association tests...done (0ms) 
 set [12/1049] : ADAM10 - 82628 variants...
     -reading in genotypes, computing gene-based tests and building masks...done (87312ms) 
     -computing association tests...done (15ms) 
     -computing joint association tests...done (0ms) 
 set [13/1049] : ADAMTS17 - 215180 variants...
     -reading in genotypes, computing gene-based tests and building masks...done (471370ms) 
     -computing association tests...done (69ms) 
     -computing joint association tests...done (0ms) 
 set [14/1049] : ADAMTS7 - 28588 variants...
     -reading in genotypes, computing gene-based tests and building masks...done (25401ms) 
     -computing association tests...done (18ms) 
     -computing joint association tests...done (0ms) 
 set [15/1049] : ADAMTS7P1 - 16553 variants...
     -reading in genotypes, computing gene-based tests and building masks...done (40880ms) 
     -computing association tests...done (13ms) 
     -computing joint association tests...done (0ms) 
 set [16/1049] : ADAMTS7P3 - 13919 variants...
     -reading in genotypes, computing gene-based tests and building masks...done (15942ms) 
     -computing association tests...done (12ms) 
     -computing joint association tests...done (0ms) 
 set [17/1049] : ADAMTS7P4 - 15486 variants...
     -reading in genotypes, computing gene-based tests and building masks...done (56372ms) 
     -computing association tests...done (48ms) 
     -computing joint association tests...done (0ms) 
 set [18/1049] : ADAMTSL3 - 169592 variants...
     -reading in genotypes, computing gene-based tests and building masks...done (285944ms) 
     -computing association tests...done (77ms) 
     -computing joint association tests...done (0ms) 
 set [19/1049] : ADPGK - 16468 variants...
     -reading in genotypes, computing gene-based tests and building masks...done (24774ms) 
     -computing association tests...done (41ms) 
     -computing joint association tests...done (0ms) 
 set [20/1049] : ADPGK-AS1 - 6232 variants...
     -reading in genotypes, computing gene-based tests and building masks...done (6746ms) 
     -computing association tests...done (10ms) 
     -computing joint association tests...done (0ms) 
 set [21/1049] : AEN - 8240 variants...
     -reading in genotypes, computing gene-based tests and building masks...done (7248ms) 
     -computing association tests...done (44ms) 
     -computing joint association tests...done (0ms) 
 set [22/1049] : AFG2B - 11563 variants...
     -reading in genotypes, computing gene-based tests and building masks...done (9196ms) 
     -computing association tests...done (13ms) 
     -computing joint association tests...done (0ms) 
 set [23/1049] : AGBL1 - 470551 variants...
     -reading in genotypes, computing gene-based tests and building masks...done (2157526ms) 
     -computing association tests...done (33ms) 
     -computing joint association tests...done (0ms) 
 set [24/1049] : AHCYP7 - 2821 variants...
     -reading in genotypes, computing gene-based tests and building masks...done (6367ms) 
     -computing association tests...done (47ms) 
     -computing joint association tests...done (0ms) 
 set [25/1049] : AKAP13 - 185259 variants...
     -reading in genotypes, computing gene-based tests and building masks...done (308808ms) 
     -computing association tests...done (59ms) 
     -computing joint association tests...done (0ms) 
 set [26/1049] : ALDH1A2 - 174527 variants...
     -reading in genotypes, computing gene-based tests and building masks...done (298025ms) 
     -computing association tests...done (29ms) 
     -computing joint association tests...done (0ms) 
 set [27/1049] : ALDH1A2-AS1 - 2161 variants...
     -reading in genotypes, computing gene-based tests and building masks...done (1936ms) 
     -computing association tests...done (10ms) 
     -computing joint association tests...done (0ms) 
 set [28/1049] : ALDH1A3 - 20304 variants...
     -reading in genotypes, computing gene-based tests and building masks...done (28945ms) 
     -computing association tests...done (58ms) 
     -computing joint association tests...done (15ms) 
 set [29/1049] : ALPK3 - 26219 variants...
     -reading in genotypes, computing gene-based tests and building masks...done (21300ms) 
     -computing association tests...done (60ms) 
     -computing joint association tests...done (21ms) 
 set [30/1049] : ANKDD1A - 28163 variants...
     -reading in genotypes, computing gene-based tests and building masks...done (26087ms) 
     -computing association tests...done (60ms) 
     -computing joint association tests...done (25ms) 
 set [31/1049] : ANKRD34C - 10866 variants...
     -reading in genotypes, computing gene-based tests and building masks...done (8952ms) 
     -computing association tests...done (75ms) 
     -computing joint association tests...done (0ms) 
 set [32/1049] : ANKRD34C-AS1 - 54637 variants...
     -reading in genotypes, computing gene-based tests and building masks...done (64389ms) 
     -computing association tests...done (14ms) 
     -computing joint association tests...done (0ms) 
 set [33/1049] : ANKRD63 - 2693 variants...
     -reading in genotypes, computing gene-based tests and building masks...done (2674ms) 
     -computing association tests...done (9ms) 
     -computing joint association tests...done (0ms) 
 set [34/1049] : ANP32A - 23489 variants...
     -reading in genotypes, computing gene-based tests and building masks...done (20305ms) 
     -computing association tests...done (52ms) 
     -computing joint association tests...done (0ms) 
 set [35/1049] : ANP32BP3 - 4063 variants...
     -reading in genotypes, computing gene-based tests and building masks...done (3040ms) 
     -computing association tests...done (11ms) 
     -computing joint association tests...done (0ms) 
 set [36/1049] : ANPEP - 18686 variants...
     -reading in genotypes, computing gene-based tests and building masks...done (14598ms) 
     -computing association tests...done (56ms) 
     -computing joint association tests...done (0ms) 
 set [37/1049] : ANXA2 - 32678 variants...
     -reading in genotypes, computing gene-based tests and building masks...done (37140ms) 
     -computing association tests...done (49ms) 
     -computing joint association tests...done (0ms) 
 set [38/1049] : AP3B2 - 28122 variants...
     -reading in genotypes, computing gene-based tests and building masks...done (27999ms) 
     -computing association tests...done (14ms) 
     -computing joint association tests...done (0ms) 
 set [39/1049] : AP3S2 - 33339 variants...
     -reading in genotypes, computing gene-based tests and building masks...done (35580ms) 
     -computing association tests...done (76ms) 
     -computing joint association tests...done (0ms) 
 set [40/1049] : AP4E1 - 43978 variants...
     -reading in genotypes, computing gene-based tests and building masks...done (38575ms) 
     -computing association tests...done (53ms) 
     -computing joint association tests...done (0ms) 
 set [41/1049] : APBA2 - 101446 variants...
     -reading in genotypes, computing gene-based tests and building masks...done (150768ms) 
     -computing association tests...done (39ms) 
     -computing joint association tests...done (0ms) 
 set [42/1049] : APH1B - 16343 variants...
     -reading in genotypes, computing gene-based tests and building masks...done (15116ms) 
     -computing association tests...done (16ms) 
     -computing joint association tests...done (0ms) 
 set [43/1049] : AQP9 - 25875 variants...
     -reading in genotypes, computing gene-based tests and building masks...done (20102ms) 
     -computing association tests...done (24ms) 
     -computing joint association tests...done (0ms) 
 set [44/1049] : AQR - 55505 variants...
     -reading in genotypes, computing gene-based tests and building masks...done (74982ms) 
     -computing association tests...done (55ms) 
     -computing joint association tests...done (0ms) 
 set [45/1049] : ARHGAP11A - 13419 variants...
     -reading in genotypes, computing gene-based tests and building masks...done (11654ms) 
     -computing association tests...done (52ms) 
     -computing joint association tests...done (0ms) 
 set [46/1049] : ARHGAP11A-DT - 11280 variants...
     -reading in genotypes, computing gene-based tests and building masks...done (22152ms) 
     -computing association tests...done (12ms) 
     -computing joint association tests...done (0ms) 
 set [47/1049] : ARHGAP11B - 9773 variants...
     -reading in genotypes, computing gene-based tests and building masks...done (12342ms) 
     -computing association tests...done (47ms) 
     -computing joint association tests...done (0ms) 
 set [48/1049] : ARHGAP11B-DT - 7082 variants...
     -reading in genotypes, computing gene-based tests and building masks...done (110639ms) 
     -computing association tests...done (13ms) 
     -computing joint association tests...done (15ms) 
 set [49/1049] : ARID3B - 28479 variants...
     -reading in genotypes, computing gene-based tests and building masks...done (26293ms) 
     -computing association tests...done (17ms) 
     -computing joint association tests...done (0ms) 
 set [50/1049] : ARIH1 - 59067 variants...
     -reading in genotypes, computing gene-based tests and building masks...done (103426ms) 
     -computing association tests...done (15ms) 
     -computing joint association tests...done (0ms) 
 set [51/1049] : ARNT2 - 81382 variants...
     -reading in genotypes, computing gene-based tests and building masks...done (82011ms) 
     -computing association tests...done (17ms) 
     -computing joint association tests...done (0ms) 
 set [52/1049] : ARNT2-DT - 21969 variants...
     -reading in genotypes, computing gene-based tests and building masks...done (16552ms) 
     -computing association tests...done (11ms) 
     -computing joint association tests...done (19ms) 
 set [53/1049] : ARPIN - 10004 variants...
     -reading in genotypes, computing gene-based tests and building masks...done (8457ms) 
     -computing association tests...done (50ms) 
     -computing joint association tests...done (13ms) 
 set [54/1049] : ARPP19 - 14206 variants...
     -reading in genotypes, computing gene-based tests and building masks...done (11160ms) 
     -computing association tests...done (14ms) 
     -computing joint association tests...done (2ms) 
 set [55/1049] : ARRDC4 - 10293 variants...
     -reading in genotypes, computing gene-based tests and building masks...done (9811ms) 
     -computing association tests...done (60ms) 
     -computing joint association tests...done (2ms) 
 set [56/1049] : ASB7 - 25832 variants...
     -reading in genotypes, computing gene-based tests and building masks...done (26672ms) 
     -computing association tests...done (14ms) 
     -computing joint association tests...done (16ms) 
 set [57/1049] : ASB9P1 - 4736 variants...
     -reading in genotypes, computing gene-based tests and building masks...done (10682ms) 
     -computing association tests...done (9ms) 
     -computing joint association tests...done (0ms) 
 set [58/1049] : ATOSA - 52725 variants...
     -reading in genotypes, computing gene-based tests and building masks...done (51765ms) 
     -computing association tests...done (53ms) 
     -computing joint association tests...done (0ms) 
 set [59/1049] : ATP10A - 87802 variants...
     -reading in genotypes, computing gene-based tests and building masks...done (94389ms) 
     -computing association tests...done (56ms) 
     -computing joint association tests...done (0ms) 
 set [60/1049] : ATP10A-DT - 6462 variants...
     -reading in genotypes, computing gene-based tests and building masks...done (4843ms) 
     -computing association tests...done (11ms) 
     -computing joint association tests...done (0ms) 
 set [61/1049] : ATP8B4 - 139490 variants...
     -reading in genotypes, computing gene-based tests and building masks...done (274407ms) 
     -computing association tests...done (79ms) 
     -computing joint association tests...done (0ms) 
 set [62/1049] : AVEN - 85596 variants...
     -reading in genotypes, computing gene-based tests and building masks...done (106654ms) 
     -computing association tests...done (41ms) 
     -computing joint association tests...done (0ms) 
 set [63/1049] : B2M - 6788 variants...
     -reading in genotypes, computing gene-based tests and building masks...done (16520ms) 
     -computing association tests...done (47ms) 
     -computing joint association tests...done (0ms) 
 set [64/1049] : BAHD1 - 13893 variants...
     -reading in genotypes, computing gene-based tests and building masks...done (19742ms) 
     -computing association tests...done (13ms) 
     -computing joint association tests...done (0ms) 
 set [65/1049] : BBS4 - 28814 variants...
     -reading in genotypes, computing gene-based tests and building masks...done (73463ms) 
     -computing association tests...done (50ms) 
     -computing joint association tests...done (0ms) 
 set [66/1049] : BCAR1P1 - 4790 variants...
     -reading in genotypes, computing gene-based tests and building masks...done (28966ms) 
     -computing association tests...done (11ms) 
     -computing joint association tests...done (0ms) 
 set [67/1049] : BCAR1P2 - 4394 variants...
     -reading in genotypes, computing gene-based tests and building masks...done (47555ms) 
     -computing association tests...done (12ms) 
     -computing joint association tests...done (0ms) 
 set [68/1049] : BCL2A1 - 8460 variants...
     -reading in genotypes, computing gene-based tests and building masks...done (12452ms) 
     -computing association tests...done (21ms) 
     -computing joint association tests...done (0ms) 
 set [69/1049] : BCL2L10 - 9253 variants...
     -reading in genotypes, computing gene-based tests and building masks...done (15431ms) 
     -computing association tests...done (110ms) 
     -computing joint association tests...done (0ms) 
 set [70/1049] : BLM - 45195 variants...
     -reading in genotypes, computing gene-based tests and building masks...done (74723ms) 
     -computing association tests...done (72ms) 
     -computing joint association tests...done (0ms) 
 set [71/1049] : BLOC1S6 - 17083 variants...
     -reading in genotypes, computing gene-based tests and building masks...done (22739ms) 
     -computing association tests...done (11ms) 
     -computing joint association tests...done (0ms) 
 set [72/1049] : BMF - 13906 variants...
     -reading in genotypes, computing gene-based tests and building masks...done (19828ms) 
     -computing association tests...done (11ms) 
     -computing joint association tests...done (0ms) 
 set [73/1049] : BMS1P15 - 4852 variants...
     -reading in genotypes, computing gene-based tests and building masks...done (26039ms) 
     -computing association tests...done (10ms) 
     -computing joint association tests...done (16ms) 
 set [74/1049] : BMS1P16 - 6057 variants...
     -reading in genotypes, computing gene-based tests and building masks...done (57627ms) 
     -computing association tests...done (12ms) 
     -computing joint association tests...done (0ms) 
 set [75/1049] : BNC1 - 15799 variants...
     -reading in genotypes, computing gene-based tests and building masks...done (23023ms) 
     -computing association tests...done (15ms) 
     -computing joint association tests...done (0ms) 
 set [76/1049] : BNIP2 - 16243 variants...
     -reading in genotypes, computing gene-based tests and building masks...done (19852ms) 
     -computing association tests...done (16ms) 
     -computing joint association tests...done (0ms) 
 set [77/1049] : BTBD1 - 24900 variants...
     -reading in genotypes, computing gene-based tests and building masks...done (33632ms) 
     -computing association tests...done (13ms) 
     -computing joint association tests...done (0ms) 
 set [78/1049] : BUB1B - 27288 variants...
     -reading in genotypes, computing gene-based tests and building masks...done (33798ms) 
     -computing association tests...done (14ms) 
     -computing joint association tests...done (0ms) 
 set [79/1049] : C15orf32 - 14412 variants...
     -reading in genotypes, computing gene-based tests and building masks...done (16886ms) 
     -computing association tests...done (12ms) 
     -computing joint association tests...done (0ms) 
 set [80/1049] : C15orf39 - 8464 variants...
     -reading in genotypes, computing gene-based tests and building masks...done (10087ms) 
     -computing association tests...done (16ms) 
     -computing joint association tests...done (0ms) 
 set [81/1049] : C15orf40 - 11977 variants...
     -reading in genotypes, computing gene-based tests and building masks...done (18835ms) 
     -computing association tests...done (42ms) 
     -computing joint association tests...done (0ms) 
 set [82/1049] : C15orf48 - 5267 variants...
     -reading in genotypes, computing gene-based tests and building masks...done (10983ms) 
     -computing association tests...done (24ms) 
     -computing joint association tests...done (0ms) 
 set [83/1049] : C15orf61 - 7833 variants...
     -reading in genotypes, computing gene-based tests and building masks...done (13991ms) 
     -computing association tests...done (12ms) 
     -computing joint association tests...done (0ms) 
 set [84/1049] : C2CD4A - 6002 variants...
     -reading in genotypes, computing gene-based tests and building masks...done (9692ms) 
     -computing association tests...done (10ms) 
     -computing joint association tests...done (0ms) 
 set [85/1049] : C2CD4B - 5234 variants...
     -reading in genotypes, computing gene-based tests and building masks...done (14114ms) 
     -computing association tests...done (10ms) 
     -computing joint association tests...done (0ms) 
 set [86/1049] : CA12 - 29257 variants...
     -reading in genotypes, computing gene-based tests and building masks...done (29087ms) 
     -computing association tests...done (14ms) 
     -computing joint association tests...done (0ms) 
 set [87/1049] : CALML4 - 6315 variants...
     -reading in genotypes, computing gene-based tests and building masks...done (9456ms) 
     -computing association tests...done (69ms) 
     -computing joint association tests...done (0ms) 
 set [88/1049] : CAPN3 - 20656 variants...
     -reading in genotypes, computing gene-based tests and building masks...done (15882ms) 
     -computing association tests...done (56ms) 
     -computing joint association tests...done (0ms) 
 set [89/1049] : CARMAL - 23714 variants...
     -reading in genotypes, computing gene-based tests and building masks...done (41074ms) 
     -computing association tests...done (12ms) 
     -computing joint association tests...done (0ms) 
 set [90/1049] : CARS1P1 - 2938 variants...
     -reading in genotypes, computing gene-based tests and building masks...done (8056ms) 
     -computing association tests...done (8ms) 
     -computing joint association tests...done (0ms) 
 set [91/1049] : CATSPER2 - 17260 variants...
     -reading in genotypes, computing gene-based tests and building masks...done (25817ms) 
     -computing association tests...done (72ms) 
     -computing joint association tests...done (0ms) 
 set [92/1049] : CATSPER2P1 - 10636 variants...
     -reading in genotypes, computing gene-based tests and building masks...done (19856ms) 
     -computing association tests...done (49ms) 
     -computing joint association tests...done (0ms) 
 set [93/1049] : CCDC32 - 8919 variants...
     -reading in genotypes, computing gene-based tests and building masks...done (12731ms) 
     -computing association tests...done (52ms) 
     -computing joint association tests...done (0ms) 
 set [94/1049] : CCDC33 - 44059 variants...
     -reading in genotypes, computing gene-based tests and building masks...done (65229ms) 
     -computing association tests...done (11ms) 
     -computing joint association tests...done (0ms) 
 set [95/1049] : CCDC9B - 8121 variants...
     -reading in genotypes, computing gene-based tests and building masks...done (10319ms) 
     -computing association tests...done (48ms) 
     -computing joint association tests...done (0ms) 
 set [96/1049] : CCNB2 - 13474 variants...
     -reading in genotypes, computing gene-based tests and building masks...done (16992ms) 
     -computing association tests...done (13ms) 
     -computing joint association tests...done (0ms) 
 set [97/1049] : CCNDBP1 - 5118 variants...
     -reading in genotypes, computing gene-based tests and building masks...done (8466ms) 
     -computing association tests...done (68ms) 
     -computing joint association tests...done (0ms) 
 set [98/1049] : CCPG1 - 25819 variants...
     -reading in genotypes, computing gene-based tests and building masks...done (35571ms) 
     -computing association tests...done (54ms) 
     -computing joint association tests...done (0ms) 
 set [99/1049] : CD24P2 - 5558 variants...
     -reading in genotypes, computing gene-based tests and building masks...done (9478ms) 
     -computing association tests...done (10ms) 
     -computing joint association tests...done (14ms) 
 set [100/1049] : CD276 - 24726 variants...
     -reading in genotypes, computing gene-based tests and building masks...done (55134ms) 
     -computing association tests...done (17ms) 
     -computing joint association tests...done (0ms) 
 set [101/1049] : CDAN1 - 11162 variants...
     -reading in genotypes, computing gene-based tests and building masks...done (16203ms) 
     -computing association tests...done (58ms) 
     -computing joint association tests...done (0ms) 
 set [102/1049] : CDIN1 - 96691 variants...
     -reading in genotypes, computing gene-based tests and building masks...done (167264ms) 
     -computing association tests...done (30ms) 
     -computing joint association tests...done (0ms) 
 set [103/1049] : CELF6 - 17240 variants...
     -reading in genotypes, computing gene-based tests and building masks...done (21126ms) 
     -computing association tests...done (66ms) 
     -computing joint association tests...done (0ms) 
 set [104/1049] : CEMIP - 73781 variants...
     -reading in genotypes, computing gene-based tests and building masks...done (111474ms) 
     -computing association tests...done (54ms) 
     -computing joint association tests...done (0ms) 
 set [105/1049] : CEP152 - 36273 variants...
     -reading in genotypes, computing gene-based tests and building masks...done (27866ms) 
     -computing association tests...done (48ms) 
     -computing joint association tests...done (0ms) 
 set [106/1049] : CERS3 - 69136 variants...
     -reading in genotypes, computing gene-based tests and building masks...done (141754ms) 
     -computing association tests...done (18ms) 
     -computing joint association tests...done (0ms) 
 set [107/1049] : CERS3-AS1 - 7721 variants...
     -reading in genotypes, computing gene-based tests and building masks...done (16086ms) 
     -computing association tests...done (10ms) 
     -computing joint association tests...done (0ms) 
 set [108/1049] : CFAP161 - 51101 variants...
     -reading in genotypes, computing gene-based tests and building masks...done (84958ms) 
     -computing association tests...done (14ms) 
     -computing joint association tests...done (0ms) 
 set [109/1049] : CGNL1 - 87553 variants...
     -reading in genotypes, computing gene-based tests and building masks...done (133938ms) 
     -computing association tests...done (69ms) 
     -computing joint association tests...done (0ms) 
 set [110/1049] : CHAC1 - 5557 variants...
     -reading in genotypes, computing gene-based tests and building masks...done (7088ms) 
     -computing association tests...done (10ms) 
     -computing joint association tests...done (0ms) 
 set [111/1049] : CHASERR - 39435 variants...
     -reading in genotypes, computing gene-based tests and building masks...done (53644ms) 
     -computing association tests...done (13ms) 
     -computing joint association tests...done (0ms) 
 set [112/1049] : CHD2 - 62708 variants...
     -reading in genotypes, computing gene-based tests and building masks...done (87772ms) 
     -computing association tests...done (16ms) 
     -computing joint association tests...done (0ms) 
 set [113/1049] : CHEK2P2 - 5284 variants...
     -reading in genotypes, computing gene-based tests and building masks...done (14683ms) 
     -computing association tests...done (61ms) 
     -computing joint association tests...done (0ms) 
 set [114/1049] : CHP1 - 26391 variants...
     -reading in genotypes, computing gene-based tests and building masks...done (33009ms) 
     -computing association tests...done (60ms) 
     -computing joint association tests...done (0ms) 
 set [115/1049] : CHRFAM7A - 17455 variants...
     -reading in genotypes, computing gene-based tests and building masks...done (222593ms) 
     -computing association tests...done (16ms) 
     -computing joint association tests...done (0ms) 
 set [116/1049] : CHRM5 - 11029 variants...
     -reading in genotypes, computing gene-based tests and building masks...done (13748ms) 
     -computing association tests...done (56ms) 
     -computing joint association tests...done (12ms) 
 set [117/1049] : CHRNA3 - 14564 variants...
     -reading in genotypes, computing gene-based tests and building masks...done (14444ms) 
     -computing association tests...done (24ms) 
     -computing joint association tests...done (0ms) 
 set [118/1049] : CHRNA5 - 14272 variants...
     -reading in genotypes, computing gene-based tests and building masks...done (12378ms) 
     -computing association tests...done (14ms) 
     -computing joint association tests...done (0ms) 
 set [119/1049] : CHRNA7 - 104277 variants...
     -reading in genotypes, computing gene-based tests and building masks...done (191514ms) 
     -computing association tests...done (29ms) 
     -computing joint association tests...done (0ms) 
 set [120/1049] : CHRNB4 - 13908 variants...
     -reading in genotypes, computing gene-based tests and building masks...done (12465ms) 
     -computing association tests...done (22ms) 
     -computing joint association tests...done (0ms) 
 set [121/1049] : CHST14 - 5274 variants...
     -reading in genotypes, computing gene-based tests and building masks...done (11304ms) 
     -computing association tests...done (12ms) 
     -computing joint association tests...done (7ms) 
 set [122/1049] : CHSY1 - 39943 variants...
     -reading in genotypes, computing gene-based tests and building masks...done (38843ms) 
     -computing association tests...done (57ms) 
     -computing joint association tests...done (6ms) 
 set [123/1049] : CIAO2A - 11026 variants...
     -reading in genotypes, computing gene-based tests and building masks...done (13942ms) 
     -computing association tests...done (14ms) 
     -computing joint association tests...done (37ms) 
 set [124/1049] : CIB1 - 3952 variants...
     -reading in genotypes, computing gene-based tests and building masks...done (7509ms) 
     -computing association tests...done (46ms) 
     -computing joint association tests...done (16ms) 
 set [125/1049] : CIB2 - 16127 variants...
     -reading in genotypes, computing gene-based tests and building masks...done (21941ms) 
     -computing association tests...done (61ms) 
     -computing joint association tests...done (6ms) 
 set [126/1049] : CIBAR1P1 - 5112 variants...
     -reading in genotypes, computing gene-based tests and building masks...done (10004ms) 
     -computing association tests...done (13ms) 
     -computing joint association tests...done (0ms) 
 set [127/1049] : CILP - 11219 variants...
     -reading in genotypes, computing gene-based tests and building masks...done (11134ms) 
     -computing association tests...done (11ms) 
     -computing joint association tests...done (0ms) 
 set [128/1049] : CIMAP1C - 5848 variants...
     -reading in genotypes, computing gene-based tests and building masks...done (5306ms) 
     -computing association tests...done (11ms) 
     -computing joint association tests...done (0ms) 
 set [129/1049] : CKMT1A - 4725 variants...
     -reading in genotypes, computing gene-based tests and building masks...done (13012ms) 
     -computing association tests...done (10ms) 
     -computing joint association tests...done (0ms) 
 set [130/1049] : CKMT1B - 4584 variants...
     -reading in genotypes, computing gene-based tests and building masks...done (17359ms) 
     -computing association tests...done (47ms) 
     -computing joint association tests...done (0ms) 
 set [131/1049] : CLK3 - 8226 variants...
     -reading in genotypes, computing gene-based tests and building masks...done (6624ms) 
     -computing association tests...done (11ms) 
     -computing joint association tests...done (0ms) 
 set [132/1049] : CLN6 - 13116 variants...
     -reading in genotypes, computing gene-based tests and building masks...done (9585ms) 
     -computing association tests...done (12ms) 
     -computing joint association tests...done (0ms) 
 set [133/1049] : CLPX - 21618 variants...
     -reading in genotypes, computing gene-based tests and building masks...done (20092ms) 
     -computing association tests...done (24ms) 
     -computing joint association tests...done (0ms) 
 set [134/1049] : CNOT6LP1 - 597 variants...
     -reading in genotypes, computing gene-based tests and building masks...done (1134ms) 
     -computing association tests...done (7ms) 
     -computing joint association tests...done (0ms) 
 set [135/1049] : COMMD4 - 6630 variants...
     -reading in genotypes, computing gene-based tests and building masks...done (11856ms) 
     -computing association tests...done (13ms) 
     -computing joint association tests...done (0ms) 
 set [136/1049] : COMMD4P2 - 422 variants...
     -reading in genotypes, computing gene-based tests and building masks...done (1309ms) 
     -computing association tests...done (23ms) 
     -computing joint association tests...done (0ms) 
 set [137/1049] : COPS2 - 28247 variants...
     -reading in genotypes, computing gene-based tests and building masks...done (45339ms) 
     -computing association tests...done (14ms) 
     -computing joint association tests...done (0ms) 
 set [138/1049] : CORO2B - 66906 variants...
     -reading in genotypes, computing gene-based tests and building masks...done (115750ms) 
     -computing association tests...done (13ms) 
     -computing joint association tests...done (0ms) 
 set [139/1049] : COX5A - 13292 variants...
     -reading in genotypes, computing gene-based tests and building masks...done (12942ms) 
     -computing association tests...done (55ms) 
     -computing joint association tests...done (0ms) 
 set [140/1049] : COX6CP4 - 1175 variants...
     -reading in genotypes, computing gene-based tests and building masks...done (1667ms) 
     -computing association tests...done (7ms) 
     -computing joint association tests...done (0ms) 
 set [141/1049] : CPEB1 - 52575 variants...
     -reading in genotypes, computing gene-based tests and building masks...done (54002ms) 
     -computing association tests...done (38ms) 
     -computing joint association tests...done (0ms) 
 set [142/1049] : CPEB1-AS1 - 720 variants...
     -reading in genotypes, computing gene-based tests and building masks...done (935ms) 
     -computing association tests...done (5ms) 
     -computing joint association tests...done (0ms) 
 set [143/1049] : CPLX3 - 4714 variants...
     -reading in genotypes, computing gene-based tests and building masks...done (5186ms) 
     -computing association tests...done (15ms) 
     -computing joint association tests...done (0ms) 
 set [144/1049] : CRABP1 - 7151 variants...
     -reading in genotypes, computing gene-based tests and building masks...done (6909ms) 
     -computing association tests...done (16ms) 
     -computing joint association tests...done (0ms) 
 set [145/1049] : CRAT37 - 114076 variants...
     -reading in genotypes, computing gene-based tests and building masks...done (151949ms) 
     -computing association tests...done (25ms) 
     -computing joint association tests...done (0ms) 
 set [146/1049] : CRTC3 - 62445 variants...
     -reading in genotypes, computing gene-based tests and building masks...done (79515ms) 
     -computing association tests...done (17ms) 
     -computing joint association tests...done (0ms) 
 set [147/1049] : CRTC3-AS1 - 20357 variants...
     -reading in genotypes, computing gene-based tests and building masks...done (15833ms) 
     -computing association tests...done (14ms) 
     -computing joint association tests...done (0ms) 
 set [148/1049] : CSK - 15545 variants...
     -reading in genotypes, computing gene-based tests and building masks...done (19875ms) 
     -computing association tests...done (51ms) 
     -computing joint association tests...done (0ms) 
 set [149/1049] : CSNK1A1P1 - 164 variants...
     -reading in genotypes, computing gene-based tests and building masks...done (319ms) 
     -computing association tests...done (6ms) 
     -computing joint association tests...done (0ms) 
 set [150/1049] : CSNK1G1 - 85563 variants...
     -reading in genotypes, computing gene-based tests and building masks...done (110333ms) 
     -computing association tests...done (72ms) 
     -computing joint association tests...done (0ms) 
 set [151/1049] : CSPG4 - 20626 variants...
     -reading in genotypes, computing gene-based tests and building masks...done (16723ms) 
     -computing association tests...done (16ms) 
     -computing joint association tests...done (0ms) 
 set [152/1049] : CSPG4P10 - 58 variants...
     -reading in genotypes, computing gene-based tests and building masks...done (555ms) 
     -computing association tests...done (12ms) 
     -computing joint association tests...done (0ms) 
 set [153/1049] : CSPG4P11 - 7057 variants...
     -reading in genotypes, computing gene-based tests and building masks...done (47740ms) 
     -computing association tests...done (17ms) 
     -computing joint association tests...done (0ms) 
 set [154/1049] : CSPG4P12 - 2 variants...
     -reading in genotypes, computing gene-based tests and building masks...done (600ms) 
     -computing association tests...done (1ms) 
     -computing joint association tests...done (0ms) 
 set [155/1049] : CSPG4P13 - 3075 variants...
     -reading in genotypes, computing gene-based tests and building masks...done (8281ms) 
     -computing association tests...done (9ms) 
     -computing joint association tests...done (0ms) 
 set [156/1049] : CSPG4P5 - 7961 variants...
     -reading in genotypes, computing gene-based tests and building masks...done (17231ms) 
     -computing association tests...done (54ms) 
     -computing joint association tests...done (0ms) 
 set [157/1049] : CT62 - 940 variants...
     -reading in genotypes, computing gene-based tests and building masks...done (1122ms) 
     -computing association tests...done (3ms) 
     -computing joint association tests...done (0ms) 
 set [158/1049] : CTDSPL2 - 49527 variants...
     -reading in genotypes, computing gene-based tests and building masks...done (56126ms) 
     -computing association tests...done (14ms) 
     -computing joint association tests...done (0ms) 
 set [159/1049] : CTDSPL2-DT - 879 variants...
     -reading in genotypes, computing gene-based tests and building masks...done (1109ms) 
     -computing association tests...done (6ms) 
     -computing joint association tests...done (0ms) 
 set [160/1049] : CTSH - 19973 variants...
     -reading in genotypes, computing gene-based tests and building masks...done (24437ms) 
     -computing association tests...done (15ms) 
     -computing joint association tests...done (0ms) 
 set [161/1049] : CTXN2 - 7871 variants...
     -reading in genotypes, computing gene-based tests and building masks...done (11084ms) 
     -computing association tests...done (22ms) 
     -computing joint association tests...done (0ms) 
 set [162/1049] : CTXN2-AS1 - 1172 variants...
     -reading in genotypes, computing gene-based tests and building masks...done (1374ms) 
     -computing association tests...done (4ms) 
     -computing joint association tests...done (0ms) 
 set [163/1049] : CTXND1 - 26833 variants...
     -reading in genotypes, computing gene-based tests and building masks...done (28368ms) 
     -computing association tests...done (16ms) 
     -computing joint association tests...done (0ms) 
 set [164/1049] : CXADRP2 - 2521 variants...
     -reading in genotypes, computing gene-based tests and building masks...done (10416ms) 
     -computing association tests...done (8ms) 
     -computing joint association tests...done (0ms) 
 set [165/1049] : CYFIP1 - 62669 variants...
     -reading in genotypes, computing gene-based tests and building masks...done (94329ms) 
     -computing association tests...done (67ms) 
     -computing joint association tests...done (0ms) 
 set [166/1049] : CYP11A1 - 15135 variants...
     -reading in genotypes, computing gene-based tests and building masks...done (19156ms) 
     -computing association tests...done (14ms) 
     -computing joint association tests...done (0ms) 
 set [167/1049] : CYP19A1 - 56683 variants...
     -reading in genotypes, computing gene-based tests and building masks...done (71310ms) 
     -computing association tests...done (64ms) 
     -computing joint association tests...done (0ms) 
 set [168/1049] : CYP1A1 - 8283 variants...
     -reading in genotypes, computing gene-based tests and building masks...done (12927ms) 
     -computing association tests...done (13ms) 
     -computing joint association tests...done (0ms) 
 set [169/1049] : CYP1A2 - 7857 variants...
     -reading in genotypes, computing gene-based tests and building masks...done (17858ms) 
     -computing association tests...done (13ms) 
     -computing joint association tests...done (0ms) 
 set [170/1049] : DAPK2 - 72750 variants...
     -reading in genotypes, computing gene-based tests and building masks...done (129213ms) 
     -computing association tests...done (34ms) 
     -computing joint association tests...done (0ms) 
 set [171/1049] : DDX11L16 - 632 variants...
     -reading in genotypes, computing gene-based tests and building masks...done (6318ms) 
     -computing association tests...done (56ms) 
     -computing joint association tests...done (0ms) 
 set [172/1049] : DDX11L9 - 10403 variants...
     -reading in genotypes, computing gene-based tests and building masks...done (45110ms) 
     -computing association tests...done (51ms) 
     -computing joint association tests...done (0ms) 
 set [173/1049] : DENND4A - 56876 variants...
     -reading in genotypes, computing gene-based tests and building masks...done (75794ms) 
     -computing association tests...done (35ms) 
     -computing joint association tests...done (0ms) 
 set [174/1049] : DET1 - 30844 variants...
     -reading in genotypes, computing gene-based tests and building masks...done (31077ms) 
     -computing association tests...done (14ms) 
     -computing joint association tests...done (0ms) 
 set [175/1049] : DIS3L - 22533 variants...
     -reading in genotypes, computing gene-based tests and building masks...done (28465ms) 
     -computing association tests...done (17ms) 
     -computing joint association tests...done (0ms) 
 set [176/1049] : DIS3L-AS1 - 6245 variants...
     -reading in genotypes, computing gene-based tests and building masks...done (6983ms) 
     -computing association tests...done (12ms) 
     -computing joint association tests...done (0ms) 
 set [177/1049] : DISP2 - 12607 variants...
     -reading in genotypes, computing gene-based tests and building masks...done (19493ms) 
     -computing association tests...done (53ms) 
     -computing joint association tests...done (0ms) 
 set [178/1049] : DLL4 - 8637 variants...
     -reading in genotypes, computing gene-based tests and building masks...done (9733ms) 
     -computing association tests...done (10ms) 
     -computing joint association tests...done (0ms) 
 set [179/1049] : DMAC1P1 - 3501 variants...
     -reading in genotypes, computing gene-based tests and building masks...done (5185ms) 
     -computing association tests...done (47ms) 
     -computing joint association tests...done (0ms) 
 set [180/1049] : DMXL2 - 78041 variants...
     -reading in genotypes, computing gene-based tests and building masks...done (102971ms) 
     -computing association tests...done (81ms) 
     -computing joint association tests...done (0ms) 
 set [181/1049] : DNAAF4 - 50408 variants...
     -reading in genotypes, computing gene-based tests and building masks...done (127005ms) 
     -computing association tests...done (24ms) 
     -computing joint association tests...done (0ms) 
 set [182/1049] : DNAJA4 - 10069 variants...
     -reading in genotypes, computing gene-based tests and building masks...done (21252ms) 
     -computing association tests...done (58ms) 
     -computing joint association tests...done (0ms) 
 set [183/1049] : DNAJA4-DT - 6175 variants...
     -reading in genotypes, computing gene-based tests and building masks...done (8211ms) 
     -computing association tests...done (48ms) 
     -computing joint association tests...done (0ms) 
 set [184/1049] : DNAJC17 - 20189 variants...
     -reading in genotypes, computing gene-based tests and building masks...done (27869ms) 
     -computing association tests...done (12ms) 
     -computing joint association tests...done (0ms) 
 set [185/1049] : DNM1P28 - 6 variants...
     -reading in genotypes, computing gene-based tests and building masks...done (4815ms) 
 set [186/1049] : DNM1P31 - 3402 variants...
     -reading in genotypes, computing gene-based tests and building masks...done (5132ms) 
     -computing association tests...done (9ms) 
     -computing joint association tests...done (0ms) 
 set [187/1049] : DNM1P33 - 106 variants...
     -reading in genotypes, computing gene-based tests and building masks...done (8842ms) 
     -computing association tests...done (2ms) 
     -computing joint association tests...done (0ms) 
 set [188/1049] : DNM1P34 - 119 variants...
     -reading in genotypes, computing gene-based tests and building masks...done (1610ms) 
     -computing association tests...done (2ms) 
     -computing joint association tests...done (0ms) 
 set [189/1049] : DNM1P35 - 1430 variants...
     -reading in genotypes, computing gene-based tests and building masks...done (2791ms) 
     -computing association tests...done (4ms) 
     -computing joint association tests...done (0ms) 
 set [190/1049] : DNM1P38 - 144 variants...
     -reading in genotypes, computing gene-based tests and building masks...done (1820ms) 
     -computing association tests...done (4ms) 
     -computing joint association tests...done (0ms) 
 set [191/1049] : DNM1P41 - 2797 variants...
     -reading in genotypes, computing gene-based tests and building masks...done (17381ms) 
     -computing association tests...done (10ms) 
     -computing joint association tests...done (0ms) 
 set [192/1049] : DNM1P47 - 19599 variants...
     -reading in genotypes, computing gene-based tests and building masks...done (109929ms) 
     -computing association tests...done (53ms) 
     -computing joint association tests...done (0ms) 
 set [193/1049] : DNM1P49 - 2799 variants...
     -reading in genotypes, computing gene-based tests and building masks...done (5795ms) 
     -computing association tests...done (11ms) 
     -computing joint association tests...done (0ms) 
 set [194/1049] : DNM1P50 - 4 variants...
     -reading in genotypes, computing gene-based tests and building masks...done (129ms) 
 set [195/1049] : DNM1P51 - 3454 variants...
     -reading in genotypes, computing gene-based tests and building masks...done (6803ms) 
     -computing association tests...done (12ms) 
     -computing joint association tests...done (0ms) 
 set [196/1049] : DPH6 - 117267 variants...
     -reading in genotypes, computing gene-based tests and building masks...done (293317ms) 
     -computing association tests...done (28ms) 
     -computing joint association tests...done (0ms) 
 set [197/1049] : DPH6-DT - 123529 variants...
     -reading in genotypes, computing gene-based tests and building masks...done (179092ms) 
     -computing association tests...done (14ms) 
     -computing joint association tests...done (0ms) 
 set [198/1049] : DPP8 - 39040 variants...
     -reading in genotypes, computing gene-based tests and building masks...done (44687ms) 
     -computing association tests...done (46ms) 
     -computing joint association tests...done (2ms) 
 set [199/1049] : DRAIC - 122936 variants...
     -reading in genotypes, computing gene-based tests and building masks...done (166131ms) 
     -computing association tests...done (30ms) 
     -computing joint association tests...done (0ms) 
 set [200/1049] : DTWD1 - 18268 variants...
     -reading in genotypes, computing gene-based tests and building masks...done (14038ms) 
     -computing association tests...done (27ms) 
     -computing joint association tests...done (0ms) 
 set [201/1049] : DUOX1 - 17678 variants...
     -reading in genotypes, computing gene-based tests and building masks...done (17517ms) 
     -computing association tests...done (58ms) 
     -computing joint association tests...done (0ms) 
 set [202/1049] : DUOX2 - 9251 variants...
     -reading in genotypes, computing gene-based tests and building masks...done (7095ms) 
     -computing association tests...done (12ms) 
     -computing joint association tests...done (0ms) 
 set [203/1049] : DUOXA1 - 4811 variants...
     -reading in genotypes, computing gene-based tests and building masks...done (4320ms) 
     -computing association tests...done (44ms) 
     -computing joint association tests...done (9ms) 
 set [204/1049] : DUOXA2 - 3974 variants...
     -reading in genotypes, computing gene-based tests and building masks...done (3808ms) 
     -computing association tests...done (45ms) 
     -computing joint association tests...done (0ms) 
 set [205/1049] : DUT - 9321 variants...
     -reading in genotypes, computing gene-based tests and building masks...done (7677ms) 
     -computing association tests...done (10ms) 
     -computing joint association tests...done (0ms) 
 set [206/1049] : DUT-AS1 - 8645 variants...
     -reading in genotypes, computing gene-based tests and building masks...done (12745ms) 
     -computing association tests...done (14ms) 
     -computing joint association tests...done (0ms) 
 set [207/1049] : EDC3 - 28061 variants...
     -reading in genotypes, computing gene-based tests and building masks...done (26056ms) 
     -computing association tests...done (69ms) 
     -computing joint association tests...done (0ms) 
 set [208/1049] : EEF1A1P22 - 588 variants...
     -reading in genotypes, computing gene-based tests and building masks...done (2127ms) 
     -computing association tests...done (7ms) 
     -computing joint association tests...done (0ms) 
 set [209/1049] : EFL1 - 57344 variants...
     -reading in genotypes, computing gene-based tests and building masks...done (53924ms) 
     -computing association tests...done (48ms) 
     -computing joint association tests...done (0ms) 
 set [210/1049] : EFL1P1 - 230 variants...
     -reading in genotypes, computing gene-based tests and building masks...done (3735ms) 
     -computing association tests...done (2ms) 
     -computing joint association tests...done (0ms) 
 set [211/1049] : EHD4 - 33551 variants...
     -reading in genotypes, computing gene-based tests and building masks...done (30147ms) 
     -computing association tests...done (66ms) 
     -computing joint association tests...done (0ms) 
 set [212/1049] : EIF2AK4 - 40046 variants...
     -reading in genotypes, computing gene-based tests and building masks...done (33882ms) 
     -computing association tests...done (14ms) 
     -computing joint association tests...done (0ms) 
 set [213/1049] : EIF3J - 16725 variants...
     -reading in genotypes, computing gene-based tests and building masks...done (14021ms) 
     -computing association tests...done (64ms) 
     -computing joint association tests...done (0ms) 
 set [214/1049] : ELL3 - 6082 variants...
     -reading in genotypes, computing gene-based tests and building masks...done (6360ms) 
     -computing association tests...done (9ms) 
     -computing joint association tests...done (0ms) 
 set [215/1049] : ELMO2P1 - 3076 variants...
     -reading in genotypes, computing gene-based tests and building masks...done (10129ms) 
     -computing association tests...done (46ms) 
     -computing joint association tests...done (0ms) 
 set [216/1049] : ELOCP2 - 1272 variants...
     -reading in genotypes, computing gene-based tests and building masks...done (6700ms) 
     -computing association tests...done (8ms) 
     -computing joint association tests...done (0ms) 
 set [217/1049] : EMC4 - 6404 variants...
     -reading in genotypes, computing gene-based tests and building masks...done (14463ms) 
     -computing association tests...done (11ms) 
     -computing joint association tests...done (0ms) 
 set [218/1049] : EMC7 - 12956 variants...
     -reading in genotypes, computing gene-based tests and building masks...done (23542ms) 
     -computing association tests...done (14ms) 
     -computing joint association tests...done (0ms) 
 set [219/1049] : ENTREP2 - 208692 variants...
     -reading in genotypes, computing gene-based tests and building masks...done (439525ms) 
     -computing association tests...done (30ms) 
     -computing joint association tests...done (0ms) 
 set [220/1049] : EPB42 - 10927 variants...
     -reading in genotypes, computing gene-based tests and building masks...done (8288ms) 
     -computing association tests...done (65ms) 
     -computing joint association tests...done (0ms) 
 set [221/1049] : ETFA - 48930 variants...
     -reading in genotypes, computing gene-based tests and building masks...done (52418ms) 
     -computing association tests...done (14ms) 
     -computing joint association tests...done (0ms) 
 set [222/1049] : EWSAT1 - 13326 variants...
     -reading in genotypes, computing gene-based tests and building masks...done (12552ms) 
     -computing association tests...done (12ms) 
     -computing joint association tests...done (0ms) 
 set [223/1049] : EXD1 - 23004 variants...
     -reading in genotypes, computing gene-based tests and building masks...done (25240ms) 
     -computing association tests...done (13ms) 
     -computing joint association tests...done (0ms) 
 set [224/1049] : FAH - 17898 variants...
     -reading in genotypes, computing gene-based tests and building masks...done (13529ms) 
     -computing association tests...done (45ms) 
     -computing joint association tests...done (0ms) 
 set [225/1049] : FAM138E - 1453 variants...
     -reading in genotypes, computing gene-based tests and building masks...done (20210ms) 
     -computing association tests...done (13ms) 
     -computing joint association tests...done (0ms) 
 set [226/1049] : FAM149B1P1 - 701 variants...
     -reading in genotypes, computing gene-based tests and building masks...done (894ms) 
     -computing association tests...done (7ms) 
     -computing joint association tests...done (9ms) 
 set [227/1049] : FAM169BP - 40859 variants...
     -reading in genotypes, computing gene-based tests and building masks...done (40593ms) 
     -computing association tests...done (14ms) 
     -computing joint association tests...done (0ms) 
 set [228/1049] : FAM174B - 64573 variants...
     -reading in genotypes, computing gene-based tests and building masks...done (150346ms) 
     -computing association tests...done (57ms) 
     -computing joint association tests...done (0ms) 
 set [229/1049] : FAM219B - 4211 variants...
     -reading in genotypes, computing gene-based tests and building masks...done (5002ms) 
     -computing association tests...done (10ms) 
     -computing joint association tests...done (0ms) 
 set [230/1049] : FAM227B - 87474 variants...
     -reading in genotypes, computing gene-based tests and building masks...done (93109ms) 
     -computing association tests...done (58ms) 
     -computing joint association tests...done (0ms) 
 set [231/1049] : FAM30B - 2382 variants...
     -reading in genotypes, computing gene-based tests and building masks...done (14798ms) 
     -computing association tests...done (8ms) 
     -computing joint association tests...done (0ms) 
 set [232/1049] : FAM81A - 61677 variants...
     -reading in genotypes, computing gene-based tests and building masks...done (62093ms) 
     -computing association tests...done (15ms) 
     -computing joint association tests...done (0ms) 
 set [233/1049] : FAM98B - 13365 variants...
     -reading in genotypes, computing gene-based tests and building masks...done (15388ms) 
     -computing association tests...done (48ms) 
     -computing joint association tests...done (0ms) 
 set [234/1049] : FAN1 - 20552 variants...
     -reading in genotypes, computing gene-based tests and building masks...done (18230ms) 
     -computing association tests...done (56ms) 
     -computing joint association tests...done (0ms) 
 set [235/1049] : FANCI - 38729 variants...
     -reading in genotypes, computing gene-based tests and building masks...done (42560ms) 
     -computing association tests...done (15ms) 
     -computing joint association tests...done (0ms) 
 set [236/1049] : FBN1 - 95211 variants...
     -reading in genotypes, computing gene-based tests and building masks...done (102229ms) 
     -computing association tests...done (86ms) 
     -computing joint association tests...done (0ms) 
 set [237/1049] : FBN1-DT - 2365 variants...
     -reading in genotypes, computing gene-based tests and building masks...done (2014ms) 
     -computing association tests...done (8ms) 
     -computing joint association tests...done (0ms) 
 set [238/1049] : FBXL22 - 2088 variants...
     -reading in genotypes, computing gene-based tests and building masks...done (5894ms) 
     -computing association tests...done (46ms) 
     -computing joint association tests...done (0ms) 
 set [239/1049] : FBXO22 - 16021 variants...
     -reading in genotypes, computing gene-based tests and building masks...done (17430ms) 
     -computing association tests...done (48ms) 
     -computing joint association tests...done (0ms) 
 set [240/1049] : FDPSP4 - 1367 variants...
     -reading in genotypes, computing gene-based tests and building masks...done (3883ms) 
     -computing association tests...done (39ms) 
     -computing joint association tests...done (0ms) 
 set [241/1049] : FEM1B - 11091 variants...
     -reading in genotypes, computing gene-based tests and building masks...done (9908ms) 
     -computing association tests...done (10ms) 
     -computing joint association tests...done (0ms) 
 set [242/1049] : FES - 7797 variants...
     -reading in genotypes, computing gene-based tests and building masks...done (11473ms) 
     -computing association tests...done (49ms) 
     -computing joint association tests...done (0ms) 
 set [243/1049] : FGF7 - 29607 variants...
     -reading in genotypes, computing gene-based tests and building masks...done (27696ms) 
     -computing association tests...done (51ms) 
     -computing joint association tests...done (0ms) 
 set [244/1049] : FMN1 - 233067 variants...
     -reading in genotypes, computing gene-based tests and building masks...done (553008ms) 
     -computing association tests...done (66ms) 
     -computing joint association tests...done (0ms) 
 set [245/1049] : FOXB1 - 25361 variants...
     -reading in genotypes, computing gene-based tests and building masks...done (22426ms) 
     -computing association tests...done (14ms) 
     -computing joint association tests...done (0ms) 
 set [246/1049] : FRMD5 - 138662 variants...
     -reading in genotypes, computing gene-based tests and building masks...done (190280ms) 
     -computing association tests...done (67ms) 
     -computing joint association tests...done (0ms) 
 set [247/1049] : FSCN1P1 - 734 variants...
     -reading in genotypes, computing gene-based tests and building masks...done (1718ms) 
     -computing association tests...done (3ms) 
     -computing joint association tests...done (0ms) 
 set [248/1049] : FSD2 - 24005 variants...
     -reading in genotypes, computing gene-based tests and building masks...done (25787ms) 
     -computing association tests...done (14ms) 
     -computing joint association tests...done (0ms) 
 set [249/1049] : FSIP1 - 71344 variants...
     -reading in genotypes, computing gene-based tests and building masks...done (72412ms) 
     -computing association tests...done (55ms) 
     -computing joint association tests...done (0ms) 
 set [250/1049] : FTLP20 - 6424 variants...
     -reading in genotypes, computing gene-based tests and building masks...done (6858ms) 
     -computing association tests...done (9ms) 
     -computing joint association tests...done (0ms) 
 set [251/1049] : FURIN - 9779 variants...
     -reading in genotypes, computing gene-based tests and building masks...done (7873ms) 
     -computing association tests...done (13ms) 
     -computing joint association tests...done (0ms) 
 set [252/1049] : GABPB1 - 39447 variants...
     -reading in genotypes, computing gene-based tests and building masks...done (41306ms) 
     -computing association tests...done (22ms) 
     -computing joint association tests...done (0ms) 
 set [253/1049] : GABPB1-AS1 - 7974 variants...
     -reading in genotypes, computing gene-based tests and building masks...done (5873ms) 
     -computing association tests...done (10ms) 
     -computing joint association tests...done (0ms) 
 set [254/1049] : GABRA5 - 46585 variants...
     -reading in genotypes, computing gene-based tests and building masks...done (41534ms) 
     -computing association tests...done (14ms) 
     -computing joint association tests...done (9ms) 
 set [255/1049] : GABRB3 - 139628 variants...
     -reading in genotypes, computing gene-based tests and building masks...done (220788ms) 
     -computing association tests...done (33ms) 
     -computing joint association tests...done (0ms) 
 set [256/1049] : GABRG3 - 252000 variants...
     -reading in genotypes, computing gene-based tests and building masks...done (729787ms) 
     -computing association tests...done (71ms) 
     -computing joint association tests...done (0ms) 
 set [257/1049] : GALK2 - 76476 variants...
     -reading in genotypes, computing gene-based tests and building masks...done (79490ms) 
     -computing association tests...done (28ms) 
     -computing joint association tests...done (0ms) 
 set [258/1049] : GANC - 36982 variants...
     -reading in genotypes, computing gene-based tests and building masks...done (33266ms) 
     -computing association tests...done (54ms) 
     -computing joint association tests...done (0ms) 
 set [259/1049] : GATM - 11921 variants...
     -reading in genotypes, computing gene-based tests and building masks...done (11379ms) 
     -computing association tests...done (52ms) 
     -computing joint association tests...done (0ms) 
 set [260/1049] : GCAWKR - 11872 variants...
     -reading in genotypes, computing gene-based tests and building masks...done (18109ms) 
     -computing association tests...done (12ms) 
     -computing joint association tests...done (0ms) 
 set [261/1049] : GCHFR - 2480 variants...
     -reading in genotypes, computing gene-based tests and building masks...done (13304ms) 
     -computing association tests...done (10ms) 
     -computing joint association tests...done (0ms) 
 set [262/1049] : GCNT3 - 32430 variants...
     -reading in genotypes, computing gene-based tests and building masks...done (141386ms) 
     -computing association tests...done (39ms) 
     -computing joint association tests...done (0ms) 
 set [263/1049] : GDPGP1 - 6321 variants...
     -reading in genotypes, computing gene-based tests and building masks...done (9261ms) 
     -computing association tests...done (11ms) 
     -computing joint association tests...done (0ms) 
 set [264/1049] : GEMIN8P1 - 266 variants...
     -reading in genotypes, computing gene-based tests and building masks...done (412ms) 
     -computing association tests...done (4ms) 
     -computing joint association tests...done (0ms) 
 set [265/1049] : GJD2 - 8115 variants...
     -reading in genotypes, computing gene-based tests and building masks...done (12863ms) 
     -computing association tests...done (14ms) 
     -computing joint association tests...done (0ms) 
 set [266/1049] : GJD2-DT - 17147 variants...
     -reading in genotypes, computing gene-based tests and building masks...done (10916ms) 
     -computing association tests...done (11ms) 
     -computing joint association tests...done (14ms) 
 set [267/1049] : GLCE - 45797 variants...
     -reading in genotypes, computing gene-based tests and building masks...done (43526ms) 
     -computing association tests...done (24ms) 
     -computing joint association tests...done (10ms) 
 set [268/1049] : GLDN - 29330 variants...
     -reading in genotypes, computing gene-based tests and building masks...done (22895ms) 
     -computing association tests...done (23ms) 
     -computing joint association tests...done (9ms) 
 set [269/1049] : GNB5 - 30795 variants...
     -reading in genotypes, computing gene-based tests and building masks...done (28021ms) 
     -computing association tests...done (46ms) 
     -computing joint association tests...done (3ms) 
 set [270/1049] : GOLGA2P11 - 1824 variants...
     -reading in genotypes, computing gene-based tests and building masks...done (6358ms) 
     -computing association tests...done (7ms) 
     -computing joint association tests...done (0ms) 
 set [271/1049] : GOLGA2P7 - 1 variants...
     -reading in genotypes, computing gene-based tests and building masks...done (3655ms) 
 set [272/1049] : GOLGA2P8 - 4889 variants...
     -reading in genotypes, computing gene-based tests and building masks...done (11762ms) 
     -computing association tests...done (54ms) 
     -computing joint association tests...done (27ms) 
 set [273/1049] : GOLGA6A - 8173 variants...
     -reading in genotypes, computing gene-based tests and building masks...done (27510ms) 
     -computing association tests...done (50ms) 
     -computing joint association tests...done (0ms) 
 set [274/1049] : GOLGA6B - 10101 variants...
     -reading in genotypes, computing gene-based tests and building masks...done (13638ms) 
     -computing association tests...done (15ms) 
     -computing joint association tests...done (0ms) 
 set [275/1049] : GOLGA6C - 11834 variants...
     -reading in genotypes, computing gene-based tests and building masks...done (33775ms) 
     -computing association tests...done (48ms) 
     -computing joint association tests...done (0ms) 
 set [276/1049] : GOLGA6D - 7911 variants...
     -reading in genotypes, computing gene-based tests and building masks...done (10027ms) 
     -computing association tests...done (13ms) 
     -computing joint association tests...done (0ms) 
 set [277/1049] : GOLGA6EP - 1324 variants...
     -reading in genotypes, computing gene-based tests and building masks...done (1370ms) 
     -computing association tests...done (6ms) 
     -computing joint association tests...done (0ms) 
 set [278/1049] : GOLGA6GP - 4132 variants...
     -reading in genotypes, computing gene-based tests and building masks...done (3763ms) 
     -computing association tests...done (11ms) 
     -computing joint association tests...done (0ms) 
 set [279/1049] : GOLGA6L10 - 10865 variants...
     -reading in genotypes, computing gene-based tests and building masks...done (39236ms) 
     -computing association tests...done (65ms) 
     -computing joint association tests...done (0ms) 
 set [280/1049] : GOLGA6L1 - 6618 variants...
     -reading in genotypes, computing gene-based tests and building masks...done (28180ms) 
     -computing association tests...done (46ms) 
     -computing joint association tests...done (0ms) 
 set [281/1049] : GOLGA6L17P - 6565 variants...
     -reading in genotypes, computing gene-based tests and building masks...done (21889ms) 
     -computing association tests...done (19ms) 
     -computing joint association tests...done (0ms) 
 set [282/1049] : GOLGA6L2 - 10547 variants...
     -reading in genotypes, computing gene-based tests and building masks...done (9277ms) 
     -computing association tests...done (14ms) 
     -computing joint association tests...done (0ms) 
 set [283/1049] : GOLGA6L22 - 7037 variants...
     -reading in genotypes, computing gene-based tests and building masks...done (20398ms) 
     -computing association tests...done (104ms) 
     -computing joint association tests...done (0ms) 
 set [284/1049] : GOLGA6L23P - 856 variants...
     -reading in genotypes, computing gene-based tests and building masks...done (4734ms) 
     -computing association tests...done (11ms) 
     -computing joint association tests...done (2ms) 
 set [285/1049] : GOLGA6L24 - 7276 variants...
     -reading in genotypes, computing gene-based tests and building masks...done (37454ms) 
     -computing association tests...done (33ms) 
     -computing joint association tests...done (0ms) 
 set [286/1049] : GOLGA6L25 - 6951 variants...
     -reading in genotypes, computing gene-based tests and building masks...done (54077ms) 
     -computing association tests...done (21ms) 
     -computing joint association tests...done (0ms) 
 set [287/1049] : GOLGA6L26 - 5240 variants...
     -reading in genotypes, computing gene-based tests and building masks...done (35603ms) 
     -computing association tests...done (50ms) 
     -computing joint association tests...done (0ms) 
 set [288/1049] : GOLGA6L3P - 6426 variants...
     -reading in genotypes, computing gene-based tests and building masks...done (21708ms) 
     -computing association tests...done (13ms) 
     -computing joint association tests...done (0ms) 
 set [289/1049] : GOLGA6L4 - 18135 variants...
     -reading in genotypes, computing gene-based tests and building masks...done (136441ms) 
     -computing association tests...done (55ms) 
     -computing joint association tests...done (16ms) 
 set [290/1049] : GOLGA6L6 - 8615 variants...
     -reading in genotypes, computing gene-based tests and building masks...done (23304ms) 
     -computing association tests...done (18ms) 
     -computing joint association tests...done (0ms) 
 set [291/1049] : GOLGA6L7 - 9004 variants...
     -reading in genotypes, computing gene-based tests and building masks...done (7400ms) 
     -computing association tests...done (44ms) 
     -computing joint association tests...done (0ms) 
 set [292/1049] : GOLGA6L9 - 11778 variants...
     -reading in genotypes, computing gene-based tests and building masks...done (10526ms) 
     -computing association tests...done (15ms) 
     -computing joint association tests...done (0ms) 
 set [293/1049] : GOLGA8A - 42250 variants...
     -reading in genotypes, computing gene-based tests and building masks...done (119098ms) 
     -computing association tests...done (56ms) 
     -computing joint association tests...done (0ms) 
 set [294/1049] : GOLGA8B - 41032 variants...
     -reading in genotypes, computing gene-based tests and building masks...done (120968ms) 
     -computing association tests...done (22ms) 
     -computing joint association tests...done (0ms) 
 set [295/1049] : GOLGA8CP - 7795 variants...
     -reading in genotypes, computing gene-based tests and building masks...done (30034ms) 
     -computing association tests...done (21ms) 
     -computing joint association tests...done (0ms) 
 set [296/1049] : GOLGA8DP - 9124 variants...
     -reading in genotypes, computing gene-based tests and building masks...done (19041ms) 
     -computing association tests...done (14ms) 
     -computing joint association tests...done (0ms) 
 set [297/1049] : GOLGA8EP - 325 variants...
     -reading in genotypes, computing gene-based tests and building masks...done (560ms) 
     -computing association tests...done (7ms) 
     -computing joint association tests...done (0ms) 
 set [298/1049] : GOLGA8F - 7846 variants...
     -reading in genotypes, computing gene-based tests and building masks...done (12951ms) 
     -computing association tests...done (48ms) 
     -computing joint association tests...done (0ms) 
 set [299/1049] : GOLGA8G - 9529 variants...
     -reading in genotypes, computing gene-based tests and building masks...done (70695ms) 
     -computing association tests...done (26ms) 
     -computing joint association tests...done (0ms) 
 set [300/1049] : GOLGA8H - 14879 variants...
     -reading in genotypes, computing gene-based tests and building masks...done (16820ms) 
     -computing association tests...done (62ms) 
     -computing joint association tests...done (1ms) 
 set [301/1049] : GOLGA8IP - 15370 variants...
     -reading in genotypes, computing gene-based tests and building masks...done (25861ms) 
     -computing association tests...done (15ms) 
     -computing joint association tests...done (0ms) 
 set [302/1049] : GOLGA8J - 11096 variants...
     -reading in genotypes, computing gene-based tests and building masks...done (25811ms) 
     -computing association tests...done (16ms) 
     -computing joint association tests...done (0ms) 
 set [303/1049] : GOLGA8K - 13955 variants...
     -reading in genotypes, computing gene-based tests and building masks...done (40841ms) 
     -computing association tests...done (60ms) 
     -computing joint association tests...done (0ms) 
 set [304/1049] : GOLGA8M - 28433 variants...
     -reading in genotypes, computing gene-based tests and building masks...done (37411ms) 
     -computing association tests...done (71ms) 
     -computing joint association tests...done (0ms) 
 set [305/1049] : GOLGA8N - 13453 variants...
     -reading in genotypes, computing gene-based tests and building masks...done (23580ms) 
     -computing association tests...done (15ms) 
     -computing joint association tests...done (0ms) 
 set [306/1049] : GOLGA8O - 11604 variants...
     -reading in genotypes, computing gene-based tests and building masks...done (51383ms) 
     -computing association tests...done (57ms) 
     -computing joint association tests...done (9ms) 
 set [307/1049] : GOLGA8Q - 13905 variants...
     -reading in genotypes, computing gene-based tests and building masks...done (124010ms) 
     -computing association tests...done (61ms) 
     -computing joint association tests...done (0ms) 
 set [308/1049] : GOLGA8R - 9102 variants...
     -reading in genotypes, computing gene-based tests and building masks...done (87334ms) 
     -computing association tests...done (54ms) 
     -computing joint association tests...done (0ms) 
 set [309/1049] : GOLGA8S - 11578 variants...
     -reading in genotypes, computing gene-based tests and building masks...done (24298ms) 
     -computing association tests...done (16ms) 
     -computing joint association tests...done (0ms) 
 set [310/1049] : GOLGA8T - 12118 variants...
     -reading in genotypes, computing gene-based tests and building masks...done (22068ms) 
     -computing association tests...done (15ms) 
     -computing joint association tests...done (0ms) 
 set [311/1049] : GOLGA8UP - 7118 variants...
     -reading in genotypes, computing gene-based tests and building masks...done (6250ms) 
     -computing association tests...done (13ms) 
     -computing joint association tests...done (0ms) 
 set [312/1049] : GOLGA8VP - 5092 variants...
     -reading in genotypes, computing gene-based tests and building masks...done (8348ms) 
     -computing association tests...done (12ms) 
     -computing joint association tests...done (0ms) 
 set [313/1049] : GOLM2 - 59896 variants...
     -reading in genotypes, computing gene-based tests and building masks...done (82733ms) 
     -computing association tests...done (51ms) 
     -computing joint association tests...done (0ms) 
 set [314/1049] : GPR176 - 52203 variants...
     -reading in genotypes, computing gene-based tests and building masks...done (56677ms) 
     -computing association tests...done (51ms) 
     -computing joint association tests...done (0ms) 
 set [315/1049] : GPR176-DT - 681 variants...
     -reading in genotypes, computing gene-based tests and building masks...done (1748ms) 
     -computing association tests...done (7ms) 
     -computing joint association tests...done (0ms) 
 set [316/1049] : GRAMD2A - 18904 variants...
     -reading in genotypes, computing gene-based tests and building masks...done (21203ms) 
     -computing association tests...done (67ms) 
     -computing joint association tests...done (2ms) 
 set [317/1049] : GRAMD4P6 - 1237 variants...
     -reading in genotypes, computing gene-based tests and building masks...done (9281ms) 
     -computing association tests...done (6ms) 
     -computing joint association tests...done (0ms) 
 set [318/1049] : GREM1 - 17336 variants...
     -reading in genotypes, computing gene-based tests and building masks...done (15762ms) 
     -computing association tests...done (11ms) 
     -computing joint association tests...done (0ms) 
 set [319/1049] : GREM1-AS1 - 387 variants...
     -reading in genotypes, computing gene-based tests and building masks...done (535ms) 
     -computing association tests...done (6ms) 
     -computing joint association tests...done (0ms) 
 set [320/1049] : GTF2A2 - 16857 variants...
     -reading in genotypes, computing gene-based tests and building masks...done (16981ms) 
     -computing association tests...done (10ms) 
     -computing joint association tests...done (0ms) 
 set [321/1049] : H2AZ2P1 - 93 variants...
     -reading in genotypes, computing gene-based tests and building masks...done (422ms) 
     -computing association tests...done (0ms) 
     -computing joint association tests...done (0ms) 
 set [322/1049] : H3P39 - 1900 variants...
     -reading in genotypes, computing gene-based tests and building masks...done (4003ms) 
     -computing association tests...done (7ms) 
     -computing joint association tests...done (0ms) 
 set [323/1049] : H3P40 - 5139 variants...
     -reading in genotypes, computing gene-based tests and building masks...done (12211ms) 
     -computing association tests...done (13ms) 
     -computing joint association tests...done (0ms) 
 set [324/1049] : HACD3 - 22039 variants...
     -reading in genotypes, computing gene-based tests and building masks...done (26300ms) 
     -computing association tests...done (56ms) 
     -computing joint association tests...done (0ms) 
 set [325/1049] : HAPLN3 - 12487 variants...
     -reading in genotypes, computing gene-based tests and building masks...done (15076ms) 
     -computing association tests...done (15ms) 
     -computing joint association tests...done (0ms) 
 set [326/1049] : HAUS2 - 12796 variants...
     -reading in genotypes, computing gene-based tests and building masks...done (14573ms) 
     -computing association tests...done (57ms) 
     -computing joint association tests...done (0ms) 
 set [327/1049] : HCN4 - 25737 variants...
     -reading in genotypes, computing gene-based tests and building masks...done (28739ms) 
     -computing association tests...done (57ms) 
     -computing joint association tests...done (0ms) 
 set [328/1049] : HDC - 13947 variants...
     -reading in genotypes, computing gene-based tests and building masks...done (11636ms) 
     -computing association tests...done (14ms) 
     -computing joint association tests...done (0ms) 
 set [329/1049] : HDDC3 - 4636 variants...
     -reading in genotypes, computing gene-based tests and building masks...done (5132ms) 
     -computing association tests...done (64ms) 
     -computing joint association tests...done (0ms) 
 set [330/1049] : HDGFL3 - 35379 variants...
     -reading in genotypes, computing gene-based tests and building masks...done (31088ms) 
     -computing association tests...done (14ms) 
     -computing joint association tests...done (0ms) 
 set [331/1049] : HERC1 - 102226 variants...
     -reading in genotypes, computing gene-based tests and building masks...done (133585ms) 
     -computing association tests...done (66ms) 
     -computing joint association tests...done (0ms) 
 set [332/1049] : HERC2 - 102781 variants...
     -reading in genotypes, computing gene-based tests and building masks...done (180712ms) 
     -computing association tests...done (63ms) 
     -computing joint association tests...done (0ms) 
 set [333/1049] : HERC2P10 - 13967 variants...
     -reading in genotypes, computing gene-based tests and building masks...done (15370ms) 
     -computing association tests...done (55ms) 
     -computing joint association tests...done (0ms) 
 set [334/1049] : HERC2P11 - 10 variants...
     -reading in genotypes, computing gene-based tests and building masks...done (610ms) 
     -computing association tests...done (2ms) 
     -computing joint association tests...done (0ms) 
 set [335/1049] : HERC2P1 - 9 variants...
     -reading in genotypes, computing gene-based tests and building masks...done (78ms) 
     -computing association tests...done (9ms) 
     -computing joint association tests...done (0ms) 
 set [336/1049] : HERC2P3 - 82855 variants...
     -reading in genotypes, computing gene-based tests and building masks...done (289877ms) 
     -computing association tests...done (30ms) 
     -computing joint association tests...done (0ms) 
 set [337/1049] : HERC2P6 - 16 variants...
     -reading in genotypes, computing gene-based tests and building masks...done (4370ms) 
     -computing association tests...done (22ms) 
     -computing joint association tests...done (0ms) 
 set [338/1049] : HERC2P7 - 3057 variants...
     -reading in genotypes, computing gene-based tests and building masks...done (15084ms) 
     -computing association tests...done (60ms) 
     -computing joint association tests...done (0ms) 
 set [339/1049] : HERC2P9 - 52588 variants...
     -reading in genotypes, computing gene-based tests and building masks...done (84490ms) 
     -computing association tests...done (14ms) 
     -computing joint association tests...done (0ms) 
 set [340/1049] : HEXA - 17907 variants...
     -reading in genotypes, computing gene-based tests and building masks...done (18607ms) 
     -computing association tests...done (48ms) 
     -computing joint association tests...done (0ms) 
 set [341/1049] : HEXA-AS1 - 85 variants...
     -reading in genotypes, computing gene-based tests and building masks...done (321ms) 
     -computing association tests...done (1ms) 
     -computing joint association tests...done (0ms) 
 set [342/1049] : HIGD2B - 4810 variants...
     -reading in genotypes, computing gene-based tests and building masks...done (10893ms) 
     -computing association tests...done (64ms) 
     -computing joint association tests...done (0ms) 
 set [343/1049] : HMG20A - 28908 variants...
     -reading in genotypes, computing gene-based tests and building masks...done (28936ms) 
     -computing association tests...done (75ms) 
     -computing joint association tests...done (0ms) 
 set [344/1049] : HMGB1P33 - 928 variants...
     -reading in genotypes, computing gene-based tests and building masks...done (5142ms) 
     -computing association tests...done (3ms) 
     -computing joint association tests...done (0ms) 
 set [345/1049] : HMGN1P26 - 122 variants...
     -reading in genotypes, computing gene-based tests and building masks...done (713ms) 
     -computing association tests...done (0ms) 
     -computing joint association tests...done (0ms) 
 set [346/1049] : HMGN1P38 - 3269 variants...
     -reading in genotypes, computing gene-based tests and building masks...done (8391ms) 
     -computing association tests...done (10ms) 
     -computing joint association tests...done (0ms) 
 set [347/1049] : HMGN2P47 - 118 variants...
     -reading in genotypes, computing gene-based tests and building masks...done (9426ms) 
     -computing association tests...done (2ms) 
     -computing joint association tests...done (0ms) 
 set [348/1049] : HNRNPA1P44 - 5091 variants...
     -reading in genotypes, computing gene-based tests and building masks...done (6447ms) 
     -computing association tests...done (12ms) 
     -computing joint association tests...done (0ms) 
 set [349/1049] : HNRNPCP3 - 350 variants...
     -reading in genotypes, computing gene-based tests and building masks...done (531ms) 
     -computing association tests...done (4ms) 
     -computing joint association tests...done (0ms) 
 set [350/1049] : HNRNPLP2 - 4933 variants...
     -reading in genotypes, computing gene-based tests and building masks...done (8347ms) 
     -computing association tests...done (11ms) 
     -computing joint association tests...done (0ms) 
 set [351/1049] : HOMER2 - 59848 variants...
     -reading in genotypes, computing gene-based tests and building masks...done (106664ms) 
     -computing association tests...done (63ms) 
     -computing joint association tests...done (0ms) 
 set [352/1049] : HYKK - 11996 variants...
     -reading in genotypes, computing gene-based tests and building masks...done (10863ms) 
     -computing association tests...done (51ms) 
     -computing joint association tests...done (0ms) 
 set [353/1049] : HYPK - 4168 variants...
     -reading in genotypes, computing gene-based tests and building masks...done (4618ms) 
     -computing association tests...done (12ms) 
     -computing joint association tests...done (0ms) 
 set [354/1049] : ICE2 - 32801 variants...
     -reading in genotypes, computing gene-based tests and building masks...done (27942ms) 
     -computing association tests...done (51ms) 
     -computing joint association tests...done (0ms) 
 set [355/1049] : IDH2 - 13754 variants...
     -reading in genotypes, computing gene-based tests and building masks...done (18588ms) 
     -computing association tests...done (24ms) 
     -computing joint association tests...done (0ms) 
 set [356/1049] : IDH2-DT - 17103 variants...
     -reading in genotypes, computing gene-based tests and building masks...done (15307ms) 
     -computing association tests...done (12ms) 
     -computing joint association tests...done (0ms) 
 set [357/1049] : IDH3A - 10949 variants...
     -reading in genotypes, computing gene-based tests and building masks...done (16861ms) 
     -computing association tests...done (62ms) 
     -computing joint association tests...done (5ms) 
 set [358/1049] : IGDCC3 - 26471 variants...
     -reading in genotypes, computing gene-based tests and building masks...done (22700ms) 
     -computing association tests...done (49ms) 
     -computing joint association tests...done (0ms) 
 set [359/1049] : IGDCC4 - 19641 variants...
     -reading in genotypes, computing gene-based tests and building masks...done (14656ms) 
     -computing association tests...done (46ms) 
     -computing joint association tests...done (0ms) 
 set [360/1049] : IGF1R - 158577 variants...
     -reading in genotypes, computing gene-based tests and building masks...done (239988ms) 
     -computing association tests...done (77ms) 
     -computing joint association tests...done (0ms) 
 set [361/1049] : IGHD1OR15-1A - 1467 variants...
     -reading in genotypes, computing gene-based tests and building masks...done (9623ms) 
     -computing association tests...done (9ms) 
     -computing joint association tests...done (0ms) 
 set [362/1049] : IGHD1OR15-1B - 719 variants...
     -reading in genotypes, computing gene-based tests and building masks...done (9383ms) 
     -computing association tests...done (7ms) 
     -computing joint association tests...done (0ms) 
 set [363/1049] : IGHD2OR15-2A - 3922 variants...
     -reading in genotypes, computing gene-based tests and building masks...done (13494ms) 
     -computing association tests...done (48ms) 
     -computing joint association tests...done (0ms) 
 set [364/1049] : IGHD2OR15-2B - 2280 variants...
     -reading in genotypes, computing gene-based tests and building masks...done (14921ms) 
     -computing association tests...done (14ms) 
     -computing joint association tests...done (0ms) 
 set [365/1049] : IGHD3OR15-3A - 2511 variants...
     -reading in genotypes, computing gene-based tests and building masks...done (6263ms) 
     -computing association tests...done (13ms) 
     -computing joint association tests...done (0ms) 
 set [366/1049] : IGHD3OR15-3B - 5795 variants...
     -reading in genotypes, computing gene-based tests and building masks...done (15691ms) 
     -computing association tests...done (15ms) 
     -computing joint association tests...done (0ms) 
 set [367/1049] : IGHD4OR15-4A - 6 variants...
     -reading in genotypes, computing gene-based tests and building masks...done (126ms) 
 set [368/1049] : IGHD4OR15-4B - 10 variants...
     -reading in genotypes, computing gene-based tests and building masks...done (186ms) 
     -computing association tests...done (3ms) 
     -computing joint association tests...done (0ms) 
 set [369/1049] : IGHD5OR15-5A - 2095 variants...
     -reading in genotypes, computing gene-based tests and building masks...done (4606ms) 
     -computing association tests...done (68ms) 
     -computing joint association tests...done (0ms) 
 set [370/1049] : IGHD5OR15-5B - 2444 variants...
     -reading in genotypes, computing gene-based tests and building masks...done (3463ms) 
     -computing association tests...done (12ms) 
     -computing joint association tests...done (0ms) 
 set [371/1049] : IGHV1OR15-1 - 2628 variants...
     -reading in genotypes, computing gene-based tests and building masks...done (12166ms) 
     -computing association tests...done (50ms) 
     -computing joint association tests...done (0ms) 
 set [372/1049] : IGHV1OR15-2 - 2361 variants...
     -reading in genotypes, computing gene-based tests and building masks...done (2007ms) 
     -computing association tests...done (15ms) 
     -computing joint association tests...done (0ms) 
 set [373/1049] : IGHV1OR15-3 - 1734 variants...
     -reading in genotypes, computing gene-based tests and building masks...done (13660ms) 
     -computing association tests...done (12ms) 
     -computing joint association tests...done (0ms) 
 set [374/1049] : IGHV1OR15-4 - 3531 variants...
     -reading in genotypes, computing gene-based tests and building masks...done (15033ms) 
     -computing association tests...done (11ms) 
     -computing joint association tests...done (0ms) 
 set [375/1049] : IGHV1OR15-6 - 925 variants...
     -reading in genotypes, computing gene-based tests and building masks...done (3661ms) 
     -computing association tests...done (32ms) 
     -computing joint association tests...done (0ms) 
 set [376/1049] : IGHV1OR15-9 - 4667 variants...
     -reading in genotypes, computing gene-based tests and building masks...done (4683ms) 
     -computing association tests...done (14ms) 
     -computing joint association tests...done (0ms) 
 set [377/1049] : IGHV3OR15-7 - 4875 variants...
     -reading in genotypes, computing gene-based tests and building masks...done (4857ms) 
     -computing association tests...done (10ms) 
     -computing joint association tests...done (0ms) 
 set [378/1049] : IGHV4OR15-8 - 2718 variants...
     -reading in genotypes, computing gene-based tests and building masks...done (8355ms) 
     -computing association tests...done (102ms) 
     -computing joint association tests...done (0ms) 
 set [379/1049] : IL16 - 66155 variants...
     -reading in genotypes, computing gene-based tests and building masks...done (90211ms) 
     -computing association tests...done (73ms) 
     -computing joint association tests...done (0ms) 
 set [380/1049] : IMP3 - 4161 variants...
     -reading in genotypes, computing gene-based tests and building masks...done (4205ms) 
     -computing association tests...done (17ms) 
     -computing joint association tests...done (0ms) 
 set [381/1049] : INAFM2 - 3760 variants...
     -reading in genotypes, computing gene-based tests and building masks...done (4638ms) 
     -computing association tests...done (21ms) 
     -computing joint association tests...done (0ms) 
 set [382/1049] : INO80 - 69904 variants...
     -reading in genotypes, computing gene-based tests and building masks...done (86155ms) 
     -computing association tests...done (64ms) 
     -computing joint association tests...done (5ms) 
 set [383/1049] : INSYN1 - 15287 variants...
     -reading in genotypes, computing gene-based tests and building masks...done (18320ms) 
     -computing association tests...done (15ms) 
     -computing joint association tests...done (14ms) 
 set [384/1049] : INSYN1-AS1 - 4716 variants...
     -reading in genotypes, computing gene-based tests and building masks...done (4038ms) 
     -computing association tests...done (14ms) 
     -computing joint association tests...done (0ms) 
 set [385/1049] : INTS14 - 14489 variants...
     -reading in genotypes, computing gene-based tests and building masks...done (11701ms) 
     -computing association tests...done (13ms) 
     -computing joint association tests...done (0ms) 
 set [386/1049] : IQCH - 94319 variants...
     -reading in genotypes, computing gene-based tests and building masks...done (106742ms) 
     -computing association tests...done (29ms) 
     -computing joint association tests...done (0ms) 
 set [387/1049] : IQCH-AS1 - 3555 variants...
     -reading in genotypes, computing gene-based tests and building masks...done (2819ms) 
     -computing association tests...done (12ms) 
     -computing joint association tests...done (0ms) 
 set [388/1049] : IQGAP1 - 55459 variants...
     -reading in genotypes, computing gene-based tests and building masks...done (55409ms) 
     -computing association tests...done (65ms) 
     -computing joint association tests...done (0ms) 
 set [389/1049] : IRAIN - 29109 variants...
     -reading in genotypes, computing gene-based tests and building masks...done (32050ms) 
     -computing association tests...done (14ms) 
     -computing joint association tests...done (0ms) 
 set [390/1049] : IREB2 - 32137 variants...
     -reading in genotypes, computing gene-based tests and building masks...done (28905ms) 
     -computing association tests...done (15ms) 
     -computing joint association tests...done (0ms) 
 set [391/1049] : ISG20 - 13774 variants...
     -reading in genotypes, computing gene-based tests and building masks...done (32685ms) 
     -computing association tests...done (66ms) 
     -computing joint association tests...done (0ms) 
 set [392/1049] : ISL2 - 9005 variants...
     -reading in genotypes, computing gene-based tests and building masks...done (10360ms) 
     -computing association tests...done (68ms) 
     -computing joint association tests...done (0ms) 
 set [393/1049] : ISLR - 3629 variants...
     -reading in genotypes, computing gene-based tests and building masks...done (4344ms) 
     -computing association tests...done (11ms) 
     -computing joint association tests...done (0ms) 
 set [394/1049] : ISLR2 - 14458 variants...
     -reading in genotypes, computing gene-based tests and building masks...done (12106ms) 
     -computing association tests...done (48ms) 
     -computing joint association tests...done (0ms) 
 set [395/1049] : ITGA11 - 64473 variants...
     -reading in genotypes, computing gene-based tests and building masks...done (123899ms) 
     -computing association tests...done (54ms) 
     -computing joint association tests...done (0ms) 
 set [396/1049] : ITPKA - 9421 variants...
     -reading in genotypes, computing gene-based tests and building masks...done (8687ms) 
     -computing association tests...done (11ms) 
     -computing joint association tests...done (0ms) 
 set [397/1049] : IVD - 12973 variants...
     -reading in genotypes, computing gene-based tests and building masks...done (19161ms) 
     -computing association tests...done (13ms) 
     -computing joint association tests...done (0ms) 
 set [398/1049] : JMJD7 - 10035 variants...
     -reading in genotypes, computing gene-based tests and building masks...done (16051ms) 
     -computing association tests...done (15ms) 
     -computing joint association tests...done (0ms) 
 set [399/1049] : KATNBL1 - 37848 variants...
     -reading in genotypes, computing gene-based tests and building masks...done (40619ms) 
     -computing association tests...done (26ms) 
     -computing joint association tests...done (0ms) 
 set [400/1049] : KBTBD13 - 5530 variants...
     -reading in genotypes, computing gene-based tests and building masks...done (12277ms) 
     -computing association tests...done (41ms) 
     -computing joint association tests...done (0ms) 
 set [401/1049] : KIF23 - 13109 variants...
     -reading in genotypes, computing gene-based tests and building masks...done (14701ms) 
     -computing association tests...done (52ms) 
     -computing joint association tests...done (0ms) 
 set [402/1049] : KIF7 - 18636 variants...
     -reading in genotypes, computing gene-based tests and building masks...done (14556ms) 
     -computing association tests...done (56ms) 
     -computing joint association tests...done (0ms) 
 set [403/1049] : KLF13 - 51773 variants...
     -reading in genotypes, computing gene-based tests and building masks...done (56615ms) 
     -computing association tests...done (18ms) 
     -computing joint association tests...done (0ms) 
 set [404/1049] : KLHL25 - 31536 variants...
     -reading in genotypes, computing gene-based tests and building masks...done (29046ms) 
     -computing association tests...done (15ms) 
     -computing joint association tests...done (0ms) 
 set [405/1049] : KNL1 - 36359 variants...
     -reading in genotypes, computing gene-based tests and building masks...done (31742ms) 
     -computing association tests...done (77ms) 
     -computing joint association tests...done (0ms) 
 set [406/1049] : KNSTRN - 8938 variants...
     -reading in genotypes, computing gene-based tests and building masks...done (8133ms) 
     -computing association tests...done (57ms) 
     -computing joint association tests...done (0ms) 
 set [407/1049] : KRT18P47 - 5500 variants...
     -reading in genotypes, computing gene-based tests and building masks...done (4611ms) 
     -computing association tests...done (12ms) 
     -computing joint association tests...done (0ms) 
 set [408/1049] : KRT8P23 - 1343 variants...
     -reading in genotypes, computing gene-based tests and building masks...done (1729ms) 
     -computing association tests...done (9ms) 
     -computing joint association tests...done (0ms) 
 set [409/1049] : KRT8P24 - 1747 variants...
     -reading in genotypes, computing gene-based tests and building masks...done (3605ms) 
     -computing association tests...done (43ms) 
     -computing joint association tests...done (15ms) 
 set [410/1049] : KRT8P9 - 2468 variants...
     -reading in genotypes, computing gene-based tests and building masks...done (13525ms) 
     -computing association tests...done (10ms) 
     -computing joint association tests...done (0ms) 
 set [411/1049] : LACTB - 12087 variants...
     -reading in genotypes, computing gene-based tests and building masks...done (20556ms) 
     -computing association tests...done (56ms) 
     -computing joint association tests...done (0ms) 
 set [412/1049] : LARP6 - 14209 variants...
     -reading in genotypes, computing gene-based tests and building masks...done (11284ms) 
     -computing association tests...done (45ms) 
     -computing joint association tests...done (0ms) 
 set [413/1049] : LCIIAR - 11923 variants...
     -reading in genotypes, computing gene-based tests and building masks...done (12810ms) 
     -computing association tests...done (13ms) 
     -computing joint association tests...done (0ms) 
 set [414/1049] : LCMT2 - 2517 variants...
     -reading in genotypes, computing gene-based tests and building masks...done (2569ms) 
     -computing association tests...done (6ms) 
     -computing joint association tests...done (0ms) 
 set [415/1049] : LCTL - 8000 variants...
     -reading in genotypes, computing gene-based tests and building masks...done (8849ms) 
     -computing association tests...done (11ms) 
     -computing joint association tests...done (0ms) 
 set [416/1049] : LEO1 - 19267 variants...
     -reading in genotypes, computing gene-based tests and building masks...done (16018ms) 
     -computing association tests...done (43ms) 
     -computing joint association tests...done (0ms) 
 set [417/1049] : LETR1 - 75520 variants...
     -reading in genotypes, computing gene-based tests and building masks...done (99120ms) 
     -computing association tests...done (18ms) 
     -computing joint association tests...done (0ms) 
 set [418/1049] : LINC00052 - 6543 variants...
     -reading in genotypes, computing gene-based tests and building masks...done (6394ms) 
     -computing association tests...done (12ms) 
     -computing joint association tests...done (0ms) 
 set [419/1049] : LINC00923 - 122332 variants...
     -reading in genotypes, computing gene-based tests and building masks...done (231276ms) 
     -computing association tests...done (27ms) 
     -computing joint association tests...done (0ms) 
 set [420/1049] : LINC00924 - 113035 variants...
     -reading in genotypes, computing gene-based tests and building masks...done (141448ms) 
     -computing association tests...done (67ms) 
     -computing joint association tests...done (0ms) 
 set [421/1049] : LINC00926 - 8495 variants...
     -reading in genotypes, computing gene-based tests and building masks...done (11252ms) 
     -computing association tests...done (10ms) 
     -computing joint association tests...done (0ms) 
 set [422/1049] : LINC00927 - 38226 variants...
     -reading in genotypes, computing gene-based tests and building masks...done (37083ms) 
     -computing association tests...done (16ms) 
     -computing joint association tests...done (9ms) 
 set [423/1049] : LINC00928 - 17620 variants...
     -reading in genotypes, computing gene-based tests and building masks...done (61621ms) 
     -computing association tests...done (14ms) 
     -computing joint association tests...done (0ms) 
 set [424/1049] : LINC00929 - 8945 variants...
     -reading in genotypes, computing gene-based tests and building masks...done (9124ms) 
     -computing association tests...done (14ms) 
     -computing joint association tests...done (0ms) 
 set [425/1049] : LINC00930 - 7177 variants...
     -reading in genotypes, computing gene-based tests and building masks...done (8877ms) 
     -computing association tests...done (50ms) 
     -computing joint association tests...done (0ms) 
 set [426/1049] : LINC00933 - 6806 variants...
     -reading in genotypes, computing gene-based tests and building masks...done (5344ms) 
     -computing association tests...done (10ms) 
     -computing joint association tests...done (7ms) 
 set [427/1049] : LINC01169 - 64766 variants...
     -reading in genotypes, computing gene-based tests and building masks...done (89203ms) 
     -computing association tests...done (14ms) 
     -computing joint association tests...done (0ms) 
 set [428/1049] : LINC01193 - 53935 variants...
     -reading in genotypes, computing gene-based tests and building masks...done (287388ms) 
     -computing association tests...done (35ms) 
     -computing joint association tests...done (0ms) 
 set [429/1049] : LINC01413 - 6190 variants...
     -reading in genotypes, computing gene-based tests and building masks...done (10812ms) 
     -computing association tests...done (10ms) 
     -computing joint association tests...done (0ms) 
 set [430/1049] : LINC01418 - 155745 variants...
     -reading in genotypes, computing gene-based tests and building masks...done (277171ms) 
     -computing association tests...done (61ms) 
     -computing joint association tests...done (0ms) 
 set [431/1049] : LINC01491 - 15085 variants...
     -reading in genotypes, computing gene-based tests and building masks...done (14939ms) 
     -computing association tests...done (13ms) 
     -computing joint association tests...done (0ms) 
 set [432/1049] : LINC01579 - 85239 variants...
     -reading in genotypes, computing gene-based tests and building masks...done (93721ms) 
     -computing association tests...done (76ms) 
     -computing joint association tests...done (0ms) 
 set [433/1049] : LINC01581 - 92406 variants...
     -reading in genotypes, computing gene-based tests and building masks...done (103389ms) 
     -computing association tests...done (29ms) 
     -computing joint association tests...done (0ms) 
 set [434/1049] : LINC01582 - 45025 variants...
     -reading in genotypes, computing gene-based tests and building masks...done (62987ms) 
     -computing association tests...done (49ms) 
     -computing joint association tests...done (0ms) 
 set [435/1049] : LINC01583 - 9182 variants...
     -reading in genotypes, computing gene-based tests and building masks...done (8720ms) 
     -computing association tests...done (10ms) 
     -computing joint association tests...done (0ms) 
 set [436/1049] : LINC01584 - 502 variants...
     -reading in genotypes, computing gene-based tests and building masks...done (666ms) 
     -computing association tests...done (2ms) 
     -computing joint association tests...done (0ms) 
 set [437/1049] : LINC01585 - 6635 variants...
     -reading in genotypes, computing gene-based tests and building masks...done (12189ms) 
     -computing association tests...done (10ms) 
     -computing joint association tests...done (0ms) 
 set [438/1049] : LINC01586 - 21742 variants...
     -reading in genotypes, computing gene-based tests and building masks...done (24906ms) 
     -computing association tests...done (14ms) 
     -computing joint association tests...done (0ms) 
 set [439/1049] : LINC01852 - 5756 variants...
     -reading in genotypes, computing gene-based tests and building masks...done (7508ms) 
     -computing association tests...done (11ms) 
     -computing joint association tests...done (0ms) 
 set [440/1049] : LINC02203 - 7531 variants...
     -reading in genotypes, computing gene-based tests and building masks...done (56109ms) 
     -computing association tests...done (55ms) 
     -computing joint association tests...done (0ms) 
 set [441/1049] : LINC02204 - 13763 variants...
     -reading in genotypes, computing gene-based tests and building masks...done (10844ms) 
     -computing association tests...done (10ms) 
     -computing joint association tests...done (0ms) 
 set [442/1049] : LINC02205 - 4868 variants...
     -reading in genotypes, computing gene-based tests and building masks...done (4498ms) 
     -computing association tests...done (52ms) 
     -computing joint association tests...done (0ms) 
 set [443/1049] : LINC02244 - 4065 variants...
     -reading in genotypes, computing gene-based tests and building masks...done (4704ms) 
     -computing association tests...done (71ms) 
     -computing joint association tests...done (0ms) 
 set [444/1049] : LINC02248 - 40657 variants...
     -reading in genotypes, computing gene-based tests and building masks...done (40316ms) 
     -computing association tests...done (49ms) 
     -computing joint association tests...done (0ms) 
 set [445/1049] : LINC02249 - 70713 variants...
     -reading in genotypes, computing gene-based tests and building masks...done (428719ms) 
     -computing association tests...done (23ms) 
     -computing joint association tests...done (0ms) 
 set [446/1049] : LINC02250 - 54319 variants...
     -reading in genotypes, computing gene-based tests and building masks...done (66996ms) 
     -computing association tests...done (20ms) 
     -computing joint association tests...done (0ms) 
 set [447/1049] : LINC02251 - 302 variants...
     -reading in genotypes, computing gene-based tests and building masks...done (1250ms) 
     -computing association tests...done (23ms) 
     -computing joint association tests...done (0ms) 
 set [448/1049] : LINC02252 - 11756 variants...
     -reading in genotypes, computing gene-based tests and building masks...done (11892ms) 
     -computing association tests...done (52ms) 
     -computing joint association tests...done (0ms) 
 set [449/1049] : LINC02253 - 205685 variants...
     -reading in genotypes, computing gene-based tests and building masks...done (419299ms) 
     -computing association tests...done (72ms) 
     -computing joint association tests...done (0ms) 
 set [450/1049] : LINC02255 - 9544 variants...
     -reading in genotypes, computing gene-based tests and building masks...done (10272ms) 
     -computing association tests...done (11ms) 
     -computing joint association tests...done (0ms) 
 set [451/1049] : LINC02256 - 36434 variants...
     -reading in genotypes, computing gene-based tests and building masks...done (144977ms) 
     -computing association tests...done (16ms) 
     -computing joint association tests...done (0ms) 
 set [452/1049] : LINC02259 - 11010 variants...
     -reading in genotypes, computing gene-based tests and building masks...done (20851ms) 
     -computing association tests...done (50ms) 
     -computing joint association tests...done (0ms) 
 set [453/1049] : LINC02345 - 29332 variants...
     -reading in genotypes, computing gene-based tests and building masks...done (23947ms) 
     -computing association tests...done (47ms) 
     -computing joint association tests...done (0ms) 
 set [454/1049] : LINC02346 - 79627 variants...
     -reading in genotypes, computing gene-based tests and building masks...done (132270ms) 
     -computing association tests...done (20ms) 
     -computing joint association tests...done (0ms) 
 set [455/1049] : LINC02348 - 9550 variants...
     -reading in genotypes, computing gene-based tests and building masks...done (8846ms) 
     -computing association tests...done (9ms) 
     -computing joint association tests...done (0ms) 
 set [456/1049] : LINC02349 - 12211 variants...
     -reading in genotypes, computing gene-based tests and building masks...done (15424ms) 
     -computing association tests...done (12ms) 
     -computing joint association tests...done (0ms) 
 set [457/1049] : LINC02351 - 55129 variants...
     -reading in genotypes, computing gene-based tests and building masks...done (64488ms) 
     -computing association tests...done (76ms) 
     -computing joint association tests...done (0ms) 
 set [458/1049] : LINC02352 - 9145 variants...
     -reading in genotypes, computing gene-based tests and building masks...done (6719ms) 
     -computing association tests...done (9ms) 
     -computing joint association tests...done (0ms) 
 set [459/1049] : LINC02490 - 200468 variants...
     -reading in genotypes, computing gene-based tests and building masks...done (412878ms) 
     -computing association tests...done (79ms) 
     -computing joint association tests...done (0ms) 
 set [460/1049] : LINC02568 - 22914 variants...
     -reading in genotypes, computing gene-based tests and building masks...done (22635ms) 
     -computing association tests...done (38ms) 
     -computing joint association tests...done (0ms) 
 set [461/1049] : LINC02694 - 133571 variants...
     -reading in genotypes, computing gene-based tests and building masks...done (198646ms) 
     -computing association tests...done (34ms) 
     -computing joint association tests...done (0ms) 
 set [462/1049] : LINC02852 - 2300 variants...
     -reading in genotypes, computing gene-based tests and building masks...done (3083ms) 
     -computing association tests...done (6ms) 
     -computing joint association tests...done (0ms) 
 set [463/1049] : LINC02853 - 72001 variants...
     -reading in genotypes, computing gene-based tests and building masks...done (78744ms) 
     -computing association tests...done (18ms) 
     -computing joint association tests...done (0ms) 
 set [464/1049] : LINC02895 - 75312 variants...
     -reading in genotypes, computing gene-based tests and building masks...done (88472ms) 
     -computing association tests...done (25ms) 
     -computing joint association tests...done (0ms) 
 set [465/1049] : LINC02896 - 3813 variants...
     -reading in genotypes, computing gene-based tests and building masks...done (6179ms) 
     -computing association tests...done (9ms) 
     -computing joint association tests...done (0ms) 
 set [466/1049] : LINC02915 - 6714 variants...
     -reading in genotypes, computing gene-based tests and building masks...done (9647ms) 
     -computing association tests...done (11ms) 
     -computing joint association tests...done (0ms) 
 set [467/1049] : LINC03034 - 8575 variants...
     -reading in genotypes, computing gene-based tests and building masks...done (9950ms) 
     -computing association tests...done (12ms) 
     -computing joint association tests...done (0ms) 
 set [468/1049] : LINC03065 - 5067 variants...
     -reading in genotypes, computing gene-based tests and building masks...done (5067ms) 
     -computing association tests...done (10ms) 
     -computing joint association tests...done (0ms) 
 set [469/1049] : LINC03080 - 18693 variants...
     -reading in genotypes, computing gene-based tests and building masks...done (16036ms) 
     -computing association tests...done (23ms) 
     -computing joint association tests...done (0ms) 
 set [470/1049] : LINGO1 - 73699 variants...
     -reading in genotypes, computing gene-based tests and building masks...done (113326ms) 
     -computing association tests...done (36ms) 
     -computing joint association tests...done (0ms) 
 set [471/1049] : LINGO1-AS1 - 6396 variants...
     -reading in genotypes, computing gene-based tests and building masks...done (6381ms) 
     -computing association tests...done (10ms) 
     -computing joint association tests...done (0ms) 
 set [472/1049] : LINGO1-AS2 - 7839 variants...
     -reading in genotypes, computing gene-based tests and building masks...done (7152ms) 
     -computing association tests...done (9ms) 
     -computing joint association tests...done (0ms) 
 set [473/1049] : LINS1 - 15610 variants...
     -reading in genotypes, computing gene-based tests and building masks...done (12262ms) 
     -computing association tests...done (49ms) 
     -computing joint association tests...done (0ms) 
 set [474/1049] : LIPC - 80337 variants...
     -reading in genotypes, computing gene-based tests and building masks...done (87591ms) 
     -computing association tests...done (71ms) 
     -computing joint association tests...done (0ms) 
 set [475/1049] : LMAN1L - 7522 variants...
     -reading in genotypes, computing gene-based tests and building masks...done (6325ms) 
     -computing association tests...done (13ms) 
     -computing joint association tests...done (0ms) 
 set [476/1049] : LONRF2P3 - 4 variants...
     -reading in genotypes, computing gene-based tests and building masks...done (61ms) 
 set [477/1049] : LONRF2P4 - 14 variants...
     -reading in genotypes, computing gene-based tests and building masks...done (6987ms) 
     -computing association tests...done (15ms) 
     -computing joint association tests...done (0ms) 
 set [478/1049] : LOXL1 - 14842 variants...
     -reading in genotypes, computing gene-based tests and building masks...done (12434ms) 
     -computing association tests...done (13ms) 
     -computing joint association tests...done (0ms) 
 set [479/1049] : LOXL1-AS1 - 13574 variants...
     -reading in genotypes, computing gene-based tests and building masks...done (19786ms) 
     -computing association tests...done (26ms) 
     -computing joint association tests...done (0ms) 
 set [480/1049] : LPCAT4 - 8870 variants...
     -reading in genotypes, computing gene-based tests and building masks...done (9026ms) 
     -computing association tests...done (44ms) 
     -computing joint association tests...done (0ms) 
 set [481/1049] : LRRC28 - 63493 variants...
     -reading in genotypes, computing gene-based tests and building masks...done (85389ms) 
     -computing association tests...done (34ms) 
     -computing joint association tests...done (0ms) 
 set [482/1049] : LRRC49 - 63994 variants...
     -reading in genotypes, computing gene-based tests and building masks...done (90560ms) 
     -computing association tests...done (82ms) 
     -computing joint association tests...done (0ms) 
 set [483/1049] : LRRC57 - 7017 variants...
     -reading in genotypes, computing gene-based tests and building masks...done (11791ms) 
     -computing association tests...done (63ms) 
     -computing joint association tests...done (0ms) 
 set [484/1049] : LRRK1 - 84104 variants...
     -reading in genotypes, computing gene-based tests and building masks...done (193004ms) 
     -computing association tests...done (31ms) 
     -computing joint association tests...done (0ms) 
 set [485/1049] : LTK - 1763 variants...
     -reading in genotypes, computing gene-based tests and building masks...done (3534ms) 
     -computing association tests...done (15ms) 
     -computing joint association tests...done (0ms) 
 set [486/1049] : LYSMD2 - 9105 variants...
     -reading in genotypes, computing gene-based tests and building masks...done (11232ms) 
     -computing association tests...done (47ms) 
     -computing joint association tests...done (0ms) 
 set [487/1049] : LYSMD4 - 7732 variants...
     -reading in genotypes, computing gene-based tests and building masks...done (9332ms) 
     -computing association tests...done (10ms) 
     -computing joint association tests...done (0ms) 
 set [488/1049] : MAGEL2 - 6355 variants...
     -reading in genotypes, computing gene-based tests and building masks...done (7971ms) 
     -computing association tests...done (16ms) 
     -computing joint association tests...done (2ms) 
 set [489/1049] : MAN2A2 - 12323 variants...
     -reading in genotypes, computing gene-based tests and building masks...done (17288ms) 
     -computing association tests...done (16ms) 
     -computing joint association tests...done (11ms) 
 set [490/1049] : MAN2C1 - 10028 variants...
     -reading in genotypes, computing gene-based tests and building masks...done (11499ms) 
     -computing association tests...done (49ms) 
     -computing joint association tests...done (14ms) 
 set [491/1049] : MAP1A - 8962 variants...
     -reading in genotypes, computing gene-based tests and building masks...done (14749ms) 
     -computing association tests...done (53ms) 
     -computing joint association tests...done (3ms) 
 set [492/1049] : MAP2K1 - 54838 variants...
     -reading in genotypes, computing gene-based tests and building masks...done (103595ms) 
     -computing association tests...done (16ms) 
     -computing joint association tests...done (8ms) 
 set [493/1049] : MAP2K5 - 106008 variants...
     -reading in genotypes, computing gene-based tests and building masks...done (218959ms) 
     -computing association tests...done (53ms) 
     -computing joint association tests...done (14ms) 
 set [494/1049] : MAP2K5-DT - 677 variants...
     -reading in genotypes, computing gene-based tests and building masks...done (1075ms) 
     -computing association tests...done (4ms) 
     -computing joint association tests...done (0ms) 
 set [495/1049] : MAPDA - 15386 variants...
     -reading in genotypes, computing gene-based tests and building masks...done (30925ms) 
     -computing association tests...done (53ms) 
     -computing joint association tests...done (0ms) 
 set [496/1049] : MAPK6 - 47338 variants...
     -reading in genotypes, computing gene-based tests and building masks...done (81830ms) 
     -computing association tests...done (16ms) 
     -computing joint association tests...done (0ms) 
 set [497/1049] : MAPK6-DT - 5099 variants...
     -reading in genotypes, computing gene-based tests and building masks...done (9760ms) 
     -computing association tests...done (13ms) 
     -computing joint association tests...done (0ms) 
 set [498/1049] : MAPKBP1 - 27481 variants...
     -reading in genotypes, computing gene-based tests and building masks...done (36236ms) 
     -computing association tests...done (53ms) 
     -computing joint association tests...done (0ms) 
 set [499/1049] : MCTP2 - 131048 variants...
     -reading in genotypes, computing gene-based tests and building masks...done (251845ms) 
     -computing association tests...done (75ms) 
     -computing joint association tests...done (0ms) 
 set [500/1049] : MEF2A - 70580 variants...
     -reading in genotypes, computing gene-based tests and building masks...done (72238ms) 
     -computing association tests...done (15ms) 
     -computing joint association tests...done (0ms) 
 set [501/1049] : MEGF11 - 159787 variants...
     -reading in genotypes, computing gene-based tests and building masks...done (248885ms) 
     -computing association tests...done (70ms) 
     -computing joint association tests...done (0ms) 
 set [502/1049] : MEIS2 - 90771 variants...
     -reading in genotypes, computing gene-based tests and building masks...done (101469ms) 
     -computing association tests...done (62ms) 
     -computing joint association tests...done (0ms) 
 set [503/1049] : MESD - 16271 variants...
     -reading in genotypes, computing gene-based tests and building masks...done (12068ms) 
     -computing association tests...done (43ms) 
     -computing joint association tests...done (0ms) 
 set [504/1049] : MESP1 - 6409 variants...
     -reading in genotypes, computing gene-based tests and building masks...done (7357ms) 
     -computing association tests...done (56ms) 
     -computing joint association tests...done (0ms) 
 set [505/1049] : MESP2 - 10447 variants...
     -reading in genotypes, computing gene-based tests and building masks...done (11688ms) 
     -computing association tests...done (56ms) 
     -computing joint association tests...done (0ms) 
 set [506/1049] : MESTP2 - 4907 variants...
     -reading in genotypes, computing gene-based tests and building masks...done (7549ms) 
     -computing association tests...done (9ms) 
     -computing joint association tests...done (0ms) 
 set [507/1049] : Metazoa_SRP - 12336 variants...
     -reading in genotypes, computing gene-based tests and building masks...done (26662ms) 
     -computing association tests...done (13ms) 
     -computing joint association tests...done (0ms) 
 set [508/1049] : MEX3B - 7601 variants...
     -reading in genotypes, computing gene-based tests and building masks...done (10127ms) 
     -computing association tests...done (12ms) 
     -computing joint association tests...done (0ms) 
 set [509/1049] : MFAP1 - 8987 variants...
     -reading in genotypes, computing gene-based tests and building masks...done (13273ms) 
     -computing association tests...done (11ms) 
     -computing joint association tests...done (0ms) 
 set [510/1049] : MFGE8 - 12075 variants...
     -reading in genotypes, computing gene-based tests and building masks...done (17041ms) 
     -computing association tests...done (55ms) 
     -computing joint association tests...done (0ms) 
 set [511/1049] : MGA - 65481 variants...
     -reading in genotypes, computing gene-based tests and building masks...done (130721ms) 
     -computing association tests...done (74ms) 
     -computing joint association tests...done (30ms) 
 set [512/1049] : MINAR1 - 33863 variants...
     -reading in genotypes, computing gene-based tests and building masks...done (247981ms) 
     -computing association tests...done (71ms) 
     -computing joint association tests...done (0ms) 
 set [513/1049] : MINDY2 - 51805 variants...
     -reading in genotypes, computing gene-based tests and building masks...done (68256ms) 
     -computing association tests...done (15ms) 
     -computing joint association tests...done (0ms) 
 set [514/1049] : MINDY2-DT - 2559 variants...
     -reading in genotypes, computing gene-based tests and building masks...done (4987ms) 
     -computing association tests...done (14ms) 
     -computing joint association tests...done (0ms) 
 set [515/1049] : MIR1179 - 34 variants...
     -reading in genotypes, computing gene-based tests and building masks...done (4438ms) 
     -computing association tests...done (0ms) 
     -computing joint association tests...done (0ms) 
 set [516/1049] : MIR1268A - 40 variants...
     -reading in genotypes, computing gene-based tests and building masks...done (5425ms) 
     -computing association tests...done (6ms) 
     -computing joint association tests...done (0ms) 
 set [517/1049] : MIR1302-10 - 5 variants...
     -reading in genotypes, computing gene-based tests and building masks...done (392ms) 
     -computing association tests...done (4ms) 
     -computing joint association tests...done (0ms) 
 set [518/1049] : MIR184 - 3 variants...
     -reading in genotypes, computing gene-based tests and building masks...done (5528ms) 
 set [519/1049] : MIR3118-4 - 1281 variants...
     -reading in genotypes, computing gene-based tests and building masks...done (2272ms) 
     -computing association tests...done (8ms) 
     -computing joint association tests...done (0ms) 
 set [520/1049] : MIR3529 - 2323 variants...
     -reading in genotypes, computing gene-based tests and building masks...done (3372ms) 
     -computing association tests...done (8ms) 
     -computing joint association tests...done (0ms) 
 set [521/1049] : MIR422A - 2490 variants...
     -reading in genotypes, computing gene-based tests and building masks...done (3045ms) 
     -computing association tests...done (8ms) 
     -computing joint association tests...done (0ms) 
 set [522/1049] : MIR4313 - 775 variants...
     -reading in genotypes, computing gene-based tests and building masks...done (1954ms) 
     -computing association tests...done (4ms) 
     -computing joint association tests...done (0ms) 
 set [523/1049] : MIR4509-1 - 6747 variants...
     -reading in genotypes, computing gene-based tests and building masks...done (12607ms) 
     -computing association tests...done (48ms) 
     -computing joint association tests...done (0ms) 
 set [524/1049] : MIR4509-2 - 8419 variants...
     -reading in genotypes, computing gene-based tests and building masks...done (66439ms) 
     -computing association tests...done (12ms) 
     -computing joint association tests...done (0ms) 
 set [525/1049] : MIR4509-3 - 4228 variants...
     -reading in genotypes, computing gene-based tests and building masks...done (11892ms) 
     -computing association tests...done (12ms) 
     -computing joint association tests...done (0ms) 
 set [526/1049] : MIR4510 - 3694 variants...
     -reading in genotypes, computing gene-based tests and building masks...done (4105ms) 
     -computing association tests...done (9ms) 
     -computing joint association tests...done (0ms) 
 set [527/1049] : MIR4713HG - 57618 variants...
     -reading in genotypes, computing gene-based tests and building masks...done (130407ms) 
     -computing association tests...done (30ms) 
     -computing joint association tests...done (0ms) 
 set [528/1049] : MIR4716 - 476 variants...
     -reading in genotypes, computing gene-based tests and building masks...done (715ms) 
     -computing association tests...done (5ms) 
     -computing joint association tests...done (0ms) 
 set [529/1049] : MIR548AP - 4818 variants...
     -reading in genotypes, computing gene-based tests and building masks...done (7436ms) 
     -computing association tests...done (8ms) 
     -computing joint association tests...done (12ms) 
 set [530/1049] : MIR5701-1 - 294 variants...
     -reading in genotypes, computing gene-based tests and building masks...done (8800ms) 
     -computing association tests...done (5ms) 
     -computing joint association tests...done (0ms) 
 set [531/1049] : MIR5701-2 - 93 variants...
     -reading in genotypes, computing gene-based tests and building masks...done (3585ms) 
     -computing association tests...done (10ms) 
     -computing joint association tests...done (0ms) 
 set [532/1049] : MIR5701-3 - 37 variants...
     -reading in genotypes, computing gene-based tests and building masks...done (4021ms) 
     -computing association tests...done (11ms) 
     -computing joint association tests...done (0ms) 
 set [533/1049] : MIR6085 - 2294 variants...
     -reading in genotypes, computing gene-based tests and building masks...done (3005ms) 
     -computing association tests...done (6ms) 
     -computing joint association tests...done (0ms) 
 set [534/1049] : MIR6859-3 - 45 variants...
     -reading in genotypes, computing gene-based tests and building masks...done (867ms) 
     -computing association tests...done (13ms) 
     -computing joint association tests...done (0ms) 
 set [535/1049] : MIR7-2 - 835 variants...
     -reading in genotypes, computing gene-based tests and building masks...done (1397ms) 
     -computing association tests...done (5ms) 
     -computing joint association tests...done (0ms) 
 set [536/1049] : MIR8067 - 31 variants...
     -reading in genotypes, computing gene-based tests and building masks...done (2606ms) 
     -computing association tests...done (1ms) 
     -computing joint association tests...done (0ms) 
 set [537/1049] : MIR9-3 - 16 variants...
     -reading in genotypes, computing gene-based tests and building masks...done (4462ms) 
     -computing association tests...done (20ms) 
     -computing joint association tests...done (0ms) 
 set [538/1049] : MIR9-3HG - 14713 variants...
     -reading in genotypes, computing gene-based tests and building masks...done (18163ms) 
     -computing association tests...done (50ms) 
     -computing joint association tests...done (0ms) 
 set [539/1049] : MKRN3 - 31126 variants...
     -reading in genotypes, computing gene-based tests and building masks...done (45387ms) 
     -computing association tests...done (23ms) 
     -computing joint association tests...done (0ms) 
 set [540/1049] : MNS1 - 27299 variants...
     -reading in genotypes, computing gene-based tests and building masks...done (42154ms) 
     -computing association tests...done (82ms) 
     -computing joint association tests...done (0ms) 
 set [541/1049] : MORF4L1 - 33510 variants...
     -reading in genotypes, computing gene-based tests and building masks...done (50143ms) 
     -computing association tests...done (65ms) 
     -computing joint association tests...done (0ms) 
 set [542/1049] : MPHOSPH10P2 - 47 variants...
     -reading in genotypes, computing gene-based tests and building masks...done (5341ms) 
     -computing association tests...done (1ms) 
     -computing joint association tests...done (0ms) 
 set [543/1049] : MPHOSPH10P3 - 4415 variants...
     -reading in genotypes, computing gene-based tests and building masks...done (35706ms) 
     -computing association tests...done (63ms) 
     -computing joint association tests...done (0ms) 
 set [544/1049] : MPHOSPH10P4 - 2899 variants...
     -reading in genotypes, computing gene-based tests and building masks...done (13924ms) 
     -computing association tests...done (12ms) 
     -computing joint association tests...done (0ms) 
 set [545/1049] : MPHOSPH10P5 - 4253 variants...
     -reading in genotypes, computing gene-based tests and building masks...done (42608ms) 
     -computing association tests...done (90ms) 
     -computing joint association tests...done (0ms) 
 set [546/1049] : MPHOSPH10P6 - 13 variants...
     -reading in genotypes, computing gene-based tests and building masks...done (5088ms) 
     -computing association tests...done (50ms) 
     -computing joint association tests...done (25ms) 
 set [547/1049] : MPHOSPH10P7 - 56 variants...
     -reading in genotypes, computing gene-based tests and building masks...done (774ms) 
     -computing association tests...done (4ms) 
     -computing joint association tests...done (0ms) 
 set [548/1049] : MPHOSPH10P9 - 2493 variants...
     -reading in genotypes, computing gene-based tests and building masks...done (14445ms) 
     -computing association tests...done (10ms) 
     -computing joint association tests...done (0ms) 
 set [549/1049] : MPI - 9441 variants...
     -reading in genotypes, computing gene-based tests and building masks...done (8961ms) 
     -computing association tests...done (11ms) 
     -computing joint association tests...done (0ms) 
 set [550/1049] : MRPL15P1 - 4682 variants...
     -reading in genotypes, computing gene-based tests and building masks...done (5965ms) 
     -computing association tests...done (11ms) 
     -computing joint association tests...done (0ms) 
 set [551/1049] : MRPL46 - 5557 variants...
     -reading in genotypes, computing gene-based tests and building masks...done (8402ms) 
     -computing association tests...done (45ms) 
     -computing joint association tests...done (0ms) 
 set [552/1049] : MRPS11 - 7404 variants...
     -reading in genotypes, computing gene-based tests and building masks...done (8321ms) 
     -computing association tests...done (14ms) 
     -computing joint association tests...done (0ms) 
 set [553/1049] : MTFMT - 16293 variants...
     -reading in genotypes, computing gene-based tests and building masks...done (20273ms) 
     -computing association tests...done (52ms) 
     -computing joint association tests...done (0ms) 
 set [554/1049] : MTHFS - 26723 variants...
     -reading in genotypes, computing gene-based tests and building masks...done (43852ms) 
     -computing association tests...done (14ms) 
     -computing joint association tests...done (0ms) 
 set [555/1049] : MTMR10 - 23840 variants...
     -reading in genotypes, computing gene-based tests and building masks...done (29527ms) 
     -computing association tests...done (67ms) 
     -computing joint association tests...done (0ms) 
 set [556/1049] : MTND5P40 - 123 variants...
     -reading in genotypes, computing gene-based tests and building masks...done (309ms) 
     -computing association tests...done (1ms) 
     -computing joint association tests...done (0ms) 
 set [557/1049] : MYEF2 - 12953 variants...
     -reading in genotypes, computing gene-based tests and building masks...done (20722ms) 
     -computing association tests...done (16ms) 
     -computing joint association tests...done (0ms) 
 set [558/1049] : MYO1E - 128839 variants...
     -reading in genotypes, computing gene-based tests and building masks...done (357751ms) 
     -computing association tests...done (81ms) 
     -computing joint association tests...done (0ms) 
 set [559/1049] : MYO5A - 95313 variants...
     -reading in genotypes, computing gene-based tests and building masks...done (119148ms) 
     -computing association tests...done (53ms) 
     -computing joint association tests...done (0ms) 
 set [560/1049] : MYO5C - 48428 variants...
     -reading in genotypes, computing gene-based tests and building masks...done (97253ms) 
     -computing association tests...done (29ms) 
     -computing joint association tests...done (0ms) 
 set [561/1049] : MYO9A - 127605 variants...
     -reading in genotypes, computing gene-based tests and building masks...done (281089ms) 
     -computing association tests...done (28ms) 
     -computing joint association tests...done (0ms) 
 set [562/1049] : MYZAP - 55079 variants...
     -reading in genotypes, computing gene-based tests and building masks...done (154166ms) 
     -computing association tests...done (66ms) 
     -computing joint association tests...done (0ms) 
 set [563/1049] : NANOGP8 - 5456 variants...
     -reading in genotypes, computing gene-based tests and building masks...done (5689ms) 
     -computing association tests...done (73ms) 
     -computing joint association tests...done (0ms) 
 set [564/1049] : NBEAP1 - 670 variants...
     -reading in genotypes, computing gene-based tests and building masks...done (14729ms) 
     -computing association tests...done (18ms) 
     -computing joint association tests...done (0ms) 
 set [565/1049] : NBEAP4 - 2217 variants...
     -reading in genotypes, computing gene-based tests and building masks...done (19049ms) 
     -computing association tests...done (12ms) 
     -computing joint association tests...done (0ms) 
 set [566/1049] : NCAPGP2 - 2434 variants...
     -reading in genotypes, computing gene-based tests and building masks...done (4132ms) 
     -computing association tests...done (10ms) 
     -computing joint association tests...done (0ms) 
 set [567/1049] : NDN - 5659 variants...
     -reading in genotypes, computing gene-based tests and building masks...done (6148ms) 
     -computing association tests...done (53ms) 
     -computing joint association tests...done (0ms) 
 set [568/1049] : NDUFA3P4 - 971 variants...
     -reading in genotypes, computing gene-based tests and building masks...done (4099ms) 
     -computing association tests...done (6ms) 
     -computing joint association tests...done (0ms) 
 set [569/1049] : NDUFAF1 - 13830 variants...
     -reading in genotypes, computing gene-based tests and building masks...done (16454ms) 
     -computing association tests...done (12ms) 
     -computing joint association tests...done (0ms) 
 set [570/1049] : NDUFAF4P1 - 483 variants...
     -reading in genotypes, computing gene-based tests and building masks...done (573ms) 
     -computing association tests...done (3ms) 
     -computing joint association tests...done (11ms) 
 set [571/1049] : NDUFB10P1 - 3205 variants...
     -reading in genotypes, computing gene-based tests and building masks...done (4053ms) 
     -computing association tests...done (15ms) 
     -computing joint association tests...done (0ms) 
 set [572/1049] : NEDD4 - 78850 variants...
     -reading in genotypes, computing gene-based tests and building masks...done (102088ms) 
     -computing association tests...done (33ms) 
     -computing joint association tests...done (0ms) 
 set [573/1049] : NEIL1 - 2624 variants...
     -reading in genotypes, computing gene-based tests and building masks...done (5016ms) 
     -computing association tests...done (10ms) 
     -computing joint association tests...done (0ms) 
 set [574/1049] : NEO1 - 110080 variants...
     -reading in genotypes, computing gene-based tests and building masks...done (169282ms) 
     -computing association tests...done (31ms) 
     -computing joint association tests...done (0ms) 
 set [575/1049] : NF1P1 - 17694 variants...
     -reading in genotypes, computing gene-based tests and building masks...done (159823ms) 
     -computing association tests...done (80ms) 
     -computing joint association tests...done (0ms) 
 set [576/1049] : NF1P2 - 17510 variants...
     -reading in genotypes, computing gene-based tests and building masks...done (150224ms) 
     -computing association tests...done (15ms) 
     -computing joint association tests...done (0ms) 
 set [577/1049] : NF1P9 - 6013 variants...
     -reading in genotypes, computing gene-based tests and building masks...done (45759ms) 
     -computing association tests...done (84ms) 
     -computing joint association tests...done (0ms) 
 set [578/1049] : NGRN - 8007 variants...
     -reading in genotypes, computing gene-based tests and building masks...done (9001ms) 
     -computing association tests...done (14ms) 
     -computing joint association tests...done (0ms) 
 set [579/1049] : NIFKP4 - 1584 variants...
     -reading in genotypes, computing gene-based tests and building masks...done (1861ms) 
     -computing association tests...done (51ms) 
     -computing joint association tests...done (0ms) 
 set [580/1049] : NIFKP8 - 283 variants...
     -reading in genotypes, computing gene-based tests and building masks...done (446ms) 
     -computing association tests...done (4ms) 
     -computing joint association tests...done (9ms) 
 set [581/1049] : NIPA1 - 27358 variants...
     -reading in genotypes, computing gene-based tests and building masks...done (37032ms) 
     -computing association tests...done (23ms) 
     -computing joint association tests...done (0ms) 
 set [582/1049] : NIPA2 - 13982 variants...
     -reading in genotypes, computing gene-based tests and building masks...done (15169ms) 
     -computing association tests...done (14ms) 
     -computing joint association tests...done (0ms) 
 set [583/1049] : NMB - 3473 variants...
     -reading in genotypes, computing gene-based tests and building masks...done (15642ms) 
     -computing association tests...done (14ms) 
     -computing joint association tests...done (0ms) 
 set [584/1049] : NMNAT1P5 - 3512 variants...
     -reading in genotypes, computing gene-based tests and building masks...done (10531ms) 
     -computing association tests...done (11ms) 
     -computing joint association tests...done (0ms) 
 set [585/1049] : NOP10 - 5797 variants...
     -reading in genotypes, computing gene-based tests and building masks...done (6852ms) 
     -computing association tests...done (11ms) 
     -computing joint association tests...done (0ms) 
 set [586/1049] : NOX5 - 22292 variants...
     -reading in genotypes, computing gene-based tests and building masks...done (32049ms) 
     -computing association tests...done (14ms) 
     -computing joint association tests...done (0ms) 
 set [587/1049] : NPAP1 - 7342 variants...
     -reading in genotypes, computing gene-based tests and building masks...done (11576ms) 
     -computing association tests...done (10ms) 
     -computing joint association tests...done (0ms) 
 set [588/1049] : NPM1P42 - 4228 variants...
     -reading in genotypes, computing gene-based tests and building masks...done (9435ms) 
     -computing association tests...done (9ms) 
     -computing joint association tests...done (0ms) 
 set [589/1049] : NPM1P47 - 4749 variants...
     -reading in genotypes, computing gene-based tests and building masks...done (9178ms) 
     -computing association tests...done (13ms) 
     -computing joint association tests...done (2ms) 
 set [590/1049] : NPTN - 29416 variants...
     -reading in genotypes, computing gene-based tests and building masks...done (25372ms) 
     -computing association tests...done (15ms) 
     -computing joint association tests...done (0ms) 
 set [591/1049] : NR2E3 - 16262 variants...
     -reading in genotypes, computing gene-based tests and building masks...done (15099ms) 
     -computing association tests...done (15ms) 
     -computing joint association tests...done (0ms) 
 set [592/1049] : NR2F2 - 10196 variants...
     -reading in genotypes, computing gene-based tests and building masks...done (11484ms) 
     -computing association tests...done (44ms) 
     -computing joint association tests...done (0ms) 
 set [593/1049] : NR2F2-AS1 - 103179 variants...
     -reading in genotypes, computing gene-based tests and building masks...done (140248ms) 
     -computing association tests...done (27ms) 
     -computing joint association tests...done (0ms) 
 set [594/1049] : NRG4 - 41347 variants...
     -reading in genotypes, computing gene-based tests and building masks...done (36280ms) 
     -computing association tests...done (13ms) 
     -computing joint association tests...done (0ms) 
 set [595/1049] : NSA2P4 - 4873 variants...
     -reading in genotypes, computing gene-based tests and building masks...done (3674ms) 
     -computing association tests...done (9ms) 
     -computing joint association tests...done (0ms) 
 set [596/1049] : NTRK3 - 189329 variants...
     -reading in genotypes, computing gene-based tests and building masks...done (325108ms) 
     -computing association tests...done (33ms) 
     -computing joint association tests...done (0ms) 
 set [597/1049] : NTRK3-AS1 - 9822 variants...
     -reading in genotypes, computing gene-based tests and building masks...done (8290ms) 
     -computing association tests...done (13ms) 
     -computing joint association tests...done (6ms) 
 set [598/1049] : NUSAP1 - 20750 variants...
     -reading in genotypes, computing gene-based tests and building masks...done (28112ms) 
     -computing association tests...done (16ms) 
     -computing joint association tests...done (0ms) 
 set [599/1049] : NUTF2P6 - 5262 variants...
     -reading in genotypes, computing gene-based tests and building masks...done (3913ms) 
     -computing association tests...done (43ms) 
     -computing joint association tests...done (0ms) 
 set [600/1049] : NUTM1 - 2442 variants...
     -reading in genotypes, computing gene-based tests and building masks...done (3732ms) 
     -computing association tests...done (10ms) 
     -computing joint association tests...done (0ms) 
 set [601/1049] : OAZ2 - 8159 variants...
     -reading in genotypes, computing gene-based tests and building masks...done (17759ms) 
     -computing association tests...done (11ms) 
     -computing joint association tests...done (0ms) 
 set [602/1049] : OCA2 - 147988 variants...
     -reading in genotypes, computing gene-based tests and building masks...done (225517ms) 
     -computing association tests...done (65ms) 
     -computing joint association tests...done (0ms) 
 set [603/1049] : OIP5 - 15714 variants...
     -reading in genotypes, computing gene-based tests and building masks...done (14400ms) 
     -computing association tests...done (58ms) 
     -computing joint association tests...done (0ms) 
 set [604/1049] : OIP5-AS1 - 9725 variants...
     -reading in genotypes, computing gene-based tests and building masks...done (9217ms) 
     -computing association tests...done (13ms) 
     -computing joint association tests...done (0ms) 
 set [605/1049] : ONECUT1 - 20287 variants...
     -reading in genotypes, computing gene-based tests and building masks...done (15546ms) 
     -computing association tests...done (14ms) 
     -computing joint association tests...done (0ms) 
 set [606/1049] : OR11J2P - 9598 variants...
     -reading in genotypes, computing gene-based tests and building masks...done (30254ms) 
     -computing association tests...done (10ms) 
     -computing joint association tests...done (0ms) 
 set [607/1049] : OR11J5P - 8248 variants...
     -reading in genotypes, computing gene-based tests and building masks...done (53045ms) 
     -computing association tests...done (45ms) 
     -computing joint association tests...done (0ms) 
 set [608/1049] : OR11J6P - 1867 variants...
     -reading in genotypes, computing gene-based tests and building masks...done (19606ms) 
     -computing association tests...done (53ms) 
     -computing joint association tests...done (0ms) 
 set [609/1049] : OR11J7P - 5 variants...
     -reading in genotypes, computing gene-based tests and building masks...done (66ms) 
 set [610/1049] : OR11K1BP - 7192 variants...
     -reading in genotypes, computing gene-based tests and building masks...done (26035ms) 
     -computing association tests...done (9ms) 
     -computing joint association tests...done (0ms) 
 set [611/1049] : OR1Q1BP - 2472 variants...
     -reading in genotypes, computing gene-based tests and building masks...done (4552ms) 
     -computing association tests...done (8ms) 
     -computing joint association tests...done (0ms) 
 set [612/1049] : OR4F13P - 7715 variants...
     -reading in genotypes, computing gene-based tests and building masks...done (5676ms) 
     -computing association tests...done (9ms) 
     -computing joint association tests...done (0ms) 
 set [613/1049] : OR4F14P - 3889 variants...
     -reading in genotypes, computing gene-based tests and building masks...done (2814ms) 
     -computing association tests...done (41ms) 
     -computing joint association tests...done (0ms) 
 set [614/1049] : OR4F15 - 7825 variants...
     -reading in genotypes, computing gene-based tests and building masks...done (7322ms) 
     -computing association tests...done (42ms) 
     -computing joint association tests...done (0ms) 
 set [615/1049] : OR4F28P - 4720 variants...
     -reading in genotypes, computing gene-based tests and building masks...done (3524ms) 
     -computing association tests...done (9ms) 
     -computing joint association tests...done (0ms) 
 set [616/1049] : OR4F4 - 5268 variants...
     -reading in genotypes, computing gene-based tests and building masks...done (5164ms) 
     -computing association tests...done (47ms) 
     -computing joint association tests...done (0ms) 
 set [617/1049] : OR4F6 - 4204 variants...
     -reading in genotypes, computing gene-based tests and building masks...done (5273ms) 
     -computing association tests...done (46ms) 
     -computing joint association tests...done (0ms) 
 set [618/1049] : OR4G6P - 164 variants...
     -reading in genotypes, computing gene-based tests and building masks...done (458ms) 
     -computing association tests...done (45ms) 
     -computing joint association tests...done (0ms) 
 set [619/1049] : OR4H6BP - 6283 variants...
     -reading in genotypes, computing gene-based tests and building masks...done (14455ms) 
     -computing association tests...done (49ms) 
     -computing joint association tests...done (0ms) 
 set [620/1049] : OR4M2 - 21239 variants...
     -reading in genotypes, computing gene-based tests and building masks...done (430728ms) 
     -computing association tests...done (106ms) 
     -computing joint association tests...done (0ms) 
 set [621/1049] : OR4M2B - 7330 variants...
     -reading in genotypes, computing gene-based tests and building masks...done (19352ms) 
     -computing association tests...done (13ms) 
     -computing joint association tests...done (0ms) 
 set [622/1049] : OR4N3BP - 663 variants...
     -reading in genotypes, computing gene-based tests and building masks...done (8070ms) 
     -computing association tests...done (33ms) 
     -computing joint association tests...done (0ms) 
 set [623/1049] : OR4N3P - 6823 variants...
     -reading in genotypes, computing gene-based tests and building masks...done (16261ms) 
     -computing association tests...done (45ms) 
     -computing joint association tests...done (2ms) 
 set [624/1049] : OR4N4 - 4938 variants...
     -reading in genotypes, computing gene-based tests and building masks...done (17240ms) 
     -computing association tests...done (23ms) 
     -computing joint association tests...done (0ms) 
 set [625/1049] : OR4N4C - 5764 variants...
     -reading in genotypes, computing gene-based tests and building masks...done (12577ms) 
     -computing association tests...done (52ms) 
     -computing joint association tests...done (0ms) 
 set [626/1049] : OTUD7A - 177401 variants...
     -reading in genotypes, computing gene-based tests and building masks...done (379791ms) 
     -computing association tests...done (62ms) 
     -computing joint association tests...done (0ms) 
 set [627/1049] : PAK6 - 22477 variants...
     -reading in genotypes, computing gene-based tests and building masks...done (18557ms) 
     -computing association tests...done (51ms) 
     -computing joint association tests...done (0ms) 
 set [628/1049] : PAQR5 - 57792 variants...
     -reading in genotypes, computing gene-based tests and building masks...done (91000ms) 
     -computing association tests...done (14ms) 
     -computing joint association tests...done (0ms) 
 set [629/1049] : PAQR5-DT - 859 variants...
     -reading in genotypes, computing gene-based tests and building masks...done (989ms) 
     -computing association tests...done (9ms) 
     -computing joint association tests...done (0ms) 
 set [630/1049] : PARP16 - 19011 variants...
     -reading in genotypes, computing gene-based tests and building masks...done (24773ms) 
     -computing association tests...done (20ms) 
     -computing joint association tests...done (0ms) 
 set [631/1049] : PARP6 - 15951 variants...
     -reading in genotypes, computing gene-based tests and building masks...done (21343ms) 
     -computing association tests...done (47ms) 
     -computing joint association tests...done (0ms) 
 set [632/1049] : PATL2 - 18185 variants...
     -reading in genotypes, computing gene-based tests and building masks...done (14300ms) 
     -computing association tests...done (36ms) 
     -computing joint association tests...done (0ms) 
 set [633/1049] : PCLAF - 13501 variants...
     -reading in genotypes, computing gene-based tests and building masks...done (24352ms) 
     -computing association tests...done (26ms) 
     -computing joint association tests...done (0ms) 
 set [634/1049] : PCSK6 - 99673 variants...
     -reading in genotypes, computing gene-based tests and building masks...done (127577ms) 
     -computing association tests...done (55ms) 
     -computing joint association tests...done (0ms) 
 set [635/1049] : PDCD6IPP2 - 7 variants...
     -reading in genotypes, computing gene-based tests and building masks...done (4028ms) 
     -computing association tests...done (0ms) 
     -computing joint association tests...done (0ms) 
 set [636/1049] : PDCD7 - 9185 variants...
     -reading in genotypes, computing gene-based tests and building masks...done (7451ms) 
     -computing association tests...done (47ms) 
     -computing joint association tests...done (0ms) 
 set [637/1049] : PDE8A - 74939 variants...
     -reading in genotypes, computing gene-based tests and building masks...done (69985ms) 
     -computing association tests...done (14ms) 
     -computing joint association tests...done (0ms) 
 set [638/1049] : PDIA3 - 12151 variants...
     -reading in genotypes, computing gene-based tests and building masks...done (9902ms) 
     -computing association tests...done (51ms) 
     -computing joint association tests...done (0ms) 
 set [639/1049] : PDIA3P2 - 217 variants...
     -reading in genotypes, computing gene-based tests and building masks...done (4295ms) 
     -computing association tests...done (6ms) 
     -computing joint association tests...done (0ms) 
 set [640/1049] : PEAK1 - 132031 variants...
     -reading in genotypes, computing gene-based tests and building masks...done (175852ms) 
     -computing association tests...done (29ms) 
     -computing joint association tests...done (0ms) 
 set [641/1049] : PEX11A - 5747 variants...
     -reading in genotypes, computing gene-based tests and building masks...done (5760ms) 
     -computing association tests...done (61ms) 
     -computing joint association tests...done (0ms) 
 set [642/1049] : PGBD4 - 2756 variants...
     -reading in genotypes, computing gene-based tests and building masks...done (2348ms) 
     -computing association tests...done (9ms) 
     -computing joint association tests...done (0ms) 
 set [643/1049] : PGPEP1L - 25615 variants...
     -reading in genotypes, computing gene-based tests and building masks...done (23328ms) 
     -computing association tests...done (13ms) 
     -computing joint association tests...done (0ms) 
 set [644/1049] : PHGR1 - 3105 variants...
     -reading in genotypes, computing gene-based tests and building masks...done (2609ms) 
     -computing association tests...done (48ms) 
     -computing joint association tests...done (0ms) 
 set [645/1049] : PIAS1 - 72349 variants...
     -reading in genotypes, computing gene-based tests and building masks...done (1573232ms) 
     -computing association tests...done (30ms) 
     -computing joint association tests...done (0ms) 
 set [646/1049] : PIERCE2 - 10351 variants...
     -reading in genotypes, computing gene-based tests and building masks...done (11150ms) 
     -computing association tests...done (52ms) 
     -computing joint association tests...done (0ms) 
 set [647/1049] : PIF1 - 11831 variants...
     -reading in genotypes, computing gene-based tests and building masks...done (10210ms) 
     -computing association tests...done (46ms) 
     -computing joint association tests...done (0ms) 
 set [648/1049] : PIGB - 10279 variants...
     -reading in genotypes, computing gene-based tests and building masks...done (8069ms) 
     -computing association tests...done (13ms) 
     -computing joint association tests...done (0ms) 
 set [649/1049] : PIGBOS1 - 5809 variants...
     -reading in genotypes, computing gene-based tests and building masks...done (5670ms) 
     -computing association tests...done (12ms) 
     -computing joint association tests...done (11ms) 
 set [650/1049] : PKM - 14523 variants...
     -reading in genotypes, computing gene-based tests and building masks...done (17290ms) 
     -computing association tests...done (14ms) 
     -computing joint association tests...done (0ms) 
 set [651/1049] : PLA2G4B - 341 variants...
     -reading in genotypes, computing gene-based tests and building masks...done (492ms) 
     -computing association tests...done (46ms) 
     -computing joint association tests...done (0ms) 
 set [652/1049] : PLA2G4D - 15686 variants...
     -reading in genotypes, computing gene-based tests and building masks...done (11788ms) 
     -computing association tests...done (49ms) 
     -computing joint association tests...done (0ms) 
 set [653/1049] : PLA2G4E - 32730 variants...
     -reading in genotypes, computing gene-based tests and building masks...done (36362ms) 
     -computing association tests...done (56ms) 
     -computing joint association tests...done (0ms) 
 set [654/1049] : PLA2G4F - 12036 variants...
     -reading in genotypes, computing gene-based tests and building masks...done (8884ms) 
     -computing association tests...done (58ms) 
     -computing joint association tests...done (0ms) 
 set [655/1049] : PLCB2 - 10247 variants...
     -reading in genotypes, computing gene-based tests and building masks...done (8323ms) 
     -computing association tests...done (16ms) 
     -computing joint association tests...done (0ms) 
 set [656/1049] : PLEKHO2 - 17305 variants...
     -reading in genotypes, computing gene-based tests and building masks...done (13090ms) 
     -computing association tests...done (17ms) 
     -computing joint association tests...done (0ms) 
 set [657/1049] : PLIN1 - 10376 variants...
     -reading in genotypes, computing gene-based tests and building masks...done (8749ms) 
     -computing association tests...done (51ms) 
     -computing joint association tests...done (0ms) 
 set [658/1049] : PML - 32180 variants...
     -reading in genotypes, computing gene-based tests and building masks...done (28989ms) 
     -computing association tests...done (56ms) 
     -computing joint association tests...done (0ms) 
 set [659/1049] : POLG - 15295 variants...
     -reading in genotypes, computing gene-based tests and building masks...done (41176ms) 
     -computing association tests...done (62ms) 
     -computing joint association tests...done (0ms) 
 set [660/1049] : POLG-DT - 617 variants...
     -reading in genotypes, computing gene-based tests and building masks...done (679ms) 
     -computing association tests...done (5ms) 
     -computing joint association tests...done (0ms) 
 set [661/1049] : POLR2M - 41004 variants...
     -reading in genotypes, computing gene-based tests and building masks...done (38393ms) 
     -computing association tests...done (53ms) 
     -computing joint association tests...done (0ms) 
 set [662/1049] : POTEB - 21434 variants...
     -reading in genotypes, computing gene-based tests and building masks...done (182331ms) 
     -computing association tests...done (19ms) 
     -computing joint association tests...done (0ms) 
 set [663/1049] : POTEB2 - 22122 variants...
     -reading in genotypes, computing gene-based tests and building masks...done (234821ms) 
     -computing association tests...done (62ms) 
     -computing joint association tests...done (0ms) 
 set [664/1049] : POTEB3 - 23200 variants...
     -reading in genotypes, computing gene-based tests and building masks...done (122539ms) 
     -computing association tests...done (16ms) 
     -computing joint association tests...done (0ms) 
 set [665/1049] : PPCDC - 37128 variants...
     -reading in genotypes, computing gene-based tests and building masks...done (36396ms) 
     -computing association tests...done (61ms) 
     -computing joint association tests...done (0ms) 
 set [666/1049] : PPIAP47 - 182 variants...
     -reading in genotypes, computing gene-based tests and building masks...done (372ms) 
     -computing association tests...done (2ms) 
     -computing joint association tests...done (0ms) 
 set [667/1049] : PPIB - 4837 variants...
     -reading in genotypes, computing gene-based tests and building masks...done (4486ms) 
     -computing association tests...done (10ms) 
     -computing joint association tests...done (0ms) 
 set [668/1049] : PPIP5K1 - 16861 variants...
     -reading in genotypes, computing gene-based tests and building masks...done (35177ms) 
     -computing association tests...done (22ms) 
     -computing joint association tests...done (0ms) 
 set [669/1049] : PPIP5K1P1 - 7783 variants...
     -reading in genotypes, computing gene-based tests and building masks...done (28276ms) 
     -computing association tests...done (15ms) 
     -computing joint association tests...done (0ms) 
 set [670/1049] : PPP1R14D - 8996 variants...
     -reading in genotypes, computing gene-based tests and building masks...done (7214ms) 
     -computing association tests...done (17ms) 
     -computing joint association tests...done (0ms) 
 set [671/1049] : PRC1 - 12672 variants...
     -reading in genotypes, computing gene-based tests and building masks...done (13643ms) 
     -computing association tests...done (57ms) 
     -computing joint association tests...done (0ms) 
 set [672/1049] : PRKXP1 - 25 variants...
     -reading in genotypes, computing gene-based tests and building masks...done (729ms) 
     -computing association tests...done (0ms) 
     -computing joint association tests...done (0ms) 
 set [673/1049] : PRTG - 66394 variants...
     -reading in genotypes, computing gene-based tests and building masks...done (64503ms) 
     -computing association tests...done (62ms) 
     -computing joint association tests...done (0ms) 
 set [674/1049] : PSMA4 - 8816 variants...
     -reading in genotypes, computing gene-based tests and building masks...done (15368ms) 
     -computing association tests...done (13ms) 
     -computing joint association tests...done (0ms) 
 set [675/1049] : PSTPIP1 - 21589 variants...
     -reading in genotypes, computing gene-based tests and building masks...done (25224ms) 
     -computing association tests...done (12ms) 
     -computing joint association tests...done (0ms) 
 set [676/1049] : PTPN9 - 61997 variants...
     -reading in genotypes, computing gene-based tests and building masks...done (99636ms) 
     -computing association tests...done (31ms) 
     -computing joint association tests...done (0ms) 
 set [677/1049] : PWAR1 - 5681 variants...
     -reading in genotypes, computing gene-based tests and building masks...done (4365ms) 
     -computing association tests...done (9ms) 
     -computing joint association tests...done (0ms) 
 set [678/1049] : PWAR5 - 4264 variants...
     -reading in genotypes, computing gene-based tests and building masks...done (5328ms) 
     -computing association tests...done (11ms) 
     -computing joint association tests...done (0ms) 
 set [679/1049] : PWRN1 - 357093 variants...
     -reading in genotypes, computing gene-based tests and building masks...done (1383402ms) 
     -computing association tests...done (34ms) 
     -computing joint association tests...done (0ms) 
 set [680/1049] : PWRN2 - 9319 variants...
     -reading in genotypes, computing gene-based tests and building masks...done (7367ms) 
     -computing association tests...done (17ms) 
     -computing joint association tests...done (0ms) 
 set [681/1049] : PWRN4 - 86996 variants...
     -reading in genotypes, computing gene-based tests and building masks...done (92960ms) 
     -computing association tests...done (25ms) 
     -computing joint association tests...done (0ms) 
 set [682/1049] : PYGO1 - 29101 variants...
     -reading in genotypes, computing gene-based tests and building masks...done (25150ms) 
     -computing association tests...done (11ms) 
     -computing joint association tests...done (0ms) 
 set [683/1049] : RAB11A - 24665 variants...
     -reading in genotypes, computing gene-based tests and building masks...done (25494ms) 
     -computing association tests...done (48ms) 
     -computing joint association tests...done (0ms) 
 set [684/1049] : RAB27A - 53607 variants...
     -reading in genotypes, computing gene-based tests and building masks...done (64079ms) 
     -computing association tests...done (21ms) 
     -computing joint association tests...done (0ms) 
 set [685/1049] : RAB8B - 36238 variants...
     -reading in genotypes, computing gene-based tests and building masks...done (27753ms) 
     -computing association tests...done (61ms) 
     -computing joint association tests...done (0ms) 
 set [686/1049] : RAD51 - 20253 variants...
     -reading in genotypes, computing gene-based tests and building masks...done (21464ms) 
     -computing association tests...done (12ms) 
     -computing joint association tests...done (0ms) 
 set [687/1049] : RAD51-AS1 - 5261 variants...
     -reading in genotypes, computing gene-based tests and building masks...done (4432ms) 
     -computing association tests...done (44ms) 
     -computing joint association tests...done (0ms) 
 set [688/1049] : RAMAC - 4021 variants...
     -reading in genotypes, computing gene-based tests and building masks...done (6485ms) 
     -computing association tests...done (12ms) 
     -computing joint association tests...done (0ms) 
 set [689/1049] : RASGRF1 - 64161 variants...
     -reading in genotypes, computing gene-based tests and building masks...done (61503ms) 
     -computing association tests...done (16ms) 
     -computing joint association tests...done (0ms) 
 set [690/1049] : RASGRP1 - 34531 variants...
     -reading in genotypes, computing gene-based tests and building masks...done (34476ms) 
     -computing association tests...done (68ms) 
     -computing joint association tests...done (0ms) 
 set [691/1049] : RASL12 - 9926 variants...
     -reading in genotypes, computing gene-based tests and building masks...done (16320ms) 
     -computing association tests...done (23ms) 
     -computing joint association tests...done (0ms) 
 set [692/1049] : RBM17P4 - 4509 variants...
     -reading in genotypes, computing gene-based tests and building masks...done (3421ms) 
     -computing association tests...done (11ms) 
     -computing joint association tests...done (0ms) 
 set [693/1049] : RBPMS2 - 23075 variants...
     -reading in genotypes, computing gene-based tests and building masks...done (19840ms) 
     -computing association tests...done (21ms) 
     -computing joint association tests...done (0ms) 
 set [694/1049] : RCCD1 - 9814 variants...
     -reading in genotypes, computing gene-based tests and building masks...done (7835ms) 
     -computing association tests...done (46ms) 
     -computing joint association tests...done (0ms) 
 set [695/1049] : RCN2 - 15384 variants...
     -reading in genotypes, computing gene-based tests and building masks...done (15191ms) 
     -computing association tests...done (13ms) 
     -computing joint association tests...done (0ms) 
 set [696/1049] : REC114 - 51091 variants...
     -reading in genotypes, computing gene-based tests and building masks...done (45897ms) 
     -computing association tests...done (26ms) 
     -computing joint association tests...done (0ms) 
 set [697/1049] : RFX7 - 78200 variants...
     -reading in genotypes, computing gene-based tests and building masks...done (131417ms) 
     -computing association tests...done (17ms) 
     -computing joint association tests...done (0ms) 
 set [698/1049] : RGMA - 31959 variants...
     -reading in genotypes, computing gene-based tests and building masks...done (28331ms) 
     -computing association tests...done (29ms) 
     -computing joint association tests...done (0ms) 
 set [699/1049] : RHCG - 16715 variants...
     -reading in genotypes, computing gene-based tests and building masks...done (13840ms) 
     -computing association tests...done (56ms) 
     -computing joint association tests...done (0ms) 
 set [700/1049] : RHOV - 5163 variants...
     -reading in genotypes, computing gene-based tests and building masks...done (6127ms) 
     -computing association tests...done (20ms) 
     -computing joint association tests...done (0ms) 
 set [701/1049] : RHPN2P1 - 38035 variants...
     -reading in genotypes, computing gene-based tests and building masks...done (51968ms) 
     -computing association tests...done (13ms) 
     -computing joint association tests...done (0ms) 
 set [702/1049] : RLBP1 - 8434 variants...
     -reading in genotypes, computing gene-based tests and building masks...done (10202ms) 
     -computing association tests...done (11ms) 
     -computing joint association tests...done (0ms) 
 set [703/1049] : RMDN3 - 13569 variants...
     -reading in genotypes, computing gene-based tests and building masks...done (12695ms) 
     -computing association tests...done (61ms) 
     -computing joint association tests...done (0ms) 
 set [704/1049] : RN7SKP101 - 142 variants...
     -reading in genotypes, computing gene-based tests and building masks...done (2352ms) 
     -computing association tests...done (4ms) 
     -computing joint association tests...done (0ms) 
 set [705/1049] : RN7SKP139 - 654 variants...
     -reading in genotypes, computing gene-based tests and building masks...done (807ms) 
     -computing association tests...done (6ms) 
     -computing joint association tests...done (0ms) 
 set [706/1049] : RN7SKP181 - 4600 variants...
     -reading in genotypes, computing gene-based tests and building masks...done (11123ms) 
     -computing association tests...done (10ms) 
     -computing joint association tests...done (0ms) 
 set [707/1049] : RN7SKP254 - 2294 variants...
     -reading in genotypes, computing gene-based tests and building masks...done (4556ms) 
     -computing association tests...done (8ms) 
     -computing joint association tests...done (0ms) 
 set [708/1049] : RN7SL209P - 175 variants...
     -reading in genotypes, computing gene-based tests and building masks...done (10238ms) 
     -computing association tests...done (1ms) 
     -computing joint association tests...done (0ms) 
 set [709/1049] : RN7SL278P - 124 variants...
     -reading in genotypes, computing gene-based tests and building masks...done (220ms) 
     -computing association tests...done (3ms) 
     -computing joint association tests...done (0ms) 
 set [710/1049] : RN7SL331P - 1 variants...
     -reading in genotypes, computing gene-based tests and building masks...done (48ms) 
 set [711/1049] : RN7SL346P - 4614 variants...
     -reading in genotypes, computing gene-based tests and building masks...done (3652ms) 
     -computing association tests...done (47ms) 
     -computing joint association tests...done (0ms) 
 set [712/1049] : RN7SL363P - 106 variants...
     -reading in genotypes, computing gene-based tests and building masks...done (391ms) 
     -computing association tests...done (0ms) 
     -computing joint association tests...done (0ms) 
 set [713/1049] : RN7SL400P - 5687 variants...
     -reading in genotypes, computing gene-based tests and building masks...done (15709ms) 
     -computing association tests...done (10ms) 
     -computing joint association tests...done (0ms) 
 set [714/1049] : RN7SL417P - 233 variants...
     -reading in genotypes, computing gene-based tests and building masks...done (355ms) 
     -computing association tests...done (4ms) 
     -computing joint association tests...done (0ms) 
 set [715/1049] : RN7SL495P - 156 variants...
     -reading in genotypes, computing gene-based tests and building masks...done (6360ms) 
     -computing association tests...done (44ms) 
     -computing joint association tests...done (0ms) 
 set [716/1049] : RN7SL568P - 1337 variants...
     -reading in genotypes, computing gene-based tests and building masks...done (1434ms) 
     -computing association tests...done (10ms) 
     -computing joint association tests...done (0ms) 
 set [717/1049] : RN7SL584P - 6395 variants...
     -reading in genotypes, computing gene-based tests and building masks...done (43365ms) 
     -computing association tests...done (9ms) 
     -computing joint association tests...done (0ms) 
 set [718/1049] : RN7SL677P - 133 variants...
     -reading in genotypes, computing gene-based tests and building masks...done (411ms) 
     -computing association tests...done (46ms) 
     -computing joint association tests...done (14ms) 
 set [719/1049] : RN7SL736P - 108 variants...
     -reading in genotypes, computing gene-based tests and building masks...done (7887ms) 
     -computing association tests...done (0ms) 
     -computing joint association tests...done (0ms) 
 set [720/1049] : RN7SL759P - 9 variants...
     -reading in genotypes, computing gene-based tests and building masks...done (104ms) 
 set [721/1049] : RN7SL82P - 129 variants...
     -reading in genotypes, computing gene-based tests and building masks...done (360ms) 
     -computing association tests...done (5ms) 
     -computing joint association tests...done (0ms) 
 set [722/1049] : RNA5SP396 - 6823 variants...
     -reading in genotypes, computing gene-based tests and building masks...done (12739ms) 
     -computing association tests...done (49ms) 
     -computing joint association tests...done (0ms) 
 set [723/1049] : RNA5SP401 - 42 variants...
     -reading in genotypes, computing gene-based tests and building masks...done (392ms) 
     -computing association tests...done (1ms) 
     -computing joint association tests...done (0ms) 
 set [724/1049] : RNF111 - 76942 variants...
     -reading in genotypes, computing gene-based tests and building masks...done (114474ms) 
     -computing association tests...done (35ms) 
     -computing joint association tests...done (0ms) 
 set [725/1049] : RNU1-119P - 37 variants...
     -reading in genotypes, computing gene-based tests and building masks...done (223ms) 
     -computing association tests...done (0ms) 
     -computing joint association tests...done (0ms) 
 set [726/1049] : RNU1-78P - 4226 variants...
     -reading in genotypes, computing gene-based tests and building masks...done (11693ms) 
     -computing association tests...done (12ms) 
     -computing joint association tests...done (0ms) 
 set [727/1049] : RNU5A-1 - 5593 variants...
     -reading in genotypes, computing gene-based tests and building masks...done (13770ms) 
     -computing association tests...done (12ms) 
     -computing joint association tests...done (0ms) 
 set [728/1049] : RNU5B-1 - 1258 variants...
     -reading in genotypes, computing gene-based tests and building masks...done (1465ms) 
     -computing association tests...done (6ms) 
     -computing joint association tests...done (0ms) 
 set [729/1049] : RNU6-1014P - 38 variants...
     -reading in genotypes, computing gene-based tests and building masks...done (281ms) 
     -computing association tests...done (58ms) 
     -computing joint association tests...done (0ms) 
 set [730/1049] : RNU6-1108P - 60 variants...
     -reading in genotypes, computing gene-based tests and building masks...done (315ms) 
     -computing association tests...done (4ms) 
     -computing joint association tests...done (0ms) 
 set [731/1049] : RNU6-1186P - 56 variants...
     -reading in genotypes, computing gene-based tests and building masks...done (691ms) 
     -computing association tests...done (2ms) 
     -computing joint association tests...done (0ms) 
 set [732/1049] : RNU6-1287P - 4646 variants...
     -reading in genotypes, computing gene-based tests and building masks...done (4168ms) 
     -computing association tests...done (11ms) 
     -computing joint association tests...done (0ms) 
 set [733/1049] : RNU6-17P - 22 variants...
     -reading in genotypes, computing gene-based tests and building masks...done (6529ms) 
     -computing association tests...done (73ms) 
     -computing joint association tests...done (0ms) 
 set [734/1049] : RNU6-185P - 55 variants...
     -reading in genotypes, computing gene-based tests and building masks...done (434ms) 
     -computing association tests...done (1ms) 
     -computing joint association tests...done (0ms) 
 set [735/1049] : RNU6-18P - 41 variants...
     -reading in genotypes, computing gene-based tests and building masks...done (751ms) 
     -computing association tests...done (74ms) 
     -computing joint association tests...done (0ms) 
 set [736/1049] : RNU6-231P - 3118 variants...
     -reading in genotypes, computing gene-based tests and building masks...done (5577ms) 
     -computing association tests...done (12ms) 
     -computing joint association tests...done (20ms) 
 set [737/1049] : RNU6-322P - 50 variants...
     -reading in genotypes, computing gene-based tests and building masks...done (247ms) 
     -computing association tests...done (0ms) 
     -computing joint association tests...done (0ms) 
 set [738/1049] : RNU6-354P - 36 variants...
     -reading in genotypes, computing gene-based tests and building masks...done (711ms) 
     -computing association tests...done (1ms) 
     -computing joint association tests...done (0ms) 
 set [739/1049] : RNU6-380P - 4362 variants...
     -reading in genotypes, computing gene-based tests and building masks...done (4261ms) 
     -computing association tests...done (14ms) 
     -computing joint association tests...done (0ms) 
 set [740/1049] : RNU6-449P - 1992 variants...
     -reading in genotypes, computing gene-based tests and building masks...done (3690ms) 
     -computing association tests...done (51ms) 
     -computing joint association tests...done (0ms) 
 set [741/1049] : RNU6-498P - 32 variants...
     -reading in genotypes, computing gene-based tests and building masks...done (475ms) 
     -computing association tests...done (9ms) 
     -computing joint association tests...done (0ms) 
 set [742/1049] : RNU6-516P - 60 variants...
     -reading in genotypes, computing gene-based tests and building masks...done (414ms) 
     -computing association tests...done (0ms) 
     -computing joint association tests...done (0ms) 
 set [743/1049] : RNU6-667P - 4126 variants...
     -reading in genotypes, computing gene-based tests and building masks...done (3324ms) 
     -computing association tests...done (9ms) 
     -computing joint association tests...done (0ms) 
 set [744/1049] : RNU6-686P - 44 variants...
     -reading in genotypes, computing gene-based tests and building masks...done (1289ms) 
     -computing association tests...done (45ms) 
     -computing joint association tests...done (0ms) 
 set [745/1049] : RNU6-741P - 36 variants...
     -reading in genotypes, computing gene-based tests and building masks...done (295ms) 
     -computing association tests...done (4ms) 
     -computing joint association tests...done (0ms) 
 set [746/1049] : RNU6-745P - 52 variants...
     -reading in genotypes, computing gene-based tests and building masks...done (5402ms) 
     -computing association tests...done (1ms) 
     -computing joint association tests...done (0ms) 
 set [747/1049] : RNU6-953P - 2450 variants...
     -reading in genotypes, computing gene-based tests and building masks...done (2708ms) 
     -computing association tests...done (7ms) 
     -computing joint association tests...done (0ms) 
 set [748/1049] : RNU6-978P - 61 variants...
     -reading in genotypes, computing gene-based tests and building masks...done (2190ms) 
     -computing association tests...done (1ms) 
     -computing joint association tests...done (0ms) 
 set [749/1049] : RORA - 332056 variants...
     -reading in genotypes, computing gene-based tests and building masks...done (1171144ms) 
     -computing association tests...done (31ms) 
     -computing joint association tests...done (0ms) 
 set [750/1049] : RPAP1 - 16356 variants...
     -reading in genotypes, computing gene-based tests and building masks...done (15924ms) 
     -computing association tests...done (54ms) 
     -computing joint association tests...done (0ms) 
 set [751/1049] : RPL12P35 - 1460 variants...
     -reading in genotypes, computing gene-based tests and building masks...done (1586ms) 
     -computing association tests...done (6ms) 
     -computing joint association tests...done (0ms) 
 set [752/1049] : RPL21P116 - 4857 variants...
     -reading in genotypes, computing gene-based tests and building masks...done (3712ms) 
     -computing association tests...done (9ms) 
     -computing joint association tests...done (0ms) 
 set [753/1049] : RPL21P117 - 281 variants...
     -reading in genotypes, computing gene-based tests and building masks...done (2731ms) 
     -computing association tests...done (2ms) 
     -computing joint association tests...done (0ms) 
 set [754/1049] : RPL21P14 - 2973 variants...
     -reading in genotypes, computing gene-based tests and building masks...done (2488ms) 
     -computing association tests...done (10ms) 
     -computing joint association tests...done (0ms) 
 set [755/1049] : RPL31P6 - 135 variants...
     -reading in genotypes, computing gene-based tests and building masks...done (4481ms) 
     -computing association tests...done (7ms) 
     -computing joint association tests...done (0ms) 
 set [756/1049] : RPL32P30 - 4089 variants...
     -reading in genotypes, computing gene-based tests and building masks...done (3032ms) 
     -computing association tests...done (9ms) 
     -computing joint association tests...done (0ms) 
 set [757/1049] : RPL4 - 3538 variants...
     -reading in genotypes, computing gene-based tests and building masks...done (3220ms) 
     -computing association tests...done (12ms) 
     -computing joint association tests...done (0ms) 
 set [758/1049] : RPL5P1 - 4467 variants...
     -reading in genotypes, computing gene-based tests and building masks...done (3339ms) 
     -computing association tests...done (39ms) 
     -computing joint association tests...done (0ms) 
 set [759/1049] : RPL5P3 - 3685 variants...
     -reading in genotypes, computing gene-based tests and building masks...done (2730ms) 
     -computing association tests...done (9ms) 
     -computing joint association tests...done (0ms) 
 set [760/1049] : RPL7AP75 - 14 variants...
     -reading in genotypes, computing gene-based tests and building masks...done (6408ms) 
     -computing association tests...done (1ms) 
     -computing joint association tests...done (0ms) 
 set [761/1049] : RPL7L1P15 - 199 variants...
     -reading in genotypes, computing gene-based tests and building masks...done (301ms) 
     -computing association tests...done (0ms) 
     -computing joint association tests...done (0ms) 
 set [762/1049] : RPL7P5 - 1887 variants...
     -reading in genotypes, computing gene-based tests and building masks...done (1722ms) 
     -computing association tests...done (8ms) 
     -computing joint association tests...done (0ms) 
 set [763/1049] : RPL9P25 - 3805 variants...
     -reading in genotypes, computing gene-based tests and building masks...done (3194ms) 
     -computing association tests...done (41ms) 
     -computing joint association tests...done (0ms) 
 set [764/1049] : RPLP1 - 5890 variants...
     -reading in genotypes, computing gene-based tests and building masks...done (6162ms) 
     -computing association tests...done (49ms) 
     -computing joint association tests...done (0ms) 
 set [765/1049] : RPP25 - 7607 variants...
     -reading in genotypes, computing gene-based tests and building masks...done (6529ms) 
     -computing association tests...done (15ms) 
     -computing joint association tests...done (0ms) 
 set [766/1049] : RPS17 - 7049 variants...
     -reading in genotypes, computing gene-based tests and building masks...done (7187ms) 
     -computing association tests...done (11ms) 
     -computing joint association tests...done (0ms) 
 set [767/1049] : RPS27L - 7072 variants...
     -reading in genotypes, computing gene-based tests and building masks...done (13916ms) 
     -computing association tests...done (15ms) 
     -computing joint association tests...done (0ms) 
 set [768/1049] : RPS27P2 - 685 variants...
     -reading in genotypes, computing gene-based tests and building masks...done (792ms) 
     -computing association tests...done (8ms) 
     -computing joint association tests...done (0ms) 
 set [769/1049] : RPS3AP6 - 5798 variants...
     -reading in genotypes, computing gene-based tests and building masks...done (12813ms) 
     -computing association tests...done (10ms) 
     -computing joint association tests...done (0ms) 
 set [770/1049] : RPS8P10 - 152 variants...
     -reading in genotypes, computing gene-based tests and building masks...done (3511ms) 
     -computing association tests...done (11ms) 
     -computing joint association tests...done (0ms) 
 set [771/1049] : RPSAP55 - 383 variants...
     -reading in genotypes, computing gene-based tests and building masks...done (488ms) 
     -computing association tests...done (4ms) 
     -computing joint association tests...done (0ms) 
 set [772/1049] : RPUSD2 - 4292 variants...
     -reading in genotypes, computing gene-based tests and building masks...done (4570ms) 
     -computing association tests...done (14ms) 
     -computing joint association tests...done (0ms) 
 set [773/1049] : RSL24D1 - 9282 variants...
     -reading in genotypes, computing gene-based tests and building masks...done (8041ms) 
     -computing association tests...done (49ms) 
     -computing joint association tests...done (0ms) 
 set [774/1049] : RTF1 - 36988 variants...
     -reading in genotypes, computing gene-based tests and building masks...done (35652ms) 
     -computing association tests...done (51ms) 
     -computing joint association tests...done (0ms) 
 set [775/1049] : RYR3 - 249086 variants...
     -reading in genotypes, computing gene-based tests and building masks...done (590429ms) 
     -computing association tests...done (78ms) 
     -computing joint association tests...done (0ms) 
 set [776/1049] : RYR3-DT - 5117 variants...
     -reading in genotypes, computing gene-based tests and building masks...done (3587ms) 
     -computing association tests...done (15ms) 
     -computing joint association tests...done (0ms) 
 set [777/1049] : SALRNA2 - 4902 variants...
     -reading in genotypes, computing gene-based tests and building masks...done (7040ms) 
     -computing association tests...done (11ms) 
     -computing joint association tests...done (0ms) 
 set [778/1049] : SALRNA3 - 5128 variants...
     -reading in genotypes, computing gene-based tests and building masks...done (4515ms) 
     -computing association tests...done (10ms) 
     -computing joint association tests...done (0ms) 
 set [779/1049] : SAXO2 - 8044 variants...
     -reading in genotypes, computing gene-based tests and building masks...done (14319ms) 
     -computing association tests...done (56ms) 
     -computing joint association tests...done (0ms) 
 set [780/1049] : SCAMP2 - 27512 variants...
     -reading in genotypes, computing gene-based tests and building masks...done (37559ms) 
     -computing association tests...done (53ms) 
     -computing joint association tests...done (0ms) 
 set [781/1049] : SCAMP5 - 21938 variants...
     -reading in genotypes, computing gene-based tests and building masks...done (19132ms) 
     -computing association tests...done (49ms) 
     -computing joint association tests...done (0ms) 
 set [782/1049] : SCAPER - 246790 variants...
     -reading in genotypes, computing gene-based tests and building masks...done (672625ms) 
     -computing association tests...done (28ms) 
     -computing joint association tests...done (0ms) 
 set [783/1049] : SCG3 - 21381 variants...
     -reading in genotypes, computing gene-based tests and building masks...done (24622ms) 
     -computing association tests...done (15ms) 
     -computing joint association tests...done (0ms) 
 set [784/1049] : SCG5 - 28516 variants...
     -reading in genotypes, computing gene-based tests and building masks...done (25996ms) 
     -computing association tests...done (22ms) 
     -computing joint association tests...done (0ms) 
 set [785/1049] : SEC11A - 24543 variants...
     -reading in genotypes, computing gene-based tests and building masks...done (33543ms) 
     -computing association tests...done (23ms) 
     -computing joint association tests...done (0ms) 
 set [786/1049] : SECISBP2L - 27441 variants...
     -reading in genotypes, computing gene-based tests and building masks...done (28746ms) 
     -computing association tests...done (49ms) 
     -computing joint association tests...done (0ms) 
 set [787/1049] : SELENOS - 7842 variants...
     -reading in genotypes, computing gene-based tests and building masks...done (6107ms) 
     -computing association tests...done (45ms) 
     -computing joint association tests...done (9ms) 
 set [788/1049] : SEMA4B - 32278 variants...
     -reading in genotypes, computing gene-based tests and building masks...done (33922ms) 
     -computing association tests...done (55ms) 
     -computing joint association tests...done (0ms) 
 set [789/1049] : SEMA6D - 212530 variants...
     -reading in genotypes, computing gene-based tests and building masks...done (354104ms) 
     -computing association tests...done (30ms) 
     -computing joint association tests...done (0ms) 
 set [790/1049] : SEMA7A - 14594 variants...
     -reading in genotypes, computing gene-based tests and building masks...done (10758ms) 
     -computing association tests...done (59ms) 
     -computing joint association tests...done (0ms) 
 set [791/1049] : SENP8 - 13884 variants...
     -reading in genotypes, computing gene-based tests and building masks...done (11294ms) 
     -computing association tests...done (52ms) 
     -computing joint association tests...done (0ms) 
 set [792/1049] : SEPHS1P2 - 302 variants...
     -reading in genotypes, computing gene-based tests and building masks...done (507ms) 
     -computing association tests...done (4ms) 
     -computing joint association tests...done (0ms) 
 set [793/1049] : SERF2 - 7236 variants...
     -reading in genotypes, computing gene-based tests and building masks...done (7082ms) 
     -computing association tests...done (44ms) 
     -computing joint association tests...done (0ms) 
 set [794/1049] : SH2D7 - 6581 variants...
     -reading in genotypes, computing gene-based tests and building masks...done (7275ms) 
     -computing association tests...done (21ms) 
     -computing joint association tests...done (0ms) 
 set [795/1049] : SH3GL3 - 75344 variants...
     -reading in genotypes, computing gene-based tests and building masks...done (86200ms) 
     -computing association tests...done (26ms) 
     -computing joint association tests...done (0ms) 
 set [796/1049] : SHC4 - 61353 variants...
     -reading in genotypes, computing gene-based tests and building masks...done (59708ms) 
     -computing association tests...done (27ms) 
     -computing joint association tests...done (0ms) 
 set [797/1049] : SHF - 9059 variants...
     -reading in genotypes, computing gene-based tests and building masks...done (7444ms) 
     -computing association tests...done (10ms) 
     -computing joint association tests...done (0ms) 
 set [798/1049] : SIN3A - 38143 variants...
     -reading in genotypes, computing gene-based tests and building masks...done (32721ms) 
     -computing association tests...done (51ms) 
     -computing joint association tests...done (0ms) 
 set [799/1049] : SKIC8 - 8179 variants...
     -reading in genotypes, computing gene-based tests and building masks...done (7306ms) 
     -computing association tests...done (14ms) 
     -computing joint association tests...done (0ms) 
 set [800/1049] : SKOR1 - 13001 variants...
     -reading in genotypes, computing gene-based tests and building masks...done (12029ms) 
     -computing association tests...done (12ms) 
     -computing joint association tests...done (0ms) 
 set [801/1049] : SKOR1-AS1 - 2276 variants...
     -reading in genotypes, computing gene-based tests and building masks...done (1874ms) 
     -computing association tests...done (9ms) 
     -computing joint association tests...done (0ms) 
 set [802/1049] : SLC12A1 - 56772 variants...
     -reading in genotypes, computing gene-based tests and building masks...done (70686ms) 
     -computing association tests...done (69ms) 
     -computing joint association tests...done (0ms) 
 set [803/1049] : SLC12A6 - 40910 variants...
     -reading in genotypes, computing gene-based tests and building masks...done (36744ms) 
     -computing association tests...done (46ms) 
     -computing joint association tests...done (0ms) 
 set [804/1049] : SLC20A1P3 - 1217 variants...
     -reading in genotypes, computing gene-based tests and building masks...done (1168ms) 
     -computing association tests...done (51ms) 
     -computing joint association tests...done (0ms) 
 set [805/1049] : SLC24A1 - 16721 variants...
     -reading in genotypes, computing gene-based tests and building masks...done (20654ms) 
     -computing association tests...done (46ms) 
     -computing joint association tests...done (0ms) 
 set [806/1049] : SLC24A5 - 12136 variants...
     -reading in genotypes, computing gene-based tests and building masks...done (9144ms) 
     -computing association tests...done (26ms) 
     -computing joint association tests...done (0ms) 
 set [807/1049] : SLC27A2 - 27625 variants...
     -reading in genotypes, computing gene-based tests and building masks...done (26999ms) 
     -computing association tests...done (14ms) 
     -computing joint association tests...done (0ms) 
 set [808/1049] : SLC28A1 - 39810 variants...
     -reading in genotypes, computing gene-based tests and building masks...done (49615ms) 
     -computing association tests...done (14ms) 
     -computing joint association tests...done (0ms) 
 set [809/1049] : SLC28A2 - 14720 variants...
     -reading in genotypes, computing gene-based tests and building masks...done (13701ms) 
     -computing association tests...done (50ms) 
     -computing joint association tests...done (0ms) 
 set [810/1049] : SLC28A2-AS1 - 9724 variants...
     -reading in genotypes, computing gene-based tests and building masks...done (7432ms) 
     -computing association tests...done (10ms) 
     -computing joint association tests...done (0ms) 
 set [811/1049] : SLC30A4 - 21534 variants...
     -reading in genotypes, computing gene-based tests and building masks...done (18099ms) 
     -computing association tests...done (64ms) 
     -computing joint association tests...done (0ms) 
 set [812/1049] : SLC30A4-AS1 - 1200 variants...
     -reading in genotypes, computing gene-based tests and building masks...done (1296ms) 
     -computing association tests...done (5ms) 
     -computing joint association tests...done (0ms) 
 set [813/1049] : SLC51B - 3199 variants...
     -reading in genotypes, computing gene-based tests and building masks...done (2949ms) 
     -computing association tests...done (45ms) 
     -computing joint association tests...done (0ms) 
 set [814/1049] : SLCO3A1 - 164155 variants...
     -reading in genotypes, computing gene-based tests and building masks...done (500802ms) 
     -computing association tests...done (74ms) 
     -computing joint association tests...done (0ms) 
 set [815/1049] : SLTM - 29395 variants...
     -reading in genotypes, computing gene-based tests and building masks...done (22748ms) 
     -computing association tests...done (15ms) 
     -computing joint association tests...done (0ms) 
 set [816/1049] : SMAD3 - 62268 variants...
     -reading in genotypes, computing gene-based tests and building masks...done (67761ms) 
     -computing association tests...done (23ms) 
     -computing joint association tests...done (0ms) 
 set [817/1049] : SMAD3-DT - 35115 variants...
     -reading in genotypes, computing gene-based tests and building masks...done (33988ms) 
     -computing association tests...done (14ms) 
     -computing joint association tests...done (0ms) 
 set [818/1049] : SMAD6 - 39943 variants...
     -reading in genotypes, computing gene-based tests and building masks...done (30870ms) 
     -computing association tests...done (14ms) 
     -computing joint association tests...done (0ms) 
 set [819/1049] : SMASR - 10658 variants...
     -reading in genotypes, computing gene-based tests and building masks...done (9276ms) 
     -computing association tests...done (19ms) 
     -computing joint association tests...done (0ms) 
 set [820/1049] : SNAP23 - 15702 variants...
     -reading in genotypes, computing gene-based tests and building masks...done (13681ms) 
     -computing association tests...done (12ms) 
     -computing joint association tests...done (0ms) 
 set [821/1049] : SNAPC5 - 2067 variants...
     -reading in genotypes, computing gene-based tests and building masks...done (3354ms) 
     -computing association tests...done (47ms) 
     -computing joint association tests...done (0ms) 
 set [822/1049] : SNHG14 - 91400 variants...
     -reading in genotypes, computing gene-based tests and building masks...done (105122ms) 
     -computing association tests...done (53ms) 
     -computing joint association tests...done (0ms) 
 set [823/1049] : SNORA63 - 523 variants...
     -reading in genotypes, computing gene-based tests and building masks...done (607ms) 
     -computing association tests...done (6ms) 
     -computing joint association tests...done (0ms) 
 set [824/1049] : SNORD109A - 4314 variants...
     -reading in genotypes, computing gene-based tests and building masks...done (3185ms) 
     -computing association tests...done (9ms) 
     -computing joint association tests...done (0ms) 
 set [825/1049] : SNORD109B - 19 variants...
     -reading in genotypes, computing gene-based tests and building masks...done (253ms) 
     -computing association tests...done (0ms) 
     -computing joint association tests...done (0ms) 
 set [826/1049] : SNORD115-10 - 47 variants...
     -reading in genotypes, computing gene-based tests and building masks...done (4025ms) 
     -computing association tests...done (0ms) 
     -computing joint association tests...done (0ms) 
 set [827/1049] : SNORD115-11 - 473 variants...
     -reading in genotypes, computing gene-based tests and building masks...done (625ms) 
     -computing association tests...done (5ms) 
     -computing joint association tests...done (0ms) 
 set [828/1049] : SNORD115-1 - 861 variants...
     -reading in genotypes, computing gene-based tests and building masks...done (980ms) 
     -computing association tests...done (6ms) 
     -computing joint association tests...done (0ms) 
 set [829/1049] : SNORD115-12 - 1048 variants...
     -reading in genotypes, computing gene-based tests and building masks...done (1235ms) 
     -computing association tests...done (11ms) 
     -computing joint association tests...done (0ms) 
 set [830/1049] : SNORD115-14 - 43 variants...
     -reading in genotypes, computing gene-based tests and building masks...done (185ms) 
     -computing association tests...done (0ms) 
     -computing joint association tests...done (0ms) 
 set [831/1049] : SNORD115-15 - 47 variants...
     -reading in genotypes, computing gene-based tests and building masks...done (621ms) 
     -computing association tests...done (4ms) 
     -computing joint association tests...done (0ms) 
 set [832/1049] : SNORD115 - 5332 variants...
     -reading in genotypes, computing gene-based tests and building masks...done (4041ms) 
     -computing association tests...done (9ms) 
     -computing joint association tests...done (0ms) 
 set [833/1049] : SNORD115-16 - 51 variants...
     -reading in genotypes, computing gene-based tests and building masks...done (484ms) 
     -computing association tests...done (0ms) 
     -computing joint association tests...done (0ms) 
 set [834/1049] : SNORD115-17 - 46 variants...
     -reading in genotypes, computing gene-based tests and building masks...done (803ms) 
     -computing association tests...done (1ms) 
     -computing joint association tests...done (0ms) 
 set [835/1049] : SNORD115-18 - 44 variants...
     -reading in genotypes, computing gene-based tests and building masks...done (648ms) 
     -computing association tests...done (1ms) 
     -computing joint association tests...done (0ms) 
 set [836/1049] : SNORD115-19 - 39 variants...
     -reading in genotypes, computing gene-based tests and building masks...done (389ms) 
     -computing association tests...done (0ms) 
     -computing joint association tests...done (0ms) 
 set [837/1049] : SNORD115-20 - 45 variants...
     -reading in genotypes, computing gene-based tests and building masks...done (406ms) 
     -computing association tests...done (46ms) 
     -computing joint association tests...done (0ms) 
 set [838/1049] : SNORD115-21 - 42 variants...
     -reading in genotypes, computing gene-based tests and building masks...done (316ms) 
     -computing association tests...done (3ms) 
     -computing joint association tests...done (0ms) 
 set [839/1049] : SNORD115-2 - 710 variants...
     -reading in genotypes, computing gene-based tests and building masks...done (6919ms) 
     -computing association tests...done (7ms) 
     -computing joint association tests...done (0ms) 
 set [840/1049] : SNORD115-22 - 33 variants...
     -reading in genotypes, computing gene-based tests and building masks...done (391ms) 
     -computing association tests...done (0ms) 
     -computing joint association tests...done (0ms) 
 set [841/1049] : SNORD115-23 - 33 variants...
     -reading in genotypes, computing gene-based tests and building masks...done (231ms) 
     -computing association tests...done (1ms) 
     -computing joint association tests...done (0ms) 
 set [842/1049] : SNORD115-24 - 52 variants...
     -reading in genotypes, computing gene-based tests and building masks...done (664ms) 
     -computing association tests...done (48ms) 
     -computing joint association tests...done (0ms) 
 set [843/1049] : SNORD115-25 - 54 variants...
     -reading in genotypes, computing gene-based tests and building masks...done (196ms) 
     -computing association tests...done (3ms) 
     -computing joint association tests...done (0ms) 
 set [844/1049] : SNORD115-26 - 52 variants...
     -reading in genotypes, computing gene-based tests and building masks...done (431ms) 
     -computing association tests...done (18ms) 
     -computing joint association tests...done (0ms) 
 set [845/1049] : SNORD115-27 - 42 variants...
     -reading in genotypes, computing gene-based tests and building masks...done (558ms) 
     -computing association tests...done (1ms) 
     -computing joint association tests...done (0ms) 
 set [846/1049] : SNORD115-28 - 40 variants...
     -reading in genotypes, computing gene-based tests and building masks...done (617ms) 
     -computing association tests...done (0ms) 
     -computing joint association tests...done (0ms) 
 set [847/1049] : SNORD115-29 - 76 variants...
     -reading in genotypes, computing gene-based tests and building masks...done (359ms) 
     -computing association tests...done (0ms) 
     -computing joint association tests...done (0ms) 
 set [848/1049] : SNORD115-30 - 54 variants...
     -reading in genotypes, computing gene-based tests and building masks...done (471ms) 
     -computing association tests...done (0ms) 
     -computing joint association tests...done (0ms) 
 set [849/1049] : SNORD115-31 - 34 variants...
     -reading in genotypes, computing gene-based tests and building masks...done (374ms) 
     -computing association tests...done (0ms) 
     -computing joint association tests...done (0ms) 
 set [850/1049] : SNORD115-3 - 162 variants...
     -reading in genotypes, computing gene-based tests and building masks...done (332ms) 
     -computing association tests...done (3ms) 
     -computing joint association tests...done (0ms) 
 set [851/1049] : SNORD115-32 - 41 variants...
     -reading in genotypes, computing gene-based tests and building masks...done (321ms) 
     -computing association tests...done (1ms) 
     -computing joint association tests...done (0ms) 
 set [852/1049] : SNORD115-33 - 43 variants...
     -reading in genotypes, computing gene-based tests and building masks...done (665ms) 
     -computing association tests...done (0ms) 
     -computing joint association tests...done (0ms) 
 set [853/1049] : SNORD115-34 - 50 variants...
     -reading in genotypes, computing gene-based tests and building masks...done (308ms) 
     -computing association tests...done (0ms) 
     -computing joint association tests...done (0ms) 
 set [854/1049] : SNORD115-35 - 39 variants...
     -reading in genotypes, computing gene-based tests and building masks...done (179ms) 
     -computing association tests...done (0ms) 
     -computing joint association tests...done (0ms) 
 set [855/1049] : SNORD115-36 - 43 variants...
     -reading in genotypes, computing gene-based tests and building masks...done (540ms) 
     -computing association tests...done (1ms) 
     -computing joint association tests...done (0ms) 
 set [856/1049] : SNORD115-37 - 35 variants...
     -reading in genotypes, computing gene-based tests and building masks...done (403ms) 
     -computing association tests...done (15ms) 
     -computing joint association tests...done (0ms) 
 set [857/1049] : SNORD115-38 - 44 variants...
     -reading in genotypes, computing gene-based tests and building masks...done (610ms) 
     -computing association tests...done (0ms) 
     -computing joint association tests...done (0ms) 
 set [858/1049] : SNORD115-39 - 37 variants...
     -reading in genotypes, computing gene-based tests and building masks...done (297ms) 
     -computing association tests...done (0ms) 
     -computing joint association tests...done (0ms) 
 set [859/1049] : SNORD115-40 - 50 variants...
     -reading in genotypes, computing gene-based tests and building masks...done (632ms) 
     -computing association tests...done (13ms) 
     -computing joint association tests...done (0ms) 
 set [860/1049] : SNORD115-41 - 40 variants...
     -reading in genotypes, computing gene-based tests and building masks...done (82ms) 
     -computing association tests...done (0ms) 
     -computing joint association tests...done (0ms) 
 set [861/1049] : SNORD115-4 - 41 variants...
     -reading in genotypes, computing gene-based tests and building masks...done (236ms) 
     -computing association tests...done (1ms) 
     -computing joint association tests...done (0ms) 
 set [862/1049] : SNORD115-42 - 49 variants...
     -reading in genotypes, computing gene-based tests and building masks...done (307ms) 
     -computing association tests...done (0ms) 
     -computing joint association tests...done (0ms) 
 set [863/1049] : SNORD115-43 - 46 variants...
     -reading in genotypes, computing gene-based tests and building masks...done (654ms) 
     -computing association tests...done (0ms) 
     -computing joint association tests...done (0ms) 
 set [864/1049] : SNORD115-44 - 40 variants...
     -reading in genotypes, computing gene-based tests and building masks...done (616ms) 
     -computing association tests...done (2ms) 
     -computing joint association tests...done (0ms) 
 set [865/1049] : SNORD115-45 - 30 variants...
     -reading in genotypes, computing gene-based tests and building masks...done (216ms) 
     -computing association tests...done (0ms) 
     -computing joint association tests...done (0ms) 
 set [866/1049] : SNORD115-46 - 12 variants...
     -reading in genotypes, computing gene-based tests and building masks...done (61ms) 
     -computing association tests...done (0ms) 
     -computing joint association tests...done (0ms) 
 set [867/1049] : SNORD115-47 - 42 variants...
     -reading in genotypes, computing gene-based tests and building masks...done (397ms) 
     -computing association tests...done (0ms) 
     -computing joint association tests...done (0ms) 
 set [868/1049] : SNORD115-48 - 29 variants...
     -reading in genotypes, computing gene-based tests and building masks...done (673ms) 
     -computing association tests...done (14ms) 
     -computing joint association tests...done (0ms) 
 set [869/1049] : SNORD115-5 - 2215 variants...
     -reading in genotypes, computing gene-based tests and building masks...done (1979ms) 
     -computing association tests...done (8ms) 
     -computing joint association tests...done (0ms) 
 set [870/1049] : SNORD115-6 - 376 variants...
     -reading in genotypes, computing gene-based tests and building masks...done (589ms) 
     -computing association tests...done (42ms) 
     -computing joint association tests...done (0ms) 
 set [871/1049] : SNORD115-7 - 39 variants...
     -reading in genotypes, computing gene-based tests and building masks...done (185ms) 
     -computing association tests...done (1ms) 
     -computing joint association tests...done (0ms) 
 set [872/1049] : SNORD115-8 - 765 variants...
     -reading in genotypes, computing gene-based tests and building masks...done (961ms) 
     -computing association tests...done (43ms) 
     -computing joint association tests...done (0ms) 
 set [873/1049] : SNORD115-9 - 3004 variants...
     -reading in genotypes, computing gene-based tests and building masks...done (2551ms) 
     -computing association tests...done (7ms) 
     -computing joint association tests...done (2ms) 
 set [874/1049] : SNORD116-10 - 2518 variants...
     -reading in genotypes, computing gene-based tests and building masks...done (1927ms) 
     -computing association tests...done (42ms) 
     -computing joint association tests...done (0ms) 
 set [875/1049] : SNORD116-11 - 826 variants...
     -reading in genotypes, computing gene-based tests and building masks...done (929ms) 
     -computing association tests...done (5ms) 
     -computing joint association tests...done (0ms) 
 set [876/1049] : SNORD116-1 - 2121 variants...
     -reading in genotypes, computing gene-based tests and building masks...done (1903ms) 
     -computing association tests...done (46ms) 
     -computing joint association tests...done (0ms) 
 set [877/1049] : SNORD116-12 - 66 variants...
     -reading in genotypes, computing gene-based tests and building masks...done (166ms) 
     -computing association tests...done (0ms) 
     -computing joint association tests...done (0ms) 
 set [878/1049] : SNORD116-13 - 36 variants...
     -reading in genotypes, computing gene-based tests and building masks...done (175ms) 
     -computing association tests...done (3ms) 
     -computing joint association tests...done (0ms) 
 set [879/1049] : SNORD116-14 - 1865 variants...
     -reading in genotypes, computing gene-based tests and building masks...done (1758ms) 
     -computing association tests...done (7ms) 
     -computing joint association tests...done (0ms) 
 set [880/1049] : SNORD116-15 - 50 variants...
     -reading in genotypes, computing gene-based tests and building masks...done (647ms) 
     -computing association tests...done (20ms) 
     -computing joint association tests...done (0ms) 
 set [881/1049] : SNORD116-16 - 43 variants...
     -reading in genotypes, computing gene-based tests and building masks...done (466ms) 
     -computing association tests...done (0ms) 
     -computing joint association tests...done (0ms) 
 set [882/1049] : SNORD116-17 - 1091 variants...
     -reading in genotypes, computing gene-based tests and building masks...done (1103ms) 
     -computing association tests...done (11ms) 
     -computing joint association tests...done (0ms) 
 set [883/1049] : SNORD116-18 - 46 variants...
     -reading in genotypes, computing gene-based tests and building masks...done (537ms) 
     -computing association tests...done (0ms) 
     -computing joint association tests...done (0ms) 
 set [884/1049] : SNORD116-19 - 49 variants...
     -reading in genotypes, computing gene-based tests and building masks...done (209ms) 
     -computing association tests...done (1ms) 
     -computing joint association tests...done (0ms) 
 set [885/1049] : SNORD116-2 - 2417 variants...
     -reading in genotypes, computing gene-based tests and building masks...done (1916ms) 
     -computing association tests...done (9ms) 
     -computing joint association tests...done (0ms) 
 set [886/1049] : SNORD116-22 - 538 variants...
     -reading in genotypes, computing gene-based tests and building masks...done (609ms) 
     -computing association tests...done (6ms) 
     -computing joint association tests...done (0ms) 
 set [887/1049] : SNORD116-23 - 31 variants...
     -reading in genotypes, computing gene-based tests and building masks...done (889ms) 
     -computing association tests...done (1ms) 
     -computing joint association tests...done (0ms) 
 set [888/1049] : SNORD116-24 - 786 variants...
     -reading in genotypes, computing gene-based tests and building masks...done (896ms) 
     -computing association tests...done (6ms) 
     -computing joint association tests...done (0ms) 
 set [889/1049] : SNORD116-25 - 35 variants...
     -reading in genotypes, computing gene-based tests and building masks...done (768ms) 
     -computing association tests...done (0ms) 
     -computing joint association tests...done (0ms) 
 set [890/1049] : SNORD116-26 - 44 variants...
     -reading in genotypes, computing gene-based tests and building masks...done (204ms) 
     -computing association tests...done (1ms) 
     -computing joint association tests...done (2ms) 
 set [891/1049] : SNORD116-27 - 42 variants...
     -reading in genotypes, computing gene-based tests and building masks...done (298ms) 
     -computing association tests...done (0ms) 
     -computing joint association tests...done (0ms) 
 set [892/1049] : SNORD116-28 - 43 variants...
     -reading in genotypes, computing gene-based tests and building masks...done (802ms) 
     -computing association tests...done (0ms) 
     -computing joint association tests...done (0ms) 
 set [893/1049] : SNORD116-29 - 4 variants...
     -reading in genotypes, computing gene-based tests and building masks...done (467ms) 
     -computing association tests...done (0ms) 
     -computing joint association tests...done (0ms) 
 set [894/1049] : SNORD116-30 - 403 variants...
     -reading in genotypes, computing gene-based tests and building masks...done (479ms) 
     -computing association tests...done (4ms) 
     -computing joint association tests...done (0ms) 
 set [895/1049] : SNORD116-3 - 169 variants...
     -reading in genotypes, computing gene-based tests and building masks...done (331ms) 
     -computing association tests...done (47ms) 
     -computing joint association tests...done (0ms) 
 set [896/1049] : SNORD116-4 - 2434 variants...
     -reading in genotypes, computing gene-based tests and building masks...done (2082ms) 
     -computing association tests...done (11ms) 
     -computing joint association tests...done (0ms) 
 set [897/1049] : SNORD116-5 - 262 variants...
     -reading in genotypes, computing gene-based tests and building masks...done (386ms) 
     -computing association tests...done (6ms) 
     -computing joint association tests...done (0ms) 
 set [898/1049] : SNORD116-6 - 2461 variants...
     -reading in genotypes, computing gene-based tests and building masks...done (1961ms) 
     -computing association tests...done (7ms) 
     -computing joint association tests...done (0ms) 
 set [899/1049] : SNORD116-7 - 204 variants...
     -reading in genotypes, computing gene-based tests and building masks...done (286ms) 
     -computing association tests...done (4ms) 
     -computing joint association tests...done (0ms) 
 set [900/1049] : SNORD116-8 - 1282 variants...
     -reading in genotypes, computing gene-based tests and building masks...done (1290ms) 
     -computing association tests...done (10ms) 
     -computing joint association tests...done (0ms) 
 set [901/1049] : SNORD116-9 - 513 variants...
     -reading in genotypes, computing gene-based tests and building masks...done (582ms) 
     -computing association tests...done (5ms) 
     -computing joint association tests...done (0ms) 
 set [902/1049] : SNRPA1 - 8971 variants...
     -reading in genotypes, computing gene-based tests and building masks...done (13071ms) 
     -computing association tests...done (15ms) 
     -computing joint association tests...done (0ms) 
 set [903/1049] : SNRPCP18 - 3694 variants...
     -reading in genotypes, computing gene-based tests and building masks...done (8622ms) 
     -computing association tests...done (9ms) 
     -computing joint association tests...done (0ms) 
 set [904/1049] : SNRPN - 69634 variants...
     -reading in genotypes, computing gene-based tests and building masks...done (98376ms) 
     -computing association tests...done (27ms) 
     -computing joint association tests...done (0ms) 
 set [905/1049] : SNUPN - 16411 variants...
     -reading in genotypes, computing gene-based tests and building masks...done (18900ms) 
     -computing association tests...done (46ms) 
     -computing joint association tests...done (0ms) 
 set [906/1049] : SNX1 - 22464 variants...
     -reading in genotypes, computing gene-based tests and building masks...done (20600ms) 
     -computing association tests...done (13ms) 
     -computing joint association tests...done (0ms) 
 set [907/1049] : SNX22 - 4911 variants...
     -reading in genotypes, computing gene-based tests and building masks...done (4653ms) 
     -computing association tests...done (59ms) 
     -computing joint association tests...done (0ms) 
 set [908/1049] : SNX33 - 9680 variants...
     -reading in genotypes, computing gene-based tests and building masks...done (8030ms) 
     -computing association tests...done (57ms) 
     -computing joint association tests...done (0ms) 
 set [909/1049] : SORD - 27647 variants...
     -reading in genotypes, computing gene-based tests and building masks...done (26953ms) 
     -computing association tests...done (45ms) 
     -computing joint association tests...done (0ms) 
 set [910/1049] : SORD2P - 29009 variants...
     -reading in genotypes, computing gene-based tests and building masks...done (27138ms) 
     -computing association tests...done (14ms) 
     -computing joint association tests...done (0ms) 
 set [911/1049] : SPATA31E2P - 5796 variants...
     -reading in genotypes, computing gene-based tests and building masks...done (25224ms) 
     -computing association tests...done (59ms) 
     -computing joint association tests...done (0ms) 
 set [912/1049] : SPATA31E3P - 5553 variants...
     -reading in genotypes, computing gene-based tests and building masks...done (9937ms) 
     -computing association tests...done (9ms) 
     -computing joint association tests...done (0ms) 
 set [913/1049] : SPATA41 - 15619 variants...
     -reading in genotypes, computing gene-based tests and building masks...done (11212ms) 
     -computing association tests...done (12ms) 
     -computing joint association tests...done (0ms) 
 set [914/1049] : SPATA8 - 331 variants...
     -reading in genotypes, computing gene-based tests and building masks...done (2268ms) 
     -computing association tests...done (3ms) 
     -computing joint association tests...done (0ms) 
 set [915/1049] : SPATA8-AS1 - 265 variants...
     -reading in genotypes, computing gene-based tests and building masks...done (927ms) 
     -computing association tests...done (2ms) 
     -computing joint association tests...done (0ms) 
 set [916/1049] : SPESP1 - 26113 variants...
     -reading in genotypes, computing gene-based tests and building masks...done (20840ms) 
     -computing association tests...done (43ms) 
     -computing joint association tests...done (0ms) 
 set [917/1049] : SPG11 - 41628 variants...
     -reading in genotypes, computing gene-based tests and building masks...done (39209ms) 
     -computing association tests...done (71ms) 
     -computing joint association tests...done (0ms) 
 set [918/1049] : SPG21 - 15740 variants...
     -reading in genotypes, computing gene-based tests and building masks...done (18300ms) 
     -computing association tests...done (60ms) 
     -computing joint association tests...done (0ms) 
 set [919/1049] : SPINT1 - 10635 variants...
     -reading in genotypes, computing gene-based tests and building masks...done (8927ms) 
     -computing association tests...done (55ms) 
     -computing joint association tests...done (0ms) 
 set [920/1049] : SPINT1-AS1 - 2448 variants...
     -reading in genotypes, computing gene-based tests and building masks...done (3740ms) 
     -computing association tests...done (63ms) 
     -computing joint association tests...done (0ms) 
 set [921/1049] : SPPL2A - 33061 variants...
     -reading in genotypes, computing gene-based tests and building masks...done (34135ms) 
     -computing association tests...done (53ms) 
     -computing joint association tests...done (0ms) 
 set [922/1049] : SPRED1 - 48221 variants...
     -reading in genotypes, computing gene-based tests and building masks...done (51224ms) 
     -computing association tests...done (50ms) 
     -computing joint association tests...done (0ms) 
 set [923/1049] : SPTBN5 - 25162 variants...
     -reading in genotypes, computing gene-based tests and building masks...done (19023ms) 
     -computing association tests...done (21ms) 
     -computing joint association tests...done (0ms) 
 set [924/1049] : SQOR - 32585 variants...
     -reading in genotypes, computing gene-based tests and building masks...done (29526ms) 
     -computing association tests...done (33ms) 
     -computing joint association tests...done (0ms) 
 set [925/1049] : SRP14 - 6051 variants...
     -reading in genotypes, computing gene-based tests and building masks...done (4959ms) 
     -computing association tests...done (47ms) 
     -computing joint association tests...done (0ms) 
 set [926/1049] : SRP14-DT - 13004 variants...
     -reading in genotypes, computing gene-based tests and building masks...done (12667ms) 
     -computing association tests...done (13ms) 
     -computing joint association tests...done (0ms) 
 set [927/1049] : ST20 - 13087 variants...
     -reading in genotypes, computing gene-based tests and building masks...done (11044ms) 
     -computing association tests...done (41ms) 
     -computing joint association tests...done (0ms) 
 set [928/1049] : ST20-AS1 - 1572 variants...
     -reading in genotypes, computing gene-based tests and building masks...done (1510ms) 
     -computing association tests...done (6ms) 
     -computing joint association tests...done (0ms) 
 set [929/1049] : ST8SIA2 - 34702 variants...
     -reading in genotypes, computing gene-based tests and building masks...done (33594ms) 
     -computing association tests...done (24ms) 
     -computing joint association tests...done (0ms) 
 set [930/1049] : STARD5 - 9805 variants...
     -reading in genotypes, computing gene-based tests and building masks...done (8762ms) 
     -computing association tests...done (42ms) 
     -computing joint association tests...done (0ms) 
 set [931/1049] : STARD9 - 72419 variants...
     -reading in genotypes, computing gene-based tests and building masks...done (82625ms) 
     -computing association tests...done (70ms) 
     -computing joint association tests...done (0ms) 
 set [932/1049] : STOML1 - 8578 variants...
     -reading in genotypes, computing gene-based tests and building masks...done (13680ms) 
     -computing association tests...done (10ms) 
     -computing joint association tests...done (0ms) 
 set [933/1049] : STRA6 - 16662 variants...
     -reading in genotypes, computing gene-based tests and building masks...done (12512ms) 
     -computing association tests...done (53ms) 
     -computing joint association tests...done (0ms) 
 set [934/1049] : STRC - 6164 variants...
     -reading in genotypes, computing gene-based tests and building masks...done (14464ms) 
     -computing association tests...done (12ms) 
     -computing joint association tests...done (0ms) 
 set [935/1049] : STRCP1 - 5734 variants...
     -reading in genotypes, computing gene-based tests and building masks...done (10864ms) 
     -computing association tests...done (49ms) 
     -computing joint association tests...done (0ms) 
 set [936/1049] : SV2B - 92675 variants...
     -reading in genotypes, computing gene-based tests and building masks...done (100766ms) 
     -computing association tests...done (64ms) 
     -computing joint association tests...done (0ms) 
 set [937/1049] : SYNGR2P1 - 344 variants...
     -reading in genotypes, computing gene-based tests and building masks...done (712ms) 
     -computing association tests...done (7ms) 
     -computing joint association tests...done (0ms) 
 set [938/1049] : SYNM - 24397 variants...
     -reading in genotypes, computing gene-based tests and building masks...done (27362ms) 
     -computing association tests...done (17ms) 
     -computing joint association tests...done (0ms) 
 set [939/1049] : SYNM-AS1 - 39772 variants...
     -reading in genotypes, computing gene-based tests and building masks...done (41581ms) 
     -computing association tests...done (19ms) 
     -computing joint association tests...done (0ms) 
 set [940/1049] : TARS3 - 35026 variants...
     -reading in genotypes, computing gene-based tests and building masks...done (43468ms) 
     -computing association tests...done (61ms) 
     -computing joint association tests...done (0ms) 
 set [941/1049] : TBC1D21 - 11427 variants...
     -reading in genotypes, computing gene-based tests and building masks...done (14246ms) 
     -computing association tests...done (14ms) 
     -computing joint association tests...done (11ms) 
 set [942/1049] : TBC1D2B - 42674 variants...
     -reading in genotypes, computing gene-based tests and building masks...done (118524ms) 
     -computing association tests...done (18ms) 
     -computing joint association tests...done (0ms) 
 set [943/1049] : TCF12 - 188004 variants...
     -reading in genotypes, computing gene-based tests and building masks...done (314295ms) 
     -computing association tests...done (66ms) 
     -computing joint association tests...done (0ms) 
 set [944/1049] : TCF12-DT - 43346 variants...
     -reading in genotypes, computing gene-based tests and building masks...done (40677ms) 
     -computing association tests...done (12ms) 
     -computing joint association tests...done (0ms) 
 set [945/1049] : TERB2 - 14171 variants...
     -reading in genotypes, computing gene-based tests and building masks...done (11563ms) 
     -computing association tests...done (13ms) 
     -computing joint association tests...done (0ms) 
 set [946/1049] : TEX9 - 62208 variants...
     -reading in genotypes, computing gene-based tests and building masks...done (55572ms) 
     -computing association tests...done (14ms) 
     -computing joint association tests...done (0ms) 
 set [947/1049] : TFDP1P3 - 5555 variants...
     -reading in genotypes, computing gene-based tests and building masks...done (9105ms) 
     -computing association tests...done (11ms) 
     -computing joint association tests...done (0ms) 
 set [948/1049] : TGM5 - 17098 variants...
     -reading in genotypes, computing gene-based tests and building masks...done (12697ms) 
     -computing association tests...done (15ms) 
     -computing joint association tests...done (0ms) 
 set [949/1049] : TGM7 - 15224 variants...
     -reading in genotypes, computing gene-based tests and building masks...done (13948ms) 
     -computing association tests...done (12ms) 
     -computing joint association tests...done (0ms) 
 set [950/1049] : THAP10 - 7561 variants...
     -reading in genotypes, computing gene-based tests and building masks...done (7309ms) 
     -computing association tests...done (12ms) 
     -computing joint association tests...done (0ms) 
 set [951/1049] : THBS1 - 8881 variants...
     -reading in genotypes, computing gene-based tests and building masks...done (8558ms) 
     -computing association tests...done (47ms) 
     -computing joint association tests...done (0ms) 
 set [952/1049] : THRAP3P2 - 4773 variants...
     -reading in genotypes, computing gene-based tests and building masks...done (3393ms) 
     -computing association tests...done (9ms) 
     -computing joint association tests...done (0ms) 
 set [953/1049] : THSD4 - 327909 variants...
     -reading in genotypes, computing gene-based tests and building masks...done (1137398ms) 
     -computing association tests...done (25ms) 
     -computing joint association tests...done (0ms) 
 set [954/1049] : TICRR - 24201 variants...
     -reading in genotypes, computing gene-based tests and building masks...done (25775ms) 
     -computing association tests...done (16ms) 
     -computing joint association tests...done (0ms) 
 set [955/1049] : TIPIN - 20266 variants...
     -reading in genotypes, computing gene-based tests and building masks...done (31657ms) 
     -computing association tests...done (14ms) 
     -computing joint association tests...done (0ms) 
 set [956/1049] : TJP1 - 102338 variants...
     -reading in genotypes, computing gene-based tests and building masks...done (133859ms) 
     -computing association tests...done (29ms) 
     -computing joint association tests...done (0ms) 
 set [957/1049] : TLE3 - 27663 variants...
     -reading in genotypes, computing gene-based tests and building masks...done (24790ms) 
     -computing association tests...done (12ms) 
     -computing joint association tests...done (0ms) 
 set [958/1049] : TLN2 - 219016 variants...
     -reading in genotypes, computing gene-based tests and building masks...done (444353ms) 
     -computing association tests...done (81ms) 
     -computing joint association tests...done (12ms) 
 set [959/1049] : TLNRD1 - 7432 variants...
     -reading in genotypes, computing gene-based tests and building masks...done (7152ms) 
     -computing association tests...done (57ms) 
     -computing joint association tests...done (0ms) 
 set [960/1049] : TM2D3 - 13851 variants...
     -reading in genotypes, computing gene-based tests and building masks...done (15824ms) 
     -computing association tests...done (62ms) 
     -computing joint association tests...done (0ms) 
 set [961/1049] : TM6SF1 - 10964 variants...
     -reading in genotypes, computing gene-based tests and building masks...done (12759ms) 
     -computing association tests...done (44ms) 
     -computing joint association tests...done (0ms) 
 set [962/1049] : TMC3 - 19489 variants...
     -reading in genotypes, computing gene-based tests and building masks...done (14427ms) 
     -computing association tests...done (61ms) 
     -computing joint association tests...done (0ms) 
 set [963/1049] : TMC3-AS1 - 16936 variants...
     -reading in genotypes, computing gene-based tests and building masks...done (12475ms) 
     -computing association tests...done (13ms) 
     -computing joint association tests...done (0ms) 
 set [964/1049] : TMCO5A - 17862 variants...
     -reading in genotypes, computing gene-based tests and building masks...done (13922ms) 
     -computing association tests...done (10ms) 
     -computing joint association tests...done (0ms) 
 set [965/1049] : TMCO5B - 5152 variants...
     -reading in genotypes, computing gene-based tests and building masks...done (4375ms) 
     -computing association tests...done (9ms) 
     -computing joint association tests...done (0ms) 
 set [966/1049] : TMED3 - 36714 variants...
     -reading in genotypes, computing gene-based tests and building masks...done (33518ms) 
     -computing association tests...done (50ms) 
     -computing joint association tests...done (0ms) 
 set [967/1049] : TMEM183AP3 - 4630 variants...
     -reading in genotypes, computing gene-based tests and building masks...done (3440ms) 
     -computing association tests...done (12ms) 
     -computing joint association tests...done (0ms) 
 set [968/1049] : TMEM202 - 8788 variants...
     -reading in genotypes, computing gene-based tests and building masks...done (7111ms) 
     -computing association tests...done (9ms) 
     -computing joint association tests...done (0ms) 
 set [969/1049] : TMEM202-AS1 - 25890 variants...
     -reading in genotypes, computing gene-based tests and building masks...done (34460ms) 
     -computing association tests...done (12ms) 
     -computing joint association tests...done (0ms) 
 set [970/1049] : TMEM266 - 68042 variants...
     -reading in genotypes, computing gene-based tests and building masks...done (63050ms) 
     -computing association tests...done (25ms) 
     -computing joint association tests...done (0ms) 
 set [971/1049] : TMEM62 - 21853 variants...
     -reading in genotypes, computing gene-based tests and building masks...done (16516ms) 
     -computing association tests...done (52ms) 
     -computing joint association tests...done (0ms) 
 set [972/1049] : TMEM87A - 22386 variants...
     -reading in genotypes, computing gene-based tests and building masks...done (20142ms) 
     -computing association tests...done (13ms) 
     -computing joint association tests...done (0ms) 
 set [973/1049] : TMOD2 - 30304 variants...
     -reading in genotypes, computing gene-based tests and building masks...done (25950ms) 
     -computing association tests...done (26ms) 
     -computing joint association tests...done (0ms) 
 set [974/1049] : TMOD3 - 41367 variants...
     -reading in genotypes, computing gene-based tests and building masks...done (33636ms) 
     -computing association tests...done (58ms) 
     -computing joint association tests...done (0ms) 
 set [975/1049] : TNFAIP8L3 - 18990 variants...
     -reading in genotypes, computing gene-based tests and building masks...done (17828ms) 
     -computing association tests...done (54ms) 
     -computing joint association tests...done (0ms) 
 set [976/1049] : TP53BP1 - 50278 variants...
     -reading in genotypes, computing gene-based tests and building masks...done (46689ms) 
     -computing association tests...done (73ms) 
     -computing joint association tests...done (0ms) 
 set [977/1049] : TPM1 - 14648 variants...
     -reading in genotypes, computing gene-based tests and building masks...done (11498ms) 
     -computing association tests...done (16ms) 
     -computing joint association tests...done (0ms) 
 set [978/1049] : TPM1-AS - 29776 variants...
     -reading in genotypes, computing gene-based tests and building masks...done (24661ms) 
     -computing association tests...done (13ms) 
     -computing joint association tests...done (0ms) 
 set [979/1049] : TRIM69 - 22463 variants...
     -reading in genotypes, computing gene-based tests and building masks...done (23708ms) 
     -computing association tests...done (56ms) 
     -computing joint association tests...done (0ms) 
 set [980/1049] : TRIP4 - 34694 variants...
     -reading in genotypes, computing gene-based tests and building masks...done (28659ms) 
     -computing association tests...done (13ms) 
     -computing joint association tests...done (0ms) 
 set [981/1049] : TRPM1 - 63875 variants...
     -reading in genotypes, computing gene-based tests and building masks...done (68260ms) 
     -computing association tests...done (67ms) 
     -computing joint association tests...done (0ms) 
 set [982/1049] : TRPM7 - 41665 variants...
     -reading in genotypes, computing gene-based tests and building masks...done (40884ms) 
     -computing association tests...done (73ms) 
     -computing joint association tests...done (0ms) 
 set [983/1049] : TSPAN3 - 31110 variants...
     -reading in genotypes, computing gene-based tests and building masks...done (76977ms) 
     -computing association tests...done (47ms) 
     -computing joint association tests...done (0ms) 
 set [984/1049] : TTBK2 - 79424 variants...
     -reading in genotypes, computing gene-based tests and building masks...done (92596ms) 
     -computing association tests...done (25ms) 
     -computing joint association tests...done (0ms) 
 set [985/1049] : TTC23 - 51222 variants...
     -reading in genotypes, computing gene-based tests and building masks...done (46079ms) 
     -computing association tests...done (33ms) 
     -computing joint association tests...done (0ms) 
 set [986/1049] : TTLL13 - 4904 variants...
     -reading in genotypes, computing gene-based tests and building masks...done (7457ms) 
     -computing association tests...done (10ms) 
     -computing joint association tests...done (0ms) 
 set [987/1049] : TUBAP11 - 1604 variants...
     -reading in genotypes, computing gene-based tests and building masks...done (4650ms) 
     -computing association tests...done (9ms) 
     -computing joint association tests...done (0ms) 
 set [988/1049] : TUBAP12 - 346 variants...
     -reading in genotypes, computing gene-based tests and building masks...done (431ms) 
     -computing association tests...done (2ms) 
     -computing joint association tests...done (0ms) 
 set [989/1049] : TUBBP8 - 3061 variants...
     -reading in genotypes, computing gene-based tests and building masks...done (2594ms) 
     -computing association tests...done (51ms) 
     -computing joint association tests...done (0ms) 
 set [990/1049] : TUBGCP4 - 11215 variants...
     -reading in genotypes, computing gene-based tests and building masks...done (17908ms) 
     -computing association tests...done (12ms) 
     -computing joint association tests...done (0ms) 
 set [991/1049] : TUBGCP5 - 28790 variants...
     -reading in genotypes, computing gene-based tests and building masks...done (32375ms) 
     -computing association tests...done (56ms) 
     -computing joint association tests...done (0ms) 
 set [992/1049] : TVP23BP1 - 2154 variants...
     -reading in genotypes, computing gene-based tests and building masks...done (1878ms) 
     -computing association tests...done (8ms) 
     -computing joint association tests...done (0ms) 
 set [993/1049] : TYRO3 - 15512 variants...
     -reading in genotypes, computing gene-based tests and building masks...done (11956ms) 
     -computing association tests...done (15ms) 
     -computing joint association tests...done (0ms) 
 set [994/1049] : U3 - 4031 variants...
     -reading in genotypes, computing gene-based tests and building masks...done (6549ms) 
     -computing association tests...done (12ms) 
     -computing joint association tests...done (0ms) 
 set [995/1049] : U6 - 4152 variants...
     -reading in genotypes, computing gene-based tests and building masks...done (13948ms) 
     -computing association tests...done (10ms) 
     -computing joint association tests...done (0ms) 
 set [996/1049] : U8 - 120 variants...
     -reading in genotypes, computing gene-based tests and building masks...done (271ms) 
     -computing association tests...done (5ms) 
     -computing joint association tests...done (0ms) 
 set [997/1049] : UACA - 54967 variants...
     -reading in genotypes, computing gene-based tests and building masks...done (86976ms) 
     -computing association tests...done (15ms) 
     -computing joint association tests...done (0ms) 
 set [998/1049] : UBAP1L - 12130 variants...
     -reading in genotypes, computing gene-based tests and building masks...done (10208ms) 
     -computing association tests...done (52ms) 
     -computing joint association tests...done (0ms) 
 set [999/1049] : UBE2CP4 - 13525 variants...
     -reading in genotypes, computing gene-based tests and building masks...done (13402ms) 
     -computing association tests...done (10ms) 
     -computing joint association tests...done (0ms) 
 set [1000/1049] : UBE2Q2 - 26123 variants...
     -reading in genotypes, computing gene-based tests and building masks...done (19543ms) 
     -computing association tests...done (68ms) 
     -computing joint association tests...done (0ms) 
 set [1001/1049] : UBE2Q2P11 - 69 variants...
     -reading in genotypes, computing gene-based tests and building masks...done (387ms) 
     -computing association tests...done (3ms) 
     -computing joint association tests...done (0ms) 
 set [1002/1049] : UBE2Q2P1 - 33205 variants...
     -reading in genotypes, computing gene-based tests and building masks...done (97493ms) 
     -computing association tests...done (14ms) 
     -computing joint association tests...done (0ms) 
 set [1003/1049] : UBE2Q2P13 - 11007 variants...
     -reading in genotypes, computing gene-based tests and building masks...done (13080ms) 
     -computing association tests...done (10ms) 
     -computing joint association tests...done (0ms) 
 set [1004/1049] : UBE2Q2P16 - 138 variants...
     -reading in genotypes, computing gene-based tests and building masks...done (2307ms) 
     -computing association tests...done (7ms) 
     -computing joint association tests...done (0ms) 
 set [1005/1049] : UBE2Q2P2 - 188 variants...
     -reading in genotypes, computing gene-based tests and building masks...done (11545ms) 
     -computing association tests...done (2ms) 
     -computing joint association tests...done (0ms) 
 set [1006/1049] : UBE2Q2P6 - 6 variants...
     -reading in genotypes, computing gene-based tests and building masks...done (4537ms) 
 set [1007/1049] : UBE2Q2P8 - 198 variants...
     -reading in genotypes, computing gene-based tests and building masks...done (12268ms) 
     -computing association tests...done (12ms) 
     -computing joint association tests...done (0ms) 
 set [1008/1049] : UBE3A - 53382 variants...
     -reading in genotypes, computing gene-based tests and building masks...done (55673ms) 
     -computing association tests...done (23ms) 
     -computing joint association tests...done (0ms) 
 set [1009/1049] : UBL7 - 9603 variants...
     -reading in genotypes, computing gene-based tests and building masks...done (7842ms) 
     -computing association tests...done (11ms) 
     -computing joint association tests...done (0ms) 
 set [1010/1049] : UBL7-DT - 15042 variants...
     -reading in genotypes, computing gene-based tests and building masks...done (11661ms) 
     -computing association tests...done (14ms) 
     -computing joint association tests...done (0ms) 
 set [1011/1049] : UBR1 - 70419 variants...
     -reading in genotypes, computing gene-based tests and building masks...done (66253ms) 
     -computing association tests...done (67ms) 
     -computing joint association tests...done (0ms) 
 set [1012/1049] : ULK3 - 909 variants...
     -reading in genotypes, computing gene-based tests and building masks...done (1580ms) 
     -computing association tests...done (16ms) 
     -computing joint association tests...done (0ms) 
 set [1013/1049] : ULK4P2 - 64 variants...
     -reading in genotypes, computing gene-based tests and building masks...done (6350ms) 
     -computing association tests...done (17ms) 
     -computing joint association tests...done (0ms) 
 set [1014/1049] : ULK4P3 - 55 variants...
     -reading in genotypes, computing gene-based tests and building masks...done (9614ms) 
     -computing association tests...done (1ms) 
     -computing joint association tests...done (0ms) 
 set [1015/1049] : UNC13C - 316992 variants...
     -reading in genotypes, computing gene-based tests and building masks...done (749850ms) 
     -computing association tests...done (27ms) 
     -computing joint association tests...done (0ms) 
 set [1016/1049] : UNC45A - 5708 variants...
     -reading in genotypes, computing gene-based tests and building masks...done (4823ms) 
     -computing association tests...done (12ms) 
     -computing joint association tests...done (0ms) 
 set [1017/1049] : USP3 - 42094 variants...
     -reading in genotypes, computing gene-based tests and building masks...done (37916ms) 
     -computing association tests...done (15ms) 
     -computing joint association tests...done (0ms) 
 set [1018/1049] : USP50 - 14921 variants...
     -reading in genotypes, computing gene-based tests and building masks...done (15514ms) 
     -computing association tests...done (12ms) 
     -computing joint association tests...done (0ms) 
 set [1019/1049] : USP8 - 47244 variants...
     -reading in genotypes, computing gene-based tests and building masks...done (45469ms) 
     -computing association tests...done (61ms) 
     -computing joint association tests...done (0ms) 
 set [1020/1049] : VPS13C - 100153 variants...
     -reading in genotypes, computing gene-based tests and building masks...done (99078ms) 
     -computing association tests...done (68ms) 
     -computing joint association tests...done (0ms) 
 set [1021/1049] : VPS18 - 8171 variants...
     -reading in genotypes, computing gene-based tests and building masks...done (7486ms) 
     -computing association tests...done (13ms) 
     -computing joint association tests...done (0ms) 
 set [1022/1049] : VPS33B - 16552 variants...
     -reading in genotypes, computing gene-based tests and building masks...done (13967ms) 
     -computing association tests...done (62ms) 
     -computing joint association tests...done (0ms) 
 set [1023/1049] : VPS33B-DT - 2749 variants...
     -reading in genotypes, computing gene-based tests and building masks...done (3858ms) 
     -computing association tests...done (10ms) 
     -computing joint association tests...done (0ms) 
 set [1024/1049] : VPS39 - 19670 variants...
     -reading in genotypes, computing gene-based tests and building masks...done (23254ms) 
     -computing association tests...done (49ms) 
     -computing joint association tests...done (0ms) 
 set [1025/1049] : WBP1LP5 - 5560 variants...
     -reading in genotypes, computing gene-based tests and building masks...done (7293ms) 
     -computing association tests...done (11ms) 
     -computing joint association tests...done (0ms) 
 set [1026/1049] : WDR72 - 115760 variants...
     -reading in genotypes, computing gene-based tests and building masks...done (122922ms) 
     -computing association tests...done (26ms) 
     -computing joint association tests...done (0ms) 
 set [1027/1049] : WDR73 - 9835 variants...
     -reading in genotypes, computing gene-based tests and building masks...done (12162ms) 
     -computing association tests...done (12ms) 
     -computing joint association tests...done (20ms) 
 set [1028/1049] : WDR76 - 22566 variants...
     -reading in genotypes, computing gene-based tests and building masks...done (18505ms) 
     -computing association tests...done (59ms) 
     -computing joint association tests...done (0ms) 
 set [1029/1049] : WDR93 - 19346 variants...
     -reading in genotypes, computing gene-based tests and building masks...done (14970ms) 
     -computing association tests...done (50ms) 
     -computing joint association tests...done (0ms) 
 set [1030/1049] : WHAMM - 16210 variants...
     -reading in genotypes, computing gene-based tests and building masks...done (15213ms) 
     -computing association tests...done (17ms) 
     -computing joint association tests...done (0ms) 
 set [1031/1049] : WHAMMP1 - 62 variants...
     -reading in genotypes, computing gene-based tests and building masks...done (2086ms) 
     -computing association tests...done (2ms) 
     -computing joint association tests...done (0ms) 
 set [1032/1049] : WHAMMP2 - 5502 variants...
     -reading in genotypes, computing gene-based tests and building masks...done (6155ms) 
     -computing association tests...done (17ms) 
     -computing joint association tests...done (0ms) 
 set [1033/1049] : WHAMMP3 - 455 variants...
     -reading in genotypes, computing gene-based tests and building masks...done (661ms) 
     -computing association tests...done (6ms) 
     -computing joint association tests...done (0ms) 
 set [1034/1049] : WHAMMP4 - 36986 variants...
     -reading in genotypes, computing gene-based tests and building masks...done (306044ms) 
     -computing association tests...done (44ms) 
     -computing joint association tests...done (0ms) 
 set [1035/1049] : Y_RNA - 3627 variants...
     -reading in genotypes, computing gene-based tests and building masks...done (12993ms) 
     -computing association tests...done (10ms) 
     -computing joint association tests...done (0ms) 
 set [1036/1049] : ZFAND6 - 40209 variants...
     -reading in genotypes, computing gene-based tests and building masks...done (35683ms) 
     -computing association tests...done (25ms) 
     -computing joint association tests...done (0ms) 
 set [1037/1049] : ZNF106 - 38371 variants...
     -reading in genotypes, computing gene-based tests and building masks...done (31710ms) 
     -computing association tests...done (46ms) 
     -computing joint association tests...done (0ms) 
 set [1038/1049] : ZNF280D - 53559 variants...
     -reading in genotypes, computing gene-based tests and building masks...done (151022ms) 
     -computing association tests...done (25ms) 
     -computing joint association tests...done (0ms) 
 set [1039/1049] : ZNF519P2 - 4341 variants...
     -reading in genotypes, computing gene-based tests and building masks...done (24467ms) 
     -computing association tests...done (48ms) 
     -computing joint association tests...done (0ms) 
 set [1040/1049] : ZNF519P3 - 8232 variants...
     -reading in genotypes, computing gene-based tests and building masks...done (46379ms) 
     -computing association tests...done (11ms) 
     -computing joint association tests...done (0ms) 
 set [1041/1049] : ZNF592 - 31257 variants...
     -reading in genotypes, computing gene-based tests and building masks...done (27846ms) 
     -computing association tests...done (14ms) 
     -computing joint association tests...done (0ms) 
 set [1042/1049] : ZNF609 - 105492 variants...
     -reading in genotypes, computing gene-based tests and building masks...done (135311ms) 
     -computing association tests...done (32ms) 
     -computing joint association tests...done (0ms) 
 set [1043/1049] : ZNF710 - 37599 variants...
     -reading in genotypes, computing gene-based tests and building masks...done (33309ms) 
     -computing association tests...done (56ms) 
     -computing joint association tests...done (0ms) 
 set [1044/1049] : ZNF770 - 7818 variants...
     -reading in genotypes, computing gene-based tests and building masks...done (9009ms) 
     -computing association tests...done (12ms) 
     -computing joint association tests...done (17ms) 
 set [1045/1049] : ZNF774 - 11880 variants...
     -reading in genotypes, computing gene-based tests and building masks...done (8601ms) 
     -computing association tests...done (13ms) 
     -computing joint association tests...done (0ms) 
 set [1046/1049] : ZSCAN2 - 14810 variants...
     -reading in genotypes, computing gene-based tests and building masks...done (11846ms) 
     -computing association tests...done (45ms) 
     -computing joint association tests...done (0ms) 
 set [1047/1049] : ZSCAN29 - 6987 variants...
     -reading in genotypes, computing gene-based tests and building masks...done (10988ms) 
     -computing association tests...done (12ms) 
     -computing joint association tests...done (0ms) 
 set [1048/1049] : ZSCAN2-AS1 - 4188 variants...
     -reading in genotypes, computing gene-based tests and building masks...done (4458ms) 
     -computing association tests...done (11ms) 
     -computing joint association tests...done (0ms) 
 set [1049/1049] : ZWILCH - 22423 variants...
     -reading in genotypes, computing gene-based tests and building masks...done (29682ms) 
     -computing association tests...done (64ms) 
     -computing joint association tests...done (0ms) 

Association results stored separately for each trait in files : 
* [/share/home/lsy_luzhen/WGS_GWAS_and_MR/tmp_ssh_data/GWAS_european/gene_based/testing_results/step2_gb_euro_cin3plus_chr15_CIN3plus.regenie]

Number of tests with Firth correction : 1312
Number of failed tests : (0/1312)
Number of ignored tests due to low MAC : 0

Elapsed time : 51893.6s
End time: Sun Sep  7 22:24:43 2025

--------done
end at:
Sun Sep  7 22:24:55 CST 2025
