start at:
Fri Sep  5 20:31:04 CST 2025
This directory already exists.
regenie version:
v4.1.gz
--------start
Start time: Fri Sep  5 20:31:10 2025

              |===========================|
              |      REGENIE v4.1.gz      |
              |===========================|

Copyright (c) 2020-2024 Joelle Mbatchou, Andrey Ziyatdinov and Jonathan Marchini.
Distributed under the MIT License.
Compiled with Boost Iostream library.
Using Intel MKL with Eigen.

Log of output saved in file : /share/home/lsy_luzhen/WGS_GWAS_and_MR/tmp_ssh_data/GWAS_european/gene_based/testing_results/step2_gb_euro_cin3plus_chr20.log

Options in effect:
  --step 2 \
  --pgen /share/home/lsy_luzhen/WGS_GWAS_and_MR/tmp_ssh_data/GWAS_european/gene_based/EuroPrePCA_ref38_rsID \
  --chr 20 \
  --phenoFile /share/home/lsy_luzhen/WGS_GWAS_and_MR/tmp_ssh_data/GWAS_european/T002_CIN3plus_phenotype.txt \
  --bt \
  --covarFile /share/home/lsy_luzhen/WGS_GWAS_and_MR/tmp_ssh_data/GWAS_european/T002_CIN3plus_covars.txt \
  --catCovarList Smoking_status,Alcohol_intake_frequency,Genotype_measurement_batch \
  --strict \
  --bsize 1000 \
  --firth \
  --approx \
  --threads 16 \
  --pred /share/home/lsy_luzhen/WGS_GWAS_and_MR/tmp_ssh_data/GWAS_european/step1/regenie_step1_euro_cin3plus_pred.list \
  --use-null-firth /share/home/lsy_luzhen/WGS_GWAS_and_MR/tmp_ssh_data/GWAS_european/step1/regenie_step1_euro_cin3plus_firth.list \
  --anno-file /share/home/lsy_luzhen/WGS_GWAS_and_MR/tmp_ssh_data/GWAS_european/gene_based/anno_file_unique_filtered.txt \
  --set-list /share/home/lsy_luzhen/WGS_GWAS_and_MR/tmp_ssh_data/GWAS_european/gene_based/set_list_unique_filtered.txt \
  --mask-def /share/home/lsy_luzhen/WGS_GWAS_and_MR/tmp_ssh_data/GWAS_european/gene_based/mask_file.txt \
  --aaf-bins 0.001,0.01,0.05,0.1 \
  --vc-MACthr 10 \
  --joint acat,sbat \
  --vc-tests skato,acato-full \
  --rgc-gene-p \
  --out /share/home/lsy_luzhen/WGS_GWAS_and_MR/tmp_ssh_data/GWAS_european/gene_based/testing_results/step2_gb_euro_cin3plus_chr20

Association testing mode (joint tests) with fast multithreading using OpenMP
 * pvar             : [/share/home/lsy_luzhen/WGS_GWAS_and_MR/tmp_ssh_data/GWAS_european/gene_based/EuroPrePCA_ref38_rsID.pvar] n_snps = 1400147917
 * psam             : [/share/home/lsy_luzhen/WGS_GWAS_and_MR/tmp_ssh_data/GWAS_european/gene_based/EuroPrePCA_ref38_rsID.psam] n_samples = 202952
 * pgen             : [/share/home/lsy_luzhen/WGS_GWAS_and_MR/tmp_ssh_data/GWAS_european/gene_based/EuroPrePCA_ref38_rsID.pgen] 
 * phenotypes       : [/share/home/lsy_luzhen/WGS_GWAS_and_MR/tmp_ssh_data/GWAS_european/T002_CIN3plus_phenotype.txt] n_pheno = 1
   -dropping observations with missing values at any of the phenotypes
   -number of phenotyped individuals with no missing data = 202952
 * covariates       : [/share/home/lsy_luzhen/WGS_GWAS_and_MR/tmp_ssh_data/GWAS_european/T002_CIN3plus_covars.txt] n_cov = 26
   -number of individuals with covariate data = 202952
 * number of individuals used in analysis = 202952
 * case-control counts for each trait:
   - 'CIN3plus': 5544 cases and 197408 controls
 * LOCO predictions : [/share/home/lsy_luzhen/WGS_GWAS_and_MR/tmp_ssh_data/GWAS_european/step1/regenie_step1_euro_cin3plus_pred.list]
   -file [/share/home/lsy_luzhen/WGS_GWAS_and_MR/tmp_ssh_data/GWAS_european/step1/regenie_step1_euro_cin3plus_1.loco] for phenotype 'CIN3plus'
 * annotations      : [/share/home/lsy_luzhen/WGS_GWAS_and_MR/tmp_ssh_data/GWAS_european/gene_based/anno_file_unique_filtered.txt] 
   +number of annotations categories = 6
 * masks            : [/share/home/lsy_luzhen/WGS_GWAS_and_MR/tmp_ssh_data/GWAS_european/gene_based/mask_file.txt] n_masks = 7
 * aaf cutoffs      : [ 4 : 0.001 0.01 0.05 0.1 ] + singletons
 * set file         : [/share/home/lsy_luzhen/WGS_GWAS_and_MR/tmp_ssh_data/GWAS_european/gene_based/set_list_unique_filtered.txt] n_sets = 847
WARNING: Detected 19 sets with variants not in genetic data or annotation files.
 * # threads        : [16]
 * # tested sets    : [847]
 * max block size   : [1000]
 * rule used to build masks : max
 * computing gene-based tests for each set of variants included in a mask (rho=[0,0.01,0.04,0.09,0.16,0.25,0.5,1])
  -variants with MAC <= 10 are collapsed into a mask
  -weights are obtained from Beta(MAF,1,25)
  -list of gene-based tests run: ACATO,ACATV,SKATO,SKATO-ACAT
 * applying ACAT to output overall gene p-value
 * approximate memory usage : 12176GB
 * using minimum MAC of 5 (masks with lower MAC are ignored)
 * using fast Firth correction for logistic/cox regression p-values less than 0.05
 * user specified to test only on select chromosomes
WARNING: Joint SBAT test only for QTs.
 * number of mask groups run through gene-p strategy = 2
 * list of joint tests run on burden masks: ACAT

Chromosome 20 [847 sets in total]
   -reading loco predictions for the chromosome...done (6411ms) 
   -fitting null logistic regression on binary phenotypes...done (62178ms) 
   -fitting null Firth logistic regression on binary phenotypes...done (21044ms) 
 set [1/847] : 5_8S_rRNA - 19934 variants...
     -reading in genotypes, computing gene-based tests and building masks...done (77991ms) 
     -computing association tests...done (18ms) 
     -computing joint association tests...done (0ms) 
 set [2/847] : AAR2 - 13819 variants...
     -reading in genotypes, computing gene-based tests and building masks...done (25763ms) 
     -computing association tests...done (21ms) 
     -computing joint association tests...done (0ms) 
 set [3/847] : ABALON - 190 variants...
     -reading in genotypes, computing gene-based tests and building masks...done (902ms) 
     -computing association tests...done (2ms) 
     -computing joint association tests...done (0ms) 
 set [4/847] : ABHD12 - 48118 variants...
     -reading in genotypes, computing gene-based tests and building masks...done (110490ms) 
     -computing association tests...done (20ms) 
     -computing joint association tests...done (0ms) 
 set [5/847] : ABHD16B - 6201 variants...
     -reading in genotypes, computing gene-based tests and building masks...done (10142ms) 
     -computing association tests...done (106ms) 
     -computing joint association tests...done (0ms) 
 set [6/847] : ACOT8 - 8522 variants...
     -reading in genotypes, computing gene-based tests and building masks...done (16248ms) 
     -computing association tests...done (139ms) 
     -computing joint association tests...done (0ms) 
 set [7/847] : ACSS1 - 25577 variants...
     -reading in genotypes, computing gene-based tests and building masks...done (40633ms) 
     -computing association tests...done (24ms) 
     -computing joint association tests...done (0ms) 
 set [8/847] : ACSS2 - 17202 variants...
     -reading in genotypes, computing gene-based tests and building masks...done (31696ms) 
     -computing association tests...done (23ms) 
     -computing joint association tests...done (0ms) 
 set [9/847] : ACTL10 - 611 variants...
     -reading in genotypes, computing gene-based tests and building masks...done (2628ms) 
     -computing association tests...done (2ms) 
     -computing joint association tests...done (0ms) 
 set [10/847] : ACTR5 - 14003 variants...
     -reading in genotypes, computing gene-based tests and building masks...done (22961ms) 
     -computing association tests...done (79ms) 
     -computing joint association tests...done (0ms) 
 set [11/847] : ADA - 13378 variants...
     -reading in genotypes, computing gene-based tests and building masks...done (20921ms) 
     -computing association tests...done (21ms) 
     -computing joint association tests...done (0ms) 
 set [12/847] : ADAM33 - 6666 variants...
     -reading in genotypes, computing gene-based tests and building masks...done (10185ms) 
     -computing association tests...done (107ms) 
     -computing joint association tests...done (0ms) 
 set [13/847] : ADI1P1 - 4245 variants...
     -reading in genotypes, computing gene-based tests and building masks...done (6423ms) 
     -computing association tests...done (113ms) 
     -computing joint association tests...done (0ms) 
 set [14/847] : ADIG - 7176 variants...
     -reading in genotypes, computing gene-based tests and building masks...done (16394ms) 
     -computing association tests...done (46ms) 
     -computing joint association tests...done (0ms) 
 set [15/847] : ADISSP - 8507 variants...
     -reading in genotypes, computing gene-based tests and building masks...done (14712ms) 
     -computing association tests...done (17ms) 
     -computing joint association tests...done (0ms) 
 set [16/847] : ADNP - 23366 variants...
     -reading in genotypes, computing gene-based tests and building masks...done (44883ms) 
     -computing association tests...done (22ms) 
     -computing joint association tests...done (0ms) 
 set [17/847] : ADRA1D - 17750 variants...
     -reading in genotypes, computing gene-based tests and building masks...done (37598ms) 
     -computing association tests...done (21ms) 
     -computing joint association tests...done (0ms) 
 set [18/847] : ADRM1 - 5919 variants...
     -reading in genotypes, computing gene-based tests and building masks...done (9656ms) 
     -computing association tests...done (145ms) 
     -computing joint association tests...done (0ms) 
 set [19/847] : AGGF1P10 - 1267 variants...
     -reading in genotypes, computing gene-based tests and building masks...done (5590ms) 
     -computing association tests...done (9ms) 
     -computing joint association tests...done (0ms) 
 set [20/847] : AHCY - 13904 variants...
     -reading in genotypes, computing gene-based tests and building masks...done (22934ms) 
     -computing association tests...done (24ms) 
     -computing joint association tests...done (0ms) 
 set [21/847] : ANAPC13P1 - 106 variants...
     -reading in genotypes, computing gene-based tests and building masks...done (535ms) 
     -computing association tests...done (1ms) 
     -computing joint association tests...done (0ms) 
 set [22/847] : ANGPT4 - 25331 variants...
     -reading in genotypes, computing gene-based tests and building masks...done (45231ms) 
     -computing association tests...done (19ms) 
     -computing joint association tests...done (0ms) 
 set [23/847] : ANKEF1 - 15461 variants...
     -reading in genotypes, computing gene-based tests and building masks...done (28060ms) 
     -computing association tests...done (79ms) 
     -computing joint association tests...done (0ms) 
 set [24/847] : ANKRD20A21P - 47734 variants...
     -reading in genotypes, computing gene-based tests and building masks...done (97935ms) 
     -computing association tests...done (20ms) 
     -computing joint association tests...done (0ms) 
 set [25/847] : ANKRD60 - 9671 variants...
     -reading in genotypes, computing gene-based tests and building masks...done (15248ms) 
     -computing association tests...done (23ms) 
     -computing joint association tests...done (0ms) 
 set [26/847] : AP5S1 - 9633 variants...
     -reading in genotypes, computing gene-based tests and building masks...done (17134ms) 
     -computing association tests...done (17ms) 
     -computing joint association tests...done (0ms) 
 set [27/847] : APCDD1L - 29500 variants...
     -reading in genotypes, computing gene-based tests and building masks...done (45922ms) 
     -computing association tests...done (105ms) 
     -computing joint association tests...done (0ms) 
 set [28/847] : APCDD1L-DT - 37343 variants...
     -reading in genotypes, computing gene-based tests and building masks...done (69584ms) 
     -computing association tests...done (18ms) 
     -computing joint association tests...done (0ms) 
 set [29/847] : APMAP - 15761 variants...
     -reading in genotypes, computing gene-based tests and building masks...done (29146ms) 
     -computing association tests...done (125ms) 
     -computing joint association tests...done (0ms) 
 set [30/847] : ARF4P2 - 149 variants...
     -reading in genotypes, computing gene-based tests and building masks...done (1380ms) 
     -computing association tests...done (1ms) 
     -computing joint association tests...done (0ms) 
 set [31/847] : ARFGAP1 - 16386 variants...
     -reading in genotypes, computing gene-based tests and building masks...done (29348ms) 
     -computing association tests...done (90ms) 
     -computing joint association tests...done (0ms) 
 set [32/847] : ARFGEF2 - 55094 variants...
     -reading in genotypes, computing gene-based tests and building masks...done (113165ms) 
     -computing association tests...done (82ms) 
     -computing joint association tests...done (0ms) 
 set [33/847] : ARFRP1 - 5797 variants...
     -reading in genotypes, computing gene-based tests and building masks...done (11978ms) 
     -computing association tests...done (15ms) 
     -computing joint association tests...done (0ms) 
 set [34/847] : ARHGAP40 - 27357 variants...
     -reading in genotypes, computing gene-based tests and building masks...done (47583ms) 
     -computing association tests...done (124ms) 
     -computing joint association tests...done (0ms) 
 set [35/847] : ASIP - 27221 variants...
     -reading in genotypes, computing gene-based tests and building masks...done (92658ms) 
     -computing association tests...done (18ms) 
     -computing joint association tests...done (0ms) 
 set [36/847] : ASXL1 - 41068 variants...
     -reading in genotypes, computing gene-based tests and building masks...done (71247ms) 
     -computing association tests...done (96ms) 
     -computing joint association tests...done (0ms) 
 set [37/847] : ATG3P1 - 326 variants...
     -reading in genotypes, computing gene-based tests and building masks...done (3728ms) 
     -computing association tests...done (1ms) 
     -computing joint association tests...done (0ms) 
 set [38/847] : ATP5F1E - 3027 variants...
     -reading in genotypes, computing gene-based tests and building masks...done (8113ms) 
     -computing association tests...done (75ms) 
     -computing joint association tests...done (0ms) 
 set [39/847] : ATP5MFP7 - 403 variants...
     -reading in genotypes, computing gene-based tests and building masks...done (6665ms) 
     -computing association tests...done (91ms) 
     -computing joint association tests...done (0ms) 
 set [40/847] : ATP9A - 89129 variants...
     -reading in genotypes, computing gene-based tests and building masks...done (263428ms) 
     -computing association tests...done (138ms) 
     -computing joint association tests...done (0ms) 
 set [41/847] : ATRN - 78338 variants...
     -reading in genotypes, computing gene-based tests and building masks...done (185569ms) 
     -computing association tests...done (83ms) 
     -computing joint association tests...done (0ms) 
 set [42/847] : AURKA - 9315 variants...
     -reading in genotypes, computing gene-based tests and building masks...done (29255ms) 
     -computing association tests...done (86ms) 
     -computing joint association tests...done (0ms) 
 set [43/847] : AVP - 5853 variants...
     -reading in genotypes, computing gene-based tests and building masks...done (11334ms) 
     -computing association tests...done (16ms) 
     -computing joint association tests...done (0ms) 
 set [44/847] : B4GALT5 - 39073 variants...
     -reading in genotypes, computing gene-based tests and building masks...done (77068ms) 
     -computing association tests...done (20ms) 
     -computing joint association tests...done (0ms) 
 set [45/847] : BAK1P1 - 4467 variants...
     -reading in genotypes, computing gene-based tests and building masks...done (6802ms) 
     -computing association tests...done (15ms) 
     -computing joint association tests...done (0ms) 
 set [46/847] : BANF2 - 21203 variants...
     -reading in genotypes, computing gene-based tests and building masks...done (36212ms) 
     -computing association tests...done (21ms) 
     -computing joint association tests...done (0ms) 
 set [47/847] : BCAS1 - 53405 variants...
     -reading in genotypes, computing gene-based tests and building masks...done (90449ms) 
     -computing association tests...done (81ms) 
     -computing joint association tests...done (0ms) 
 set [48/847] : BCAS4 - 41630 variants...
     -reading in genotypes, computing gene-based tests and building masks...done (81736ms) 
     -computing association tests...done (18ms) 
     -computing joint association tests...done (0ms) 
 set [49/847] : BCL2L1 - 34062 variants...
     -reading in genotypes, computing gene-based tests and building masks...done (69586ms) 
     -computing association tests...done (30ms) 
     -computing joint association tests...done (0ms) 
 set [50/847] : BETALINC1 - 7429 variants...
     -reading in genotypes, computing gene-based tests and building masks...done (24774ms) 
     -computing association tests...done (16ms) 
     -computing joint association tests...done (0ms) 
 set [51/847] : BFSP1 - 29823 variants...
     -reading in genotypes, computing gene-based tests and building masks...done (54751ms) 
     -computing association tests...done (91ms) 
     -computing joint association tests...done (0ms) 
 set [52/847] : BHLHE23 - 5618 variants...
     -reading in genotypes, computing gene-based tests and building masks...done (10641ms) 
     -computing association tests...done (17ms) 
     -computing joint association tests...done (0ms) 
 set [53/847] : BIRC7 - 6867 variants...
     -reading in genotypes, computing gene-based tests and building masks...done (14021ms) 
     -computing association tests...done (15ms) 
     -computing joint association tests...done (0ms) 
 set [54/847] : BLCAP - 18502 variants...
     -reading in genotypes, computing gene-based tests and building masks...done (35846ms) 
     -computing association tests...done (19ms) 
     -computing joint association tests...done (0ms) 
 set [55/847] : BMP2 - 9624 variants...
     -reading in genotypes, computing gene-based tests and building masks...done (14323ms) 
     -computing association tests...done (84ms) 
     -computing joint association tests...done (0ms) 
 set [56/847] : BMP7 - 45465 variants...
     -reading in genotypes, computing gene-based tests and building masks...done (80345ms) 
     -computing association tests...done (18ms) 
     -computing joint association tests...done (0ms) 
 set [57/847] : BPI - 20176 variants...
     -reading in genotypes, computing gene-based tests and building masks...done (42965ms) 
     -computing association tests...done (25ms) 
     -computing joint association tests...done (0ms) 
 set [58/847] : BPIFA1 - 7680 variants...
     -reading in genotypes, computing gene-based tests and building masks...done (12345ms) 
     -computing association tests...done (89ms) 
     -computing joint association tests...done (0ms) 
 set [59/847] : BPIFA2 - 9837 variants...
     -reading in genotypes, computing gene-based tests and building masks...done (14396ms) 
     -computing association tests...done (20ms) 
     -computing joint association tests...done (0ms) 
 set [60/847] : BPIFA3 - 7633 variants...
     -reading in genotypes, computing gene-based tests and building masks...done (12898ms) 
     -computing association tests...done (75ms) 
     -computing joint association tests...done (0ms) 
 set [61/847] : BPIFA4P - 9567 variants...
     -reading in genotypes, computing gene-based tests and building masks...done (13887ms) 
     -computing association tests...done (132ms) 
     -computing joint association tests...done (0ms) 
 set [62/847] : BPIFB1 - 15516 variants...
     -reading in genotypes, computing gene-based tests and building masks...done (32452ms) 
     -computing association tests...done (77ms) 
     -computing joint association tests...done (0ms) 
 set [63/847] : BPIFB2 - 9973 variants...
     -reading in genotypes, computing gene-based tests and building masks...done (16231ms) 
     -computing association tests...done (18ms) 
     -computing joint association tests...done (0ms) 
 set [64/847] : BPIFB3 - 13953 variants...
     -reading in genotypes, computing gene-based tests and building masks...done (23547ms) 
     -computing association tests...done (23ms) 
     -computing joint association tests...done (0ms) 
 set [65/847] : BPIFB4 - 16267 variants...
     -reading in genotypes, computing gene-based tests and building masks...done (33258ms) 
     -computing association tests...done (92ms) 
     -computing joint association tests...done (0ms) 
 set [66/847] : BPIFB5P - 8209 variants...
     -reading in genotypes, computing gene-based tests and building masks...done (11846ms) 
     -computing association tests...done (18ms) 
     -computing joint association tests...done (0ms) 
 set [67/847] : BPIFB6 - 9644 variants...
     -reading in genotypes, computing gene-based tests and building masks...done (13934ms) 
     -computing association tests...done (19ms) 
     -computing joint association tests...done (0ms) 
 set [68/847] : BPIFB9P - 1394 variants...
     -reading in genotypes, computing gene-based tests and building masks...done (2458ms) 
     -computing association tests...done (78ms) 
     -computing joint association tests...done (0ms) 
 set [69/847] : BSNDP1 - 118 variants...
     -reading in genotypes, computing gene-based tests and building masks...done (3415ms) 
     -computing association tests...done (12ms) 
     -computing joint association tests...done (0ms) 
 set [70/847] : BSNDP2 - 176 variants...
     -reading in genotypes, computing gene-based tests and building masks...done (5608ms) 
     -computing association tests...done (1ms) 
     -computing joint association tests...done (0ms) 
 set [71/847] : BSNDP3 - 47 variants...
     -reading in genotypes, computing gene-based tests and building masks...done (1554ms) 
     -computing association tests...done (14ms) 
     -computing joint association tests...done (0ms) 
 set [72/847] : BTBD3 - 15679 variants...
     -reading in genotypes, computing gene-based tests and building masks...done (27457ms) 
     -computing association tests...done (19ms) 
     -computing joint association tests...done (0ms) 
 set [73/847] : BTBD3-AS1 - 4891 variants...
     -reading in genotypes, computing gene-based tests and building masks...done (8613ms) 
     -computing association tests...done (16ms) 
     -computing joint association tests...done (0ms) 
 set [74/847] : C20orf141 - 3973 variants...
     -reading in genotypes, computing gene-based tests and building masks...done (9622ms) 
     -computing association tests...done (80ms) 
     -computing joint association tests...done (0ms) 
 set [75/847] : C20orf144 - 5262 variants...
     -reading in genotypes, computing gene-based tests and building masks...done (9361ms) 
     -computing association tests...done (84ms) 
     -computing joint association tests...done (0ms) 
 set [76/847] : C20orf173 - 4589 variants...
     -reading in genotypes, computing gene-based tests and building masks...done (11985ms) 
     -computing association tests...done (132ms) 
     -computing joint association tests...done (0ms) 
 set [77/847] : C20orf181 - 5383 variants...
     -reading in genotypes, computing gene-based tests and building masks...done (8316ms) 
     -computing association tests...done (15ms) 
     -computing joint association tests...done (0ms) 
 set [78/847] : C20orf202 - 5967 variants...
     -reading in genotypes, computing gene-based tests and building masks...done (19201ms) 
     -computing association tests...done (19ms) 
     -computing joint association tests...done (0ms) 
 set [79/847] : C20orf203 - 22791 variants...
     -reading in genotypes, computing gene-based tests and building masks...done (39359ms) 
     -computing association tests...done (122ms) 
     -computing joint association tests...done (0ms) 
 set [80/847] : C20orf204 - 2267 variants...
     -reading in genotypes, computing gene-based tests and building masks...done (7112ms) 
     -computing association tests...done (118ms) 
     -computing joint association tests...done (0ms) 
 set [81/847] : C20orf96 - 16048 variants...
     -reading in genotypes, computing gene-based tests and building masks...done (40440ms) 
     -computing association tests...done (23ms) 
     -computing joint association tests...done (0ms) 
 set [82/847] : CABLES2 - 14854 variants...
     -reading in genotypes, computing gene-based tests and building masks...done (40864ms) 
     -computing association tests...done (74ms) 
     -computing joint association tests...done (0ms) 
 set [83/847] : CASC20 - 57417 variants...
     -reading in genotypes, computing gene-based tests and building masks...done (118894ms) 
     -computing association tests...done (192ms) 
     -computing joint association tests...done (0ms) 
 set [84/847] : CASS4 - 20159 variants...
     -reading in genotypes, computing gene-based tests and building masks...done (32040ms) 
     -computing association tests...done (37ms) 
     -computing joint association tests...done (0ms) 
 set [85/847] : CBFA2T2 - 74249 variants...
     -reading in genotypes, computing gene-based tests and building masks...done (181143ms) 
     -computing association tests...done (20ms) 
     -computing joint association tests...done (0ms) 
 set [86/847] : CBLN4 - 8164 variants...
     -reading in genotypes, computing gene-based tests and building masks...done (14993ms) 
     -computing association tests...done (18ms) 
     -computing joint association tests...done (0ms) 
 set [87/847] : CCM2L - 13076 variants...
     -reading in genotypes, computing gene-based tests and building masks...done (21930ms) 
     -computing association tests...done (147ms) 
     -computing joint association tests...done (0ms) 
 set [88/847] : CCN5 - 9577 variants...
     -reading in genotypes, computing gene-based tests and building masks...done (20542ms) 
     -computing association tests...done (22ms) 
     -computing joint association tests...done (0ms) 
 set [89/847] : CD40 - 9106 variants...
     -reading in genotypes, computing gene-based tests and building masks...done (20451ms) 
     -computing association tests...done (77ms) 
     -computing joint association tests...done (0ms) 
 set [90/847] : CD93 - 7890 variants...
     -reading in genotypes, computing gene-based tests and building masks...done (12587ms) 
     -computing association tests...done (19ms) 
     -computing joint association tests...done (0ms) 
 set [91/847] : CDC25B - 10001 variants...
     -reading in genotypes, computing gene-based tests and building masks...done (16071ms) 
     -computing association tests...done (21ms) 
     -computing joint association tests...done (0ms) 
 set [92/847] : CDC27P3 - 5227 variants...
     -reading in genotypes, computing gene-based tests and building masks...done (14438ms) 
     -computing association tests...done (17ms) 
     -computing joint association tests...done (0ms) 
 set [93/847] : CDH22 - 60268 variants...
     -reading in genotypes, computing gene-based tests and building masks...done (126934ms) 
     -computing association tests...done (87ms) 
     -computing joint association tests...done (0ms) 
 set [94/847] : CDH26 - 35716 variants...
     -reading in genotypes, computing gene-based tests and building masks...done (62280ms) 
     -computing association tests...done (24ms) 
     -computing joint association tests...done (0ms) 
 set [95/847] : CDH4 - 386067 variants...
     -reading in genotypes, computing gene-based tests and building masks...done (5192136ms) 
     -computing association tests...done (130ms) 
     -computing joint association tests...done (0ms) 
 set [96/847] : CDK5RAP1 - 20782 variants...
     -reading in genotypes, computing gene-based tests and building masks...done (35429ms) 
     -computing association tests...done (99ms) 
     -computing joint association tests...done (0ms) 
 set [97/847] : CDK5RAP3P1 - 6568 variants...
     -reading in genotypes, computing gene-based tests and building masks...done (9623ms) 
     -computing association tests...done (16ms) 
     -computing joint association tests...done (0ms) 
 set [98/847] : CDS2 - 33974 variants...
     -reading in genotypes, computing gene-based tests and building masks...done (58920ms) 
     -computing association tests...done (18ms) 
     -computing joint association tests...done (0ms) 
 set [99/847] : CEBPB - 5651 variants...
     -reading in genotypes, computing gene-based tests and building masks...done (14853ms) 
     -computing association tests...done (84ms) 
     -computing joint association tests...done (0ms) 
 set [100/847] : CEBPB-AS1 - 2713 variants...
     -reading in genotypes, computing gene-based tests and building masks...done (4167ms) 
     -computing association tests...done (14ms) 
     -computing joint association tests...done (0ms) 
 set [101/847] : CENPB - 2464 variants...
     -reading in genotypes, computing gene-based tests and building masks...done (6815ms) 
     -computing association tests...done (78ms) 
     -computing joint association tests...done (0ms) 
 set [102/847] : CEP250 - 29105 variants...
     -reading in genotypes, computing gene-based tests and building masks...done (49709ms) 
     -computing association tests...done (152ms) 
     -computing joint association tests...done (0ms) 
 set [103/847] : CFAP61 - 140699 variants...
     -reading in genotypes, computing gene-based tests and building masks...done (396506ms) 
     -computing association tests...done (115ms) 
     -computing joint association tests...done (0ms) 
 set [104/847] : CFTRP1 - 4526 variants...
     -reading in genotypes, computing gene-based tests and building masks...done (7232ms) 
     -computing association tests...done (78ms) 
     -computing joint association tests...done (0ms) 
 set [105/847] : CFTRP2 - 9940 variants...
     -reading in genotypes, computing gene-based tests and building masks...done (15437ms) 
     -computing association tests...done (18ms) 
     -computing joint association tests...done (0ms) 
 set [106/847] : CFTRP3 - 6391 variants...
     -reading in genotypes, computing gene-based tests and building masks...done (22376ms) 
     -computing association tests...done (70ms) 
     -computing joint association tests...done (0ms) 
 set [107/847] : CHD6 - 92693 variants...
     -reading in genotypes, computing gene-based tests and building masks...done (201055ms) 
     -computing association tests...done (100ms) 
     -computing joint association tests...done (0ms) 
 set [108/847] : CHGB - 13601 variants...
     -reading in genotypes, computing gene-based tests and building masks...done (43634ms) 
     -computing association tests...done (84ms) 
     -computing joint association tests...done (0ms) 
 set [109/847] : CHMP4B - 20038 variants...
     -reading in genotypes, computing gene-based tests and building masks...done (29328ms) 
     -computing association tests...done (19ms) 
     -computing joint association tests...done (0ms) 
 set [110/847] : CHRNA4 - 27205 variants...
     -reading in genotypes, computing gene-based tests and building masks...done (59637ms) 
     -computing association tests...done (23ms) 
     -computing joint association tests...done (0ms) 
 set [111/847] : CICP4 - 10668 variants...
     -reading in genotypes, computing gene-based tests and building masks...done (26224ms) 
     -computing association tests...done (17ms) 
     -computing joint association tests...done (0ms) 
 set [112/847] : CIMIP1 - 8138 variants...
     -reading in genotypes, computing gene-based tests and building masks...done (19090ms) 
     -computing association tests...done (20ms) 
     -computing joint association tests...done (0ms) 
 set [113/847] : CKAP2LP1 - 737 variants...
     -reading in genotypes, computing gene-based tests and building masks...done (3620ms) 
     -computing association tests...done (11ms) 
     -computing joint association tests...done (0ms) 
 set [114/847] : CNBD2 - 28457 variants...
     -reading in genotypes, computing gene-based tests and building masks...done (46926ms) 
     -computing association tests...done (86ms) 
     -computing joint association tests...done (0ms) 
 set [115/847] : COL20A1 - 22141 variants...
     -reading in genotypes, computing gene-based tests and building masks...done (34571ms) 
     -computing association tests...done (26ms) 
     -computing joint association tests...done (0ms) 
 set [116/847] : COL9A3 - 17470 variants...
     -reading in genotypes, computing gene-based tests and building masks...done (31680ms) 
     -computing association tests...done (129ms) 
     -computing joint association tests...done (0ms) 
 set [117/847] : COMMD7 - 25129 variants...
     -reading in genotypes, computing gene-based tests and building masks...done (89106ms) 
     -computing association tests...done (33ms) 
     -computing joint association tests...done (0ms) 
 set [118/847] : COX4I2 - 7712 variants...
     -reading in genotypes, computing gene-based tests and building masks...done (16296ms) 
     -computing association tests...done (17ms) 
     -computing joint association tests...done (0ms) 
 set [119/847] : COX6CP2 - 4788 variants...
     -reading in genotypes, computing gene-based tests and building masks...done (8614ms) 
     -computing association tests...done (15ms) 
     -computing joint association tests...done (0ms) 
 set [120/847] : CPNE1 - 9753 variants...
     -reading in genotypes, computing gene-based tests and building masks...done (15649ms) 
     -computing association tests...done (33ms) 
     -computing joint association tests...done (0ms) 
 set [121/847] : CPXM1 - 7078 variants...
     -reading in genotypes, computing gene-based tests and building masks...done (11481ms) 
     -computing association tests...done (19ms) 
     -computing joint association tests...done (0ms) 
 set [122/847] : CRLS1 - 16649 variants...
     -reading in genotypes, computing gene-based tests and building masks...done (27123ms) 
     -computing association tests...done (96ms) 
     -computing joint association tests...done (0ms) 
 set [123/847] : CRMA - 6723 variants...
     -reading in genotypes, computing gene-based tests and building masks...done (16383ms) 
     -computing association tests...done (16ms) 
     -computing joint association tests...done (0ms) 
 set [124/847] : CRNKL1 - 7425 variants...
     -reading in genotypes, computing gene-based tests and building masks...done (16533ms) 
     -computing association tests...done (80ms) 
     -computing joint association tests...done (0ms) 
 set [125/847] : CSE1L - 29843 variants...
     -reading in genotypes, computing gene-based tests and building masks...done (50089ms) 
     -computing association tests...done (19ms) 
     -computing joint association tests...done (0ms) 
 set [126/847] : CSNK2A1 - 40486 variants...
     -reading in genotypes, computing gene-based tests and building masks...done (96410ms) 
     -computing association tests...done (79ms) 
     -computing joint association tests...done (0ms) 
 set [127/847] : CST11 - 3327 variants...
     -reading in genotypes, computing gene-based tests and building masks...done (15116ms) 
     -computing association tests...done (79ms) 
     -computing joint association tests...done (0ms) 
 set [128/847] : CST1 - 8352 variants...
     -reading in genotypes, computing gene-based tests and building masks...done (15720ms) 
     -computing association tests...done (94ms) 
     -computing joint association tests...done (0ms) 
 set [129/847] : CST12P - 2724 variants...
     -reading in genotypes, computing gene-based tests and building masks...done (3773ms) 
     -computing association tests...done (18ms) 
     -computing joint association tests...done (0ms) 
 set [130/847] : CST13P - 10078 variants...
     -reading in genotypes, computing gene-based tests and building masks...done (26395ms) 
     -computing association tests...done (81ms) 
     -computing joint association tests...done (0ms) 
 set [131/847] : CST2 - 8147 variants...
     -reading in genotypes, computing gene-based tests and building masks...done (13869ms) 
     -computing association tests...done (140ms) 
     -computing joint association tests...done (0ms) 
 set [132/847] : CST2P1 - 5358 variants...
     -reading in genotypes, computing gene-based tests and building masks...done (7720ms) 
     -computing association tests...done (15ms) 
     -computing joint association tests...done (0ms) 
 set [133/847] : CST3 - 9300 variants...
     -reading in genotypes, computing gene-based tests and building masks...done (18244ms) 
     -computing association tests...done (81ms) 
     -computing joint association tests...done (0ms) 
 set [134/847] : CST4 - 7405 variants...
     -reading in genotypes, computing gene-based tests and building masks...done (20189ms) 
     -computing association tests...done (29ms) 
     -computing joint association tests...done (0ms) 
 set [135/847] : CST5 - 6713 variants...
     -reading in genotypes, computing gene-based tests and building masks...done (11856ms) 
     -computing association tests...done (79ms) 
     -computing joint association tests...done (0ms) 
 set [136/847] : CST7 - 12604 variants...
     -reading in genotypes, computing gene-based tests and building masks...done (24218ms) 
     -computing association tests...done (81ms) 
     -computing joint association tests...done (0ms) 
 set [137/847] : CST8 - 9710 variants...
     -reading in genotypes, computing gene-based tests and building masks...done (33735ms) 
     -computing association tests...done (30ms) 
     -computing joint association tests...done (0ms) 
 set [138/847] : CST9 - 5652 variants...
     -reading in genotypes, computing gene-based tests and building masks...done (10740ms) 
     -computing association tests...done (84ms) 
     -computing joint association tests...done (0ms) 
 set [139/847] : CST9L - 8385 variants...
     -reading in genotypes, computing gene-based tests and building masks...done (18694ms) 
     -computing association tests...done (181ms) 
     -computing joint association tests...done (0ms) 
 set [140/847] : CST9LP1 - 117 variants...
     -reading in genotypes, computing gene-based tests and building masks...done (1324ms) 
     -computing association tests...done (2ms) 
     -computing joint association tests...done (0ms) 
 set [141/847] : CST9LP2 - 6672 variants...
     -reading in genotypes, computing gene-based tests and building masks...done (9001ms) 
     -computing association tests...done (20ms) 
     -computing joint association tests...done (0ms) 
 set [142/847] : CSTF1 - 9021 variants...
     -reading in genotypes, computing gene-based tests and building masks...done (25263ms) 
     -computing association tests...done (29ms) 
     -computing joint association tests...done (0ms) 
 set [143/847] : CSTL1 - 11121 variants...
     -reading in genotypes, computing gene-based tests and building masks...done (28211ms) 
     -computing association tests...done (21ms) 
     -computing joint association tests...done (0ms) 
 set [144/847] : CSTP2 - 7309 variants...
     -reading in genotypes, computing gene-based tests and building masks...done (13277ms) 
     -computing association tests...done (76ms) 
     -computing joint association tests...done (0ms) 
 set [145/847] : CTCFL - 19527 variants...
     -reading in genotypes, computing gene-based tests and building masks...done (39559ms) 
     -computing association tests...done (21ms) 
     -computing joint association tests...done (0ms) 
 set [146/847] : CTNNBL1 - 69449 variants...
     -reading in genotypes, computing gene-based tests and building masks...done (134563ms) 
     -computing association tests...done (34ms) 
     -computing joint association tests...done (0ms) 
 set [147/847] : CTSZ - 10064 variants...
     -reading in genotypes, computing gene-based tests and building masks...done (21946ms) 
     -computing association tests...done (19ms) 
     -computing joint association tests...done (0ms) 
 set [148/847] : CYB5AP4 - 13358 variants...
     -reading in genotypes, computing gene-based tests and building masks...done (21011ms) 
     -computing association tests...done (70ms) 
     -computing joint association tests...done (0ms) 
 set [149/847] : CYP24A1 - 15126 variants...
     -reading in genotypes, computing gene-based tests and building masks...done (25491ms) 
     -computing association tests...done (26ms) 
     -computing joint association tests...done (0ms) 
 set [150/847] : DBNDD2 - 4079 variants...
     -reading in genotypes, computing gene-based tests and building masks...done (9502ms) 
     -computing association tests...done (17ms) 
     -computing joint association tests...done (0ms) 
 set [151/847] : DDRGK1 - 11648 variants...
     -reading in genotypes, computing gene-based tests and building masks...done (30690ms) 
     -computing association tests...done (22ms) 
     -computing joint association tests...done (0ms) 
 set [152/847] : DDX27 - 13014 variants...
     -reading in genotypes, computing gene-based tests and building masks...done (20504ms) 
     -computing association tests...done (19ms) 
     -computing joint association tests...done (0ms) 
 set [153/847] : DEFB115 - 6747 variants...
     -reading in genotypes, computing gene-based tests and building masks...done (13262ms) 
     -computing association tests...done (123ms) 
     -computing joint association tests...done (0ms) 
 set [154/847] : DEFB116 - 9510 variants...
     -reading in genotypes, computing gene-based tests and building masks...done (19291ms) 
     -computing association tests...done (81ms) 
     -computing joint association tests...done (0ms) 
 set [155/847] : DEFB117 - 32 variants...
     -reading in genotypes, computing gene-based tests and building masks...done (10396ms) 
     -computing association tests...done (1ms) 
     -computing joint association tests...done (0ms) 
 set [156/847] : DEFB118 - 5820 variants...
     -reading in genotypes, computing gene-based tests and building masks...done (10354ms) 
     -computing association tests...done (88ms) 
     -computing joint association tests...done (0ms) 
 set [157/847] : DEFB119 - 7898 variants...
     -reading in genotypes, computing gene-based tests and building masks...done (14661ms) 
     -computing association tests...done (36ms) 
     -computing joint association tests...done (0ms) 
 set [158/847] : DEFB121 - 6820 variants...
     -reading in genotypes, computing gene-based tests and building masks...done (12250ms) 
     -computing association tests...done (44ms) 
     -computing joint association tests...done (0ms) 
 set [159/847] : DEFB122 - 8429 variants...
     -reading in genotypes, computing gene-based tests and building masks...done (11801ms) 
     -computing association tests...done (18ms) 
     -computing joint association tests...done (0ms) 
 set [160/847] : DEFB123 - 11406 variants...
     -reading in genotypes, computing gene-based tests and building masks...done (29198ms) 
     -computing association tests...done (18ms) 
     -computing joint association tests...done (0ms) 
 set [161/847] : DEFB124 - 10500 variants...
     -reading in genotypes, computing gene-based tests and building masks...done (20578ms) 
     -computing association tests...done (41ms) 
     -computing joint association tests...done (0ms) 
 set [162/847] : DEFB125 - 7853 variants...
     -reading in genotypes, computing gene-based tests and building masks...done (13112ms) 
     -computing association tests...done (16ms) 
     -computing joint association tests...done (0ms) 
 set [163/847] : DEFB126 - 5261 variants...
     -reading in genotypes, computing gene-based tests and building masks...done (14273ms) 
     -computing association tests...done (29ms) 
     -computing joint association tests...done (0ms) 
 set [164/847] : DEFB127 - 5293 variants...
     -reading in genotypes, computing gene-based tests and building masks...done (13376ms) 
     -computing association tests...done (117ms) 
     -computing joint association tests...done (0ms) 
 set [165/847] : DEFB128 - 5326 variants...
     -reading in genotypes, computing gene-based tests and building masks...done (9431ms) 
     -computing association tests...done (16ms) 
     -computing joint association tests...done (0ms) 
 set [166/847] : DEFB129 - 4859 variants...
     -reading in genotypes, computing gene-based tests and building masks...done (10292ms) 
     -computing association tests...done (45ms) 
     -computing joint association tests...done (0ms) 
 set [167/847] : DEFB132 - 5689 variants...
     -reading in genotypes, computing gene-based tests and building masks...done (11425ms) 
     -computing association tests...done (75ms) 
     -computing joint association tests...done (0ms) 
 set [168/847] : DHX35 - 34317 variants...
     -reading in genotypes, computing gene-based tests and building masks...done (52639ms) 
     -computing association tests...done (23ms) 
     -computing joint association tests...done (0ms) 
 set [169/847] : DIDO1 - 32400 variants...
     -reading in genotypes, computing gene-based tests and building masks...done (85164ms) 
     -computing association tests...done (23ms) 
     -computing joint association tests...done (0ms) 
 set [170/847] : DKKL1P1 - 6354 variants...
     -reading in genotypes, computing gene-based tests and building masks...done (8585ms) 
     -computing association tests...done (15ms) 
     -computing joint association tests...done (0ms) 
 set [171/847] : DLGAP4 - 100779 variants...
     -reading in genotypes, computing gene-based tests and building masks...done (256900ms) 
     -computing association tests...done (24ms) 
     -computing joint association tests...done (0ms) 
 set [172/847] : DLGAP4-AS1 - 6433 variants...
     -reading in genotypes, computing gene-based tests and building masks...done (9320ms) 
     -computing association tests...done (16ms) 
     -computing joint association tests...done (0ms) 
 set [173/847] : DNAAF9 - 73180 variants...
     -reading in genotypes, computing gene-based tests and building masks...done (144611ms) 
     -computing association tests...done (78ms) 
     -computing joint association tests...done (0ms) 
 set [174/847] : DNAJC5 - 27418 variants...
     -reading in genotypes, computing gene-based tests and building masks...done (54495ms) 
     -computing association tests...done (162ms) 
     -computing joint association tests...done (0ms) 
 set [175/847] : DNMT3B - 24411 variants...
     -reading in genotypes, computing gene-based tests and building masks...done (37415ms) 
     -computing association tests...done (21ms) 
     -computing joint association tests...done (0ms) 
 set [176/847] : DNTTIP1 - 8842 variants...
     -reading in genotypes, computing gene-based tests and building masks...done (23707ms) 
     -computing association tests...done (17ms) 
     -computing joint association tests...done (0ms) 
 set [177/847] : DOK5 - 78393 variants...
     -reading in genotypes, computing gene-based tests and building masks...done (170377ms) 
     -computing association tests...done (33ms) 
     -computing joint association tests...done (0ms) 
 set [178/847] : DPM1 - 16239 variants...
     -reading in genotypes, computing gene-based tests and building masks...done (24611ms) 
     -computing association tests...done (20ms) 
     -computing joint association tests...done (0ms) 
 set [179/847] : DSN1 - 13123 variants...
     -reading in genotypes, computing gene-based tests and building masks...done (18484ms) 
     -computing association tests...done (21ms) 
     -computing joint association tests...done (0ms) 
 set [180/847] : DSTN - 22436 variants...
     -reading in genotypes, computing gene-based tests and building masks...done (47633ms) 
     -computing association tests...done (46ms) 
     -computing joint association tests...done (0ms) 
 set [181/847] : DTD1 - 86133 variants...
     -reading in genotypes, computing gene-based tests and building masks...done (181708ms) 
     -computing association tests...done (19ms) 
     -computing joint association tests...done (0ms) 
 set [182/847] : DUSP15 - 10714 variants...
     -reading in genotypes, computing gene-based tests and building masks...done (15805ms) 
     -computing association tests...done (19ms) 
     -computing joint association tests...done (0ms) 
 set [183/847] : DUX4L32 - 5869 variants...
     -reading in genotypes, computing gene-based tests and building masks...done (18019ms) 
     -computing association tests...done (79ms) 
     -computing joint association tests...done (0ms) 
 set [184/847] : DUX4L33 - 6655 variants...
     -reading in genotypes, computing gene-based tests and building masks...done (20519ms) 
     -computing association tests...done (113ms) 
     -computing joint association tests...done (0ms) 
 set [185/847] : DUX4L34 - 1052 variants...
     -reading in genotypes, computing gene-based tests and building masks...done (4917ms) 
     -computing association tests...done (9ms) 
     -computing joint association tests...done (0ms) 
 set [186/847] : DUX4L35 - 684 variants...
     -reading in genotypes, computing gene-based tests and building masks...done (2009ms) 
     -computing association tests...done (10ms) 
     -computing joint association tests...done (0ms) 
 set [187/847] : DUX4L37 - 6497 variants...
     -reading in genotypes, computing gene-based tests and building masks...done (55238ms) 
     -computing association tests...done (75ms) 
     -computing joint association tests...done (0ms) 
 set [188/847] : DYNLRB1 - 14835 variants...
     -reading in genotypes, computing gene-based tests and building masks...done (25047ms) 
     -computing association tests...done (19ms) 
     -computing joint association tests...done (0ms) 
 set [189/847] : DZANK1 - 35511 variants...
     -reading in genotypes, computing gene-based tests and building masks...done (60777ms) 
     -computing association tests...done (35ms) 
     -computing joint association tests...done (0ms) 
 set [190/847] : E2F1 - 8831 variants...
     -reading in genotypes, computing gene-based tests and building masks...done (17102ms) 
     -computing association tests...done (30ms) 
     -computing joint association tests...done (0ms) 
 set [191/847] : EBF4 - 33171 variants...
     -reading in genotypes, computing gene-based tests and building masks...done (65144ms) 
     -computing association tests...done (20ms) 
     -computing joint association tests...done (0ms) 
 set [192/847] : EDEM2 - 16660 variants...
     -reading in genotypes, computing gene-based tests and building masks...done (25094ms) 
     -computing association tests...done (19ms) 
     -computing joint association tests...done (0ms) 
 set [193/847] : EDN3 - 15174 variants...
     -reading in genotypes, computing gene-based tests and building masks...done (29188ms) 
     -computing association tests...done (124ms) 
     -computing joint association tests...done (0ms) 
 set [194/847] : EEF1A1P34 - 2639 variants...
     -reading in genotypes, computing gene-based tests and building masks...done (3873ms) 
     -computing association tests...done (13ms) 
     -computing joint association tests...done (0ms) 
 set [195/847] : EEF1A2 - 15769 variants...
     -reading in genotypes, computing gene-based tests and building masks...done (32856ms) 
     -computing association tests...done (21ms) 
     -computing joint association tests...done (0ms) 
 set [196/847] : EFCAB8 - 48184 variants...
     -reading in genotypes, computing gene-based tests and building masks...done (94035ms) 
     -computing association tests...done (99ms) 
     -computing joint association tests...done (0ms) 
 set [197/847] : EIF2S2 - 14355 variants...
     -reading in genotypes, computing gene-based tests and building masks...done (29881ms) 
     -computing association tests...done (18ms) 
     -computing joint association tests...done (0ms) 
 set [198/847] : EIF4EBP2P1 - 135 variants...
     -reading in genotypes, computing gene-based tests and building masks...done (681ms) 
     -computing association tests...done (1ms) 
     -computing joint association tests...done (0ms) 
 set [199/847] : EIF6 - 2995 variants...
     -reading in genotypes, computing gene-based tests and building masks...done (7830ms) 
     -computing association tests...done (160ms) 
     -computing joint association tests...done (0ms) 
 set [200/847] : ELMO2 - 31350 variants...
     -reading in genotypes, computing gene-based tests and building masks...done (156751ms) 
     -computing association tests...done (75ms) 
     -computing joint association tests...done (0ms) 
 set [201/847] : EMILIN3 - 7248 variants...
     -reading in genotypes, computing gene-based tests and building masks...done (11211ms) 
     -computing association tests...done (19ms) 
     -computing joint association tests...done (0ms) 
 set [202/847] : ENTPD6 - 17261 variants...
     -reading in genotypes, computing gene-based tests and building masks...done (31156ms) 
     -computing association tests...done (22ms) 
     -computing joint association tests...done (0ms) 
 set [203/847] : EPB41L1 - 48954 variants...
     -reading in genotypes, computing gene-based tests and building masks...done (90183ms) 
     -computing association tests...done (91ms) 
     -computing joint association tests...done (0ms) 
 set [204/847] : EPB41L1-AS1 - 2709 variants...
     -reading in genotypes, computing gene-based tests and building masks...done (3914ms) 
     -computing association tests...done (15ms) 
     -computing joint association tests...done (0ms) 
 set [205/847] : EPPIN - 4259 variants...
     -reading in genotypes, computing gene-based tests and building masks...done (8139ms) 
     -computing association tests...done (18ms) 
     -computing joint association tests...done (0ms) 
 set [206/847] : ERGIC3 - 11968 variants...
     -reading in genotypes, computing gene-based tests and building masks...done (26528ms) 
     -computing association tests...done (77ms) 
     -computing joint association tests...done (0ms) 
 set [207/847] : ERP29P1 - 4828 variants...
     -reading in genotypes, computing gene-based tests and building masks...done (13740ms) 
     -computing association tests...done (15ms) 
     -computing joint association tests...done (0ms) 
 set [208/847] : ESF1 - 28585 variants...
     -reading in genotypes, computing gene-based tests and building masks...done (73092ms) 
     -computing association tests...done (23ms) 
     -computing joint association tests...done (0ms) 
 set [209/847] : EYA2 - 134751 variants...
     -reading in genotypes, computing gene-based tests and building masks...done (422046ms) 
     -computing association tests...done (21ms) 
     -computing joint association tests...done (0ms) 
 set [210/847] : FAM110A - 14385 variants...
     -reading in genotypes, computing gene-based tests and building masks...done (22166ms) 
     -computing association tests...done (106ms) 
     -computing joint association tests...done (0ms) 
 set [211/847] : FAM182A - 37864 variants...
     -reading in genotypes, computing gene-based tests and building masks...done (224923ms) 
     -computing association tests...done (18ms) 
     -computing joint association tests...done (0ms) 
 set [212/847] : FAM182B - 34839 variants...
     -reading in genotypes, computing gene-based tests and building masks...done (374443ms) 
     -computing association tests...done (20ms) 
     -computing joint association tests...done (0ms) 
 set [213/847] : FAM209A - 3757 variants...
     -reading in genotypes, computing gene-based tests and building masks...done (8757ms) 
     -computing association tests...done (15ms) 
     -computing joint association tests...done (0ms) 
 set [214/847] : FAM209B - 6203 variants...
     -reading in genotypes, computing gene-based tests and building masks...done (13976ms) 
     -computing association tests...done (30ms) 
     -computing joint association tests...done (0ms) 
 set [215/847] : FAM210B - 6111 variants...
     -reading in genotypes, computing gene-based tests and building masks...done (15447ms) 
     -computing association tests...done (92ms) 
     -computing joint association tests...done (0ms) 
 set [216/847] : FAM217B - 6481 variants...
     -reading in genotypes, computing gene-based tests and building masks...done (11060ms) 
     -computing association tests...done (155ms) 
     -computing joint association tests...done (0ms) 
 set [217/847] : FAM242A - 22669 variants...
     -reading in genotypes, computing gene-based tests and building masks...done (51525ms) 
     -computing association tests...done (16ms) 
     -computing joint association tests...done (0ms) 
 set [218/847] : FAM242B - 41912 variants...
     -reading in genotypes, computing gene-based tests and building masks...done (176925ms) 
     -computing association tests...done (192ms) 
     -computing joint association tests...done (0ms) 
 set [219/847] : FAM83C - 4956 variants...
     -reading in genotypes, computing gene-based tests and building masks...done (8837ms) 
     -computing association tests...done (23ms) 
     -computing joint association tests...done (0ms) 
 set [220/847] : FAM83D - 14144 variants...
     -reading in genotypes, computing gene-based tests and building masks...done (20932ms) 
     -computing association tests...done (120ms) 
     -computing joint association tests...done (0ms) 
 set [221/847] : FASTKD5 - 7755 variants...
     -reading in genotypes, computing gene-based tests and building masks...done (12437ms) 
     -computing association tests...done (133ms) 
     -computing joint association tests...done (0ms) 
 set [222/847] : FER1L4 - 7175 variants...
     -reading in genotypes, computing gene-based tests and building masks...done (14855ms) 
     -computing association tests...done (16ms) 
     -computing joint association tests...done (0ms) 
 set [223/847] : FERMT1 - 23466 variants...
     -reading in genotypes, computing gene-based tests and building masks...done (41409ms) 
     -computing association tests...done (127ms) 
     -computing joint association tests...done (0ms) 
 set [224/847] : FGFR3P3 - 3613 variants...
     -reading in genotypes, computing gene-based tests and building masks...done (5635ms) 
     -computing association tests...done (15ms) 
     -computing joint association tests...done (0ms) 
 set [225/847] : FITM2 - 7728 variants...
     -reading in genotypes, computing gene-based tests and building masks...done (12482ms) 
     -computing association tests...done (19ms) 
     -computing joint association tests...done (0ms) 
 set [226/847] : FKBP1A - 14154 variants...
     -reading in genotypes, computing gene-based tests and building masks...done (31500ms) 
     -computing association tests...done (18ms) 
     -computing joint association tests...done (0ms) 
 set [227/847] : FLJ16779 - 3529 variants...
     -reading in genotypes, computing gene-based tests and building masks...done (8209ms) 
     -computing association tests...done (14ms) 
     -computing joint association tests...done (0ms) 
 set [228/847] : FLRT3 - 9778 variants...
     -reading in genotypes, computing gene-based tests and building masks...done (22687ms) 
     -computing association tests...done (141ms) 
     -computing joint association tests...done (0ms) 
 set [229/847] : FNDC11 - 152 variants...
     -reading in genotypes, computing gene-based tests and building masks...done (899ms) 
     -computing association tests...done (119ms) 
     -computing joint association tests...done (0ms) 
 set [230/847] : FOXA2 - 7603 variants...
     -reading in genotypes, computing gene-based tests and building masks...done (11188ms) 
     -computing association tests...done (18ms) 
     -computing joint association tests...done (0ms) 
 set [231/847] : FOXS1 - 4767 variants...
     -reading in genotypes, computing gene-based tests and building masks...done (16209ms) 
     -computing association tests...done (30ms) 
     -computing joint association tests...done (0ms) 
 set [232/847] : FRG1BP - 45850 variants...
     -reading in genotypes, computing gene-based tests and building masks...done (130364ms) 
     -computing association tests...done (86ms) 
     -computing joint association tests...done (0ms) 
 set [233/847] : FRG1CP - 102 variants...
     -reading in genotypes, computing gene-based tests and building masks...done (7940ms) 
     -computing association tests...done (3ms) 
     -computing joint association tests...done (0ms) 
 set [234/847] : FRG1DP - 159 variants...
     -reading in genotypes, computing gene-based tests and building masks...done (8611ms) 
     -computing association tests...done (3ms) 
     -computing joint association tests...done (0ms) 
 set [235/847] : FRG1EP - 345 variants...
     -reading in genotypes, computing gene-based tests and building masks...done (10025ms) 
     -computing association tests...done (4ms) 
     -computing joint association tests...done (0ms) 
 set [236/847] : FRG2EP - 526 variants...
     -reading in genotypes, computing gene-based tests and building masks...done (5136ms) 
     -computing association tests...done (117ms) 
     -computing joint association tests...done (0ms) 
 set [237/847] : FTLP1 - 1380 variants...
     -reading in genotypes, computing gene-based tests and building masks...done (2584ms) 
     -computing association tests...done (86ms) 
     -computing joint association tests...done (0ms) 
 set [238/847] : FTLP3 - 1290 variants...
     -reading in genotypes, computing gene-based tests and building masks...done (2437ms) 
     -computing association tests...done (10ms) 
     -computing joint association tests...done (0ms) 
 set [239/847] : GAPDHP53 - 4605 variants...
     -reading in genotypes, computing gene-based tests and building masks...done (6415ms) 
     -computing association tests...done (80ms) 
     -computing joint association tests...done (0ms) 
 set [240/847] : GATA5 - 19273 variants...
     -reading in genotypes, computing gene-based tests and building masks...done (55122ms) 
     -computing association tests...done (23ms) 
     -computing joint association tests...done (0ms) 
 set [241/847] : GDAP1L1 - 17140 variants...
     -reading in genotypes, computing gene-based tests and building masks...done (26221ms) 
     -computing association tests...done (20ms) 
     -computing joint association tests...done (0ms) 
 set [242/847] : GDF5 - 9275 variants...
     -reading in genotypes, computing gene-based tests and building masks...done (14196ms) 
     -computing association tests...done (19ms) 
     -computing joint association tests...done (0ms) 
 set [243/847] : GDF5-AS1 - 136 variants...
     -reading in genotypes, computing gene-based tests and building masks...done (418ms) 
     -computing association tests...done (9ms) 
     -computing joint association tests...done (0ms) 
 set [244/847] : GFRA4 - 6134 variants...
     -reading in genotypes, computing gene-based tests and building masks...done (18625ms) 
     -computing association tests...done (17ms) 
     -computing joint association tests...done (0ms) 
 set [245/847] : GGCTP2 - 3875 variants...
     -reading in genotypes, computing gene-based tests and building masks...done (5409ms) 
     -computing association tests...done (69ms) 
     -computing joint association tests...done (0ms) 
 set [246/847] : GGT7 - 15157 variants...
     -reading in genotypes, computing gene-based tests and building masks...done (26454ms) 
     -computing association tests...done (20ms) 
     -computing joint association tests...done (0ms) 
 set [247/847] : GGTLC1 - 7487 variants...
     -reading in genotypes, computing gene-based tests and building masks...done (18630ms) 
     -computing association tests...done (136ms) 
     -computing joint association tests...done (0ms) 
 set [248/847] : GHRH - 8010 variants...
     -reading in genotypes, computing gene-based tests and building masks...done (22886ms) 
     -computing association tests...done (22ms) 
     -computing joint association tests...done (0ms) 
 set [249/847] : GID8 - 7554 variants...
     -reading in genotypes, computing gene-based tests and building masks...done (12831ms) 
     -computing association tests...done (149ms) 
     -computing joint association tests...done (0ms) 
 set [250/847] : GINS1 - 23535 variants...
     -reading in genotypes, computing gene-based tests and building masks...done (40913ms) 
     -computing association tests...done (21ms) 
     -computing joint association tests...done (0ms) 
 set [251/847] : GLRXP1 - 4166 variants...
     -reading in genotypes, computing gene-based tests and building masks...done (6584ms) 
     -computing association tests...done (15ms) 
     -computing joint association tests...done (0ms) 
 set [252/847] : GMEB2 - 31476 variants...
     -reading in genotypes, computing gene-based tests and building masks...done (177443ms) 
     -computing association tests...done (119ms) 
     -computing joint association tests...done (0ms) 
 set [253/847] : GNAS - 28986 variants...
     -reading in genotypes, computing gene-based tests and building masks...done (45661ms) 
     -computing association tests...done (80ms) 
     -computing joint association tests...done (0ms) 
 set [254/847] : GNAS-AS1 - 26921 variants...
     -reading in genotypes, computing gene-based tests and building masks...done (49221ms) 
     -computing association tests...done (74ms) 
     -computing joint association tests...done (0ms) 
 set [255/847] : GPCPD1 - 33943 variants...
     -reading in genotypes, computing gene-based tests and building masks...done (63806ms) 
     -computing association tests...done (21ms) 
     -computing joint association tests...done (0ms) 
 set [256/847] : GSS - 9749 variants...
     -reading in genotypes, computing gene-based tests and building masks...done (15770ms) 
     -computing association tests...done (130ms) 
     -computing joint association tests...done (0ms) 
 set [257/847] : GSTM3P1 - 2138 variants...
     -reading in genotypes, computing gene-based tests and building masks...done (4791ms) 
     -computing association tests...done (12ms) 
     -computing joint association tests...done (0ms) 
 set [258/847] : GTSF1L - 4188 variants...
     -reading in genotypes, computing gene-based tests and building masks...done (10184ms) 
     -computing association tests...done (78ms) 
     -computing joint association tests...done (0ms) 
 set [259/847] : GZF1 - 8957 variants...
     -reading in genotypes, computing gene-based tests and building masks...done (18176ms) 
     -computing association tests...done (72ms) 
     -computing joint association tests...done (0ms) 
 set [260/847] : HAO1 - 27753 variants...
     -reading in genotypes, computing gene-based tests and building masks...done (50658ms) 
     -computing association tests...done (97ms) 
     -computing joint association tests...done (0ms) 
 set [261/847] : HAR1A - 9961 variants...
     -reading in genotypes, computing gene-based tests and building masks...done (24100ms) 
     -computing association tests...done (18ms) 
     -computing joint association tests...done (0ms) 
 set [262/847] : HAR1B - 3986 variants...
     -reading in genotypes, computing gene-based tests and building masks...done (8427ms) 
     -computing association tests...done (79ms) 
     -computing joint association tests...done (0ms) 
 set [263/847] : HAUS6P2 - 1322 variants...
     -reading in genotypes, computing gene-based tests and building masks...done (4648ms) 
     -computing association tests...done (14ms) 
     -computing joint association tests...done (0ms) 
 set [264/847] : HCK - 25541 variants...
     -reading in genotypes, computing gene-based tests and building masks...done (43085ms) 
     -computing association tests...done (85ms) 
     -computing joint association tests...done (0ms) 
 set [265/847] : HELZ2 - 15189 variants...
     -reading in genotypes, computing gene-based tests and building masks...done (28264ms) 
     -computing association tests...done (25ms) 
     -computing joint association tests...done (0ms) 
 set [266/847] : HM13 - 22910 variants...
     -reading in genotypes, computing gene-based tests and building masks...done (43812ms) 
     -computing association tests...done (32ms) 
     -computing joint association tests...done (0ms) 
 set [267/847] : HM13-AS1 - 3138 variants...
     -reading in genotypes, computing gene-based tests and building masks...done (5158ms) 
     -computing association tests...done (15ms) 
     -computing joint association tests...done (0ms) 
 set [268/847] : HMGB1P1 - 3916 variants...
     -reading in genotypes, computing gene-based tests and building masks...done (8846ms) 
     -computing association tests...done (70ms) 
     -computing joint association tests...done (0ms) 
 set [269/847] : HMGB3P1 - 3327 variants...
     -reading in genotypes, computing gene-based tests and building masks...done (7269ms) 
     -computing association tests...done (11ms) 
     -computing joint association tests...done (0ms) 
 set [270/847] : HMGB3P2 - 197 variants...
     -reading in genotypes, computing gene-based tests and building masks...done (584ms) 
     -computing association tests...done (5ms) 
     -computing joint association tests...done (0ms) 
 set [271/847] : HNF4A - 40581 variants...
     -reading in genotypes, computing gene-based tests and building masks...done (87483ms) 
     -computing association tests...done (30ms) 
     -computing joint association tests...done (0ms) 
 set [272/847] : HNRNPA1P3 - 4064 variants...
     -reading in genotypes, computing gene-based tests and building masks...done (9949ms) 
     -computing association tests...done (15ms) 
     -computing joint association tests...done (0ms) 
 set [273/847] : HRH3 - 12924 variants...
     -reading in genotypes, computing gene-based tests and building masks...done (231780ms) 
     -computing association tests...done (20ms) 
     -computing joint association tests...done (0ms) 
 set [274/847] : HSPA12B - 11085 variants...
     -reading in genotypes, computing gene-based tests and building masks...done (16249ms) 
     -computing association tests...done (16ms) 
     -computing joint association tests...done (0ms) 
 set [275/847] : HSPBAP1P1 - 3893 variants...
     -reading in genotypes, computing gene-based tests and building masks...done (5515ms) 
     -computing association tests...done (11ms) 
     -computing joint association tests...done (0ms) 
 set [276/847] : HSPD1P19 - 4757 variants...
     -reading in genotypes, computing gene-based tests and building masks...done (9284ms) 
     -computing association tests...done (15ms) 
     -computing joint association tests...done (0ms) 
 set [277/847] : HSPE1P1 - 4087 variants...
     -reading in genotypes, computing gene-based tests and building masks...done (11043ms) 
     -computing association tests...done (15ms) 
     -computing joint association tests...done (0ms) 
 set [278/847] : ID1 - 13558 variants...
     -reading in genotypes, computing gene-based tests and building masks...done (22508ms) 
     -computing association tests...done (18ms) 
     -computing joint association tests...done (0ms) 
 set [279/847] : IDH3B - 2392 variants...
     -reading in genotypes, computing gene-based tests and building masks...done (7187ms) 
     -computing association tests...done (87ms) 
     -computing joint association tests...done (0ms) 
 set [280/847] : IDH3B-DT - 668 variants...
     -reading in genotypes, computing gene-based tests and building masks...done (1241ms) 
     -computing association tests...done (11ms) 
     -computing joint association tests...done (0ms) 
 set [281/847] : IFT52 - 29212 variants...
     -reading in genotypes, computing gene-based tests and building masks...done (66877ms) 
     -computing association tests...done (83ms) 
     -computing joint association tests...done (0ms) 
 set [282/847] : IL9RP5 - 896 variants...
     -reading in genotypes, computing gene-based tests and building masks...done (3220ms) 
     -computing association tests...done (9ms) 
     -computing joint association tests...done (0ms) 
 set [283/847] : INSM1 - 5146 variants...
     -reading in genotypes, computing gene-based tests and building masks...done (7719ms) 
     -computing association tests...done (45ms) 
     -computing joint association tests...done (0ms) 
 set [284/847] : IQSEC3P3 - 1590 variants...
     -reading in genotypes, computing gene-based tests and building masks...done (13005ms) 
     -computing association tests...done (8ms) 
     -computing joint association tests...done (0ms) 
 set [285/847] : ISM1 - 34899 variants...
     -reading in genotypes, computing gene-based tests and building masks...done (70844ms) 
     -computing association tests...done (22ms) 
     -computing joint association tests...done (0ms) 
 set [286/847] : ITCH - 67979 variants...
     -reading in genotypes, computing gene-based tests and building masks...done (152189ms) 
     -computing association tests...done (24ms) 
     -computing joint association tests...done (0ms) 
 set [287/847] : ITPA - 9208 variants...
     -reading in genotypes, computing gene-based tests and building masks...done (18481ms) 
     -computing association tests...done (16ms) 
     -computing joint association tests...done (0ms) 
 set [288/847] : JAG1 - 19843 variants...
     -reading in genotypes, computing gene-based tests and building masks...done (36323ms) 
     -computing association tests...done (21ms) 
     -computing joint association tests...done (0ms) 
 set [289/847] : JPH2 - 50684 variants...
     -reading in genotypes, computing gene-based tests and building masks...done (454056ms) 
     -computing association tests...done (24ms) 
     -computing joint association tests...done (0ms) 
 set [290/847] : KANK1P1 - 816 variants...
     -reading in genotypes, computing gene-based tests and building masks...done (6620ms) 
     -computing association tests...done (12ms) 
     -computing joint association tests...done (0ms) 
 set [291/847] : KAT14 - 17624 variants...
     -reading in genotypes, computing gene-based tests and building masks...done (29100ms) 
     -computing association tests...done (19ms) 
     -computing joint association tests...done (0ms) 
 set [292/847] : KCNB1 - 54794 variants...
     -reading in genotypes, computing gene-based tests and building masks...done (112717ms) 
     -computing association tests...done (121ms) 
     -computing joint association tests...done (0ms) 
 set [293/847] : KCNG1 - 12216 variants...
     -reading in genotypes, computing gene-based tests and building masks...done (19718ms) 
     -computing association tests...done (80ms) 
     -computing joint association tests...done (0ms) 
 set [294/847] : KCNK15 - 7040 variants...
     -reading in genotypes, computing gene-based tests and building masks...done (11003ms) 
     -computing association tests...done (136ms) 
     -computing joint association tests...done (0ms) 
 set [295/847] : KCNK15-AS1 - 25479 variants...
     -reading in genotypes, computing gene-based tests and building masks...done (45446ms) 
     -computing association tests...done (19ms) 
     -computing joint association tests...done (0ms) 
 set [296/847] : KCNQ2 - 53072 variants...
     -reading in genotypes, computing gene-based tests and building masks...done (129230ms) 
     -computing association tests...done (24ms) 
     -computing joint association tests...done (0ms) 
 set [297/847] : KCNS1 - 7350 variants...
     -reading in genotypes, computing gene-based tests and building masks...done (13533ms) 
     -computing association tests...done (98ms) 
     -computing joint association tests...done (0ms) 
 set [298/847] : KIAA1755 - 24403 variants...
     -reading in genotypes, computing gene-based tests and building masks...done (36973ms) 
     -computing association tests...done (25ms) 
     -computing joint association tests...done (0ms) 
 set [299/847] : KIF16B - 125603 variants...
     -reading in genotypes, computing gene-based tests and building masks...done (358243ms) 
     -computing association tests...done (88ms) 
     -computing joint association tests...done (0ms) 
 set [300/847] : KIF3B - 33122 variants...
     -reading in genotypes, computing gene-based tests and building masks...done (91161ms) 
     -computing association tests...done (81ms) 
     -computing joint association tests...done (0ms) 
 set [301/847] : KIZ - 52098 variants...
     -reading in genotypes, computing gene-based tests and building masks...done (83666ms) 
     -computing association tests...done (19ms) 
     -computing joint association tests...done (0ms) 
 set [302/847] : KRT18P3 - 684 variants...
     -reading in genotypes, computing gene-based tests and building masks...done (1637ms) 
     -computing association tests...done (9ms) 
     -computing joint association tests...done (0ms) 
 set [303/847] : KRT18P4 - 396 variants...
     -reading in genotypes, computing gene-based tests and building masks...done (2930ms) 
     -computing association tests...done (12ms) 
     -computing joint association tests...done (0ms) 
 set [304/847] : L3MBTL1 - 26500 variants...
     -reading in genotypes, computing gene-based tests and building masks...done (43321ms) 
     -computing association tests...done (82ms) 
     -computing joint association tests...done (0ms) 
 set [305/847] : LAMA5 - 50312 variants...
     -reading in genotypes, computing gene-based tests and building masks...done (152383ms) 
     -computing association tests...done (37ms) 
     -computing joint association tests...done (0ms) 
 set [306/847] : LAMP5 - 10170 variants...
     -reading in genotypes, computing gene-based tests and building masks...done (24189ms) 
     -computing association tests...done (78ms) 
     -computing joint association tests...done (0ms) 
 set [307/847] : LAMP5-AS1 - 3984 variants...
     -reading in genotypes, computing gene-based tests and building masks...done (7515ms) 
     -computing association tests...done (15ms) 
     -computing joint association tests...done (0ms) 
 set [308/847] : LBP - 20343 variants...
     -reading in genotypes, computing gene-based tests and building masks...done (31043ms) 
     -computing association tests...done (24ms) 
     -computing joint association tests...done (0ms) 
 set [309/847] : LCDR - 605 variants...
     -reading in genotypes, computing gene-based tests and building masks...done (3818ms) 
     -computing association tests...done (12ms) 
     -computing joint association tests...done (0ms) 
 set [310/847] : LIME1 - 1267 variants...
     -reading in genotypes, computing gene-based tests and building masks...done (4190ms) 
     -computing association tests...done (158ms) 
     -computing joint association tests...done (0ms) 
 set [311/847] : LIN28AP3 - 4824 variants...
     -reading in genotypes, computing gene-based tests and building masks...done (7050ms) 
     -computing association tests...done (76ms) 
     -computing joint association tests...done (0ms) 
 set [312/847] : LINC00028 - 1145 variants...
     -reading in genotypes, computing gene-based tests and building masks...done (2287ms) 
     -computing association tests...done (91ms) 
     -computing joint association tests...done (0ms) 
 set [313/847] : LINC00029 - 4010 variants...
     -reading in genotypes, computing gene-based tests and building masks...done (8554ms) 
     -computing association tests...done (16ms) 
     -computing joint association tests...done (0ms) 
 set [314/847] : LINC00237 - 22930 variants...
     -reading in genotypes, computing gene-based tests and building masks...done (32692ms) 
     -computing association tests...done (82ms) 
     -computing joint association tests...done (0ms) 
 set [315/847] : LINC00261 - 15658 variants...
     -reading in genotypes, computing gene-based tests and building masks...done (24179ms) 
     -computing association tests...done (102ms) 
     -computing joint association tests...done (0ms) 
 set [316/847] : LINC00489 - 6102 variants...
     -reading in genotypes, computing gene-based tests and building masks...done (15691ms) 
     -computing association tests...done (16ms) 
     -computing joint association tests...done (0ms) 
 set [317/847] : LINC00494 - 8886 variants...
     -reading in genotypes, computing gene-based tests and building masks...done (21626ms) 
     -computing association tests...done (29ms) 
     -computing joint association tests...done (0ms) 
 set [318/847] : LINC00652 - 5016 variants...
     -reading in genotypes, computing gene-based tests and building masks...done (11014ms) 
     -computing association tests...done (73ms) 
     -computing joint association tests...done (0ms) 
 set [319/847] : LINC00654 - 12060 variants...
     -reading in genotypes, computing gene-based tests and building masks...done (30401ms) 
     -computing association tests...done (17ms) 
     -computing joint association tests...done (0ms) 
 set [320/847] : LINC00656 - 12189 variants...
     -reading in genotypes, computing gene-based tests and building masks...done (20268ms) 
     -computing association tests...done (17ms) 
     -computing joint association tests...done (0ms) 
 set [321/847] : LINC00658 - 685 variants...
     -reading in genotypes, computing gene-based tests and building masks...done (20128ms) 
     -computing association tests...done (6ms) 
     -computing joint association tests...done (0ms) 
 set [322/847] : LINC00659 - 6195 variants...
     -reading in genotypes, computing gene-based tests and building masks...done (14102ms) 
     -computing association tests...done (17ms) 
     -computing joint association tests...done (0ms) 
 set [323/847] : LINC00686 - 7411 variants...
     -reading in genotypes, computing gene-based tests and building masks...done (19301ms) 
     -computing association tests...done (163ms) 
     -computing joint association tests...done (0ms) 
 set [324/847] : LINC00687 - 38105 variants...
     -reading in genotypes, computing gene-based tests and building masks...done (67614ms) 
     -computing association tests...done (16ms) 
     -computing joint association tests...done (0ms) 
 set [325/847] : LINC00851 - 2265 variants...
     -reading in genotypes, computing gene-based tests and building masks...done (6794ms) 
     -computing association tests...done (16ms) 
     -computing joint association tests...done (0ms) 
 set [326/847] : LINC01056 - 12433 variants...
     -reading in genotypes, computing gene-based tests and building masks...done (21207ms) 
     -computing association tests...done (45ms) 
     -computing joint association tests...done (0ms) 
 set [327/847] : LINC01270 - 5354 variants...
     -reading in genotypes, computing gene-based tests and building masks...done (12233ms) 
     -computing association tests...done (83ms) 
     -computing joint association tests...done (0ms) 
 set [328/847] : LINC01271 - 10486 variants...
     -reading in genotypes, computing gene-based tests and building masks...done (15074ms) 
     -computing association tests...done (19ms) 
     -computing joint association tests...done (0ms) 
 set [329/847] : LINC01273 - 6396 variants...
     -reading in genotypes, computing gene-based tests and building masks...done (13917ms) 
     -computing association tests...done (70ms) 
     -computing joint association tests...done (0ms) 
 set [330/847] : LINC01275 - 3239 variants...
     -reading in genotypes, computing gene-based tests and building masks...done (4834ms) 
     -computing association tests...done (17ms) 
     -computing joint association tests...done (0ms) 
 set [331/847] : LINC01370 - 20612 variants...
     -reading in genotypes, computing gene-based tests and building masks...done (34644ms) 
     -computing association tests...done (18ms) 
     -computing joint association tests...done (0ms) 
 set [332/847] : LINC01427 - 14352 variants...
     -reading in genotypes, computing gene-based tests and building masks...done (24203ms) 
     -computing association tests...done (18ms) 
     -computing joint association tests...done (0ms) 
 set [333/847] : LINC01428 - 50594 variants...
     -reading in genotypes, computing gene-based tests and building masks...done (90137ms) 
     -computing association tests...done (78ms) 
     -computing joint association tests...done (0ms) 
 set [334/847] : LINC01429 - 19802 variants...
     -reading in genotypes, computing gene-based tests and building masks...done (38917ms) 
     -computing association tests...done (79ms) 
     -computing joint association tests...done (0ms) 
 set [335/847] : LINC01432 - 13711 variants...
     -reading in genotypes, computing gene-based tests and building masks...done (26661ms) 
     -computing association tests...done (18ms) 
     -computing joint association tests...done (0ms) 
 set [336/847] : LINC01433 - 3611 variants...
     -reading in genotypes, computing gene-based tests and building masks...done (10607ms) 
     -computing association tests...done (19ms) 
     -computing joint association tests...done (0ms) 
 set [337/847] : LINC01440 - 195865 variants...
     -reading in genotypes, computing gene-based tests and building masks...done (853746ms) 
     -computing association tests...done (32ms) 
     -computing joint association tests...done (0ms) 
 set [338/847] : LINC01441 - 1865 variants...
     -reading in genotypes, computing gene-based tests and building masks...done (6396ms) 
     -computing association tests...done (82ms) 
     -computing joint association tests...done (0ms) 
 set [339/847] : LINC01522 - 5385 variants...
     -reading in genotypes, computing gene-based tests and building masks...done (10191ms) 
     -computing association tests...done (80ms) 
     -computing joint association tests...done (0ms) 
 set [340/847] : LINC01523 - 7981 variants...
     -reading in genotypes, computing gene-based tests and building masks...done (14740ms) 
     -computing association tests...done (130ms) 
     -computing joint association tests...done (0ms) 
 set [341/847] : LINC01524 - 189507 variants...
     -reading in genotypes, computing gene-based tests and building masks...done (694493ms) 
     -computing association tests...done (19ms) 
     -computing joint association tests...done (0ms) 
 set [342/847] : LINC01597 - 14779 variants...
     -reading in genotypes, computing gene-based tests and building masks...done (29806ms) 
     -computing association tests...done (18ms) 
     -computing joint association tests...done (0ms) 
 set [343/847] : LINC01620 - 13787 variants...
     -reading in genotypes, computing gene-based tests and building masks...done (27452ms) 
     -computing association tests...done (17ms) 
     -computing joint association tests...done (0ms) 
 set [344/847] : LINC01706 - 11777 variants...
     -reading in genotypes, computing gene-based tests and building masks...done (15530ms) 
     -computing association tests...done (17ms) 
     -computing joint association tests...done (0ms) 
 set [345/847] : LINC01711 - 5723 variants...
     -reading in genotypes, computing gene-based tests and building masks...done (11645ms) 
     -computing association tests...done (16ms) 
     -computing joint association tests...done (0ms) 
 set [346/847] : LINC01713 - 6023 variants...
     -reading in genotypes, computing gene-based tests and building masks...done (12449ms) 
     -computing association tests...done (43ms) 
     -computing joint association tests...done (0ms) 
 set [347/847] : LINC01716 - 23797 variants...
     -reading in genotypes, computing gene-based tests and building masks...done (49090ms) 
     -computing association tests...done (79ms) 
     -computing joint association tests...done (0ms) 
 set [348/847] : LINC01718 - 2746 variants...
     -reading in genotypes, computing gene-based tests and building masks...done (7779ms) 
     -computing association tests...done (79ms) 
     -computing joint association tests...done (0ms) 
 set [349/847] : LINC01721 - 81686 variants...
     -reading in genotypes, computing gene-based tests and building masks...done (164309ms) 
     -computing association tests...done (19ms) 
     -computing joint association tests...done (0ms) 
 set [350/847] : LINC01722 - 39788 variants...
     -reading in genotypes, computing gene-based tests and building masks...done (76080ms) 
     -computing association tests...done (20ms) 
     -computing joint association tests...done (0ms) 
 set [351/847] : LINC01723 - 18900 variants...
     -reading in genotypes, computing gene-based tests and building masks...done (30089ms) 
     -computing association tests...done (18ms) 
     -computing joint association tests...done (0ms) 
 set [352/847] : LINC01726 - 40565 variants...
     -reading in genotypes, computing gene-based tests and building masks...done (65106ms) 
     -computing association tests...done (81ms) 
     -computing joint association tests...done (0ms) 
 set [353/847] : LINC01727 - 19272 variants...
     -reading in genotypes, computing gene-based tests and building masks...done (36825ms) 
     -computing association tests...done (17ms) 
     -computing joint association tests...done (0ms) 
 set [354/847] : LINC01728 - 4487 variants...
     -reading in genotypes, computing gene-based tests and building masks...done (10839ms) 
     -computing association tests...done (14ms) 
     -computing joint association tests...done (0ms) 
 set [355/847] : LINC01730 - 263 variants...
     -reading in genotypes, computing gene-based tests and building masks...done (971ms) 
     -computing association tests...done (2ms) 
     -computing joint association tests...done (0ms) 
 set [356/847] : LINC01733 - 9994 variants...
     -reading in genotypes, computing gene-based tests and building masks...done (21955ms) 
     -computing association tests...done (71ms) 
     -computing joint association tests...done (0ms) 
 set [357/847] : LINC01734 - 7995 variants...
     -reading in genotypes, computing gene-based tests and building masks...done (12211ms) 
     -computing association tests...done (29ms) 
     -computing joint association tests...done (0ms) 
 set [358/847] : LINC01742 - 5678 variants...
     -reading in genotypes, computing gene-based tests and building masks...done (8372ms) 
     -computing association tests...done (16ms) 
     -computing joint association tests...done (0ms) 
 set [359/847] : LINC01746 - 14906 variants...
     -reading in genotypes, computing gene-based tests and building masks...done (33125ms) 
     -computing association tests...done (90ms) 
     -computing joint association tests...done (0ms) 
 set [360/847] : LINC01747 - 12335 variants...
     -reading in genotypes, computing gene-based tests and building masks...done (21743ms) 
     -computing association tests...done (18ms) 
     -computing joint association tests...done (0ms) 
 set [361/847] : LINC01749 - 27027 variants...
     -reading in genotypes, computing gene-based tests and building masks...done (61003ms) 
     -computing association tests...done (18ms) 
     -computing joint association tests...done (0ms) 
 set [362/847] : LINC01751 - 6581 variants...
     -reading in genotypes, computing gene-based tests and building masks...done (13564ms) 
     -computing association tests...done (16ms) 
     -computing joint association tests...done (0ms) 
 set [363/847] : LINC01752 - 71782 variants...
     -reading in genotypes, computing gene-based tests and building masks...done (146487ms) 
     -computing association tests...done (17ms) 
     -computing joint association tests...done (0ms) 
 set [364/847] : LINC01754 - 30223 variants...
     -reading in genotypes, computing gene-based tests and building masks...done (55113ms) 
     -computing association tests...done (78ms) 
     -computing joint association tests...done (0ms) 
 set [365/847] : LINC02871 - 21565 variants...
     -reading in genotypes, computing gene-based tests and building masks...done (29748ms) 
     -computing association tests...done (17ms) 
     -computing joint association tests...done (0ms) 
 set [366/847] : LINC02967 - 1094 variants...
     -reading in genotypes, computing gene-based tests and building masks...done (7459ms) 
     -computing association tests...done (8ms) 
     -computing joint association tests...done (0ms) 
 set [367/847] : LINC02970 - 8373 variants...
     -reading in genotypes, computing gene-based tests and building masks...done (17990ms) 
     -computing association tests...done (17ms) 
     -computing joint association tests...done (0ms) 
 set [368/847] : LINC03079 - 555 variants...
     -reading in genotypes, computing gene-based tests and building masks...done (1287ms) 
     -computing association tests...done (6ms) 
     -computing joint association tests...done (0ms) 
 set [369/847] : LINC03083 - 5313 variants...
     -reading in genotypes, computing gene-based tests and building masks...done (9900ms) 
     -computing association tests...done (15ms) 
     -computing joint association tests...done (0ms) 
 set [370/847] : LINC03086 - 6497 variants...
     -reading in genotypes, computing gene-based tests and building masks...done (11231ms) 
     -computing association tests...done (84ms) 
     -computing joint association tests...done (0ms) 
 set [371/847] : LINC03125 - 23747 variants...
     -reading in genotypes, computing gene-based tests and building masks...done (48725ms) 
     -computing association tests...done (21ms) 
     -computing joint association tests...done (0ms) 
 set [372/847] : LKAAEAR1 - 2773 variants...
     -reading in genotypes, computing gene-based tests and building masks...done (12404ms) 
     -computing association tests...done (87ms) 
     -computing joint association tests...done (0ms) 
 set [373/847] : LLPHP1 - 2866 variants...
     -reading in genotypes, computing gene-based tests and building masks...done (7858ms) 
     -computing association tests...done (76ms) 
     -computing joint association tests...done (0ms) 
 set [374/847] : LNCNEF - 10233 variants...
     -reading in genotypes, computing gene-based tests and building masks...done (13787ms) 
     -computing association tests...done (17ms) 
     -computing joint association tests...done (0ms) 
 set [375/847] : LPIN3 - 7698 variants...
     -reading in genotypes, computing gene-based tests and building masks...done (11835ms) 
     -computing association tests...done (81ms) 
     -computing joint association tests...done (0ms) 
 set [376/847] : LRRN4 - 7785 variants...
     -reading in genotypes, computing gene-based tests and building masks...done (16251ms) 
     -computing association tests...done (76ms) 
     -computing joint association tests...done (0ms) 
 set [377/847] : LSM14B - 6794 variants...
     -reading in genotypes, computing gene-based tests and building masks...done (15559ms) 
     -computing association tests...done (81ms) 
     -computing joint association tests...done (0ms) 
 set [378/847] : LZTS3 - 6539 variants...
     -reading in genotypes, computing gene-based tests and building masks...done (11279ms) 
     -computing association tests...done (18ms) 
     -computing joint association tests...done (0ms) 
 set [379/847] : MACROD2 - 871926 variants...
     -reading in genotypes, computing gene-based tests and building masks...done (25657786ms) 
     -computing association tests...done (20ms) 
     -computing joint association tests...done (0ms) 
 set [380/847] : MAFB - 6054 variants...
     -reading in genotypes, computing gene-based tests and building masks...done (12726ms) 
     -computing association tests...done (103ms) 
     -computing joint association tests...done (0ms) 
 set [381/847] : MANBAL - 15255 variants...
     -reading in genotypes, computing gene-based tests and building masks...done (28983ms) 
     -computing association tests...done (17ms) 
     -computing joint association tests...done (2ms) 
 set [382/847] : MAP1LC3A - 5810 variants...
     -reading in genotypes, computing gene-based tests and building masks...done (16739ms) 
     -computing association tests...done (70ms) 
     -computing joint association tests...done (0ms) 
 set [383/847] : MAPRE1 - 18627 variants...
     -reading in genotypes, computing gene-based tests and building masks...done (37950ms) 
     -computing association tests...done (19ms) 
     -computing joint association tests...done (0ms) 
 set [384/847] : MATN4 - 5553 variants...
     -reading in genotypes, computing gene-based tests and building masks...done (10653ms) 
     -computing association tests...done (73ms) 
     -computing joint association tests...done (0ms) 
 set [385/847] : MAVS - 20245 variants...
     -reading in genotypes, computing gene-based tests and building masks...done (39086ms) 
     -computing association tests...done (76ms) 
     -computing joint association tests...done (0ms) 
 set [386/847] : MC3R - 4588 variants...
     -reading in genotypes, computing gene-based tests and building masks...done (10796ms) 
     -computing association tests...done (16ms) 
     -computing joint association tests...done (0ms) 
 set [387/847] : MCM8 - 21581 variants...
     -reading in genotypes, computing gene-based tests and building masks...done (36285ms) 
     -computing association tests...done (24ms) 
     -computing joint association tests...done (2ms) 
 set [388/847] : MCTS2 - 4393 variants...
     -reading in genotypes, computing gene-based tests and building masks...done (14092ms) 
     -computing association tests...done (17ms) 
     -computing joint association tests...done (0ms) 
 set [389/847] : Metazoa_SRP - 2043 variants...
     -reading in genotypes, computing gene-based tests and building masks...done (28853ms) 
     -computing association tests...done (14ms) 
     -computing joint association tests...done (0ms) 
 set [390/847] : MGME1 - 11882 variants...
     -reading in genotypes, computing gene-based tests and building masks...done (22970ms) 
     -computing association tests...done (24ms) 
     -computing joint association tests...done (0ms) 
 set [391/847] : MHENCR - 801 variants...
     -reading in genotypes, computing gene-based tests and building masks...done (3673ms) 
     -computing association tests...done (9ms) 
     -computing joint association tests...done (0ms) 
 set [392/847] : MIR1-1 - 25 variants...
     -reading in genotypes, computing gene-based tests and building masks...done (2372ms) 
     -computing association tests...done (1ms) 
     -computing joint association tests...done (0ms) 
 set [393/847] : MIR1-1HG - 10676 variants...
     -reading in genotypes, computing gene-based tests and building masks...done (16212ms) 
     -computing association tests...done (89ms) 
     -computing joint association tests...done (0ms) 
 set [394/847] : MIR124-3 - 23 variants...
     -reading in genotypes, computing gene-based tests and building masks...done (648ms) 
     -computing association tests...done (1ms) 
     -computing joint association tests...done (0ms) 
 set [395/847] : MIR1257 - 5917 variants...
     -reading in genotypes, computing gene-based tests and building masks...done (20704ms) 
     -computing association tests...done (16ms) 
     -computing joint association tests...done (0ms) 
 set [396/847] : MIR1289-1 - 634 variants...
     -reading in genotypes, computing gene-based tests and building masks...done (1428ms) 
     -computing association tests...done (11ms) 
     -computing joint association tests...done (0ms) 
 set [397/847] : MIR133A2 - 21 variants...
     -reading in genotypes, computing gene-based tests and building masks...done (855ms) 
     -computing association tests...done (1ms) 
     -computing joint association tests...done (0ms) 
 set [398/847] : MIR3193 - 346 variants...
     -reading in genotypes, computing gene-based tests and building masks...done (839ms) 
     -computing association tests...done (1ms) 
     -computing joint association tests...done (0ms) 
 set [399/847] : MIR4325 - 28 variants...
     -reading in genotypes, computing gene-based tests and building masks...done (300ms) 
     -computing association tests...done (1ms) 
     -computing joint association tests...done (0ms) 
 set [400/847] : MIR4533 - 31 variants...
     -reading in genotypes, computing gene-based tests and building masks...done (3765ms) 
     -computing association tests...done (27ms) 
     -computing joint association tests...done (0ms) 
 set [401/847] : MIR548AG2 - 26 variants...
     -reading in genotypes, computing gene-based tests and building masks...done (1078ms) 
     -computing association tests...done (1ms) 
     -computing joint association tests...done (0ms) 
 set [402/847] : MIR646 - 37 variants...
     -reading in genotypes, computing gene-based tests and building masks...done (2429ms) 
     -computing association tests...done (9ms) 
     -computing joint association tests...done (0ms) 
 set [403/847] : MIR646HG - 252693 variants...
     -reading in genotypes, computing gene-based tests and building masks...done (1232981ms) 
     -computing association tests...done (19ms) 
     -computing joint association tests...done (0ms) 
 set [404/847] : MIR663A - 66 variants...
     -reading in genotypes, computing gene-based tests and building masks...done (890ms) 
     -computing association tests...done (1ms) 
     -computing joint association tests...done (0ms) 
 set [405/847] : MIR663AHG - 12848 variants...
     -reading in genotypes, computing gene-based tests and building masks...done (21877ms) 
     -computing association tests...done (18ms) 
     -computing joint association tests...done (0ms) 
 set [406/847] : MIR8062 - 1622 variants...
     -reading in genotypes, computing gene-based tests and building masks...done (2711ms) 
     -computing association tests...done (14ms) 
     -computing joint association tests...done (0ms) 
 set [407/847] : MKKS - 16232 variants...
     -reading in genotypes, computing gene-based tests and building masks...done (24486ms) 
     -computing association tests...done (82ms) 
     -computing joint association tests...done (0ms) 
 set [408/847] : MMP24 - 25979 variants...
     -reading in genotypes, computing gene-based tests and building masks...done (48428ms) 
     -computing association tests...done (143ms) 
     -computing joint association tests...done (0ms) 
 set [409/847] : MMP9 - 7780 variants...
     -reading in genotypes, computing gene-based tests and building masks...done (16634ms) 
     -computing association tests...done (19ms) 
     -computing joint association tests...done (13ms) 
 set [410/847] : MOCS3 - 2252 variants...
     -reading in genotypes, computing gene-based tests and building masks...done (3583ms) 
     -computing association tests...done (74ms) 
     -computing joint association tests...done (0ms) 
 set [411/847] : MRGBP - 5069 variants...
     -reading in genotypes, computing gene-based tests and building masks...done (9403ms) 
     -computing association tests...done (30ms) 
     -computing joint association tests...done (0ms) 
 set [412/847] : MROH8 - 30326 variants...
     -reading in genotypes, computing gene-based tests and building masks...done (48763ms) 
     -computing association tests...done (142ms) 
     -computing joint association tests...done (0ms) 
 set [413/847] : MRPS11P1 - 4121 variants...
     -reading in genotypes, computing gene-based tests and building masks...done (5755ms) 
     -computing association tests...done (75ms) 
     -computing joint association tests...done (0ms) 
 set [414/847] : MRPS16P2 - 3898 variants...
     -reading in genotypes, computing gene-based tests and building masks...done (7401ms) 
     -computing association tests...done (9ms) 
     -computing joint association tests...done (0ms) 
 set [415/847] : MRPS26 - 5435 variants...
     -reading in genotypes, computing gene-based tests and building masks...done (11386ms) 
     -computing association tests...done (14ms) 
     -computing joint association tests...done (2ms) 
 set [416/847] : MRPS33P4 - 108 variants...
     -reading in genotypes, computing gene-based tests and building masks...done (1516ms) 
     -computing association tests...done (106ms) 
     -computing joint association tests...done (0ms) 
 set [417/847] : MT1P3 - 3355 variants...
     -reading in genotypes, computing gene-based tests and building masks...done (4864ms) 
     -computing association tests...done (70ms) 
     -computing joint association tests...done (0ms) 
 set [418/847] : MTCL2 - 39563 variants...
     -reading in genotypes, computing gene-based tests and building masks...done (93962ms) 
     -computing association tests...done (32ms) 
     -computing joint association tests...done (0ms) 
 set [419/847] : MTCO2P1 - 185 variants...
     -reading in genotypes, computing gene-based tests and building masks...done (462ms) 
     -computing association tests...done (1ms) 
     -computing joint association tests...done (0ms) 
 set [420/847] : MTG2 - 10700 variants...
     -reading in genotypes, computing gene-based tests and building masks...done (27094ms) 
     -computing association tests...done (19ms) 
     -computing joint association tests...done (0ms) 
 set [421/847] : MYBL2 - 29396 variants...
     -reading in genotypes, computing gene-based tests and building masks...done (60754ms) 
     -computing association tests...done (35ms) 
     -computing joint association tests...done (0ms) 
 set [422/847] : MYH7B - 24261 variants...
     -reading in genotypes, computing gene-based tests and building masks...done (41058ms) 
     -computing association tests...done (79ms) 
     -computing joint association tests...done (0ms) 
 set [423/847] : MYL9 - 8480 variants...
     -reading in genotypes, computing gene-based tests and building masks...done (13437ms) 
     -computing association tests...done (46ms) 
     -computing joint association tests...done (0ms) 
 set [424/847] : MYLK2 - 9726 variants...
     -reading in genotypes, computing gene-based tests and building masks...done (16167ms) 
     -computing association tests...done (95ms) 
     -computing joint association tests...done (0ms) 
 set [425/847] : MYT1 - 79399 variants...
     -reading in genotypes, computing gene-based tests and building masks...done (663373ms) 
     -computing association tests...done (85ms) 
     -computing joint association tests...done (0ms) 
 set [426/847] : NAA20 - 8857 variants...
     -reading in genotypes, computing gene-based tests and building masks...done (19573ms) 
     -computing association tests...done (40ms) 
     -computing joint association tests...done (0ms) 
 set [427/847] : NANP - 8514 variants...
     -reading in genotypes, computing gene-based tests and building masks...done (11848ms) 
     -computing association tests...done (20ms) 
     -computing joint association tests...done (0ms) 
 set [428/847] : NAPB - 20373 variants...
     -reading in genotypes, computing gene-based tests and building masks...done (41548ms) 
     -computing association tests...done (18ms) 
     -computing joint association tests...done (0ms) 
 set [429/847] : NCOA3 - 81063 variants...
     -reading in genotypes, computing gene-based tests and building masks...done (225203ms) 
     -computing association tests...done (173ms) 
     -computing joint association tests...done (0ms) 
 set [430/847] : NCOA5 - 17357 variants...
     -reading in genotypes, computing gene-based tests and building masks...done (28432ms) 
     -computing association tests...done (20ms) 
     -computing joint association tests...done (0ms) 
 set [431/847] : NCOA6 - 50399 variants...
     -reading in genotypes, computing gene-based tests and building masks...done (84740ms) 
     -computing association tests...done (138ms) 
     -computing joint association tests...done (0ms) 
 set [432/847] : NDRG3 - 46793 variants...
     -reading in genotypes, computing gene-based tests and building masks...done (118976ms) 
     -computing association tests...done (88ms) 
     -computing joint association tests...done (0ms) 
 set [433/847] : NDUFAF5 - 18629 variants...
     -reading in genotypes, computing gene-based tests and building masks...done (26846ms) 
     -computing association tests...done (84ms) 
     -computing joint association tests...done (0ms) 
 set [434/847] : NDUFB4P10 - 3778 variants...
     -reading in genotypes, computing gene-based tests and building masks...done (8883ms) 
     -computing association tests...done (15ms) 
     -computing joint association tests...done (0ms) 
 set [435/847] : NECAB3 - 1022 variants...
     -reading in genotypes, computing gene-based tests and building masks...done (3066ms) 
     -computing association tests...done (69ms) 
     -computing joint association tests...done (0ms) 
 set [436/847] : NELFCD - 6591 variants...
     -reading in genotypes, computing gene-based tests and building masks...done (12302ms) 
     -computing association tests...done (18ms) 
     -computing joint association tests...done (0ms) 
 set [437/847] : NEURL2 - 4305 variants...
     -reading in genotypes, computing gene-based tests and building masks...done (8695ms) 
     -computing association tests...done (148ms) 
     -computing joint association tests...done (0ms) 
 set [438/847] : NFATC2 - 80771 variants...
     -reading in genotypes, computing gene-based tests and building masks...done (202947ms) 
     -computing association tests...done (81ms) 
     -computing joint association tests...done (0ms) 
 set [439/847] : NFS1 - 15004 variants...
     -reading in genotypes, computing gene-based tests and building masks...done (22450ms) 
     -computing association tests...done (19ms) 
     -computing joint association tests...done (0ms) 
 set [440/847] : NINL - 62848 variants...
     -reading in genotypes, computing gene-based tests and building masks...done (124101ms) 
     -computing association tests...done (26ms) 
     -computing joint association tests...done (0ms) 
 set [441/847] : NIPAL1P1 - 324 variants...
     -reading in genotypes, computing gene-based tests and building masks...done (5079ms) 
     -computing association tests...done (6ms) 
     -computing joint association tests...done (0ms) 
 set [442/847] : NKAIN4 - 13413 variants...
     -reading in genotypes, computing gene-based tests and building masks...done (34909ms) 
     -computing association tests...done (21ms) 
     -computing joint association tests...done (0ms) 
 set [443/847] : NKX2-2 - 7197 variants...
     -reading in genotypes, computing gene-based tests and building masks...done (16465ms) 
     -computing association tests...done (71ms) 
     -computing joint association tests...done (14ms) 
 set [444/847] : NKX2-4 - 3736 variants...
     -reading in genotypes, computing gene-based tests and building masks...done (7154ms) 
     -computing association tests...done (15ms) 
     -computing joint association tests...done (0ms) 
 set [445/847] : NOL4L - 69348 variants...
     -reading in genotypes, computing gene-based tests and building masks...done (173352ms) 
     -computing association tests...done (157ms) 
     -computing joint association tests...done (0ms) 
 set [446/847] : NOL4L-DT - 9927 variants...
     -reading in genotypes, computing gene-based tests and building masks...done (14743ms) 
     -computing association tests...done (72ms) 
     -computing joint association tests...done (0ms) 
 set [447/847] : NOP56 - 8228 variants...
     -reading in genotypes, computing gene-based tests and building masks...done (22127ms) 
     -computing association tests...done (130ms) 
     -computing joint association tests...done (0ms) 
 set [448/847] : NORAD - 3988 variants...
     -reading in genotypes, computing gene-based tests and building masks...done (6561ms) 
     -computing association tests...done (28ms) 
     -computing joint association tests...done (0ms) 
 set [449/847] : NPBWR2 - 4996 variants...
     -reading in genotypes, computing gene-based tests and building masks...done (12293ms) 
     -computing association tests...done (15ms) 
     -computing joint association tests...done (0ms) 
 set [450/847] : NPEPL1 - 24595 variants...
     -reading in genotypes, computing gene-based tests and building masks...done (44692ms) 
     -computing association tests...done (71ms) 
     -computing joint association tests...done (0ms) 
 set [451/847] : NRSN2 - 8285 variants...
     -reading in genotypes, computing gene-based tests and building masks...done (15116ms) 
     -computing association tests...done (15ms) 
     -computing joint association tests...done (0ms) 
 set [452/847] : NRSN2-AS1 - 6542 variants...
     -reading in genotypes, computing gene-based tests and building masks...done (9656ms) 
     -computing association tests...done (18ms) 
     -computing joint association tests...done (0ms) 
 set [453/847] : NSFL1C - 13298 variants...
     -reading in genotypes, computing gene-based tests and building masks...done (23699ms) 
     -computing association tests...done (76ms) 
     -computing joint association tests...done (0ms) 
 set [454/847] : NTSR1 - 36125 variants...
     -reading in genotypes, computing gene-based tests and building masks...done (102670ms) 
     -computing association tests...done (88ms) 
     -computing joint association tests...done (0ms) 
 set [455/847] : NXT1 - 5054 variants...
     -reading in genotypes, computing gene-based tests and building masks...done (12886ms) 
     -computing association tests...done (14ms) 
     -computing joint association tests...done (0ms) 
 set [456/847] : NXT1-AS1 - 18118 variants...
     -reading in genotypes, computing gene-based tests and building masks...done (26729ms) 
     -computing association tests...done (43ms) 
     -computing joint association tests...done (2ms) 
 set [457/847] : OCSTAMP - 7118 variants...
     -reading in genotypes, computing gene-based tests and building masks...done (17433ms) 
     -computing association tests...done (78ms) 
     -computing joint association tests...done (2ms) 
 set [458/847] : OGFR - 9720 variants...
     -reading in genotypes, computing gene-based tests and building masks...done (14821ms) 
     -computing association tests...done (19ms) 
     -computing joint association tests...done (22ms) 
 set [459/847] : OPRL1 - 26168 variants...
     -reading in genotypes, computing gene-based tests and building masks...done (409946ms) 
     -computing association tests...done (117ms) 
     -computing joint association tests...done (12ms) 
 set [460/847] : OSBPL2 - 36285 variants...
     -reading in genotypes, computing gene-based tests and building masks...done (81713ms) 
     -computing association tests...done (81ms) 
     -computing joint association tests...done (12ms) 
 set [461/847] : OSER1 - 11355 variants...
     -reading in genotypes, computing gene-based tests and building masks...done (20843ms) 
     -computing association tests...done (148ms) 
     -computing joint association tests...done (2ms) 
 set [462/847] : OSER1-DT - 4522 variants...
     -reading in genotypes, computing gene-based tests and building masks...done (7552ms) 
     -computing association tests...done (82ms) 
     -computing joint association tests...done (0ms) 
 set [463/847] : OTOR - 13777 variants...
     -reading in genotypes, computing gene-based tests and building masks...done (21854ms) 
     -computing association tests...done (20ms) 
     -computing joint association tests...done (0ms) 
 set [464/847] : OVOL2 - 24699 variants...
     -reading in genotypes, computing gene-based tests and building masks...done (50211ms) 
     -computing association tests...done (21ms) 
     -computing joint association tests...done (0ms) 
 set [465/847] : OXT - 4969 variants...
     -reading in genotypes, computing gene-based tests and building masks...done (13334ms) 
     -computing association tests...done (16ms) 
     -computing joint association tests...done (0ms) 
 set [466/847] : PA2G4P2 - 4773 variants...
     -reading in genotypes, computing gene-based tests and building masks...done (7129ms) 
     -computing association tests...done (15ms) 
     -computing joint association tests...done (0ms) 
 set [467/847] : PABPC1L - 12038 variants...
     -reading in genotypes, computing gene-based tests and building masks...done (29647ms) 
     -computing association tests...done (80ms) 
     -computing joint association tests...done (0ms) 
 set [468/847] : PAK5 - 126712 variants...
     -reading in genotypes, computing gene-based tests and building masks...done (345234ms) 
     -computing association tests...done (122ms) 
     -computing joint association tests...done (0ms) 
 set [469/847] : PANK2 - 18930 variants...
     -reading in genotypes, computing gene-based tests and building masks...done (33918ms) 
     -computing association tests...done (76ms) 
     -computing joint association tests...done (0ms) 
 set [470/847] : PANK2-AS1 - 1945 variants...
     -reading in genotypes, computing gene-based tests and building masks...done (3429ms) 
     -computing association tests...done (71ms) 
     -computing joint association tests...done (0ms) 
 set [471/847] : PARAL1 - 13456 variants...
     -reading in genotypes, computing gene-based tests and building masks...done (19340ms) 
     -computing association tests...done (75ms) 
     -computing joint association tests...done (0ms) 
 set [472/847] : PARD6B - 16669 variants...
     -reading in genotypes, computing gene-based tests and building masks...done (31823ms) 
     -computing association tests...done (21ms) 
     -computing joint association tests...done (0ms) 
 set [473/847] : PAX1 - 21543 variants...
     -reading in genotypes, computing gene-based tests and building masks...done (50587ms) 
     -computing association tests...done (134ms) 
     -computing joint association tests...done (0ms) 
 set [474/847] : PCED1A - 4927 variants...
     -reading in genotypes, computing gene-based tests and building masks...done (8627ms) 
     -computing association tests...done (132ms) 
     -computing joint association tests...done (0ms) 
 set [475/847] : PCIF1 - 9744 variants...
     -reading in genotypes, computing gene-based tests and building masks...done (16163ms) 
     -computing association tests...done (75ms) 
     -computing joint association tests...done (0ms) 
 set [476/847] : PCK1 - 7281 variants...
     -reading in genotypes, computing gene-based tests and building masks...done (23309ms) 
     -computing association tests...done (75ms) 
     -computing joint association tests...done (0ms) 
 set [477/847] : PCMTD1P7 - 1770 variants...
     -reading in genotypes, computing gene-based tests and building masks...done (8222ms) 
     -computing association tests...done (10ms) 
     -computing joint association tests...done (0ms) 
 set [478/847] : PCMTD2 - 14637 variants...
     -reading in genotypes, computing gene-based tests and building masks...done (26042ms) 
     -computing association tests...done (100ms) 
     -computing joint association tests...done (0ms) 
 set [479/847] : PCNA - 3043 variants...
     -reading in genotypes, computing gene-based tests and building masks...done (8694ms) 
     -computing association tests...done (119ms) 
     -computing joint association tests...done (0ms) 
 set [480/847] : PCSK2 - 116387 variants...
     -reading in genotypes, computing gene-based tests and building masks...done (306924ms) 
     -computing association tests...done (19ms) 
     -computing joint association tests...done (0ms) 
 set [481/847] : PDRG1 - 7167 variants...
     -reading in genotypes, computing gene-based tests and building masks...done (22506ms) 
     -computing association tests...done (29ms) 
     -computing joint association tests...done (0ms) 
 set [482/847] : PDYN - 10617 variants...
     -reading in genotypes, computing gene-based tests and building masks...done (16809ms) 
     -computing association tests...done (115ms) 
     -computing joint association tests...done (0ms) 
 set [483/847] : PDYN-AS1 - 25550 variants...
     -reading in genotypes, computing gene-based tests and building masks...done (36742ms) 
     -computing association tests...done (29ms) 
     -computing joint association tests...done (0ms) 
 set [484/847] : PEDS1 - 18887 variants...
     -reading in genotypes, computing gene-based tests and building masks...done (33857ms) 
     -computing association tests...done (19ms) 
     -computing joint association tests...done (0ms) 
 set [485/847] : PELATON - 15775 variants...
     -reading in genotypes, computing gene-based tests and building masks...done (32565ms) 
     -computing association tests...done (19ms) 
     -computing joint association tests...done (0ms) 
 set [486/847] : PET117 - 7130 variants...
     -reading in genotypes, computing gene-based tests and building masks...done (16555ms) 
     -computing association tests...done (17ms) 
     -computing joint association tests...done (0ms) 
 set [487/847] : PFDN4 - 10526 variants...
     -reading in genotypes, computing gene-based tests and building masks...done (17797ms) 
     -computing association tests...done (19ms) 
     -computing joint association tests...done (0ms) 
 set [488/847] : PGAM3P - 5208 variants...
     -reading in genotypes, computing gene-based tests and building masks...done (14633ms) 
     -computing association tests...done (15ms) 
     -computing joint association tests...done (0ms) 
 set [489/847] : PGBD4P2 - 4369 variants...
     -reading in genotypes, computing gene-based tests and building masks...done (6386ms) 
     -computing association tests...done (15ms) 
     -computing joint association tests...done (0ms) 
 set [490/847] : PHACTR3 - 130473 variants...
     -reading in genotypes, computing gene-based tests and building masks...done (420127ms) 
     -computing association tests...done (20ms) 
     -computing joint association tests...done (0ms) 
 set [491/847] : PHF20 - 76451 variants...
     -reading in genotypes, computing gene-based tests and building masks...done (154262ms) 
     -computing association tests...done (25ms) 
     -computing joint association tests...done (0ms) 
 set [492/847] : PHKBP1 - 4495 variants...
     -reading in genotypes, computing gene-based tests and building masks...done (8258ms) 
     -computing association tests...done (15ms) 
     -computing joint association tests...done (0ms) 
 set [493/847] : PI3 - 4786 variants...
     -reading in genotypes, computing gene-based tests and building masks...done (12194ms) 
     -computing association tests...done (194ms) 
     -computing joint association tests...done (0ms) 
 set [494/847] : PIEZO1P1 - 4290 variants...
     -reading in genotypes, computing gene-based tests and building masks...done (6050ms) 
     -computing association tests...done (14ms) 
     -computing joint association tests...done (0ms) 
 set [495/847] : PIEZO1P2 - 15046 variants...
     -reading in genotypes, computing gene-based tests and building masks...done (22681ms) 
     -computing association tests...done (23ms) 
     -computing joint association tests...done (18ms) 
 set [496/847] : PIGPP3 - 4067 variants...
     -reading in genotypes, computing gene-based tests and building masks...done (5922ms) 
     -computing association tests...done (74ms) 
     -computing joint association tests...done (0ms) 
 set [497/847] : PIGT - 12024 variants...
     -reading in genotypes, computing gene-based tests and building masks...done (29282ms) 
     -computing association tests...done (123ms) 
     -computing joint association tests...done (0ms) 
 set [498/847] : PIGU - 53963 variants...
     -reading in genotypes, computing gene-based tests and building masks...done (128727ms) 
     -computing association tests...done (22ms) 
     -computing joint association tests...done (0ms) 
 set [499/847] : PKIG - 38114 variants...
     -reading in genotypes, computing gene-based tests and building masks...done (66282ms) 
     -computing association tests...done (18ms) 
     -computing joint association tests...done (0ms) 
 set [500/847] : PLAGL2 - 7813 variants...
     -reading in genotypes, computing gene-based tests and building masks...done (13161ms) 
     -computing association tests...done (12ms) 
     -computing joint association tests...done (0ms) 
 set [501/847] : PLCB1 - 368215 variants...
     -reading in genotypes, computing gene-based tests and building masks...done (3075577ms) 
     -computing association tests...done (84ms) 
     -computing joint association tests...done (0ms) 
 set [502/847] : PLCB4 - 168804 variants...
     -reading in genotypes, computing gene-based tests and building masks...done (475247ms) 
     -computing association tests...done (27ms) 
     -computing joint association tests...done (0ms) 
 set [503/847] : PLCG1 - 16977 variants...
     -reading in genotypes, computing gene-based tests and building masks...done (27237ms) 
     -computing association tests...done (21ms) 
     -computing joint association tests...done (0ms) 
 set [504/847] : PLCG1-AS1 - 1131 variants...
     -reading in genotypes, computing gene-based tests and building masks...done (2263ms) 
     -computing association tests...done (10ms) 
     -computing joint association tests...done (0ms) 
 set [505/847] : PLTP - 9345 variants...
     -reading in genotypes, computing gene-based tests and building masks...done (22674ms) 
     -computing association tests...done (182ms) 
     -computing joint association tests...done (0ms) 
 set [506/847] : PMEPA1 - 32688 variants...
     -reading in genotypes, computing gene-based tests and building masks...done (55380ms) 
     -computing association tests...done (23ms) 
     -computing joint association tests...done (0ms) 
 set [507/847] : POFUT1 - 13394 variants...
     -reading in genotypes, computing gene-based tests and building masks...done (20282ms) 
     -computing association tests...done (17ms) 
     -computing joint association tests...done (0ms) 
 set [508/847] : POLR3F - 3363 variants...
     -reading in genotypes, computing gene-based tests and building masks...done (7516ms) 
     -computing association tests...done (72ms) 
     -computing joint association tests...done (0ms) 
 set [509/847] : PPDPF - 4477 variants...
     -reading in genotypes, computing gene-based tests and building masks...done (11534ms) 
     -computing association tests...done (21ms) 
     -computing joint association tests...done (0ms) 
 set [510/847] : PPIAP17 - 212 variants...
     -reading in genotypes, computing gene-based tests and building masks...done (2786ms) 
     -computing association tests...done (27ms) 
     -computing joint association tests...done (0ms) 
 set [511/847] : PPIAP21 - 4433 variants...
     -reading in genotypes, computing gene-based tests and building masks...done (6963ms) 
     -computing association tests...done (79ms) 
     -computing joint association tests...done (0ms) 
 set [512/847] : PPIAP3 - 1006 variants...
     -reading in genotypes, computing gene-based tests and building masks...done (2276ms) 
     -computing association tests...done (6ms) 
     -computing joint association tests...done (0ms) 
 set [513/847] : PPP1R16B - 55582 variants...
     -reading in genotypes, computing gene-based tests and building masks...done (113521ms) 
     -computing association tests...done (18ms) 
     -computing joint association tests...done (0ms) 
 set [514/847] : PPP4R1L - 136 variants...
     -reading in genotypes, computing gene-based tests and building masks...done (2072ms) 
     -computing association tests...done (3ms) 
     -computing joint association tests...done (0ms) 
 set [515/847] : PRELID3B - 5611 variants...
     -reading in genotypes, computing gene-based tests and building masks...done (12805ms) 
     -computing association tests...done (16ms) 
     -computing joint association tests...done (0ms) 
 set [516/847] : PREX1 - 91219 variants...
     -reading in genotypes, computing gene-based tests and building masks...done (200091ms) 
     -computing association tests...done (86ms) 
     -computing joint association tests...done (0ms) 
 set [517/847] : PRND - 8388 variants...
     -reading in genotypes, computing gene-based tests and building masks...done (16347ms) 
     -computing association tests...done (21ms) 
     -computing joint association tests...done (0ms) 
 set [518/847] : PRNP - 9397 variants...
     -reading in genotypes, computing gene-based tests and building masks...done (19712ms) 
     -computing association tests...done (19ms) 
     -computing joint association tests...done (0ms) 
 set [519/847] : PRNT - 5340 variants...
     -reading in genotypes, computing gene-based tests and building masks...done (10756ms) 
     -computing association tests...done (16ms) 
     -computing joint association tests...done (0ms) 
 set [520/847] : PROCR - 17572 variants...
     -reading in genotypes, computing gene-based tests and building masks...done (38141ms) 
     -computing association tests...done (75ms) 
     -computing joint association tests...done (0ms) 
 set [521/847] : PROKR2 - 12001 variants...
     -reading in genotypes, computing gene-based tests and building masks...done (25668ms) 
     -computing association tests...done (100ms) 
     -computing joint association tests...done (0ms) 
 set [522/847] : PRPF6 - 27618 variants...
     -reading in genotypes, computing gene-based tests and building masks...done (44377ms) 
     -computing association tests...done (17ms) 
     -computing joint association tests...done (0ms) 
 set [523/847] : PSMA7 - 5869 variants...
     -reading in genotypes, computing gene-based tests and building masks...done (13896ms) 
     -computing association tests...done (77ms) 
     -computing joint association tests...done (0ms) 
 set [524/847] : PSMF1 - 28640 variants...
     -reading in genotypes, computing gene-based tests and building masks...done (53561ms) 
     -computing association tests...done (20ms) 
     -computing joint association tests...done (0ms) 
 set [525/847] : PTGIS - 29473 variants...
     -reading in genotypes, computing gene-based tests and building masks...done (51782ms) 
     -computing association tests...done (109ms) 
     -computing joint association tests...done (0ms) 
 set [526/847] : PTK6 - 10555 variants...
     -reading in genotypes, computing gene-based tests and building masks...done (40040ms) 
     -computing association tests...done (123ms) 
     -computing joint association tests...done (0ms) 
 set [527/847] : PTMAP3 - 7789 variants...
     -reading in genotypes, computing gene-based tests and building masks...done (12798ms) 
     -computing association tests...done (17ms) 
     -computing joint association tests...done (0ms) 
 set [528/847] : PTMAP6 - 158 variants...
     -reading in genotypes, computing gene-based tests and building masks...done (3079ms) 
     -computing association tests...done (2ms) 
     -computing joint association tests...done (0ms) 
 set [529/847] : PTPN1 - 34285 variants...
     -reading in genotypes, computing gene-based tests and building masks...done (59379ms) 
     -computing association tests...done (20ms) 
     -computing joint association tests...done (0ms) 
 set [530/847] : PTPRA - 72599 variants...
     -reading in genotypes, computing gene-based tests and building masks...done (150883ms) 
     -computing association tests...done (46ms) 
     -computing joint association tests...done (0ms) 
 set [531/847] : PTPRT - 505389 variants...
     -reading in genotypes, computing gene-based tests and building masks...done (5600253ms) 
     -computing association tests...done (85ms) 
     -computing joint association tests...done (0ms) 
 set [532/847] : PTPRT-DT - 5027 variants...
     -reading in genotypes, computing gene-based tests and building masks...done (6920ms) 
     -computing association tests...done (13ms) 
     -computing joint association tests...done (0ms) 
 set [533/847] : PXMP4 - 14546 variants...
     -reading in genotypes, computing gene-based tests and building masks...done (32701ms) 
     -computing association tests...done (20ms) 
     -computing joint association tests...done (0ms) 
 set [534/847] : PYGB - 30432 variants...
     -reading in genotypes, computing gene-based tests and building masks...done (53131ms) 
     -computing association tests...done (84ms) 
     -computing joint association tests...done (0ms) 
 set [535/847] : R3HDML - 10095 variants...
     -reading in genotypes, computing gene-based tests and building masks...done (16827ms) 
     -computing association tests...done (20ms) 
     -computing joint association tests...done (0ms) 
 set [536/847] : RAB22A - 28570 variants...
     -reading in genotypes, computing gene-based tests and building masks...done (50547ms) 
     -computing association tests...done (20ms) 
     -computing joint association tests...done (0ms) 
 set [537/847] : RAB5IF - 8998 variants...
     -reading in genotypes, computing gene-based tests and building masks...done (20088ms) 
     -computing association tests...done (17ms) 
     -computing joint association tests...done (0ms) 
 set [538/847] : RAD21L1 - 16026 variants...
     -reading in genotypes, computing gene-based tests and building masks...done (27388ms) 
     -computing association tests...done (187ms) 
     -computing joint association tests...done (0ms) 
 set [539/847] : RAE1 - 18924 variants...
     -reading in genotypes, computing gene-based tests and building masks...done (56762ms) 
     -computing association tests...done (21ms) 
     -computing joint association tests...done (0ms) 
 set [540/847] : RALGAPA2 - 131294 variants...
     -reading in genotypes, computing gene-based tests and building masks...done (354953ms) 
     -computing association tests...done (89ms) 
     -computing joint association tests...done (0ms) 
 set [541/847] : RALGAPB - 42443 variants...
     -reading in genotypes, computing gene-based tests and building masks...done (71987ms) 
     -computing association tests...done (27ms) 
     -computing joint association tests...done (0ms) 
 set [542/847] : RALY - 40632 variants...
     -reading in genotypes, computing gene-based tests and building masks...done (76148ms) 
     -computing association tests...done (95ms) 
     -computing joint association tests...done (0ms) 
 set [543/847] : RALY-AS1 - 5528 variants...
     -reading in genotypes, computing gene-based tests and building masks...done (7921ms) 
     -computing association tests...done (80ms) 
     -computing joint association tests...done (0ms) 
 set [544/847] : RARRES2P11 - 45 variants...
     -reading in genotypes, computing gene-based tests and building masks...done (11774ms) 
     -computing association tests...done (1ms) 
     -computing joint association tests...done (0ms) 
 set [545/847] : RASSF2 - 23693 variants...
     -reading in genotypes, computing gene-based tests and building masks...done (47815ms) 
     -computing association tests...done (106ms) 
     -computing joint association tests...done (3ms) 
 set [546/847] : RBBP8NL - 19260 variants...
     -reading in genotypes, computing gene-based tests and building masks...done (38519ms) 
     -computing association tests...done (114ms) 
     -computing joint association tests...done (19ms) 
 set [547/847] : RBBP9 - 9448 variants...
     -reading in genotypes, computing gene-based tests and building masks...done (29889ms) 
     -computing association tests...done (90ms) 
     -computing joint association tests...done (23ms) 
 set [548/847] : RBCK1 - 19323 variants...
     -reading in genotypes, computing gene-based tests and building masks...done (50925ms) 
     -computing association tests...done (23ms) 
     -computing joint association tests...done (26ms) 
 set [549/847] : RBL1 - 48039 variants...
     -reading in genotypes, computing gene-based tests and building masks...done (89648ms) 
     -computing association tests...done (151ms) 
     -computing joint association tests...done (11ms) 
 set [550/847] : RBM12 - 10432 variants...
     -reading in genotypes, computing gene-based tests and building masks...done (16929ms) 
     -computing association tests...done (94ms) 
     -computing joint association tests...done (10ms) 
 set [551/847] : RBM38 - 16096 variants...
     -reading in genotypes, computing gene-based tests and building masks...done (32120ms) 
     -computing association tests...done (91ms) 
     -computing joint association tests...done (20ms) 
 set [552/847] : RBM38-AS1 - 887 variants...
     -reading in genotypes, computing gene-based tests and building masks...done (1764ms) 
     -computing association tests...done (73ms) 
     -computing joint association tests...done (0ms) 
 set [553/847] : RBM39 - 22021 variants...
     -reading in genotypes, computing gene-based tests and building masks...done (44869ms) 
     -computing association tests...done (19ms) 
     -computing joint association tests...done (0ms) 
 set [554/847] : RBPJL - 10527 variants...
     -reading in genotypes, computing gene-based tests and building masks...done (17360ms) 
     -computing association tests...done (128ms) 
     -computing joint association tests...done (0ms) 
 set [555/847] : REM1 - 6175 variants...
     -reading in genotypes, computing gene-based tests and building masks...done (10687ms) 
     -computing association tests...done (20ms) 
     -computing joint association tests...done (0ms) 
 set [556/847] : RGS19 - 6254 variants...
     -reading in genotypes, computing gene-based tests and building masks...done (23585ms) 
     -computing association tests...done (30ms) 
     -computing joint association tests...done (0ms) 
 set [557/847] : RIMS4 - 24516 variants...
     -reading in genotypes, computing gene-based tests and building masks...done (40847ms) 
     -computing association tests...done (30ms) 
     -computing joint association tests...done (0ms) 
 set [558/847] : RIN2 - 108243 variants...
     -reading in genotypes, computing gene-based tests and building masks...done (277088ms) 
     -computing association tests...done (21ms) 
     -computing joint association tests...done (0ms) 
 set [559/847] : RIPOR3 - 56044 variants...
     -reading in genotypes, computing gene-based tests and building masks...done (110195ms) 
     -computing association tests...done (124ms) 
     -computing joint association tests...done (0ms) 
 set [560/847] : RN7SKP111 - 218 variants...
     -reading in genotypes, computing gene-based tests and building masks...done (746ms) 
     -computing association tests...done (10ms) 
     -computing joint association tests...done (0ms) 
 set [561/847] : RN7SKP140 - 4222 variants...
     -reading in genotypes, computing gene-based tests and building masks...done (5785ms) 
     -computing association tests...done (15ms) 
     -computing joint association tests...done (0ms) 
 set [562/847] : RN7SKP185 - 3662 variants...
     -reading in genotypes, computing gene-based tests and building masks...done (9269ms) 
     -computing association tests...done (84ms) 
     -computing joint association tests...done (0ms) 
 set [563/847] : RN7SKP33 - 1731 variants...
     -reading in genotypes, computing gene-based tests and building masks...done (2954ms) 
     -computing association tests...done (14ms) 
     -computing joint association tests...done (0ms) 
 set [564/847] : RN7SL14P - 2405 variants...
     -reading in genotypes, computing gene-based tests and building masks...done (4821ms) 
     -computing association tests...done (17ms) 
     -computing joint association tests...done (0ms) 
 set [565/847] : RN7SL156P - 809 variants...
     -reading in genotypes, computing gene-based tests and building masks...done (1840ms) 
     -computing association tests...done (9ms) 
     -computing joint association tests...done (0ms) 
 set [566/847] : RN7SL170P - 128 variants...
     -reading in genotypes, computing gene-based tests and building masks...done (714ms) 
     -computing association tests...done (9ms) 
     -computing joint association tests...done (0ms) 
 set [567/847] : RN7SL197P - 3677 variants...
     -reading in genotypes, computing gene-based tests and building masks...done (12198ms) 
     -computing association tests...done (73ms) 
     -computing joint association tests...done (0ms) 
 set [568/847] : RN7SL237P - 2400 variants...
     -reading in genotypes, computing gene-based tests and building masks...done (6724ms) 
     -computing association tests...done (15ms) 
     -computing joint association tests...done (0ms) 
 set [569/847] : RN7SL547P - 4399 variants...
     -reading in genotypes, computing gene-based tests and building masks...done (6308ms) 
     -computing association tests...done (76ms) 
     -computing joint association tests...done (0ms) 
 set [570/847] : RN7SL555P - 5088 variants...
     -reading in genotypes, computing gene-based tests and building masks...done (7199ms) 
     -computing association tests...done (15ms) 
     -computing joint association tests...done (0ms) 
 set [571/847] : RN7SL561P - 1234 variants...
     -reading in genotypes, computing gene-based tests and building masks...done (2694ms) 
     -computing association tests...done (83ms) 
     -computing joint association tests...done (0ms) 
 set [572/847] : RN7SL607P - 136 variants...
     -reading in genotypes, computing gene-based tests and building masks...done (729ms) 
     -computing association tests...done (27ms) 
     -computing joint association tests...done (0ms) 
 set [573/847] : RN7SL636P - 137 variants...
     -reading in genotypes, computing gene-based tests and building masks...done (5925ms) 
     -computing association tests...done (4ms) 
     -computing joint association tests...done (0ms) 
 set [574/847] : RN7SL666P - 3438 variants...
     -reading in genotypes, computing gene-based tests and building masks...done (5191ms) 
     -computing association tests...done (14ms) 
     -computing joint association tests...done (0ms) 
 set [575/847] : RN7SL680P - 130 variants...
     -reading in genotypes, computing gene-based tests and building masks...done (883ms) 
     -computing association tests...done (8ms) 
     -computing joint association tests...done (0ms) 
 set [576/847] : RNA5-8SP7 - 66 variants...
     -reading in genotypes, computing gene-based tests and building masks...done (229ms) 
     -computing association tests...done (1ms) 
     -computing joint association tests...done (0ms) 
 set [577/847] : RNA5SP474 - 789 variants...
     -reading in genotypes, computing gene-based tests and building masks...done (4815ms) 
     -computing association tests...done (10ms) 
     -computing joint association tests...done (0ms) 
 set [578/847] : RNA5SP478 - 50 variants...
     -reading in genotypes, computing gene-based tests and building masks...done (1363ms) 
     -computing association tests...done (1ms) 
     -computing joint association tests...done (0ms) 
 set [579/847] : RNA5SP480 - 39 variants...
     -reading in genotypes, computing gene-based tests and building masks...done (1542ms) 
     -computing association tests...done (1ms) 
     -computing joint association tests...done (0ms) 
 set [580/847] : RNA5SP482 - 725 variants...
     -reading in genotypes, computing gene-based tests and building masks...done (2489ms) 
     -computing association tests...done (117ms) 
     -computing joint association tests...done (0ms) 
 set [581/847] : RNA5SP483 - 3741 variants...
     -reading in genotypes, computing gene-based tests and building masks...done (5264ms) 
     -computing association tests...done (383ms) 
     -computing joint association tests...done (0ms) 
 set [582/847] : RNA5SP484 - 52 variants...
     -reading in genotypes, computing gene-based tests and building masks...done (1316ms) 
     -computing association tests...done (1ms) 
     -computing joint association tests...done (0ms) 
 set [583/847] : RNA5SP486 - 2112 variants...
     -reading in genotypes, computing gene-based tests and building masks...done (7644ms) 
     -computing association tests...done (15ms) 
     -computing joint association tests...done (0ms) 
 set [584/847] : RNA5SP487 - 4286 variants...
     -reading in genotypes, computing gene-based tests and building masks...done (5957ms) 
     -computing association tests...done (72ms) 
     -computing joint association tests...done (0ms) 
 set [585/847] : RNA5SP528 - 4742 variants...
     -reading in genotypes, computing gene-based tests and building masks...done (11293ms) 
     -computing association tests...done (15ms) 
     -computing joint association tests...done (0ms) 
 set [586/847] : RNA5SP532 - 3856 variants...
     -reading in genotypes, computing gene-based tests and building masks...done (11222ms) 
     -computing association tests...done (15ms) 
     -computing joint association tests...done (0ms) 
 set [587/847] : RNF114 - 13382 variants...
     -reading in genotypes, computing gene-based tests and building masks...done (30205ms) 
     -computing association tests...done (75ms) 
     -computing joint association tests...done (0ms) 
 set [588/847] : RNF24 - 40494 variants...
     -reading in genotypes, computing gene-based tests and building masks...done (72853ms) 
     -computing association tests...done (31ms) 
     -computing joint association tests...done (0ms) 
 set [589/847] : RNU1-131P - 3375 variants...
     -reading in genotypes, computing gene-based tests and building masks...done (10356ms) 
     -computing association tests...done (14ms) 
     -computing joint association tests...done (0ms) 
 set [590/847] : RNU1-23P - 55 variants...
     -reading in genotypes, computing gene-based tests and building masks...done (1370ms) 
     -computing association tests...done (6ms) 
     -computing joint association tests...done (0ms) 
 set [591/847] : RNU1-55P - 4357 variants...
     -reading in genotypes, computing gene-based tests and building masks...done (6418ms) 
     -computing association tests...done (15ms) 
     -computing joint association tests...done (0ms) 
 set [592/847] : RNU2-52P - 1936 variants...
     -reading in genotypes, computing gene-based tests and building masks...done (3133ms) 
     -computing association tests...done (13ms) 
     -computing joint association tests...done (0ms) 
 set [593/847] : RNU2-56P - 82 variants...
     -reading in genotypes, computing gene-based tests and building masks...done (513ms) 
     -computing association tests...done (1ms) 
     -computing joint association tests...done (0ms) 
 set [594/847] : RNU4ATAC7P - 5021 variants...
     -reading in genotypes, computing gene-based tests and building masks...done (8790ms) 
     -computing association tests...done (16ms) 
     -computing joint association tests...done (0ms) 
 set [595/847] : RNU6-1018P - 46 variants...
     -reading in genotypes, computing gene-based tests and building masks...done (3278ms) 
     -computing association tests...done (1ms) 
     -computing joint association tests...done (0ms) 
 set [596/847] : RNU6-1146P - 31 variants...
     -reading in genotypes, computing gene-based tests and building masks...done (2461ms) 
     -computing association tests...done (28ms) 
     -computing joint association tests...done (0ms) 
 set [597/847] : RNU6-1251P - 39 variants...
     -reading in genotypes, computing gene-based tests and building masks...done (442ms) 
     -computing association tests...done (1ms) 
     -computing joint association tests...done (0ms) 
 set [598/847] : RNU6-147P - 5068 variants...
     -reading in genotypes, computing gene-based tests and building masks...done (7760ms) 
     -computing association tests...done (16ms) 
     -computing joint association tests...done (0ms) 
 set [599/847] : RNU6-192P - 4082 variants...
     -reading in genotypes, computing gene-based tests and building masks...done (6081ms) 
     -computing association tests...done (78ms) 
     -computing joint association tests...done (0ms) 
 set [600/847] : RNU6-27P - 293 variants...
     -reading in genotypes, computing gene-based tests and building masks...done (1627ms) 
     -computing association tests...done (9ms) 
     -computing joint association tests...done (0ms) 
 set [601/847] : RNU6-347P - 43 variants...
     -reading in genotypes, computing gene-based tests and building masks...done (1259ms) 
     -computing association tests...done (1ms) 
     -computing joint association tests...done (0ms) 
 set [602/847] : RNU6-497P - 2001 variants...
     -reading in genotypes, computing gene-based tests and building masks...done (8884ms) 
     -computing association tests...done (11ms) 
     -computing joint association tests...done (0ms) 
 set [603/847] : RNU6-563P - 60 variants...
     -reading in genotypes, computing gene-based tests and building masks...done (330ms) 
     -computing association tests...done (1ms) 
     -computing joint association tests...done (0ms) 
 set [604/847] : RNU6-639P - 3845 variants...
     -reading in genotypes, computing gene-based tests and building masks...done (5104ms) 
     -computing association tests...done (14ms) 
     -computing joint association tests...done (0ms) 
 set [605/847] : RNU6-743P - 47 variants...
     -reading in genotypes, computing gene-based tests and building masks...done (1254ms) 
     -computing association tests...done (1ms) 
     -computing joint association tests...done (0ms) 
 set [606/847] : RNU6-917P - 44 variants...
     -reading in genotypes, computing gene-based tests and building masks...done (1565ms) 
     -computing association tests...done (1ms) 
     -computing joint association tests...done (0ms) 
 set [607/847] : RNU6-919P - 4109 variants...
     -reading in genotypes, computing gene-based tests and building masks...done (7830ms) 
     -computing association tests...done (14ms) 
     -computing joint association tests...done (0ms) 
 set [608/847] : RNU6-929P - 48 variants...
     -reading in genotypes, computing gene-based tests and building masks...done (2024ms) 
     -computing association tests...done (1ms) 
     -computing joint association tests...done (0ms) 
 set [609/847] : RNU6ATAC17P - 742 variants...
     -reading in genotypes, computing gene-based tests and building masks...done (5242ms) 
     -computing association tests...done (9ms) 
     -computing joint association tests...done (0ms) 
 set [610/847] : RNU7-137P - 2151 variants...
     -reading in genotypes, computing gene-based tests and building masks...done (3462ms) 
     -computing association tests...done (14ms) 
     -computing joint association tests...done (0ms) 
 set [611/847] : RNU7-141P - 2138 variants...
     -reading in genotypes, computing gene-based tests and building masks...done (3338ms) 
     -computing association tests...done (10ms) 
     -computing joint association tests...done (0ms) 
 set [612/847] : RNU7-144P - 2482 variants...
     -reading in genotypes, computing gene-based tests and building masks...done (9165ms) 
     -computing association tests...done (11ms) 
     -computing joint association tests...done (0ms) 
 set [613/847] : RNU7-14P - 24 variants...
     -reading in genotypes, computing gene-based tests and building masks...done (1216ms) 
     -computing association tests...done (1ms) 
     -computing joint association tests...done (0ms) 
 set [614/847] : RNU7-173P - 2298 variants...
     -reading in genotypes, computing gene-based tests and building masks...done (11294ms) 
     -computing association tests...done (15ms) 
     -computing joint association tests...done (0ms) 
 set [615/847] : RNU7-6P - 19 variants...
     -reading in genotypes, computing gene-based tests and building masks...done (1252ms) 
     -computing association tests...done (27ms) 
     -computing joint association tests...done (2ms) 
 set [616/847] : RNU7-92P - 2317 variants...
     -reading in genotypes, computing gene-based tests and building masks...done (3825ms) 
     -computing association tests...done (15ms) 
     -computing joint association tests...done (0ms) 
 set [617/847] : ROMO1 - 1388 variants...
     -reading in genotypes, computing gene-based tests and building masks...done (5731ms) 
     -computing association tests...done (185ms) 
     -computing joint association tests...done (0ms) 
 set [618/847] : RPF2P1 - 5435 variants...
     -reading in genotypes, computing gene-based tests and building masks...done (7554ms) 
     -computing association tests...done (15ms) 
     -computing joint association tests...done (0ms) 
 set [619/847] : RPL12P3 - 4988 variants...
     -reading in genotypes, computing gene-based tests and building masks...done (23763ms) 
     -computing association tests...done (15ms) 
     -computing joint association tests...done (0ms) 
 set [620/847] : RPL12P4 - 4999 variants...
     -reading in genotypes, computing gene-based tests and building masks...done (9024ms) 
     -computing association tests...done (15ms) 
     -computing joint association tests...done (0ms) 
 set [621/847] : RPL13P14 - 3448 variants...
     -reading in genotypes, computing gene-based tests and building masks...done (5573ms) 
     -computing association tests...done (14ms) 
     -computing joint association tests...done (0ms) 
 set [622/847] : RPL13P2 - 305 variants...
     -reading in genotypes, computing gene-based tests and building masks...done (1937ms) 
     -computing association tests...done (1ms) 
     -computing joint association tests...done (0ms) 
 set [623/847] : RPL15P1 - 4753 variants...
     -reading in genotypes, computing gene-based tests and building masks...done (6844ms) 
     -computing association tests...done (15ms) 
     -computing joint association tests...done (0ms) 
 set [624/847] : RPL19P1 - 4522 variants...
     -reading in genotypes, computing gene-based tests and building masks...done (11014ms) 
     -computing association tests...done (17ms) 
     -computing joint association tests...done (0ms) 
 set [625/847] : RPL21P2 - 4749 variants...
     -reading in genotypes, computing gene-based tests and building masks...done (7586ms) 
     -computing association tests...done (15ms) 
     -computing joint association tests...done (0ms) 
 set [626/847] : RPL24P2 - 3533 variants...
     -reading in genotypes, computing gene-based tests and building masks...done (10480ms) 
     -computing association tests...done (15ms) 
     -computing joint association tests...done (0ms) 
 set [627/847] : RPL27AP - 294 variants...
     -reading in genotypes, computing gene-based tests and building masks...done (1796ms) 
     -computing association tests...done (10ms) 
     -computing joint association tests...done (0ms) 
 set [628/847] : RPL31P3 - 1751 variants...
     -reading in genotypes, computing gene-based tests and building masks...done (8085ms) 
     -computing association tests...done (11ms) 
     -computing joint association tests...done (0ms) 
 set [629/847] : RPL35AP - 110 variants...
     -reading in genotypes, computing gene-based tests and building masks...done (6253ms) 
     -computing association tests...done (4ms) 
     -computing joint association tests...done (0ms) 
 set [630/847] : RPL36P1 - 92 variants...
     -reading in genotypes, computing gene-based tests and building masks...done (652ms) 
     -computing association tests...done (1ms) 
     -computing joint association tests...done (0ms) 
 set [631/847] : RPL37AP1 - 195 variants...
     -reading in genotypes, computing gene-based tests and building masks...done (756ms) 
     -computing association tests...done (101ms) 
     -computing joint association tests...done (0ms) 
 set [632/847] : RPL41P1 - 41 variants...
     -reading in genotypes, computing gene-based tests and building masks...done (966ms) 
     -computing association tests...done (1ms) 
     -computing joint association tests...done (0ms) 
 set [633/847] : RPL5P2 - 316 variants...
     -reading in genotypes, computing gene-based tests and building masks...done (1160ms) 
     -computing association tests...done (8ms) 
     -computing joint association tests...done (0ms) 
 set [634/847] : RPL7AP12 - 4108 variants...
     -reading in genotypes, computing gene-based tests and building masks...done (6038ms) 
     -computing association tests...done (13ms) 
     -computing joint association tests...done (0ms) 
 set [635/847] : RPL7AP13 - 54 variants...
     -reading in genotypes, computing gene-based tests and building masks...done (5618ms) 
     -computing association tests...done (131ms) 
     -computing joint association tests...done (0ms) 
 set [636/847] : RPL7AP14 - 5065 variants...
     -reading in genotypes, computing gene-based tests and building masks...done (20445ms) 
     -computing association tests...done (82ms) 
     -computing joint association tests...done (0ms) 
 set [637/847] : RPL7P2 - 6764 variants...
     -reading in genotypes, computing gene-based tests and building masks...done (19583ms) 
     -computing association tests...done (16ms) 
     -computing joint association tests...done (0ms) 
 set [638/847] : RPL7P3 - 285 variants...
     -reading in genotypes, computing gene-based tests and building masks...done (1164ms) 
     -computing association tests...done (112ms) 
     -computing joint association tests...done (0ms) 
 set [639/847] : RPLP0P1 - 1246 variants...
     -reading in genotypes, computing gene-based tests and building masks...done (2381ms) 
     -computing association tests...done (70ms) 
     -computing joint association tests...done (0ms) 
 set [640/847] : RPN2 - 29662 variants...
     -reading in genotypes, computing gene-based tests and building masks...done (64612ms) 
     -computing association tests...done (156ms) 
     -computing joint association tests...done (0ms) 
 set [641/847] : RPRD1B - 35408 variants...
     -reading in genotypes, computing gene-based tests and building masks...done (58529ms) 
     -computing association tests...done (20ms) 
     -computing joint association tests...done (0ms) 
 set [642/847] : RPS11P1 - 208 variants...
     -reading in genotypes, computing gene-based tests and building masks...done (9253ms) 
     -computing association tests...done (8ms) 
     -computing joint association tests...done (0ms) 
 set [643/847] : RPS19P1 - 256 variants...
     -reading in genotypes, computing gene-based tests and building masks...done (667ms) 
     -computing association tests...done (2ms) 
     -computing joint association tests...done (22ms) 
 set [644/847] : RPS21 - 1968 variants...
     -reading in genotypes, computing gene-based tests and building masks...done (9287ms) 
     -computing association tests...done (75ms) 
     -computing joint association tests...done (0ms) 
 set [645/847] : RPS21P7 - 5860 variants...
     -reading in genotypes, computing gene-based tests and building masks...done (10678ms) 
     -computing association tests...done (16ms) 
     -computing joint association tests...done (0ms) 
 set [646/847] : RPS2P1 - 3693 variants...
     -reading in genotypes, computing gene-based tests and building masks...done (5451ms) 
     -computing association tests...done (16ms) 
     -computing joint association tests...done (0ms) 
 set [647/847] : RPS2P7 - 2864 variants...
     -reading in genotypes, computing gene-based tests and building masks...done (4396ms) 
     -computing association tests...done (12ms) 
     -computing joint association tests...done (0ms) 
 set [648/847] : RPS4XP3 - 3743 variants...
     -reading in genotypes, computing gene-based tests and building masks...done (6825ms) 
     -computing association tests...done (14ms) 
     -computing joint association tests...done (0ms) 
 set [649/847] : RPSAP1 - 317 variants...
     -reading in genotypes, computing gene-based tests and building masks...done (966ms) 
     -computing association tests...done (79ms) 
     -computing joint association tests...done (0ms) 
 set [650/847] : RRBP1 - 33937 variants...
     -reading in genotypes, computing gene-based tests and building masks...done (50453ms) 
     -computing association tests...done (97ms) 
     -computing joint association tests...done (0ms) 
 set [651/847] : RSL24D1P6 - 2214 variants...
     -reading in genotypes, computing gene-based tests and building masks...done (16542ms) 
     -computing association tests...done (69ms) 
     -computing joint association tests...done (0ms) 
 set [652/847] : RSPO4 - 23720 variants...
     -reading in genotypes, computing gene-based tests and building masks...done (35729ms) 
     -computing association tests...done (23ms) 
     -computing joint association tests...done (0ms) 
 set [653/847] : RTEL1 - 18292 variants...
     -reading in genotypes, computing gene-based tests and building masks...done (32510ms) 
     -computing association tests...done (80ms) 
     -computing joint association tests...done (0ms) 
 set [654/847] : RTF2 - 23173 variants...
     -reading in genotypes, computing gene-based tests and building masks...done (36370ms) 
     -computing association tests...done (81ms) 
     -computing joint association tests...done (0ms) 
 set [655/847] : SALL4 - 13193 variants...
     -reading in genotypes, computing gene-based tests and building masks...done (26129ms) 
     -computing association tests...done (122ms) 
     -computing joint association tests...done (0ms) 
 set [656/847] : SAMD10 - 2570 variants...
     -reading in genotypes, computing gene-based tests and building masks...done (7031ms) 
     -computing association tests...done (74ms) 
     -computing joint association tests...done (0ms) 
 set [657/847] : SAMHD1 - 24994 variants...
     -reading in genotypes, computing gene-based tests and building masks...done (46627ms) 
     -computing association tests...done (31ms) 
     -computing joint association tests...done (0ms) 
 set [658/847] : SCAND1 - 4256 variants...
     -reading in genotypes, computing gene-based tests and building masks...done (19227ms) 
     -computing association tests...done (17ms) 
     -computing joint association tests...done (0ms) 
 set [659/847] : SCP2D1 - 4325 variants...
     -reading in genotypes, computing gene-based tests and building masks...done (10155ms) 
     -computing association tests...done (16ms) 
     -computing joint association tests...done (0ms) 
 set [660/847] : SCP2D1-AS1 - 9548 variants...
     -reading in genotypes, computing gene-based tests and building masks...done (12718ms) 
     -computing association tests...done (18ms) 
     -computing joint association tests...done (0ms) 
 set [661/847] : SCREEM1 - 6095 variants...
     -reading in genotypes, computing gene-based tests and building masks...done (10776ms) 
     -computing association tests...done (17ms) 
     -computing joint association tests...done (0ms) 
 set [662/847] : SCRT2 - 10295 variants...
     -reading in genotypes, computing gene-based tests and building masks...done (15142ms) 
     -computing association tests...done (18ms) 
     -computing joint association tests...done (0ms) 
 set [663/847] : SDAD1P2 - 5201 variants...
     -reading in genotypes, computing gene-based tests and building masks...done (13845ms) 
     -computing association tests...done (78ms) 
     -computing joint association tests...done (0ms) 
 set [664/847] : SDC4 - 13405 variants...
     -reading in genotypes, computing gene-based tests and building masks...done (19944ms) 
     -computing association tests...done (21ms) 
     -computing joint association tests...done (0ms) 
 set [665/847] : SDCBP2 - 11573 variants...
     -reading in genotypes, computing gene-based tests and building masks...done (18230ms) 
     -computing association tests...done (84ms) 
     -computing joint association tests...done (0ms) 
 set [666/847] : SDCBP2-AS1 - 12383 variants...
     -reading in genotypes, computing gene-based tests and building masks...done (20394ms) 
     -computing association tests...done (17ms) 
     -computing joint association tests...done (0ms) 
 set [667/847] : SEC23B - 25705 variants...
     -reading in genotypes, computing gene-based tests and building masks...done (40783ms) 
     -computing association tests...done (136ms) 
     -computing joint association tests...done (0ms) 
 set [668/847] : SEL1L2 - 68257 variants...
     -reading in genotypes, computing gene-based tests and building masks...done (168039ms) 
     -computing association tests...done (81ms) 
     -computing joint association tests...done (0ms) 
 set [669/847] : SEMG1 - 5932 variants...
     -reading in genotypes, computing gene-based tests and building masks...done (14407ms) 
     -computing association tests...done (94ms) 
     -computing joint association tests...done (0ms) 
 set [670/847] : SEMG2 - 5611 variants...
     -reading in genotypes, computing gene-based tests and building masks...done (14074ms) 
     -computing association tests...done (76ms) 
     -computing joint association tests...done (0ms) 
 set [671/847] : SERINC3 - 13579 variants...
     -reading in genotypes, computing gene-based tests and building masks...done (20427ms) 
     -computing association tests...done (152ms) 
     -computing joint association tests...done (0ms) 
 set [672/847] : SGK2 - 12972 variants...
     -reading in genotypes, computing gene-based tests and building masks...done (19176ms) 
     -computing association tests...done (74ms) 
     -computing joint association tests...done (0ms) 
 set [673/847] : SHLD1 - 52714 variants...
     -reading in genotypes, computing gene-based tests and building masks...done (108412ms) 
     -computing association tests...done (146ms) 
     -computing joint association tests...done (0ms) 
 set [674/847] : SIGLEC1 - 15595 variants...
     -reading in genotypes, computing gene-based tests and building masks...done (30198ms) 
     -computing association tests...done (130ms) 
     -computing joint association tests...done (0ms) 
 set [675/847] : SIRPA - 25985 variants...
     -reading in genotypes, computing gene-based tests and building masks...done (59300ms) 
     -computing association tests...done (24ms) 
     -computing joint association tests...done (0ms) 
 set [676/847] : SIRPB1 - 34685 variants...
     -reading in genotypes, computing gene-based tests and building masks...done (548323ms) 
     -computing association tests...done (21ms) 
     -computing joint association tests...done (0ms) 
 set [677/847] : SIRPB2 - 10883 variants...
     -reading in genotypes, computing gene-based tests and building masks...done (29850ms) 
     -computing association tests...done (81ms) 
     -computing joint association tests...done (0ms) 
 set [678/847] : SIRPB3P - 19195 variants...
     -reading in genotypes, computing gene-based tests and building masks...done (29397ms) 
     -computing association tests...done (17ms) 
     -computing joint association tests...done (0ms) 
 set [679/847] : SIRPD - 14156 variants...
     -reading in genotypes, computing gene-based tests and building masks...done (21489ms) 
     -computing association tests...done (83ms) 
     -computing joint association tests...done (0ms) 
 set [680/847] : SIRPG - 17193 variants...
     -reading in genotypes, computing gene-based tests and building masks...done (25709ms) 
     -computing association tests...done (22ms) 
     -computing joint association tests...done (0ms) 
 set [681/847] : SLA2 - 18259 variants...
     -reading in genotypes, computing gene-based tests and building masks...done (31649ms) 
     -computing association tests...done (82ms) 
     -computing joint association tests...done (0ms) 
 set [682/847] : SLC12A5 - 12883 variants...
     -reading in genotypes, computing gene-based tests and building masks...done (27986ms) 
     -computing association tests...done (22ms) 
     -computing joint association tests...done (0ms) 
 set [683/847] : SLC12A5-AS1 - 1615 variants...
     -reading in genotypes, computing gene-based tests and building masks...done (2907ms) 
     -computing association tests...done (14ms) 
     -computing joint association tests...done (0ms) 
 set [684/847] : SLC13A3 - 50310 variants...
     -reading in genotypes, computing gene-based tests and building masks...done (93621ms) 
     -computing association tests...done (21ms) 
     -computing joint association tests...done (0ms) 
 set [685/847] : SLC17A9 - 13270 variants...
     -reading in genotypes, computing gene-based tests and building masks...done (24873ms) 
     -computing association tests...done (128ms) 
     -computing joint association tests...done (0ms) 
 set [686/847] : SLC23A2 - 66536 variants...
     -reading in genotypes, computing gene-based tests and building masks...done (132933ms) 
     -computing association tests...done (24ms) 
     -computing joint association tests...done (0ms) 
 set [687/847] : SLC24A3 - 216411 variants...
     -reading in genotypes, computing gene-based tests and building masks...done (757927ms) 
     -computing association tests...done (22ms) 
     -computing joint association tests...done (0ms) 
 set [688/847] : SLC25A6P1 - 353 variants...
     -reading in genotypes, computing gene-based tests and building masks...done (802ms) 
     -computing association tests...done (2ms) 
     -computing joint association tests...done (0ms) 
 set [689/847] : SLC2A10 - 14881 variants...
     -reading in genotypes, computing gene-based tests and building masks...done (23718ms) 
     -computing association tests...done (79ms) 
     -computing joint association tests...done (0ms) 
 set [690/847] : SLC2A4RG - 8605 variants...
     -reading in genotypes, computing gene-based tests and building masks...done (21221ms) 
     -computing association tests...done (23ms) 
     -computing joint association tests...done (0ms) 
 set [691/847] : SLC32A1 - 6601 variants...
     -reading in genotypes, computing gene-based tests and building masks...done (9482ms) 
     -computing association tests...done (18ms) 
     -computing joint association tests...done (17ms) 
 set [692/847] : SLC35C2 - 11912 variants...
     -reading in genotypes, computing gene-based tests and building masks...done (23784ms) 
     -computing association tests...done (19ms) 
     -computing joint association tests...done (13ms) 
 set [693/847] : SLC4A11 - 7593 variants...
     -reading in genotypes, computing gene-based tests and building masks...done (14384ms) 
     -computing association tests...done (109ms) 
     -computing joint association tests...done (33ms) 
 set [694/847] : SLC52A3 - 12173 variants...
     -reading in genotypes, computing gene-based tests and building masks...done (25133ms) 
     -computing association tests...done (73ms) 
     -computing joint association tests...done (2ms) 
 set [695/847] : SLC9A8 - 40527 variants...
     -reading in genotypes, computing gene-based tests and building masks...done (84346ms) 
     -computing association tests...done (93ms) 
     -computing joint association tests...done (16ms) 
 set [696/847] : SLCO4A1 - 21938 variants...
     -reading in genotypes, computing gene-based tests and building masks...done (46673ms) 
     -computing association tests...done (78ms) 
     -computing joint association tests...done (0ms) 
 set [697/847] : SLPI - 4935 variants...
     -reading in genotypes, computing gene-based tests and building masks...done (13345ms) 
     -computing association tests...done (72ms) 
     -computing joint association tests...done (0ms) 
 set [698/847] : SLX4IP - 78215 variants...
     -reading in genotypes, computing gene-based tests and building masks...done (147321ms) 
     -computing association tests...done (93ms) 
     -computing joint association tests...done (0ms) 
 set [699/847] : SMIM26 - 3471 variants...
     -reading in genotypes, computing gene-based tests and building masks...done (8863ms) 
     -computing association tests...done (13ms) 
     -computing joint association tests...done (0ms) 
 set [700/847] : SMOX - 33707 variants...
     -reading in genotypes, computing gene-based tests and building masks...done (60438ms) 
     -computing association tests...done (82ms) 
     -computing joint association tests...done (0ms) 
 set [701/847] : SNAI1 - 9203 variants...
     -reading in genotypes, computing gene-based tests and building masks...done (15544ms) 
     -computing association tests...done (78ms) 
     -computing joint association tests...done (18ms) 
 set [702/847] : SNAP25 - 39249 variants...
     -reading in genotypes, computing gene-based tests and building masks...done (72517ms) 
     -computing association tests...done (38ms) 
     -computing joint association tests...done (0ms) 
 set [703/847] : SNAP25-AS1 - 96748 variants...
     -reading in genotypes, computing gene-based tests and building masks...done (261142ms) 
     -computing association tests...done (30ms) 
     -computing joint association tests...done (0ms) 
 set [704/847] : SNHG11 - 5822 variants...
     -reading in genotypes, computing gene-based tests and building masks...done (10439ms) 
     -computing association tests...done (15ms) 
     -computing joint association tests...done (0ms) 
 set [705/847] : SNHG17 - 10696 variants...
     -reading in genotypes, computing gene-based tests and building masks...done (15815ms) 
     -computing association tests...done (18ms) 
     -computing joint association tests...done (0ms) 
 set [706/847] : SNORA60 - 51 variants...
     -reading in genotypes, computing gene-based tests and building masks...done (263ms) 
     -computing association tests...done (1ms) 
     -computing joint association tests...done (0ms) 
 set [707/847] : SNORA71 - 455 variants...
     -reading in genotypes, computing gene-based tests and building masks...done (1026ms) 
     -computing association tests...done (5ms) 
     -computing joint association tests...done (0ms) 
 set [708/847] : SNORA71E - 51 variants...
     -reading in genotypes, computing gene-based tests and building masks...done (1156ms) 
     -computing association tests...done (1ms) 
     -computing joint association tests...done (0ms) 
 set [709/847] : SNPH - 17493 variants...
     -reading in genotypes, computing gene-based tests and building masks...done (25851ms) 
     -computing association tests...done (18ms) 
     -computing joint association tests...done (0ms) 
 set [710/847] : SNRPB - 9139 variants...
     -reading in genotypes, computing gene-based tests and building masks...done (14874ms) 
     -computing association tests...done (103ms) 
     -computing joint association tests...done (0ms) 
 set [711/847] : SNRPB2 - 7395 variants...
     -reading in genotypes, computing gene-based tests and building masks...done (13226ms) 
     -computing association tests...done (30ms) 
     -computing joint association tests...done (0ms) 
 set [712/847] : SNRPFP1 - 3523 variants...
     -reading in genotypes, computing gene-based tests and building masks...done (5016ms) 
     -computing association tests...done (15ms) 
     -computing joint association tests...done (0ms) 
 set [713/847] : SNTA1 - 17249 variants...
     -reading in genotypes, computing gene-based tests and building masks...done (27074ms) 
     -computing association tests...done (90ms) 
     -computing joint association tests...done (0ms) 
 set [714/847] : SNX21 - 1998 variants...
     -reading in genotypes, computing gene-based tests and building masks...done (21052ms) 
     -computing association tests...done (100ms) 
     -computing joint association tests...done (0ms) 
 set [715/847] : SNX5 - 16450 variants...
     -reading in genotypes, computing gene-based tests and building masks...done (25155ms) 
     -computing association tests...done (78ms) 
     -computing joint association tests...done (3688ms) 
 set [716/847] : SOCS2P1 - 876 variants...
     -reading in genotypes, computing gene-based tests and building masks...done (3806ms) 
     -computing association tests...done (10ms) 
     -computing joint association tests...done (0ms) 
 set [717/847] : SOX12 - 7095 variants...
     -reading in genotypes, computing gene-based tests and building masks...done (12104ms) 
     -computing association tests...done (74ms) 
     -computing joint association tests...done (0ms) 
 set [718/847] : SOX18 - 7102 variants...
     -reading in genotypes, computing gene-based tests and building masks...done (16168ms) 
     -computing association tests...done (3471ms) 
     -computing joint association tests...done (0ms) 
 set [719/847] : SPAG4 - 5581 variants...
     -reading in genotypes, computing gene-based tests and building masks...done (16585ms) 
     -computing association tests...done (124ms) 
     -computing joint association tests...done (0ms) 
 set [720/847] : SPATA2 - 10273 variants...
     -reading in genotypes, computing gene-based tests and building masks...done (17210ms) 
     -computing association tests...done (38ms) 
     -computing joint association tests...done (0ms) 
 set [721/847] : SPATA25 - 823 variants...
     -reading in genotypes, computing gene-based tests and building masks...done (4922ms) 
     -computing association tests...done (123ms) 
     -computing joint association tests...done (0ms) 
 set [722/847] : SPEF1 - 6031 variants...
     -reading in genotypes, computing gene-based tests and building masks...done (11936ms) 
     -computing association tests...done (21ms) 
     -computing joint association tests...done (0ms) 
 set [723/847] : SPINT3 - 5150 variants...
     -reading in genotypes, computing gene-based tests and building masks...done (11322ms) 
     -computing association tests...done (45ms) 
     -computing joint association tests...done (0ms) 
 set [724/847] : SPINT4 - 9054 variants...
     -reading in genotypes, computing gene-based tests and building masks...done (20456ms) 
     -computing association tests...done (16ms) 
     -computing joint association tests...done (0ms) 
 set [725/847] : SPINT5P - 1733 variants...
     -reading in genotypes, computing gene-based tests and building masks...done (3142ms) 
     -computing association tests...done (14ms) 
     -computing joint association tests...done (0ms) 
 set [726/847] : SPO11 - 7928 variants...
     -reading in genotypes, computing gene-based tests and building masks...done (13538ms) 
     -computing association tests...done (82ms) 
     -computing joint association tests...done (0ms) 
 set [727/847] : SPTLC3 - 65503 variants...
     -reading in genotypes, computing gene-based tests and building masks...done (131483ms) 
     -computing association tests...done (18ms) 
     -computing joint association tests...done (0ms) 
 set [728/847] : SRC - 31046 variants...
     -reading in genotypes, computing gene-based tests and building masks...done (53692ms) 
     -computing association tests...done (18ms) 
     -computing joint association tests...done (0ms) 
 set [729/847] : SRMP1 - 6054 variants...
     -reading in genotypes, computing gene-based tests and building masks...done (8982ms) 
     -computing association tests...done (16ms) 
     -computing joint association tests...done (0ms) 
 set [730/847] : SRMS - 7253 variants...
     -reading in genotypes, computing gene-based tests and building masks...done (15214ms) 
     -computing association tests...done (72ms) 
     -computing joint association tests...done (0ms) 
 set [731/847] : SRSF10P2 - 4254 variants...
     -reading in genotypes, computing gene-based tests and building masks...done (16761ms) 
     -computing association tests...done (10ms) 
     -computing joint association tests...done (0ms) 
 set [732/847] : SRSF6 - 9867 variants...
     -reading in genotypes, computing gene-based tests and building masks...done (16900ms) 
     -computing association tests...done (19ms) 
     -computing joint association tests...done (0ms) 
 set [733/847] : SRXN1 - 9988 variants...
     -reading in genotypes, computing gene-based tests and building masks...done (42823ms) 
     -computing association tests...done (20ms) 
     -computing joint association tests...done (0ms) 
 set [734/847] : SS18L1 - 25680 variants...
     -reading in genotypes, computing gene-based tests and building masks...done (45378ms) 
     -computing association tests...done (86ms) 
     -computing joint association tests...done (0ms) 
 set [735/847] : SSTR4 - 4804 variants...
     -reading in genotypes, computing gene-based tests and building masks...done (11210ms) 
     -computing association tests...done (20ms) 
     -computing joint association tests...done (2ms) 
 set [736/847] : STAU1 - 45047 variants...
     -reading in genotypes, computing gene-based tests and building masks...done (107726ms) 
     -computing association tests...done (82ms) 
     -computing joint association tests...done (0ms) 
 set [737/847] : STK35 - 36028 variants...
     -reading in genotypes, computing gene-based tests and building masks...done (57154ms) 
     -computing association tests...done (174ms) 
     -computing joint association tests...done (0ms) 
 set [738/847] : STK4 - 47982 variants...
     -reading in genotypes, computing gene-based tests and building masks...done (88751ms) 
     -computing association tests...done (81ms) 
     -computing joint association tests...done (0ms) 
 set [739/847] : STMN3 - 16327 variants...
     -reading in genotypes, computing gene-based tests and building masks...done (45919ms) 
     -computing association tests...done (76ms) 
     -computing joint association tests...done (0ms) 
 set [740/847] : STX16 - 16225 variants...
     -reading in genotypes, computing gene-based tests and building masks...done (26793ms) 
     -computing association tests...done (77ms) 
     -computing joint association tests...done (0ms) 
 set [741/847] : SULF2 - 60509 variants...
     -reading in genotypes, computing gene-based tests and building masks...done (128888ms) 
     -computing association tests...done (80ms) 
     -computing joint association tests...done (0ms) 
 set [742/847] : SUMO1P1 - 3441 variants...
     -reading in genotypes, computing gene-based tests and building masks...done (8757ms) 
     -computing association tests...done (13ms) 
     -computing joint association tests...done (0ms) 
 set [743/847] : SUN5 - 11081 variants...
     -reading in genotypes, computing gene-based tests and building masks...done (17518ms) 
     -computing association tests...done (17ms) 
     -computing joint association tests...done (0ms) 
 set [744/847] : SYCP2 - 36247 variants...
     -reading in genotypes, computing gene-based tests and building masks...done (62418ms) 
     -computing association tests...done (81ms) 
     -computing joint association tests...done (0ms) 
 set [745/847] : SYNCRIPP1 - 1867 variants...
     -reading in genotypes, computing gene-based tests and building masks...done (3411ms) 
     -computing association tests...done (12ms) 
     -computing joint association tests...done (0ms) 
 set [746/847] : SYNDIG1 - 97138 variants...
     -reading in genotypes, computing gene-based tests and building masks...done (246645ms) 
     -computing association tests...done (127ms) 
     -computing joint association tests...done (0ms) 
 set [747/847] : SYS1 - 4670 variants...
     -reading in genotypes, computing gene-based tests and building masks...done (10951ms) 
     -computing association tests...done (14ms) 
     -computing joint association tests...done (0ms) 
 set [748/847] : TAF4 - 66996 variants...
     -reading in genotypes, computing gene-based tests and building masks...done (289390ms) 
     -computing association tests...done (110ms) 
     -computing joint association tests...done (0ms) 
 set [749/847] : TARDBPP1 - 429 variants...
     -reading in genotypes, computing gene-based tests and building masks...done (9866ms) 
     -computing association tests...done (8ms) 
     -computing joint association tests...done (0ms) 
 set [750/847] : TASP1 - 101441 variants...
     -reading in genotypes, computing gene-based tests and building masks...done (218949ms) 
     -computing association tests...done (19ms) 
     -computing joint association tests...done (0ms) 
 set [751/847] : TBC1D20 - 15830 variants...
     -reading in genotypes, computing gene-based tests and building masks...done (25303ms) 
     -computing association tests...done (86ms) 
     -computing joint association tests...done (0ms) 
 set [752/847] : TCEA2 - 7507 variants...
     -reading in genotypes, computing gene-based tests and building masks...done (12009ms) 
     -computing association tests...done (21ms) 
     -computing joint association tests...done (0ms) 
 set [753/847] : TCEAL9P1 - 2517 variants...
     -reading in genotypes, computing gene-based tests and building masks...done (7313ms) 
     -computing association tests...done (13ms) 
     -computing joint association tests...done (0ms) 
 set [754/847] : TCF15 - 7355 variants...
     -reading in genotypes, computing gene-based tests and building masks...done (16772ms) 
     -computing association tests...done (18ms) 
     -computing joint association tests...done (0ms) 
 set [755/847] : TCFL5 - 10879 variants...
     -reading in genotypes, computing gene-based tests and building masks...done (22290ms) 
     -computing association tests...done (72ms) 
     -computing joint association tests...done (0ms) 
 set [756/847] : TFAP2C - 9277 variants...
     -reading in genotypes, computing gene-based tests and building masks...done (15337ms) 
     -computing association tests...done (152ms) 
     -computing joint association tests...done (0ms) 
 set [757/847] : TGIF2 - 14299 variants...
     -reading in genotypes, computing gene-based tests and building masks...done (22290ms) 
     -computing association tests...done (104ms) 
     -computing joint association tests...done (0ms) 
 set [758/847] : TGM2 - 23360 variants...
     -reading in genotypes, computing gene-based tests and building masks...done (45713ms) 
     -computing association tests...done (77ms) 
     -computing joint association tests...done (0ms) 
 set [759/847] : TGM3 - 23487 variants...
     -reading in genotypes, computing gene-based tests and building masks...done (35303ms) 
     -computing association tests...done (76ms) 
     -computing joint association tests...done (0ms) 
 set [760/847] : TGM6 - 26718 variants...
     -reading in genotypes, computing gene-based tests and building masks...done (40419ms) 
     -computing association tests...done (129ms) 
     -computing joint association tests...done (0ms) 
 set [761/847] : THBD - 6342 variants...
     -reading in genotypes, computing gene-based tests and building masks...done (11178ms) 
     -computing association tests...done (17ms) 
     -computing joint association tests...done (0ms) 
 set [762/847] : TLDC2 - 13214 variants...
     -reading in genotypes, computing gene-based tests and building masks...done (22282ms) 
     -computing association tests...done (20ms) 
     -computing joint association tests...done (0ms) 
 set [763/847] : TM9SF4 - 30562 variants...
     -reading in genotypes, computing gene-based tests and building masks...done (83917ms) 
     -computing association tests...done (20ms) 
     -computing joint association tests...done (0ms) 
 set [764/847] : TMC2 - 46401 variants...
     -reading in genotypes, computing gene-based tests and building masks...done (72548ms) 
     -computing association tests...done (31ms) 
     -computing joint association tests...done (0ms) 
 set [765/847] : TMEM230 - 17895 variants...
     -reading in genotypes, computing gene-based tests and building masks...done (30762ms) 
     -computing association tests...done (39ms) 
     -computing joint association tests...done (0ms) 
 set [766/847] : TMEM239 - 6213 variants...
     -reading in genotypes, computing gene-based tests and building masks...done (56874ms) 
     -computing association tests...done (88ms) 
     -computing joint association tests...done (0ms) 
 set [767/847] : TMEM74B - 6775 variants...
     -reading in genotypes, computing gene-based tests and building masks...done (11312ms) 
     -computing association tests...done (17ms) 
     -computing joint association tests...done (0ms) 
 set [768/847] : TMX4 - 22823 variants...
     -reading in genotypes, computing gene-based tests and building masks...done (36893ms) 
     -computing association tests...done (20ms) 
     -computing joint association tests...done (0ms) 
 set [769/847] : TMX4-AS1 - 22166 variants...
     -reading in genotypes, computing gene-based tests and building masks...done (35900ms) 
     -computing association tests...done (19ms) 
     -computing joint association tests...done (0ms) 
 set [770/847] : TNFRSF6B - 11412 variants...
     -reading in genotypes, computing gene-based tests and building masks...done (41119ms) 
     -computing association tests...done (33ms) 
     -computing joint association tests...done (0ms) 
 set [771/847] : TNNC2 - 4484 variants...
     -reading in genotypes, computing gene-based tests and building masks...done (11113ms) 
     -computing association tests...done (21ms) 
     -computing joint association tests...done (0ms) 
 set [772/847] : TOMM34 - 9317 variants...
     -reading in genotypes, computing gene-based tests and building masks...done (15353ms) 
     -computing association tests...done (119ms) 
     -computing joint association tests...done (0ms) 
 set [773/847] : TOP1 - 41526 variants...
     -reading in genotypes, computing gene-based tests and building masks...done (71020ms) 
     -computing association tests...done (20ms) 
     -computing joint association tests...done (0ms) 
 set [774/847] : TOX2 - 72887 variants...
     -reading in genotypes, computing gene-based tests and building masks...done (193798ms) 
     -computing association tests...done (20ms) 
     -computing joint association tests...done (0ms) 
 set [775/847] : TP53INP2 - 5908 variants...
     -reading in genotypes, computing gene-based tests and building masks...done (10060ms) 
     -computing association tests...done (115ms) 
     -computing joint association tests...done (0ms) 
 set [776/847] : TP53RK - 5774 variants...
     -reading in genotypes, computing gene-based tests and building masks...done (10627ms) 
     -computing association tests...done (16ms) 
     -computing joint association tests...done (0ms) 
 set [777/847] : TP53RK-DT - 283 variants...
     -reading in genotypes, computing gene-based tests and building masks...done (565ms) 
     -computing association tests...done (5ms) 
     -computing joint association tests...done (0ms) 
 set [778/847] : TP53TG5 - 7927 variants...
     -reading in genotypes, computing gene-based tests and building masks...done (13782ms) 
     -computing association tests...done (72ms) 
     -computing joint association tests...done (0ms) 
 set [779/847] : TPD52L2 - 11539 variants...
     -reading in genotypes, computing gene-based tests and building masks...done (21294ms) 
     -computing association tests...done (80ms) 
     -computing joint association tests...done (0ms) 
 set [780/847] : TPM3P2 - 570 variants...
     -reading in genotypes, computing gene-based tests and building masks...done (9375ms) 
     -computing association tests...done (9ms) 
     -computing joint association tests...done (0ms) 
 set [781/847] : TPX2 - 30203 variants...
     -reading in genotypes, computing gene-based tests and building masks...done (51598ms) 
     -computing association tests...done (83ms) 
     -computing joint association tests...done (0ms) 
 set [782/847] : TRERNA1 - 4471 variants...
     -reading in genotypes, computing gene-based tests and building masks...done (8115ms) 
     -computing association tests...done (17ms) 
     -computing joint association tests...done (0ms) 
 set [783/847] : TRIB3 - 18385 variants...
     -reading in genotypes, computing gene-based tests and building masks...done (40606ms) 
     -computing association tests...done (128ms) 
     -computing joint association tests...done (0ms) 
 set [784/847] : TRMT6 - 7659 variants...
     -reading in genotypes, computing gene-based tests and building masks...done (11487ms) 
     -computing association tests...done (20ms) 
     -computing joint association tests...done (0ms) 
 set [785/847] : TRPC4AP - 44590 variants...
     -reading in genotypes, computing gene-based tests and building masks...done (113131ms) 
     -computing association tests...done (99ms) 
     -computing joint association tests...done (0ms) 
 set [786/847] : TSHZ2 - 236379 variants...
     -reading in genotypes, computing gene-based tests and building masks...done (1196731ms) 
     -computing association tests...done (23ms) 
     -computing joint association tests...done (0ms) 
 set [787/847] : TTI1 - 22779 variants...
     -reading in genotypes, computing gene-based tests and building masks...done (36112ms) 
     -computing association tests...done (23ms) 
     -computing joint association tests...done (6ms) 
 set [788/847] : TTLL9 - 25547 variants...
     -reading in genotypes, computing gene-based tests and building masks...done (49391ms) 
     -computing association tests...done (22ms) 
     -computing joint association tests...done (0ms) 
 set [789/847] : TTPAL - 10052 variants...
     -reading in genotypes, computing gene-based tests and building masks...done (16176ms) 
     -computing association tests...done (71ms) 
     -computing joint association tests...done (0ms) 
 set [790/847] : TUBB1 - 4945 variants...
     -reading in genotypes, computing gene-based tests and building masks...done (18208ms) 
     -computing association tests...done (20ms) 
     -computing joint association tests...done (0ms) 
 set [791/847] : U3 - 5474 variants...
     -reading in genotypes, computing gene-based tests and building masks...done (14350ms) 
     -computing association tests...done (16ms) 
     -computing joint association tests...done (0ms) 
 set [792/847] : U6 - 61 variants...
     -reading in genotypes, computing gene-based tests and building masks...done (2516ms) 
     -computing association tests...done (1ms) 
     -computing joint association tests...done (0ms) 
 set [793/847] : UBE2C - 4871 variants...
     -reading in genotypes, computing gene-based tests and building masks...done (9533ms) 
     -computing association tests...done (18ms) 
     -computing joint association tests...done (0ms) 
 set [794/847] : UBE2D3P1 - 2866 variants...
     -reading in genotypes, computing gene-based tests and building masks...done (4597ms) 
     -computing association tests...done (11ms) 
     -computing joint association tests...done (0ms) 
 set [795/847] : UBE2V1 - 19046 variants...
     -reading in genotypes, computing gene-based tests and building masks...done (37394ms) 
     -computing association tests...done (19ms) 
     -computing joint association tests...done (0ms) 
 set [796/847] : UBOX5 - 19475 variants...
     -reading in genotypes, computing gene-based tests and building masks...done (35512ms) 
     -computing association tests...done (132ms) 
     -computing joint association tests...done (0ms) 
 set [797/847] : UBOX5-AS1 - 254 variants...
     -reading in genotypes, computing gene-based tests and building masks...done (661ms) 
     -computing association tests...done (5ms) 
     -computing joint association tests...done (0ms) 
 set [798/847] : UCKL1 - 7915 variants...
     -reading in genotypes, computing gene-based tests and building masks...done (17762ms) 
     -computing association tests...done (76ms) 
     -computing joint association tests...done (0ms) 
 set [799/847] : UQCC1 - 50675 variants...
     -reading in genotypes, computing gene-based tests and building masks...done (96369ms) 
     -computing association tests...done (20ms) 
     -computing joint association tests...done (0ms) 
 set [800/847] : VAPB - 32380 variants...
     -reading in genotypes, computing gene-based tests and building masks...done (56663ms) 
     -computing association tests...done (21ms) 
     -computing joint association tests...done (0ms) 
 set [801/847] : VN1R108P - 325 variants...
     -reading in genotypes, computing gene-based tests and building masks...done (7198ms) 
     -computing association tests...done (82ms) 
     -computing joint association tests...done (0ms) 
 set [802/847] : VPS16 - 17286 variants...
     -reading in genotypes, computing gene-based tests and building masks...done (28838ms) 
     -computing association tests...done (23ms) 
     -computing joint association tests...done (0ms) 
 set [803/847] : VSTM2L - 24363 variants...
     -reading in genotypes, computing gene-based tests and building masks...done (40733ms) 
     -computing association tests...done (172ms) 
     -computing joint association tests...done (0ms) 
 set [804/847] : VSX1 - 7241 variants...
     -reading in genotypes, computing gene-based tests and building masks...done (11037ms) 
     -computing association tests...done (112ms) 
     -computing joint association tests...done (0ms) 
 set [805/847] : VTCN1P1 - 3381 variants...
     -reading in genotypes, computing gene-based tests and building masks...done (4716ms) 
     -computing association tests...done (9ms) 
     -computing joint association tests...done (0ms) 
 set [806/847] : WFDC10A - 202 variants...
     -reading in genotypes, computing gene-based tests and building masks...done (8644ms) 
     -computing association tests...done (5ms) 
     -computing joint association tests...done (0ms) 
 set [807/847] : WFDC10B - 10394 variants...
     -reading in genotypes, computing gene-based tests and building masks...done (19763ms) 
     -computing association tests...done (17ms) 
     -computing joint association tests...done (0ms) 
 set [808/847] : WFDC11 - 15319 variants...
     -reading in genotypes, computing gene-based tests and building masks...done (30336ms) 
     -computing association tests...done (79ms) 
     -computing joint association tests...done (0ms) 
 set [809/847] : WFDC12 - 3518 variants...
     -reading in genotypes, computing gene-based tests and building masks...done (5653ms) 
     -computing association tests...done (117ms) 
     -computing joint association tests...done (0ms) 
 set [810/847] : WFDC13 - 3847 variants...
     -reading in genotypes, computing gene-based tests and building masks...done (7942ms) 
     -computing association tests...done (17ms) 
     -computing joint association tests...done (0ms) 
 set [811/847] : WFDC2 - 8230 variants...
     -reading in genotypes, computing gene-based tests and building masks...done (13409ms) 
     -computing association tests...done (43ms) 
     -computing joint association tests...done (0ms) 
 set [812/847] : WFDC3 - 10083 variants...
     -reading in genotypes, computing gene-based tests and building masks...done (17295ms) 
     -computing association tests...done (87ms) 
     -computing joint association tests...done (0ms) 
 set [813/847] : WFDC5 - 6095 variants...
     -reading in genotypes, computing gene-based tests and building masks...done (10414ms) 
     -computing association tests...done (74ms) 
     -computing joint association tests...done (0ms) 
 set [814/847] : WFDC6 - 4186 variants...
     -reading in genotypes, computing gene-based tests and building masks...done (9543ms) 
     -computing association tests...done (15ms) 
     -computing joint association tests...done (0ms) 
 set [815/847] : WFDC8 - 12424 variants...
     -reading in genotypes, computing gene-based tests and building masks...done (20398ms) 
     -computing association tests...done (17ms) 
     -computing joint association tests...done (0ms) 
 set [816/847] : WFDC9 - 13058 variants...
     -reading in genotypes, computing gene-based tests and building masks...done (21175ms) 
     -computing association tests...done (91ms) 
     -computing joint association tests...done (0ms) 
 set [817/847] : XKR7 - 19408 variants...
     -reading in genotypes, computing gene-based tests and building masks...done (26923ms) 
     -computing association tests...done (18ms) 
     -computing joint association tests...done (0ms) 
 set [818/847] : XPOTP1 - 4551 variants...
     -reading in genotypes, computing gene-based tests and building masks...done (6420ms) 
     -computing association tests...done (14ms) 
     -computing joint association tests...done (0ms) 
 set [819/847] : XRN2 - 40792 variants...
     -reading in genotypes, computing gene-based tests and building masks...done (90049ms) 
     -computing association tests...done (204ms) 
     -computing joint association tests...done (0ms) 
 set [820/847] : Y_RNA - 31582 variants...
     -reading in genotypes, computing gene-based tests and building masks...done (88719ms) 
     -computing association tests...done (77ms) 
     -computing joint association tests...done (0ms) 
 set [821/847] : YTHDF1 - 14634 variants...
     -reading in genotypes, computing gene-based tests and building masks...done (23554ms) 
     -computing association tests...done (77ms) 
     -computing joint association tests...done (8ms) 
 set [822/847] : YWHAB - 13802 variants...
     -reading in genotypes, computing gene-based tests and building masks...done (28003ms) 
     -computing association tests...done (18ms) 
     -computing joint association tests...done (0ms) 
 set [823/847] : ZBP1 - 12140 variants...
     -reading in genotypes, computing gene-based tests and building masks...done (20460ms) 
     -computing association tests...done (26ms) 
     -computing joint association tests...done (0ms) 
 set [824/847] : ZBTB46 - 51504 variants...
     -reading in genotypes, computing gene-based tests and building masks...done (107028ms) 
     -computing association tests...done (80ms) 
     -computing joint association tests...done (0ms) 
 set [825/847] : ZCCHC3 - 5737 variants...
     -reading in genotypes, computing gene-based tests and building masks...done (10621ms) 
     -computing association tests...done (20ms) 
     -computing joint association tests...done (0ms) 
 set [826/847] : ZFAS1 - 9688 variants...
     -reading in genotypes, computing gene-based tests and building masks...done (14260ms) 
     -computing association tests...done (78ms) 
     -computing joint association tests...done (0ms) 
 set [827/847] : ZFP64 - 50031 variants...
     -reading in genotypes, computing gene-based tests and building masks...done (91757ms) 
     -computing association tests...done (119ms) 
     -computing joint association tests...done (0ms) 
 set [828/847] : ZGPAT - 15284 variants...
     -reading in genotypes, computing gene-based tests and building masks...done (24130ms) 
     -computing association tests...done (21ms) 
     -computing joint association tests...done (0ms) 
 set [829/847] : ZHX3 - 66066 variants...
     -reading in genotypes, computing gene-based tests and building masks...done (150541ms) 
     -computing association tests...done (20ms) 
     -computing joint association tests...done (0ms) 
 set [830/847] : ZMYND8 - 74640 variants...
     -reading in genotypes, computing gene-based tests and building masks...done (166695ms) 
     -computing association tests...done (94ms) 
     -computing joint association tests...done (0ms) 
 set [831/847] : ZNF133 - 13677 variants...
     -reading in genotypes, computing gene-based tests and building masks...done (31676ms) 
     -computing association tests...done (16ms) 
     -computing joint association tests...done (0ms) 
 set [832/847] : ZNF217 - 21572 variants...
     -reading in genotypes, computing gene-based tests and building masks...done (31296ms) 
     -computing association tests...done (22ms) 
     -computing joint association tests...done (0ms) 
 set [833/847] : ZNF217-AS1 - 7962 variants...
     -reading in genotypes, computing gene-based tests and building masks...done (15141ms) 
     -computing association tests...done (17ms) 
     -computing joint association tests...done (0ms) 
 set [834/847] : ZNF285DP - 2258 variants...
     -reading in genotypes, computing gene-based tests and building masks...done (6833ms) 
     -computing association tests...done (17ms) 
     -computing joint association tests...done (0ms) 
 set [835/847] : ZNF334 - 9282 variants...
     -reading in genotypes, computing gene-based tests and building masks...done (17155ms) 
     -computing association tests...done (118ms) 
     -computing joint association tests...done (0ms) 
 set [836/847] : ZNF335 - 14021 variants...
     -reading in genotypes, computing gene-based tests and building masks...done (21671ms) 
     -computing association tests...done (95ms) 
     -computing joint association tests...done (0ms) 
 set [837/847] : ZNF337 - 15295 variants...
     -reading in genotypes, computing gene-based tests and building masks...done (26559ms) 
     -computing association tests...done (86ms) 
     -computing joint association tests...done (0ms) 
 set [838/847] : ZNF337-AS1 - 17197 variants...
     -reading in genotypes, computing gene-based tests and building masks...done (30627ms) 
     -computing association tests...done (20ms) 
     -computing joint association tests...done (0ms) 
 set [839/847] : ZNF341 - 31194 variants...
     -reading in genotypes, computing gene-based tests and building masks...done (67199ms) 
     -computing association tests...done (20ms) 
     -computing joint association tests...done (0ms) 
 set [840/847] : ZNF341-AS1 - 3279 variants...
     -reading in genotypes, computing gene-based tests and building masks...done (7008ms) 
     -computing association tests...done (12ms) 
     -computing joint association tests...done (0ms) 
 set [841/847] : ZNF343 - 20499 variants...
     -reading in genotypes, computing gene-based tests and building masks...done (29012ms) 
     -computing association tests...done (90ms) 
     -computing joint association tests...done (0ms) 
 set [842/847] : ZNF512B - 14426 variants...
     -reading in genotypes, computing gene-based tests and building masks...done (39225ms) 
     -computing association tests...done (148ms) 
     -computing joint association tests...done (0ms) 
 set [843/847] : ZNF831 - 60173 variants...
     -reading in genotypes, computing gene-based tests and building masks...done (113555ms) 
     -computing association tests...done (23ms) 
     -computing joint association tests...done (0ms) 
 set [844/847] : ZNF840P - 15359 variants...
     -reading in genotypes, computing gene-based tests and building masks...done (22121ms) 
     -computing association tests...done (23ms) 
     -computing joint association tests...done (0ms) 
 set [845/847] : ZNF877P - 2942 variants...
     -reading in genotypes, computing gene-based tests and building masks...done (4868ms) 
     -computing association tests...done (13ms) 
     -computing joint association tests...done (0ms) 
 set [846/847] : ZNFX1 - 16559 variants...
     -reading in genotypes, computing gene-based tests and building masks...done (25028ms) 
     -computing association tests...done (124ms) 
     -computing joint association tests...done (0ms) 
 set [847/847] : ZSWIM3 - 10862 variants...
     -reading in genotypes, computing gene-based tests and building masks...done (16553ms) 
     -computing association tests...done (16ms) 
     -computing joint association tests...done (0ms) 

Association results stored separately for each trait in files : 
* [/share/home/lsy_luzhen/WGS_GWAS_and_MR/tmp_ssh_data/GWAS_european/gene_based/testing_results/step2_gb_euro_cin3plus_chr20_CIN3plus.regenie]

Number of tests with Firth correction : 1072
Number of failed tests : (0/1072)
Number of ignored tests due to low MAC : 0

Elapsed time : 80362.8s
End time: Sat Sep  6 18:50:33 2025

--------done
end at:
Sat Sep  6 18:51:39 CST 2025
