start at:
Sat Sep  6 19:12:58 CST 2025
This directory already exists.
regenie version:
v4.1.gz
--------start
Start time: Sat Sep  6 19:13:02 2025

              |===========================|
              |      REGENIE v4.1.gz      |
              |===========================|

Copyright (c) 2020-2024 Joelle Mbatchou, Andrey Ziyatdinov and Jonathan Marchini.
Distributed under the MIT License.
Compiled with Boost Iostream library.
Using Intel MKL with Eigen.

Log of output saved in file : /share/home/lsy_luzhen/WGS_GWAS_and_MR/tmp_ssh_data/GWAS_european/gene_based/testing_results/step2_gb_euro_cin3plus_chr17.log

Options in effect:
  --step 2 \
  --pgen /share/home/lsy_luzhen/WGS_GWAS_and_MR/tmp_ssh_data/GWAS_european/gene_based/EuroPrePCA_ref38_rsID \
  --chr 17 \
  --phenoFile /share/home/lsy_luzhen/WGS_GWAS_and_MR/tmp_ssh_data/GWAS_european/T002_CIN3plus_phenotype.txt \
  --bt \
  --covarFile /share/home/lsy_luzhen/WGS_GWAS_and_MR/tmp_ssh_data/GWAS_european/T002_CIN3plus_covars.txt \
  --catCovarList Smoking_status,Alcohol_intake_frequency,Genotype_measurement_batch \
  --strict \
  --bsize 1000 \
  --firth \
  --approx \
  --threads 16 \
  --pred /share/home/lsy_luzhen/WGS_GWAS_and_MR/tmp_ssh_data/GWAS_european/step1/regenie_step1_euro_cin3plus_pred.list \
  --use-null-firth /share/home/lsy_luzhen/WGS_GWAS_and_MR/tmp_ssh_data/GWAS_european/step1/regenie_step1_euro_cin3plus_firth.list \
  --anno-file /share/home/lsy_luzhen/WGS_GWAS_and_MR/tmp_ssh_data/GWAS_european/gene_based/anno_file_unique_filtered.txt \
  --set-list /share/home/lsy_luzhen/WGS_GWAS_and_MR/tmp_ssh_data/GWAS_european/gene_based/set_list_unique_filtered.txt \
  --mask-def /share/home/lsy_luzhen/WGS_GWAS_and_MR/tmp_ssh_data/GWAS_european/gene_based/mask_file.txt \
  --aaf-bins 0.001,0.01,0.05,0.1 \
  --vc-MACthr 10 \
  --joint acat,sbat \
  --vc-tests skato,acato-full \
  --rgc-gene-p \
  --out /share/home/lsy_luzhen/WGS_GWAS_and_MR/tmp_ssh_data/GWAS_european/gene_based/testing_results/step2_gb_euro_cin3plus_chr17

Association testing mode (joint tests) with fast multithreading using OpenMP
 * pvar             : [/share/home/lsy_luzhen/WGS_GWAS_and_MR/tmp_ssh_data/GWAS_european/gene_based/EuroPrePCA_ref38_rsID.pvar] n_snps = 1400147917
 * psam             : [/share/home/lsy_luzhen/WGS_GWAS_and_MR/tmp_ssh_data/GWAS_european/gene_based/EuroPrePCA_ref38_rsID.psam] n_samples = 202952
 * pgen             : [/share/home/lsy_luzhen/WGS_GWAS_and_MR/tmp_ssh_data/GWAS_european/gene_based/EuroPrePCA_ref38_rsID.pgen] 
 * phenotypes       : [/share/home/lsy_luzhen/WGS_GWAS_and_MR/tmp_ssh_data/GWAS_european/T002_CIN3plus_phenotype.txt] n_pheno = 1
   -dropping observations with missing values at any of the phenotypes
   -number of phenotyped individuals with no missing data = 202952
 * covariates       : [/share/home/lsy_luzhen/WGS_GWAS_and_MR/tmp_ssh_data/GWAS_european/T002_CIN3plus_covars.txt] n_cov = 26
   -number of individuals with covariate data = 202952
 * number of individuals used in analysis = 202952
 * case-control counts for each trait:
   - 'CIN3plus': 5544 cases and 197408 controls
 * LOCO predictions : [/share/home/lsy_luzhen/WGS_GWAS_and_MR/tmp_ssh_data/GWAS_european/step1/regenie_step1_euro_cin3plus_pred.list]
   -file [/share/home/lsy_luzhen/WGS_GWAS_and_MR/tmp_ssh_data/GWAS_european/step1/regenie_step1_euro_cin3plus_1.loco] for phenotype 'CIN3plus'
 * annotations      : [/share/home/lsy_luzhen/WGS_GWAS_and_MR/tmp_ssh_data/GWAS_european/gene_based/anno_file_unique_filtered.txt] 
   +number of annotations categories = 6
 * masks            : [/share/home/lsy_luzhen/WGS_GWAS_and_MR/tmp_ssh_data/GWAS_european/gene_based/mask_file.txt] n_masks = 7
 * aaf cutoffs      : [ 4 : 0.001 0.01 0.05 0.1 ] + singletons
 * set file         : [/share/home/lsy_luzhen/WGS_GWAS_and_MR/tmp_ssh_data/GWAS_european/gene_based/set_list_unique_filtered.txt] n_sets = 1498
WARNING: Detected 34 sets with variants not in genetic data or annotation files.
 * # threads        : [16]
 * # tested sets    : [1498]
 * max block size   : [1000]
 * rule used to build masks : max
 * computing gene-based tests for each set of variants included in a mask (rho=[0,0.01,0.04,0.09,0.16,0.25,0.5,1])
  -variants with MAC <= 10 are collapsed into a mask
  -weights are obtained from Beta(MAF,1,25)
  -list of gene-based tests run: ACATO,ACATV,SKATO,SKATO-ACAT
 * applying ACAT to output overall gene p-value
 * approximate memory usage : 1437GB
 * using minimum MAC of 5 (masks with lower MAC are ignored)
 * using fast Firth correction for logistic/cox regression p-values less than 0.05
 * user specified to test only on select chromosomes
WARNING: Joint SBAT test only for QTs.
 * number of mask groups run through gene-p strategy = 2
 * list of joint tests run on burden masks: ACAT

Chromosome 17 [1498 sets in total]
   -reading loco predictions for the chromosome...done (10421ms) 
   -fitting null logistic regression on binary phenotypes...done (463ms) 
   -fitting null Firth logistic regression on binary phenotypes...done (3159ms) 
 set [1/1498] : 5S_rRNA - 1069 variants...
     -reading in genotypes, computing gene-based tests and building masks...done (5810ms) 
     -computing association tests...done (6ms) 
     -computing joint association tests...done (0ms) 
 set [2/1498] : 7SK - 1357 variants...
     -reading in genotypes, computing gene-based tests and building masks...done (2947ms) 
     -computing association tests...done (13ms) 
     -computing joint association tests...done (0ms) 
 set [3/1498] : AA06 - 10751 variants...
     -reading in genotypes, computing gene-based tests and building masks...done (21480ms) 
     -computing association tests...done (18ms) 
     -computing joint association tests...done (0ms) 
 set [4/1498] : AANAT - 7399 variants...
     -reading in genotypes, computing gene-based tests and building masks...done (14007ms) 
     -computing association tests...done (87ms) 
     -computing joint association tests...done (0ms) 
 set [5/1498] : AARSD1 - 7995 variants...
     -reading in genotypes, computing gene-based tests and building masks...done (16864ms) 
     -computing association tests...done (20ms) 
     -computing joint association tests...done (0ms) 
 set [6/1498] : AATF - 44515 variants...
     -reading in genotypes, computing gene-based tests and building masks...done (80229ms) 
     -computing association tests...done (107ms) 
     -computing joint association tests...done (0ms) 
 set [7/1498] : AATK - 21998 variants...
     -reading in genotypes, computing gene-based tests and building masks...done (44519ms) 
     -computing association tests...done (81ms) 
     -computing joint association tests...done (0ms) 
 set [8/1498] : ABCA10 - 41392 variants...
     -reading in genotypes, computing gene-based tests and building masks...done (68200ms) 
     -computing association tests...done (123ms) 
     -computing joint association tests...done (0ms) 
 set [9/1498] : ABCA5 - 50157 variants...
     -reading in genotypes, computing gene-based tests and building masks...done (100637ms) 
     -computing association tests...done (25ms) 
     -computing joint association tests...done (0ms) 
 set [10/1498] : ABCA6 - 29068 variants...
     -reading in genotypes, computing gene-based tests and building masks...done (48331ms) 
     -computing association tests...done (81ms) 
     -computing joint association tests...done (0ms) 
 set [11/1498] : ABCA8 - 45108 variants...
     -reading in genotypes, computing gene-based tests and building masks...done (115899ms) 
     -computing association tests...done (100ms) 
     -computing joint association tests...done (0ms) 
 set [12/1498] : ABCA9 - 38199 variants...
     -reading in genotypes, computing gene-based tests and building masks...done (60885ms) 
     -computing association tests...done (27ms) 
     -computing joint association tests...done (0ms) 
 set [13/1498] : ABCA9-AS1 - 4210 variants...
     -reading in genotypes, computing gene-based tests and building masks...done (7286ms) 
     -computing association tests...done (75ms) 
     -computing joint association tests...done (0ms) 
 set [14/1498] : ABCC3 - 29128 variants...
     -reading in genotypes, computing gene-based tests and building masks...done (54509ms) 
     -computing association tests...done (131ms) 
     -computing joint association tests...done (0ms) 
 set [15/1498] : ABHD15 - 5316 variants...
     -reading in genotypes, computing gene-based tests and building masks...done (10560ms) 
     -computing association tests...done (93ms) 
     -computing joint association tests...done (0ms) 
 set [16/1498] : ABHD17AP6 - 12025 variants...
     -reading in genotypes, computing gene-based tests and building masks...done (28827ms) 
     -computing association tests...done (72ms) 
     -computing joint association tests...done (0ms) 
 set [17/1498] : ABI3 - 1244 variants...
     -reading in genotypes, computing gene-based tests and building masks...done (3219ms) 
     -computing association tests...done (15ms) 
     -computing joint association tests...done (0ms) 
 set [18/1498] : ABR - 129942 variants...
     -reading in genotypes, computing gene-based tests and building masks...done (765256ms) 
     -computing association tests...done (112ms) 
     -computing joint association tests...done (0ms) 
 set [19/1498] : ABR-AS1 - 6634 variants...
     -reading in genotypes, computing gene-based tests and building masks...done (13313ms) 
     -computing association tests...done (17ms) 
     -computing joint association tests...done (0ms) 
 set [20/1498] : ACACA - 120479 variants...
     -reading in genotypes, computing gene-based tests and building masks...done (343546ms) 
     -computing association tests...done (23ms) 
     -computing joint association tests...done (0ms) 
 set [21/1498] : ACADVL - 7797 variants...
     -reading in genotypes, computing gene-based tests and building masks...done (11611ms) 
     -computing association tests...done (92ms) 
     -computing joint association tests...done (0ms) 
 set [22/1498] : ACAP1 - 8269 variants...
     -reading in genotypes, computing gene-based tests and building masks...done (13852ms) 
     -computing association tests...done (83ms) 
     -computing joint association tests...done (0ms) 
 set [23/1498] : ACBD4 - 6502 variants...
     -reading in genotypes, computing gene-based tests and building masks...done (11998ms) 
     -computing association tests...done (28ms) 
     -computing joint association tests...done (0ms) 
 set [24/1498] : ACE - 15912 variants...
     -reading in genotypes, computing gene-based tests and building masks...done (32627ms) 
     -computing association tests...done (92ms) 
     -computing joint association tests...done (0ms) 
 set [25/1498] : ACE3P - 6177 variants...
     -reading in genotypes, computing gene-based tests and building masks...done (9760ms) 
     -computing association tests...done (151ms) 
     -computing joint association tests...done (0ms) 
 set [26/1498] : ACLY - 25562 variants...
     -reading in genotypes, computing gene-based tests and building masks...done (53640ms) 
     -computing association tests...done (83ms) 
     -computing joint association tests...done (0ms) 
 set [27/1498] : ACOX1 - 14632 variants...
     -reading in genotypes, computing gene-based tests and building masks...done (28370ms) 
     -computing association tests...done (19ms) 
     -computing joint association tests...done (0ms) 
 set [28/1498] : ACSF2 - 20299 variants...
     -reading in genotypes, computing gene-based tests and building masks...done (40662ms) 
     -computing association tests...done (81ms) 
     -computing joint association tests...done (0ms) 
 set [29/1498] : ACTG1 - 9634 variants...
     -reading in genotypes, computing gene-based tests and building masks...done (21151ms) 
     -computing association tests...done (77ms) 
     -computing joint association tests...done (0ms) 
 set [30/1498] : ADAM11 - 14830 variants...
     -reading in genotypes, computing gene-based tests and building masks...done (23880ms) 
     -computing association tests...done (20ms) 
     -computing joint association tests...done (0ms) 
 set [31/1498] : ADAP2 - 21566 variants...
     -reading in genotypes, computing gene-based tests and building masks...done (32662ms) 
     -computing association tests...done (19ms) 
     -computing joint association tests...done (0ms) 
 set [32/1498] : ADORA2B - 21069 variants...
     -reading in genotypes, computing gene-based tests and building masks...done (62743ms) 
     -computing association tests...done (17ms) 
     -computing joint association tests...done (0ms) 
 set [33/1498] : ADPRM - 6173 variants...
     -reading in genotypes, computing gene-based tests and building masks...done (11832ms) 
     -computing association tests...done (16ms) 
     -computing joint association tests...done (0ms) 
 set [34/1498] : AFMID - 8508 variants...
     -reading in genotypes, computing gene-based tests and building masks...done (16119ms) 
     -computing association tests...done (18ms) 
     -computing joint association tests...done (0ms) 
 set [35/1498] : AIPL1 - 27567 variants...
     -reading in genotypes, computing gene-based tests and building masks...done (50984ms) 
     -computing association tests...done (89ms) 
     -computing joint association tests...done (0ms) 
 set [36/1498] : AKAP10 - 42658 variants...
     -reading in genotypes, computing gene-based tests and building masks...done (103534ms) 
     -computing association tests...done (154ms) 
     -computing joint association tests...done (0ms) 
 set [37/1498] : AKAP1 - 19852 variants...
     -reading in genotypes, computing gene-based tests and building masks...done (38232ms) 
     -computing association tests...done (24ms) 
     -computing joint association tests...done (0ms) 
 set [38/1498] : AKAP1-DT - 5310 variants...
     -reading in genotypes, computing gene-based tests and building masks...done (9259ms) 
     -computing association tests...done (43ms) 
     -computing joint association tests...done (0ms) 
 set [39/1498] : ALDH3A1 - 8962 variants...
     -reading in genotypes, computing gene-based tests and building masks...done (13449ms) 
     -computing association tests...done (35ms) 
     -computing joint association tests...done (0ms) 
 set [40/1498] : ALDH3A2 - 11585 variants...
     -reading in genotypes, computing gene-based tests and building masks...done (19566ms) 
     -computing association tests...done (136ms) 
     -computing joint association tests...done (0ms) 
 set [41/1498] : ALDOC - 3334 variants...
     -reading in genotypes, computing gene-based tests and building masks...done (6117ms) 
     -computing association tests...done (79ms) 
     -computing joint association tests...done (0ms) 
 set [42/1498] : ALKBH5 - 17734 variants...
     -reading in genotypes, computing gene-based tests and building masks...done (34954ms) 
     -computing association tests...done (88ms) 
     -computing joint association tests...done (0ms) 
 set [43/1498] : ALOX12 - 9859 variants...
     -reading in genotypes, computing gene-based tests and building masks...done (17619ms) 
     -computing association tests...done (18ms) 
     -computing joint association tests...done (0ms) 
 set [44/1498] : ALOX12B - 10086 variants...
     -reading in genotypes, computing gene-based tests and building masks...done (19166ms) 
     -computing association tests...done (103ms) 
     -computing joint association tests...done (0ms) 
 set [45/1498] : ALOX12P1 - 5103 variants...
     -reading in genotypes, computing gene-based tests and building masks...done (12005ms) 
     -computing association tests...done (21ms) 
     -computing joint association tests...done (0ms) 
 set [46/1498] : ALOX12P2 - 41839 variants...
     -reading in genotypes, computing gene-based tests and building masks...done (87571ms) 
     -computing association tests...done (18ms) 
     -computing joint association tests...done (0ms) 
 set [47/1498] : ALOX15 - 10392 variants...
     -reading in genotypes, computing gene-based tests and building masks...done (16316ms) 
     -computing association tests...done (20ms) 
     -computing joint association tests...done (0ms) 
 set [48/1498] : ALOX15B - 10735 variants...
     -reading in genotypes, computing gene-based tests and building masks...done (15658ms) 
     -computing association tests...done (142ms) 
     -computing joint association tests...done (0ms) 
 set [49/1498] : ALOXE3 - 19675 variants...
     -reading in genotypes, computing gene-based tests and building masks...done (80459ms) 
     -computing association tests...done (75ms) 
     -computing joint association tests...done (0ms) 
 set [50/1498] : ALOXE3P1 - 3248 variants...
     -reading in genotypes, computing gene-based tests and building masks...done (8917ms) 
     -computing association tests...done (16ms) 
     -computing joint association tests...done (0ms) 
 set [51/1498] : ALYREF - 4627 variants...
     -reading in genotypes, computing gene-based tests and building masks...done (7939ms) 
     -computing association tests...done (95ms) 
     -computing joint association tests...done (0ms) 
 set [52/1498] : AMZ2 - 7902 variants...
     -reading in genotypes, computing gene-based tests and building masks...done (12465ms) 
     -computing association tests...done (124ms) 
     -computing joint association tests...done (0ms) 
 set [53/1498] : AMZ2P1 - 6002 variants...
     -reading in genotypes, computing gene-based tests and building masks...done (12262ms) 
     -computing association tests...done (18ms) 
     -computing joint association tests...done (0ms) 
 set [54/1498] : ANAPC11 - 5176 variants...
     -reading in genotypes, computing gene-based tests and building masks...done (9965ms) 
     -computing association tests...done (17ms) 
     -computing joint association tests...done (0ms) 
 set [55/1498] : ANKFN1 - 265765 variants...
     -reading in genotypes, computing gene-based tests and building masks...done (1205890ms) 
     -computing association tests...done (90ms) 
     -computing joint association tests...done (0ms) 
 set [56/1498] : ANKFY1 - 43801 variants...
     -reading in genotypes, computing gene-based tests and building masks...done (88368ms) 
     -computing association tests...done (117ms) 
     -computing joint association tests...done (0ms) 
 set [57/1498] : ANKRD13B - 14915 variants...
     -reading in genotypes, computing gene-based tests and building masks...done (25544ms) 
     -computing association tests...done (21ms) 
     -computing joint association tests...done (0ms) 
 set [58/1498] : ANKRD40 - 7880 variants...
     -reading in genotypes, computing gene-based tests and building masks...done (13933ms) 
     -computing association tests...done (20ms) 
     -computing joint association tests...done (0ms) 
 set [59/1498] : ANKRD40CL - 4505 variants...
     -reading in genotypes, computing gene-based tests and building masks...done (8607ms) 
     -computing association tests...done (17ms) 
     -computing joint association tests...done (0ms) 
 set [60/1498] : AOC2 - 3627 variants...
     -reading in genotypes, computing gene-based tests and building masks...done (6698ms) 
     -computing association tests...done (17ms) 
     -computing joint association tests...done (0ms) 
 set [61/1498] : AOC3 - 5071 variants...
     -reading in genotypes, computing gene-based tests and building masks...done (8269ms) 
     -computing association tests...done (81ms) 
     -computing joint association tests...done (0ms) 
 set [62/1498] : AOC4P - 6780 variants...
     -reading in genotypes, computing gene-based tests and building masks...done (10459ms) 
     -computing association tests...done (17ms) 
     -computing joint association tests...done (0ms) 
 set [63/1498] : AP2B1 - 56894 variants...
     -reading in genotypes, computing gene-based tests and building masks...done (109147ms) 
     -computing association tests...done (23ms) 
     -computing joint association tests...done (0ms) 
 set [64/1498] : APOH - 25402 variants...
     -reading in genotypes, computing gene-based tests and building masks...done (46305ms) 
     -computing association tests...done (83ms) 
     -computing joint association tests...done (0ms) 
 set [65/1498] : APPBP2 - 40176 variants...
     -reading in genotypes, computing gene-based tests and building masks...done (68096ms) 
     -computing association tests...done (91ms) 
     -computing joint association tests...done (0ms) 
 set [66/1498] : APPBP2-DT - 10592 variants...
     -reading in genotypes, computing gene-based tests and building masks...done (17648ms) 
     -computing association tests...done (130ms) 
     -computing joint association tests...done (0ms) 
 set [67/1498] : ARHGAP23 - 47700 variants...
     -reading in genotypes, computing gene-based tests and building masks...done (89009ms) 
     -computing association tests...done (29ms) 
     -computing joint association tests...done (0ms) 
 set [68/1498] : ARHGAP27 - 17455 variants...
     -reading in genotypes, computing gene-based tests and building masks...done (32713ms) 
     -computing association tests...done (74ms) 
     -computing joint association tests...done (0ms) 
 set [69/1498] : ARHGAP27P1-BPTFP1-KPNA2P3 - 1620 variants...
     -reading in genotypes, computing gene-based tests and building masks...done (2794ms) 
     -computing association tests...done (8ms) 
     -computing joint association tests...done (0ms) 
 set [70/1498] : ARHGAP27P2 - 2159 variants...
     -reading in genotypes, computing gene-based tests and building masks...done (3447ms) 
     -computing association tests...done (14ms) 
     -computing joint association tests...done (0ms) 
 set [71/1498] : ARHGAP44 - 86793 variants...
     -reading in genotypes, computing gene-based tests and building masks...done (223879ms) 
     -computing association tests...done (88ms) 
     -computing joint association tests...done (0ms) 
 set [72/1498] : ARHGAP44-AS1 - 4482 variants...
     -reading in genotypes, computing gene-based tests and building masks...done (6487ms) 
     -computing association tests...done (73ms) 
     -computing joint association tests...done (0ms) 
 set [73/1498] : ARHGDIA - 6505 variants...
     -reading in genotypes, computing gene-based tests and building masks...done (10517ms) 
     -computing association tests...done (18ms) 
     -computing joint association tests...done (0ms) 
 set [74/1498] : ARHGEF15 - 9961 variants...
     -reading in genotypes, computing gene-based tests and building masks...done (14222ms) 
     -computing association tests...done (115ms) 
     -computing joint association tests...done (0ms) 
 set [75/1498] : ARL16 - 5720 variants...
     -reading in genotypes, computing gene-based tests and building masks...done (11291ms) 
     -computing association tests...done (18ms) 
     -computing joint association tests...done (0ms) 
 set [76/1498] : ARL17A - 10276 variants...
     -reading in genotypes, computing gene-based tests and building masks...done (88043ms) 
     -computing association tests...done (39ms) 
     -computing joint association tests...done (0ms) 
 set [77/1498] : ARL17B - 17004 variants...
     -reading in genotypes, computing gene-based tests and building masks...done (228481ms) 
     -computing association tests...done (46ms) 
     -computing joint association tests...done (0ms) 
 set [78/1498] : ARL2BPP8 - 4316 variants...
     -reading in genotypes, computing gene-based tests and building masks...done (6529ms) 
     -computing association tests...done (15ms) 
     -computing joint association tests...done (0ms) 
 set [79/1498] : ARL4D - 5363 variants...
     -reading in genotypes, computing gene-based tests and building masks...done (11496ms) 
     -computing association tests...done (17ms) 
     -computing joint association tests...done (0ms) 
 set [80/1498] : ARL5C - 7281 variants...
     -reading in genotypes, computing gene-based tests and building masks...done (21895ms) 
     -computing association tests...done (137ms) 
     -computing joint association tests...done (0ms) 
 set [81/1498] : ARMC7 - 11694 variants...
     -reading in genotypes, computing gene-based tests and building masks...done (19432ms) 
     -computing association tests...done (77ms) 
     -computing joint association tests...done (0ms) 
 set [82/1498] : ARRB2 - 13713 variants...
     -reading in genotypes, computing gene-based tests and building masks...done (25180ms) 
     -computing association tests...done (79ms) 
     -computing joint association tests...done (0ms) 
 set [83/1498] : ARSG - 49850 variants...
     -reading in genotypes, computing gene-based tests and building masks...done (95213ms) 
     -computing association tests...done (24ms) 
     -computing joint association tests...done (0ms) 
 set [84/1498] : ASB16 - 9553 variants...
     -reading in genotypes, computing gene-based tests and building masks...done (16689ms) 
     -computing association tests...done (87ms) 
     -computing joint association tests...done (0ms) 
 set [85/1498] : ASGR1 - 8581 variants...
     -reading in genotypes, computing gene-based tests and building masks...done (17629ms) 
     -computing association tests...done (79ms) 
     -computing joint association tests...done (0ms) 
 set [86/1498] : ASGR2 - 14586 variants...
     -reading in genotypes, computing gene-based tests and building masks...done (29011ms) 
     -computing association tests...done (84ms) 
     -computing joint association tests...done (0ms) 
 set [87/1498] : ASIC2 - 294368 variants...
     -reading in genotypes, computing gene-based tests and building masks...done (1675820ms) 
     -computing association tests...done (20ms) 
     -computing joint association tests...done (0ms) 
 set [88/1498] : ASPA - 12668 variants...
     -reading in genotypes, computing gene-based tests and building masks...done (28930ms) 
     -computing association tests...done (79ms) 
     -computing joint association tests...done (0ms) 
 set [89/1498] : ASPSCR1 - 21894 variants...
     -reading in genotypes, computing gene-based tests and building masks...done (34758ms) 
     -computing association tests...done (30ms) 
     -computing joint association tests...done (0ms) 
 set [90/1498] : ATAD5 - 33765 variants...
     -reading in genotypes, computing gene-based tests and building masks...done (78544ms) 
     -computing association tests...done (26ms) 
     -computing joint association tests...done (0ms) 
 set [91/1498] : ATP1B2 - 11170 variants...
     -reading in genotypes, computing gene-based tests and building masks...done (26588ms) 
     -computing association tests...done (121ms) 
     -computing joint association tests...done (0ms) 
 set [92/1498] : ATP2A3 - 23797 variants...
     -reading in genotypes, computing gene-based tests and building masks...done (40327ms) 
     -computing association tests...done (24ms) 
     -computing joint association tests...done (0ms) 
 set [93/1498] : ATP5MC1 - 7624 variants...
     -reading in genotypes, computing gene-based tests and building masks...done (23869ms) 
     -computing association tests...done (28ms) 
     -computing joint association tests...done (0ms) 
 set [94/1498] : ATP5MGP7 - 119 variants...
     -reading in genotypes, computing gene-based tests and building masks...done (514ms) 
     -computing association tests...done (1ms) 
     -computing joint association tests...done (0ms) 
 set [95/1498] : ATP5PD - 6719 variants...
     -reading in genotypes, computing gene-based tests and building masks...done (13100ms) 
     -computing association tests...done (149ms) 
     -computing joint association tests...done (0ms) 
 set [96/1498] : ATP6V0A1 - 29582 variants...
     -reading in genotypes, computing gene-based tests and building masks...done (47094ms) 
     -computing association tests...done (19ms) 
     -computing joint association tests...done (0ms) 
 set [97/1498] : ATPAF2 - 8623 variants...
     -reading in genotypes, computing gene-based tests and building masks...done (14654ms) 
     -computing association tests...done (82ms) 
     -computing joint association tests...done (0ms) 
 set [98/1498] : ATXN7L3 - 7670 variants...
     -reading in genotypes, computing gene-based tests and building masks...done (12766ms) 
     -computing association tests...done (146ms) 
     -computing joint association tests...done (0ms) 
 set [99/1498] : ATXN7L3-AS1 - 6337 variants...
     -reading in genotypes, computing gene-based tests and building masks...done (13812ms) 
     -computing association tests...done (16ms) 
     -computing joint association tests...done (0ms) 
 set [100/1498] : AURKB - 10515 variants...
     -reading in genotypes, computing gene-based tests and building masks...done (18087ms) 
     -computing association tests...done (136ms) 
     -computing joint association tests...done (0ms) 
 set [101/1498] : AXIN2 - 22129 variants...
     -reading in genotypes, computing gene-based tests and building masks...done (32302ms) 
     -computing association tests...done (87ms) 
     -computing joint association tests...done (0ms) 
 set [102/1498] : B3GNTL1 - 69717 variants...
     -reading in genotypes, computing gene-based tests and building masks...done (257629ms) 
     -computing association tests...done (85ms) 
     -computing joint association tests...done (0ms) 
 set [103/1498] : B4GALNT2 - 23816 variants...
     -reading in genotypes, computing gene-based tests and building masks...done (46150ms) 
     -computing association tests...done (88ms) 
     -computing joint association tests...done (0ms) 
 set [104/1498] : B4GALNT2P1 - 4672 variants...
     -reading in genotypes, computing gene-based tests and building masks...done (6694ms) 
     -computing association tests...done (16ms) 
     -computing joint association tests...done (0ms) 
 set [105/1498] : B9D1 - 12093 variants...
     -reading in genotypes, computing gene-based tests and building masks...done (24090ms) 
     -computing association tests...done (21ms) 
     -computing joint association tests...done (0ms) 
 set [106/1498] : BAHCC1 - 51540 variants...
     -reading in genotypes, computing gene-based tests and building masks...done (109879ms) 
     -computing association tests...done (83ms) 
     -computing joint association tests...done (0ms) 
 set [107/1498] : BAIAP2 - 57891 variants...
     -reading in genotypes, computing gene-based tests and building masks...done (118462ms) 
     -computing association tests...done (135ms) 
     -computing joint association tests...done (0ms) 
 set [108/1498] : BAIAP2-DT - 436 variants...
     -reading in genotypes, computing gene-based tests and building masks...done (4947ms) 
     -computing association tests...done (16ms) 
     -computing joint association tests...done (0ms) 
 set [109/1498] : BCAS3 - 298248 variants...
     -reading in genotypes, computing gene-based tests and building masks...done (2115705ms) 
     -computing association tests...done (110ms) 
     -computing joint association tests...done (0ms) 
 set [110/1498] : BCL6B - 5660 variants...
     -reading in genotypes, computing gene-based tests and building masks...done (10014ms) 
     -computing association tests...done (84ms) 
     -computing joint association tests...done (0ms) 
 set [111/1498] : BECN1 - 7551 variants...
     -reading in genotypes, computing gene-based tests and building masks...done (12006ms) 
     -computing association tests...done (184ms) 
     -computing joint association tests...done (0ms) 
 set [112/1498] : BHLHA9 - 4946 variants...
     -reading in genotypes, computing gene-based tests and building masks...done (9683ms) 
     -computing association tests...done (79ms) 
     -computing joint association tests...done (0ms) 
 set [113/1498] : BIRC5 - 9947 variants...
     -reading in genotypes, computing gene-based tests and building masks...done (16402ms) 
     -computing association tests...done (74ms) 
     -computing joint association tests...done (0ms) 
 set [114/1498] : BLMH - 20183 variants...
     -reading in genotypes, computing gene-based tests and building masks...done (29502ms) 
     -computing association tests...done (86ms) 
     -computing joint association tests...done (0ms) 
 set [115/1498] : BLTP2 - 16170 variants...
     -reading in genotypes, computing gene-based tests and building masks...done (24487ms) 
     -computing association tests...done (27ms) 
     -computing joint association tests...done (0ms) 
 set [116/1498] : BORCS6 - 7142 variants...
     -reading in genotypes, computing gene-based tests and building masks...done (11637ms) 
     -computing association tests...done (71ms) 
     -computing joint association tests...done (0ms) 
 set [117/1498] : BPTF - 76711 variants...
     -reading in genotypes, computing gene-based tests and building masks...done (172358ms) 
     -computing association tests...done (24ms) 
     -computing joint association tests...done (0ms) 
 set [118/1498] : BPTFP1 - 2751 variants...
     -reading in genotypes, computing gene-based tests and building masks...done (4397ms) 
     -computing association tests...done (13ms) 
     -computing joint association tests...done (0ms) 
 set [119/1498] : BRCA1 - 39105 variants...
     -reading in genotypes, computing gene-based tests and building masks...done (79455ms) 
     -computing association tests...done (24ms) 
     -computing joint association tests...done (0ms) 
 set [120/1498] : BRIP1 - 80286 variants...
     -reading in genotypes, computing gene-based tests and building masks...done (165136ms) 
     -computing association tests...done (83ms) 
     -computing joint association tests...done (0ms) 
 set [121/1498] : BTBD17 - 8797 variants...
     -reading in genotypes, computing gene-based tests and building masks...done (16389ms) 
     -computing association tests...done (150ms) 
     -computing joint association tests...done (0ms) 
 set [122/1498] : BTF3P14 - 4993 variants...
     -reading in genotypes, computing gene-based tests and building masks...done (23615ms) 
     -computing association tests...done (124ms) 
     -computing joint association tests...done (0ms) 
 set [123/1498] : C17orf100 - 845 variants...
     -reading in genotypes, computing gene-based tests and building masks...done (1995ms) 
     -computing association tests...done (76ms) 
     -computing joint association tests...done (0ms) 
 set [124/1498] : C17orf113 - 9134 variants...
     -reading in genotypes, computing gene-based tests and building masks...done (13387ms) 
     -computing association tests...done (19ms) 
     -computing joint association tests...done (0ms) 
 set [125/1498] : C17orf50 - 2940 variants...
     -reading in genotypes, computing gene-based tests and building masks...done (5219ms) 
     -computing association tests...done (19ms) 
     -computing joint association tests...done (0ms) 
 set [126/1498] : C17orf58 - 8272 variants...
     -reading in genotypes, computing gene-based tests and building masks...done (16655ms) 
     -computing association tests...done (80ms) 
     -computing joint association tests...done (0ms) 
 set [127/1498] : C17orf67 - 19837 variants...
     -reading in genotypes, computing gene-based tests and building masks...done (28284ms) 
     -computing association tests...done (19ms) 
     -computing joint association tests...done (0ms) 
 set [128/1498] : C17orf75 - 7075 variants...
     -reading in genotypes, computing gene-based tests and building masks...done (12903ms) 
     -computing association tests...done (16ms) 
     -computing joint association tests...done (0ms) 
 set [129/1498] : C17orf78 - 17465 variants...
     -reading in genotypes, computing gene-based tests and building masks...done (32635ms) 
     -computing association tests...done (19ms) 
     -computing joint association tests...done (0ms) 
 set [130/1498] : C17orf99 - 14190 variants...
     -reading in genotypes, computing gene-based tests and building masks...done (30130ms) 
     -computing association tests...done (18ms) 
     -computing joint association tests...done (0ms) 
 set [131/1498] : C1QBP - 3928 variants...
     -reading in genotypes, computing gene-based tests and building masks...done (9427ms) 
     -computing association tests...done (125ms) 
     -computing joint association tests...done (0ms) 
 set [132/1498] : C1QL1 - 8293 variants...
     -reading in genotypes, computing gene-based tests and building masks...done (14712ms) 
     -computing association tests...done (18ms) 
     -computing joint association tests...done (0ms) 
 set [133/1498] : C1QTNF1 - 16098 variants...
     -reading in genotypes, computing gene-based tests and building masks...done (30372ms) 
     -computing association tests...done (18ms) 
     -computing joint association tests...done (0ms) 
 set [134/1498] : C1QTNF1-AS1 - 1922 variants...
     -reading in genotypes, computing gene-based tests and building masks...done (3059ms) 
     -computing association tests...done (14ms) 
     -computing joint association tests...done (0ms) 
 set [135/1498] : CA10 - 233036 variants...
     -reading in genotypes, computing gene-based tests and building masks...done (984360ms) 
     -computing association tests...done (21ms) 
     -computing joint association tests...done (0ms) 
 set [136/1498] : CA4 - 13482 variants...
     -reading in genotypes, computing gene-based tests and building masks...done (21643ms) 
     -computing association tests...done (21ms) 
     -computing joint association tests...done (0ms) 
 set [137/1498] : CACNA1G - 32371 variants...
     -reading in genotypes, computing gene-based tests and building masks...done (52344ms) 
     -computing association tests...done (83ms) 
     -computing joint association tests...done (0ms) 
 set [138/1498] : CACNB1 - 14722 variants...
     -reading in genotypes, computing gene-based tests and building masks...done (20840ms) 
     -computing association tests...done (84ms) 
     -computing joint association tests...done (0ms) 
 set [139/1498] : CACNG1 - 9003 variants...
     -reading in genotypes, computing gene-based tests and building masks...done (21237ms) 
     -computing association tests...done (20ms) 
     -computing joint association tests...done (0ms) 
 set [140/1498] : CACNG4 - 35616 variants...
     -reading in genotypes, computing gene-based tests and building masks...done (77895ms) 
     -computing association tests...done (151ms) 
     -computing joint association tests...done (0ms) 
 set [141/1498] : CACNG5 - 29111 variants...
     -reading in genotypes, computing gene-based tests and building masks...done (56324ms) 
     -computing association tests...done (113ms) 
     -computing joint association tests...done (0ms) 
 set [142/1498] : CALCOCO2 - 28763 variants...
     -reading in genotypes, computing gene-based tests and building masks...done (69711ms) 
     -computing association tests...done (22ms) 
     -computing joint association tests...done (0ms) 
 set [143/1498] : CALM2P1 - 4319 variants...
     -reading in genotypes, computing gene-based tests and building masks...done (6012ms) 
     -computing association tests...done (16ms) 
     -computing joint association tests...done (0ms) 
 set [144/1498] : CAMKK1 - 21762 variants...
     -reading in genotypes, computing gene-based tests and building masks...done (49576ms) 
     -computing association tests...done (74ms) 
     -computing joint association tests...done (0ms) 
 set [145/1498] : CAMTA2 - 4186 variants...
     -reading in genotypes, computing gene-based tests and building masks...done (18750ms) 
     -computing association tests...done (14ms) 
     -computing joint association tests...done (0ms) 
 set [146/1498] : CANT1 - 21013 variants...
     -reading in genotypes, computing gene-based tests and building masks...done (65448ms) 
     -computing association tests...done (148ms) 
     -computing joint association tests...done (0ms) 
 set [147/1498] : CARD14 - 20527 variants...
     -reading in genotypes, computing gene-based tests and building masks...done (48228ms) 
     -computing association tests...done (203ms) 
     -computing joint association tests...done (0ms) 
 set [148/1498] : CASC17 - 48124 variants...
     -reading in genotypes, computing gene-based tests and building masks...done (84095ms) 
     -computing association tests...done (19ms) 
     -computing joint association tests...done (0ms) 
 set [149/1498] : CASC3 - 17130 variants...
     -reading in genotypes, computing gene-based tests and building masks...done (30527ms) 
     -computing association tests...done (85ms) 
     -computing joint association tests...done (0ms) 
 set [150/1498] : CASKIN2 - 9940 variants...
     -reading in genotypes, computing gene-based tests and building masks...done (15029ms) 
     -computing association tests...done (102ms) 
     -computing joint association tests...done (0ms) 
 set [151/1498] : CAVIN1 - 14577 variants...
     -reading in genotypes, computing gene-based tests and building masks...done (26230ms) 
     -computing association tests...done (19ms) 
     -computing joint association tests...done (0ms) 
 set [152/1498] : CBX1 - 21705 variants...
     -reading in genotypes, computing gene-based tests and building masks...done (48423ms) 
     -computing association tests...done (75ms) 
     -computing joint association tests...done (0ms) 
 set [153/1498] : CBX2 - 10467 variants...
     -reading in genotypes, computing gene-based tests and building masks...done (19798ms) 
     -computing association tests...done (31ms) 
     -computing joint association tests...done (0ms) 
 set [154/1498] : CBX4 - 9074 variants...
     -reading in genotypes, computing gene-based tests and building masks...done (16741ms) 
     -computing association tests...done (80ms) 
     -computing joint association tests...done (0ms) 
 set [155/1498] : CBX8 - 5833 variants...
     -reading in genotypes, computing gene-based tests and building masks...done (10246ms) 
     -computing association tests...done (20ms) 
     -computing joint association tests...done (0ms) 
 set [156/1498] : CCDC103 - 1270 variants...
     -reading in genotypes, computing gene-based tests and building masks...done (9759ms) 
     -computing association tests...done (9ms) 
     -computing joint association tests...done (0ms) 
 set [157/1498] : CCDC137 - 8075 variants...
     -reading in genotypes, computing gene-based tests and building masks...done (12998ms) 
     -computing association tests...done (20ms) 
     -computing joint association tests...done (0ms) 
 set [158/1498] : CCDC144A - 45391 variants...
     -reading in genotypes, computing gene-based tests and building masks...done (96686ms) 
     -computing association tests...done (21ms) 
     -computing joint association tests...done (0ms) 
 set [159/1498] : CCDC144CP - 29640 variants...
     -reading in genotypes, computing gene-based tests and building masks...done (53499ms) 
     -computing association tests...done (17ms) 
     -computing joint association tests...done (0ms) 
 set [160/1498] : CCDC144NL - 24075 variants...
     -reading in genotypes, computing gene-based tests and building masks...done (40780ms) 
     -computing association tests...done (18ms) 
     -computing joint association tests...done (0ms) 
 set [161/1498] : CCDC144NL-AS1 - 74708 variants...
     -reading in genotypes, computing gene-based tests and building masks...done (205205ms) 
     -computing association tests...done (19ms) 
     -computing joint association tests...done (0ms) 
 set [162/1498] : CCDC182 - 4407 variants...
     -reading in genotypes, computing gene-based tests and building masks...done (10177ms) 
     -computing association tests...done (82ms) 
     -computing joint association tests...done (0ms) 
 set [163/1498] : CCDC200 - 20213 variants...
     -reading in genotypes, computing gene-based tests and building masks...done (388788ms) 
     -computing association tests...done (36ms) 
     -computing joint association tests...done (0ms) 
 set [164/1498] : CCDC40 - 32876 variants...
     -reading in genotypes, computing gene-based tests and building masks...done (77333ms) 
     -computing association tests...done (23ms) 
     -computing joint association tests...done (0ms) 
 set [165/1498] : CCDC42 - 16471 variants...
     -reading in genotypes, computing gene-based tests and building masks...done (34328ms) 
     -computing association tests...done (78ms) 
     -computing joint association tests...done (0ms) 
 set [166/1498] : CCDC43 - 5304 variants...
     -reading in genotypes, computing gene-based tests and building masks...done (10626ms) 
     -computing association tests...done (16ms) 
     -computing joint association tests...done (0ms) 
 set [167/1498] : CCDC47 - 17743 variants...
     -reading in genotypes, computing gene-based tests and building masks...done (43344ms) 
     -computing association tests...done (147ms) 
     -computing joint association tests...done (0ms) 
 set [168/1498] : CCDC57 - 67274 variants...
     -reading in genotypes, computing gene-based tests and building masks...done (191176ms) 
     -computing association tests...done (102ms) 
     -computing joint association tests...done (0ms) 
 set [169/1498] : CCDC92B - 20064 variants...
     -reading in genotypes, computing gene-based tests and building masks...done (30628ms) 
     -computing association tests...done (16ms) 
     -computing joint association tests...done (0ms) 
 set [170/1498] : CCL11 - 6018 variants...
     -reading in genotypes, computing gene-based tests and building masks...done (16636ms) 
     -computing association tests...done (17ms) 
     -computing joint association tests...done (0ms) 
 set [171/1498] : CCL1 - 3405 variants...
     -reading in genotypes, computing gene-based tests and building masks...done (8985ms) 
     -computing association tests...done (21ms) 
     -computing joint association tests...done (0ms) 
 set [172/1498] : CCL13 - 3778 variants...
     -reading in genotypes, computing gene-based tests and building masks...done (8099ms) 
     -computing association tests...done (15ms) 
     -computing joint association tests...done (0ms) 
 set [173/1498] : CCL14 - 3271 variants...
     -reading in genotypes, computing gene-based tests and building masks...done (11341ms) 
     -computing association tests...done (78ms) 
     -computing joint association tests...done (0ms) 
 set [174/1498] : CCL15 - 5764 variants...
     -reading in genotypes, computing gene-based tests and building masks...done (12071ms) 
     -computing association tests...done (152ms) 
     -computing joint association tests...done (0ms) 
 set [175/1498] : CCL16 - 5429 variants...
     -reading in genotypes, computing gene-based tests and building masks...done (10911ms) 
     -computing association tests...done (200ms) 
     -computing joint association tests...done (0ms) 
 set [176/1498] : CCL18 - 6783 variants...
     -reading in genotypes, computing gene-based tests and building masks...done (15137ms) 
     -computing association tests...done (16ms) 
     -computing joint association tests...done (0ms) 
 set [177/1498] : CCL2 - 4711 variants...
     -reading in genotypes, computing gene-based tests and building masks...done (10133ms) 
     -computing association tests...done (16ms) 
     -computing joint association tests...done (0ms) 
 set [178/1498] : CCL23 - 5911 variants...
     -reading in genotypes, computing gene-based tests and building masks...done (10126ms) 
     -computing association tests...done (29ms) 
     -computing joint association tests...done (0ms) 
 set [179/1498] : CCL3 - 5512 variants...
     -reading in genotypes, computing gene-based tests and building masks...done (11921ms) 
     -computing association tests...done (17ms) 
     -computing joint association tests...done (0ms) 
 set [180/1498] : CCL3-AS1 - 2732 variants...
     -reading in genotypes, computing gene-based tests and building masks...done (4183ms) 
     -computing association tests...done (75ms) 
     -computing joint association tests...done (0ms) 
 set [181/1498] : CCL3L3 - 7001 variants...
     -reading in genotypes, computing gene-based tests and building masks...done (30006ms) 
     -computing association tests...done (161ms) 
     -computing joint association tests...done (0ms) 
 set [182/1498] : CCL4 - 5499 variants...
     -reading in genotypes, computing gene-based tests and building masks...done (11537ms) 
     -computing association tests...done (76ms) 
     -computing joint association tests...done (0ms) 
 set [183/1498] : CCL4L2 - 7601 variants...
     -reading in genotypes, computing gene-based tests and building masks...done (22846ms) 
     -computing association tests...done (32ms) 
     -computing joint association tests...done (0ms) 
 set [184/1498] : CCL5 - 8171 variants...
     -reading in genotypes, computing gene-based tests and building masks...done (14030ms) 
     -computing association tests...done (91ms) 
     -computing joint association tests...done (0ms) 
 set [185/1498] : CCL7 - 5266 variants...
     -reading in genotypes, computing gene-based tests and building masks...done (8343ms) 
     -computing association tests...done (148ms) 
     -computing joint association tests...done (0ms) 
 set [186/1498] : CCL8 - 4948 variants...
     -reading in genotypes, computing gene-based tests and building masks...done (16309ms) 
     -computing association tests...done (82ms) 
     -computing joint association tests...done (0ms) 
 set [187/1498] : CCR10 - 2939 variants...
     -reading in genotypes, computing gene-based tests and building masks...done (9125ms) 
     -computing association tests...done (12ms) 
     -computing joint association tests...done (0ms) 
 set [188/1498] : CCR7 - 8628 variants...
     -reading in genotypes, computing gene-based tests and building masks...done (13142ms) 
     -computing association tests...done (86ms) 
     -computing joint association tests...done (0ms) 
 set [189/1498] : CCT6B - 20088 variants...
     -reading in genotypes, computing gene-based tests and building masks...done (30326ms) 
     -computing association tests...done (79ms) 
     -computing joint association tests...done (0ms) 
 set [190/1498] : CD300A - 14661 variants...
     -reading in genotypes, computing gene-based tests and building masks...done (31274ms) 
     -computing association tests...done (19ms) 
     -computing joint association tests...done (0ms) 
 set [191/1498] : CD300C - 6723 variants...
     -reading in genotypes, computing gene-based tests and building masks...done (13747ms) 
     -computing association tests...done (16ms) 
     -computing joint association tests...done (0ms) 
 set [192/1498] : CD300E - 10033 variants...
     -reading in genotypes, computing gene-based tests and building masks...done (20692ms) 
     -computing association tests...done (76ms) 
     -computing joint association tests...done (0ms) 
 set [193/1498] : CD300H - 8253 variants...
     -reading in genotypes, computing gene-based tests and building masks...done (19684ms) 
     -computing association tests...done (18ms) 
     -computing joint association tests...done (0ms) 
 set [194/1498] : CD300LB - 10817 variants...
     -reading in genotypes, computing gene-based tests and building masks...done (17083ms) 
     -computing association tests...done (33ms) 
     -computing joint association tests...done (0ms) 
 set [195/1498] : CD300LD - 9531 variants...
     -reading in genotypes, computing gene-based tests and building masks...done (18091ms) 
     -computing association tests...done (19ms) 
     -computing joint association tests...done (0ms) 
 set [196/1498] : CD300LD-AS1 - 4078 variants...
     -reading in genotypes, computing gene-based tests and building masks...done (7371ms) 
     -computing association tests...done (17ms) 
     -computing joint association tests...done (0ms) 
 set [197/1498] : CD300LF - 11884 variants...
     -reading in genotypes, computing gene-based tests and building masks...done (20528ms) 
     -computing association tests...done (21ms) 
     -computing joint association tests...done (0ms) 
 set [198/1498] : CD300LG - 11915 variants...
     -reading in genotypes, computing gene-based tests and building masks...done (31362ms) 
     -computing association tests...done (74ms) 
     -computing joint association tests...done (0ms) 
 set [199/1498] : CD68 - 2590 variants...
     -reading in genotypes, computing gene-based tests and building masks...done (6187ms) 
     -computing association tests...done (16ms) 
     -computing joint association tests...done (0ms) 
 set [200/1498] : CD7 - 7256 variants...
     -reading in genotypes, computing gene-based tests and building masks...done (12462ms) 
     -computing association tests...done (16ms) 
     -computing joint association tests...done (0ms) 
 set [201/1498] : CD79B - 3995 variants...
     -reading in genotypes, computing gene-based tests and building masks...done (8728ms) 
     -computing association tests...done (11ms) 
     -computing joint association tests...done (0ms) 
 set [202/1498] : CDC27 - 34821 variants...
     -reading in genotypes, computing gene-based tests and building masks...done (67587ms) 
     -computing association tests...done (123ms) 
     -computing joint association tests...done (0ms) 
 set [203/1498] : CDC42EP4 - 23209 variants...
     -reading in genotypes, computing gene-based tests and building masks...done (46251ms) 
     -computing association tests...done (32ms) 
     -computing joint association tests...done (0ms) 
 set [204/1498] : CDC6 - 11281 variants...
     -reading in genotypes, computing gene-based tests and building masks...done (17402ms) 
     -computing association tests...done (89ms) 
     -computing joint association tests...done (0ms) 
 set [205/1498] : CDK12 - 51595 variants...
     -reading in genotypes, computing gene-based tests and building masks...done (196864ms) 
     -computing association tests...done (22ms) 
     -computing joint association tests...done (0ms) 
 set [206/1498] : CDK5R1 - 4113 variants...
     -reading in genotypes, computing gene-based tests and building masks...done (7016ms) 
     -computing association tests...done (13ms) 
     -computing joint association tests...done (0ms) 
 set [207/1498] : CDK5RAP3 - 9657 variants...
     -reading in genotypes, computing gene-based tests and building masks...done (24387ms) 
     -computing association tests...done (17ms) 
     -computing joint association tests...done (0ms) 
 set [208/1498] : CDR2L - 10738 variants...
     -reading in genotypes, computing gene-based tests and building masks...done (28497ms) 
     -computing association tests...done (76ms) 
     -computing joint association tests...done (0ms) 
 set [209/1498] : CDRT15 - 5107 variants...
     -reading in genotypes, computing gene-based tests and building masks...done (29863ms) 
     -computing association tests...done (12ms) 
     -computing joint association tests...done (0ms) 
 set [210/1498] : CDRT15L2 - 4731 variants...
     -reading in genotypes, computing gene-based tests and building masks...done (14078ms) 
     -computing association tests...done (29ms) 
     -computing joint association tests...done (0ms) 
 set [211/1498] : CDRT15P2 - 89 variants...
     -reading in genotypes, computing gene-based tests and building masks...done (4521ms) 
     -computing association tests...done (4ms) 
     -computing joint association tests...done (0ms) 
 set [212/1498] : CDRT4 - 20949 variants...
     -reading in genotypes, computing gene-based tests and building masks...done (39582ms) 
     -computing association tests...done (132ms) 
     -computing joint association tests...done (0ms) 
 set [213/1498] : CDRT8 - 2380 variants...
     -reading in genotypes, computing gene-based tests and building masks...done (5956ms) 
     -computing association tests...done (12ms) 
     -computing joint association tests...done (0ms) 
 set [214/1498] : CENPV - 11032 variants...
     -reading in genotypes, computing gene-based tests and building masks...done (26778ms) 
     -computing association tests...done (167ms) 
     -computing joint association tests...done (0ms) 
 set [215/1498] : CENPX - 2317 variants...
     -reading in genotypes, computing gene-based tests and building masks...done (3729ms) 
     -computing association tests...done (7ms) 
     -computing joint association tests...done (0ms) 
 set [216/1498] : CEP112 - 231261 variants...
     -reading in genotypes, computing gene-based tests and building masks...done (1031524ms) 
     -computing association tests...done (23ms) 
     -computing joint association tests...done (0ms) 
 set [217/1498] : CEP131 - 20943 variants...
     -reading in genotypes, computing gene-based tests and building masks...done (36155ms) 
     -computing association tests...done (85ms) 
     -computing joint association tests...done (0ms) 
 set [218/1498] : CEP95 - 16666 variants...
     -reading in genotypes, computing gene-based tests and building masks...done (26457ms) 
     -computing association tests...done (131ms) 
     -computing joint association tests...done (0ms) 
 set [219/1498] : CFAP52 - 32043 variants...
     -reading in genotypes, computing gene-based tests and building masks...done (61264ms) 
     -computing association tests...done (23ms) 
     -computing joint association tests...done (0ms) 
 set [220/1498] : CFAP97D1 - 4447 variants...
     -reading in genotypes, computing gene-based tests and building masks...done (10398ms) 
     -computing association tests...done (130ms) 
     -computing joint association tests...done (0ms) 
 set [221/1498] : CHAD - 822 variants...
     -reading in genotypes, computing gene-based tests and building masks...done (4829ms) 
     -computing association tests...done (9ms) 
     -computing joint association tests...done (0ms) 
 set [222/1498] : CHCT1 - 8013 variants...
     -reading in genotypes, computing gene-based tests and building masks...done (14120ms) 
     -computing association tests...done (79ms) 
     -computing joint association tests...done (0ms) 
 set [223/1498] : CHD3 - 13379 variants...
     -reading in genotypes, computing gene-based tests and building masks...done (26763ms) 
     -computing association tests...done (80ms) 
     -computing joint association tests...done (0ms) 
 set [224/1498] : CHMP6 - 11439 variants...
     -reading in genotypes, computing gene-based tests and building masks...done (19000ms) 
     -computing association tests...done (18ms) 
     -computing joint association tests...done (0ms) 
 set [225/1498] : CHRNB1 - 6163 variants...
     -reading in genotypes, computing gene-based tests and building masks...done (10984ms) 
     -computing association tests...done (20ms) 
     -computing joint association tests...done (0ms) 
 set [226/1498] : CHRNE - 19792 variants...
     -reading in genotypes, computing gene-based tests and building masks...done (32365ms) 
     -computing association tests...done (87ms) 
     -computing joint association tests...done (0ms) 
 set [227/1498] : CLDN7 - 6364 variants...
     -reading in genotypes, computing gene-based tests and building masks...done (12457ms) 
     -computing association tests...done (16ms) 
     -computing joint association tests...done (0ms) 
 set [228/1498] : CLEC10A - 10386 variants...
     -reading in genotypes, computing gene-based tests and building masks...done (20575ms) 
     -computing association tests...done (19ms) 
     -computing joint association tests...done (0ms) 
 set [229/1498] : CLTC - 31510 variants...
     -reading in genotypes, computing gene-based tests and building masks...done (49904ms) 
     -computing association tests...done (121ms) 
     -computing joint association tests...done (0ms) 
 set [230/1498] : CLUH - 15265 variants...
     -reading in genotypes, computing gene-based tests and building masks...done (24194ms) 
     -computing association tests...done (83ms) 
     -computing joint association tests...done (0ms) 
 set [231/1498] : CNP - 7095 variants...
     -reading in genotypes, computing gene-based tests and building masks...done (16208ms) 
     -computing association tests...done (17ms) 
     -computing joint association tests...done (0ms) 
 set [232/1498] : CNTD1 - 5478 variants...
     -reading in genotypes, computing gene-based tests and building masks...done (11310ms) 
     -computing association tests...done (16ms) 
     -computing joint association tests...done (0ms) 
 set [233/1498] : CNTNAP1 - 8270 variants...
     -reading in genotypes, computing gene-based tests and building masks...done (12853ms) 
     -computing association tests...done (75ms) 
     -computing joint association tests...done (0ms) 
 set [234/1498] : CNTROB - 7253 variants...
     -reading in genotypes, computing gene-based tests and building masks...done (11833ms) 
     -computing association tests...done (18ms) 
     -computing joint association tests...done (0ms) 
 set [235/1498] : COA3 - 449 variants...
     -reading in genotypes, computing gene-based tests and building masks...done (3712ms) 
     -computing association tests...done (5ms) 
     -computing joint association tests...done (0ms) 
 set [236/1498] : COASY - 4032 variants...
     -reading in genotypes, computing gene-based tests and building masks...done (14840ms) 
     -computing association tests...done (28ms) 
     -computing joint association tests...done (0ms) 
 set [237/1498] : COG1 - 12675 variants...
     -reading in genotypes, computing gene-based tests and building masks...done (33747ms) 
     -computing association tests...done (119ms) 
     -computing joint association tests...done (0ms) 
 set [238/1498] : COIL - 13216 variants...
     -reading in genotypes, computing gene-based tests and building masks...done (20243ms) 
     -computing association tests...done (21ms) 
     -computing joint association tests...done (0ms) 
 set [239/1498] : COL1A1 - 11401 variants...
     -reading in genotypes, computing gene-based tests and building masks...done (19738ms) 
     -computing association tests...done (34ms) 
     -computing joint association tests...done (0ms) 
 set [240/1498] : COPRS - 6145 variants...
     -reading in genotypes, computing gene-based tests and building masks...done (12403ms) 
     -computing association tests...done (29ms) 
     -computing joint association tests...done (0ms) 
 set [241/1498] : COPS3 - 19014 variants...
     -reading in genotypes, computing gene-based tests and building masks...done (30285ms) 
     -computing association tests...done (30ms) 
     -computing joint association tests...done (0ms) 
 set [242/1498] : COPZ2 - 9190 variants...
     -reading in genotypes, computing gene-based tests and building masks...done (19417ms) 
     -computing association tests...done (94ms) 
     -computing joint association tests...done (0ms) 
 set [243/1498] : CORO6 - 434 variants...
     -reading in genotypes, computing gene-based tests and building masks...done (10259ms) 
     -computing association tests...done (70ms) 
     -computing joint association tests...done (0ms) 
 set [244/1498] : COTL1P1 - 179 variants...
     -reading in genotypes, computing gene-based tests and building masks...done (500ms) 
     -computing association tests...done (9ms) 
     -computing joint association tests...done (0ms) 
 set [245/1498] : COTL1P2 - 2413 variants...
     -reading in genotypes, computing gene-based tests and building masks...done (4550ms) 
     -computing association tests...done (11ms) 
     -computing joint association tests...done (0ms) 
 set [246/1498] : COX10 - 64953 variants...
     -reading in genotypes, computing gene-based tests and building masks...done (120407ms) 
     -computing association tests...done (90ms) 
     -computing joint association tests...done (0ms) 
 set [247/1498] : COX10-DT - 139562 variants...
     -reading in genotypes, computing gene-based tests and building masks...done (482188ms) 
     -computing association tests...done (17ms) 
     -computing joint association tests...done (0ms) 
 set [248/1498] : COX11 - 5384 variants...
     -reading in genotypes, computing gene-based tests and building masks...done (11273ms) 
     -computing association tests...done (14ms) 
     -computing joint association tests...done (0ms) 
 set [249/1498] : COX6B1P2 - 126 variants...
     -reading in genotypes, computing gene-based tests and building masks...done (5641ms) 
     -computing association tests...done (1ms) 
     -computing joint association tests...done (0ms) 
 set [250/1498] : CPD - 39476 variants...
     -reading in genotypes, computing gene-based tests and building masks...done (72461ms) 
     -computing association tests...done (21ms) 
     -computing joint association tests...done (0ms) 
 set [251/1498] : CPDP1 - 2288 variants...
     -reading in genotypes, computing gene-based tests and building masks...done (5783ms) 
     -computing association tests...done (12ms) 
     -computing joint association tests...done (0ms) 
 set [252/1498] : CPSF4L - 10300 variants...
     -reading in genotypes, computing gene-based tests and building masks...done (21152ms) 
     -computing association tests...done (72ms) 
     -computing joint association tests...done (0ms) 
 set [253/1498] : CRHR1 - 24887 variants...
     -reading in genotypes, computing gene-based tests and building masks...done (54070ms) 
     -computing association tests...done (16ms) 
     -computing joint association tests...done (0ms) 
 set [254/1498] : CRK - 27771 variants...
     -reading in genotypes, computing gene-based tests and building masks...done (45979ms) 
     -computing association tests...done (19ms) 
     -computing joint association tests...done (0ms) 
 set [255/1498] : CRLF3 - 25967 variants...
     -reading in genotypes, computing gene-based tests and building masks...done (43931ms) 
     -computing association tests...done (77ms) 
     -computing joint association tests...done (0ms) 
 set [256/1498] : CRYBA1 - 5008 variants...
     -reading in genotypes, computing gene-based tests and building masks...done (16679ms) 
     -computing association tests...done (14ms) 
     -computing joint association tests...done (0ms) 
 set [257/1498] : CSF3 - 2253 variants...
     -reading in genotypes, computing gene-based tests and building masks...done (3843ms) 
     -computing association tests...done (10ms) 
     -computing joint association tests...done (0ms) 
 set [258/1498] : CSH1 - 8597 variants...
     -reading in genotypes, computing gene-based tests and building masks...done (22823ms) 
     -computing association tests...done (91ms) 
     -computing joint association tests...done (0ms) 
 set [259/1498] : CSH2 - 6869 variants...
     -reading in genotypes, computing gene-based tests and building masks...done (12730ms) 
     -computing association tests...done (17ms) 
     -computing joint association tests...done (0ms) 
 set [260/1498] : CSHL1 - 4660 variants...
     -reading in genotypes, computing gene-based tests and building masks...done (8186ms) 
     -computing association tests...done (77ms) 
     -computing joint association tests...done (0ms) 
 set [261/1498] : CSNK1D - 18404 variants...
     -reading in genotypes, computing gene-based tests and building masks...done (33644ms) 
     -computing association tests...done (75ms) 
     -computing joint association tests...done (0ms) 
 set [262/1498] : CTC1 - 12822 variants...
     -reading in genotypes, computing gene-based tests and building masks...done (21765ms) 
     -computing association tests...done (23ms) 
     -computing joint association tests...done (0ms) 
 set [263/1498] : CTDNEP1 - 6783 variants...
     -reading in genotypes, computing gene-based tests and building masks...done (14537ms) 
     -computing association tests...done (16ms) 
     -computing joint association tests...done (0ms) 
 set [264/1498] : CTNS - 15448 variants...
     -reading in genotypes, computing gene-based tests and building masks...done (31084ms) 
     -computing association tests...done (143ms) 
     -computing joint association tests...done (0ms) 
 set [265/1498] : CUEDC1 - 44270 variants...
     -reading in genotypes, computing gene-based tests and building masks...done (81072ms) 
     -computing association tests...done (83ms) 
     -computing joint association tests...done (0ms) 
 set [266/1498] : CWC25 - 13355 variants...
     -reading in genotypes, computing gene-based tests and building masks...done (29368ms) 
     -computing association tests...done (80ms) 
     -computing joint association tests...done (0ms) 
 set [267/1498] : CXCL16 - 5135 variants...
     -reading in genotypes, computing gene-based tests and building masks...done (14410ms) 
     -computing association tests...done (78ms) 
     -computing joint association tests...done (0ms) 
 set [268/1498] : CYB561 - 11731 variants...
     -reading in genotypes, computing gene-based tests and building masks...done (24566ms) 
     -computing association tests...done (72ms) 
     -computing joint association tests...done (0ms) 
 set [269/1498] : CYB5D1 - 5695 variants...
     -reading in genotypes, computing gene-based tests and building masks...done (15641ms) 
     -computing association tests...done (22ms) 
     -computing joint association tests...done (0ms) 
 set [270/1498] : CYB5D2 - 9166 variants...
     -reading in genotypes, computing gene-based tests and building masks...done (21079ms) 
     -computing association tests...done (18ms) 
     -computing joint association tests...done (0ms) 
 set [271/1498] : CYBC1 - 5234 variants...
     -reading in genotypes, computing gene-based tests and building masks...done (12618ms) 
     -computing association tests...done (75ms) 
     -computing joint association tests...done (0ms) 
 set [272/1498] : CYGB - 9092 variants...
     -reading in genotypes, computing gene-based tests and building masks...done (16923ms) 
     -computing association tests...done (19ms) 
     -computing joint association tests...done (0ms) 
 set [273/1498] : CYTH1 - 54457 variants...
     -reading in genotypes, computing gene-based tests and building masks...done (128847ms) 
     -computing association tests...done (47ms) 
     -computing joint association tests...done (0ms) 
 set [274/1498] : DBF4B - 22828 variants...
     -reading in genotypes, computing gene-based tests and building masks...done (35379ms) 
     -computing association tests...done (22ms) 
     -computing joint association tests...done (0ms) 
 set [275/1498] : DCAF7 - 21569 variants...
     -reading in genotypes, computing gene-based tests and building masks...done (36568ms) 
     -computing association tests...done (20ms) 
     -computing joint association tests...done (0ms) 
 set [276/1498] : DCAKD - 18045 variants...
     -reading in genotypes, computing gene-based tests and building masks...done (42917ms) 
     -computing association tests...done (81ms) 
     -computing joint association tests...done (0ms) 
 set [277/1498] : DCXR - 3378 variants...
     -reading in genotypes, computing gene-based tests and building masks...done (7226ms) 
     -computing association tests...done (16ms) 
     -computing joint association tests...done (0ms) 
 set [278/1498] : DCXR-DT - 124 variants...
     -reading in genotypes, computing gene-based tests and building masks...done (445ms) 
     -computing association tests...done (1ms) 
     -computing joint association tests...done (0ms) 
 set [279/1498] : DDX42 - 15943 variants...
     -reading in genotypes, computing gene-based tests and building masks...done (23086ms) 
     -computing association tests...done (19ms) 
     -computing joint association tests...done (0ms) 
 set [280/1498] : DDX5 - 4684 variants...
     -reading in genotypes, computing gene-based tests and building masks...done (10754ms) 
     -computing association tests...done (18ms) 
     -computing joint association tests...done (0ms) 
 set [281/1498] : DDX52 - 18090 variants...
     -reading in genotypes, computing gene-based tests and building masks...done (26551ms) 
     -computing association tests...done (104ms) 
     -computing joint association tests...done (0ms) 
 set [282/1498] : DERL2 - 8013 variants...
     -reading in genotypes, computing gene-based tests and building masks...done (14469ms) 
     -computing association tests...done (144ms) 
     -computing joint association tests...done (0ms) 
 set [283/1498] : DGKE - 17339 variants...
     -reading in genotypes, computing gene-based tests and building masks...done (27024ms) 
     -computing association tests...done (78ms) 
     -computing joint association tests...done (0ms) 
 set [284/1498] : DHRS11 - 4543 variants...
     -reading in genotypes, computing gene-based tests and building masks...done (8770ms) 
     -computing association tests...done (85ms) 
     -computing joint association tests...done (0ms) 
 set [285/1498] : DHRS13 - 6676 variants...
     -reading in genotypes, computing gene-based tests and building masks...done (12288ms) 
     -computing association tests...done (117ms) 
     -computing joint association tests...done (0ms) 
 set [286/1498] : DHRS7B - 28943 variants...
     -reading in genotypes, computing gene-based tests and building masks...done (53225ms) 
     -computing association tests...done (20ms) 
     -computing joint association tests...done (0ms) 
 set [287/1498] : DHRS7C - 12543 variants...
     -reading in genotypes, computing gene-based tests and building masks...done (25185ms) 
     -computing association tests...done (81ms) 
     -computing joint association tests...done (0ms) 
 set [288/1498] : DHX33 - 12485 variants...
     -reading in genotypes, computing gene-based tests and building masks...done (17787ms) 
     -computing association tests...done (74ms) 
     -computing joint association tests...done (0ms) 
 set [289/1498] : DHX40 - 26458 variants...
     -reading in genotypes, computing gene-based tests and building masks...done (52888ms) 
     -computing association tests...done (79ms) 
     -computing joint association tests...done (0ms) 
 set [290/1498] : DHX40P1 - 2249 variants...
     -reading in genotypes, computing gene-based tests and building masks...done (3483ms) 
     -computing association tests...done (10ms) 
     -computing joint association tests...done (0ms) 
 set [291/1498] : DHX58 - 8281 variants...
     -reading in genotypes, computing gene-based tests and building masks...done (13333ms) 
     -computing association tests...done (21ms) 
     -computing joint association tests...done (0ms) 
 set [292/1498] : DHX8 - 19778 variants...
     -reading in genotypes, computing gene-based tests and building masks...done (35987ms) 
     -computing association tests...done (79ms) 
     -computing joint association tests...done (0ms) 
 set [293/1498] : DLG4 - 16191 variants...
     -reading in genotypes, computing gene-based tests and building masks...done (26172ms) 
     -computing association tests...done (79ms) 
     -computing joint association tests...done (0ms) 
 set [294/1498] : DLX3 - 6553 variants...
     -reading in genotypes, computing gene-based tests and building masks...done (10222ms) 
     -computing association tests...done (77ms) 
     -computing joint association tests...done (0ms) 
 set [295/1498] : DLX4 - 6778 variants...
     -reading in genotypes, computing gene-based tests and building masks...done (13640ms) 
     -computing association tests...done (17ms) 
     -computing joint association tests...done (0ms) 
 set [296/1498] : DNAH17 - 108527 variants...
     -reading in genotypes, computing gene-based tests and building masks...done (531327ms) 
     -computing association tests...done (90ms) 
     -computing joint association tests...done (0ms) 
 set [297/1498] : DNAH2 - 55148 variants...
     -reading in genotypes, computing gene-based tests and building masks...done (125874ms) 
     -computing association tests...done (96ms) 
     -computing joint association tests...done (0ms) 
 set [298/1498] : DNAH9 - 173395 variants...
     -reading in genotypes, computing gene-based tests and building masks...done (799391ms) 
     -computing association tests...done (142ms) 
     -computing joint association tests...done (0ms) 
 set [299/1498] : DNAI2 - 23325 variants...
     -reading in genotypes, computing gene-based tests and building masks...done (48922ms) 
     -computing association tests...done (31ms) 
     -computing joint association tests...done (0ms) 
 set [300/1498] : DNAJC7 - 13477 variants...
     -reading in genotypes, computing gene-based tests and building masks...done (20745ms) 
     -computing association tests...done (19ms) 
     -computing joint association tests...done (0ms) 
 set [301/1498] : DND1P1 - 294 variants...
     -reading in genotypes, computing gene-based tests and building masks...done (1009ms) 
     -computing association tests...done (7ms) 
     -computing joint association tests...done (0ms) 
 set [302/1498] : DOC2B - 22339 variants...
     -reading in genotypes, computing gene-based tests and building masks...done (91877ms) 
     -computing association tests...done (19ms) 
     -computing joint association tests...done (0ms) 
 set [303/1498] : DPH1 - 12413 variants...
     -reading in genotypes, computing gene-based tests and building masks...done (35863ms) 
     -computing association tests...done (83ms) 
     -computing joint association tests...done (0ms) 
 set [304/1498] : DPH1-AS1 - 684 variants...
     -reading in genotypes, computing gene-based tests and building masks...done (1561ms) 
     -computing association tests...done (47ms) 
     -computing joint association tests...done (0ms) 
 set [305/1498] : DRC3 - 22113 variants...
     -reading in genotypes, computing gene-based tests and building masks...done (44945ms) 
     -computing association tests...done (24ms) 
     -computing joint association tests...done (0ms) 
 set [306/1498] : DRG2 - 15862 variants...
     -reading in genotypes, computing gene-based tests and building masks...done (28488ms) 
     -computing association tests...done (81ms) 
     -computing joint association tests...done (0ms) 
 set [307/1498] : DUS1L - 9424 variants...
     -reading in genotypes, computing gene-based tests and building masks...done (18854ms) 
     -computing association tests...done (19ms) 
     -computing joint association tests...done (0ms) 
 set [308/1498] : DUSP14 - 21678 variants...
     -reading in genotypes, computing gene-based tests and building masks...done (43551ms) 
     -computing association tests...done (80ms) 
     -computing joint association tests...done (0ms) 
 set [309/1498] : DUSP3 - 6438 variants...
     -reading in genotypes, computing gene-based tests and building masks...done (12007ms) 
     -computing association tests...done (76ms) 
     -computing joint association tests...done (0ms) 
 set [310/1498] : DYNLL2 - 9705 variants...
     -reading in genotypes, computing gene-based tests and building masks...done (16253ms) 
     -computing association tests...done (76ms) 
     -computing joint association tests...done (0ms) 
 set [311/1498] : DYNLL2-DT - 3529 variants...
     -reading in genotypes, computing gene-based tests and building masks...done (5805ms) 
     -computing association tests...done (80ms) 
     -computing joint association tests...done (0ms) 
 set [312/1498] : EFCAB13 - 50482 variants...
     -reading in genotypes, computing gene-based tests and building masks...done (81498ms) 
     -computing association tests...done (84ms) 
     -computing joint association tests...done (0ms) 
 set [313/1498] : EFCAB13-DT - 23204 variants...
     -reading in genotypes, computing gene-based tests and building masks...done (38419ms) 
     -computing association tests...done (17ms) 
     -computing joint association tests...done (0ms) 
 set [314/1498] : EFCAB3 - 31407 variants...
     -reading in genotypes, computing gene-based tests and building masks...done (49269ms) 
     -computing association tests...done (25ms) 
     -computing joint association tests...done (0ms) 
 set [315/1498] : EFCAB5 - 67630 variants...
     -reading in genotypes, computing gene-based tests and building masks...done (133549ms) 
     -computing association tests...done (82ms) 
     -computing joint association tests...done (0ms) 
 set [316/1498] : EFNB3 - 5776 variants...
     -reading in genotypes, computing gene-based tests and building masks...done (11984ms) 
     -computing association tests...done (158ms) 
     -computing joint association tests...done (0ms) 
 set [317/1498] : EFTUD2 - 20453 variants...
     -reading in genotypes, computing gene-based tests and building masks...done (32588ms) 
     -computing association tests...done (80ms) 
     -computing joint association tests...done (0ms) 
 set [318/1498] : EIF1 - 6961 variants...
     -reading in genotypes, computing gene-based tests and building masks...done (13540ms) 
     -computing association tests...done (47ms) 
     -computing joint association tests...done (0ms) 
 set [319/1498] : EIF1P5 - 3227 variants...
     -reading in genotypes, computing gene-based tests and building masks...done (12037ms) 
     -computing association tests...done (15ms) 
     -computing joint association tests...done (0ms) 
 set [320/1498] : EIF4A1 - 4249 variants...
     -reading in genotypes, computing gene-based tests and building masks...done (6789ms) 
     -computing association tests...done (18ms) 
     -computing joint association tests...done (0ms) 
 set [321/1498] : EIF4A1P9 - 3183 variants...
     -reading in genotypes, computing gene-based tests and building masks...done (6461ms) 
     -computing association tests...done (14ms) 
     -computing joint association tests...done (0ms) 
 set [322/1498] : EIF4A3 - 10974 variants...
     -reading in genotypes, computing gene-based tests and building masks...done (31926ms) 
     -computing association tests...done (18ms) 
     -computing joint association tests...done (0ms) 
 set [323/1498] : EIF5A - 6013 variants...
     -reading in genotypes, computing gene-based tests and building masks...done (13336ms) 
     -computing association tests...done (19ms) 
     -computing joint association tests...done (0ms) 
 set [324/1498] : ELAC2 - 19364 variants...
     -reading in genotypes, computing gene-based tests and building masks...done (32030ms) 
     -computing association tests...done (20ms) 
     -computing joint association tests...done (0ms) 
 set [325/1498] : EMC6 - 959 variants...
     -reading in genotypes, computing gene-based tests and building masks...done (6368ms) 
     -computing association tests...done (79ms) 
     -computing joint association tests...done (0ms) 
 set [326/1498] : ENDOV - 16079 variants...
     -reading in genotypes, computing gene-based tests and building masks...done (25116ms) 
     -computing association tests...done (22ms) 
     -computing joint association tests...done (0ms) 
 set [327/1498] : ENGASE - 11373 variants...
     -reading in genotypes, computing gene-based tests and building masks...done (17196ms) 
     -computing association tests...done (80ms) 
     -computing joint association tests...done (0ms) 
 set [328/1498] : ENO3 - 300 variants...
     -reading in genotypes, computing gene-based tests and building masks...done (1853ms) 
     -computing association tests...done (3ms) 
     -computing joint association tests...done (0ms) 
 set [329/1498] : ENPP7 - 12637 variants...
     -reading in genotypes, computing gene-based tests and building masks...done (24359ms) 
     -computing association tests...done (84ms) 
     -computing joint association tests...done (0ms) 
 set [330/1498] : EPN2 - 47920 variants...
     -reading in genotypes, computing gene-based tests and building masks...done (90611ms) 
     -computing association tests...done (20ms) 
     -computing joint association tests...done (0ms) 
 set [331/1498] : EPN3 - 9458 variants...
     -reading in genotypes, computing gene-based tests and building masks...done (14729ms) 
     -computing association tests...done (84ms) 
     -computing joint association tests...done (0ms) 
 set [332/1498] : EPOP - 5729 variants...
     -reading in genotypes, computing gene-based tests and building masks...done (17480ms) 
     -computing association tests...done (17ms) 
     -computing joint association tests...done (0ms) 
 set [333/1498] : EPX - 5526 variants...
     -reading in genotypes, computing gene-based tests and building masks...done (17356ms) 
     -computing association tests...done (130ms) 
     -computing joint association tests...done (0ms) 
 set [334/1498] : ERAL1 - 6666 variants...
     -reading in genotypes, computing gene-based tests and building masks...done (14594ms) 
     -computing association tests...done (78ms) 
     -computing joint association tests...done (0ms) 
 set [335/1498] : ERBB2 - 16758 variants...
     -reading in genotypes, computing gene-based tests and building masks...done (28846ms) 
     -computing association tests...done (123ms) 
     -computing joint association tests...done (0ms) 
 set [336/1498] : ERN1 - 39752 variants...
     -reading in genotypes, computing gene-based tests and building masks...done (71282ms) 
     -computing association tests...done (79ms) 
     -computing joint association tests...done (0ms) 
 set [337/1498] : ERVE-1 - 2439 variants...
     -reading in genotypes, computing gene-based tests and building masks...done (3842ms) 
     -computing association tests...done (11ms) 
     -computing joint association tests...done (0ms) 
 set [338/1498] : ETV4 - 24611 variants...
     -reading in genotypes, computing gene-based tests and building masks...done (40543ms) 
     -computing association tests...done (22ms) 
     -computing joint association tests...done (0ms) 
 set [339/1498] : EVI2B - 6221 variants...
     -reading in genotypes, computing gene-based tests and building masks...done (19377ms) 
     -computing association tests...done (71ms) 
     -computing joint association tests...done (0ms) 
 set [340/1498] : EVPL - 15800 variants...
     -reading in genotypes, computing gene-based tests and building masks...done (28057ms) 
     -computing association tests...done (25ms) 
     -computing joint association tests...done (0ms) 
 set [341/1498] : EVPLL - 11287 variants...
     -reading in genotypes, computing gene-based tests and building masks...done (29741ms) 
     -computing association tests...done (71ms) 
     -computing joint association tests...done (0ms) 
 set [342/1498] : EXOC7 - 18690 variants...
     -reading in genotypes, computing gene-based tests and building masks...done (29655ms) 
     -computing association tests...done (119ms) 
     -computing joint association tests...done (0ms) 
 set [343/1498] : EZH1 - 19557 variants...
     -reading in genotypes, computing gene-based tests and building masks...done (28021ms) 
     -computing association tests...done (30ms) 
     -computing joint association tests...done (0ms) 
 set [344/1498] : FAAP100 - 12048 variants...
     -reading in genotypes, computing gene-based tests and building masks...done (25862ms) 
     -computing association tests...done (122ms) 
     -computing joint association tests...done (0ms) 
 set [345/1498] : FADS6 - 11947 variants...
     -reading in genotypes, computing gene-based tests and building masks...done (18856ms) 
     -computing association tests...done (86ms) 
     -computing joint association tests...done (0ms) 
 set [346/1498] : FAM106A - 67979 variants...
     -reading in genotypes, computing gene-based tests and building masks...done (481220ms) 
     -computing association tests...done (21ms) 
     -computing joint association tests...done (0ms) 
 set [347/1498] : FAM106B - 206 variants...
     -reading in genotypes, computing gene-based tests and building masks...done (6551ms) 
     -computing association tests...done (8ms) 
     -computing joint association tests...done (0ms) 
 set [348/1498] : FAM117A - 29077 variants...
     -reading in genotypes, computing gene-based tests and building masks...done (48892ms) 
     -computing association tests...done (17ms) 
     -computing joint association tests...done (0ms) 
 set [349/1498] : FAM136DP - 1086 variants...
     -reading in genotypes, computing gene-based tests and building masks...done (2041ms) 
     -computing association tests...done (10ms) 
     -computing joint association tests...done (0ms) 
 set [350/1498] : FAM171A2 - 9871 variants...
     -reading in genotypes, computing gene-based tests and building masks...done (30032ms) 
     -computing association tests...done (102ms) 
     -computing joint association tests...done (0ms) 
 set [351/1498] : FAM187A - 667 variants...
     -reading in genotypes, computing gene-based tests and building masks...done (2285ms) 
     -computing association tests...done (10ms) 
     -computing joint association tests...done (0ms) 
 set [352/1498] : FAM20A - 32865 variants...
     -reading in genotypes, computing gene-based tests and building masks...done (50182ms) 
     -computing association tests...done (81ms) 
     -computing joint association tests...done (0ms) 
 set [353/1498] : FAM222B - 52816 variants...
     -reading in genotypes, computing gene-based tests and building masks...done (136500ms) 
     -computing association tests...done (101ms) 
     -computing joint association tests...done (0ms) 
 set [354/1498] : FAM27E5 - 5581 variants...
     -reading in genotypes, computing gene-based tests and building masks...done (8353ms) 
     -computing association tests...done (48ms) 
     -computing joint association tests...done (0ms) 
 set [355/1498] : FASN - 16522 variants...
     -reading in genotypes, computing gene-based tests and building masks...done (25784ms) 
     -computing association tests...done (115ms) 
     -computing joint association tests...done (0ms) 
 set [356/1498] : FBF1 - 15100 variants...
     -reading in genotypes, computing gene-based tests and building masks...done (22543ms) 
     -computing association tests...done (85ms) 
     -computing joint association tests...done (0ms) 
 set [357/1498] : FBXL20 - 74749 variants...
     -reading in genotypes, computing gene-based tests and building masks...done (174320ms) 
     -computing association tests...done (123ms) 
     -computing joint association tests...done (0ms) 
 set [358/1498] : FBXO36P1 - 2602 variants...
     -reading in genotypes, computing gene-based tests and building masks...done (6604ms) 
     -computing association tests...done (140ms) 
     -computing joint association tests...done (0ms) 
 set [359/1498] : FBXO39 - 6878 variants...
     -reading in genotypes, computing gene-based tests and building masks...done (17016ms) 
     -computing association tests...done (18ms) 
     -computing joint association tests...done (0ms) 
 set [360/1498] : FBXO47 - 22099 variants...
     -reading in genotypes, computing gene-based tests and building masks...done (99900ms) 
     -computing association tests...done (78ms) 
     -computing joint association tests...done (0ms) 
 set [361/1498] : FBXW10 - 15036 variants...
     -reading in genotypes, computing gene-based tests and building masks...done (23202ms) 
     -computing association tests...done (89ms) 
     -computing joint association tests...done (0ms) 
 set [362/1498] : FBXW10B - 19400 variants...
     -reading in genotypes, computing gene-based tests and building masks...done (44818ms) 
     -computing association tests...done (86ms) 
     -computing joint association tests...done (0ms) 
 set [363/1498] : FDXR - 3376 variants...
     -reading in genotypes, computing gene-based tests and building masks...done (7493ms) 
     -computing association tests...done (15ms) 
     -computing joint association tests...done (0ms) 
 set [364/1498] : FGF11 - 3241 variants...
     -reading in genotypes, computing gene-based tests and building masks...done (6733ms) 
     -computing association tests...done (137ms) 
     -computing joint association tests...done (0ms) 
 set [365/1498] : FKBP10 - 7112 variants...
     -reading in genotypes, computing gene-based tests and building masks...done (13612ms) 
     -computing association tests...done (82ms) 
     -computing joint association tests...done (0ms) 
 set [366/1498] : FLCN - 14134 variants...
     -reading in genotypes, computing gene-based tests and building masks...done (21449ms) 
     -computing association tests...done (80ms) 
     -computing joint association tests...done (0ms) 
 set [367/1498] : FLII - 9044 variants...
     -reading in genotypes, computing gene-based tests and building masks...done (13981ms) 
     -computing association tests...done (83ms) 
     -computing joint association tests...done (0ms) 
 set [368/1498] : FLJ36000 - 28952 variants...
     -reading in genotypes, computing gene-based tests and building masks...done (79953ms) 
     -computing association tests...done (50ms) 
     -computing joint association tests...done (0ms) 
 set [369/1498] : FLJ40194 - 24878 variants...
     -reading in genotypes, computing gene-based tests and building masks...done (50035ms) 
     -computing association tests...done (38ms) 
     -computing joint association tests...done (0ms) 
 set [370/1498] : FLOT2 - 7325 variants...
     -reading in genotypes, computing gene-based tests and building masks...done (12245ms) 
     -computing association tests...done (122ms) 
     -computing joint association tests...done (0ms) 
 set [371/1498] : FMNL1 - 14911 variants...
     -reading in genotypes, computing gene-based tests and building masks...done (22217ms) 
     -computing association tests...done (76ms) 
     -computing joint association tests...done (0ms) 
 set [372/1498] : FMNL1-DT - 14230 variants...
     -reading in genotypes, computing gene-based tests and building masks...done (24055ms) 
     -computing association tests...done (38ms) 
     -computing joint association tests...done (0ms) 
 set [373/1498] : FN3K - 15422 variants...
     -reading in genotypes, computing gene-based tests and building masks...done (27193ms) 
     -computing association tests...done (19ms) 
     -computing joint association tests...done (0ms) 
 set [374/1498] : FN3KRP - 9702 variants...
     -reading in genotypes, computing gene-based tests and building masks...done (15989ms) 
     -computing association tests...done (79ms) 
     -computing joint association tests...done (0ms) 
 set [375/1498] : FNDC8 - 4321 variants...
     -reading in genotypes, computing gene-based tests and building masks...done (10362ms) 
     -computing association tests...done (30ms) 
     -computing joint association tests...done (0ms) 
 set [376/1498] : FOXJ1 - 6813 variants...
     -reading in genotypes, computing gene-based tests and building masks...done (9877ms) 
     -computing association tests...done (18ms) 
     -computing joint association tests...done (0ms) 
 set [377/1498] : FOXK2 - 53566 variants...
     -reading in genotypes, computing gene-based tests and building masks...done (124018ms) 
     -computing association tests...done (24ms) 
     -computing joint association tests...done (0ms) 
 set [378/1498] : FOXN1 - 19899 variants...
     -reading in genotypes, computing gene-based tests and building masks...done (54548ms) 
     -computing association tests...done (18ms) 
     -computing joint association tests...done (0ms) 
 set [379/1498] : FOXO3B - 230 variants...
     -reading in genotypes, computing gene-based tests and building masks...done (728ms) 
     -computing association tests...done (2ms) 
     -computing joint association tests...done (0ms) 
 set [380/1498] : FSCN2 - 11304 variants...
     -reading in genotypes, computing gene-based tests and building masks...done (26655ms) 
     -computing association tests...done (76ms) 
     -computing joint association tests...done (0ms) 
 set [381/1498] : FTSJ3 - 6168 variants...
     -reading in genotypes, computing gene-based tests and building masks...done (9864ms) 
     -computing association tests...done (132ms) 
     -computing joint association tests...done (0ms) 
 set [382/1498] : FXR2 - 13668 variants...
     -reading in genotypes, computing gene-based tests and building masks...done (23635ms) 
     -computing association tests...done (117ms) 
     -computing joint association tests...done (0ms) 
 set [383/1498] : FZD2 - 5835 variants...
     -reading in genotypes, computing gene-based tests and building masks...done (10151ms) 
     -computing association tests...done (178ms) 
     -computing joint association tests...done (0ms) 
 set [384/1498] : G6PC1 - 9670 variants...
     -reading in genotypes, computing gene-based tests and building masks...done (18796ms) 
     -computing association tests...done (19ms) 
     -computing joint association tests...done (0ms) 
 set [385/1498] : G6PC3 - 6457 variants...
     -reading in genotypes, computing gene-based tests and building masks...done (12847ms) 
     -computing association tests...done (17ms) 
     -computing joint association tests...done (0ms) 
 set [386/1498] : GAA - 15888 variants...
     -reading in genotypes, computing gene-based tests and building masks...done (48452ms) 
     -computing association tests...done (99ms) 
     -computing joint association tests...done (0ms) 
 set [387/1498] : GABARAP - 1034 variants...
     -reading in genotypes, computing gene-based tests and building masks...done (4346ms) 
     -computing association tests...done (12ms) 
     -computing joint association tests...done (0ms) 
 set [388/1498] : GALK1 - 7646 variants...
     -reading in genotypes, computing gene-based tests and building masks...done (21786ms) 
     -computing association tests...done (175ms) 
     -computing joint association tests...done (0ms) 
 set [389/1498] : GALR2 - 1269 variants...
     -reading in genotypes, computing gene-based tests and building masks...done (4380ms) 
     -computing association tests...done (125ms) 
     -computing joint association tests...done (0ms) 
 set [390/1498] : GAS2L2 - 6090 variants...
     -reading in genotypes, computing gene-based tests and building masks...done (9375ms) 
     -computing association tests...done (87ms) 
     -computing joint association tests...done (0ms) 
 set [391/1498] : GAS7 - 131107 variants...
     -reading in genotypes, computing gene-based tests and building masks...done (450737ms) 
     -computing association tests...done (20ms) 
     -computing joint association tests...done (0ms) 
 set [392/1498] : GAST - 5587 variants...
     -reading in genotypes, computing gene-based tests and building masks...done (11009ms) 
     -computing association tests...done (17ms) 
     -computing joint association tests...done (0ms) 
 set [393/1498] : GCGR - 10961 variants...
     -reading in genotypes, computing gene-based tests and building masks...done (18205ms) 
     -computing association tests...done (21ms) 
     -computing joint association tests...done (0ms) 
 set [394/1498] : GDPD1 - 31054 variants...
     -reading in genotypes, computing gene-based tests and building masks...done (57336ms) 
     -computing association tests...done (81ms) 
     -computing joint association tests...done (0ms) 
 set [395/1498] : GEMIN4 - 7351 variants...
     -reading in genotypes, computing gene-based tests and building masks...done (12892ms) 
     -computing association tests...done (19ms) 
     -computing joint association tests...done (0ms) 
 set [396/1498] : GFAP - 6381 variants...
     -reading in genotypes, computing gene-based tests and building masks...done (10863ms) 
     -computing association tests...done (74ms) 
     -computing joint association tests...done (0ms) 
 set [397/1498] : GGA3 - 14023 variants...
     -reading in genotypes, computing gene-based tests and building masks...done (32806ms) 
     -computing association tests...done (172ms) 
     -computing joint association tests...done (0ms) 
 set [398/1498] : GGNBP2 - 25493 variants...
     -reading in genotypes, computing gene-based tests and building masks...done (52965ms) 
     -computing association tests...done (21ms) 
     -computing joint association tests...done (0ms) 
 set [399/1498] : GGT6 - 6914 variants...
     -reading in genotypes, computing gene-based tests and building masks...done (12769ms) 
     -computing association tests...done (20ms) 
     -computing joint association tests...done (0ms) 
 set [400/1498] : GH1 - 6935 variants...
     -reading in genotypes, computing gene-based tests and building masks...done (11370ms) 
     -computing association tests...done (18ms) 
     -computing joint association tests...done (0ms) 
 set [401/1498] : GH2 - 5364 variants...
     -reading in genotypes, computing gene-based tests and building masks...done (9341ms) 
     -computing association tests...done (29ms) 
     -computing joint association tests...done (0ms) 
 set [402/1498] : GHDC - 4281 variants...
     -reading in genotypes, computing gene-based tests and building masks...done (10824ms) 
     -computing association tests...done (72ms) 
     -computing joint association tests...done (0ms) 
 set [403/1498] : GID4 - 14508 variants...
     -reading in genotypes, computing gene-based tests and building masks...done (24225ms) 
     -computing association tests...done (29ms) 
     -computing joint association tests...done (0ms) 
 set [404/1498] : GIP - 11529 variants...
     -reading in genotypes, computing gene-based tests and building masks...done (34647ms) 
     -computing association tests...done (18ms) 
     -computing joint association tests...done (0ms) 
 set [405/1498] : GIT1 - 4220 variants...
     -reading in genotypes, computing gene-based tests and building masks...done (9604ms) 
     -computing association tests...done (15ms) 
     -computing joint association tests...done (0ms) 
 set [406/1498] : GJC1 - 19173 variants...
     -reading in genotypes, computing gene-based tests and building masks...done (30369ms) 
     -computing association tests...done (78ms) 
     -computing joint association tests...done (0ms) 
 set [407/1498] : GJD3 - 6415 variants...
     -reading in genotypes, computing gene-based tests and building masks...done (12134ms) 
     -computing association tests...done (19ms) 
     -computing joint association tests...done (0ms) 
 set [408/1498] : GLOD4 - 13230 variants...
     -reading in genotypes, computing gene-based tests and building masks...done (22385ms) 
     -computing association tests...done (17ms) 
     -computing joint association tests...done (0ms) 
 set [409/1498] : GLP2R - 32477 variants...
     -reading in genotypes, computing gene-based tests and building masks...done (57082ms) 
     -computing association tests...done (22ms) 
     -computing joint association tests...done (0ms) 
 set [410/1498] : GLTPD2 - 2626 variants...
     -reading in genotypes, computing gene-based tests and building masks...done (7222ms) 
     -computing association tests...done (98ms) 
     -computing joint association tests...done (0ms) 
 set [411/1498] : GNA13 - 25970 variants...
     -reading in genotypes, computing gene-based tests and building masks...done (42379ms) 
     -computing association tests...done (21ms) 
     -computing joint association tests...done (0ms) 
 set [412/1498] : GNGT2 - 6810 variants...
     -reading in genotypes, computing gene-based tests and building masks...done (15023ms) 
     -computing association tests...done (79ms) 
     -computing joint association tests...done (0ms) 
 set [413/1498] : GOSR1 - 22648 variants...
     -reading in genotypes, computing gene-based tests and building masks...done (45387ms) 
     -computing association tests...done (19ms) 
     -computing joint association tests...done (0ms) 
 set [414/1498] : GOSR2 - 20567 variants...
     -reading in genotypes, computing gene-based tests and building masks...done (31062ms) 
     -computing association tests...done (20ms) 
     -computing joint association tests...done (0ms) 
 set [415/1498] : GOSR2-DT - 4679 variants...
     -reading in genotypes, computing gene-based tests and building masks...done (6773ms) 
     -computing association tests...done (119ms) 
     -computing joint association tests...done (0ms) 
 set [416/1498] : GP1BA - 4444 variants...
     -reading in genotypes, computing gene-based tests and building masks...done (8763ms) 
     -computing association tests...done (79ms) 
     -computing joint association tests...done (0ms) 
 set [417/1498] : GPATCH8 - 54579 variants...
     -reading in genotypes, computing gene-based tests and building masks...done (127164ms) 
     -computing association tests...done (80ms) 
     -computing joint association tests...done (0ms) 
 set [418/1498] : GPR142 - 4610 variants...
     -reading in genotypes, computing gene-based tests and building masks...done (9311ms) 
     -computing association tests...done (19ms) 
     -computing joint association tests...done (0ms) 
 set [419/1498] : GPR160P2 - 1137 variants...
     -reading in genotypes, computing gene-based tests and building masks...done (2270ms) 
     -computing association tests...done (11ms) 
     -computing joint association tests...done (0ms) 
 set [420/1498] : GPR179 - 10659 variants...
     -reading in genotypes, computing gene-based tests and building masks...done (19641ms) 
     -computing association tests...done (24ms) 
     -computing joint association tests...done (0ms) 
 set [421/1498] : GPRC5C - 15988 variants...
     -reading in genotypes, computing gene-based tests and building masks...done (25323ms) 
     -computing association tests...done (21ms) 
     -computing joint association tests...done (0ms) 
 set [422/1498] : GPS2 - 4245 variants...
     -reading in genotypes, computing gene-based tests and building masks...done (7351ms) 
     -computing association tests...done (123ms) 
     -computing joint association tests...done (0ms) 
 set [423/1498] : GRAP - 8680 variants...
     -reading in genotypes, computing gene-based tests and building masks...done (35364ms) 
     -computing association tests...done (17ms) 
     -computing joint association tests...done (0ms) 
 set [424/1498] : GRAPL - 9667 variants...
     -reading in genotypes, computing gene-based tests and building masks...done (55996ms) 
     -computing association tests...done (131ms) 
     -computing joint association tests...done (0ms) 
 set [425/1498] : GRAPL-AS1 - 18539 variants...
     -reading in genotypes, computing gene-based tests and building masks...done (213126ms) 
     -computing association tests...done (23ms) 
     -computing joint association tests...done (0ms) 
 set [426/1498] : GRB2 - 46045 variants...
     -reading in genotypes, computing gene-based tests and building masks...done (86206ms) 
     -computing association tests...done (19ms) 
     -computing joint association tests...done (0ms) 
 set [427/1498] : GRB7 - 8208 variants...
     -reading in genotypes, computing gene-based tests and building masks...done (12553ms) 
     -computing association tests...done (77ms) 
     -computing joint association tests...done (0ms) 
 set [428/1498] : GRIN2C - 13046 variants...
     -reading in genotypes, computing gene-based tests and building masks...done (34779ms) 
     -computing association tests...done (21ms) 
     -computing joint association tests...done (0ms) 
 set [429/1498] : GRN - 5351 variants...
     -reading in genotypes, computing gene-based tests and building masks...done (9467ms) 
     -computing association tests...done (159ms) 
     -computing joint association tests...done (0ms) 
 set [430/1498] : GSDMA - 20661 variants...
     -reading in genotypes, computing gene-based tests and building masks...done (49949ms) 
     -computing association tests...done (20ms) 
     -computing joint association tests...done (0ms) 
 set [431/1498] : GSDMB - 6394 variants...
     -reading in genotypes, computing gene-based tests and building masks...done (10996ms) 
     -computing association tests...done (18ms) 
     -computing joint association tests...done (0ms) 
 set [432/1498] : GSG1L2 - 11933 variants...
     -reading in genotypes, computing gene-based tests and building masks...done (19928ms) 
     -computing association tests...done (94ms) 
     -computing joint association tests...done (0ms) 
 set [433/1498] : GTF2IP6 - 7818 variants...
     -reading in genotypes, computing gene-based tests and building masks...done (13089ms) 
     -computing association tests...done (17ms) 
     -computing joint association tests...done (0ms) 
 set [434/1498] : GUCY2D - 11472 variants...
     -reading in genotypes, computing gene-based tests and building masks...done (16548ms) 
     -computing association tests...done (106ms) 
     -computing joint association tests...done (0ms) 
 set [435/1498] : H2BN1 - 13079 variants...
     -reading in genotypes, computing gene-based tests and building masks...done (31156ms) 
     -computing association tests...done (208ms) 
     -computing joint association tests...done (0ms) 
 set [436/1498] : H3-3B - 5099 variants...
     -reading in genotypes, computing gene-based tests and building masks...done (10331ms) 
     -computing association tests...done (21ms) 
     -computing joint association tests...done (0ms) 
 set [437/1498] : H3P41 - 4444 variants...
     -reading in genotypes, computing gene-based tests and building masks...done (9747ms) 
     -computing association tests...done (115ms) 
     -computing joint association tests...done (0ms) 
 set [438/1498] : HAP1 - 13377 variants...
     -reading in genotypes, computing gene-based tests and building masks...done (23563ms) 
     -computing association tests...done (21ms) 
     -computing joint association tests...done (0ms) 
 set [439/1498] : HCRT - 2166 variants...
     -reading in genotypes, computing gene-based tests and building masks...done (5602ms) 
     -computing association tests...done (43ms) 
     -computing joint association tests...done (0ms) 
 set [440/1498] : HDAC5 - 21889 variants...
     -reading in genotypes, computing gene-based tests and building masks...done (33811ms) 
     -computing association tests...done (133ms) 
     -computing joint association tests...done (0ms) 
 set [441/1498] : HEATR6 - 18215 variants...
     -reading in genotypes, computing gene-based tests and building masks...done (27600ms) 
     -computing association tests...done (22ms) 
     -computing joint association tests...done (0ms) 
 set [442/1498] : HEATR6-DT - 3468 variants...
     -reading in genotypes, computing gene-based tests and building masks...done (7521ms) 
     -computing association tests...done (14ms) 
     -computing joint association tests...done (0ms) 
 set [443/1498] : HEATR9 - 5886 variants...
     -reading in genotypes, computing gene-based tests and building masks...done (12558ms) 
     -computing association tests...done (23ms) 
     -computing joint association tests...done (0ms) 
 set [444/1498] : HELZ - 77068 variants...
     -reading in genotypes, computing gene-based tests and building masks...done (164925ms) 
     -computing association tests...done (84ms) 
     -computing joint association tests...done (0ms) 
 set [445/1498] : HELZ-AS1 - 12801 variants...
     -reading in genotypes, computing gene-based tests and building masks...done (23069ms) 
     -computing association tests...done (17ms) 
     -computing joint association tests...done (0ms) 
 set [446/1498] : HES7 - 3089 variants...
     -reading in genotypes, computing gene-based tests and building masks...done (6226ms) 
     -computing association tests...done (15ms) 
     -computing joint association tests...done (0ms) 
 set [447/1498] : HEXD - 19116 variants...
     -reading in genotypes, computing gene-based tests and building masks...done (50214ms) 
     -computing association tests...done (21ms) 
     -computing joint association tests...done (0ms) 
 set [448/1498] : HEXIM1 - 4074 variants...
     -reading in genotypes, computing gene-based tests and building masks...done (6381ms) 
     -computing association tests...done (20ms) 
     -computing joint association tests...done (0ms) 
 set [449/1498] : HEXIM2 - 8699 variants...
     -reading in genotypes, computing gene-based tests and building masks...done (14880ms) 
     -computing association tests...done (72ms) 
     -computing joint association tests...done (0ms) 
 set [450/1498] : HGS - 5343 variants...
     -reading in genotypes, computing gene-based tests and building masks...done (10447ms) 
     -computing association tests...done (91ms) 
     -computing joint association tests...done (0ms) 
 set [451/1498] : HIC1 - 4090 variants...
     -reading in genotypes, computing gene-based tests and building masks...done (11300ms) 
     -computing association tests...done (16ms) 
     -computing joint association tests...done (0ms) 
 set [452/1498] : HID1 - 15029 variants...
     -reading in genotypes, computing gene-based tests and building masks...done (28734ms) 
     -computing association tests...done (128ms) 
     -computing joint association tests...done (0ms) 
 set [453/1498] : HID1-AS1 - 1379 variants...
     -reading in genotypes, computing gene-based tests and building masks...done (2683ms) 
     -computing association tests...done (12ms) 
     -computing joint association tests...done (0ms) 
 set [454/1498] : HIGD1B - 3775 variants...
     -reading in genotypes, computing gene-based tests and building masks...done (8446ms) 
     -computing association tests...done (124ms) 
     -computing joint association tests...done (0ms) 
 set [455/1498] : HLF - 28384 variants...
     -reading in genotypes, computing gene-based tests and building masks...done (48291ms) 
     -computing association tests...done (19ms) 
     -computing joint association tests...done (0ms) 
 set [456/1498] : HMGB3P27 - 196 variants...
     -reading in genotypes, computing gene-based tests and building masks...done (555ms) 
     -computing association tests...done (1ms) 
     -computing joint association tests...done (0ms) 
 set [457/1498] : HMGN2P15 - 91 variants...
     -reading in genotypes, computing gene-based tests and building masks...done (832ms) 
     -computing association tests...done (1ms) 
     -computing joint association tests...done (0ms) 
 set [458/1498] : HNF1B - 29132 variants...
     -reading in genotypes, computing gene-based tests and building masks...done (49415ms) 
     -computing association tests...done (141ms) 
     -computing joint association tests...done (0ms) 
 set [459/1498] : HNRNPA1P19 - 1334 variants...
     -reading in genotypes, computing gene-based tests and building masks...done (5361ms) 
     -computing association tests...done (76ms) 
     -computing joint association tests...done (0ms) 
 set [460/1498] : HOXB1 - 7508 variants...
     -reading in genotypes, computing gene-based tests and building masks...done (31733ms) 
     -computing association tests...done (70ms) 
     -computing joint association tests...done (0ms) 
 set [461/1498] : HOXB13 - 6139 variants...
     -reading in genotypes, computing gene-based tests and building masks...done (10528ms) 
     -computing association tests...done (124ms) 
     -computing joint association tests...done (0ms) 
 set [462/1498] : HOXB2 - 7760 variants...
     -reading in genotypes, computing gene-based tests and building masks...done (13796ms) 
     -computing association tests...done (72ms) 
     -computing joint association tests...done (0ms) 
 set [463/1498] : HOXB3 - 11260 variants...
     -reading in genotypes, computing gene-based tests and building masks...done (19451ms) 
     -computing association tests...done (90ms) 
     -computing joint association tests...done (0ms) 
 set [464/1498] : HOXB4 - 6198 variants...
     -reading in genotypes, computing gene-based tests and building masks...done (11854ms) 
     -computing association tests...done (80ms) 
     -computing joint association tests...done (0ms) 
 set [465/1498] : HOXB5 - 4392 variants...
     -reading in genotypes, computing gene-based tests and building masks...done (7478ms) 
     -computing association tests...done (76ms) 
     -computing joint association tests...done (0ms) 
 set [466/1498] : HOXB6 - 5175 variants...
     -reading in genotypes, computing gene-based tests and building masks...done (9502ms) 
     -computing association tests...done (45ms) 
     -computing joint association tests...done (0ms) 
 set [467/1498] : HOXB7 - 4851 variants...
     -reading in genotypes, computing gene-based tests and building masks...done (10532ms) 
     -computing association tests...done (120ms) 
     -computing joint association tests...done (0ms) 
 set [468/1498] : HOXB8 - 66 variants...
     -reading in genotypes, computing gene-based tests and building masks...done (1447ms) 
     -computing association tests...done (1ms) 
     -computing joint association tests...done (0ms) 
 set [469/1498] : HOXB9 - 7110 variants...
     -reading in genotypes, computing gene-based tests and building masks...done (12751ms) 
     -computing association tests...done (20ms) 
     -computing joint association tests...done (0ms) 
 set [470/1498] : HROB - 13144 variants...
     -reading in genotypes, computing gene-based tests and building masks...done (20770ms) 
     -computing association tests...done (96ms) 
     -computing joint association tests...done (0ms) 
 set [471/1498] : HS3ST3A1 - 54558 variants...
     -reading in genotypes, computing gene-based tests and building masks...done (125288ms) 
     -computing association tests...done (20ms) 
     -computing joint association tests...done (0ms) 
 set [472/1498] : HS3ST3B1 - 26387 variants...
     -reading in genotypes, computing gene-based tests and building masks...done (40166ms) 
     -computing association tests...done (20ms) 
     -computing joint association tests...done (0ms) 
 set [473/1498] : HSD17B1 - 3566 variants...
     -reading in genotypes, computing gene-based tests and building masks...done (6731ms) 
     -computing association tests...done (16ms) 
     -computing joint association tests...done (0ms) 
 set [474/1498] : HSF5 - 29458 variants...
     -reading in genotypes, computing gene-based tests and building masks...done (49171ms) 
     -computing association tests...done (90ms) 
     -computing joint association tests...done (0ms) 
 set [475/1498] : ICAM2 - 12775 variants...
     -reading in genotypes, computing gene-based tests and building masks...done (25876ms) 
     -computing association tests...done (35ms) 
     -computing joint association tests...done (0ms) 
 set [476/1498] : IFI35 - 913 variants...
     -reading in genotypes, computing gene-based tests and building masks...done (4706ms) 
     -computing association tests...done (7ms) 
     -computing joint association tests...done (0ms) 
 set [477/1498] : IFT20 - 2693 variants...
     -reading in genotypes, computing gene-based tests and building masks...done (7526ms) 
     -computing association tests...done (17ms) 
     -computing joint association tests...done (0ms) 
 set [478/1498] : IGBP1C - 19767 variants...
     -reading in genotypes, computing gene-based tests and building masks...done (39036ms) 
     -computing association tests...done (19ms) 
     -computing joint association tests...done (0ms) 
 set [479/1498] : IGF2BP1 - 37014 variants...
     -reading in genotypes, computing gene-based tests and building masks...done (59981ms) 
     -computing association tests...done (18ms) 
     -computing joint association tests...done (0ms) 
 set [480/1498] : IGFBP4 - 10304 variants...
     -reading in genotypes, computing gene-based tests and building masks...done (20268ms) 
     -computing association tests...done (95ms) 
     -computing joint association tests...done (0ms) 
 set [481/1498] : IKZF3 - 47333 variants...
     -reading in genotypes, computing gene-based tests and building masks...done (86795ms) 
     -computing association tests...done (91ms) 
     -computing joint association tests...done (0ms) 
 set [482/1498] : INCA1 - 4596 variants...
     -reading in genotypes, computing gene-based tests and building masks...done (12574ms) 
     -computing association tests...done (127ms) 
     -computing joint association tests...done (0ms) 
 set [483/1498] : INPP5K - 15521 variants...
     -reading in genotypes, computing gene-based tests and building masks...done (29803ms) 
     -computing association tests...done (118ms) 
     -computing joint association tests...done (0ms) 
 set [484/1498] : INTS2 - 31063 variants...
     -reading in genotypes, computing gene-based tests and building masks...done (54760ms) 
     -computing association tests...done (18ms) 
     -computing joint association tests...done (0ms) 
 set [485/1498] : ISCA1P3 - 4027 variants...
     -reading in genotypes, computing gene-based tests and building masks...done (5857ms) 
     -computing association tests...done (14ms) 
     -computing joint association tests...done (0ms) 
 set [486/1498] : ITGA2B - 11084 variants...
     -reading in genotypes, computing gene-based tests and building masks...done (16953ms) 
     -computing association tests...done (22ms) 
     -computing joint association tests...done (0ms) 
 set [487/1498] : ITGA3 - 16285 variants...
     -reading in genotypes, computing gene-based tests and building masks...done (29259ms) 
     -computing association tests...done (103ms) 
     -computing joint association tests...done (0ms) 
 set [488/1498] : ITGAE - 49635 variants...
     -reading in genotypes, computing gene-based tests and building masks...done (100192ms) 
     -computing association tests...done (21ms) 
     -computing joint association tests...done (0ms) 
 set [489/1498] : ITGB3 - 26837 variants...
     -reading in genotypes, computing gene-based tests and building masks...done (45510ms) 
     -computing association tests...done (78ms) 
     -computing joint association tests...done (0ms) 
 set [490/1498] : ITGB4 - 15756 variants...
     -reading in genotypes, computing gene-based tests and building masks...done (25192ms) 
     -computing association tests...done (22ms) 
     -computing joint association tests...done (0ms) 
 set [491/1498] : JMJD6 - 6450 variants...
     -reading in genotypes, computing gene-based tests and building masks...done (10159ms) 
     -computing association tests...done (28ms) 
     -computing joint association tests...done (0ms) 
 set [492/1498] : JPT1 - 13077 variants...
     -reading in genotypes, computing gene-based tests and building masks...done (27211ms) 
     -computing association tests...done (119ms) 
     -computing joint association tests...done (0ms) 
 set [493/1498] : JUP - 19374 variants...
     -reading in genotypes, computing gene-based tests and building masks...done (28884ms) 
     -computing association tests...done (17ms) 
     -computing joint association tests...done (0ms) 
 set [494/1498] : KANSL1 - 94168 variants...
     -reading in genotypes, computing gene-based tests and building masks...done (243584ms) 
     -computing association tests...done (31ms) 
     -computing joint association tests...done (0ms) 
 set [495/1498] : KANSL1-AS1 - 1926 variants...
     -reading in genotypes, computing gene-based tests and building masks...done (3206ms) 
     -computing association tests...done (13ms) 
     -computing joint association tests...done (0ms) 
 set [496/1498] : KAT2A - 5711 variants...
     -reading in genotypes, computing gene-based tests and building masks...done (11005ms) 
     -computing association tests...done (103ms) 
     -computing joint association tests...done (0ms) 
 set [497/1498] : KAT7 - 22979 variants...
     -reading in genotypes, computing gene-based tests and building masks...done (34261ms) 
     -computing association tests...done (19ms) 
     -computing joint association tests...done (0ms) 
 set [498/1498] : KCNAB3 - 7151 variants...
     -reading in genotypes, computing gene-based tests and building masks...done (11217ms) 
     -computing association tests...done (86ms) 
     -computing joint association tests...done (0ms) 
 set [499/1498] : KCNH4 - 11798 variants...
     -reading in genotypes, computing gene-based tests and building masks...done (23085ms) 
     -computing association tests...done (30ms) 
     -computing joint association tests...done (0ms) 
 set [500/1498] : KCNH6 - 10999 variants...
     -reading in genotypes, computing gene-based tests and building masks...done (17120ms) 
     -computing association tests...done (96ms) 
     -computing joint association tests...done (0ms) 
 set [501/1498] : KCNJ12 - 23891 variants...
     -reading in genotypes, computing gene-based tests and building masks...done (45143ms) 
     -computing association tests...done (20ms) 
     -computing joint association tests...done (0ms) 
 set [502/1498] : KCNJ16 - 30780 variants...
     -reading in genotypes, computing gene-based tests and building masks...done (55426ms) 
     -computing association tests...done (16ms) 
     -computing joint association tests...done (0ms) 
 set [503/1498] : KCNJ18 - 15803 variants...
     -reading in genotypes, computing gene-based tests and building masks...done (26381ms) 
     -computing association tests...done (22ms) 
     -computing joint association tests...done (0ms) 
 set [504/1498] : KCNJ2 - 8590 variants...
     -reading in genotypes, computing gene-based tests and building masks...done (15572ms) 
     -computing association tests...done (18ms) 
     -computing joint association tests...done (0ms) 
 set [505/1498] : KCNJ2-AS1 - 1143 variants...
     -reading in genotypes, computing gene-based tests and building masks...done (2879ms) 
     -computing association tests...done (14ms) 
     -computing joint association tests...done (0ms) 
 set [506/1498] : KCTD2 - 11793 variants...
     -reading in genotypes, computing gene-based tests and building masks...done (20128ms) 
     -computing association tests...done (80ms) 
     -computing joint association tests...done (0ms) 
 set [507/1498] : KDM6B - 6862 variants...
     -reading in genotypes, computing gene-based tests and building masks...done (10482ms) 
     -computing association tests...done (91ms) 
     -computing joint association tests...done (0ms) 
 set [508/1498] : KIAA0753 - 27490 variants...
     -reading in genotypes, computing gene-based tests and building masks...done (42366ms) 
     -computing association tests...done (107ms) 
     -computing joint association tests...done (0ms) 
 set [509/1498] : KIF18B - 15040 variants...
     -reading in genotypes, computing gene-based tests and building masks...done (31347ms) 
     -computing association tests...done (121ms) 
     -computing joint association tests...done (0ms) 
 set [510/1498] : KIF18B-DT - 505 variants...
     -reading in genotypes, computing gene-based tests and building masks...done (1200ms) 
     -computing association tests...done (78ms) 
     -computing joint association tests...done (0ms) 
 set [511/1498] : KIF19 - 13193 variants...
     -reading in genotypes, computing gene-based tests and building masks...done (20549ms) 
     -computing association tests...done (77ms) 
     -computing joint association tests...done (0ms) 
 set [512/1498] : KIF1C - 20338 variants...
     -reading in genotypes, computing gene-based tests and building masks...done (30366ms) 
     -computing association tests...done (125ms) 
     -computing joint association tests...done (0ms) 
 set [513/1498] : KIF2B - 6001 variants...
     -reading in genotypes, computing gene-based tests and building masks...done (15982ms) 
     -computing association tests...done (19ms) 
     -computing joint association tests...done (0ms) 
 set [514/1498] : KLHL10 - 6121 variants...
     -reading in genotypes, computing gene-based tests and building masks...done (11103ms) 
     -computing association tests...done (18ms) 
     -computing joint association tests...done (0ms) 
 set [515/1498] : KLHL11 - 9315 variants...
     -reading in genotypes, computing gene-based tests and building masks...done (15893ms) 
     -computing association tests...done (15ms) 
     -computing joint association tests...done (0ms) 
 set [516/1498] : KPNA2 - 11053 variants...
     -reading in genotypes, computing gene-based tests and building masks...done (23735ms) 
     -computing association tests...done (139ms) 
     -computing joint association tests...done (0ms) 
 set [517/1498] : KPNA2P3 - 4409 variants...
     -reading in genotypes, computing gene-based tests and building masks...done (8361ms) 
     -computing association tests...done (43ms) 
     -computing joint association tests...done (0ms) 
 set [518/1498] : KPNB1 - 21999 variants...
     -reading in genotypes, computing gene-based tests and building masks...done (38411ms) 
     -computing association tests...done (154ms) 
     -computing joint association tests...done (0ms) 
 set [519/1498] : KPNB1-DT - 6456 variants...
     -reading in genotypes, computing gene-based tests and building masks...done (8863ms) 
     -computing association tests...done (16ms) 
     -computing joint association tests...done (0ms) 
 set [520/1498] : KRBA2 - 8568 variants...
     -reading in genotypes, computing gene-based tests and building masks...done (20839ms) 
     -computing association tests...done (127ms) 
     -computing joint association tests...done (0ms) 
 set [521/1498] : KRT10 - 6606 variants...
     -reading in genotypes, computing gene-based tests and building masks...done (13825ms) 
     -computing association tests...done (82ms) 
     -computing joint association tests...done (0ms) 
 set [522/1498] : KRT10-AS1 - 5524 variants...
     -reading in genotypes, computing gene-based tests and building masks...done (11143ms) 
     -computing association tests...done (70ms) 
     -computing joint association tests...done (0ms) 
 set [523/1498] : KRT12 - 5637 variants...
     -reading in genotypes, computing gene-based tests and building masks...done (9974ms) 
     -computing association tests...done (34ms) 
     -computing joint association tests...done (0ms) 
 set [524/1498] : KRT13 - 6166 variants...
     -reading in genotypes, computing gene-based tests and building masks...done (17266ms) 
     -computing association tests...done (15ms) 
     -computing joint association tests...done (0ms) 
 set [525/1498] : KRT14 - 6508 variants...
     -reading in genotypes, computing gene-based tests and building masks...done (11137ms) 
     -computing association tests...done (18ms) 
     -computing joint association tests...done (0ms) 
 set [526/1498] : KRT15 - 6068 variants...
     -reading in genotypes, computing gene-based tests and building masks...done (9300ms) 
     -computing association tests...done (72ms) 
     -computing joint association tests...done (0ms) 
 set [527/1498] : KRT16 - 5755 variants...
     -reading in genotypes, computing gene-based tests and building masks...done (14724ms) 
     -computing association tests...done (16ms) 
     -computing joint association tests...done (0ms) 
 set [528/1498] : KRT16P2 - 136 variants...
     -reading in genotypes, computing gene-based tests and building masks...done (631ms) 
     -computing association tests...done (1ms) 
     -computing joint association tests...done (0ms) 
 set [529/1498] : KRT16P3 - 8030 variants...
     -reading in genotypes, computing gene-based tests and building masks...done (34976ms) 
     -computing association tests...done (17ms) 
     -computing joint association tests...done (0ms) 
 set [530/1498] : KRT17 - 5199 variants...
     -reading in genotypes, computing gene-based tests and building masks...done (9429ms) 
     -computing association tests...done (18ms) 
     -computing joint association tests...done (0ms) 
 set [531/1498] : KRT17P4 - 912 variants...
     -reading in genotypes, computing gene-based tests and building masks...done (2119ms) 
     -computing association tests...done (77ms) 
     -computing joint association tests...done (0ms) 
 set [532/1498] : KRT17P5 - 9 variants...
     -reading in genotypes, computing gene-based tests and building masks...done (2995ms) 
     -computing association tests...done (1ms) 
     -computing joint association tests...done (0ms) 
 set [533/1498] : KRT18P55 - 14878 variants...
     -reading in genotypes, computing gene-based tests and building masks...done (23168ms) 
     -computing association tests...done (16ms) 
     -computing joint association tests...done (0ms) 
 set [534/1498] : KRT19 - 4921 variants...
     -reading in genotypes, computing gene-based tests and building masks...done (9546ms) 
     -computing association tests...done (152ms) 
     -computing joint association tests...done (0ms) 
 set [535/1498] : KRT20 - 6637 variants...
     -reading in genotypes, computing gene-based tests and building masks...done (11092ms) 
     -computing association tests...done (18ms) 
     -computing joint association tests...done (0ms) 
 set [536/1498] : KRT222 - 6137 variants...
     -reading in genotypes, computing gene-based tests and building masks...done (11345ms) 
     -computing association tests...done (22ms) 
     -computing joint association tests...done (0ms) 
 set [537/1498] : KRT223P - 757 variants...
     -reading in genotypes, computing gene-based tests and building masks...done (1359ms) 
     -computing association tests...done (8ms) 
     -computing joint association tests...done (0ms) 
 set [538/1498] : KRT224P - 977 variants...
     -reading in genotypes, computing gene-based tests and building masks...done (4636ms) 
     -computing association tests...done (74ms) 
     -computing joint association tests...done (0ms) 
 set [539/1498] : KRT23 - 11694 variants...
     -reading in genotypes, computing gene-based tests and building masks...done (26854ms) 
     -computing association tests...done (131ms) 
     -computing joint association tests...done (0ms) 
 set [540/1498] : KRT24 - 6641 variants...
     -reading in genotypes, computing gene-based tests and building masks...done (10416ms) 
     -computing association tests...done (19ms) 
     -computing joint association tests...done (0ms) 
 set [541/1498] : KRT25 - 6944 variants...
     -reading in genotypes, computing gene-based tests and building masks...done (12209ms) 
     -computing association tests...done (160ms) 
     -computing joint association tests...done (0ms) 
 set [542/1498] : KRT26 - 5983 variants...
     -reading in genotypes, computing gene-based tests and building masks...done (10962ms) 
     -computing association tests...done (85ms) 
     -computing joint association tests...done (0ms) 
 set [543/1498] : KRT27 - 4948 variants...
     -reading in genotypes, computing gene-based tests and building masks...done (12570ms) 
     -computing association tests...done (15ms) 
     -computing joint association tests...done (0ms) 
 set [544/1498] : KRT28 - 6737 variants...
     -reading in genotypes, computing gene-based tests and building masks...done (10645ms) 
     -computing association tests...done (75ms) 
     -computing joint association tests...done (0ms) 
 set [545/1498] : KRT31 - 6257 variants...
     -reading in genotypes, computing gene-based tests and building masks...done (11312ms) 
     -computing association tests...done (17ms) 
     -computing joint association tests...done (0ms) 
 set [546/1498] : KRT32 - 7244 variants...
     -reading in genotypes, computing gene-based tests and building masks...done (16764ms) 
     -computing association tests...done (81ms) 
     -computing joint association tests...done (0ms) 
 set [547/1498] : KRT33A - 6129 variants...
     -reading in genotypes, computing gene-based tests and building masks...done (11060ms) 
     -computing association tests...done (19ms) 
     -computing joint association tests...done (0ms) 
 set [548/1498] : KRT33B - 6804 variants...
     -reading in genotypes, computing gene-based tests and building masks...done (11940ms) 
     -computing association tests...done (90ms) 
     -computing joint association tests...done (0ms) 
 set [549/1498] : KRT34 - 5355 variants...
     -reading in genotypes, computing gene-based tests and building masks...done (10202ms) 
     -computing association tests...done (71ms) 
     -computing joint association tests...done (0ms) 
 set [550/1498] : KRT35 - 5879 variants...
     -reading in genotypes, computing gene-based tests and building masks...done (9930ms) 
     -computing association tests...done (16ms) 
     -computing joint association tests...done (0ms) 
 set [551/1498] : KRT36 - 3990 variants...
     -reading in genotypes, computing gene-based tests and building masks...done (8924ms) 
     -computing association tests...done (125ms) 
     -computing joint association tests...done (0ms) 
 set [552/1498] : KRT37 - 5902 variants...
     -reading in genotypes, computing gene-based tests and building masks...done (10493ms) 
     -computing association tests...done (120ms) 
     -computing joint association tests...done (0ms) 
 set [553/1498] : KRT38 - 6157 variants...
     -reading in genotypes, computing gene-based tests and building masks...done (14392ms) 
     -computing association tests...done (19ms) 
     -computing joint association tests...done (0ms) 
 set [554/1498] : KRT39 - 7379 variants...
     -reading in genotypes, computing gene-based tests and building masks...done (11683ms) 
     -computing association tests...done (72ms) 
     -computing joint association tests...done (0ms) 
 set [555/1498] : KRT40 - 8341 variants...
     -reading in genotypes, computing gene-based tests and building masks...done (12458ms) 
     -computing association tests...done (75ms) 
     -computing joint association tests...done (0ms) 
 set [556/1498] : KRT41P - 662 variants...
     -reading in genotypes, computing gene-based tests and building masks...done (3603ms) 
     -computing association tests...done (11ms) 
     -computing joint association tests...done (0ms) 
 set [557/1498] : KRT42P - 18443 variants...
     -reading in genotypes, computing gene-based tests and building masks...done (32888ms) 
     -computing association tests...done (19ms) 
     -computing joint association tests...done (0ms) 
 set [558/1498] : KRT43P - 3408 variants...
     -reading in genotypes, computing gene-based tests and building masks...done (9830ms) 
     -computing association tests...done (14ms) 
     -computing joint association tests...done (0ms) 
 set [559/1498] : KRT9 - 6608 variants...
     -reading in genotypes, computing gene-based tests and building masks...done (9769ms) 
     -computing association tests...done (77ms) 
     -computing joint association tests...done (0ms) 
 set [560/1498] : KRTAP1-1 - 2986 variants...
     -reading in genotypes, computing gene-based tests and building masks...done (5316ms) 
     -computing association tests...done (13ms) 
     -computing joint association tests...done (0ms) 
 set [561/1498] : KRTAP1-3 - 3475 variants...
     -reading in genotypes, computing gene-based tests and building masks...done (8108ms) 
     -computing association tests...done (31ms) 
     -computing joint association tests...done (0ms) 
 set [562/1498] : KRTAP1-4 - 1100 variants...
     -reading in genotypes, computing gene-based tests and building masks...done (4242ms) 
     -computing association tests...done (14ms) 
     -computing joint association tests...done (0ms) 
 set [563/1498] : KRTAP1-5 - 4250 variants...
     -reading in genotypes, computing gene-based tests and building masks...done (9130ms) 
     -computing association tests...done (19ms) 
     -computing joint association tests...done (0ms) 
 set [564/1498] : KRTAP16-1 - 3585 variants...
     -reading in genotypes, computing gene-based tests and building masks...done (10995ms) 
     -computing association tests...done (17ms) 
     -computing joint association tests...done (0ms) 
 set [565/1498] : KRTAP17-1 - 2598 variants...
     -reading in genotypes, computing gene-based tests and building masks...done (5565ms) 
     -computing association tests...done (12ms) 
     -computing joint association tests...done (0ms) 
 set [566/1498] : KRTAP2-1 - 4930 variants...
     -reading in genotypes, computing gene-based tests and building masks...done (27888ms) 
     -computing association tests...done (135ms) 
     -computing joint association tests...done (0ms) 
 set [567/1498] : KRTAP2-2 - 2889 variants...
     -reading in genotypes, computing gene-based tests and building masks...done (6409ms) 
     -computing association tests...done (28ms) 
     -computing joint association tests...done (0ms) 
 set [568/1498] : KRTAP2-3 - 2604 variants...
     -reading in genotypes, computing gene-based tests and building masks...done (6546ms) 
     -computing association tests...done (29ms) 
     -computing joint association tests...done (0ms) 
 set [569/1498] : KRTAP2-4 - 2658 variants...
     -reading in genotypes, computing gene-based tests and building masks...done (5325ms) 
     -computing association tests...done (18ms) 
     -computing joint association tests...done (0ms) 
 set [570/1498] : KRTAP2-5P - 2970 variants...
     -reading in genotypes, computing gene-based tests and building masks...done (4164ms) 
     -computing association tests...done (13ms) 
     -computing joint association tests...done (0ms) 
 set [571/1498] : KRTAP29-1 - 4599 variants...
     -reading in genotypes, computing gene-based tests and building masks...done (7444ms) 
     -computing association tests...done (16ms) 
     -computing joint association tests...done (0ms) 
 set [572/1498] : KRTAP3-1 - 3940 variants...
     -reading in genotypes, computing gene-based tests and building masks...done (12400ms) 
     -computing association tests...done (18ms) 
     -computing joint association tests...done (0ms) 
 set [573/1498] : KRTAP3-2 - 2356 variants...
     -reading in genotypes, computing gene-based tests and building masks...done (4833ms) 
     -computing association tests...done (12ms) 
     -computing joint association tests...done (0ms) 
 set [574/1498] : KRTAP3-3 - 4022 variants...
     -reading in genotypes, computing gene-based tests and building masks...done (8370ms) 
     -computing association tests...done (22ms) 
     -computing joint association tests...done (0ms) 
 set [575/1498] : KRTAP4-11 - 6252 variants...
     -reading in genotypes, computing gene-based tests and building masks...done (11193ms) 
     -computing association tests...done (17ms) 
     -computing joint association tests...done (0ms) 
 set [576/1498] : KRTAP4-1 - 696 variants...
     -reading in genotypes, computing gene-based tests and building masks...done (3105ms) 
     -computing association tests...done (69ms) 
     -computing joint association tests...done (0ms) 
 set [577/1498] : KRTAP4-12 - 2682 variants...
     -reading in genotypes, computing gene-based tests and building masks...done (5191ms) 
     -computing association tests...done (71ms) 
     -computing joint association tests...done (0ms) 
 set [578/1498] : KRTAP4-16 - 3348 variants...
     -reading in genotypes, computing gene-based tests and building masks...done (6427ms) 
     -computing association tests...done (18ms) 
     -computing joint association tests...done (0ms) 
 set [579/1498] : KRTAP4-2 - 4277 variants...
     -reading in genotypes, computing gene-based tests and building masks...done (8318ms) 
     -computing association tests...done (22ms) 
     -computing joint association tests...done (0ms) 
 set [580/1498] : KRTAP4-3 - 3458 variants...
     -reading in genotypes, computing gene-based tests and building masks...done (5125ms) 
     -computing association tests...done (15ms) 
     -computing joint association tests...done (0ms) 
 set [581/1498] : KRTAP4-4 - 6927 variants...
     -reading in genotypes, computing gene-based tests and building masks...done (12949ms) 
     -computing association tests...done (19ms) 
     -computing joint association tests...done (0ms) 
 set [582/1498] : KRTAP4-5 - 4280 variants...
     -reading in genotypes, computing gene-based tests and building masks...done (6891ms) 
     -computing association tests...done (17ms) 
     -computing joint association tests...done (0ms) 
 set [583/1498] : KRTAP4-6 - 5079 variants...
     -reading in genotypes, computing gene-based tests and building masks...done (7894ms) 
     -computing association tests...done (108ms) 
     -computing joint association tests...done (0ms) 
 set [584/1498] : KRTAP4-7 - 6517 variants...
     -reading in genotypes, computing gene-based tests and building masks...done (10229ms) 
     -computing association tests...done (20ms) 
     -computing joint association tests...done (0ms) 
 set [585/1498] : KRTAP4-8 - 4292 variants...
     -reading in genotypes, computing gene-based tests and building masks...done (6919ms) 
     -computing association tests...done (23ms) 
     -computing joint association tests...done (0ms) 
 set [586/1498] : KRTAP4-9 - 4211 variants...
     -reading in genotypes, computing gene-based tests and building masks...done (7187ms) 
     -computing association tests...done (20ms) 
     -computing joint association tests...done (0ms) 
 set [587/1498] : KRTAP9-10P - 1763 variants...
     -reading in genotypes, computing gene-based tests and building masks...done (5981ms) 
     -computing association tests...done (69ms) 
     -computing joint association tests...done (0ms) 
 set [588/1498] : KRTAP9-1 - 4618 variants...
     -reading in genotypes, computing gene-based tests and building masks...done (8697ms) 
     -computing association tests...done (16ms) 
     -computing joint association tests...done (0ms) 
 set [589/1498] : KRTAP9-12P - 73 variants...
     -reading in genotypes, computing gene-based tests and building masks...done (449ms) 
     -computing association tests...done (1ms) 
     -computing joint association tests...done (0ms) 
 set [590/1498] : KRTAP9-2 - 3008 variants...
     -reading in genotypes, computing gene-based tests and building masks...done (4921ms) 
     -computing association tests...done (95ms) 
     -computing joint association tests...done (0ms) 
 set [591/1498] : KRTAP9-3 - 3046 variants...
     -reading in genotypes, computing gene-based tests and building masks...done (5444ms) 
     -computing association tests...done (12ms) 
     -computing joint association tests...done (0ms) 
 set [592/1498] : KRTAP9-4 - 3395 variants...
     -reading in genotypes, computing gene-based tests and building masks...done (8286ms) 
     -computing association tests...done (220ms) 
     -computing joint association tests...done (0ms) 
 set [593/1498] : KRTAP9-6 - 5016 variants...
     -reading in genotypes, computing gene-based tests and building masks...done (18303ms) 
     -computing association tests...done (95ms) 
     -computing joint association tests...done (0ms) 
 set [594/1498] : KRTAP9-7 - 4774 variants...
     -reading in genotypes, computing gene-based tests and building masks...done (19123ms) 
     -computing association tests...done (14ms) 
     -computing joint association tests...done (0ms) 
 set [595/1498] : KRTAP9-8 - 6345 variants...
     -reading in genotypes, computing gene-based tests and building masks...done (11296ms) 
     -computing association tests...done (18ms) 
     -computing joint association tests...done (0ms) 
 set [596/1498] : KRTAP9-9 - 4451 variants...
     -reading in genotypes, computing gene-based tests and building masks...done (8875ms) 
     -computing association tests...done (14ms) 
     -computing joint association tests...done (0ms) 
 set [597/1498] : KSR1 - 73733 variants...
     -reading in genotypes, computing gene-based tests and building masks...done (145096ms) 
     -computing association tests...done (129ms) 
     -computing joint association tests...done (0ms) 
 set [598/1498] : KYNUP2 - 335 variants...
     -reading in genotypes, computing gene-based tests and building masks...done (1355ms) 
     -computing association tests...done (7ms) 
     -computing joint association tests...done (0ms) 
 set [599/1498] : KYNUP3 - 135 variants...
     -reading in genotypes, computing gene-based tests and building masks...done (827ms) 
     -computing association tests...done (87ms) 
     -computing joint association tests...done (0ms) 
 set [600/1498] : LASP1 - 26575 variants...
     -reading in genotypes, computing gene-based tests and building masks...done (45279ms) 
     -computing association tests...done (17ms) 
     -computing joint association tests...done (0ms) 
 set [601/1498] : LASP1NB - 2617 variants...
     -reading in genotypes, computing gene-based tests and building masks...done (4204ms) 
     -computing association tests...done (15ms) 
     -computing joint association tests...done (0ms) 
 set [602/1498] : LGALS3BP - 8224 variants...
     -reading in genotypes, computing gene-based tests and building masks...done (14770ms) 
     -computing association tests...done (20ms) 
     -computing joint association tests...done (0ms) 
 set [603/1498] : LGALS9 - 10396 variants...
     -reading in genotypes, computing gene-based tests and building masks...done (15849ms) 
     -computing association tests...done (20ms) 
     -computing joint association tests...done (0ms) 
 set [604/1498] : LGALS9B - 13224 variants...
     -reading in genotypes, computing gene-based tests and building masks...done (36920ms) 
     -computing association tests...done (21ms) 
     -computing joint association tests...done (0ms) 
 set [605/1498] : LGALS9C - 23627 variants...
     -reading in genotypes, computing gene-based tests and building masks...done (180866ms) 
     -computing association tests...done (123ms) 
     -computing joint association tests...done (0ms) 
 set [606/1498] : LGALS9DP - 5003 variants...
     -reading in genotypes, computing gene-based tests and building masks...done (8914ms) 
     -computing association tests...done (12ms) 
     -computing joint association tests...done (0ms) 
 set [607/1498] : LHX1 - 8869 variants...
     -reading in genotypes, computing gene-based tests and building masks...done (21435ms) 
     -computing association tests...done (77ms) 
     -computing joint association tests...done (0ms) 
 set [608/1498] : LHX1-DT - 35063 variants...
     -reading in genotypes, computing gene-based tests and building masks...done (63961ms) 
     -computing association tests...done (18ms) 
     -computing joint association tests...done (0ms) 
 set [609/1498] : LIAT1 - 14837 variants...
     -reading in genotypes, computing gene-based tests and building masks...done (40490ms) 
     -computing association tests...done (29ms) 
     -computing joint association tests...done (0ms) 
 set [610/1498] : LIG3 - 15163 variants...
     -reading in genotypes, computing gene-based tests and building masks...done (28740ms) 
     -computing association tests...done (21ms) 
     -computing joint association tests...done (0ms) 
 set [611/1498] : LIMD2 - 6096 variants...
     -reading in genotypes, computing gene-based tests and building masks...done (11712ms) 
     -computing association tests...done (90ms) 
     -computing joint association tests...done (0ms) 
 set [612/1498] : LINC00324 - 349 variants...
     -reading in genotypes, computing gene-based tests and building masks...done (1362ms) 
     -computing association tests...done (113ms) 
     -computing joint association tests...done (0ms) 
 set [613/1498] : LINC00469 - 43316 variants...
     -reading in genotypes, computing gene-based tests and building masks...done (89416ms) 
     -computing association tests...done (21ms) 
     -computing joint association tests...done (0ms) 
 set [614/1498] : LINC00482 - 8326 variants...
     -reading in genotypes, computing gene-based tests and building masks...done (17860ms) 
     -computing association tests...done (142ms) 
     -computing joint association tests...done (0ms) 
 set [615/1498] : LINC00511 - 143710 variants...
     -reading in genotypes, computing gene-based tests and building masks...done (515532ms) 
     -computing association tests...done (17ms) 
     -computing joint association tests...done (0ms) 
 set [616/1498] : LINC00670 - 41380 variants...
     -reading in genotypes, computing gene-based tests and building masks...done (67014ms) 
     -computing association tests...done (17ms) 
     -computing joint association tests...done (0ms) 
 set [617/1498] : LINC00671 - 6441 variants...
     -reading in genotypes, computing gene-based tests and building masks...done (10458ms) 
     -computing association tests...done (15ms) 
     -computing joint association tests...done (0ms) 
 set [618/1498] : LINC00674 - 5 variants...
     -reading in genotypes, computing gene-based tests and building masks...done (111ms) 
 set [619/1498] : LINC00868 - 7114 variants...
     -reading in genotypes, computing gene-based tests and building masks...done (14125ms) 
     -computing association tests...done (71ms) 
     -computing joint association tests...done (0ms) 
 set [620/1498] : LINC00910 - 27544 variants...
     -reading in genotypes, computing gene-based tests and building masks...done (59915ms) 
     -computing association tests...done (75ms) 
     -computing joint association tests...done (0ms) 
 set [621/1498] : LINC00974 - 6084 variants...
     -reading in genotypes, computing gene-based tests and building masks...done (11648ms) 
     -computing association tests...done (15ms) 
     -computing joint association tests...done (0ms) 
 set [622/1498] : LINC01028 - 12574 variants...
     -reading in genotypes, computing gene-based tests and building masks...done (19087ms) 
     -computing association tests...done (17ms) 
     -computing joint association tests...done (0ms) 
 set [623/1498] : LINC01152 - 8771 variants...
     -reading in genotypes, computing gene-based tests and building masks...done (24656ms) 
     -computing association tests...done (17ms) 
     -computing joint association tests...done (0ms) 
 set [624/1498] : LINC01180 - 2343 variants...
     -reading in genotypes, computing gene-based tests and building masks...done (7029ms) 
     -computing association tests...done (19ms) 
     -computing joint association tests...done (0ms) 
 set [625/1498] : LINC01476 - 49815 variants...
     -reading in genotypes, computing gene-based tests and building masks...done (98617ms) 
     -computing association tests...done (16ms) 
     -computing joint association tests...done (0ms) 
 set [626/1498] : LINC01482 - 64541 variants...
     -reading in genotypes, computing gene-based tests and building masks...done (131832ms) 
     -computing association tests...done (16ms) 
     -computing joint association tests...done (0ms) 
 set [627/1498] : LINC01483 - 145708 variants...
     -reading in genotypes, computing gene-based tests and building masks...done (431153ms) 
     -computing association tests...done (72ms) 
     -computing joint association tests...done (0ms) 
 set [628/1498] : LINC01497 - 32496 variants...
     -reading in genotypes, computing gene-based tests and building masks...done (49245ms) 
     -computing association tests...done (19ms) 
     -computing joint association tests...done (0ms) 
 set [629/1498] : LINC01563 - 23306 variants...
     -reading in genotypes, computing gene-based tests and building masks...done (44725ms) 
     -computing association tests...done (43ms) 
     -computing joint association tests...done (0ms) 
 set [630/1498] : LINC01970 - 7003 variants...
     -reading in genotypes, computing gene-based tests and building masks...done (31069ms) 
     -computing association tests...done (49ms) 
     -computing joint association tests...done (0ms) 
 set [631/1498] : LINC01971 - 8053 variants...
     -reading in genotypes, computing gene-based tests and building masks...done (19355ms) 
     -computing association tests...done (43ms) 
     -computing joint association tests...done (0ms) 
 set [632/1498] : LINC01973 - 8117 variants...
     -reading in genotypes, computing gene-based tests and building masks...done (20057ms) 
     -computing association tests...done (16ms) 
     -computing joint association tests...done (0ms) 
 set [633/1498] : LINC01975 - 8047 variants...
     -reading in genotypes, computing gene-based tests and building masks...done (24440ms) 
     -computing association tests...done (16ms) 
     -computing joint association tests...done (0ms) 
 set [634/1498] : LINC01976 - 1107 variants...
     -reading in genotypes, computing gene-based tests and building masks...done (2524ms) 
     -computing association tests...done (12ms) 
     -computing joint association tests...done (0ms) 
 set [635/1498] : LINC01977 - 10875 variants...
     -reading in genotypes, computing gene-based tests and building masks...done (18459ms) 
     -computing association tests...done (72ms) 
     -computing joint association tests...done (0ms) 
 set [636/1498] : LINC01979 - 7850 variants...
     -reading in genotypes, computing gene-based tests and building masks...done (22918ms) 
     -computing association tests...done (16ms) 
     -computing joint association tests...done (0ms) 
 set [637/1498] : LINC01982 - 64576 variants...
     -reading in genotypes, computing gene-based tests and building masks...done (117045ms) 
     -computing association tests...done (72ms) 
     -computing joint association tests...done (0ms) 
 set [638/1498] : LINC01987 - 176 variants...
     -reading in genotypes, computing gene-based tests and building masks...done (3331ms) 
     -computing association tests...done (2ms) 
     -computing joint association tests...done (0ms) 
 set [639/1498] : LINC01989 - 15990 variants...
     -reading in genotypes, computing gene-based tests and building masks...done (25575ms) 
     -computing association tests...done (17ms) 
     -computing joint association tests...done (0ms) 
 set [640/1498] : LINC01992 - 29661 variants...
     -reading in genotypes, computing gene-based tests and building masks...done (47751ms) 
     -computing association tests...done (18ms) 
     -computing joint association tests...done (0ms) 
 set [641/1498] : LINC01993 - 12745 variants...
     -reading in genotypes, computing gene-based tests and building masks...done (19492ms) 
     -computing association tests...done (17ms) 
     -computing joint association tests...done (0ms) 
 set [642/1498] : LINC01996 - 1451 variants...
     -reading in genotypes, computing gene-based tests and building masks...done (10679ms) 
     -computing association tests...done (9ms) 
     -computing joint association tests...done (0ms) 
 set [643/1498] : LINC01999 - 16273 variants...
     -reading in genotypes, computing gene-based tests and building masks...done (29713ms) 
     -computing association tests...done (18ms) 
     -computing joint association tests...done (0ms) 
 set [644/1498] : LINC02002 - 20476 variants...
     -reading in genotypes, computing gene-based tests and building masks...done (31960ms) 
     -computing association tests...done (86ms) 
     -computing joint association tests...done (0ms) 
 set [645/1498] : LINC02003 - 5347 variants...
     -reading in genotypes, computing gene-based tests and building masks...done (9517ms) 
     -computing association tests...done (16ms) 
     -computing joint association tests...done (0ms) 
 set [646/1498] : LINC02071 - 15104 variants...
     -reading in genotypes, computing gene-based tests and building masks...done (26240ms) 
     -computing association tests...done (71ms) 
     -computing joint association tests...done (0ms) 
 set [647/1498] : LINC02073 - 79935 variants...
     -reading in genotypes, computing gene-based tests and building masks...done (232375ms) 
     -computing association tests...done (72ms) 
     -computing joint association tests...done (0ms) 
 set [648/1498] : LINC02074 - 58284 variants...
     -reading in genotypes, computing gene-based tests and building masks...done (132440ms) 
     -computing association tests...done (20ms) 
     -computing joint association tests...done (0ms) 
 set [649/1498] : LINC02075 - 5845 variants...
     -reading in genotypes, computing gene-based tests and building masks...done (18337ms) 
     -computing association tests...done (16ms) 
     -computing joint association tests...done (0ms) 
 set [650/1498] : LINC02076 - 8444 variants...
     -reading in genotypes, computing gene-based tests and building masks...done (21773ms) 
     -computing association tests...done (120ms) 
     -computing joint association tests...done (0ms) 
 set [651/1498] : LINC02078 - 8250 variants...
     -reading in genotypes, computing gene-based tests and building masks...done (14751ms) 
     -computing association tests...done (18ms) 
     -computing joint association tests...done (0ms) 
 set [652/1498] : LINC02079 - 10305 variants...
     -reading in genotypes, computing gene-based tests and building masks...done (17127ms) 
     -computing association tests...done (76ms) 
     -computing joint association tests...done (0ms) 
 set [653/1498] : LINC02080 - 9616 variants...
     -reading in genotypes, computing gene-based tests and building masks...done (23214ms) 
     -computing association tests...done (71ms) 
     -computing joint association tests...done (0ms) 
 set [654/1498] : LINC02086 - 24264 variants...
     -reading in genotypes, computing gene-based tests and building masks...done (39207ms) 
     -computing association tests...done (62ms) 
     -computing joint association tests...done (0ms) 
 set [655/1498] : LINC02087 - 20781 variants...
     -reading in genotypes, computing gene-based tests and building masks...done (30534ms) 
     -computing association tests...done (84ms) 
     -computing joint association tests...done (0ms) 
 set [656/1498] : LINC02088 - 11687 variants...
     -reading in genotypes, computing gene-based tests and building masks...done (19399ms) 
     -computing association tests...done (17ms) 
     -computing joint association tests...done (0ms) 
 set [657/1498] : LINC02089 - 110455 variants...
     -reading in genotypes, computing gene-based tests and building masks...done (264898ms) 
     -computing association tests...done (18ms) 
     -computing joint association tests...done (0ms) 
 set [658/1498] : LINC02090 - 13893 variants...
     -reading in genotypes, computing gene-based tests and building masks...done (21886ms) 
     -computing association tests...done (16ms) 
     -computing joint association tests...done (0ms) 
 set [659/1498] : LINC02091 - 13533 variants...
     -reading in genotypes, computing gene-based tests and building masks...done (68430ms) 
     -computing association tests...done (17ms) 
     -computing joint association tests...done (0ms) 
 set [660/1498] : LINC02092 - 2728 variants...
     -reading in genotypes, computing gene-based tests and building masks...done (5855ms) 
     -computing association tests...done (13ms) 
     -computing joint association tests...done (0ms) 
 set [661/1498] : LINC02093 - 5473 variants...
     -reading in genotypes, computing gene-based tests and building masks...done (12350ms) 
     -computing association tests...done (27ms) 
     -computing joint association tests...done (0ms) 
 set [662/1498] : LINC02094 - 2855 variants...
     -reading in genotypes, computing gene-based tests and building masks...done (5335ms) 
     -computing association tests...done (13ms) 
     -computing joint association tests...done (0ms) 
 set [663/1498] : LINC02096 - 62167 variants...
     -reading in genotypes, computing gene-based tests and building masks...done (116464ms) 
     -computing association tests...done (17ms) 
     -computing joint association tests...done (0ms) 
 set [664/1498] : LINC02097 - 15172 variants...
     -reading in genotypes, computing gene-based tests and building masks...done (41034ms) 
     -computing association tests...done (18ms) 
     -computing joint association tests...done (0ms) 
 set [665/1498] : LINC02210 - 19271 variants...
     -reading in genotypes, computing gene-based tests and building masks...done (51931ms) 
     -computing association tests...done (17ms) 
     -computing joint association tests...done (0ms) 
 set [666/1498] : LINC02563 - 4663 variants...
     -reading in genotypes, computing gene-based tests and building masks...done (9073ms) 
     -computing association tests...done (15ms) 
     -computing joint association tests...done (0ms) 
 set [667/1498] : LINC02594 - 14632 variants...
     -reading in genotypes, computing gene-based tests and building masks...done (24687ms) 
     -computing association tests...done (18ms) 
     -computing joint association tests...done (0ms) 
 set [668/1498] : LINC02693 - 44777 variants...
     -reading in genotypes, computing gene-based tests and building masks...done (78727ms) 
     -computing association tests...done (18ms) 
     -computing joint association tests...done (0ms) 
 set [669/1498] : LINC02875 - 1638 variants...
     -reading in genotypes, computing gene-based tests and building masks...done (3036ms) 
     -computing association tests...done (11ms) 
     -computing joint association tests...done (0ms) 
 set [670/1498] : LINC02887 - 26116 variants...
     -reading in genotypes, computing gene-based tests and building masks...done (498207ms) 
     -computing association tests...done (102ms) 
     -computing joint association tests...done (0ms) 
 set [671/1498] : LINC02978 - 737 variants...
     -reading in genotypes, computing gene-based tests and building masks...done (3914ms) 
     -computing association tests...done (45ms) 
     -computing joint association tests...done (0ms) 
 set [672/1498] : LINC03048 - 2783 variants...
     -reading in genotypes, computing gene-based tests and building masks...done (13919ms) 
     -computing association tests...done (9ms) 
     -computing joint association tests...done (0ms) 
 set [673/1498] : LINC03057 - 9847 variants...
     -reading in genotypes, computing gene-based tests and building masks...done (14468ms) 
     -computing association tests...done (18ms) 
     -computing joint association tests...done (0ms) 
 set [674/1498] : LLGL1 - 12258 variants...
     -reading in genotypes, computing gene-based tests and building masks...done (23913ms) 
     -computing association tests...done (19ms) 
     -computing joint association tests...done (0ms) 
 set [675/1498] : LLGL2 - 23779 variants...
     -reading in genotypes, computing gene-based tests and building masks...done (48744ms) 
     -computing association tests...done (89ms) 
     -computing joint association tests...done (0ms) 
 set [676/1498] : LPO - 14057 variants...
     -reading in genotypes, computing gene-based tests and building masks...done (25278ms) 
     -computing association tests...done (21ms) 
     -computing joint association tests...done (0ms) 
 set [677/1498] : LRRC37A11P - 9350 variants...
     -reading in genotypes, computing gene-based tests and building masks...done (15067ms) 
     -computing association tests...done (18ms) 
     -computing joint association tests...done (0ms) 
 set [678/1498] : LRRC37A - 58810 variants...
     -reading in genotypes, computing gene-based tests and building masks...done (1915863ms) 
     -computing association tests...done (46ms) 
     -computing joint association tests...done (0ms) 
 set [679/1498] : LRRC37A17P - 19258 variants...
     -reading in genotypes, computing gene-based tests and building masks...done (37426ms) 
     -computing association tests...done (28ms) 
     -computing joint association tests...done (0ms) 
 set [680/1498] : LRRC37A2 - 34245 variants...
     -reading in genotypes, computing gene-based tests and building masks...done (325908ms) 
     -computing association tests...done (25ms) 
     -computing joint association tests...done (0ms) 
 set [681/1498] : LRRC37A3 - 42436 variants...
     -reading in genotypes, computing gene-based tests and building masks...done (100851ms) 
     -computing association tests...done (97ms) 
     -computing joint association tests...done (0ms) 
 set [682/1498] : LRRC37B - 22264 variants...
     -reading in genotypes, computing gene-based tests and building masks...done (39118ms) 
     -computing association tests...done (21ms) 
     -computing joint association tests...done (0ms) 
 set [683/1498] : LRRC37BP1 - 1099 variants...
     -reading in genotypes, computing gene-based tests and building masks...done (10611ms) 
     -computing association tests...done (74ms) 
     -computing joint association tests...done (0ms) 
 set [684/1498] : LRRC3C - 7142 variants...
     -reading in genotypes, computing gene-based tests and building masks...done (11760ms) 
     -computing association tests...done (37ms) 
     -computing joint association tests...done (0ms) 
 set [685/1498] : LRRC45 - 7866 variants...
     -reading in genotypes, computing gene-based tests and building masks...done (12582ms) 
     -computing association tests...done (17ms) 
     -computing joint association tests...done (0ms) 
 set [686/1498] : LRRC46 - 2315 variants...
     -reading in genotypes, computing gene-based tests and building masks...done (5189ms) 
     -computing association tests...done (14ms) 
     -computing joint association tests...done (0ms) 
 set [687/1498] : LRRC59 - 9913 variants...
     -reading in genotypes, computing gene-based tests and building masks...done (17334ms) 
     -computing association tests...done (71ms) 
     -computing joint association tests...done (0ms) 
 set [688/1498] : LRRC75A - 24378 variants...
     -reading in genotypes, computing gene-based tests and building masks...done (41386ms) 
     -computing association tests...done (20ms) 
     -computing joint association tests...done (0ms) 
 set [689/1498] : LSM12 - 18325 variants...
     -reading in genotypes, computing gene-based tests and building masks...done (34225ms) 
     -computing association tests...done (142ms) 
     -computing joint association tests...done (0ms) 
 set [690/1498] : LUC7L3 - 24307 variants...
     -reading in genotypes, computing gene-based tests and building masks...done (53931ms) 
     -computing association tests...done (126ms) 
     -computing joint association tests...done (0ms) 
 set [691/1498] : LYRM9 - 10899 variants...
     -reading in genotypes, computing gene-based tests and building masks...done (20651ms) 
     -computing association tests...done (77ms) 
     -computing joint association tests...done (0ms) 
 set [692/1498] : LYZL6 - 5249 variants...
     -reading in genotypes, computing gene-based tests and building masks...done (9945ms) 
     -computing association tests...done (18ms) 
     -computing joint association tests...done (0ms) 
 set [693/1498] : MAFG - 8240 variants...
     -reading in genotypes, computing gene-based tests and building masks...done (17343ms) 
     -computing association tests...done (20ms) 
     -computing joint association tests...done (0ms) 
 set [694/1498] : MAP2K3 - 20831 variants...
     -reading in genotypes, computing gene-based tests and building masks...done (39600ms) 
     -computing association tests...done (21ms) 
     -computing joint association tests...done (0ms) 
 set [695/1498] : MAP2K4 - 58468 variants...
     -reading in genotypes, computing gene-based tests and building masks...done (103965ms) 
     -computing association tests...done (19ms) 
     -computing joint association tests...done (0ms) 
 set [696/1498] : MAP2K6 - 58465 variants...
     -reading in genotypes, computing gene-based tests and building masks...done (116710ms) 
     -computing association tests...done (138ms) 
     -computing joint association tests...done (0ms) 
 set [697/1498] : MAP3K14 - 22429 variants...
     -reading in genotypes, computing gene-based tests and building masks...done (33440ms) 
     -computing association tests...done (73ms) 
     -computing joint association tests...done (0ms) 
 set [698/1498] : MAP3K3 - 28903 variants...
     -reading in genotypes, computing gene-based tests and building masks...done (51769ms) 
     -computing association tests...done (30ms) 
     -computing joint association tests...done (0ms) 
 set [699/1498] : MAPK7 - 4300 variants...
     -reading in genotypes, computing gene-based tests and building masks...done (12396ms) 
     -computing association tests...done (31ms) 
     -computing joint association tests...done (0ms) 
 set [700/1498] : MAPK8IP1P1 - 675 variants...
     -reading in genotypes, computing gene-based tests and building masks...done (5724ms) 
     -computing association tests...done (9ms) 
     -computing joint association tests...done (0ms) 
 set [701/1498] : MAPK8IP1P2 - 1038 variants...
     -reading in genotypes, computing gene-based tests and building masks...done (11359ms) 
     -computing association tests...done (8ms) 
     -computing joint association tests...done (0ms) 
 set [702/1498] : MAPT - 56575 variants...
     -reading in genotypes, computing gene-based tests and building masks...done (175737ms) 
     -computing association tests...done (19ms) 
     -computing joint association tests...done (0ms) 
 set [703/1498] : MAPT-AS1 - 15657 variants...
     -reading in genotypes, computing gene-based tests and building masks...done (22225ms) 
     -computing association tests...done (16ms) 
     -computing joint association tests...done (0ms) 
 set [704/1498] : MARCHF10 - 49754 variants...
     -reading in genotypes, computing gene-based tests and building masks...done (102409ms) 
     -computing association tests...done (76ms) 
     -computing joint association tests...done (0ms) 
 set [705/1498] : MARCHF10-DT - 11975 variants...
     -reading in genotypes, computing gene-based tests and building masks...done (19145ms) 
     -computing association tests...done (69ms) 
     -computing joint association tests...done (0ms) 
 set [706/1498] : MBTD1 - 38454 variants...
     -reading in genotypes, computing gene-based tests and building masks...done (78705ms) 
     -computing association tests...done (19ms) 
     -computing joint association tests...done (0ms) 
 set [707/1498] : MCRIP1 - 8541 variants...
     -reading in genotypes, computing gene-based tests and building masks...done (15282ms) 
     -computing association tests...done (17ms) 
     -computing joint association tests...done (0ms) 
 set [708/1498] : MED11 - 3147 variants...
     -reading in genotypes, computing gene-based tests and building masks...done (8911ms) 
     -computing association tests...done (194ms) 
     -computing joint association tests...done (0ms) 
 set [709/1498] : MED1 - 23728 variants...
     -reading in genotypes, computing gene-based tests and building masks...done (47732ms) 
     -computing association tests...done (124ms) 
     -computing joint association tests...done (0ms) 
 set [710/1498] : MED13 - 68288 variants...
     -reading in genotypes, computing gene-based tests and building masks...done (177346ms) 
     -computing association tests...done (80ms) 
     -computing joint association tests...done (0ms) 
 set [711/1498] : MED24 - 19510 variants...
     -reading in genotypes, computing gene-based tests and building masks...done (41097ms) 
     -computing association tests...done (101ms) 
     -computing joint association tests...done (0ms) 
 set [712/1498] : MED31 - 6094 variants...
     -reading in genotypes, computing gene-based tests and building masks...done (11756ms) 
     -computing association tests...done (17ms) 
     -computing joint association tests...done (0ms) 
 set [713/1498] : MED9 - 8823 variants...
     -reading in genotypes, computing gene-based tests and building masks...done (17013ms) 
     -computing association tests...done (20ms) 
     -computing joint association tests...done (0ms) 
 set [714/1498] : MEIOC - 15820 variants...
     -reading in genotypes, computing gene-based tests and building masks...done (35917ms) 
     -computing association tests...done (114ms) 
     -computing joint association tests...done (0ms) 
 set [715/1498] : MEIS3P2 - 4457 variants...
     -reading in genotypes, computing gene-based tests and building masks...done (11083ms) 
     -computing association tests...done (20ms) 
     -computing joint association tests...done (0ms) 
 set [716/1498] : MEOX1 - 13711 variants...
     -reading in genotypes, computing gene-based tests and building masks...done (25653ms) 
     -computing association tests...done (78ms) 
     -computing joint association tests...done (0ms) 
 set [717/1498] : Metazoa_SRP - 4858 variants...
     -reading in genotypes, computing gene-based tests and building masks...done (14846ms) 
     -computing association tests...done (15ms) 
     -computing joint association tests...done (0ms) 
 set [718/1498] : METRNL - 17964 variants...
     -reading in genotypes, computing gene-based tests and building masks...done (47948ms) 
     -computing association tests...done (157ms) 
     -computing joint association tests...done (0ms) 
 set [719/1498] : METTL16 - 52729 variants...
     -reading in genotypes, computing gene-based tests and building masks...done (110015ms) 
     -computing association tests...done (99ms) 
     -computing joint association tests...done (0ms) 
 set [720/1498] : METTL23 - 3747 variants...
     -reading in genotypes, computing gene-based tests and building masks...done (7574ms) 
     -computing association tests...done (91ms) 
     -computing joint association tests...done (0ms) 
 set [721/1498] : METTL2A - 16339 variants...
     -reading in genotypes, computing gene-based tests and building masks...done (25873ms) 
     -computing association tests...done (142ms) 
     -computing joint association tests...done (0ms) 
 set [722/1498] : MFAP4 - 3708 variants...
     -reading in genotypes, computing gene-based tests and building masks...done (6805ms) 
     -computing association tests...done (12ms) 
     -computing joint association tests...done (0ms) 
 set [723/1498] : MFSD11 - 23093 variants...
     -reading in genotypes, computing gene-based tests and building masks...done (48204ms) 
     -computing association tests...done (19ms) 
     -computing joint association tests...done (0ms) 
 set [724/1498] : MFSD6L - 2330 variants...
     -reading in genotypes, computing gene-based tests and building masks...done (9410ms) 
     -computing association tests...done (12ms) 
     -computing joint association tests...done (0ms) 
 set [725/1498] : MGAT5B - 44385 variants...
     -reading in genotypes, computing gene-based tests and building masks...done (82468ms) 
     -computing association tests...done (22ms) 
     -computing joint association tests...done (0ms) 
 set [726/1498] : MGC16275 - 4963 variants...
     -reading in genotypes, computing gene-based tests and building masks...done (7399ms) 
     -computing association tests...done (17ms) 
     -computing joint association tests...done (0ms) 
 set [727/1498] : MICOS10P2 - 73 variants...
     -reading in genotypes, computing gene-based tests and building masks...done (311ms) 
     -computing association tests...done (1ms) 
     -computing joint association tests...done (0ms) 
 set [728/1498] : MIEF2 - 1179 variants...
     -reading in genotypes, computing gene-based tests and building masks...done (3548ms) 
     -computing association tests...done (7ms) 
     -computing joint association tests...done (0ms) 
 set [729/1498] : MIEN1 - 1914 variants...
     -reading in genotypes, computing gene-based tests and building masks...done (6160ms) 
     -computing association tests...done (91ms) 
     -computing joint association tests...done (0ms) 
 set [730/1498] : MILR1 - 12468 variants...
     -reading in genotypes, computing gene-based tests and building masks...done (19799ms) 
     -computing association tests...done (18ms) 
     -computing joint association tests...done (0ms) 
 set [731/1498] : MINK1 - 34798 variants...
     -reading in genotypes, computing gene-based tests and building masks...done (76368ms) 
     -computing association tests...done (18ms) 
     -computing joint association tests...done (0ms) 
 set [732/1498] : MIR132 - 63 variants...
     -reading in genotypes, computing gene-based tests and building masks...done (740ms) 
     -computing association tests...done (4ms) 
     -computing joint association tests...done (0ms) 
 set [733/1498] : MIR193A - 81 variants...
     -reading in genotypes, computing gene-based tests and building masks...done (698ms) 
     -computing association tests...done (1ms) 
     -computing joint association tests...done (0ms) 
 set [734/1498] : MIR2117HG - 8037 variants...
     -reading in genotypes, computing gene-based tests and building masks...done (14534ms) 
     -computing association tests...done (17ms) 
     -computing joint association tests...done (0ms) 
 set [735/1498] : MIR22HG - 2334 variants...
     -reading in genotypes, computing gene-based tests and building masks...done (4003ms) 
     -computing association tests...done (79ms) 
     -computing joint association tests...done (0ms) 
 set [736/1498] : MIR365BHG - 5949 variants...
     -reading in genotypes, computing gene-based tests and building masks...done (8123ms) 
     -computing association tests...done (16ms) 
     -computing joint association tests...done (0ms) 
 set [737/1498] : MIR4315-2 - 10 variants...
     -reading in genotypes, computing gene-based tests and building masks...done (817ms) 
     -computing association tests...done (1ms) 
     -computing joint association tests...done (0ms) 
 set [738/1498] : MIR4521 - 206 variants...
     -reading in genotypes, computing gene-based tests and building masks...done (720ms) 
     -computing association tests...done (74ms) 
     -computing joint association tests...done (0ms) 
 set [739/1498] : MIR4522 - 100 variants...
     -reading in genotypes, computing gene-based tests and building masks...done (1154ms) 
     -computing association tests...done (1ms) 
     -computing joint association tests...done (0ms) 
 set [740/1498] : MIR4733HG - 7386 variants...
     -reading in genotypes, computing gene-based tests and building masks...done (16549ms) 
     -computing association tests...done (69ms) 
     -computing joint association tests...done (0ms) 
 set [741/1498] : MIR497HG - 24481 variants...
     -reading in genotypes, computing gene-based tests and building masks...done (56545ms) 
     -computing association tests...done (112ms) 
     -computing joint association tests...done (0ms) 
 set [742/1498] : MIR5089 - 1998 variants...
     -reading in genotypes, computing gene-based tests and building masks...done (3735ms) 
     -computing association tests...done (117ms) 
     -computing joint association tests...done (0ms) 
 set [743/1498] : MIR6080 - 23 variants...
     -reading in genotypes, computing gene-based tests and building masks...done (140ms) 
     -computing association tests...done (1ms) 
     -computing joint association tests...done (0ms) 
 set [744/1498] : MIR8059 - 537 variants...
     -reading in genotypes, computing gene-based tests and building masks...done (1138ms) 
     -computing association tests...done (3ms) 
     -computing joint association tests...done (0ms) 
 set [745/1498] : MIS12 - 1247 variants...
     -reading in genotypes, computing gene-based tests and building masks...done (8698ms) 
     -computing association tests...done (14ms) 
     -computing joint association tests...done (0ms) 
 set [746/1498] : MKS1 - 9008 variants...
     -reading in genotypes, computing gene-based tests and building masks...done (17444ms) 
     -computing association tests...done (77ms) 
     -computing joint association tests...done (0ms) 
 set [747/1498] : MLLT6 - 15813 variants...
     -reading in genotypes, computing gene-based tests and building masks...done (24145ms) 
     -computing association tests...done (80ms) 
     -computing joint association tests...done (0ms) 
 set [748/1498] : MLX - 3131 variants...
     -reading in genotypes, computing gene-based tests and building masks...done (6700ms) 
     -computing association tests...done (77ms) 
     -computing joint association tests...done (0ms) 
 set [749/1498] : MMD - 15749 variants...
     -reading in genotypes, computing gene-based tests and building masks...done (31014ms) 
     -computing association tests...done (19ms) 
     -computing joint association tests...done (0ms) 
 set [750/1498] : MMP28 - 15244 variants...
     -reading in genotypes, computing gene-based tests and building masks...done (29935ms) 
     -computing association tests...done (74ms) 
     -computing joint association tests...done (0ms) 
 set [751/1498] : MNT - 15760 variants...
     -reading in genotypes, computing gene-based tests and building masks...done (25013ms) 
     -computing association tests...done (74ms) 
     -computing joint association tests...done (0ms) 
 set [752/1498] : MPDU1 - 2911 variants...
     -reading in genotypes, computing gene-based tests and building masks...done (6524ms) 
     -computing association tests...done (10ms) 
     -computing joint association tests...done (0ms) 
 set [753/1498] : MPO - 7141 variants...
     -reading in genotypes, computing gene-based tests and building masks...done (11069ms) 
     -computing association tests...done (28ms) 
     -computing joint association tests...done (0ms) 
 set [754/1498] : MPP2 - 18276 variants...
     -reading in genotypes, computing gene-based tests and building masks...done (31460ms) 
     -computing association tests...done (88ms) 
     -computing joint association tests...done (0ms) 
 set [755/1498] : MPP3 - 16485 variants...
     -reading in genotypes, computing gene-based tests and building masks...done (25178ms) 
     -computing association tests...done (127ms) 
     -computing joint association tests...done (0ms) 
 set [756/1498] : MPRIP - 70614 variants...
     -reading in genotypes, computing gene-based tests and building masks...done (150923ms) 
     -computing association tests...done (69ms) 
     -computing joint association tests...done (0ms) 
 set [757/1498] : MRC2 - 33612 variants...
     -reading in genotypes, computing gene-based tests and building masks...done (69025ms) 
     -computing association tests...done (81ms) 
     -computing joint association tests...done (0ms) 
 set [758/1498] : MRM1 - 5481 variants...
     -reading in genotypes, computing gene-based tests and building masks...done (17032ms) 
     -computing association tests...done (99ms) 
     -computing joint association tests...done (0ms) 
 set [759/1498] : MRM3 - 6509 variants...
     -reading in genotypes, computing gene-based tests and building masks...done (14111ms) 
     -computing association tests...done (95ms) 
     -computing joint association tests...done (0ms) 
 set [760/1498] : MRPL10 - 3355 variants...
     -reading in genotypes, computing gene-based tests and building masks...done (8902ms) 
     -computing association tests...done (17ms) 
     -computing joint association tests...done (0ms) 
 set [761/1498] : MRPL12 - 7923 variants...
     -reading in genotypes, computing gene-based tests and building masks...done (23202ms) 
     -computing association tests...done (18ms) 
     -computing joint association tests...done (0ms) 
 set [762/1498] : MRPL27 - 4649 variants...
     -reading in genotypes, computing gene-based tests and building masks...done (7558ms) 
     -computing association tests...done (18ms) 
     -computing joint association tests...done (0ms) 
 set [763/1498] : MRPL38 - 6029 variants...
     -reading in genotypes, computing gene-based tests and building masks...done (10452ms) 
     -computing association tests...done (18ms) 
     -computing joint association tests...done (0ms) 
 set [764/1498] : MRPL45 - 16838 variants...
     -reading in genotypes, computing gene-based tests and building masks...done (44837ms) 
     -computing association tests...done (16ms) 
     -computing joint association tests...done (0ms) 
 set [765/1498] : MRPL58 - 7986 variants...
     -reading in genotypes, computing gene-based tests and building masks...done (21430ms) 
     -computing association tests...done (15ms) 
     -computing joint association tests...done (0ms) 
 set [766/1498] : MRPS23 - 12176 variants...
     -reading in genotypes, computing gene-based tests and building masks...done (20532ms) 
     -computing association tests...done (19ms) 
     -computing joint association tests...done (0ms) 
 set [767/1498] : MRPS7 - 2828 variants...
     -reading in genotypes, computing gene-based tests and building masks...done (8373ms) 
     -computing association tests...done (11ms) 
     -computing joint association tests...done (0ms) 
 set [768/1498] : MSI2 - 178757 variants...
     -reading in genotypes, computing gene-based tests and building masks...done (609752ms) 
     -computing association tests...done (154ms) 
     -computing joint association tests...done (0ms) 
 set [769/1498] : MSL1 - 10419 variants...
     -reading in genotypes, computing gene-based tests and building masks...done (15746ms) 
     -computing association tests...done (74ms) 
     -computing joint association tests...done (0ms) 
 set [770/1498] : MTATP6P3 - 140 variants...
     -reading in genotypes, computing gene-based tests and building masks...done (680ms) 
     -computing association tests...done (2ms) 
     -computing joint association tests...done (0ms) 
 set [771/1498] : MTCO1P39 - 167 variants...
     -reading in genotypes, computing gene-based tests and building masks...done (1204ms) 
     -computing association tests...done (5ms) 
     -computing joint association tests...done (0ms) 
 set [772/1498] : MTCO1P40 - 920 variants...
     -reading in genotypes, computing gene-based tests and building masks...done (1780ms) 
     -computing association tests...done (7ms) 
     -computing joint association tests...done (0ms) 
 set [773/1498] : MTCO3P13 - 383 variants...
     -reading in genotypes, computing gene-based tests and building masks...done (1131ms) 
     -computing association tests...done (115ms) 
     -computing joint association tests...done (0ms) 
 set [774/1498] : MTCYBP13 - 2444 variants...
     -reading in genotypes, computing gene-based tests and building masks...done (3681ms) 
     -computing association tests...done (13ms) 
     -computing joint association tests...done (0ms) 
 set [775/1498] : MTMR4 - 8349 variants...
     -reading in genotypes, computing gene-based tests and building masks...done (13991ms) 
     -computing association tests...done (17ms) 
     -computing joint association tests...done (0ms) 
 set [776/1498] : MTNAP1 - 7295 variants...
     -reading in genotypes, computing gene-based tests and building masks...done (12824ms) 
     -computing association tests...done (22ms) 
     -computing joint association tests...done (0ms) 
 set [777/1498] : MTND1P14 - 340 variants...
     -reading in genotypes, computing gene-based tests and building masks...done (6686ms) 
     -computing association tests...done (4ms) 
     -computing joint association tests...done (0ms) 
 set [778/1498] : MTND2P12 - 428 variants...
     -reading in genotypes, computing gene-based tests and building masks...done (1056ms) 
     -computing association tests...done (112ms) 
     -computing joint association tests...done (0ms) 
 set [779/1498] : MTND6P35 - 422 variants...
     -reading in genotypes, computing gene-based tests and building masks...done (1085ms) 
     -computing association tests...done (7ms) 
     -computing joint association tests...done (0ms) 
 set [780/1498] : MXRA7 - 21187 variants...
     -reading in genotypes, computing gene-based tests and building masks...done (41295ms) 
     -computing association tests...done (155ms) 
     -computing joint association tests...done (0ms) 
 set [781/1498] : MYADML2 - 6517 variants...
     -reading in genotypes, computing gene-based tests and building masks...done (10942ms) 
     -computing association tests...done (19ms) 
     -computing joint association tests...done (0ms) 
 set [782/1498] : MYBBP1A - 4614 variants...
     -reading in genotypes, computing gene-based tests and building masks...done (8105ms) 
     -computing association tests...done (82ms) 
     -computing joint association tests...done (0ms) 
 set [783/1498] : MYCBPAP - 13801 variants...
     -reading in genotypes, computing gene-based tests and building masks...done (31236ms) 
     -computing association tests...done (77ms) 
     -computing joint association tests...done (0ms) 
 set [784/1498] : MYH10 - 67365 variants...
     -reading in genotypes, computing gene-based tests and building masks...done (125992ms) 
     -computing association tests...done (23ms) 
     -computing joint association tests...done (0ms) 
 set [785/1498] : MYH1 - 12070 variants...
     -reading in genotypes, computing gene-based tests and building masks...done (20258ms) 
     -computing association tests...done (116ms) 
     -computing joint association tests...done (0ms) 
 set [786/1498] : MYH13 - 36868 variants...
     -reading in genotypes, computing gene-based tests and building masks...done (91374ms) 
     -computing association tests...done (118ms) 
     -computing joint association tests...done (0ms) 
 set [787/1498] : MYH2 - 14980 variants...
     -reading in genotypes, computing gene-based tests and building masks...done (20788ms) 
     -computing association tests...done (22ms) 
     -computing joint association tests...done (0ms) 
 set [788/1498] : MYH3 - 16182 variants...
     -reading in genotypes, computing gene-based tests and building masks...done (36935ms) 
     -computing association tests...done (25ms) 
     -computing joint association tests...done (0ms) 
 set [789/1498] : MYH4 - 13150 variants...
     -reading in genotypes, computing gene-based tests and building masks...done (18174ms) 
     -computing association tests...done (109ms) 
     -computing joint association tests...done (0ms) 
 set [790/1498] : MYH8 - 14813 variants...
     -reading in genotypes, computing gene-based tests and building masks...done (20944ms) 
     -computing association tests...done (79ms) 
     -computing joint association tests...done (0ms) 
 set [791/1498] : MYHAS - 50625 variants...
     -reading in genotypes, computing gene-based tests and building masks...done (89191ms) 
     -computing association tests...done (17ms) 
     -computing joint association tests...done (0ms) 
 set [792/1498] : MYL4 - 12383 variants...
     -reading in genotypes, computing gene-based tests and building masks...done (20751ms) 
     -computing association tests...done (82ms) 
     -computing joint association tests...done (0ms) 
 set [793/1498] : MYL6P5 - 5040 variants...
     -reading in genotypes, computing gene-based tests and building masks...done (8044ms) 
     -computing association tests...done (75ms) 
     -computing joint association tests...done (0ms) 
 set [794/1498] : MYO15A - 26925 variants...
     -reading in genotypes, computing gene-based tests and building masks...done (41825ms) 
     -computing association tests...done (26ms) 
     -computing joint association tests...done (0ms) 
 set [795/1498] : MYO15B - 19197 variants...
     -reading in genotypes, computing gene-based tests and building masks...done (29329ms) 
     -computing association tests...done (90ms) 
     -computing joint association tests...done (0ms) 
 set [796/1498] : MYO18A - 48145 variants...
     -reading in genotypes, computing gene-based tests and building masks...done (90622ms) 
     -computing association tests...done (21ms) 
     -computing joint association tests...done (0ms) 
 set [797/1498] : MYO19 - 13877 variants...
     -reading in genotypes, computing gene-based tests and building masks...done (26078ms) 
     -computing association tests...done (23ms) 
     -computing joint association tests...done (0ms) 
 set [798/1498] : MYO1C - 16901 variants...
     -reading in genotypes, computing gene-based tests and building masks...done (31602ms) 
     -computing association tests...done (86ms) 
     -computing joint association tests...done (0ms) 
 set [799/1498] : MYO1D - 158232 variants...
     -reading in genotypes, computing gene-based tests and building masks...done (495781ms) 
     -computing association tests...done (85ms) 
     -computing joint association tests...done (0ms) 
 set [800/1498] : MYO1D-DT - 4576 variants...
     -reading in genotypes, computing gene-based tests and building masks...done (8184ms) 
     -computing association tests...done (13ms) 
     -computing joint association tests...done (0ms) 
 set [801/1498] : MYOCD - 47727 variants...
     -reading in genotypes, computing gene-based tests and building masks...done (95112ms) 
     -computing association tests...done (88ms) 
     -computing joint association tests...done (0ms) 
 set [802/1498] : NAA38 - 3547 variants...
     -reading in genotypes, computing gene-based tests and building masks...done (11404ms) 
     -computing association tests...done (70ms) 
     -computing joint association tests...done (0ms) 
 set [803/1498] : NACA2 - 4139 variants...
     -reading in genotypes, computing gene-based tests and building masks...done (11577ms) 
     -computing association tests...done (17ms) 
     -computing joint association tests...done (0ms) 
 set [804/1498] : NAGLU - 8719 variants...
     -reading in genotypes, computing gene-based tests and building masks...done (13797ms) 
     -computing association tests...done (21ms) 
     -computing joint association tests...done (0ms) 
 set [805/1498] : NAGS - 4828 variants...
     -reading in genotypes, computing gene-based tests and building masks...done (12073ms) 
     -computing association tests...done (15ms) 
     -computing joint association tests...done (0ms) 
 set [806/1498] : NARF - 21101 variants...
     -reading in genotypes, computing gene-based tests and building masks...done (41741ms) 
     -computing association tests...done (91ms) 
     -computing joint association tests...done (0ms) 
 set [807/1498] : NATD1 - 12052 variants...
     -reading in genotypes, computing gene-based tests and building masks...done (18975ms) 
     -computing association tests...done (21ms) 
     -computing joint association tests...done (0ms) 
 set [808/1498] : NBR1 - 20762 variants...
     -reading in genotypes, computing gene-based tests and building masks...done (33566ms) 
     -computing association tests...done (75ms) 
     -computing joint association tests...done (0ms) 
 set [809/1498] : NBR2 - 9987 variants...
     -reading in genotypes, computing gene-based tests and building masks...done (14894ms) 
     -computing association tests...done (69ms) 
     -computing joint association tests...done (0ms) 
 set [810/1498] : NCBP3 - 21382 variants...
     -reading in genotypes, computing gene-based tests and building masks...done (52752ms) 
     -computing association tests...done (77ms) 
     -computing joint association tests...done (0ms) 
 set [811/1498] : NCOR1 - 81772 variants...
     -reading in genotypes, computing gene-based tests and building masks...done (241940ms) 
     -computing association tests...done (21ms) 
     -computing joint association tests...done (0ms) 
 set [812/1498] : NDEL1 - 28129 variants...
     -reading in genotypes, computing gene-based tests and building masks...done (56902ms) 
     -computing association tests...done (79ms) 
     -computing joint association tests...done (0ms) 
 set [813/1498] : NDUFAF8 - 6560 variants...
     -reading in genotypes, computing gene-based tests and building masks...done (14853ms) 
     -computing association tests...done (20ms) 
     -computing joint association tests...done (0ms) 
 set [814/1498] : NEK4P2 - 2856 variants...
     -reading in genotypes, computing gene-based tests and building masks...done (4577ms) 
     -computing association tests...done (75ms) 
     -computing joint association tests...done (0ms) 
 set [815/1498] : NEK8 - 8268 variants...
     -reading in genotypes, computing gene-based tests and building masks...done (13586ms) 
     -computing association tests...done (17ms) 
     -computing joint association tests...done (0ms) 
 set [816/1498] : NEURL4 - 4915 variants...
     -reading in genotypes, computing gene-based tests and building masks...done (17541ms) 
     -computing association tests...done (17ms) 
     -computing joint association tests...done (0ms) 
 set [817/1498] : NEUROD2 - 6984 variants...
     -reading in genotypes, computing gene-based tests and building masks...done (16956ms) 
     -computing association tests...done (132ms) 
     -computing joint association tests...done (0ms) 
 set [818/1498] : NF1 - 109694 variants...
     -reading in genotypes, computing gene-based tests and building masks...done (247501ms) 
     -computing association tests...done (100ms) 
     -computing joint association tests...done (0ms) 
 set [819/1498] : NFE2L1 - 10016 variants...
     -reading in genotypes, computing gene-based tests and building masks...done (21541ms) 
     -computing association tests...done (20ms) 
     -computing joint association tests...done (0ms) 
 set [820/1498] : NFE2L1-DT - 209 variants...
     -reading in genotypes, computing gene-based tests and building masks...done (615ms) 
     -computing association tests...done (12ms) 
     -computing joint association tests...done (0ms) 
 set [821/1498] : NGFR - 12784 variants...
     -reading in genotypes, computing gene-based tests and building masks...done (26823ms) 
     -computing association tests...done (43ms) 
     -computing joint association tests...done (0ms) 
 set [822/1498] : NGFR-AS1 - 27105 variants...
     -reading in genotypes, computing gene-based tests and building masks...done (56597ms) 
     -computing association tests...done (19ms) 
     -computing joint association tests...done (0ms) 
 set [823/1498] : NHERF1 - 12819 variants...
     -reading in genotypes, computing gene-based tests and building masks...done (26494ms) 
     -computing association tests...done (16ms) 
     -computing joint association tests...done (0ms) 
 set [824/1498] : NKIRAS2 - 6641 variants...
     -reading in genotypes, computing gene-based tests and building masks...done (15739ms) 
     -computing association tests...done (103ms) 
     -computing joint association tests...done (0ms) 
 set [825/1498] : NLE1 - 7593 variants...
     -reading in genotypes, computing gene-based tests and building masks...done (13126ms) 
     -computing association tests...done (16ms) 
     -computing joint association tests...done (0ms) 
 set [826/1498] : NLGN2 - 8081 variants...
     -reading in genotypes, computing gene-based tests and building masks...done (17628ms) 
     -computing association tests...done (20ms) 
     -computing joint association tests...done (0ms) 
 set [827/1498] : NLK - 61893 variants...
     -reading in genotypes, computing gene-based tests and building masks...done (128823ms) 
     -computing association tests...done (117ms) 
     -computing joint association tests...done (0ms) 
 set [828/1498] : NLRP1 - 55055 variants...
     -reading in genotypes, computing gene-based tests and building masks...done (93450ms) 
     -computing association tests...done (88ms) 
     -computing joint association tests...done (0ms) 
 set [829/1498] : NME1 - 6623 variants...
     -reading in genotypes, computing gene-based tests and building masks...done (12264ms) 
     -computing association tests...done (76ms) 
     -computing joint association tests...done (0ms) 
 set [830/1498] : NME2 - 10244 variants...
     -reading in genotypes, computing gene-based tests and building masks...done (22483ms) 
     -computing association tests...done (74ms) 
     -computing joint association tests...done (0ms) 
 set [831/1498] : NMT1 - 20769 variants...
     -reading in genotypes, computing gene-based tests and building masks...done (37246ms) 
     -computing association tests...done (74ms) 
     -computing joint association tests...done (0ms) 
 set [832/1498] : NMTRQ-TTG12-1 - 30 variants...
     -reading in genotypes, computing gene-based tests and building masks...done (357ms) 
     -computing association tests...done (27ms) 
     -computing joint association tests...done (0ms) 
 set [833/1498] : NMTRS-TGA3-1 - 213 variants...
     -reading in genotypes, computing gene-based tests and building masks...done (835ms) 
     -computing association tests...done (71ms) 
     -computing joint association tests...done (0ms) 
 set [834/1498] : NOG - 6443 variants...
     -reading in genotypes, computing gene-based tests and building masks...done (10487ms) 
     -computing association tests...done (13ms) 
     -computing joint association tests...done (0ms) 
 set [835/1498] : NOL11 - 15647 variants...
     -reading in genotypes, computing gene-based tests and building masks...done (35474ms) 
     -computing association tests...done (20ms) 
     -computing joint association tests...done (0ms) 
 set [836/1498] : NOS2 - 22413 variants...
     -reading in genotypes, computing gene-based tests and building masks...done (38359ms) 
     -computing association tests...done (20ms) 
     -computing joint association tests...done (0ms) 
 set [837/1498] : NOS2P1 - 4266 variants...
     -reading in genotypes, computing gene-based tests and building masks...done (7588ms) 
     -computing association tests...done (14ms) 
     -computing joint association tests...done (0ms) 
 set [838/1498] : NOS2P4 - 1306 variants...
     -reading in genotypes, computing gene-based tests and building masks...done (2616ms) 
     -computing association tests...done (11ms) 
     -computing joint association tests...done (0ms) 
 set [839/1498] : NOTUM - 9115 variants...
     -reading in genotypes, computing gene-based tests and building masks...done (29282ms) 
     -computing association tests...done (83ms) 
     -computing joint association tests...done (0ms) 
 set [840/1498] : NPB - 640 variants...
     -reading in genotypes, computing gene-based tests and building masks...done (5313ms) 
     -computing association tests...done (8ms) 
     -computing joint association tests...done (0ms) 
 set [841/1498] : NPEPPS - 49531 variants...
     -reading in genotypes, computing gene-based tests and building masks...done (93656ms) 
     -computing association tests...done (20ms) 
     -computing joint association tests...done (0ms) 
 set [842/1498] : NPEPPSP1 - 62402 variants...
     -reading in genotypes, computing gene-based tests and building masks...done (1038158ms) 
     -computing association tests...done (19ms) 
     -computing joint association tests...done (0ms) 
 set [843/1498] : NPLOC4 - 45052 variants...
     -reading in genotypes, computing gene-based tests and building masks...done (94106ms) 
     -computing association tests...done (40ms) 
     -computing joint association tests...done (0ms) 
 set [844/1498] : NPTX1 - 9889 variants...
     -reading in genotypes, computing gene-based tests and building masks...done (17106ms) 
     -computing association tests...done (19ms) 
     -computing joint association tests...done (0ms) 
 set [845/1498] : NR1D1 - 5586 variants...
     -reading in genotypes, computing gene-based tests and building masks...done (8552ms) 
     -computing association tests...done (129ms) 
     -computing joint association tests...done (0ms) 
 set [846/1498] : NSF - 79198 variants...
     -reading in genotypes, computing gene-based tests and building masks...done (675379ms) 
     -computing association tests...done (154ms) 
     -computing joint association tests...done (0ms) 
 set [847/1498] : NSFP1 - 39801 variants...
     -reading in genotypes, computing gene-based tests and building masks...done (524607ms) 
     -computing association tests...done (36ms) 
     -computing joint association tests...done (0ms) 
 set [848/1498] : NSRP1 - 35259 variants...
     -reading in genotypes, computing gene-based tests and building masks...done (68661ms) 
     -computing association tests...done (98ms) 
     -computing joint association tests...done (0ms) 
 set [849/1498] : NT5C - 2659 variants...
     -reading in genotypes, computing gene-based tests and building masks...done (6649ms) 
     -computing association tests...done (75ms) 
     -computing joint association tests...done (0ms) 
 set [850/1498] : NT5C3B - 1688 variants...
     -reading in genotypes, computing gene-based tests and building masks...done (6794ms) 
     -computing association tests...done (133ms) 
     -computing joint association tests...done (0ms) 
 set [851/1498] : NT5M - 25493 variants...
     -reading in genotypes, computing gene-based tests and building masks...done (43753ms) 
     -computing association tests...done (36ms) 
     -computing joint association tests...done (0ms) 
 set [852/1498] : NTN1 - 107059 variants...
     -reading in genotypes, computing gene-based tests and building masks...done (324713ms) 
     -computing association tests...done (77ms) 
     -computing joint association tests...done (0ms) 
 set [853/1498] : NUFIP2 - 21645 variants...
     -reading in genotypes, computing gene-based tests and building masks...done (44701ms) 
     -computing association tests...done (72ms) 
     -computing joint association tests...done (0ms) 
 set [854/1498] : NUP85 - 18654 variants...
     -reading in genotypes, computing gene-based tests and building masks...done (36146ms) 
     -computing association tests...done (23ms) 
     -computing joint association tests...done (0ms) 
 set [855/1498] : NUP88 - 15367 variants...
     -reading in genotypes, computing gene-based tests and building masks...done (30909ms) 
     -computing association tests...done (22ms) 
     -computing joint association tests...done (0ms) 
 set [856/1498] : NXN - 122592 variants...
     -reading in genotypes, computing gene-based tests and building masks...done (630845ms) 
     -computing association tests...done (139ms) 
     -computing joint association tests...done (0ms) 
 set [857/1498] : NXPH3 - 7651 variants...
     -reading in genotypes, computing gene-based tests and building masks...done (12653ms) 
     -computing association tests...done (20ms) 
     -computing joint association tests...done (0ms) 
 set [858/1498] : ODAD4 - 17087 variants...
     -reading in genotypes, computing gene-based tests and building masks...done (34323ms) 
     -computing association tests...done (152ms) 
     -computing joint association tests...done (0ms) 
 set [859/1498] : ODF4 - 7660 variants...
     -reading in genotypes, computing gene-based tests and building masks...done (20379ms) 
     -computing association tests...done (15ms) 
     -computing joint association tests...done (0ms) 
 set [860/1498] : OGFOD3 - 16173 variants...
     -reading in genotypes, computing gene-based tests and building masks...done (33390ms) 
     -computing association tests...done (131ms) 
     -computing joint association tests...done (0ms) 
 set [861/1498] : OLA1P2 - 2265 variants...
     -reading in genotypes, computing gene-based tests and building masks...done (6460ms) 
     -computing association tests...done (11ms) 
     -computing joint association tests...done (0ms) 
 set [862/1498] : OMG - 5367 variants...
     -reading in genotypes, computing gene-based tests and building masks...done (7952ms) 
     -computing association tests...done (44ms) 
     -computing joint association tests...done (0ms) 
 set [863/1498] : OR1A1 - 11723 variants...
     -reading in genotypes, computing gene-based tests and building masks...done (49920ms) 
     -computing association tests...done (18ms) 
     -computing joint association tests...done (0ms) 
 set [864/1498] : OR1A2 - 3860 variants...
     -reading in genotypes, computing gene-based tests and building masks...done (8087ms) 
     -computing association tests...done (16ms) 
     -computing joint association tests...done (0ms) 
 set [865/1498] : OR1D2 - 10030 variants...
     -reading in genotypes, computing gene-based tests and building masks...done (20064ms) 
     -computing association tests...done (192ms) 
     -computing joint association tests...done (0ms) 
 set [866/1498] : OR1D3P - 4349 variants...
     -reading in genotypes, computing gene-based tests and building masks...done (5985ms) 
     -computing association tests...done (15ms) 
     -computing joint association tests...done (0ms) 
 set [867/1498] : OR1D4 - 2344 variants...
     -reading in genotypes, computing gene-based tests and building masks...done (3881ms) 
     -computing association tests...done (11ms) 
     -computing joint association tests...done (0ms) 
 set [868/1498] : OR1D5 - 4528 variants...
     -reading in genotypes, computing gene-based tests and building masks...done (11633ms) 
     -computing association tests...done (16ms) 
     -computing joint association tests...done (0ms) 
 set [869/1498] : OR1E1 - 5994 variants...
     -reading in genotypes, computing gene-based tests and building masks...done (12498ms) 
     -computing association tests...done (161ms) 
     -computing joint association tests...done (0ms) 
 set [870/1498] : OR1E2 - 3352 variants...
     -reading in genotypes, computing gene-based tests and building masks...done (7591ms) 
     -computing association tests...done (70ms) 
     -computing joint association tests...done (0ms) 
 set [871/1498] : OR1E3 - 5507 variants...
     -reading in genotypes, computing gene-based tests and building masks...done (7974ms) 
     -computing association tests...done (16ms) 
     -computing joint association tests...done (0ms) 
 set [872/1498] : OR1G1 - 4471 variants...
     -reading in genotypes, computing gene-based tests and building masks...done (8584ms) 
     -computing association tests...done (30ms) 
     -computing joint association tests...done (0ms) 
 set [873/1498] : OR1P1 - 5942 variants...
     -reading in genotypes, computing gene-based tests and building masks...done (17854ms) 
     -computing association tests...done (17ms) 
     -computing joint association tests...done (0ms) 
 set [874/1498] : OR1R1P - 192 variants...
     -reading in genotypes, computing gene-based tests and building masks...done (664ms) 
     -computing association tests...done (12ms) 
     -computing joint association tests...done (0ms) 
 set [875/1498] : OR3A2 - 60909 variants...
     -reading in genotypes, computing gene-based tests and building masks...done (123306ms) 
     -computing association tests...done (135ms) 
     -computing joint association tests...done (0ms) 
 set [876/1498] : OR3A3 - 8851 variants...
     -reading in genotypes, computing gene-based tests and building masks...done (14036ms) 
     -computing association tests...done (76ms) 
     -computing joint association tests...done (0ms) 
 set [877/1498] : OR4D1 - 7201 variants...
     -reading in genotypes, computing gene-based tests and building masks...done (16054ms) 
     -computing association tests...done (81ms) 
     -computing joint association tests...done (0ms) 
 set [878/1498] : OR4D2 - 5676 variants...
     -reading in genotypes, computing gene-based tests and building masks...done (10422ms) 
     -computing association tests...done (18ms) 
     -computing joint association tests...done (0ms) 
 set [879/1498] : ORMDL3 - 7417 variants...
     -reading in genotypes, computing gene-based tests and building masks...done (14090ms) 
     -computing association tests...done (18ms) 
     -computing joint association tests...done (0ms) 
 set [880/1498] : OSBPL7 - 8630 variants...
     -reading in genotypes, computing gene-based tests and building masks...done (13617ms) 
     -computing association tests...done (80ms) 
     -computing joint association tests...done (0ms) 
 set [881/1498] : OTOP2 - 1031 variants...
     -reading in genotypes, computing gene-based tests and building masks...done (5132ms) 
     -computing association tests...done (11ms) 
     -computing joint association tests...done (0ms) 
 set [882/1498] : OTOP3 - 7896 variants...
     -reading in genotypes, computing gene-based tests and building masks...done (14404ms) 
     -computing association tests...done (157ms) 
     -computing joint association tests...done (0ms) 
 set [883/1498] : OVCA2 - 476 variants...
     -reading in genotypes, computing gene-based tests and building masks...done (2975ms) 
     -computing association tests...done (72ms) 
     -computing joint association tests...done (0ms) 
 set [884/1498] : OXLD1 - 890 variants...
     -reading in genotypes, computing gene-based tests and building masks...done (3827ms) 
     -computing association tests...done (173ms) 
     -computing joint association tests...done (0ms) 
 set [885/1498] : P2RX1 - 15091 variants...
     -reading in genotypes, computing gene-based tests and building masks...done (24800ms) 
     -computing association tests...done (19ms) 
     -computing joint association tests...done (0ms) 
 set [886/1498] : P2RX5 - 24148 variants...
     -reading in genotypes, computing gene-based tests and building masks...done (216264ms) 
     -computing association tests...done (78ms) 
     -computing joint association tests...done (0ms) 
 set [887/1498] : P3H4 - 6666 variants...
     -reading in genotypes, computing gene-based tests and building masks...done (14288ms) 
     -computing association tests...done (121ms) 
     -computing joint association tests...done (0ms) 
 set [888/1498] : P4HB - 12762 variants...
     -reading in genotypes, computing gene-based tests and building masks...done (18417ms) 
     -computing association tests...done (17ms) 
     -computing joint association tests...done (0ms) 
 set [889/1498] : PAFAH1B1 - 53306 variants...
     -reading in genotypes, computing gene-based tests and building masks...done (121815ms) 
     -computing association tests...done (17ms) 
     -computing joint association tests...done (0ms) 
 set [890/1498] : PAIP1P2 - 3347 variants...
     -reading in genotypes, computing gene-based tests and building masks...done (11551ms) 
     -computing association tests...done (15ms) 
     -computing joint association tests...done (0ms) 
 set [891/1498] : PCGF2 - 8782 variants...
     -reading in genotypes, computing gene-based tests and building masks...done (14898ms) 
     -computing association tests...done (184ms) 
     -computing joint association tests...done (0ms) 
 set [892/1498] : PCTP - 35474 variants...
     -reading in genotypes, computing gene-based tests and building masks...done (55956ms) 
     -computing association tests...done (95ms) 
     -computing joint association tests...done (0ms) 
 set [893/1498] : PCYT2 - 5690 variants...
     -reading in genotypes, computing gene-based tests and building masks...done (10161ms) 
     -computing association tests...done (14ms) 
     -computing joint association tests...done (0ms) 
 set [894/1498] : PDE6G - 7810 variants...
     -reading in genotypes, computing gene-based tests and building masks...done (14191ms) 
     -computing association tests...done (17ms) 
     -computing joint association tests...done (0ms) 
 set [895/1498] : PDK2 - 7727 variants...
     -reading in genotypes, computing gene-based tests and building masks...done (12053ms) 
     -computing association tests...done (16ms) 
     -computing joint association tests...done (0ms) 
 set [896/1498] : PECAM1 - 33863 variants...
     -reading in genotypes, computing gene-based tests and building masks...done (62048ms) 
     -computing association tests...done (18ms) 
     -computing joint association tests...done (0ms) 
 set [897/1498] : PELP1 - 20506 variants...
     -reading in genotypes, computing gene-based tests and building masks...done (39571ms) 
     -computing association tests...done (83ms) 
     -computing joint association tests...done (0ms) 
 set [898/1498] : PEMT - 39198 variants...
     -reading in genotypes, computing gene-based tests and building masks...done (76176ms) 
     -computing association tests...done (83ms) 
     -computing joint association tests...done (0ms) 
 set [899/1498] : PER1 - 11414 variants...
     -reading in genotypes, computing gene-based tests and building masks...done (17723ms) 
     -computing association tests...done (24ms) 
     -computing joint association tests...done (0ms) 
 set [900/1498] : PEX12 - 7599 variants...
     -reading in genotypes, computing gene-based tests and building masks...done (13701ms) 
     -computing association tests...done (124ms) 
     -computing joint association tests...done (0ms) 
 set [901/1498] : PFAS - 14447 variants...
     -reading in genotypes, computing gene-based tests and building masks...done (21584ms) 
     -computing association tests...done (88ms) 
     -computing joint association tests...done (0ms) 
 set [902/1498] : PFN1 - 5363 variants...
     -reading in genotypes, computing gene-based tests and building masks...done (11030ms) 
     -computing association tests...done (15ms) 
     -computing joint association tests...done (0ms) 
 set [903/1498] : PGAP3 - 9949 variants...
     -reading in genotypes, computing gene-based tests and building masks...done (17630ms) 
     -computing association tests...done (19ms) 
     -computing joint association tests...done (0ms) 
 set [904/1498] : PGS1 - 29209 variants...
     -reading in genotypes, computing gene-based tests and building masks...done (56338ms) 
     -computing association tests...done (96ms) 
     -computing joint association tests...done (0ms) 
 set [905/1498] : PHB1 - 8673 variants...
     -reading in genotypes, computing gene-based tests and building masks...done (15129ms) 
     -computing association tests...done (76ms) 
     -computing joint association tests...done (0ms) 
 set [906/1498] : PHF12 - 19766 variants...
     -reading in genotypes, computing gene-based tests and building masks...done (30348ms) 
     -computing association tests...done (81ms) 
     -computing joint association tests...done (0ms) 
 set [907/1498] : PHF23 - 7408 variants...
     -reading in genotypes, computing gene-based tests and building masks...done (14201ms) 
     -computing association tests...done (18ms) 
     -computing joint association tests...done (0ms) 
 set [908/1498] : PHOSPHO1 - 8303 variants...
     -reading in genotypes, computing gene-based tests and building masks...done (18351ms) 
     -computing association tests...done (20ms) 
     -computing joint association tests...done (0ms) 
 set [909/1498] : PICART1 - 2643 variants...
     -reading in genotypes, computing gene-based tests and building masks...done (4245ms) 
     -computing association tests...done (17ms) 
     -computing joint association tests...done (0ms) 
 set [910/1498] : PIGL - 58606 variants...
     -reading in genotypes, computing gene-based tests and building masks...done (126893ms) 
     -computing association tests...done (79ms) 
     -computing joint association tests...done (0ms) 
 set [911/1498] : PIGS - 3926 variants...
     -reading in genotypes, computing gene-based tests and building masks...done (9331ms) 
     -computing association tests...done (20ms) 
     -computing joint association tests...done (0ms) 
 set [912/1498] : PIGW - 4811 variants...
     -reading in genotypes, computing gene-based tests and building masks...done (9090ms) 
     -computing association tests...done (77ms) 
     -computing joint association tests...done (0ms) 
 set [913/1498] : PIK3R5 - 39627 variants...
     -reading in genotypes, computing gene-based tests and building masks...done (71053ms) 
     -computing association tests...done (80ms) 
     -computing joint association tests...done (0ms) 
 set [914/1498] : PIK3R5-DT - 4788 variants...
     -reading in genotypes, computing gene-based tests and building masks...done (7706ms) 
     -computing association tests...done (80ms) 
     -computing joint association tests...done (0ms) 
 set [915/1498] : PIK3R6 - 31948 variants...
     -reading in genotypes, computing gene-based tests and building masks...done (63364ms) 
     -computing association tests...done (19ms) 
     -computing joint association tests...done (0ms) 
 set [916/1498] : PIMREG - 2550 variants...
     -reading in genotypes, computing gene-based tests and building masks...done (10261ms) 
     -computing association tests...done (20ms) 
     -computing joint association tests...done (0ms) 
 set [917/1498] : PIP4K2B - 15196 variants...
     -reading in genotypes, computing gene-based tests and building masks...done (29916ms) 
     -computing association tests...done (20ms) 
     -computing joint association tests...done (0ms) 
 set [918/1498] : PIPOX - 16170 variants...
     -reading in genotypes, computing gene-based tests and building masks...done (30043ms) 
     -computing association tests...done (126ms) 
     -computing joint association tests...done (0ms) 
 set [919/1498] : PIRT - 11012 variants...
     -reading in genotypes, computing gene-based tests and building masks...done (20041ms) 
     -computing association tests...done (136ms) 
     -computing joint association tests...done (0ms) 
 set [920/1498] : PITPNA - 22291 variants...
     -reading in genotypes, computing gene-based tests and building masks...done (40794ms) 
     -computing association tests...done (81ms) 
     -computing joint association tests...done (0ms) 
 set [921/1498] : PITPNC1 - 150736 variants...
     -reading in genotypes, computing gene-based tests and building masks...done (608222ms) 
     -computing association tests...done (22ms) 
     -computing joint association tests...done (0ms) 
 set [922/1498] : PITPNM3 - 65510 variants...
     -reading in genotypes, computing gene-based tests and building masks...done (169337ms) 
     -computing association tests...done (79ms) 
     -computing joint association tests...done (0ms) 
 set [923/1498] : PLCD3 - 13963 variants...
     -reading in genotypes, computing gene-based tests and building masks...done (26228ms) 
     -computing association tests...done (80ms) 
     -computing joint association tests...done (0ms) 
 set [924/1498] : PLD2 - 12787 variants...
     -reading in genotypes, computing gene-based tests and building masks...done (26878ms) 
     -computing association tests...done (159ms) 
     -computing joint association tests...done (0ms) 
 set [925/1498] : PLD6 - 7702 variants...
     -reading in genotypes, computing gene-based tests and building masks...done (14555ms) 
     -computing association tests...done (17ms) 
     -computing joint association tests...done (0ms) 
 set [926/1498] : PLEKHH3 - 744 variants...
     -reading in genotypes, computing gene-based tests and building masks...done (4537ms) 
     -computing association tests...done (5ms) 
     -computing joint association tests...done (0ms) 
 set [927/1498] : PLEKHM1 - 26310 variants...
     -reading in genotypes, computing gene-based tests and building masks...done (44227ms) 
     -computing association tests...done (123ms) 
     -computing joint association tests...done (0ms) 
 set [928/1498] : PLEKHM1P1 - 17589 variants...
     -reading in genotypes, computing gene-based tests and building masks...done (26254ms) 
     -computing association tests...done (43ms) 
     -computing joint association tests...done (0ms) 
 set [929/1498] : PLSCR3 - 5663 variants...
     -reading in genotypes, computing gene-based tests and building masks...done (9977ms) 
     -computing association tests...done (76ms) 
     -computing joint association tests...done (0ms) 
 set [930/1498] : PLXDC1 - 43597 variants...
     -reading in genotypes, computing gene-based tests and building masks...done (86925ms) 
     -computing association tests...done (17ms) 
     -computing joint association tests...done (0ms) 
 set [931/1498] : PMP22 - 17596 variants...
     -reading in genotypes, computing gene-based tests and building masks...done (28423ms) 
     -computing association tests...done (20ms) 
     -computing joint association tests...done (0ms) 
 set [932/1498] : PNMT - 2434 variants...
     -reading in genotypes, computing gene-based tests and building masks...done (12196ms) 
     -computing association tests...done (80ms) 
     -computing joint association tests...done (0ms) 
 set [933/1498] : PNPO - 4303 variants...
     -reading in genotypes, computing gene-based tests and building masks...done (9609ms) 
     -computing association tests...done (16ms) 
     -computing joint association tests...done (0ms) 
 set [934/1498] : POLDIP2 - 6359 variants...
     -reading in genotypes, computing gene-based tests and building masks...done (10563ms) 
     -computing association tests...done (19ms) 
     -computing joint association tests...done (0ms) 
 set [935/1498] : POLG2 - 10899 variants...
     -reading in genotypes, computing gene-based tests and building masks...done (18813ms) 
     -computing association tests...done (18ms) 
     -computing joint association tests...done (0ms) 
 set [936/1498] : POLR2A - 16385 variants...
     -reading in genotypes, computing gene-based tests and building masks...done (27051ms) 
     -computing association tests...done (22ms) 
     -computing joint association tests...done (0ms) 
 set [937/1498] : POLR3KP2 - 1073 variants...
     -reading in genotypes, computing gene-based tests and building masks...done (3229ms) 
     -computing association tests...done (16ms) 
     -computing joint association tests...done (0ms) 
 set [938/1498] : POLRMTP1 - 1799 variants...
     -reading in genotypes, computing gene-based tests and building masks...done (3255ms) 
     -computing association tests...done (9ms) 
     -computing joint association tests...done (0ms) 
 set [939/1498] : PPIAP53 - 4664 variants...
     -reading in genotypes, computing gene-based tests and building masks...done (6485ms) 
     -computing association tests...done (15ms) 
     -computing joint association tests...done (0ms) 
 set [940/1498] : PPIAP55 - 2509 variants...
     -reading in genotypes, computing gene-based tests and building masks...done (5243ms) 
     -computing association tests...done (10ms) 
     -computing joint association tests...done (0ms) 
 set [941/1498] : PPM1D - 33183 variants...
     -reading in genotypes, computing gene-based tests and building masks...done (65404ms) 
     -computing association tests...done (74ms) 
     -computing joint association tests...done (0ms) 
 set [942/1498] : PPM1E - 96280 variants...
     -reading in genotypes, computing gene-based tests and building masks...done (218721ms) 
     -computing association tests...done (101ms) 
     -computing joint association tests...done (0ms) 
 set [943/1498] : PPP1R1B - 6046 variants...
     -reading in genotypes, computing gene-based tests and building masks...done (10974ms) 
     -computing association tests...done (124ms) 
     -computing joint association tests...done (0ms) 
 set [944/1498] : PPP1R27 - 3443 variants...
     -reading in genotypes, computing gene-based tests and building masks...done (6936ms) 
     -computing association tests...done (15ms) 
     -computing joint association tests...done (0ms) 
 set [945/1498] : PPP1R9B - 9539 variants...
     -reading in genotypes, computing gene-based tests and building masks...done (14692ms) 
     -computing association tests...done (164ms) 
     -computing joint association tests...done (0ms) 
 set [946/1498] : PPY - 4816 variants...
     -reading in genotypes, computing gene-based tests and building masks...done (12156ms) 
     -computing association tests...done (18ms) 
     -computing joint association tests...done (0ms) 
 set [947/1498] : PRAC1 - 3015 variants...
     -reading in genotypes, computing gene-based tests and building masks...done (12378ms) 
     -computing association tests...done (15ms) 
     -computing joint association tests...done (0ms) 
 set [948/1498] : PRCD - 4478 variants...
     -reading in genotypes, computing gene-based tests and building masks...done (9698ms) 
     -computing association tests...done (22ms) 
     -computing joint association tests...done (0ms) 
 set [949/1498] : PRELID3BP3 - 2284 variants...
     -reading in genotypes, computing gene-based tests and building masks...done (4871ms) 
     -computing association tests...done (12ms) 
     -computing joint association tests...done (0ms) 
 set [950/1498] : PRKAR1A - 10935 variants...
     -reading in genotypes, computing gene-based tests and building masks...done (20206ms) 
     -computing association tests...done (17ms) 
     -computing joint association tests...done (0ms) 
 set [951/1498] : PRKCA - 223590 variants...
     -reading in genotypes, computing gene-based tests and building masks...done (1127122ms) 
     -computing association tests...done (18ms) 
     -computing joint association tests...done (0ms) 
 set [952/1498] : PRO1804 - 2170 variants...
     -reading in genotypes, computing gene-based tests and building masks...done (3657ms) 
     -computing association tests...done (8ms) 
     -computing joint association tests...done (0ms) 
 set [953/1498] : PROCA1 - 777 variants...
     -reading in genotypes, computing gene-based tests and building masks...done (1828ms) 
     -computing association tests...done (14ms) 
     -computing joint association tests...done (0ms) 
 set [954/1498] : PRPF8 - 21274 variants...
     -reading in genotypes, computing gene-based tests and building masks...done (34779ms) 
     -computing association tests...done (106ms) 
     -computing joint association tests...done (0ms) 
 set [955/1498] : PRPSAP1 - 33106 variants...
     -reading in genotypes, computing gene-based tests and building masks...done (60838ms) 
     -computing association tests...done (129ms) 
     -computing joint association tests...done (0ms) 
 set [956/1498] : PRPSAP2 - 36301 variants...
     -reading in genotypes, computing gene-based tests and building masks...done (99693ms) 
     -computing association tests...done (76ms) 
     -computing joint association tests...done (0ms) 
 set [957/1498] : PRR11 - 21310 variants...
     -reading in genotypes, computing gene-based tests and building masks...done (32368ms) 
     -computing association tests...done (150ms) 
     -computing joint association tests...done (0ms) 
 set [958/1498] : PRR15L - 5742 variants...
     -reading in genotypes, computing gene-based tests and building masks...done (16278ms) 
     -computing association tests...done (77ms) 
     -computing joint association tests...done (0ms) 
 set [959/1498] : PRR29 - 2377 variants...
     -reading in genotypes, computing gene-based tests and building masks...done (6813ms) 
     -computing association tests...done (11ms) 
     -computing joint association tests...done (0ms) 
 set [960/1498] : PSMB3 - 5212 variants...
     -reading in genotypes, computing gene-based tests and building masks...done (11125ms) 
     -computing association tests...done (77ms) 
     -computing joint association tests...done (0ms) 
 set [961/1498] : PSMB6 - 5656 variants...
     -reading in genotypes, computing gene-based tests and building masks...done (10840ms) 
     -computing association tests...done (43ms) 
     -computing joint association tests...done (0ms) 
 set [962/1498] : PSMC3IP - 3136 variants...
     -reading in genotypes, computing gene-based tests and building masks...done (13496ms) 
     -computing association tests...done (17ms) 
     -computing joint association tests...done (0ms) 
 set [963/1498] : PSMC5 - 1647 variants...
     -reading in genotypes, computing gene-based tests and building masks...done (7248ms) 
     -computing association tests...done (128ms) 
     -computing joint association tests...done (0ms) 
 set [964/1498] : PSMD11 - 17464 variants...
     -reading in genotypes, computing gene-based tests and building masks...done (32690ms) 
     -computing association tests...done (19ms) 
     -computing joint association tests...done (0ms) 
 set [965/1498] : PSMD12 - 17960 variants...
     -reading in genotypes, computing gene-based tests and building masks...done (27228ms) 
     -computing association tests...done (77ms) 
     -computing joint association tests...done (0ms) 
 set [966/1498] : PSMD3 - 11050 variants...
     -reading in genotypes, computing gene-based tests and building masks...done (30639ms) 
     -computing association tests...done (74ms) 
     -computing joint association tests...done (0ms) 
 set [967/1498] : PSMD7P1 - 3147 variants...
     -reading in genotypes, computing gene-based tests and building masks...done (10954ms) 
     -computing association tests...done (15ms) 
     -computing joint association tests...done (0ms) 
 set [968/1498] : PSME3 - 6191 variants...
     -reading in genotypes, computing gene-based tests and building masks...done (13094ms) 
     -computing association tests...done (70ms) 
     -computing joint association tests...done (0ms) 
 set [969/1498] : PTGES3L - 11611 variants...
     -reading in genotypes, computing gene-based tests and building masks...done (34726ms) 
     -computing association tests...done (18ms) 
     -computing joint association tests...done (0ms) 
 set [970/1498] : PTRH2 - 2010 variants...
     -reading in genotypes, computing gene-based tests and building masks...done (7506ms) 
     -computing association tests...done (75ms) 
     -computing joint association tests...done (0ms) 
 set [971/1498] : PVALEF - 13283 variants...
     -reading in genotypes, computing gene-based tests and building masks...done (24110ms) 
     -computing association tests...done (18ms) 
     -computing joint association tests...done (0ms) 
 set [972/1498] : PYCR1 - 3493 variants...
     -reading in genotypes, computing gene-based tests and building masks...done (8775ms) 
     -computing association tests...done (14ms) 
     -computing joint association tests...done (0ms) 
 set [973/1498] : PYY - 24803 variants...
     -reading in genotypes, computing gene-based tests and building masks...done (54735ms) 
     -computing association tests...done (20ms) 
     -computing joint association tests...done (0ms) 
 set [974/1498] : PYY2 - 3273 variants...
     -reading in genotypes, computing gene-based tests and building masks...done (8787ms) 
     -computing association tests...done (17ms) 
     -computing joint association tests...done (0ms) 
 set [975/1498] : QRICH2 - 13838 variants...
     -reading in genotypes, computing gene-based tests and building masks...done (22025ms) 
     -computing association tests...done (26ms) 
     -computing joint association tests...done (0ms) 
 set [976/1498] : RAB11FIP4 - 70384 variants...
     -reading in genotypes, computing gene-based tests and building masks...done (146180ms) 
     -computing association tests...done (76ms) 
     -computing joint association tests...done (0ms) 
 set [977/1498] : RAB34 - 5180 variants...
     -reading in genotypes, computing gene-based tests and building masks...done (9011ms) 
     -computing association tests...done (73ms) 
     -computing joint association tests...done (0ms) 
 set [978/1498] : RAB37 - 11863 variants...
     -reading in genotypes, computing gene-based tests and building masks...done (22166ms) 
     -computing association tests...done (151ms) 
     -computing joint association tests...done (0ms) 
 set [979/1498] : RAB40B - 29147 variants...
     -reading in genotypes, computing gene-based tests and building masks...done (89161ms) 
     -computing association tests...done (124ms) 
     -computing joint association tests...done (0ms) 
 set [980/1498] : RAB5C - 16312 variants...
     -reading in genotypes, computing gene-based tests and building masks...done (35279ms) 
     -computing association tests...done (19ms) 
     -computing joint association tests...done (0ms) 
 set [981/1498] : RABEP1 - 52371 variants...
     -reading in genotypes, computing gene-based tests and building masks...done (113579ms) 
     -computing association tests...done (119ms) 
     -computing joint association tests...done (0ms) 
 set [982/1498] : RAC3 - 2351 variants...
     -reading in genotypes, computing gene-based tests and building masks...done (6241ms) 
     -computing association tests...done (14ms) 
     -computing joint association tests...done (0ms) 
 set [983/1498] : RAD51C - 19498 variants...
     -reading in genotypes, computing gene-based tests and building masks...done (38748ms) 
     -computing association tests...done (132ms) 
     -computing joint association tests...done (0ms) 
 set [984/1498] : RAD51D - 14185 variants...
     -reading in genotypes, computing gene-based tests and building masks...done (22771ms) 
     -computing association tests...done (78ms) 
     -computing joint association tests...done (0ms) 
 set [985/1498] : RAI1 - 65694 variants...
     -reading in genotypes, computing gene-based tests and building masks...done (123096ms) 
     -computing association tests...done (122ms) 
     -computing joint association tests...done (0ms) 
 set [986/1498] : RAMP2 - 4802 variants...
     -reading in genotypes, computing gene-based tests and building masks...done (9540ms) 
     -computing association tests...done (77ms) 
     -computing joint association tests...done (0ms) 
 set [987/1498] : RAMP2-AS1 - 1328 variants...
     -reading in genotypes, computing gene-based tests and building masks...done (2540ms) 
     -computing association tests...done (10ms) 
     -computing joint association tests...done (0ms) 
 set [988/1498] : RANGRF - 2615 variants...
     -reading in genotypes, computing gene-based tests and building masks...done (7128ms) 
     -computing association tests...done (17ms) 
     -computing joint association tests...done (0ms) 
 set [989/1498] : RAP1GAP2 - 143266 variants...
     -reading in genotypes, computing gene-based tests and building masks...done (588229ms) 
     -computing association tests...done (98ms) 
     -computing joint association tests...done (0ms) 
 set [990/1498] : RAPGEFL1 - 12918 variants...
     -reading in genotypes, computing gene-based tests and building masks...done (20287ms) 
     -computing association tests...done (29ms) 
     -computing joint association tests...done (0ms) 
 set [991/1498] : RARA - 19383 variants...
     -reading in genotypes, computing gene-based tests and building masks...done (27748ms) 
     -computing association tests...done (83ms) 
     -computing joint association tests...done (0ms) 
 set [992/1498] : RASD1 - 4586 variants...
     -reading in genotypes, computing gene-based tests and building masks...done (16638ms) 
     -computing association tests...done (19ms) 
     -computing joint association tests...done (0ms) 
 set [993/1498] : RASL10B - 6741 variants...
     -reading in genotypes, computing gene-based tests and building masks...done (15196ms) 
     -computing association tests...done (170ms) 
     -computing joint association tests...done (0ms) 
 set [994/1498] : RBFOX3 - 264607 variants...
     -reading in genotypes, computing gene-based tests and building masks...done (1704092ms) 
     -computing association tests...done (19ms) 
     -computing joint association tests...done (0ms) 
 set [995/1498] : RCVRN - 6243 variants...
     -reading in genotypes, computing gene-based tests and building masks...done (12548ms) 
     -computing association tests...done (18ms) 
     -computing joint association tests...done (0ms) 
 set [996/1498] : RDM1 - 8660 variants...
     -reading in genotypes, computing gene-based tests and building masks...done (13598ms) 
     -computing association tests...done (78ms) 
     -computing joint association tests...done (0ms) 
 set [997/1498] : RDM1P2 - 3914 variants...
     -reading in genotypes, computing gene-based tests and building masks...done (36598ms) 
     -computing association tests...done (18ms) 
     -computing joint association tests...done (0ms) 
 set [998/1498] : RDM1P3 - 3817 variants...
     -reading in genotypes, computing gene-based tests and building masks...done (8860ms) 
     -computing association tests...done (79ms) 
     -computing joint association tests...done (0ms) 
 set [999/1498] : RDM1P5 - 2537 variants...
     -reading in genotypes, computing gene-based tests and building masks...done (3996ms) 
     -computing association tests...done (15ms) 
     -computing joint association tests...done (0ms) 
 set [1000/1498] : RECQL5 - 18551 variants...
     -reading in genotypes, computing gene-based tests and building masks...done (28619ms) 
     -computing association tests...done (87ms) 
     -computing joint association tests...done (0ms) 
 set [1001/1498] : RENO1 - 3771 variants...
     -reading in genotypes, computing gene-based tests and building masks...done (7392ms) 
     -computing association tests...done (14ms) 
     -computing joint association tests...done (0ms) 
 set [1002/1498] : RETREG3 - 13609 variants...
     -reading in genotypes, computing gene-based tests and building masks...done (29067ms) 
     -computing association tests...done (18ms) 
     -computing joint association tests...done (0ms) 
 set [1003/1498] : RFFL - 22585 variants...
     -reading in genotypes, computing gene-based tests and building masks...done (41143ms) 
     -computing association tests...done (164ms) 
     -computing joint association tests...done (0ms) 
 set [1004/1498] : RFLNB - 6223 variants...
     -reading in genotypes, computing gene-based tests and building masks...done (11516ms) 
     -computing association tests...done (20ms) 
     -computing joint association tests...done (0ms) 
 set [1005/1498] : RFNG - 6020 variants...
     -reading in genotypes, computing gene-based tests and building masks...done (10834ms) 
     -computing association tests...done (36ms) 
     -computing joint association tests...done (0ms) 
 set [1006/1498] : RGS9 - 56264 variants...
     -reading in genotypes, computing gene-based tests and building masks...done (120460ms) 
     -computing association tests...done (92ms) 
     -computing joint association tests...done (0ms) 
 set [1007/1498] : RHBDF2 - 15900 variants...
     -reading in genotypes, computing gene-based tests and building masks...done (29706ms) 
     -computing association tests...done (79ms) 
     -computing joint association tests...done (0ms) 
 set [1008/1498] : RHBDL3 - 29636 variants...
     -reading in genotypes, computing gene-based tests and building masks...done (53946ms) 
     -computing association tests...done (30ms) 
     -computing joint association tests...done (0ms) 
 set [1009/1498] : RHOT1 - 49169 variants...
     -reading in genotypes, computing gene-based tests and building masks...done (93528ms) 
     -computing association tests...done (18ms) 
     -computing joint association tests...done (0ms) 
 set [1010/1498] : RILP - 5538 variants...
     -reading in genotypes, computing gene-based tests and building masks...done (10744ms) 
     -computing association tests...done (19ms) 
     -computing joint association tests...done (0ms) 
 set [1011/1498] : RN7SKP14 - 3947 variants...
     -reading in genotypes, computing gene-based tests and building masks...done (5998ms) 
     -computing association tests...done (68ms) 
     -computing joint association tests...done (0ms) 
 set [1012/1498] : RN7SL236P - 111 variants...
     -reading in genotypes, computing gene-based tests and building masks...done (431ms) 
     -computing association tests...done (8ms) 
     -computing joint association tests...done (0ms) 
 set [1013/1498] : RN7SL270P - 115 variants...
     -reading in genotypes, computing gene-based tests and building masks...done (6967ms) 
     -computing association tests...done (4ms) 
     -computing joint association tests...done (0ms) 
 set [1014/1498] : RN7SL301P - 158 variants...
     -reading in genotypes, computing gene-based tests and building masks...done (803ms) 
     -computing association tests...done (1ms) 
     -computing joint association tests...done (0ms) 
 set [1015/1498] : RN7SL316P - 124 variants...
     -reading in genotypes, computing gene-based tests and building masks...done (810ms) 
     -computing association tests...done (1ms) 
     -computing joint association tests...done (0ms) 
 set [1016/1498] : RN7SL33P - 139 variants...
     -reading in genotypes, computing gene-based tests and building masks...done (498ms) 
     -computing association tests...done (4ms) 
     -computing joint association tests...done (0ms) 
 set [1017/1498] : RN7SL426P - 127 variants...
     -reading in genotypes, computing gene-based tests and building masks...done (555ms) 
     -computing association tests...done (8ms) 
     -computing joint association tests...done (0ms) 
 set [1018/1498] : RN7SL507P - 3512 variants...
     -reading in genotypes, computing gene-based tests and building masks...done (5414ms) 
     -computing association tests...done (16ms) 
     -computing joint association tests...done (0ms) 
 set [1019/1498] : RN7SL601P - 2634 variants...
     -reading in genotypes, computing gene-based tests and building masks...done (5916ms) 
     -computing association tests...done (14ms) 
     -computing joint association tests...done (0ms) 
 set [1020/1498] : RN7SL627P - 96 variants...
     -reading in genotypes, computing gene-based tests and building masks...done (882ms) 
     -computing association tests...done (8ms) 
     -computing joint association tests...done (0ms) 
 set [1021/1498] : RNA5SP436 - 41 variants...
     -reading in genotypes, computing gene-based tests and building masks...done (4929ms) 
     -computing association tests...done (1ms) 
     -computing joint association tests...done (0ms) 
 set [1022/1498] : RNA5SP438 - 56 variants...
     -reading in genotypes, computing gene-based tests and building masks...done (1312ms) 
     -computing association tests...done (1ms) 
     -computing joint association tests...done (0ms) 
 set [1023/1498] : RNA5SP441 - 1051 variants...
     -reading in genotypes, computing gene-based tests and building masks...done (2253ms) 
     -computing association tests...done (11ms) 
     -computing joint association tests...done (0ms) 
 set [1024/1498] : RNA5SP443 - 4077 variants...
     -reading in genotypes, computing gene-based tests and building masks...done (5612ms) 
     -computing association tests...done (10ms) 
     -computing joint association tests...done (0ms) 
 set [1025/1498] : RNA5SP444 - 5997 variants...
     -reading in genotypes, computing gene-based tests and building masks...done (22773ms) 
     -computing association tests...done (16ms) 
     -computing joint association tests...done (0ms) 
 set [1026/1498] : RNA5SP446 - 338 variants...
     -reading in genotypes, computing gene-based tests and building masks...done (808ms) 
     -computing association tests...done (76ms) 
     -computing joint association tests...done (0ms) 
 set [1027/1498] : RNA5SP447 - 62 variants...
     -reading in genotypes, computing gene-based tests and building masks...done (1317ms) 
     -computing association tests...done (1ms) 
     -computing joint association tests...done (0ms) 
 set [1028/1498] : RNA5SP448 - 4474 variants...
     -reading in genotypes, computing gene-based tests and building masks...done (8010ms) 
     -computing association tests...done (15ms) 
     -computing joint association tests...done (0ms) 
 set [1029/1498] : RNA5SP526 - 1538 variants...
     -reading in genotypes, computing gene-based tests and building masks...done (9813ms) 
     -computing association tests...done (78ms) 
     -computing joint association tests...done (0ms) 
 set [1030/1498] : RNASEH1P2 - 3245 variants...
     -reading in genotypes, computing gene-based tests and building masks...done (7386ms) 
     -computing association tests...done (15ms) 
     -computing joint association tests...done (0ms) 
 set [1031/1498] : RNASEK - 2458 variants...
     -reading in genotypes, computing gene-based tests and building masks...done (6118ms) 
     -computing association tests...done (75ms) 
     -computing joint association tests...done (0ms) 
 set [1032/1498] : RND2 - 5843 variants...
     -reading in genotypes, computing gene-based tests and building masks...done (10804ms) 
     -computing association tests...done (18ms) 
     -computing joint association tests...done (0ms) 
 set [1033/1498] : RNF112 - 6525 variants...
     -reading in genotypes, computing gene-based tests and building masks...done (12671ms) 
     -computing association tests...done (111ms) 
     -computing joint association tests...done (0ms) 
 set [1034/1498] : RNF126P1 - 3562 variants...
     -reading in genotypes, computing gene-based tests and building masks...done (7259ms) 
     -computing association tests...done (16ms) 
     -computing joint association tests...done (0ms) 
 set [1035/1498] : RNF135 - 21151 variants...
     -reading in genotypes, computing gene-based tests and building masks...done (53105ms) 
     -computing association tests...done (79ms) 
     -computing joint association tests...done (0ms) 
 set [1036/1498] : RNF157 - 42012 variants...
     -reading in genotypes, computing gene-based tests and building masks...done (74172ms) 
     -computing association tests...done (79ms) 
     -computing joint association tests...done (0ms) 
 set [1037/1498] : RNF213 - 106189 variants...
     -reading in genotypes, computing gene-based tests and building masks...done (992521ms) 
     -computing association tests...done (104ms) 
     -computing joint association tests...done (0ms) 
 set [1038/1498] : RNF213-AS1 - 2725 variants...
     -reading in genotypes, computing gene-based tests and building masks...done (3974ms) 
     -computing association tests...done (14ms) 
     -computing joint association tests...done (0ms) 
 set [1039/1498] : RNF222 - 7775 variants...
     -reading in genotypes, computing gene-based tests and building masks...done (15050ms) 
     -computing association tests...done (131ms) 
     -computing joint association tests...done (0ms) 
 set [1040/1498] : RNF227 - 3952 variants...
     -reading in genotypes, computing gene-based tests and building masks...done (10258ms) 
     -computing association tests...done (21ms) 
     -computing joint association tests...done (0ms) 
 set [1041/1498] : RNF43 - 20602 variants...
     -reading in genotypes, computing gene-based tests and building masks...done (35053ms) 
     -computing association tests...done (21ms) 
     -computing joint association tests...done (0ms) 
 set [1042/1498] : RNFT1 - 8783 variants...
     -reading in genotypes, computing gene-based tests and building masks...done (18608ms) 
     -computing association tests...done (74ms) 
     -computing joint association tests...done (0ms) 
 set [1043/1498] : RNFT1-DT - 15661 variants...
     -reading in genotypes, computing gene-based tests and building masks...done (45149ms) 
     -computing association tests...done (16ms) 
     -computing joint association tests...done (0ms) 
 set [1044/1498] : RNFT1P3 - 4942 variants...
     -reading in genotypes, computing gene-based tests and building masks...done (18413ms) 
     -computing association tests...done (16ms) 
     -computing joint association tests...done (0ms) 
 set [1045/1498] : RNU1-42P - 1747 variants...
     -reading in genotypes, computing gene-based tests and building masks...done (5564ms) 
     -computing association tests...done (15ms) 
     -computing joint association tests...done (0ms) 
 set [1046/1498] : RNU1-80P - 90 variants...
     -reading in genotypes, computing gene-based tests and building masks...done (461ms) 
     -computing association tests...done (7ms) 
     -computing joint association tests...done (0ms) 
 set [1047/1498] : RNU2-1 - 1937 variants...
     -reading in genotypes, computing gene-based tests and building masks...done (16623ms) 
     -computing association tests...done (13ms) 
     -computing joint association tests...done (0ms) 
 set [1048/1498] : RNU2-4P - 68 variants...
     -reading in genotypes, computing gene-based tests and building masks...done (848ms) 
     -computing association tests...done (1ms) 
     -computing joint association tests...done (0ms) 
 set [1049/1498] : RNU4-13P - 4387 variants...
     -reading in genotypes, computing gene-based tests and building masks...done (6142ms) 
     -computing association tests...done (16ms) 
     -computing joint association tests...done (0ms) 
 set [1050/1498] : RNU6-1065P - 35 variants...
     -reading in genotypes, computing gene-based tests and building masks...done (1735ms) 
     -computing association tests...done (1ms) 
     -computing joint association tests...done (0ms) 
 set [1051/1498] : RNU6-1134P - 1648 variants...
     -reading in genotypes, computing gene-based tests and building masks...done (2726ms) 
     -computing association tests...done (12ms) 
     -computing joint association tests...done (0ms) 
 set [1052/1498] : RNU6-1158P - 842 variants...
     -reading in genotypes, computing gene-based tests and building masks...done (1776ms) 
     -computing association tests...done (12ms) 
     -computing joint association tests...done (0ms) 
 set [1053/1498] : RNU6-1192P - 7990 variants...
     -reading in genotypes, computing gene-based tests and building masks...done (38128ms) 
     -computing association tests...done (75ms) 
     -computing joint association tests...done (0ms) 
 set [1054/1498] : RNU6-1264P - 4419 variants...
     -reading in genotypes, computing gene-based tests and building masks...done (19758ms) 
     -computing association tests...done (14ms) 
     -computing joint association tests...done (0ms) 
 set [1055/1498] : RNU6-1313P - 1913 variants...
     -reading in genotypes, computing gene-based tests and building masks...done (3405ms) 
     -computing association tests...done (14ms) 
     -computing joint association tests...done (0ms) 
 set [1056/1498] : RNU6-131P - 2732 variants...
     -reading in genotypes, computing gene-based tests and building masks...done (4344ms) 
     -computing association tests...done (13ms) 
     -computing joint association tests...done (0ms) 
 set [1057/1498] : RNU6-227P - 34 variants...
     -reading in genotypes, computing gene-based tests and building masks...done (673ms) 
     -computing association tests...done (1ms) 
     -computing joint association tests...done (0ms) 
 set [1058/1498] : RNU6-233P - 4111 variants...
     -reading in genotypes, computing gene-based tests and building masks...done (6193ms) 
     -computing association tests...done (12ms) 
     -computing joint association tests...done (0ms) 
 set [1059/1498] : RNU6-287P - 41 variants...
     -reading in genotypes, computing gene-based tests and building masks...done (553ms) 
     -computing association tests...done (1ms) 
     -computing joint association tests...done (0ms) 
 set [1060/1498] : RNU6-362P - 3108 variants...
     -reading in genotypes, computing gene-based tests and building masks...done (4693ms) 
     -computing association tests...done (12ms) 
     -computing joint association tests...done (0ms) 
 set [1061/1498] : RNU6-450P - 2249 variants...
     -reading in genotypes, computing gene-based tests and building masks...done (6325ms) 
     -computing association tests...done (14ms) 
     -computing joint association tests...done (0ms) 
 set [1062/1498] : RNU6-470P - 4284 variants...
     -reading in genotypes, computing gene-based tests and building masks...done (6522ms) 
     -computing association tests...done (15ms) 
     -computing joint association tests...done (0ms) 
 set [1063/1498] : RNU6-489P - 5724 variants...
     -reading in genotypes, computing gene-based tests and building masks...done (18426ms) 
     -computing association tests...done (14ms) 
     -computing joint association tests...done (0ms) 
 set [1064/1498] : RNU6-938P - 1545 variants...
     -reading in genotypes, computing gene-based tests and building masks...done (2900ms) 
     -computing association tests...done (13ms) 
     -computing joint association tests...done (0ms) 
 set [1065/1498] : RNU6-955P - 35 variants...
     -reading in genotypes, computing gene-based tests and building masks...done (1504ms) 
     -computing association tests...done (1ms) 
     -computing joint association tests...done (0ms) 
 set [1066/1498] : RNU6-971P - 1042 variants...
     -reading in genotypes, computing gene-based tests and building masks...done (4365ms) 
     -computing association tests...done (8ms) 
     -computing joint association tests...done (0ms) 
 set [1067/1498] : RNU6-990P - 4366 variants...
     -reading in genotypes, computing gene-based tests and building masks...done (6805ms) 
     -computing association tests...done (15ms) 
     -computing joint association tests...done (0ms) 
 set [1068/1498] : RNU6ATAC7P - 1037 variants...
     -reading in genotypes, computing gene-based tests and building masks...done (2085ms) 
     -computing association tests...done (12ms) 
     -computing joint association tests...done (0ms) 
 set [1069/1498] : RNU7-115P - 22 variants...
     -reading in genotypes, computing gene-based tests and building masks...done (1041ms) 
     -computing association tests...done (1ms) 
     -computing joint association tests...done (0ms) 
 set [1070/1498] : RNU7-134P - 342 variants...
     -reading in genotypes, computing gene-based tests and building masks...done (1284ms) 
     -computing association tests...done (74ms) 
     -computing joint association tests...done (0ms) 
 set [1071/1498] : RNU7-155P - 4819 variants...
     -reading in genotypes, computing gene-based tests and building masks...done (7611ms) 
     -computing association tests...done (14ms) 
     -computing joint association tests...done (0ms) 
 set [1072/1498] : RNU7-97P - 15 variants...
     -reading in genotypes, computing gene-based tests and building masks...done (1212ms) 
     -computing association tests...done (1ms) 
     -computing joint association tests...done (0ms) 
 set [1073/1498] : ROCR - 87478 variants...
     -reading in genotypes, computing gene-based tests and building masks...done (219700ms) 
     -computing association tests...done (17ms) 
     -computing joint association tests...done (0ms) 
 set [1074/1498] : RPA1 - 34262 variants...
     -reading in genotypes, computing gene-based tests and building masks...done (64773ms) 
     -computing association tests...done (19ms) 
     -computing joint association tests...done (0ms) 
 set [1075/1498] : RPAIN - 5105 variants...
     -reading in genotypes, computing gene-based tests and building masks...done (9579ms) 
     -computing association tests...done (20ms) 
     -computing joint association tests...done (0ms) 
 set [1076/1498] : RPH3AL - 125788 variants...
     -reading in genotypes, computing gene-based tests and building masks...done (1951799ms) 
     -computing association tests...done (22ms) 
     -computing joint association tests...done (0ms) 
 set [1077/1498] : RPH3AL-AS2 - 3605 variants...
     -reading in genotypes, computing gene-based tests and building masks...done (10262ms) 
     -computing association tests...done (15ms) 
     -computing joint association tests...done (0ms) 
 set [1078/1498] : RPL12P37 - 2711 variants...
     -reading in genotypes, computing gene-based tests and building masks...done (7367ms) 
     -computing association tests...done (15ms) 
     -computing joint association tests...done (0ms) 
 set [1079/1498] : RPL13P12 - 3800 variants...
     -reading in genotypes, computing gene-based tests and building masks...done (5739ms) 
     -computing association tests...done (14ms) 
     -computing joint association tests...done (0ms) 
 set [1080/1498] : RPL15P21 - 242 variants...
     -reading in genotypes, computing gene-based tests and building masks...done (647ms) 
     -computing association tests...done (2ms) 
     -computing joint association tests...done (0ms) 
 set [1081/1498] : RPL17P41 - 4053 variants...
     -reading in genotypes, computing gene-based tests and building masks...done (6237ms) 
     -computing association tests...done (17ms) 
     -computing joint association tests...done (0ms) 
 set [1082/1498] : RPL17P43 - 240 variants...
     -reading in genotypes, computing gene-based tests and building masks...done (727ms) 
     -computing association tests...done (5ms) 
     -computing joint association tests...done (0ms) 
 set [1083/1498] : RPL19 - 1487 variants...
     -reading in genotypes, computing gene-based tests and building masks...done (7317ms) 
     -computing association tests...done (19ms) 
     -computing joint association tests...done (0ms) 
 set [1084/1498] : RPL21P120 - 171 variants...
     -reading in genotypes, computing gene-based tests and building masks...done (678ms) 
     -computing association tests...done (1ms) 
     -computing joint association tests...done (0ms) 
 set [1085/1498] : RPL23 - 7971 variants...
     -reading in genotypes, computing gene-based tests and building masks...done (15588ms) 
     -computing association tests...done (18ms) 
     -computing joint association tests...done (0ms) 
 set [1086/1498] : RPL23A - 2374 variants...
     -reading in genotypes, computing gene-based tests and building masks...done (6006ms) 
     -computing association tests...done (74ms) 
     -computing joint association tests...done (0ms) 
 set [1087/1498] : RPL23AP73 - 661 variants...
     -reading in genotypes, computing gene-based tests and building masks...done (1499ms) 
     -computing association tests...done (16ms) 
     -computing joint association tests...done (0ms) 
 set [1088/1498] : RPL23AP76 - 66 variants...
     -reading in genotypes, computing gene-based tests and building masks...done (4250ms) 
     -computing association tests...done (1ms) 
     -computing joint association tests...done (0ms) 
 set [1089/1498] : RPL23AP87 - 26034 variants...
     -reading in genotypes, computing gene-based tests and building masks...done (227096ms) 
     -computing association tests...done (42ms) 
     -computing joint association tests...done (0ms) 
 set [1090/1498] : RPL26 - 7541 variants...
     -reading in genotypes, computing gene-based tests and building masks...done (18797ms) 
     -computing association tests...done (17ms) 
     -computing joint association tests...done (0ms) 
 set [1091/1498] : RPL27 - 6599 variants...
     -reading in genotypes, computing gene-based tests and building masks...done (16392ms) 
     -computing association tests...done (72ms) 
     -computing joint association tests...done (0ms) 
 set [1092/1498] : RPL31P57 - 170 variants...
     -reading in genotypes, computing gene-based tests and building masks...done (4858ms) 
     -computing association tests...done (1ms) 
     -computing joint association tests...done (0ms) 
 set [1093/1498] : RPL32P31 - 3395 variants...
     -reading in genotypes, computing gene-based tests and building masks...done (5266ms) 
     -computing association tests...done (10ms) 
     -computing joint association tests...done (0ms) 
 set [1094/1498] : RPL32P33 - 1989 variants...
     -reading in genotypes, computing gene-based tests and building masks...done (7112ms) 
     -computing association tests...done (14ms) 
     -computing joint association tests...done (0ms) 
 set [1095/1498] : RPL34P31 - 2506 variants...
     -reading in genotypes, computing gene-based tests and building masks...done (3803ms) 
     -computing association tests...done (13ms) 
     -computing joint association tests...done (0ms) 
 set [1096/1498] : RPL35AP35 - 119 variants...
     -reading in genotypes, computing gene-based tests and building masks...done (684ms) 
     -computing association tests...done (2ms) 
     -computing joint association tests...done (0ms) 
 set [1097/1498] : RPL36AP47 - 108 variants...
     -reading in genotypes, computing gene-based tests and building masks...done (477ms) 
     -computing association tests...done (1ms) 
     -computing joint association tests...done (0ms) 
 set [1098/1498] : RPL38 - 6127 variants...
     -reading in genotypes, computing gene-based tests and building masks...done (16435ms) 
     -computing association tests...done (16ms) 
     -computing joint association tests...done (0ms) 
 set [1099/1498] : RPL39P33 - 3811 variants...
     -reading in genotypes, computing gene-based tests and building masks...done (7534ms) 
     -computing association tests...done (12ms) 
     -computing joint association tests...done (0ms) 
 set [1100/1498] : RPL5P33 - 2591 variants...
     -reading in genotypes, computing gene-based tests and building masks...done (5678ms) 
     -computing association tests...done (14ms) 
     -computing joint association tests...done (0ms) 
 set [1101/1498] : RPL7AP64 - 886 variants...
     -reading in genotypes, computing gene-based tests and building masks...done (1820ms) 
     -computing association tests...done (14ms) 
     -computing joint association tests...done (0ms) 
 set [1102/1498] : RPL7P48 - 289 variants...
     -reading in genotypes, computing gene-based tests and building masks...done (6339ms) 
     -computing association tests...done (5ms) 
     -computing joint association tests...done (0ms) 
 set [1103/1498] : RPL9P28 - 212 variants...
     -reading in genotypes, computing gene-based tests and building masks...done (547ms) 
     -computing association tests...done (7ms) 
     -computing joint association tests...done (0ms) 
 set [1104/1498] : RPL9P29 - 663 variants...
     -reading in genotypes, computing gene-based tests and building masks...done (3540ms) 
     -computing association tests...done (9ms) 
     -computing joint association tests...done (0ms) 
 set [1105/1498] : RPRML - 5619 variants...
     -reading in genotypes, computing gene-based tests and building masks...done (13472ms) 
     -computing association tests...done (19ms) 
     -computing joint association tests...done (0ms) 
 set [1106/1498] : RPS16P8 - 4175 variants...
     -reading in genotypes, computing gene-based tests and building masks...done (6986ms) 
     -computing association tests...done (13ms) 
     -computing joint association tests...done (0ms) 
 set [1107/1498] : RPS18P12 - 5210 variants...
     -reading in genotypes, computing gene-based tests and building masks...done (18531ms) 
     -computing association tests...done (15ms) 
     -computing joint association tests...done (0ms) 
 set [1108/1498] : RPS27AP1 - 4767 variants...
     -reading in genotypes, computing gene-based tests and building masks...done (11201ms) 
     -computing association tests...done (15ms) 
     -computing joint association tests...done (0ms) 
 set [1109/1498] : RPS2P46 - 466 variants...
     -reading in genotypes, computing gene-based tests and building masks...done (8677ms) 
     -computing association tests...done (3ms) 
     -computing joint association tests...done (0ms) 
 set [1110/1498] : RPS2P48 - 506 variants...
     -reading in genotypes, computing gene-based tests and building masks...done (1356ms) 
     -computing association tests...done (9ms) 
     -computing joint association tests...done (0ms) 
 set [1111/1498] : RPS6KB1 - 22242 variants...
     -reading in genotypes, computing gene-based tests and building masks...done (44895ms) 
     -computing association tests...done (220ms) 
     -computing joint association tests...done (0ms) 
 set [1112/1498] : RPS7P1 - 2224 variants...
     -reading in genotypes, computing gene-based tests and building masks...done (3587ms) 
     -computing association tests...done (9ms) 
     -computing joint association tests...done (0ms) 
 set [1113/1498] : RPSAP66 - 228 variants...
     -reading in genotypes, computing gene-based tests and building masks...done (1473ms) 
     -computing association tests...done (8ms) 
     -computing joint association tests...done (0ms) 
 set [1114/1498] : RPSAP67 - 5522 variants...
     -reading in genotypes, computing gene-based tests and building masks...done (12079ms) 
     -computing association tests...done (16ms) 
     -computing joint association tests...done (0ms) 
 set [1115/1498] : RPTOR - 225170 variants...
     -reading in genotypes, computing gene-based tests and building masks...done (1385834ms) 
     -computing association tests...done (151ms) 
     -computing joint association tests...done (0ms) 
 set [1116/1498] : RSAD1 - 6929 variants...
     -reading in genotypes, computing gene-based tests and building masks...done (11636ms) 
     -computing association tests...done (18ms) 
     -computing joint association tests...done (0ms) 
 set [1117/1498] : RSKR - 12500 variants...
     -reading in genotypes, computing gene-based tests and building masks...done (113490ms) 
     -computing association tests...done (33ms) 
     -computing joint association tests...done (0ms) 
 set [1118/1498] : RTN4RL1 - 52695 variants...
     -reading in genotypes, computing gene-based tests and building masks...done (102950ms) 
     -computing association tests...done (24ms) 
     -computing joint association tests...done (0ms) 
 set [1119/1498] : RUNDC1 - 8440 variants...
     -reading in genotypes, computing gene-based tests and building masks...done (13295ms) 
     -computing association tests...done (126ms) 
     -computing joint association tests...done (0ms) 
 set [1120/1498] : RUNDC3A - 9405 variants...
     -reading in genotypes, computing gene-based tests and building masks...done (16283ms) 
     -computing association tests...done (17ms) 
     -computing joint association tests...done (0ms) 
 set [1121/1498] : RUNDC3A-AS1 - 3558 variants...
     -reading in genotypes, computing gene-based tests and building masks...done (4897ms) 
     -computing association tests...done (15ms) 
     -computing joint association tests...done (0ms) 
 set [1122/1498] : SAMD14 - 10387 variants...
     -reading in genotypes, computing gene-based tests and building masks...done (18239ms) 
     -computing association tests...done (134ms) 
     -computing joint association tests...done (0ms) 
 set [1123/1498] : SAP30BP - 21049 variants...
     -reading in genotypes, computing gene-based tests and building masks...done (33993ms) 
     -computing association tests...done (16ms) 
     -computing joint association tests...done (0ms) 
 set [1124/1498] : SARM1 - 15507 variants...
     -reading in genotypes, computing gene-based tests and building masks...done (21976ms) 
     -computing association tests...done (74ms) 
     -computing joint association tests...done (0ms) 
 set [1125/1498] : SAT2 - 2670 variants...
     -reading in genotypes, computing gene-based tests and building masks...done (22246ms) 
     -computing association tests...done (15ms) 
     -computing joint association tests...done (0ms) 
 set [1126/1498] : SCARF1 - 6227 variants...
     -reading in genotypes, computing gene-based tests and building masks...done (10210ms) 
     -computing association tests...done (72ms) 
     -computing joint association tests...done (0ms) 
 set [1127/1498] : SCAT1 - 19343 variants...
     -reading in genotypes, computing gene-based tests and building masks...done (39539ms) 
     -computing association tests...done (32ms) 
     -computing joint association tests...done (0ms) 
 set [1128/1498] : SCDP1 - 453 variants...
     -reading in genotypes, computing gene-based tests and building masks...done (1611ms) 
     -computing association tests...done (6ms) 
     -computing joint association tests...done (0ms) 
 set [1129/1498] : SCGB1C2 - 12632 variants...
     -reading in genotypes, computing gene-based tests and building masks...done (89323ms) 
     -computing association tests...done (19ms) 
     -computing joint association tests...done (0ms) 
 set [1130/1498] : SCIMP - 17696 variants...
     -reading in genotypes, computing gene-based tests and building masks...done (30673ms) 
     -computing association tests...done (82ms) 
     -computing joint association tests...done (0ms) 
 set [1131/1498] : SCN4A - 19249 variants...
     -reading in genotypes, computing gene-based tests and building masks...done (31215ms) 
     -computing association tests...done (20ms) 
     -computing joint association tests...done (0ms) 
 set [1132/1498] : SCO1 - 13405 variants...
     -reading in genotypes, computing gene-based tests and building masks...done (33242ms) 
     -computing association tests...done (35ms) 
     -computing joint association tests...done (0ms) 
 set [1133/1498] : SCPEP1 - 15400 variants...
     -reading in genotypes, computing gene-based tests and building masks...done (36095ms) 
     -computing association tests...done (151ms) 
     -computing joint association tests...done (0ms) 
 set [1134/1498] : SCRN2 - 3326 variants...
     -reading in genotypes, computing gene-based tests and building masks...done (8494ms) 
     -computing association tests...done (18ms) 
     -computing joint association tests...done (0ms) 
 set [1135/1498] : SDF2 - 6374 variants...
     -reading in genotypes, computing gene-based tests and building masks...done (12686ms) 
     -computing association tests...done (20ms) 
     -computing joint association tests...done (0ms) 
 set [1136/1498] : SDK2 - 148997 variants...
     -reading in genotypes, computing gene-based tests and building masks...done (452393ms) 
     -computing association tests...done (83ms) 
     -computing joint association tests...done (0ms) 
 set [1137/1498] : SEC14L1 - 54742 variants...
     -reading in genotypes, computing gene-based tests and building masks...done (101503ms) 
     -computing association tests...done (78ms) 
     -computing joint association tests...done (0ms) 
 set [1138/1498] : SECTM1 - 9560 variants...
     -reading in genotypes, computing gene-based tests and building masks...done (23165ms) 
     -computing association tests...done (17ms) 
     -computing joint association tests...done (0ms) 
 set [1139/1498] : SENP3 - 8172 variants...
     -reading in genotypes, computing gene-based tests and building masks...done (23589ms) 
     -computing association tests...done (36ms) 
     -computing joint association tests...done (0ms) 
 set [1140/1498] : SEPTIN4 - 12856 variants...
     -reading in genotypes, computing gene-based tests and building masks...done (21292ms) 
     -computing association tests...done (140ms) 
     -computing joint association tests...done (0ms) 
 set [1141/1498] : SEPTIN4-AS1 - 928 variants...
     -reading in genotypes, computing gene-based tests and building masks...done (1779ms) 
     -computing association tests...done (14ms) 
     -computing joint association tests...done (0ms) 
 set [1142/1498] : SEPTIN9 - 121843 variants...
     -reading in genotypes, computing gene-based tests and building masks...done (349806ms) 
     -computing association tests...done (76ms) 
     -computing joint association tests...done (0ms) 
 set [1143/1498] : SEPTIN9-DT - 9010 variants...
     -reading in genotypes, computing gene-based tests and building masks...done (17600ms) 
     -computing association tests...done (18ms) 
     -computing joint association tests...done (0ms) 
 set [1144/1498] : SERPINF1 - 10770 variants...
     -reading in genotypes, computing gene-based tests and building masks...done (20940ms) 
     -computing association tests...done (81ms) 
     -computing joint association tests...done (0ms) 
 set [1145/1498] : SERPINF2 - 7233 variants...
     -reading in genotypes, computing gene-based tests and building masks...done (17557ms) 
     -computing association tests...done (116ms) 
     -computing joint association tests...done (0ms) 
 set [1146/1498] : SEZ6 - 21761 variants...
     -reading in genotypes, computing gene-based tests and building masks...done (33481ms) 
     -computing association tests...done (82ms) 
     -computing joint association tests...done (0ms) 
 set [1147/1498] : SGCA - 8606 variants...
     -reading in genotypes, computing gene-based tests and building masks...done (14766ms) 
     -computing association tests...done (18ms) 
     -computing joint association tests...done (0ms) 
 set [1148/1498] : SGSH - 7317 variants...
     -reading in genotypes, computing gene-based tests and building masks...done (12014ms) 
     -computing association tests...done (82ms) 
     -computing joint association tests...done (0ms) 
 set [1149/1498] : SGSM2 - 19633 variants...
     -reading in genotypes, computing gene-based tests and building masks...done (42207ms) 
     -computing association tests...done (76ms) 
     -computing joint association tests...done (0ms) 
 set [1150/1498] : SH3GL1P2 - 2930 variants...
     -reading in genotypes, computing gene-based tests and building masks...done (10729ms) 
     -computing association tests...done (78ms) 
     -computing joint association tests...done (0ms) 
 set [1151/1498] : SHBG - 6203 variants...
     -reading in genotypes, computing gene-based tests and building masks...done (12037ms) 
     -computing association tests...done (73ms) 
     -computing joint association tests...done (0ms) 
 set [1152/1498] : SHC1P2 - 706 variants...
     -reading in genotypes, computing gene-based tests and building masks...done (6811ms) 
     -computing association tests...done (16ms) 
     -computing joint association tests...done (0ms) 
 set [1153/1498] : SHISA6 - 141506 variants...
     -reading in genotypes, computing gene-based tests and building masks...done (370504ms) 
     -computing association tests...done (19ms) 
     -computing joint association tests...done (0ms) 
 set [1154/1498] : SHMT1 - 20192 variants...
     -reading in genotypes, computing gene-based tests and building masks...done (42818ms) 
     -computing association tests...done (20ms) 
     -computing joint association tests...done (0ms) 
 set [1155/1498] : SHPK - 14586 variants...
     -reading in genotypes, computing gene-based tests and building masks...done (26242ms) 
     -computing association tests...done (74ms) 
     -computing joint association tests...done (0ms) 
 set [1156/1498] : SIRT7 - 3418 variants...
     -reading in genotypes, computing gene-based tests and building masks...done (8388ms) 
     -computing association tests...done (29ms) 
     -computing joint association tests...done (0ms) 
 set [1157/1498] : SKA2 - 18458 variants...
     -reading in genotypes, computing gene-based tests and building masks...done (28593ms) 
     -computing association tests...done (115ms) 
     -computing joint association tests...done (0ms) 
 set [1158/1498] : SKAP1 - 113878 variants...
     -reading in genotypes, computing gene-based tests and building masks...done (280734ms) 
     -computing association tests...done (134ms) 
     -computing joint association tests...done (0ms) 
 set [1159/1498] : SLC13A2 - 13292 variants...
     -reading in genotypes, computing gene-based tests and building masks...done (19441ms) 
     -computing association tests...done (18ms) 
     -computing joint association tests...done (0ms) 
 set [1160/1498] : SLC13A5 - 17128 variants...
     -reading in genotypes, computing gene-based tests and building masks...done (31871ms) 
     -computing association tests...done (31ms) 
     -computing joint association tests...done (0ms) 
 set [1161/1498] : SLC16A11 - 1699 variants...
     -reading in genotypes, computing gene-based tests and building masks...done (4972ms) 
     -computing association tests...done (11ms) 
     -computing joint association tests...done (0ms) 
 set [1162/1498] : SLC16A13 - 7330 variants...
     -reading in genotypes, computing gene-based tests and building masks...done (14699ms) 
     -computing association tests...done (106ms) 
     -computing joint association tests...done (0ms) 
 set [1163/1498] : SLC16A3 - 14813 variants...
     -reading in genotypes, computing gene-based tests and building masks...done (22065ms) 
     -computing association tests...done (20ms) 
     -computing joint association tests...done (0ms) 
 set [1164/1498] : SLC16A5 - 10095 variants...
     -reading in genotypes, computing gene-based tests and building masks...done (16274ms) 
     -computing association tests...done (84ms) 
     -computing joint association tests...done (0ms) 
 set [1165/1498] : SLC16A6 - 14672 variants...
     -reading in genotypes, computing gene-based tests and building masks...done (24729ms) 
     -computing association tests...done (179ms) 
     -computing joint association tests...done (0ms) 
 set [1166/1498] : SLC25A10 - 6928 variants...
     -reading in genotypes, computing gene-based tests and building masks...done (11373ms) 
     -computing association tests...done (19ms) 
     -computing joint association tests...done (0ms) 
 set [1167/1498] : SLC25A11 - 3786 variants...
     -reading in genotypes, computing gene-based tests and building masks...done (6222ms) 
     -computing association tests...done (20ms) 
     -computing joint association tests...done (0ms) 
 set [1168/1498] : SLC25A19 - 12786 variants...
     -reading in genotypes, computing gene-based tests and building masks...done (23003ms) 
     -computing association tests...done (141ms) 
     -computing joint association tests...done (0ms) 
 set [1169/1498] : SLC25A35 - 4857 variants...
     -reading in genotypes, computing gene-based tests and building masks...done (11306ms) 
     -computing association tests...done (17ms) 
     -computing joint association tests...done (0ms) 
 set [1170/1498] : SLC25A39 - 3409 variants...
     -reading in genotypes, computing gene-based tests and building masks...done (4847ms) 
     -computing association tests...done (12ms) 
     -computing joint association tests...done (0ms) 
 set [1171/1498] : SLC26A11 - 18194 variants...
     -reading in genotypes, computing gene-based tests and building masks...done (32572ms) 
     -computing association tests...done (79ms) 
     -computing joint association tests...done (0ms) 
 set [1172/1498] : SLC2A4 - 5131 variants...
     -reading in genotypes, computing gene-based tests and building masks...done (9738ms) 
     -computing association tests...done (128ms) 
     -computing joint association tests...done (0ms) 
 set [1173/1498] : SLC35B1 - 3572 variants...
     -reading in genotypes, computing gene-based tests and building masks...done (8281ms) 
     -computing association tests...done (124ms) 
     -computing joint association tests...done (0ms) 
 set [1174/1498] : SLC35G3 - 5808 variants...
     -reading in genotypes, computing gene-based tests and building masks...done (16663ms) 
     -computing association tests...done (17ms) 
     -computing joint association tests...done (0ms) 
 set [1175/1498] : SLC35G6 - 3321 variants...
     -reading in genotypes, computing gene-based tests and building masks...done (7921ms) 
     -computing association tests...done (18ms) 
     -computing joint association tests...done (0ms) 
 set [1176/1498] : SLC38A10 - 26167 variants...
     -reading in genotypes, computing gene-based tests and building masks...done (42191ms) 
     -computing association tests...done (116ms) 
     -computing joint association tests...done (0ms) 
 set [1177/1498] : SLC39A11 - 219076 variants...
     -reading in genotypes, computing gene-based tests and building masks...done (1199543ms) 
     -computing association tests...done (21ms) 
     -computing joint association tests...done (0ms) 
 set [1178/1498] : SLC43A2 - 33073 variants...
     -reading in genotypes, computing gene-based tests and building masks...done (65713ms) 
     -computing association tests...done (18ms) 
     -computing joint association tests...done (0ms) 
 set [1179/1498] : SLC46A1 - 794 variants...
     -reading in genotypes, computing gene-based tests and building masks...done (1545ms) 
     -computing association tests...done (5ms) 
     -computing joint association tests...done (0ms) 
 set [1180/1498] : SLC47A1 - 33234 variants...
     -reading in genotypes, computing gene-based tests and building masks...done (63089ms) 
     -computing association tests...done (120ms) 
     -computing joint association tests...done (0ms) 
 set [1181/1498] : SLC47A1P2 - 52 variants...
     -reading in genotypes, computing gene-based tests and building masks...done (2513ms) 
     -computing association tests...done (2ms) 
     -computing joint association tests...done (0ms) 
 set [1182/1498] : SLC47A2 - 19418 variants...
     -reading in genotypes, computing gene-based tests and building masks...done (33076ms) 
     -computing association tests...done (19ms) 
     -computing joint association tests...done (0ms) 
 set [1183/1498] : SLC4A1 - 13828 variants...
     -reading in genotypes, computing gene-based tests and building masks...done (23788ms) 
     -computing association tests...done (74ms) 
     -computing joint association tests...done (0ms) 
 set [1184/1498] : SLC52A1 - 11165 variants...
     -reading in genotypes, computing gene-based tests and building masks...done (24617ms) 
     -computing association tests...done (20ms) 
     -computing joint association tests...done (0ms) 
 set [1185/1498] : SLC5A10 - 31942 variants...
     -reading in genotypes, computing gene-based tests and building masks...done (55948ms) 
     -computing association tests...done (74ms) 
     -computing joint association tests...done (0ms) 
 set [1186/1498] : SLC6A4 - 21639 variants...
     -reading in genotypes, computing gene-based tests and building masks...done (40644ms) 
     -computing association tests...done (20ms) 
     -computing joint association tests...done (0ms) 
 set [1187/1498] : SLFN11 - 14776 variants...
     -reading in genotypes, computing gene-based tests and building masks...done (27341ms) 
     -computing association tests...done (98ms) 
     -computing joint association tests...done (0ms) 
 set [1188/1498] : SLFN12 - 12761 variants...
     -reading in genotypes, computing gene-based tests and building masks...done (19247ms) 
     -computing association tests...done (20ms) 
     -computing joint association tests...done (0ms) 
 set [1189/1498] : SLFN12L - 35600 variants...
     -reading in genotypes, computing gene-based tests and building masks...done (68460ms) 
     -computing association tests...done (84ms) 
     -computing joint association tests...done (0ms) 
 set [1190/1498] : SLFN13 - 7729 variants...
     -reading in genotypes, computing gene-based tests and building masks...done (12839ms) 
     -computing association tests...done (24ms) 
     -computing joint association tests...done (0ms) 
 set [1191/1498] : SLFN14 - 12790 variants...
     -reading in genotypes, computing gene-based tests and building masks...done (22577ms) 
     -computing association tests...done (82ms) 
     -computing joint association tests...done (0ms) 
 set [1192/1498] : SLFN5 - 16384 variants...
     -reading in genotypes, computing gene-based tests and building masks...done (29608ms) 
     -computing association tests...done (70ms) 
     -computing joint association tests...done (0ms) 
 set [1193/1498] : SMARCD2 - 6649 variants...
     -reading in genotypes, computing gene-based tests and building masks...done (11956ms) 
     -computing association tests...done (16ms) 
     -computing joint association tests...done (0ms) 
 set [1194/1498] : SMARCE1 - 12453 variants...
     -reading in genotypes, computing gene-based tests and building masks...done (19060ms) 
     -computing association tests...done (21ms) 
     -computing joint association tests...done (0ms) 
 set [1195/1498] : SMCO4P1 - 2377 variants...
     -reading in genotypes, computing gene-based tests and building masks...done (4028ms) 
     -computing association tests...done (16ms) 
     -computing joint association tests...done (0ms) 
 set [1196/1498] : SMCR2 - 3084 variants...
     -reading in genotypes, computing gene-based tests and building masks...done (7378ms) 
     -computing association tests...done (13ms) 
     -computing joint association tests...done (0ms) 
 set [1197/1498] : SMCR8 - 5458 variants...
     -reading in genotypes, computing gene-based tests and building masks...done (9131ms) 
     -computing association tests...done (82ms) 
     -computing joint association tests...done (0ms) 
 set [1198/1498] : SMG6 - 118576 variants...
     -reading in genotypes, computing gene-based tests and building masks...done (340827ms) 
     -computing association tests...done (21ms) 
     -computing joint association tests...done (0ms) 
 set [1199/1498] : SMG8 - 5443 variants...
     -reading in genotypes, computing gene-based tests and building masks...done (16682ms) 
     -computing association tests...done (76ms) 
     -computing joint association tests...done (0ms) 
 set [1200/1498] : SMIM36 - 38115 variants...
     -reading in genotypes, computing gene-based tests and building masks...done (183285ms) 
     -computing association tests...done (40ms) 
     -computing joint association tests...done (0ms) 
 set [1201/1498] : SMIM5 - 717 variants...
     -reading in genotypes, computing gene-based tests and building masks...done (2880ms) 
     -computing association tests...done (9ms) 
     -computing joint association tests...done (0ms) 
 set [1202/1498] : SMIM6 - 520 variants...
     -reading in genotypes, computing gene-based tests and building masks...done (2719ms) 
     -computing association tests...done (11ms) 
     -computing joint association tests...done (0ms) 
 set [1203/1498] : SMTNL2 - 16237 variants...
     -reading in genotypes, computing gene-based tests and building masks...done (37960ms) 
     -computing association tests...done (22ms) 
     -computing joint association tests...done (0ms) 
 set [1204/1498] : SMURF2 - 57129 variants...
     -reading in genotypes, computing gene-based tests and building masks...done (144544ms) 
     -computing association tests...done (22ms) 
     -computing joint association tests...done (0ms) 
 set [1205/1498] : SMYD4 - 28025 variants...
     -reading in genotypes, computing gene-based tests and building masks...done (56633ms) 
     -computing association tests...done (119ms) 
     -computing joint association tests...done (0ms) 
 set [1206/1498] : SNF8 - 7724 variants...
     -reading in genotypes, computing gene-based tests and building masks...done (22962ms) 
     -computing association tests...done (17ms) 
     -computing joint association tests...done (0ms) 
 set [1207/1498] : SNHG16 - 24853 variants...
     -reading in genotypes, computing gene-based tests and building masks...done (50845ms) 
     -computing association tests...done (18ms) 
     -computing joint association tests...done (0ms) 
 set [1208/1498] : SNHG20 - 10339 variants...
     -reading in genotypes, computing gene-based tests and building masks...done (18663ms) 
     -computing association tests...done (44ms) 
     -computing joint association tests...done (0ms) 
 set [1209/1498] : SNHG25 - 655 variants...
     -reading in genotypes, computing gene-based tests and building masks...done (3374ms) 
     -computing association tests...done (10ms) 
     -computing joint association tests...done (0ms) 
 set [1210/1498] : SNHG30 - 1386 variants...
     -reading in genotypes, computing gene-based tests and building masks...done (2413ms) 
     -computing association tests...done (15ms) 
     -computing joint association tests...done (0ms) 
 set [1211/1498] : SNORA70 - 128 variants...
     -reading in genotypes, computing gene-based tests and building masks...done (2118ms) 
     -computing association tests...done (1ms) 
     -computing joint association tests...done (0ms) 
 set [1212/1498] : SNORA74 - 3771 variants...
     -reading in genotypes, computing gene-based tests and building masks...done (11337ms) 
     -computing association tests...done (14ms) 
     -computing joint association tests...done (0ms) 
 set [1213/1498] : SNORD3A - 1304 variants...
     -reading in genotypes, computing gene-based tests and building masks...done (18334ms) 
     -computing association tests...done (10ms) 
     -computing joint association tests...done (0ms) 
 set [1214/1498] : SNORD3B-1 - 1800 variants...
     -reading in genotypes, computing gene-based tests and building masks...done (37502ms) 
     -computing association tests...done (115ms) 
     -computing joint association tests...done (0ms) 
 set [1215/1498] : SNORD3B-2 - 2159 variants...
     -reading in genotypes, computing gene-based tests and building masks...done (14436ms) 
     -computing association tests...done (11ms) 
     -computing joint association tests...done (0ms) 
 set [1216/1498] : SNORD3C - 1881 variants...
     -reading in genotypes, computing gene-based tests and building masks...done (13274ms) 
     -computing association tests...done (70ms) 
     -computing joint association tests...done (0ms) 
 set [1217/1498] : SNORD3D - 220 variants...
     -reading in genotypes, computing gene-based tests and building masks...done (2586ms) 
     -computing association tests...done (11ms) 
     -computing joint association tests...done (0ms) 
 set [1218/1498] : SNRPGP17 - 3216 variants...
     -reading in genotypes, computing gene-based tests and building masks...done (5108ms) 
     -computing association tests...done (13ms) 
     -computing joint association tests...done (0ms) 
 set [1219/1498] : SNX11 - 11400 variants...
     -reading in genotypes, computing gene-based tests and building masks...done (18958ms) 
     -computing association tests...done (159ms) 
     -computing joint association tests...done (0ms) 
 set [1220/1498] : SOCS3 - 7149 variants...
     -reading in genotypes, computing gene-based tests and building masks...done (14611ms) 
     -computing association tests...done (17ms) 
     -computing joint association tests...done (0ms) 
 set [1221/1498] : SOCS3-DT - 3553 variants...
     -reading in genotypes, computing gene-based tests and building masks...done (7243ms) 
     -computing association tests...done (21ms) 
     -computing joint association tests...done (0ms) 
 set [1222/1498] : SOCS7 - 47300 variants...
     -reading in genotypes, computing gene-based tests and building masks...done (97582ms) 
     -computing association tests...done (18ms) 
     -computing joint association tests...done (0ms) 
 set [1223/1498] : SOST - 6334 variants...
     -reading in genotypes, computing gene-based tests and building masks...done (9392ms) 
     -computing association tests...done (17ms) 
     -computing joint association tests...done (0ms) 
 set [1224/1498] : SOX15 - 1530 variants...
     -reading in genotypes, computing gene-based tests and building masks...done (5473ms) 
     -computing association tests...done (98ms) 
     -computing joint association tests...done (0ms) 
 set [1225/1498] : SOX9 - 7364 variants...
     -reading in genotypes, computing gene-based tests and building masks...done (20543ms) 
     -computing association tests...done (17ms) 
     -computing joint association tests...done (0ms) 
 set [1226/1498] : SOX9-AS1 - 63805 variants...
     -reading in genotypes, computing gene-based tests and building masks...done (183983ms) 
     -computing association tests...done (18ms) 
     -computing joint association tests...done (0ms) 
 set [1227/1498] : SP2 - 16838 variants...
     -reading in genotypes, computing gene-based tests and building masks...done (24640ms) 
     -computing association tests...done (17ms) 
     -computing joint association tests...done (0ms) 
 set [1228/1498] : SP2-AS1 - 8839 variants...
     -reading in genotypes, computing gene-based tests and building masks...done (13330ms) 
     -computing association tests...done (91ms) 
     -computing joint association tests...done (0ms) 
 set [1229/1498] : SP6 - 4808 variants...
     -reading in genotypes, computing gene-based tests and building masks...done (8709ms) 
     -computing association tests...done (18ms) 
     -computing joint association tests...done (0ms) 
 set [1230/1498] : SPACA3 - 17054 variants...
     -reading in genotypes, computing gene-based tests and building masks...done (28291ms) 
     -computing association tests...done (21ms) 
     -computing joint association tests...done (0ms) 
 set [1231/1498] : SPAG5 - 12409 variants...
     -reading in genotypes, computing gene-based tests and building masks...done (24183ms) 
     -computing association tests...done (19ms) 
     -computing joint association tests...done (0ms) 
 set [1232/1498] : SPAG7 - 8821 variants...
     -reading in genotypes, computing gene-based tests and building masks...done (17898ms) 
     -computing association tests...done (19ms) 
     -computing joint association tests...done (0ms) 
 set [1233/1498] : SPAG9 - 74849 variants...
     -reading in genotypes, computing gene-based tests and building masks...done (178891ms) 
     -computing association tests...done (135ms) 
     -computing joint association tests...done (0ms) 
 set [1234/1498] : SPATA20 - 3050 variants...
     -reading in genotypes, computing gene-based tests and building masks...done (7482ms) 
     -computing association tests...done (150ms) 
     -computing joint association tests...done (0ms) 
 set [1235/1498] : SPATA22 - 18344 variants...
     -reading in genotypes, computing gene-based tests and building masks...done (28109ms) 
     -computing association tests...done (62ms) 
     -computing joint association tests...done (0ms) 
 set [1236/1498] : SPATA32 - 5510 variants...
     -reading in genotypes, computing gene-based tests and building masks...done (11592ms) 
     -computing association tests...done (19ms) 
     -computing joint association tests...done (0ms) 
 set [1237/1498] : SPDYE4 - 5338 variants...
     -reading in genotypes, computing gene-based tests and building masks...done (9028ms) 
     -computing association tests...done (18ms) 
     -computing joint association tests...done (0ms) 
 set [1238/1498] : SPECC1 - 141069 variants...
     -reading in genotypes, computing gene-based tests and building masks...done (444540ms) 
     -computing association tests...done (105ms) 
     -computing joint association tests...done (0ms) 
 set [1239/1498] : SPECC1-DT - 481 variants...
     -reading in genotypes, computing gene-based tests and building masks...done (1283ms) 
     -computing association tests...done (8ms) 
     -computing joint association tests...done (0ms) 
 set [1240/1498] : SPECC1P1 - 30203 variants...
     -reading in genotypes, computing gene-based tests and building masks...done (86976ms) 
     -computing association tests...done (19ms) 
     -computing joint association tests...done (0ms) 
 set [1241/1498] : SPEM1 - 789 variants...
     -reading in genotypes, computing gene-based tests and building masks...done (4920ms) 
     -computing association tests...done (143ms) 
     -computing joint association tests...done (0ms) 
 set [1242/1498] : SPEM2 - 4113 variants...
     -reading in genotypes, computing gene-based tests and building masks...done (8574ms) 
     -computing association tests...done (117ms) 
     -computing joint association tests...done (0ms) 
 set [1243/1498] : SPHK1 - 6878 variants...
     -reading in genotypes, computing gene-based tests and building masks...done (14775ms) 
     -computing association tests...done (16ms) 
     -computing joint association tests...done (0ms) 
 set [1244/1498] : SPMAP1 - 9102 variants...
     -reading in genotypes, computing gene-based tests and building masks...done (15334ms) 
     -computing association tests...done (83ms) 
     -computing joint association tests...done (0ms) 
 set [1245/1498] : SPNS2 - 26881 variants...
     -reading in genotypes, computing gene-based tests and building masks...done (50355ms) 
     -computing association tests...done (114ms) 
     -computing joint association tests...done (0ms) 
 set [1246/1498] : SPNS2-AS1 - 359 variants...
     -reading in genotypes, computing gene-based tests and building masks...done (746ms) 
     -computing association tests...done (2ms) 
     -computing joint association tests...done (0ms) 
 set [1247/1498] : SPNS3 - 39567 variants...
     -reading in genotypes, computing gene-based tests and building masks...done (246866ms) 
     -computing association tests...done (33ms) 
     -computing joint association tests...done (0ms) 
 set [1248/1498] : SPOP - 34640 variants...
     -reading in genotypes, computing gene-based tests and building masks...done (63047ms) 
     -computing association tests...done (84ms) 
     -computing joint association tests...done (0ms) 
 set [1249/1498] : SPPL2C - 4659 variants...
     -reading in genotypes, computing gene-based tests and building masks...done (11251ms) 
     -computing association tests...done (74ms) 
     -computing joint association tests...done (0ms) 
 set [1250/1498] : SRCIN1 - 36408 variants...
     -reading in genotypes, computing gene-based tests and building masks...done (60462ms) 
     -computing association tests...done (84ms) 
     -computing joint association tests...done (0ms) 
 set [1251/1498] : SREBF1 - 10393 variants...
     -reading in genotypes, computing gene-based tests and building masks...done (16711ms) 
     -computing association tests...done (153ms) 
     -computing joint association tests...done (0ms) 
 set [1252/1498] : SRP68 - 20342 variants...
     -reading in genotypes, computing gene-based tests and building masks...done (38816ms) 
     -computing association tests...done (23ms) 
     -computing joint association tests...done (0ms) 
 set [1253/1498] : SRP68P2 - 6469 variants...
     -reading in genotypes, computing gene-based tests and building masks...done (29275ms) 
     -computing association tests...done (30ms) 
     -computing joint association tests...done (0ms) 
 set [1254/1498] : SRP68P3 - 611 variants...
     -reading in genotypes, computing gene-based tests and building masks...done (1386ms) 
     -computing association tests...done (8ms) 
     -computing joint association tests...done (0ms) 
 set [1255/1498] : SRR - 9566 variants...
     -reading in genotypes, computing gene-based tests and building masks...done (16873ms) 
     -computing association tests...done (21ms) 
     -computing joint association tests...done (0ms) 
 set [1256/1498] : SRSF1 - 7628 variants...
     -reading in genotypes, computing gene-based tests and building masks...done (13818ms) 
     -computing association tests...done (16ms) 
     -computing joint association tests...done (0ms) 
 set [1257/1498] : SRSF2 - 4428 variants...
     -reading in genotypes, computing gene-based tests and building masks...done (9376ms) 
     -computing association tests...done (33ms) 
     -computing joint association tests...done (0ms) 
 set [1258/1498] : SRSF6P2 - 1367 variants...
     -reading in genotypes, computing gene-based tests and building masks...done (6254ms) 
     -computing association tests...done (13ms) 
     -computing joint association tests...done (0ms) 
 set [1259/1498] : SSH2 - 128354 variants...
     -reading in genotypes, computing gene-based tests and building masks...done (401499ms) 
     -computing association tests...done (24ms) 
     -computing joint association tests...done (0ms) 
 set [1260/1498] : SSTR2 - 9358 variants...
     -reading in genotypes, computing gene-based tests and building masks...done (14438ms) 
     -computing association tests...done (111ms) 
     -computing joint association tests...done (0ms) 
 set [1261/1498] : ST6GALNAC1 - 13526 variants...
     -reading in genotypes, computing gene-based tests and building masks...done (22086ms) 
     -computing association tests...done (20ms) 
     -computing joint association tests...done (0ms) 
 set [1262/1498] : ST6GALNAC2 - 14997 variants...
     -reading in genotypes, computing gene-based tests and building masks...done (26240ms) 
     -computing association tests...done (18ms) 
     -computing joint association tests...done (0ms) 
 set [1263/1498] : STAC2 - 11674 variants...
     -reading in genotypes, computing gene-based tests and building masks...done (18690ms) 
     -computing association tests...done (17ms) 
     -computing joint association tests...done (0ms) 
 set [1264/1498] : STARD3 - 11599 variants...
     -reading in genotypes, computing gene-based tests and building masks...done (17389ms) 
     -computing association tests...done (128ms) 
     -computing joint association tests...done (0ms) 
 set [1265/1498] : STAT3 - 30738 variants...
     -reading in genotypes, computing gene-based tests and building masks...done (57227ms) 
     -computing association tests...done (20ms) 
     -computing joint association tests...done (0ms) 
 set [1266/1498] : STAT5A - 14012 variants...
     -reading in genotypes, computing gene-based tests and building masks...done (21286ms) 
     -computing association tests...done (20ms) 
     -computing joint association tests...done (0ms) 
 set [1267/1498] : STAT5B - 35997 variants...
     -reading in genotypes, computing gene-based tests and building masks...done (74169ms) 
     -computing association tests...done (25ms) 
     -computing joint association tests...done (0ms) 
 set [1268/1498] : STH - 3983 variants...
     -reading in genotypes, computing gene-based tests and building masks...done (10781ms) 
     -computing association tests...done (16ms) 
     -computing joint association tests...done (0ms) 
 set [1269/1498] : STRADA - 19876 variants...
     -reading in genotypes, computing gene-based tests and building masks...done (39245ms) 
     -computing association tests...done (19ms) 
     -computing joint association tests...done (0ms) 
 set [1270/1498] : STX8 - 161878 variants...
     -reading in genotypes, computing gene-based tests and building masks...done (734654ms) 
     -computing association tests...done (31ms) 
     -computing joint association tests...done (0ms) 
 set [1271/1498] : STXBP4 - 77304 variants...
     -reading in genotypes, computing gene-based tests and building masks...done (142409ms) 
     -computing association tests...done (83ms) 
     -computing joint association tests...done (0ms) 
 set [1272/1498] : SUMO2 - 17120 variants...
     -reading in genotypes, computing gene-based tests and building masks...done (33030ms) 
     -computing association tests...done (78ms) 
     -computing joint association tests...done (0ms) 
 set [1273/1498] : SUMO2P17 - 121 variants...
     -reading in genotypes, computing gene-based tests and building masks...done (423ms) 
     -computing association tests...done (7ms) 
     -computing joint association tests...done (0ms) 
 set [1274/1498] : SUMO2P7 - 116 variants...
     -reading in genotypes, computing gene-based tests and building masks...done (359ms) 
     -computing association tests...done (1ms) 
     -computing joint association tests...done (0ms) 
 set [1275/1498] : SUPT4H1 - 7289 variants...
     -reading in genotypes, computing gene-based tests and building masks...done (14608ms) 
     -computing association tests...done (20ms) 
     -computing joint association tests...done (0ms) 
 set [1276/1498] : SUPT6H - 21805 variants...
     -reading in genotypes, computing gene-based tests and building masks...done (44890ms) 
     -computing association tests...done (80ms) 
     -computing joint association tests...done (0ms) 
 set [1277/1498] : SUZ12 - 39749 variants...
     -reading in genotypes, computing gene-based tests and building masks...done (96222ms) 
     -computing association tests...done (20ms) 
     -computing joint association tests...done (0ms) 
 set [1278/1498] : SUZ12P1 - 21696 variants...
     -reading in genotypes, computing gene-based tests and building masks...done (35184ms) 
     -computing association tests...done (44ms) 
     -computing joint association tests...done (0ms) 
 set [1279/1498] : SYNGR2 - 3475 variants...
     -reading in genotypes, computing gene-based tests and building masks...done (7341ms) 
     -computing association tests...done (15ms) 
     -computing joint association tests...done (0ms) 
 set [1280/1498] : SYNRG - 33694 variants...
     -reading in genotypes, computing gene-based tests and building masks...done (55805ms) 
     -computing association tests...done (21ms) 
     -computing joint association tests...done (0ms) 
 set [1281/1498] : SYPL1P2 - 240 variants...
     -reading in genotypes, computing gene-based tests and building masks...done (1536ms) 
     -computing association tests...done (1ms) 
     -computing joint association tests...done (0ms) 
 set [1282/1498] : TAC4 - 5936 variants...
     -reading in genotypes, computing gene-based tests and building masks...done (17373ms) 
     -computing association tests...done (72ms) 
     -computing joint association tests...done (0ms) 
 set [1283/1498] : TACO1 - 5309 variants...
     -reading in genotypes, computing gene-based tests and building masks...done (11246ms) 
     -computing association tests...done (138ms) 
     -computing joint association tests...done (0ms) 
 set [1284/1498] : TADA2A - 36223 variants...
     -reading in genotypes, computing gene-based tests and building masks...done (68766ms) 
     -computing association tests...done (18ms) 
     -computing joint association tests...done (0ms) 
 set [1285/1498] : TAF15 - 23720 variants...
     -reading in genotypes, computing gene-based tests and building masks...done (38535ms) 
     -computing association tests...done (22ms) 
     -computing joint association tests...done (0ms) 
 set [1286/1498] : TANC2 - 189756 variants...
     -reading in genotypes, computing gene-based tests and building masks...done (641158ms) 
     -computing association tests...done (81ms) 
     -computing joint association tests...done (0ms) 
 set [1287/1498] : TAOK1 - 77615 variants...
     -reading in genotypes, computing gene-based tests and building masks...done (186155ms) 
     -computing association tests...done (18ms) 
     -computing joint association tests...done (0ms) 
 set [1288/1498] : TAX1BP3 - 4332 variants...
     -reading in genotypes, computing gene-based tests and building masks...done (8155ms) 
     -computing association tests...done (17ms) 
     -computing joint association tests...done (0ms) 
 set [1289/1498] : TBC1D16 - 60898 variants...
     -reading in genotypes, computing gene-based tests and building masks...done (167026ms) 
     -computing association tests...done (24ms) 
     -computing joint association tests...done (0ms) 
 set [1290/1498] : TBC1D26 - 12169 variants...
     -reading in genotypes, computing gene-based tests and building masks...done (23635ms) 
     -computing association tests...done (19ms) 
     -computing joint association tests...done (0ms) 
 set [1291/1498] : TBC1D26-AS1 - 8415 variants...
     -reading in genotypes, computing gene-based tests and building masks...done (16084ms) 
     -computing association tests...done (17ms) 
     -computing joint association tests...done (0ms) 
 set [1292/1498] : TBC1D28 - 9054 variants...
     -reading in genotypes, computing gene-based tests and building masks...done (22069ms) 
     -computing association tests...done (157ms) 
     -computing joint association tests...done (0ms) 
 set [1293/1498] : TBC1D3 - 6725 variants...
     -reading in genotypes, computing gene-based tests and building masks...done (49098ms) 
     -computing association tests...done (119ms) 
     -computing joint association tests...done (0ms) 
 set [1294/1498] : TBC1D3B - 9046 variants...
     -reading in genotypes, computing gene-based tests and building masks...done (45245ms) 
     -computing association tests...done (21ms) 
     -computing joint association tests...done (0ms) 
 set [1295/1498] : TBC1D3C - 2502 variants...
     -reading in genotypes, computing gene-based tests and building masks...done (35383ms) 
     -computing association tests...done (121ms) 
     -computing joint association tests...done (0ms) 
 set [1296/1498] : TBC1D3D - 2432 variants...
     -reading in genotypes, computing gene-based tests and building masks...done (23750ms) 
     -computing association tests...done (21ms) 
     -computing joint association tests...done (0ms) 
 set [1297/1498] : TBC1D3E - 8202 variants...
     -reading in genotypes, computing gene-based tests and building masks...done (64982ms) 
     -computing association tests...done (21ms) 
     -computing joint association tests...done (0ms) 
 set [1298/1498] : TBC1D3F - 10853 variants...
     -reading in genotypes, computing gene-based tests and building masks...done (60270ms) 
     -computing association tests...done (123ms) 
     -computing joint association tests...done (0ms) 
 set [1299/1498] : TBC1D3G - 6951 variants...
     -reading in genotypes, computing gene-based tests and building masks...done (63615ms) 
     -computing association tests...done (92ms) 
     -computing joint association tests...done (0ms) 
 set [1300/1498] : TBC1D3H - 7051 variants...
     -reading in genotypes, computing gene-based tests and building masks...done (46023ms) 
     -computing association tests...done (18ms) 
     -computing joint association tests...done (0ms) 
 set [1301/1498] : TBC1D3I - 11411 variants...
     -reading in genotypes, computing gene-based tests and building masks...done (246800ms) 
     -computing association tests...done (173ms) 
     -computing joint association tests...done (0ms) 
 set [1302/1498] : TBC1D3JP - 12482 variants...
     -reading in genotypes, computing gene-based tests and building masks...done (35039ms) 
     -computing association tests...done (87ms) 
     -computing joint association tests...done (0ms) 
 set [1303/1498] : TBC1D3K - 7651 variants...
     -reading in genotypes, computing gene-based tests and building masks...done (83035ms) 
     -computing association tests...done (143ms) 
     -computing joint association tests...done (0ms) 
 set [1304/1498] : TBC1D3L - 658 variants...
     -reading in genotypes, computing gene-based tests and building masks...done (3368ms) 
     -computing association tests...done (205ms) 
     -computing joint association tests...done (0ms) 
 set [1305/1498] : TBC1D3P1 - 6440 variants...
     -reading in genotypes, computing gene-based tests and building masks...done (14802ms) 
     -computing association tests...done (72ms) 
     -computing joint association tests...done (0ms) 
 set [1306/1498] : TBC1D3P2 - 9977 variants...
     -reading in genotypes, computing gene-based tests and building masks...done (19163ms) 
     -computing association tests...done (18ms) 
     -computing joint association tests...done (0ms) 
 set [1307/1498] : TBC1D3P3 - 1330 variants...
     -reading in genotypes, computing gene-based tests and building masks...done (7671ms) 
     -computing association tests...done (8ms) 
     -computing joint association tests...done (0ms) 
 set [1308/1498] : TBC1D3P4 - 5823 variants...
     -reading in genotypes, computing gene-based tests and building masks...done (30450ms) 
     -computing association tests...done (16ms) 
     -computing joint association tests...done (0ms) 
 set [1309/1498] : TBC1D3P5 - 10119 variants...
     -reading in genotypes, computing gene-based tests and building masks...done (20509ms) 
     -computing association tests...done (17ms) 
     -computing joint association tests...done (0ms) 
 set [1310/1498] : TBC1D3P7 - 469 variants...
     -reading in genotypes, computing gene-based tests and building masks...done (4727ms) 
     -computing association tests...done (97ms) 
     -computing joint association tests...done (0ms) 
 set [1311/1498] : TBCD - 102571 variants...
     -reading in genotypes, computing gene-based tests and building masks...done (347895ms) 
     -computing association tests...done (90ms) 
     -computing joint association tests...done (0ms) 
 set [1312/1498] : TBKBP1 - 14208 variants...
     -reading in genotypes, computing gene-based tests and building masks...done (22553ms) 
     -computing association tests...done (78ms) 
     -computing joint association tests...done (0ms) 
 set [1313/1498] : TBX21 - 10446 variants...
     -reading in genotypes, computing gene-based tests and building masks...done (17088ms) 
     -computing association tests...done (80ms) 
     -computing joint association tests...done (0ms) 
 set [1314/1498] : TBX2 - 10581 variants...
     -reading in genotypes, computing gene-based tests and building masks...done (18895ms) 
     -computing association tests...done (32ms) 
     -computing joint association tests...done (0ms) 
 set [1315/1498] : TBX2-AS1 - 6 variants...
     -reading in genotypes, computing gene-based tests and building masks...done (859ms) 
     -computing association tests...done (1ms) 
     -computing joint association tests...done (0ms) 
 set [1316/1498] : TBX4 - 17960 variants...
     -reading in genotypes, computing gene-based tests and building masks...done (27135ms) 
     -computing association tests...done (32ms) 
     -computing joint association tests...done (0ms) 
 set [1317/1498] : TCAM1P - 8796 variants...
     -reading in genotypes, computing gene-based tests and building masks...done (12639ms) 
     -computing association tests...done (19ms) 
     -computing joint association tests...done (0ms) 
 set [1318/1498] : TCAP - 534 variants...
     -reading in genotypes, computing gene-based tests and building masks...done (5102ms) 
     -computing association tests...done (11ms) 
     -computing joint association tests...done (0ms) 
 set [1319/1498] : TEFM - 4886 variants...
     -reading in genotypes, computing gene-based tests and building masks...done (10150ms) 
     -computing association tests...done (18ms) 
     -computing joint association tests...done (0ms) 
 set [1320/1498] : TEKT1 - 19051 variants...
     -reading in genotypes, computing gene-based tests and building masks...done (35776ms) 
     -computing association tests...done (118ms) 
     -computing joint association tests...done (0ms) 
 set [1321/1498] : TEKT3 - 17930 variants...
     -reading in genotypes, computing gene-based tests and building masks...done (30839ms) 
     -computing association tests...done (159ms) 
     -computing joint association tests...done (0ms) 
 set [1322/1498] : TEN1 - 12323 variants...
     -reading in genotypes, computing gene-based tests and building masks...done (31542ms) 
     -computing association tests...done (18ms) 
     -computing joint association tests...done (0ms) 
 set [1323/1498] : TEPSIN - 5583 variants...
     -reading in genotypes, computing gene-based tests and building masks...done (12795ms) 
     -computing association tests...done (82ms) 
     -computing joint association tests...done (0ms) 
 set [1324/1498] : TEX14 - 44061 variants...
     -reading in genotypes, computing gene-based tests and building masks...done (82548ms) 
     -computing association tests...done (94ms) 
     -computing joint association tests...done (0ms) 
 set [1325/1498] : TEX19 - 9508 variants...
     -reading in genotypes, computing gene-based tests and building masks...done (20601ms) 
     -computing association tests...done (16ms) 
     -computing joint association tests...done (0ms) 
 set [1326/1498] : TEX2 - 48813 variants...
     -reading in genotypes, computing gene-based tests and building masks...done (87022ms) 
     -computing association tests...done (145ms) 
     -computing joint association tests...done (0ms) 
 set [1327/1498] : THRA - 15605 variants...
     -reading in genotypes, computing gene-based tests and building masks...done (30972ms) 
     -computing association tests...done (142ms) 
     -computing joint association tests...done (0ms) 
 set [1328/1498] : TILAM - 5714 variants...
     -reading in genotypes, computing gene-based tests and building masks...done (15140ms) 
     -computing association tests...done (16ms) 
     -computing joint association tests...done (0ms) 
 set [1329/1498] : TIMM22 - 11452 variants...
     -reading in genotypes, computing gene-based tests and building masks...done (21819ms) 
     -computing association tests...done (88ms) 
     -computing joint association tests...done (0ms) 
 set [1330/1498] : TIMP2 - 38525 variants...
     -reading in genotypes, computing gene-based tests and building masks...done (74916ms) 
     -computing association tests...done (16ms) 
     -computing joint association tests...done (0ms) 
 set [1331/1498] : TK1 - 9173 variants...
     -reading in genotypes, computing gene-based tests and building masks...done (18105ms) 
     -computing association tests...done (82ms) 
     -computing joint association tests...done (0ms) 
 set [1332/1498] : TLCD1 - 1015 variants...
     -reading in genotypes, computing gene-based tests and building masks...done (4273ms) 
     -computing association tests...done (12ms) 
     -computing joint association tests...done (0ms) 
 set [1333/1498] : TLCD2 - 9427 variants...
     -reading in genotypes, computing gene-based tests and building masks...done (15632ms) 
     -computing association tests...done (35ms) 
     -computing joint association tests...done (0ms) 
 set [1334/1498] : TLCD3A - 7765 variants...
     -reading in genotypes, computing gene-based tests and building masks...done (16711ms) 
     -computing association tests...done (20ms) 
     -computing joint association tests...done (0ms) 
 set [1335/1498] : TLK2 - 71551 variants...
     -reading in genotypes, computing gene-based tests and building masks...done (156997ms) 
     -computing association tests...done (74ms) 
     -computing joint association tests...done (0ms) 
 set [1336/1498] : TLK2P1 - 6832 variants...
     -reading in genotypes, computing gene-based tests and building masks...done (9720ms) 
     -computing association tests...done (15ms) 
     -computing joint association tests...done (0ms) 
 set [1337/1498] : TM4SF5 - 7336 variants...
     -reading in genotypes, computing gene-based tests and building masks...done (12387ms) 
     -computing association tests...done (18ms) 
     -computing joint association tests...done (0ms) 
 set [1338/1498] : TMC6 - 16910 variants...
     -reading in genotypes, computing gene-based tests and building masks...done (28252ms) 
     -computing association tests...done (144ms) 
     -computing joint association tests...done (0ms) 
 set [1339/1498] : TMC8 - 3409 variants...
     -reading in genotypes, computing gene-based tests and building masks...done (6878ms) 
     -computing association tests...done (24ms) 
     -computing joint association tests...done (0ms) 
 set [1340/1498] : TMEM100 - 9108 variants...
     -reading in genotypes, computing gene-based tests and building masks...done (16843ms) 
     -computing association tests...done (29ms) 
     -computing joint association tests...done (0ms) 
 set [1341/1498] : TMEM101 - 3618 variants...
     -reading in genotypes, computing gene-based tests and building masks...done (8452ms) 
     -computing association tests...done (92ms) 
     -computing joint association tests...done (0ms) 
 set [1342/1498] : TMEM102 - 3204 variants...
     -reading in genotypes, computing gene-based tests and building masks...done (7175ms) 
     -computing association tests...done (77ms) 
     -computing joint association tests...done (0ms) 
 set [1343/1498] : TMEM104 - 29677 variants...
     -reading in genotypes, computing gene-based tests and building masks...done (54244ms) 
     -computing association tests...done (119ms) 
     -computing joint association tests...done (0ms) 
 set [1344/1498] : TMEM105 - 10750 variants...
     -reading in genotypes, computing gene-based tests and building masks...done (17123ms) 
     -computing association tests...done (19ms) 
     -computing joint association tests...done (0ms) 
 set [1345/1498] : TMEM106A - 3423 variants...
     -reading in genotypes, computing gene-based tests and building masks...done (15056ms) 
     -computing association tests...done (139ms) 
     -computing joint association tests...done (0ms) 
 set [1346/1498] : TMEM107 - 10801 variants...
     -reading in genotypes, computing gene-based tests and building masks...done (26186ms) 
     -computing association tests...done (29ms) 
     -computing joint association tests...done (0ms) 
 set [1347/1498] : TMEM11 - 11400 variants...
     -reading in genotypes, computing gene-based tests and building masks...done (19460ms) 
     -computing association tests...done (81ms) 
     -computing joint association tests...done (0ms) 
 set [1348/1498] : TMEM11-DT - 6075 variants...
     -reading in genotypes, computing gene-based tests and building masks...done (11070ms) 
     -computing association tests...done (15ms) 
     -computing joint association tests...done (0ms) 
 set [1349/1498] : TMEM132E - 31236 variants...
     -reading in genotypes, computing gene-based tests and building masks...done (57477ms) 
     -computing association tests...done (128ms) 
     -computing joint association tests...done (0ms) 
 set [1350/1498] : TMEM132E-DT - 34557 variants...
     -reading in genotypes, computing gene-based tests and building masks...done (58144ms) 
     -computing association tests...done (17ms) 
     -computing joint association tests...done (0ms) 
 set [1351/1498] : TMEM199 - 2616 variants...
     -reading in genotypes, computing gene-based tests and building masks...done (8062ms) 
     -computing association tests...done (13ms) 
     -computing joint association tests...done (0ms) 
 set [1352/1498] : TMEM220 - 8841 variants...
     -reading in genotypes, computing gene-based tests and building masks...done (18887ms) 
     -computing association tests...done (20ms) 
     -computing joint association tests...done (0ms) 
 set [1353/1498] : TMEM220-AS1 - 50759 variants...
     -reading in genotypes, computing gene-based tests and building masks...done (105985ms) 
     -computing association tests...done (37ms) 
     -computing joint association tests...done (0ms) 
 set [1354/1498] : TMEM235 - 7425 variants...
     -reading in genotypes, computing gene-based tests and building masks...done (12512ms) 
     -computing association tests...done (139ms) 
     -computing joint association tests...done (0ms) 
 set [1355/1498] : TMEM238L - 7981 variants...
     -reading in genotypes, computing gene-based tests and building masks...done (14077ms) 
     -computing association tests...done (19ms) 
     -computing joint association tests...done (0ms) 
 set [1356/1498] : TMEM256 - 3482 variants...
     -reading in genotypes, computing gene-based tests and building masks...done (10492ms) 
     -computing association tests...done (81ms) 
     -computing joint association tests...done (0ms) 
 set [1357/1498] : TMEM88 - 1894 variants...
     -reading in genotypes, computing gene-based tests and building masks...done (6292ms) 
     -computing association tests...done (80ms) 
     -computing joint association tests...done (0ms) 
 set [1358/1498] : TMEM92 - 7953 variants...
     -reading in genotypes, computing gene-based tests and building masks...done (15105ms) 
     -computing association tests...done (72ms) 
     -computing joint association tests...done (0ms) 
 set [1359/1498] : TMEM92-AS1 - 3316 variants...
     -reading in genotypes, computing gene-based tests and building masks...done (4931ms) 
     -computing association tests...done (75ms) 
     -computing joint association tests...done (0ms) 
 set [1360/1498] : TMEM94 - 27769 variants...
     -reading in genotypes, computing gene-based tests and building masks...done (59308ms) 
     -computing association tests...done (146ms) 
     -computing joint association tests...done (0ms) 
 set [1361/1498] : TMEM95 - 5484 variants...
     -reading in genotypes, computing gene-based tests and building masks...done (16789ms) 
     -computing association tests...done (18ms) 
     -computing joint association tests...done (0ms) 
 set [1362/1498] : TMEM97 - 5695 variants...
     -reading in genotypes, computing gene-based tests and building masks...done (12904ms) 
     -computing association tests...done (16ms) 
     -computing joint association tests...done (0ms) 
 set [1363/1498] : TMEM98 - 14050 variants...
     -reading in genotypes, computing gene-based tests and building masks...done (25169ms) 
     -computing association tests...done (75ms) 
     -computing joint association tests...done (0ms) 
 set [1364/1498] : TMIGD1 - 14723 variants...
     -reading in genotypes, computing gene-based tests and building masks...done (26399ms) 
     -computing association tests...done (77ms) 
     -computing joint association tests...done (0ms) 
 set [1365/1498] : TMUB2 - 1313 variants...
     -reading in genotypes, computing gene-based tests and building masks...done (5147ms) 
     -computing association tests...done (83ms) 
     -computing joint association tests...done (0ms) 
 set [1366/1498] : TNFAIP1 - 4602 variants...
     -reading in genotypes, computing gene-based tests and building masks...done (9374ms) 
     -computing association tests...done (20ms) 
     -computing joint association tests...done (0ms) 
 set [1367/1498] : TNFRSF13B - 18874 variants...
     -reading in genotypes, computing gene-based tests and building masks...done (34274ms) 
     -computing association tests...done (19ms) 
     -computing joint association tests...done (0ms) 
 set [1368/1498] : TNFSF12 - 6041 variants...
     -reading in genotypes, computing gene-based tests and building masks...done (12802ms) 
     -computing association tests...done (19ms) 
     -computing joint association tests...done (0ms) 
 set [1369/1498] : TNFSF13 - 2014 variants...
     -reading in genotypes, computing gene-based tests and building masks...done (3663ms) 
     -computing association tests...done (13ms) 
     -computing joint association tests...done (0ms) 
 set [1370/1498] : TNK1 - 4857 variants...
     -reading in genotypes, computing gene-based tests and building masks...done (9705ms) 
     -computing association tests...done (18ms) 
     -computing joint association tests...done (0ms) 
 set [1371/1498] : TNPO1P3 - 1119 variants...
     -reading in genotypes, computing gene-based tests and building masks...done (2213ms) 
     -computing association tests...done (8ms) 
     -computing joint association tests...done (0ms) 
 set [1372/1498] : TNRC6C - 63903 variants...
     -reading in genotypes, computing gene-based tests and building masks...done (120364ms) 
     -computing association tests...done (79ms) 
     -computing joint association tests...done (0ms) 
 set [1373/1498] : TNS4 - 14675 variants...
     -reading in genotypes, computing gene-based tests and building masks...done (22418ms) 
     -computing association tests...done (80ms) 
     -computing joint association tests...done (0ms) 
 set [1374/1498] : TOB1 - 6783 variants...
     -reading in genotypes, computing gene-based tests and building masks...done (12753ms) 
     -computing association tests...done (16ms) 
     -computing joint association tests...done (0ms) 
 set [1375/1498] : TOB1-AS1 - 35634 variants...
     -reading in genotypes, computing gene-based tests and building masks...done (90570ms) 
     -computing association tests...done (72ms) 
     -computing joint association tests...done (0ms) 
 set [1376/1498] : TOM1L1 - 25893 variants...
     -reading in genotypes, computing gene-based tests and building masks...done (40673ms) 
     -computing association tests...done (20ms) 
     -computing joint association tests...done (0ms) 
 set [1377/1498] : TOM1L2 - 51818 variants...
     -reading in genotypes, computing gene-based tests and building masks...done (84068ms) 
     -computing association tests...done (162ms) 
     -computing joint association tests...done (0ms) 
 set [1378/1498] : TOP2A - 14660 variants...
     -reading in genotypes, computing gene-based tests and building masks...done (24473ms) 
     -computing association tests...done (138ms) 
     -computing joint association tests...done (0ms) 
 set [1379/1498] : TOP3A - 22415 variants...
     -reading in genotypes, computing gene-based tests and building masks...done (39422ms) 
     -computing association tests...done (144ms) 
     -computing joint association tests...done (0ms) 
 set [1380/1498] : TP53 - 11391 variants...
     -reading in genotypes, computing gene-based tests and building masks...done (21124ms) 
     -computing association tests...done (15ms) 
     -computing joint association tests...done (0ms) 
 set [1381/1498] : TP53I13 - 4388 variants...
     -reading in genotypes, computing gene-based tests and building masks...done (8830ms) 
     -computing association tests...done (135ms) 
     -computing joint association tests...done (0ms) 
 set [1382/1498] : TRAF4 - 3572 variants...
     -reading in genotypes, computing gene-based tests and building masks...done (7495ms) 
     -computing association tests...done (14ms) 
     -computing joint association tests...done (0ms) 
 set [1383/1498] : TRAPPC1 - 1483 variants...
     -reading in genotypes, computing gene-based tests and building masks...done (11262ms) 
     -computing association tests...done (32ms) 
     -computing joint association tests...done (0ms) 
 set [1384/1498] : TRARG1 - 23689 variants...
     -reading in genotypes, computing gene-based tests and building masks...done (56884ms) 
     -computing association tests...done (73ms) 
     -computing joint association tests...done (0ms) 
 set [1385/1498] : TRIM16 - 29441 variants...
     -reading in genotypes, computing gene-based tests and building masks...done (53696ms) 
     -computing association tests...done (84ms) 
     -computing joint association tests...done (0ms) 
 set [1386/1498] : TRIM16L - 19348 variants...
     -reading in genotypes, computing gene-based tests and building masks...done (37288ms) 
     -computing association tests...done (19ms) 
     -computing joint association tests...done (0ms) 
 set [1387/1498] : TRIM25 - 17203 variants...
     -reading in genotypes, computing gene-based tests and building masks...done (30547ms) 
     -computing association tests...done (19ms) 
     -computing joint association tests...done (0ms) 
 set [1388/1498] : TRIM37 - 52873 variants...
     -reading in genotypes, computing gene-based tests and building masks...done (101631ms) 
     -computing association tests...done (122ms) 
     -computing joint association tests...done (0ms) 
 set [1389/1498] : TRIM47 - 6479 variants...
     -reading in genotypes, computing gene-based tests and building masks...done (12326ms) 
     -computing association tests...done (72ms) 
     -computing joint association tests...done (0ms) 
 set [1390/1498] : TRIM65 - 6954 variants...
     -reading in genotypes, computing gene-based tests and building masks...done (12076ms) 
     -computing association tests...done (89ms) 
     -computing joint association tests...done (0ms) 
 set [1391/1498] : TRIM80P - 4243 variants...
     -reading in genotypes, computing gene-based tests and building masks...done (6828ms) 
     -computing association tests...done (36ms) 
     -computing joint association tests...done (0ms) 
 set [1392/1498] : TRPV1 - 28723 variants...
     -reading in genotypes, computing gene-based tests and building masks...done (57920ms) 
     -computing association tests...done (74ms) 
     -computing joint association tests...done (0ms) 
 set [1393/1498] : TRPV2 - 14191 variants...
     -reading in genotypes, computing gene-based tests and building masks...done (32901ms) 
     -computing association tests...done (19ms) 
     -computing joint association tests...done (0ms) 
 set [1394/1498] : TRPV3 - 26750 variants...
     -reading in genotypes, computing gene-based tests and building masks...done (52411ms) 
     -computing association tests...done (23ms) 
     -computing joint association tests...done (0ms) 
 set [1395/1498] : TSEN15P1 - 3275 variants...
     -reading in genotypes, computing gene-based tests and building masks...done (10853ms) 
     -computing association tests...done (77ms) 
     -computing joint association tests...done (0ms) 
 set [1396/1498] : TSEN54 - 6716 variants...
     -reading in genotypes, computing gene-based tests and building masks...done (10546ms) 
     -computing association tests...done (21ms) 
     -computing joint association tests...done (0ms) 
 set [1397/1498] : TSPAN10 - 2300 variants...
     -reading in genotypes, computing gene-based tests and building masks...done (11805ms) 
     -computing association tests...done (126ms) 
     -computing joint association tests...done (0ms) 
 set [1398/1498] : TSPOAP1 - 15538 variants...
     -reading in genotypes, computing gene-based tests and building masks...done (24337ms) 
     -computing association tests...done (25ms) 
     -computing joint association tests...done (0ms) 
 set [1399/1498] : TSPOAP1-AS1 - 2496 variants...
     -reading in genotypes, computing gene-based tests and building masks...done (3705ms) 
     -computing association tests...done (12ms) 
     -computing joint association tests...done (0ms) 
 set [1400/1498] : TSR1 - 9216 variants...
     -reading in genotypes, computing gene-based tests and building masks...done (13748ms) 
     -computing association tests...done (16ms) 
     -computing joint association tests...done (0ms) 
 set [1401/1498] : TTC19 - 14791 variants...
     -reading in genotypes, computing gene-based tests and building masks...done (35461ms) 
     -computing association tests...done (77ms) 
     -computing joint association tests...done (0ms) 
 set [1402/1498] : TTLL6 - 26261 variants...
     -reading in genotypes, computing gene-based tests and building masks...done (41610ms) 
     -computing association tests...done (23ms) 
     -computing joint association tests...done (0ms) 
 set [1403/1498] : TTYH2 - 24920 variants...
     -reading in genotypes, computing gene-based tests and building masks...done (42724ms) 
     -computing association tests...done (123ms) 
     -computing joint association tests...done (0ms) 
 set [1404/1498] : TUBD1 - 19890 variants...
     -reading in genotypes, computing gene-based tests and building masks...done (47334ms) 
     -computing association tests...done (38ms) 
     -computing joint association tests...done (0ms) 
 set [1405/1498] : TUBG1 - 4069 variants...
     -reading in genotypes, computing gene-based tests and building masks...done (18499ms) 
     -computing association tests...done (118ms) 
     -computing joint association tests...done (0ms) 
 set [1406/1498] : TUBG2 - 7355 variants...
     -reading in genotypes, computing gene-based tests and building masks...done (13486ms) 
     -computing association tests...done (134ms) 
     -computing joint association tests...done (0ms) 
 set [1407/1498] : TUFMP1 - 865 variants...
     -reading in genotypes, computing gene-based tests and building masks...done (4097ms) 
     -computing association tests...done (77ms) 
     -computing joint association tests...done (0ms) 
 set [1408/1498] : TVP23B - 15451 variants...
     -reading in genotypes, computing gene-based tests and building masks...done (25914ms) 
     -computing association tests...done (21ms) 
     -computing joint association tests...done (0ms) 
 set [1409/1498] : TVP23C - 24020 variants...
     -reading in genotypes, computing gene-based tests and building masks...done (40771ms) 
     -computing association tests...done (19ms) 
     -computing joint association tests...done (0ms) 
 set [1410/1498] : TWF1P1 - 2577 variants...
     -reading in genotypes, computing gene-based tests and building masks...done (4206ms) 
     -computing association tests...done (68ms) 
     -computing joint association tests...done (0ms) 
 set [1411/1498] : TXNDC17 - 1004 variants...
     -reading in genotypes, computing gene-based tests and building masks...done (5923ms) 
     -computing association tests...done (11ms) 
     -computing joint association tests...done (0ms) 
 set [1412/1498] : TXNP4 - 356 variants...
     -reading in genotypes, computing gene-based tests and building masks...done (878ms) 
     -computing association tests...done (5ms) 
     -computing joint association tests...done (0ms) 
 set [1413/1498] : U2 - 47878 variants...
     -reading in genotypes, computing gene-based tests and building masks...done (3507746ms) 
     -computing association tests...done (17ms) 
     -computing joint association tests...done (0ms) 
 set [1414/1498] : U3 - 1905 variants...
     -reading in genotypes, computing gene-based tests and building masks...done (3076ms) 
     -computing association tests...done (12ms) 
     -computing joint association tests...done (0ms) 
 set [1415/1498] : UBALD2 - 7944 variants...
     -reading in genotypes, computing gene-based tests and building masks...done (16229ms) 
     -computing association tests...done (157ms) 
     -computing joint association tests...done (0ms) 
 set [1416/1498] : UBB - 7078 variants...
     -reading in genotypes, computing gene-based tests and building masks...done (17248ms) 
     -computing association tests...done (17ms) 
     -computing joint association tests...done (0ms) 
 set [1417/1498] : UBBP4 - 48615 variants...
     -reading in genotypes, computing gene-based tests and building masks...done (106143ms) 
     -computing association tests...done (18ms) 
     -computing joint association tests...done (0ms) 
 set [1418/1498] : UBE2G1 - 51730 variants...
     -reading in genotypes, computing gene-based tests and building masks...done (93619ms) 
     -computing association tests...done (29ms) 
     -computing joint association tests...done (0ms) 
 set [1419/1498] : UBE2O - 33990 variants...
     -reading in genotypes, computing gene-based tests and building masks...done (59743ms) 
     -computing association tests...done (21ms) 
     -computing joint association tests...done (0ms) 
 set [1420/1498] : UBE2SP2 - 275 variants...
     -reading in genotypes, computing gene-based tests and building masks...done (1018ms) 
     -computing association tests...done (8ms) 
     -computing joint association tests...done (0ms) 
 set [1421/1498] : UBE2Z - 14994 variants...
     -reading in genotypes, computing gene-based tests and building masks...done (23128ms) 
     -computing association tests...done (71ms) 
     -computing joint association tests...done (0ms) 
 set [1422/1498] : UBL5P2 - 999 variants...
     -reading in genotypes, computing gene-based tests and building masks...done (3003ms) 
     -computing association tests...done (78ms) 
     -computing joint association tests...done (0ms) 
 set [1423/1498] : UBTF - 13620 variants...
     -reading in genotypes, computing gene-based tests and building masks...done (23255ms) 
     -computing association tests...done (150ms) 
     -computing joint association tests...done (0ms) 
 set [1424/1498] : UFM1P2 - 1591 variants...
     -reading in genotypes, computing gene-based tests and building masks...done (2911ms) 
     -computing association tests...done (10ms) 
     -computing joint association tests...done (0ms) 
 set [1425/1498] : ULK2 - 48215 variants...
     -reading in genotypes, computing gene-based tests and building masks...done (90405ms) 
     -computing association tests...done (105ms) 
     -computing joint association tests...done (0ms) 
 set [1426/1498] : UNC119 - 5329 variants...
     -reading in genotypes, computing gene-based tests and building masks...done (11771ms) 
     -computing association tests...done (84ms) 
     -computing joint association tests...done (0ms) 
 set [1427/1498] : UNC13D - 10982 variants...
     -reading in genotypes, computing gene-based tests and building masks...done (18530ms) 
     -computing association tests...done (78ms) 
     -computing joint association tests...done (0ms) 
 set [1428/1498] : UNC45B - 17364 variants...
     -reading in genotypes, computing gene-based tests and building masks...done (35369ms) 
     -computing association tests...done (19ms) 
     -computing joint association tests...done (0ms) 
 set [1429/1498] : UNK - 20765 variants...
     -reading in genotypes, computing gene-based tests and building masks...done (35117ms) 
     -computing association tests...done (81ms) 
     -computing joint association tests...done (0ms) 
 set [1430/1498] : USH1G - 8244 variants...
     -reading in genotypes, computing gene-based tests and building masks...done (14531ms) 
     -computing association tests...done (125ms) 
     -computing joint association tests...done (0ms) 
 set [1431/1498] : USP22 - 31082 variants...
     -reading in genotypes, computing gene-based tests and building masks...done (51826ms) 
     -computing association tests...done (21ms) 
     -computing joint association tests...done (0ms) 
 set [1432/1498] : USP32 - 88288 variants...
     -reading in genotypes, computing gene-based tests and building masks...done (203206ms) 
     -computing association tests...done (115ms) 
     -computing joint association tests...done (0ms) 
 set [1433/1498] : USP32P2 - 11816 variants...
     -reading in genotypes, computing gene-based tests and building masks...done (80772ms) 
     -computing association tests...done (83ms) 
     -computing joint association tests...done (19ms) 
 set [1434/1498] : USP32P4 - 10381 variants...
     -reading in genotypes, computing gene-based tests and building masks...done (19143ms) 
     -computing association tests...done (18ms) 
     -computing joint association tests...done (0ms) 
 set [1435/1498] : USP36 - 29308 variants...
     -reading in genotypes, computing gene-based tests and building masks...done (49215ms) 
     -computing association tests...done (87ms) 
     -computing joint association tests...done (0ms) 
 set [1436/1498] : USP43 - 40588 variants...
     -reading in genotypes, computing gene-based tests and building masks...done (73271ms) 
     -computing association tests...done (75ms) 
     -computing joint association tests...done (0ms) 
 set [1437/1498] : USP6 - 29955 variants...
     -reading in genotypes, computing gene-based tests and building masks...done (52035ms) 
     -computing association tests...done (84ms) 
     -computing joint association tests...done (0ms) 
 set [1438/1498] : UTP18 - 22409 variants...
     -reading in genotypes, computing gene-based tests and building masks...done (35342ms) 
     -computing association tests...done (18ms) 
     -computing joint association tests...done (0ms) 
 set [1439/1498] : UTP6 - 19204 variants...
     -reading in genotypes, computing gene-based tests and building masks...done (28491ms) 
     -computing association tests...done (30ms) 
     -computing joint association tests...done (0ms) 
 set [1440/1498] : UTS2R - 7304 variants...
     -reading in genotypes, computing gene-based tests and building masks...done (11909ms) 
     -computing association tests...done (19ms) 
     -computing joint association tests...done (0ms) 
 set [1441/1498] : VAMP2 - 6562 variants...
     -reading in genotypes, computing gene-based tests and building masks...done (12437ms) 
     -computing association tests...done (18ms) 
     -computing joint association tests...done (0ms) 
 set [1442/1498] : VAT1 - 7451 variants...
     -reading in genotypes, computing gene-based tests and building masks...done (20337ms) 
     -computing association tests...done (29ms) 
     -computing joint association tests...done (0ms) 
 set [1443/1498] : VCF1 - 7468 variants...
     -reading in genotypes, computing gene-based tests and building masks...done (18843ms) 
     -computing association tests...done (19ms) 
     -computing joint association tests...done (0ms) 
 set [1444/1498] : VEZF1 - 11838 variants...
     -reading in genotypes, computing gene-based tests and building masks...done (18765ms) 
     -computing association tests...done (80ms) 
     -computing joint association tests...done (0ms) 
 set [1445/1498] : VMO1 - 1513 variants...
     -reading in genotypes, computing gene-based tests and building masks...done (6082ms) 
     -computing association tests...done (80ms) 
     -computing joint association tests...done (0ms) 
 set [1446/1498] : VMP1 - 58809 variants...
     -reading in genotypes, computing gene-based tests and building masks...done (133011ms) 
     -computing association tests...done (18ms) 
     -computing joint association tests...done (0ms) 
 set [1447/1498] : VN1R71P - 6681 variants...
     -reading in genotypes, computing gene-based tests and building masks...done (9887ms) 
     -computing association tests...done (72ms) 
     -computing joint association tests...done (0ms) 
 set [1448/1498] : VPS25 - 4739 variants...
     -reading in genotypes, computing gene-based tests and building masks...done (10105ms) 
     -computing association tests...done (16ms) 
     -computing joint association tests...done (0ms) 
 set [1449/1498] : VPS53 - 127776 variants...
     -reading in genotypes, computing gene-based tests and building masks...done (630039ms) 
     -computing association tests...done (25ms) 
     -computing joint association tests...done (0ms) 
 set [1450/1498] : VTN - 2476 variants...
     -reading in genotypes, computing gene-based tests and building masks...done (7659ms) 
     -computing association tests...done (146ms) 
     -computing joint association tests...done (31ms) 
 set [1451/1498] : WBP2 - 5913 variants...
     -reading in genotypes, computing gene-based tests and building masks...done (9367ms) 
     -computing association tests...done (17ms) 
     -computing joint association tests...done (0ms) 
 set [1452/1498] : WDR45B - 27061 variants...
     -reading in genotypes, computing gene-based tests and building masks...done (84057ms) 
     -computing association tests...done (38ms) 
     -computing joint association tests...done (0ms) 
 set [1453/1498] : WDR81 - 15741 variants...
     -reading in genotypes, computing gene-based tests and building masks...done (60418ms) 
     -computing association tests...done (85ms) 
     -computing joint association tests...done (0ms) 
 set [1454/1498] : WEE1P2 - 504 variants...
     -reading in genotypes, computing gene-based tests and building masks...done (2064ms) 
     -computing association tests...done (76ms) 
     -computing joint association tests...done (0ms) 
 set [1455/1498] : WFDC21P - 1159 variants...
     -reading in genotypes, computing gene-based tests and building masks...done (2137ms) 
     -computing association tests...done (10ms) 
     -computing joint association tests...done (0ms) 
 set [1456/1498] : WFIKKN2 - 7642 variants...
     -reading in genotypes, computing gene-based tests and building masks...done (14497ms) 
     -computing association tests...done (72ms) 
     -computing joint association tests...done (0ms) 
 set [1457/1498] : WHSC1L2P - 3925 variants...
     -reading in genotypes, computing gene-based tests and building masks...done (10446ms) 
     -computing association tests...done (83ms) 
     -computing joint association tests...done (0ms) 
 set [1458/1498] : WIPF2 - 35943 variants...
     -reading in genotypes, computing gene-based tests and building masks...done (80252ms) 
     -computing association tests...done (45ms) 
     -computing joint association tests...done (0ms) 
 set [1459/1498] : WIPI1 - 19782 variants...
     -reading in genotypes, computing gene-based tests and building masks...done (34046ms) 
     -computing association tests...done (20ms) 
     -computing joint association tests...done (0ms) 
 set [1460/1498] : WNK4 - 7100 variants...
     -reading in genotypes, computing gene-based tests and building masks...done (10477ms) 
     -computing association tests...done (115ms) 
     -computing joint association tests...done (0ms) 
 set [1461/1498] : WNT3 - 35926 variants...
     -reading in genotypes, computing gene-based tests and building masks...done (71110ms) 
     -computing association tests...done (29ms) 
     -computing joint association tests...done (0ms) 
 set [1462/1498] : WNT9B - 21884 variants...
     -reading in genotypes, computing gene-based tests and building masks...done (34015ms) 
     -computing association tests...done (97ms) 
     -computing joint association tests...done (0ms) 
 set [1463/1498] : WRAP53 - 11318 variants...
     -reading in genotypes, computing gene-based tests and building masks...done (35127ms) 
     -computing association tests...done (19ms) 
     -computing joint association tests...done (0ms) 
 set [1464/1498] : WSB1 - 15225 variants...
     -reading in genotypes, computing gene-based tests and building masks...done (29436ms) 
     -computing association tests...done (20ms) 
     -computing joint association tests...done (0ms) 
 set [1465/1498] : WSCD1 - 33227 variants...
     -reading in genotypes, computing gene-based tests and building masks...done (60487ms) 
     -computing association tests...done (90ms) 
     -computing joint association tests...done (0ms) 
 set [1466/1498] : XAF1 - 10837 variants...
     -reading in genotypes, computing gene-based tests and building masks...done (18506ms) 
     -computing association tests...done (88ms) 
     -computing joint association tests...done (0ms) 
 set [1467/1498] : XYLT2 - 11598 variants...
     -reading in genotypes, computing gene-based tests and building masks...done (21278ms) 
     -computing association tests...done (25ms) 
     -computing joint association tests...done (0ms) 
 set [1468/1498] : YBX2 - 5514 variants...
     -reading in genotypes, computing gene-based tests and building masks...done (10001ms) 
     -computing association tests...done (129ms) 
     -computing joint association tests...done (0ms) 
 set [1469/1498] : YPEL2 - 45044 variants...
     -reading in genotypes, computing gene-based tests and building masks...done (116254ms) 
     -computing association tests...done (44ms) 
     -computing joint association tests...done (0ms) 
 set [1470/1498] : Y_RNA - 33756 variants...
     -reading in genotypes, computing gene-based tests and building masks...done (90958ms) 
     -computing association tests...done (72ms) 
     -computing joint association tests...done (0ms) 
 set [1471/1498] : YWHAE - 41943 variants...
     -reading in genotypes, computing gene-based tests and building masks...done (96204ms) 
     -computing association tests...done (20ms) 
     -computing joint association tests...done (0ms) 
 set [1472/1498] : YWHAEP3 - 64 variants...
     -reading in genotypes, computing gene-based tests and building masks...done (934ms) 
     -computing association tests...done (1ms) 
     -computing joint association tests...done (0ms) 
 set [1473/1498] : YWHAEP7 - 35456 variants...
     -reading in genotypes, computing gene-based tests and building masks...done (89899ms) 
     -computing association tests...done (74ms) 
     -computing joint association tests...done (0ms) 
 set [1474/1498] : ZACN - 6834 variants...
     -reading in genotypes, computing gene-based tests and building masks...done (12949ms) 
     -computing association tests...done (18ms) 
     -computing joint association tests...done (0ms) 
 set [1475/1498] : ZBTB4 - 12282 variants...
     -reading in genotypes, computing gene-based tests and building masks...done (19938ms) 
     -computing association tests...done (22ms) 
     -computing joint association tests...done (0ms) 
 set [1476/1498] : ZFP3 - 12961 variants...
     -reading in genotypes, computing gene-based tests and building masks...done (23320ms) 
     -computing association tests...done (71ms) 
     -computing joint association tests...done (0ms) 
 set [1477/1498] : ZFP3-DT - 1241 variants...
     -reading in genotypes, computing gene-based tests and building masks...done (2301ms) 
     -computing association tests...done (77ms) 
     -computing joint association tests...done (0ms) 
 set [1478/1498] : ZMYND15 - 2999 variants...
     -reading in genotypes, computing gene-based tests and building masks...done (6893ms) 
     -computing association tests...done (17ms) 
     -computing joint association tests...done (0ms) 
 set [1479/1498] : ZNF18 - 11763 variants...
     -reading in genotypes, computing gene-based tests and building masks...done (21383ms) 
     -computing association tests...done (19ms) 
     -computing joint association tests...done (0ms) 
 set [1480/1498] : ZNF207 - 21225 variants...
     -reading in genotypes, computing gene-based tests and building masks...done (39794ms) 
     -computing association tests...done (108ms) 
     -computing joint association tests...done (0ms) 
 set [1481/1498] : ZNF232 - 4684 variants...
     -reading in genotypes, computing gene-based tests and building masks...done (9233ms) 
     -computing association tests...done (16ms) 
     -computing joint association tests...done (0ms) 
 set [1482/1498] : ZNF286A - 14205 variants...
     -reading in genotypes, computing gene-based tests and building masks...done (24161ms) 
     -computing association tests...done (19ms) 
     -computing joint association tests...done (0ms) 
 set [1483/1498] : ZNF286B - 12471 variants...
     -reading in genotypes, computing gene-based tests and building masks...done (26284ms) 
     -computing association tests...done (17ms) 
     -computing joint association tests...done (0ms) 
 set [1484/1498] : ZNF287 - 12154 variants...
     -reading in genotypes, computing gene-based tests and building masks...done (28823ms) 
     -computing association tests...done (16ms) 
     -computing joint association tests...done (0ms) 
 set [1485/1498] : ZNF385C - 18045 variants...
     -reading in genotypes, computing gene-based tests and building masks...done (31469ms) 
     -computing association tests...done (19ms) 
     -computing joint association tests...done (0ms) 
 set [1486/1498] : ZNF594 - 7539 variants...
     -reading in genotypes, computing gene-based tests and building masks...done (11273ms) 
     -computing association tests...done (74ms) 
     -computing joint association tests...done (0ms) 
 set [1487/1498] : ZNF594-DT - 14196 variants...
     -reading in genotypes, computing gene-based tests and building masks...done (31110ms) 
     -computing association tests...done (78ms) 
     -computing joint association tests...done (0ms) 
 set [1488/1498] : ZNF624 - 16797 variants...
     -reading in genotypes, computing gene-based tests and building masks...done (25817ms) 
     -computing association tests...done (78ms) 
     -computing joint association tests...done (0ms) 
 set [1489/1498] : ZNF652 - 39684 variants...
     -reading in genotypes, computing gene-based tests and building masks...done (89187ms) 
     -computing association tests...done (19ms) 
     -computing joint association tests...done (0ms) 
 set [1490/1498] : ZNF652-AS1 - 34117 variants...
     -reading in genotypes, computing gene-based tests and building masks...done (53099ms) 
     -computing association tests...done (16ms) 
     -computing joint association tests...done (0ms) 
 set [1491/1498] : ZNF750 - 1340 variants...
     -reading in genotypes, computing gene-based tests and building masks...done (4621ms) 
     -computing association tests...done (99ms) 
     -computing joint association tests...done (0ms) 
 set [1492/1498] : ZNF830 - 901 variants...
     -reading in genotypes, computing gene-based tests and building masks...done (1847ms) 
     -computing association tests...done (12ms) 
     -computing joint association tests...done (0ms) 
 set [1493/1498] : ZNHIT3 - 9173 variants...
     -reading in genotypes, computing gene-based tests and building masks...done (16168ms) 
     -computing association tests...done (72ms) 
     -computing joint association tests...done (0ms) 
 set [1494/1498] : ZPBP2 - 5751 variants...
     -reading in genotypes, computing gene-based tests and building masks...done (12268ms) 
     -computing association tests...done (96ms) 
     -computing joint association tests...done (0ms) 
 set [1495/1498] : ZSWIM5P1 - 1182 variants...
     -reading in genotypes, computing gene-based tests and building masks...done (3200ms) 
     -computing association tests...done (76ms) 
     -computing joint association tests...done (0ms) 
 set [1496/1498] : ZSWIM5P2 - 249 variants...
     -reading in genotypes, computing gene-based tests and building masks...done (945ms) 
     -computing association tests...done (8ms) 
     -computing joint association tests...done (0ms) 
 set [1497/1498] : ZSWIM7 - 11138 variants...
     -reading in genotypes, computing gene-based tests and building masks...done (23776ms) 
     -computing association tests...done (30ms) 
     -computing joint association tests...done (0ms) 
 set [1498/1498] : ZZEF1 - 65684 variants...
     -reading in genotypes, computing gene-based tests and building masks...done (128674ms) 
     -computing association tests...done (88ms) 
     -computing joint association tests...done (0ms) 

Association results stored separately for each trait in files : 
* [/share/home/lsy_luzhen/WGS_GWAS_and_MR/tmp_ssh_data/GWAS_european/gene_based/testing_results/step2_gb_euro_cin3plus_chr17_CIN3plus.regenie]

Number of tests with Firth correction : 2271
Number of failed tests : (0/2271)
Number of ignored tests due to low MAC : 0

Elapsed time : 83946.7s
End time: Sun Sep  7 18:32:09 2025

--------done
end at:
Sun Sep  7 18:32:44 CST 2025
