start at:
Sun Sep  7 04:38:22 CST 2025
This directory already exists.
regenie version:
v4.1.gz
--------start
Start time: Sun Sep  7 04:39:02 2025

              |===========================|
              |      REGENIE v4.1.gz      |
              |===========================|

Copyright (c) 2020-2024 Joelle Mbatchou, Andrey Ziyatdinov and Jonathan Marchini.
Distributed under the MIT License.
Compiled with Boost Iostream library.
Using Intel MKL with Eigen.

Log of output saved in file : /share/home/lsy_luzhen/WGS_GWAS_and_MR/tmp_ssh_data/GWAS_european/gene_based/testing_results/step2_gb_euro_cin3plus_chr12.log

Options in effect:
  --step 2 \
  --pgen /share/home/lsy_luzhen/WGS_GWAS_and_MR/tmp_ssh_data/GWAS_european/gene_based/EuroPrePCA_ref38_rsID \
  --chr 12 \
  --phenoFile /share/home/lsy_luzhen/WGS_GWAS_and_MR/tmp_ssh_data/GWAS_european/T002_CIN3plus_phenotype.txt \
  --bt \
  --covarFile /share/home/lsy_luzhen/WGS_GWAS_and_MR/tmp_ssh_data/GWAS_european/T002_CIN3plus_covars.txt \
  --catCovarList Smoking_status,Alcohol_intake_frequency,Genotype_measurement_batch \
  --strict \
  --bsize 1000 \
  --firth \
  --approx \
  --threads 16 \
  --pred /share/home/lsy_luzhen/WGS_GWAS_and_MR/tmp_ssh_data/GWAS_european/step1/regenie_step1_euro_cin3plus_pred.list \
  --use-null-firth /share/home/lsy_luzhen/WGS_GWAS_and_MR/tmp_ssh_data/GWAS_european/step1/regenie_step1_euro_cin3plus_firth.list \
  --anno-file /share/home/lsy_luzhen/WGS_GWAS_and_MR/tmp_ssh_data/GWAS_european/gene_based/anno_file_unique_filtered.txt \
  --set-list /share/home/lsy_luzhen/WGS_GWAS_and_MR/tmp_ssh_data/GWAS_european/gene_based/set_list_unique_filtered.txt \
  --mask-def /share/home/lsy_luzhen/WGS_GWAS_and_MR/tmp_ssh_data/GWAS_european/gene_based/mask_file.txt \
  --aaf-bins 0.001,0.01,0.05,0.1 \
  --vc-MACthr 10 \
  --joint acat,sbat \
  --vc-tests skato,acato-full \
  --rgc-gene-p \
  --out /share/home/lsy_luzhen/WGS_GWAS_and_MR/tmp_ssh_data/GWAS_european/gene_based/testing_results/step2_gb_euro_cin3plus_chr12

Association testing mode (joint tests) with fast multithreading using OpenMP
 * pvar             : [/share/home/lsy_luzhen/WGS_GWAS_and_MR/tmp_ssh_data/GWAS_european/gene_based/EuroPrePCA_ref38_rsID.pvar] n_snps = 1400147917
 * psam             : [/share/home/lsy_luzhen/WGS_GWAS_and_MR/tmp_ssh_data/GWAS_european/gene_based/EuroPrePCA_ref38_rsID.psam] n_samples = 202952
 * pgen             : [/share/home/lsy_luzhen/WGS_GWAS_and_MR/tmp_ssh_data/GWAS_european/gene_based/EuroPrePCA_ref38_rsID.pgen] 
 * phenotypes       : [/share/home/lsy_luzhen/WGS_GWAS_and_MR/tmp_ssh_data/GWAS_european/T002_CIN3plus_phenotype.txt] n_pheno = 1
   -dropping observations with missing values at any of the phenotypes
   -number of phenotyped individuals with no missing data = 202952
 * covariates       : [/share/home/lsy_luzhen/WGS_GWAS_and_MR/tmp_ssh_data/GWAS_european/T002_CIN3plus_covars.txt] n_cov = 26
   -number of individuals with covariate data = 202952
 * number of individuals used in analysis = 202952
 * case-control counts for each trait:
   - 'CIN3plus': 5544 cases and 197408 controls
 * LOCO predictions : [/share/home/lsy_luzhen/WGS_GWAS_and_MR/tmp_ssh_data/GWAS_european/step1/regenie_step1_euro_cin3plus_pred.list]
   -file [/share/home/lsy_luzhen/WGS_GWAS_and_MR/tmp_ssh_data/GWAS_european/step1/regenie_step1_euro_cin3plus_1.loco] for phenotype 'CIN3plus'
 * annotations      : [/share/home/lsy_luzhen/WGS_GWAS_and_MR/tmp_ssh_data/GWAS_european/gene_based/anno_file_unique_filtered.txt] 
   +number of annotations categories = 6
 * masks            : [/share/home/lsy_luzhen/WGS_GWAS_and_MR/tmp_ssh_data/GWAS_european/gene_based/mask_file.txt] n_masks = 7
 * aaf cutoffs      : [ 4 : 0.001 0.01 0.05 0.1 ] + singletons
 * set file         : [/share/home/lsy_luzhen/WGS_GWAS_and_MR/tmp_ssh_data/GWAS_european/gene_based/set_list_unique_filtered.txt] n_sets = 1533
WARNING: Detected 24 sets with variants not in genetic data or annotation files.
 * # threads        : [16]
 * # tested sets    : [1533]
 * max block size   : [1000]
 * rule used to build masks : max
 * computing gene-based tests for each set of variants included in a mask (rho=[0,0.01,0.04,0.09,0.16,0.25,0.5,1])
  -variants with MAC <= 10 are collapsed into a mask
  -weights are obtained from Beta(MAF,1,25)
  -list of gene-based tests run: ACATO,ACATV,SKATO,SKATO-ACAT
 * applying ACAT to output overall gene p-value
 * approximate memory usage : 4040GB
 * using minimum MAC of 5 (masks with lower MAC are ignored)
 * using fast Firth correction for logistic/cox regression p-values less than 0.05
 * user specified to test only on select chromosomes
WARNING: Joint SBAT test only for QTs.
 * number of mask groups run through gene-p strategy = 2
 * list of joint tests run on burden masks: ACAT

Chromosome 12 [1533 sets in total]
   -reading loco predictions for the chromosome...done (7558ms) 
   -fitting null logistic regression on binary phenotypes...done (192ms) 
   -fitting null Firth logistic regression on binary phenotypes...done (2111ms) 
 set [1/1533] : A2M - 22086 variants...
     -reading in genotypes, computing gene-based tests and building masks...done (25346ms) 
     -computing association tests...done (51ms) 
     -computing joint association tests...done (0ms) 
 set [2/1533] : A2ML1 - 27070 variants...
     -reading in genotypes, computing gene-based tests and building masks...done (20662ms) 
     -computing association tests...done (15ms) 
     -computing joint association tests...done (1ms) 
 set [3/1533] : A2ML1-AS1 - 20998 variants...
     -reading in genotypes, computing gene-based tests and building masks...done (17029ms) 
     -computing association tests...done (12ms) 
     -computing joint association tests...done (0ms) 
 set [4/1533] : A2MP1 - 11081 variants...
     -reading in genotypes, computing gene-based tests and building masks...done (7620ms) 
     -computing association tests...done (44ms) 
     -computing joint association tests...done (0ms) 
 set [5/1533] : AAAS - 8701 variants...
     -reading in genotypes, computing gene-based tests and building masks...done (7409ms) 
     -computing association tests...done (49ms) 
     -computing joint association tests...done (0ms) 
 set [6/1533] : AACS - 38403 variants...
     -reading in genotypes, computing gene-based tests and building masks...done (36651ms) 
     -computing association tests...done (53ms) 
     -computing joint association tests...done (0ms) 
 set [7/1533] : ABCB9 - 22902 variants...
     -reading in genotypes, computing gene-based tests and building masks...done (22788ms) 
     -computing association tests...done (61ms) 
     -computing joint association tests...done (0ms) 
 set [8/1533] : ABCC9 - 64691 variants...
     -reading in genotypes, computing gene-based tests and building masks...done (71072ms) 
     -computing association tests...done (18ms) 
     -computing joint association tests...done (0ms) 
 set [9/1533] : ABCD2 - 32555 variants...
     -reading in genotypes, computing gene-based tests and building masks...done (33509ms) 
     -computing association tests...done (10ms) 
     -computing joint association tests...done (0ms) 
 set [10/1533] : ABTB3 - 143538 variants...
     -reading in genotypes, computing gene-based tests and building masks...done (215994ms) 
     -computing association tests...done (24ms) 
     -computing joint association tests...done (0ms) 
 set [11/1533] : ACACB - 71752 variants...
     -reading in genotypes, computing gene-based tests and building masks...done (81749ms) 
     -computing association tests...done (50ms) 
     -computing joint association tests...done (0ms) 
 set [12/1533] : ACAD10 - 33090 variants...
     -reading in genotypes, computing gene-based tests and building masks...done (28536ms) 
     -computing association tests...done (55ms) 
     -computing joint association tests...done (0ms) 
 set [13/1533] : ACADS - 11182 variants...
     -reading in genotypes, computing gene-based tests and building masks...done (9871ms) 
     -computing association tests...done (60ms) 
     -computing joint association tests...done (0ms) 
 set [14/1533] : ACRBP - 5829 variants...
     -reading in genotypes, computing gene-based tests and building masks...done (13023ms) 
     -computing association tests...done (45ms) 
     -computing joint association tests...done (0ms) 
 set [15/1533] : ACSM4 - 12752 variants...
     -reading in genotypes, computing gene-based tests and building masks...done (20049ms) 
     -computing association tests...done (23ms) 
     -computing joint association tests...done (0ms) 
 set [16/1533] : ACSS3 - 140200 variants...
     -reading in genotypes, computing gene-based tests and building masks...done (190173ms) 
     -computing association tests...done (17ms) 
     -computing joint association tests...done (0ms) 
 set [17/1533] : ACTR6 - 15115 variants...
     -reading in genotypes, computing gene-based tests and building masks...done (12344ms) 
     -computing association tests...done (60ms) 
     -computing joint association tests...done (0ms) 
 set [18/1533] : ACVR1B - 23024 variants...
     -reading in genotypes, computing gene-based tests and building masks...done (19440ms) 
     -computing association tests...done (12ms) 
     -computing joint association tests...done (0ms) 
 set [19/1533] : ACVRL1 - 9915 variants...
     -reading in genotypes, computing gene-based tests and building masks...done (7978ms) 
     -computing association tests...done (57ms) 
     -computing joint association tests...done (0ms) 
 set [20/1533] : ADAM1B - 1494 variants...
     -reading in genotypes, computing gene-based tests and building masks...done (1291ms) 
     -computing association tests...done (5ms) 
     -computing joint association tests...done (0ms) 
 set [21/1533] : ADAMTS20 - 90089 variants...
     -reading in genotypes, computing gene-based tests and building masks...done (103016ms) 
     -computing association tests...done (66ms) 
     -computing joint association tests...done (0ms) 
 set [22/1533] : ADCY6 - 10229 variants...
     -reading in genotypes, computing gene-based tests and building masks...done (13205ms) 
     -computing association tests...done (60ms) 
     -computing joint association tests...done (0ms) 
 set [23/1533] : ADCY6-DT - 3142 variants...
     -reading in genotypes, computing gene-based tests and building masks...done (3267ms) 
     -computing association tests...done (11ms) 
     -computing joint association tests...done (0ms) 
 set [24/1533] : ADGRD1 - 99102 variants...
     -reading in genotypes, computing gene-based tests and building masks...done (131065ms) 
     -computing association tests...done (52ms) 
     -computing joint association tests...done (0ms) 
 set [25/1533] : ADI1P3 - 5566 variants...
     -reading in genotypes, computing gene-based tests and building masks...done (5334ms) 
     -computing association tests...done (12ms) 
     -computing joint association tests...done (0ms) 
 set [26/1533] : ADIPOR2 - 46399 variants...
     -reading in genotypes, computing gene-based tests and building masks...done (48036ms) 
     -computing association tests...done (12ms) 
     -computing joint association tests...done (0ms) 
 set [27/1533] : AEBP2 - 125507 variants...
     -reading in genotypes, computing gene-based tests and building masks...done (155109ms) 
     -computing association tests...done (58ms) 
     -computing joint association tests...done (0ms) 
 set [28/1533] : AGAP2 - 8430 variants...
     -reading in genotypes, computing gene-based tests and building masks...done (9869ms) 
     -computing association tests...done (48ms) 
     -computing joint association tests...done (0ms) 
 set [29/1533] : AICDA - 8838 variants...
     -reading in genotypes, computing gene-based tests and building masks...done (7271ms) 
     -computing association tests...done (9ms) 
     -computing joint association tests...done (0ms) 
 set [30/1533] : AK4P3 - 21710 variants...
     -reading in genotypes, computing gene-based tests and building masks...done (24537ms) 
     -computing association tests...done (55ms) 
     -computing joint association tests...done (0ms) 
 set [31/1533] : AK6P1 - 4847 variants...
     -reading in genotypes, computing gene-based tests and building masks...done (4753ms) 
     -computing association tests...done (49ms) 
     -computing joint association tests...done (0ms) 
 set [32/1533] : AK6P2 - 3622 variants...
     -reading in genotypes, computing gene-based tests and building masks...done (5000ms) 
     -computing association tests...done (9ms) 
     -computing joint association tests...done (0ms) 
 set [33/1533] : AKAP3 - 12554 variants...
     -reading in genotypes, computing gene-based tests and building masks...done (15158ms) 
     -computing association tests...done (45ms) 
     -computing joint association tests...done (0ms) 
 set [34/1533] : ALDH1L2 - 40410 variants...
     -reading in genotypes, computing gene-based tests and building masks...done (70160ms) 
     -computing association tests...done (52ms) 
     -computing joint association tests...done (0ms) 
 set [35/1533] : ALDH2 - 23867 variants...
     -reading in genotypes, computing gene-based tests and building masks...done (17928ms) 
     -computing association tests...done (51ms) 
     -computing joint association tests...done (0ms) 
 set [36/1533] : ALG10 - 6501 variants...
     -reading in genotypes, computing gene-based tests and building masks...done (4747ms) 
     -computing association tests...done (11ms) 
     -computing joint association tests...done (0ms) 
 set [37/1533] : ALG10B - 13187 variants...
     -reading in genotypes, computing gene-based tests and building masks...done (10769ms) 
     -computing association tests...done (40ms) 
     -computing joint association tests...done (0ms) 
 set [38/1533] : ALX1 - 12983 variants...
     -reading in genotypes, computing gene-based tests and building masks...done (12402ms) 
     -computing association tests...done (10ms) 
     -computing joint association tests...done (0ms) 
 set [39/1533] : AMDHD1 - 13865 variants...
     -reading in genotypes, computing gene-based tests and building masks...done (62742ms) 
     -computing association tests...done (45ms) 
     -computing joint association tests...done (0ms) 
 set [40/1533] : AMHR2 - 7624 variants...
     -reading in genotypes, computing gene-based tests and building masks...done (14405ms) 
     -computing association tests...done (10ms) 
     -computing joint association tests...done (0ms) 
 set [41/1533] : AMIGO2 - 3002 variants...
     -reading in genotypes, computing gene-based tests and building masks...done (3523ms) 
     -computing association tests...done (58ms) 
     -computing joint association tests...done (0ms) 
 set [42/1533] : AMN1 - 23747 variants...
     -reading in genotypes, computing gene-based tests and building masks...done (16216ms) 
     -computing association tests...done (42ms) 
     -computing joint association tests...done (0ms) 
 set [43/1533] : ANAPC5 - 28004 variants...
     -reading in genotypes, computing gene-based tests and building masks...done (26171ms) 
     -computing association tests...done (45ms) 
     -computing joint association tests...done (0ms) 
 set [44/1533] : ANAPC7 - 23240 variants...
     -reading in genotypes, computing gene-based tests and building masks...done (25546ms) 
     -computing association tests...done (57ms) 
     -computing joint association tests...done (0ms) 
 set [45/1533] : ANHX - 11249 variants...
     -reading in genotypes, computing gene-based tests and building masks...done (14114ms) 
     -computing association tests...done (47ms) 
     -computing joint association tests...done (0ms) 
 set [46/1533] : ANKLE2 - 38409 variants...
     -reading in genotypes, computing gene-based tests and building masks...done (87757ms) 
     -computing association tests...done (15ms) 
     -computing joint association tests...done (0ms) 
 set [47/1533] : ANKRD13A - 18990 variants...
     -reading in genotypes, computing gene-based tests and building masks...done (13426ms) 
     -computing association tests...done (54ms) 
     -computing joint association tests...done (0ms) 
 set [48/1533] : ANKRD33 - 5240 variants...
     -reading in genotypes, computing gene-based tests and building masks...done (4838ms) 
     -computing association tests...done (9ms) 
     -computing joint association tests...done (0ms) 
 set [49/1533] : ANKRD52 - 10969 variants...
     -reading in genotypes, computing gene-based tests and building masks...done (12900ms) 
     -computing association tests...done (60ms) 
     -computing joint association tests...done (0ms) 
 set [50/1533] : ANKS1B - 501288 variants...
     -reading in genotypes, computing gene-based tests and building masks...done (1739940ms) 
     -computing association tests...done (16ms) 
     -computing joint association tests...done (0ms) 
 set [51/1533] : ANO2 - 175388 variants...
     -reading in genotypes, computing gene-based tests and building masks...done (352438ms) 
     -computing association tests...done (53ms) 
     -computing joint association tests...done (0ms) 
 set [52/1533] : ANO4 - 169948 variants...
     -reading in genotypes, computing gene-based tests and building masks...done (240704ms) 
     -computing association tests...done (17ms) 
     -computing joint association tests...done (0ms) 
 set [53/1533] : ANO6 - 95481 variants...
     -reading in genotypes, computing gene-based tests and building masks...done (107829ms) 
     -computing association tests...done (18ms) 
     -computing joint association tests...done (0ms) 
 set [54/1533] : ANP32D - 4981 variants...
     -reading in genotypes, computing gene-based tests and building masks...done (4450ms) 
     -computing association tests...done (19ms) 
     -computing joint association tests...done (0ms) 
 set [55/1533] : APAF1 - 45381 variants...
     -reading in genotypes, computing gene-based tests and building masks...done (46110ms) 
     -computing association tests...done (47ms) 
     -computing joint association tests...done (0ms) 
 set [56/1533] : APOBEC1 - 13688 variants...
     -reading in genotypes, computing gene-based tests and building masks...done (17943ms) 
     -computing association tests...done (55ms) 
     -computing joint association tests...done (0ms) 
 set [57/1533] : APOF - 5297 variants...
     -reading in genotypes, computing gene-based tests and building masks...done (10486ms) 
     -computing association tests...done (12ms) 
     -computing joint association tests...done (0ms) 
 set [58/1533] : APOLD1 - 26520 variants...
     -reading in genotypes, computing gene-based tests and building masks...done (29254ms) 
     -computing association tests...done (53ms) 
     -computing joint association tests...done (0ms) 
 set [59/1533] : APONP - 172 variants...
     -reading in genotypes, computing gene-based tests and building masks...done (259ms) 
     -computing association tests...done (0ms) 
     -computing joint association tests...done (0ms) 
 set [60/1533] : APOOP3 - 231 variants...
     -reading in genotypes, computing gene-based tests and building masks...done (603ms) 
     -computing association tests...done (1ms) 
     -computing joint association tests...done (0ms) 
 set [61/1533] : APPL2 - 30966 variants...
     -reading in genotypes, computing gene-based tests and building masks...done (25163ms) 
     -computing association tests...done (52ms) 
     -computing joint association tests...done (0ms) 
 set [62/1533] : AQP2 - 5159 variants...
     -reading in genotypes, computing gene-based tests and building masks...done (6384ms) 
     -computing association tests...done (12ms) 
     -computing joint association tests...done (0ms) 
 set [63/1533] : AQP5 - 7033 variants...
     -reading in genotypes, computing gene-based tests and building masks...done (5504ms) 
     -computing association tests...done (10ms) 
     -computing joint association tests...done (0ms) 
 set [64/1533] : AQP6 - 5799 variants...
     -reading in genotypes, computing gene-based tests and building masks...done (4387ms) 
     -computing association tests...done (13ms) 
     -computing joint association tests...done (0ms) 
 set [65/1533] : ARF3 - 14772 variants...
     -reading in genotypes, computing gene-based tests and building masks...done (19550ms) 
     -computing association tests...done (12ms) 
     -computing joint association tests...done (13ms) 
 set [66/1533] : ARHGAP9 - 2365 variants...
     -reading in genotypes, computing gene-based tests and building masks...done (7536ms) 
     -computing association tests...done (50ms) 
     -computing joint association tests...done (0ms) 
 set [67/1533] : ARHGDIB - 10746 variants...
     -reading in genotypes, computing gene-based tests and building masks...done (7718ms) 
     -computing association tests...done (11ms) 
     -computing joint association tests...done (0ms) 
 set [68/1533] : ARHGEF25 - 1494 variants...
     -reading in genotypes, computing gene-based tests and building masks...done (2235ms) 
     -computing association tests...done (5ms) 
     -computing joint association tests...done (0ms) 
 set [69/1533] : ARID2 - 76993 variants...
     -reading in genotypes, computing gene-based tests and building masks...done (64968ms) 
     -computing association tests...done (15ms) 
     -computing joint association tests...done (0ms) 
 set [70/1533] : ARL1 - 8564 variants...
     -reading in genotypes, computing gene-based tests and building masks...done (7671ms) 
     -computing association tests...done (44ms) 
     -computing joint association tests...done (0ms) 
 set [71/1533] : ARL2BPP2 - 2088 variants...
     -reading in genotypes, computing gene-based tests and building masks...done (6896ms) 
     -computing association tests...done (8ms) 
     -computing joint association tests...done (0ms) 
 set [72/1533] : ARPC3 - 12639 variants...
     -reading in genotypes, computing gene-based tests and building masks...done (14253ms) 
     -computing association tests...done (38ms) 
     -computing joint association tests...done (2ms) 
 set [73/1533] : ART4 - 9970 variants...
     -reading in genotypes, computing gene-based tests and building masks...done (16381ms) 
     -computing association tests...done (47ms) 
     -computing joint association tests...done (22ms) 
 set [74/1533] : ASB8 - 6120 variants...
     -reading in genotypes, computing gene-based tests and building masks...done (5030ms) 
     -computing association tests...done (13ms) 
     -computing joint association tests...done (19ms) 
 set [75/1533] : ASCL1 - 6744 variants...
     -reading in genotypes, computing gene-based tests and building masks...done (7164ms) 
     -computing association tests...done (12ms) 
     -computing joint association tests...done (2ms) 
 set [76/1533] : ASCL4 - 5258 variants...
     -reading in genotypes, computing gene-based tests and building masks...done (5755ms) 
     -computing association tests...done (50ms) 
     -computing joint association tests...done (0ms) 
 set [77/1533] : ASIC1 - 11863 variants...
     -reading in genotypes, computing gene-based tests and building masks...done (13623ms) 
     -computing association tests...done (10ms) 
     -computing joint association tests...done (0ms) 
 set [78/1533] : ASS1P14 - 1214 variants...
     -reading in genotypes, computing gene-based tests and building masks...done (1082ms) 
     -computing association tests...done (10ms) 
     -computing joint association tests...done (0ms) 
 set [79/1533] : ATF1 - 31838 variants...
     -reading in genotypes, computing gene-based tests and building masks...done (37852ms) 
     -computing association tests...done (13ms) 
     -computing joint association tests...done (0ms) 
 set [80/1533] : ATF7 - 47587 variants...
     -reading in genotypes, computing gene-based tests and building masks...done (46626ms) 
     -computing association tests...done (11ms) 
     -computing joint association tests...done (0ms) 
 set [81/1533] : ATF7IP - 58580 variants...
     -reading in genotypes, computing gene-based tests and building masks...done (66468ms) 
     -computing association tests...done (15ms) 
     -computing joint association tests...done (0ms) 
 set [82/1533] : ATG101 - 7866 variants...
     -reading in genotypes, computing gene-based tests and building masks...done (6578ms) 
     -computing association tests...done (16ms) 
     -computing joint association tests...done (0ms) 
 set [83/1533] : ATN1 - 9308 variants...
     -reading in genotypes, computing gene-based tests and building masks...done (11494ms) 
     -computing association tests...done (89ms) 
     -computing joint association tests...done (0ms) 
 set [84/1533] : ATP23 - 19450 variants...
     -reading in genotypes, computing gene-based tests and building masks...done (15346ms) 
     -computing association tests...done (22ms) 
     -computing joint association tests...done (0ms) 
 set [85/1533] : ATP2A2 - 36882 variants...
     -reading in genotypes, computing gene-based tests and building masks...done (32578ms) 
     -computing association tests...done (52ms) 
     -computing joint association tests...done (0ms) 
 set [86/1533] : ATP2B1 - 56342 variants...
     -reading in genotypes, computing gene-based tests and building masks...done (71859ms) 
     -computing association tests...done (64ms) 
     -computing joint association tests...done (0ms) 
 set [87/1533] : ATP2B1-AS1 - 158443 variants...
     -reading in genotypes, computing gene-based tests and building masks...done (282071ms) 
     -computing association tests...done (45ms) 
     -computing joint association tests...done (0ms) 
 set [88/1533] : ATP5F1B - 7313 variants...
     -reading in genotypes, computing gene-based tests and building masks...done (9660ms) 
     -computing association tests...done (57ms) 
     -computing joint association tests...done (0ms) 
 set [89/1533] : ATP5MC2 - 23458 variants...
     -reading in genotypes, computing gene-based tests and building masks...done (25633ms) 
     -computing association tests...done (41ms) 
     -computing joint association tests...done (0ms) 
 set [90/1533] : ATP5MFP5 - 129 variants...
     -reading in genotypes, computing gene-based tests and building masks...done (285ms) 
     -computing association tests...done (0ms) 
     -computing joint association tests...done (0ms) 
 set [91/1533] : ATP6V0A2 - 25210 variants...
     -reading in genotypes, computing gene-based tests and building masks...done (25681ms) 
     -computing association tests...done (13ms) 
     -computing joint association tests...done (0ms) 
 set [92/1533] : ATXN2 - 67769 variants...
     -reading in genotypes, computing gene-based tests and building masks...done (65755ms) 
     -computing association tests...done (45ms) 
     -computing joint association tests...done (0ms) 
 set [93/1533] : ATXN2-AS - 14602 variants...
     -reading in genotypes, computing gene-based tests and building masks...done (10987ms) 
     -computing association tests...done (9ms) 
     -computing joint association tests...done (0ms) 
 set [94/1533] : ATXN7L3B - 9178 variants...
     -reading in genotypes, computing gene-based tests and building masks...done (8284ms) 
     -computing association tests...done (45ms) 
     -computing joint association tests...done (0ms) 
 set [95/1533] : AVIL - 8788 variants...
     -reading in genotypes, computing gene-based tests and building masks...done (6440ms) 
     -computing association tests...done (14ms) 
     -computing joint association tests...done (0ms) 
 set [96/1533] : AVPR1A - 8133 variants...
     -reading in genotypes, computing gene-based tests and building masks...done (16236ms) 
     -computing association tests...done (56ms) 
     -computing joint association tests...done (0ms) 
 set [97/1533] : B4GALNT1 - 8943 variants...
     -reading in genotypes, computing gene-based tests and building masks...done (10308ms) 
     -computing association tests...done (11ms) 
     -computing joint association tests...done (0ms) 
 set [98/1533] : B4GALNT3 - 56626 variants...
     -reading in genotypes, computing gene-based tests and building masks...done (62511ms) 
     -computing association tests...done (18ms) 
     -computing joint association tests...done (0ms) 
 set [99/1533] : BAZ2A - 13144 variants...
     -reading in genotypes, computing gene-based tests and building masks...done (8982ms) 
     -computing association tests...done (44ms) 
     -computing joint association tests...done (0ms) 
 set [100/1533] : BBS10 - 5307 variants...
     -reading in genotypes, computing gene-based tests and building masks...done (4891ms) 
     -computing association tests...done (39ms) 
     -computing joint association tests...done (21ms) 
 set [101/1533] : BCAT1 - 65737 variants...
     -reading in genotypes, computing gene-based tests and building masks...done (63562ms) 
     -computing association tests...done (60ms) 
     -computing joint association tests...done (0ms) 
 set [102/1533] : BCDIN3D - 6692 variants...
     -reading in genotypes, computing gene-based tests and building masks...done (5218ms) 
     -computing association tests...done (9ms) 
     -computing joint association tests...done (0ms) 
 set [103/1533] : BCL2L14 - 28063 variants...
     -reading in genotypes, computing gene-based tests and building masks...done (25516ms) 
     -computing association tests...done (72ms) 
     -computing joint association tests...done (0ms) 
 set [104/1533] : BCL7A - 24411 variants...
     -reading in genotypes, computing gene-based tests and building masks...done (25301ms) 
     -computing association tests...done (10ms) 
     -computing joint association tests...done (0ms) 
 set [105/1533] : BEST3 - 22018 variants...
     -reading in genotypes, computing gene-based tests and building masks...done (24393ms) 
     -computing association tests...done (15ms) 
     -computing joint association tests...done (0ms) 
 set [106/1533] : BHLHE41 - 6873 variants...
     -reading in genotypes, computing gene-based tests and building masks...done (10932ms) 
     -computing association tests...done (47ms) 
     -computing joint association tests...done (0ms) 
 set [107/1533] : BICD1 - 127098 variants...
     -reading in genotypes, computing gene-based tests and building masks...done (191009ms) 
     -computing association tests...done (17ms) 
     -computing joint association tests...done (0ms) 
 set [108/1533] : BICD1-AS1 - 11432 variants...
     -reading in genotypes, computing gene-based tests and building masks...done (8012ms) 
     -computing association tests...done (11ms) 
     -computing joint association tests...done (0ms) 
 set [109/1533] : BICDL1 - 45744 variants...
     -reading in genotypes, computing gene-based tests and building masks...done (37246ms) 
     -computing association tests...done (54ms) 
     -computing joint association tests...done (0ms) 
 set [110/1533] : BIN2 - 22870 variants...
     -reading in genotypes, computing gene-based tests and building masks...done (24084ms) 
     -computing association tests...done (47ms) 
     -computing joint association tests...done (0ms) 
 set [111/1533] : BLOC1S1 - 3410 variants...
     -reading in genotypes, computing gene-based tests and building masks...done (4081ms) 
     -computing association tests...done (16ms) 
     -computing joint association tests...done (0ms) 
 set [112/1533] : BLTP3B - 51757 variants...
     -reading in genotypes, computing gene-based tests and building masks...done (55002ms) 
     -computing association tests...done (49ms) 
     -computing joint association tests...done (0ms) 
 set [113/1533] : BLTP3B-DT - 4025 variants...
     -reading in genotypes, computing gene-based tests and building masks...done (3006ms) 
     -computing association tests...done (11ms) 
     -computing joint association tests...done (0ms) 
 set [114/1533] : BMAL2 - 39222 variants...
     -reading in genotypes, computing gene-based tests and building masks...done (35631ms) 
     -computing association tests...done (11ms) 
     -computing joint association tests...done (0ms) 
 set [115/1533] : BMAL2-AS1 - 5376 variants...
     -reading in genotypes, computing gene-based tests and building masks...done (4994ms) 
     -computing association tests...done (9ms) 
     -computing joint association tests...done (0ms) 
 set [116/1533] : BORCS5 - 58002 variants...
     -reading in genotypes, computing gene-based tests and building masks...done (60649ms) 
     -computing association tests...done (15ms) 
     -computing joint association tests...done (0ms) 
 set [117/1533] : BORCS8P1 - 5049 variants...
     -reading in genotypes, computing gene-based tests and building masks...done (7937ms) 
     -computing association tests...done (8ms) 
     -computing joint association tests...done (8ms) 
 set [118/1533] : BRAP - 22009 variants...
     -reading in genotypes, computing gene-based tests and building masks...done (17250ms) 
     -computing association tests...done (50ms) 
     -computing joint association tests...done (0ms) 
 set [119/1533] : BRI3BP - 23999 variants...
     -reading in genotypes, computing gene-based tests and building masks...done (22098ms) 
     -computing association tests...done (14ms) 
     -computing joint association tests...done (0ms) 
 set [120/1533] : BRI3P2 - 2958 variants...
     -reading in genotypes, computing gene-based tests and building masks...done (2284ms) 
     -computing association tests...done (10ms) 
     -computing joint association tests...done (0ms) 
 set [121/1533] : BTBD10P1 - 3606 variants...
     -reading in genotypes, computing gene-based tests and building masks...done (6405ms) 
     -computing association tests...done (46ms) 
     -computing joint association tests...done (0ms) 
 set [122/1533] : BTG1 - 6864 variants...
     -reading in genotypes, computing gene-based tests and building masks...done (6215ms) 
     -computing association tests...done (66ms) 
     -computing joint association tests...done (0ms) 
 set [123/1533] : BTG1-DT - 39836 variants...
     -reading in genotypes, computing gene-based tests and building masks...done (35064ms) 
     -computing association tests...done (22ms) 
     -computing joint association tests...done (0ms) 
 set [124/1533] : BTG1P1 - 85 variants...
     -reading in genotypes, computing gene-based tests and building masks...done (529ms) 
     -computing association tests...done (1ms) 
     -computing joint association tests...done (0ms) 
 set [125/1533] : C12orf42 - 110887 variants...
     -reading in genotypes, computing gene-based tests and building masks...done (135987ms) 
     -computing association tests...done (17ms) 
     -computing joint association tests...done (0ms) 
 set [126/1533] : C12orf42-AS1 - 11373 variants...
     -reading in genotypes, computing gene-based tests and building masks...done (10382ms) 
     -computing association tests...done (48ms) 
     -computing joint association tests...done (0ms) 
 set [127/1533] : C12orf43 - 7635 variants...
     -reading in genotypes, computing gene-based tests and building masks...done (7946ms) 
     -computing association tests...done (11ms) 
     -computing joint association tests...done (0ms) 
 set [128/1533] : C12orf50 - 21417 variants...
     -reading in genotypes, computing gene-based tests and building masks...done (30646ms) 
     -computing association tests...done (14ms) 
     -computing joint association tests...done (0ms) 
 set [129/1533] : C12orf54 - 10654 variants...
     -reading in genotypes, computing gene-based tests and building masks...done (9874ms) 
     -computing association tests...done (49ms) 
     -computing joint association tests...done (0ms) 
 set [130/1533] : C12orf56 - 60804 variants...
     -reading in genotypes, computing gene-based tests and building masks...done (89538ms) 
     -computing association tests...done (58ms) 
     -computing joint association tests...done (0ms) 
 set [131/1533] : C12orf57 - 2882 variants...
     -reading in genotypes, computing gene-based tests and building masks...done (16183ms) 
     -computing association tests...done (47ms) 
     -computing joint association tests...done (0ms) 
 set [132/1533] : C12orf60 - 24223 variants...
     -reading in genotypes, computing gene-based tests and building masks...done (25612ms) 
     -computing association tests...done (47ms) 
     -computing joint association tests...done (0ms) 
 set [133/1533] : C12orf71 - 4790 variants...
     -reading in genotypes, computing gene-based tests and building masks...done (9225ms) 
     -computing association tests...done (66ms) 
     -computing joint association tests...done (0ms) 
 set [134/1533] : C12orf75 - 55791 variants...
     -reading in genotypes, computing gene-based tests and building masks...done (56024ms) 
     -computing association tests...done (51ms) 
     -computing joint association tests...done (7ms) 
 set [135/1533] : C12orf75-AS1 - 10629 variants...
     -reading in genotypes, computing gene-based tests and building masks...done (8864ms) 
     -computing association tests...done (12ms) 
     -computing joint association tests...done (0ms) 
 set [136/1533] : C12orf76 - 3689 variants...
     -reading in genotypes, computing gene-based tests and building masks...done (5154ms) 
     -computing association tests...done (18ms) 
     -computing joint association tests...done (0ms) 
 set [137/1533] : C1GALT1P1 - 6280 variants...
     -reading in genotypes, computing gene-based tests and building masks...done (11614ms) 
     -computing association tests...done (10ms) 
     -computing joint association tests...done (0ms) 
 set [138/1533] : C1QL4 - 6673 variants...
     -reading in genotypes, computing gene-based tests and building masks...done (6599ms) 
     -computing association tests...done (11ms) 
     -computing joint association tests...done (0ms) 
 set [139/1533] : C1R - 5618 variants...
     -reading in genotypes, computing gene-based tests and building masks...done (4425ms) 
     -computing association tests...done (10ms) 
     -computing joint association tests...done (0ms) 
 set [140/1533] : C1RL - 12740 variants...
     -reading in genotypes, computing gene-based tests and building masks...done (10585ms) 
     -computing association tests...done (54ms) 
     -computing joint association tests...done (0ms) 
 set [141/1533] : C1RL-AS1 - 1592 variants...
     -reading in genotypes, computing gene-based tests and building masks...done (1441ms) 
     -computing association tests...done (7ms) 
     -computing joint association tests...done (0ms) 
 set [142/1533] : C1S - 12584 variants...
     -reading in genotypes, computing gene-based tests and building masks...done (10257ms) 
     -computing association tests...done (52ms) 
     -computing joint association tests...done (0ms) 
 set [143/1533] : C2CD5 - 43382 variants...
     -reading in genotypes, computing gene-based tests and building masks...done (35214ms) 
     -computing association tests...done (13ms) 
     -computing joint association tests...done (0ms) 
 set [144/1533] : C2CD5-AS1 - 23786 variants...
     -reading in genotypes, computing gene-based tests and building masks...done (27311ms) 
     -computing association tests...done (44ms) 
     -computing joint association tests...done (0ms) 
 set [145/1533] : C3AR1 - 5807 variants...
     -reading in genotypes, computing gene-based tests and building masks...done (11614ms) 
     -computing association tests...done (50ms) 
     -computing joint association tests...done (0ms) 
 set [146/1533] : CABP1 - 15635 variants...
     -reading in genotypes, computing gene-based tests and building masks...done (12685ms) 
     -computing association tests...done (52ms) 
     -computing joint association tests...done (0ms) 
 set [147/1533] : CABP1-DT - 4840 variants...
     -reading in genotypes, computing gene-based tests and building masks...done (3576ms) 
     -computing association tests...done (12ms) 
     -computing joint association tests...done (0ms) 
 set [148/1533] : CACNA1C - 294355 variants...
     -reading in genotypes, computing gene-based tests and building masks...done (805447ms) 
     -computing association tests...done (55ms) 
     -computing joint association tests...done (0ms) 
 set [149/1533] : CACNA1C-IT1 - 3643 variants...
     -reading in genotypes, computing gene-based tests and building masks...done (2895ms) 
     -computing association tests...done (12ms) 
     -computing joint association tests...done (0ms) 
 set [150/1533] : CACNA2D4 - 42848 variants...
     -reading in genotypes, computing gene-based tests and building masks...done (38421ms) 
     -computing association tests...done (52ms) 
     -computing joint association tests...done (0ms) 
 set [151/1533] : CACNB3 - 6449 variants...
     -reading in genotypes, computing gene-based tests and building masks...done (8879ms) 
     -computing association tests...done (43ms) 
     -computing joint association tests...done (0ms) 
 set [152/1533] : CALCOCO1 - 11074 variants...
     -reading in genotypes, computing gene-based tests and building masks...done (8529ms) 
     -computing association tests...done (23ms) 
     -computing joint association tests...done (0ms) 
 set [153/1533] : CAMKK2 - 34329 variants...
     -reading in genotypes, computing gene-based tests and building masks...done (45031ms) 
     -computing association tests...done (61ms) 
     -computing joint association tests...done (0ms) 
 set [154/1533] : CAND1 - 25368 variants...
     -reading in genotypes, computing gene-based tests and building masks...done (22396ms) 
     -computing association tests...done (13ms) 
     -computing joint association tests...done (0ms) 
 set [155/1533] : CAPRIN2 - 24608 variants...
     -reading in genotypes, computing gene-based tests and building masks...done (22159ms) 
     -computing association tests...done (47ms) 
     -computing joint association tests...done (0ms) 
 set [156/1533] : CAPS2 - 27836 variants...
     -reading in genotypes, computing gene-based tests and building masks...done (26031ms) 
     -computing association tests...done (13ms) 
     -computing joint association tests...done (0ms) 
 set [157/1533] : CAPS2-AS1 - 18095 variants...
     -reading in genotypes, computing gene-based tests and building masks...done (13154ms) 
     -computing association tests...done (47ms) 
     -computing joint association tests...done (0ms) 
 set [158/1533] : CAPZA3 - 4722 variants...
     -reading in genotypes, computing gene-based tests and building masks...done (7940ms) 
     -computing association tests...done (12ms) 
     -computing joint association tests...done (0ms) 
 set [159/1533] : CASC18 - 20198 variants...
     -reading in genotypes, computing gene-based tests and building masks...done (15248ms) 
     -computing association tests...done (9ms) 
     -computing joint association tests...done (0ms) 
 set [160/1533] : CBX5 - 25245 variants...
     -reading in genotypes, computing gene-based tests and building masks...done (19570ms) 
     -computing association tests...done (55ms) 
     -computing joint association tests...done (0ms) 
 set [161/1533] : CCDC184 - 5078 variants...
     -reading in genotypes, computing gene-based tests and building masks...done (4674ms) 
     -computing association tests...done (12ms) 
     -computing joint association tests...done (25ms) 
 set [162/1533] : CCDC38 - 34168 variants...
     -reading in genotypes, computing gene-based tests and building masks...done (48206ms) 
     -computing association tests...done (44ms) 
     -computing joint association tests...done (15ms) 
 set [163/1533] : CCDC59 - 59294 variants...
     -reading in genotypes, computing gene-based tests and building masks...done (57470ms) 
     -computing association tests...done (15ms) 
     -computing joint association tests...done (8ms) 
 set [164/1533] : CCDC60 - 90364 variants...
     -reading in genotypes, computing gene-based tests and building masks...done (144958ms) 
     -computing association tests...done (19ms) 
     -computing joint association tests...done (15ms) 
 set [165/1533] : CCDC62 - 23672 variants...
     -reading in genotypes, computing gene-based tests and building masks...done (21163ms) 
     -computing association tests...done (41ms) 
     -computing joint association tests...done (12ms) 
 set [166/1533] : CCDC63 - 33732 variants...
     -reading in genotypes, computing gene-based tests and building masks...done (34217ms) 
     -computing association tests...done (49ms) 
     -computing joint association tests...done (19ms) 
 set [167/1533] : CCDC65 - 8362 variants...
     -reading in genotypes, computing gene-based tests and building masks...done (6403ms) 
     -computing association tests...done (44ms) 
     -computing joint association tests...done (7ms) 
 set [168/1533] : CCDC77 - 27737 variants...
     -reading in genotypes, computing gene-based tests and building masks...done (41703ms) 
     -computing association tests...done (61ms) 
     -computing joint association tests...done (2ms) 
 set [169/1533] : CCDC91 - 174026 variants...
     -reading in genotypes, computing gene-based tests and building masks...done (253674ms) 
     -computing association tests...done (15ms) 
     -computing joint association tests...done (26ms) 
 set [170/1533] : CCDC92 - 14775 variants...
     -reading in genotypes, computing gene-based tests and building masks...done (17330ms) 
     -computing association tests...done (72ms) 
     -computing joint association tests...done (14ms) 
 set [171/1533] : CCER1 - 10003 variants...
     -reading in genotypes, computing gene-based tests and building masks...done (8757ms) 
     -computing association tests...done (11ms) 
     -computing joint association tests...done (2ms) 
 set [172/1533] : CCND2 - 19381 variants...
     -reading in genotypes, computing gene-based tests and building masks...done (18950ms) 
     -computing association tests...done (11ms) 
     -computing joint association tests...done (1ms) 
 set [173/1533] : CCND2-AS1 - 7902 variants...
     -reading in genotypes, computing gene-based tests and building masks...done (9542ms) 
     -computing association tests...done (12ms) 
     -computing joint association tests...done (0ms) 
 set [174/1533] : CCNT1 - 14811 variants...
     -reading in genotypes, computing gene-based tests and building masks...done (13871ms) 
     -computing association tests...done (47ms) 
     -computing joint association tests...done (0ms) 
 set [175/1533] : CCT2 - 12401 variants...
     -reading in genotypes, computing gene-based tests and building masks...done (11179ms) 
     -computing association tests...done (48ms) 
     -computing joint association tests...done (0ms) 
 set [176/1533] : CD163 - 16016 variants...
     -reading in genotypes, computing gene-based tests and building masks...done (14466ms) 
     -computing association tests...done (43ms) 
     -computing joint association tests...done (0ms) 
 set [177/1533] : CD163L1 - 64823 variants...
     -reading in genotypes, computing gene-based tests and building masks...done (66071ms) 
     -computing association tests...done (53ms) 
     -computing joint association tests...done (0ms) 
 set [178/1533] : CD27 - 5351 variants...
     -reading in genotypes, computing gene-based tests and building masks...done (4387ms) 
     -computing association tests...done (10ms) 
     -computing joint association tests...done (0ms) 
 set [179/1533] : CD27-AS1 - 378 variants...
     -reading in genotypes, computing gene-based tests and building masks...done (379ms) 
     -computing association tests...done (2ms) 
     -computing joint association tests...done (0ms) 
 set [180/1533] : CD4 - 18587 variants...
     -reading in genotypes, computing gene-based tests and building masks...done (17044ms) 
     -computing association tests...done (51ms) 
     -computing joint association tests...done (0ms) 
 set [181/1533] : CD63 - 3934 variants...
     -reading in genotypes, computing gene-based tests and building masks...done (3432ms) 
     -computing association tests...done (9ms) 
     -computing joint association tests...done (0ms) 
 set [182/1533] : CD63-AS1 - 789 variants...
     -reading in genotypes, computing gene-based tests and building masks...done (870ms) 
     -computing association tests...done (6ms) 
     -computing joint association tests...done (0ms) 
 set [183/1533] : CD69 - 7110 variants...
     -reading in genotypes, computing gene-based tests and building masks...done (7252ms) 
     -computing association tests...done (54ms) 
     -computing joint association tests...done (0ms) 
 set [184/1533] : CD9 - 21133 variants...
     -reading in genotypes, computing gene-based tests and building masks...done (22733ms) 
     -computing association tests...done (47ms) 
     -computing joint association tests...done (3ms) 
 set [185/1533] : CDCA3 - 4606 variants...
     -reading in genotypes, computing gene-based tests and building masks...done (4898ms) 
     -computing association tests...done (9ms) 
     -computing joint association tests...done (20ms) 
 set [186/1533] : CDK17 - 58845 variants...
     -reading in genotypes, computing gene-based tests and building masks...done (63301ms) 
     -computing association tests...done (53ms) 
     -computing joint association tests...done (2ms) 
 set [187/1533] : CDK2 - 4673 variants...
     -reading in genotypes, computing gene-based tests and building masks...done (6040ms) 
     -computing association tests...done (11ms) 
     -computing joint association tests...done (22ms) 
 set [188/1533] : CDK2AP1 - 10149 variants...
     -reading in genotypes, computing gene-based tests and building masks...done (17206ms) 
     -computing association tests...done (13ms) 
     -computing joint association tests...done (16ms) 
 set [189/1533] : CDK4 - 1193 variants...
     -reading in genotypes, computing gene-based tests and building masks...done (8568ms) 
     -computing association tests...done (11ms) 
     -computing joint association tests...done (2ms) 
 set [190/1533] : CDKN1B - 12070 variants...
     -reading in genotypes, computing gene-based tests and building masks...done (16367ms) 
     -computing association tests...done (9ms) 
     -computing joint association tests...done (23ms) 
 set [191/1533] : CELA1 - 9486 variants...
     -reading in genotypes, computing gene-based tests and building masks...done (8209ms) 
     -computing association tests...done (9ms) 
     -computing joint association tests...done (10ms) 
 set [192/1533] : CEP290 - 30523 variants...
     -reading in genotypes, computing gene-based tests and building masks...done (21454ms) 
     -computing association tests...done (54ms) 
     -computing joint association tests...done (2ms) 
 set [193/1533] : CEP83 - 62303 variants...
     -reading in genotypes, computing gene-based tests and building masks...done (62059ms) 
     -computing association tests...done (55ms) 
     -computing joint association tests...done (2ms) 
 set [194/1533] : CEP83-DT - 955 variants...
     -reading in genotypes, computing gene-based tests and building masks...done (1008ms) 
     -computing association tests...done (42ms) 
     -computing joint association tests...done (0ms) 
 set [195/1533] : CERS5 - 23135 variants...
     -reading in genotypes, computing gene-based tests and building masks...done (27733ms) 
     -computing association tests...done (54ms) 
     -computing joint association tests...done (0ms) 
 set [196/1533] : CFAP251 - 38564 variants...
     -reading in genotypes, computing gene-based tests and building masks...done (52873ms) 
     -computing association tests...done (50ms) 
     -computing joint association tests...done (0ms) 
 set [197/1533] : CFAP54 - 168271 variants...
     -reading in genotypes, computing gene-based tests and building masks...done (255781ms) 
     -computing association tests...done (53ms) 
     -computing joint association tests...done (0ms) 
 set [198/1533] : CFAP73 - 8428 variants...
     -reading in genotypes, computing gene-based tests and building masks...done (7658ms) 
     -computing association tests...done (43ms) 
     -computing joint association tests...done (0ms) 
 set [199/1533] : CHD4 - 24691 variants...
     -reading in genotypes, computing gene-based tests and building masks...done (20701ms) 
     -computing association tests...done (12ms) 
     -computing joint association tests...done (0ms) 
 set [200/1533] : CHFR - 32685 variants...
     -reading in genotypes, computing gene-based tests and building masks...done (31831ms) 
     -computing association tests...done (48ms) 
     -computing joint association tests...done (0ms) 
 set [201/1533] : CHFR-DT - 350 variants...
     -reading in genotypes, computing gene-based tests and building masks...done (456ms) 
     -computing association tests...done (4ms) 
     -computing joint association tests...done (0ms) 
 set [202/1533] : CHPT1 - 14440 variants...
     -reading in genotypes, computing gene-based tests and building masks...done (9843ms) 
     -computing association tests...done (11ms) 
     -computing joint association tests...done (63ms) 
 set [203/1533] : CHST11 - 128821 variants...
     -reading in genotypes, computing gene-based tests and building masks...done (191058ms) 
     -computing association tests...done (17ms) 
     -computing joint association tests...done (0ms) 
 set [204/1533] : CISTR - 6471 variants...
     -reading in genotypes, computing gene-based tests and building masks...done (10144ms) 
     -computing association tests...done (9ms) 
     -computing joint association tests...done (0ms) 
 set [205/1533] : CIT - 82116 variants...
     -reading in genotypes, computing gene-based tests and building masks...done (82631ms) 
     -computing association tests...done (18ms) 
     -computing joint association tests...done (0ms) 
 set [206/1533] : CKAP4 - 22648 variants...
     -reading in genotypes, computing gene-based tests and building masks...done (17420ms) 
     -computing association tests...done (43ms) 
     -computing joint association tests...done (0ms) 
 set [207/1533] : CLEC12A - 10173 variants...
     -reading in genotypes, computing gene-based tests and building masks...done (12063ms) 
     -computing association tests...done (12ms) 
     -computing joint association tests...done (0ms) 
 set [208/1533] : CLEC12A-AS1 - 5784 variants...
     -reading in genotypes, computing gene-based tests and building masks...done (13141ms) 
     -computing association tests...done (39ms) 
     -computing joint association tests...done (0ms) 
 set [209/1533] : CLEC12B - 7277 variants...
     -reading in genotypes, computing gene-based tests and building masks...done (6020ms) 
     -computing association tests...done (10ms) 
     -computing joint association tests...done (0ms) 
 set [210/1533] : CLEC1A - 16956 variants...
     -reading in genotypes, computing gene-based tests and building masks...done (12939ms) 
     -computing association tests...done (48ms) 
     -computing joint association tests...done (0ms) 
 set [211/1533] : CLEC1B - 7774 variants...
     -reading in genotypes, computing gene-based tests and building masks...done (6854ms) 
     -computing association tests...done (50ms) 
     -computing joint association tests...done (0ms) 
 set [212/1533] : CLEC2A - 15761 variants...
     -reading in genotypes, computing gene-based tests and building masks...done (12309ms) 
     -computing association tests...done (17ms) 
     -computing joint association tests...done (0ms) 
 set [213/1533] : CLEC2B - 10639 variants...
     -reading in genotypes, computing gene-based tests and building masks...done (11436ms) 
     -computing association tests...done (48ms) 
     -computing joint association tests...done (0ms) 
 set [214/1533] : CLEC2D - 16434 variants...
     -reading in genotypes, computing gene-based tests and building masks...done (16739ms) 
     -computing association tests...done (10ms) 
     -computing joint association tests...done (0ms) 
 set [215/1533] : CLEC4A - 11487 variants...
     -reading in genotypes, computing gene-based tests and building masks...done (10966ms) 
     -computing association tests...done (50ms) 
     -computing joint association tests...done (0ms) 
 set [216/1533] : CLEC4C - 17552 variants...
     -reading in genotypes, computing gene-based tests and building masks...done (18755ms) 
     -computing association tests...done (12ms) 
     -computing joint association tests...done (0ms) 
 set [217/1533] : CLEC4D - 8606 variants...
     -reading in genotypes, computing gene-based tests and building masks...done (14902ms) 
     -computing association tests...done (53ms) 
     -computing joint association tests...done (0ms) 
 set [218/1533] : CLEC4E - 7303 variants...
     -reading in genotypes, computing gene-based tests and building masks...done (6683ms) 
     -computing association tests...done (15ms) 
     -computing joint association tests...done (0ms) 
 set [219/1533] : CLEC6A - 13692 variants...
     -reading in genotypes, computing gene-based tests and building masks...done (13819ms) 
     -computing association tests...done (52ms) 
     -computing joint association tests...done (0ms) 
 set [220/1533] : CLEC7A - 9576 variants...
     -reading in genotypes, computing gene-based tests and building masks...done (7805ms) 
     -computing association tests...done (18ms) 
     -computing joint association tests...done (0ms) 
 set [221/1533] : CLEC9A - 16580 variants...
     -reading in genotypes, computing gene-based tests and building masks...done (12511ms) 
     -computing association tests...done (11ms) 
     -computing joint association tests...done (0ms) 
 set [222/1533] : CLECL1P - 8217 variants...
     -reading in genotypes, computing gene-based tests and building masks...done (5713ms) 
     -computing association tests...done (48ms) 
     -computing joint association tests...done (0ms) 
 set [223/1533] : CLIC1P1 - 3546 variants...
     -reading in genotypes, computing gene-based tests and building masks...done (2629ms) 
     -computing association tests...done (9ms) 
     -computing joint association tests...done (0ms) 
 set [224/1533] : CLIP1 - 74180 variants...
     -reading in genotypes, computing gene-based tests and building masks...done (82976ms) 
     -computing association tests...done (61ms) 
     -computing joint association tests...done (0ms) 
 set [225/1533] : CLLU1 - 10528 variants...
     -reading in genotypes, computing gene-based tests and building masks...done (14382ms) 
     -computing association tests...done (41ms) 
     -computing joint association tests...done (0ms) 
 set [226/1533] : CLLU1-AS1 - 1488 variants...
     -reading in genotypes, computing gene-based tests and building masks...done (1302ms) 
     -computing association tests...done (48ms) 
     -computing joint association tests...done (0ms) 
 set [227/1533] : CLSTN3 - 15005 variants...
     -reading in genotypes, computing gene-based tests and building masks...done (10712ms) 
     -computing association tests...done (44ms) 
     -computing joint association tests...done (0ms) 
 set [228/1533] : CLUHP8 - 9617 variants...
     -reading in genotypes, computing gene-based tests and building masks...done (7721ms) 
     -computing association tests...done (9ms) 
     -computing joint association tests...done (2ms) 
 set [229/1533] : CMAS - 12826 variants...
     -reading in genotypes, computing gene-based tests and building masks...done (15559ms) 
     -computing association tests...done (50ms) 
     -computing joint association tests...done (2ms) 
 set [230/1533] : CMKLR1 - 25447 variants...
     -reading in genotypes, computing gene-based tests and building masks...done (18333ms) 
     -computing association tests...done (16ms) 
     -computing joint association tests...done (13ms) 
 set [231/1533] : CNOT2 - 50236 variants...
     -reading in genotypes, computing gene-based tests and building masks...done (54304ms) 
     -computing association tests...done (51ms) 
     -computing joint association tests...done (9ms) 
 set [232/1533] : CNPY2 - 6455 variants...
     -reading in genotypes, computing gene-based tests and building masks...done (6541ms) 
     -computing association tests...done (22ms) 
     -computing joint association tests...done (8ms) 
 set [233/1533] : CNTN1 - 163063 variants...
     -reading in genotypes, computing gene-based tests and building masks...done (238596ms) 
     -computing association tests...done (16ms) 
     -computing joint association tests...done (17ms) 
 set [234/1533] : COL2A1 - 16871 variants...
     -reading in genotypes, computing gene-based tests and building masks...done (12306ms) 
     -computing association tests...done (12ms) 
     -computing joint association tests...done (16ms) 
 set [235/1533] : COPS5P2 - 2350 variants...
     -reading in genotypes, computing gene-based tests and building masks...done (2128ms) 
     -computing association tests...done (41ms) 
     -computing joint association tests...done (0ms) 
 set [236/1533] : COPS7A - 8660 variants...
     -reading in genotypes, computing gene-based tests and building masks...done (7712ms) 
     -computing association tests...done (10ms) 
     -computing joint association tests...done (0ms) 
 set [237/1533] : COPZ1 - 16020 variants...
     -reading in genotypes, computing gene-based tests and building masks...done (15613ms) 
     -computing association tests...done (64ms) 
     -computing joint association tests...done (0ms) 
 set [238/1533] : COQ10A - 3365 variants...
     -reading in genotypes, computing gene-based tests and building masks...done (5671ms) 
     -computing association tests...done (9ms) 
     -computing joint association tests...done (0ms) 
 set [239/1533] : COQ5 - 14694 variants...
     -reading in genotypes, computing gene-based tests and building masks...done (16956ms) 
     -computing association tests...done (13ms) 
     -computing joint association tests...done (0ms) 
 set [240/1533] : CORO1C - 38530 variants...
     -reading in genotypes, computing gene-based tests and building masks...done (32627ms) 
     -computing association tests...done (52ms) 
     -computing joint association tests...done (0ms) 
 set [241/1533] : COX14 - 6441 variants...
     -reading in genotypes, computing gene-based tests and building masks...done (16041ms) 
     -computing association tests...done (11ms) 
     -computing joint association tests...done (0ms) 
 set [242/1533] : COX6A1 - 4154 variants...
     -reading in genotypes, computing gene-based tests and building masks...done (6435ms) 
     -computing association tests...done (46ms) 
     -computing joint association tests...done (0ms) 
 set [243/1533] : CPM - 42721 variants...
     -reading in genotypes, computing gene-based tests and building masks...done (37197ms) 
     -computing association tests...done (54ms) 
     -computing joint association tests...done (0ms) 
 set [244/1533] : CPNE8 - 122470 variants...
     -reading in genotypes, computing gene-based tests and building masks...done (133815ms) 
     -computing association tests...done (53ms) 
     -computing joint association tests...done (0ms) 
 set [245/1533] : CPNE8-AS1 - 1650 variants...
     -reading in genotypes, computing gene-based tests and building masks...done (1558ms) 
     -computing association tests...done (9ms) 
     -computing joint association tests...done (0ms) 
 set [246/1533] : CPSF6 - 22457 variants...
     -reading in genotypes, computing gene-based tests and building masks...done (27627ms) 
     -computing association tests...done (14ms) 
     -computing joint association tests...done (0ms) 
 set [247/1533] : CRACR2A - 66223 variants...
     -reading in genotypes, computing gene-based tests and building masks...done (67577ms) 
     -computing association tests...done (15ms) 
     -computing joint association tests...done (0ms) 
 set [248/1533] : CRADD - 82439 variants...
     -reading in genotypes, computing gene-based tests and building masks...done (87540ms) 
     -computing association tests...done (15ms) 
     -computing joint association tests...done (0ms) 
 set [249/1533] : CREBL2 - 21855 variants...
     -reading in genotypes, computing gene-based tests and building masks...done (18340ms) 
     -computing association tests...done (14ms) 
     -computing joint association tests...done (0ms) 
 set [250/1533] : CRY1 - 44796 variants...
     -reading in genotypes, computing gene-based tests and building masks...done (42273ms) 
     -computing association tests...done (45ms) 
     -computing joint association tests...done (0ms) 
 set [251/1533] : CS - 14607 variants...
     -reading in genotypes, computing gene-based tests and building masks...done (12014ms) 
     -computing association tests...done (51ms) 
     -computing joint association tests...done (0ms) 
 set [252/1533] : CSAD - 11677 variants...
     -reading in genotypes, computing gene-based tests and building masks...done (11653ms) 
     -computing association tests...done (50ms) 
     -computing joint association tests...done (0ms) 
 set [253/1533] : CSRNP2 - 12739 variants...
     -reading in genotypes, computing gene-based tests and building masks...done (11823ms) 
     -computing association tests...done (15ms) 
     -computing joint association tests...done (0ms) 
 set [254/1533] : CSRP2 - 10292 variants...
     -reading in genotypes, computing gene-based tests and building masks...done (20617ms) 
     -computing association tests...done (8ms) 
     -computing joint association tests...done (0ms) 
 set [255/1533] : CTDSP2 - 16792 variants...
     -reading in genotypes, computing gene-based tests and building masks...done (12158ms) 
     -computing association tests...done (13ms) 
     -computing joint association tests...done (0ms) 
 set [256/1533] : CUX2 - 133797 variants...
     -reading in genotypes, computing gene-based tests and building masks...done (200724ms) 
     -computing association tests...done (46ms) 
     -computing joint association tests...done (0ms) 
 set [257/1533] : CYCSP30 - 103 variants...
     -reading in genotypes, computing gene-based tests and building masks...done (4634ms) 
     -computing association tests...done (0ms) 
     -computing joint association tests...done (0ms) 
 set [258/1533] : CYP27B1 - 3275 variants...
     -reading in genotypes, computing gene-based tests and building masks...done (5402ms) 
     -computing association tests...done (5ms) 
     -computing joint association tests...done (0ms) 
 set [259/1533] : DAO - 17458 variants...
     -reading in genotypes, computing gene-based tests and building masks...done (13595ms) 
     -computing association tests...done (50ms) 
     -computing joint association tests...done (0ms) 
 set [260/1533] : DAZAP2 - 5414 variants...
     -reading in genotypes, computing gene-based tests and building masks...done (4434ms) 
     -computing association tests...done (42ms) 
     -computing joint association tests...done (0ms) 
 set [261/1533] : DBX2 - 21127 variants...
     -reading in genotypes, computing gene-based tests and building masks...done (23358ms) 
     -computing association tests...done (12ms) 
     -computing joint association tests...done (0ms) 
 set [262/1533] : DBX2-AS1 - 42664 variants...
     -reading in genotypes, computing gene-based tests and building masks...done (46284ms) 
     -computing association tests...done (14ms) 
     -computing joint association tests...done (0ms) 
 set [263/1533] : DCD - 5430 variants...
     -reading in genotypes, computing gene-based tests and building masks...done (7973ms) 
     -computing association tests...done (62ms) 
     -computing joint association tests...done (0ms) 
 set [264/1533] : DCN - 21451 variants...
     -reading in genotypes, computing gene-based tests and building masks...done (14454ms) 
     -computing association tests...done (11ms) 
     -computing joint association tests...done (0ms) 
 set [265/1533] : DCP1B - 26360 variants...
     -reading in genotypes, computing gene-based tests and building masks...done (27388ms) 
     -computing association tests...done (55ms) 
     -computing joint association tests...done (0ms) 
 set [266/1533] : DCTN2 - 3566 variants...
     -reading in genotypes, computing gene-based tests and building masks...done (6004ms) 
     -computing association tests...done (8ms) 
     -computing joint association tests...done (0ms) 
 set [267/1533] : DDIT3 - 1707 variants...
     -reading in genotypes, computing gene-based tests and building masks...done (2591ms) 
     -computing association tests...done (62ms) 
     -computing joint association tests...done (0ms) 
 set [268/1533] : DDN - 6306 variants...
     -reading in genotypes, computing gene-based tests and building masks...done (5091ms) 
     -computing association tests...done (49ms) 
     -computing joint association tests...done (0ms) 
 set [269/1533] : DDX11 - 19919 variants...
     -reading in genotypes, computing gene-based tests and building masks...done (14513ms) 
     -computing association tests...done (11ms) 
     -computing joint association tests...done (0ms) 
 set [270/1533] : DDX11-AS1 - 18077 variants...
     -reading in genotypes, computing gene-based tests and building masks...done (12898ms) 
     -computing association tests...done (10ms) 
     -computing joint association tests...done (0ms) 
 set [271/1533] : DDX11L8 - 8524 variants...
     -reading in genotypes, computing gene-based tests and building masks...done (26102ms) 
     -computing association tests...done (11ms) 
     -computing joint association tests...done (0ms) 
 set [272/1533] : DDX12B - 17706 variants...
     -reading in genotypes, computing gene-based tests and building masks...done (32893ms) 
     -computing association tests...done (59ms) 
     -computing joint association tests...done (0ms) 
 set [273/1533] : DDX12P - 448 variants...
     -reading in genotypes, computing gene-based tests and building masks...done (9122ms) 
     -computing association tests...done (48ms) 
     -computing joint association tests...done (0ms) 
 set [274/1533] : DDX23 - 12441 variants...
     -reading in genotypes, computing gene-based tests and building masks...done (10243ms) 
     -computing association tests...done (65ms) 
     -computing joint association tests...done (17ms) 
 set [275/1533] : DDX47 - 12148 variants...
     -reading in genotypes, computing gene-based tests and building masks...done (9488ms) 
     -computing association tests...done (47ms) 
     -computing joint association tests...done (18ms) 
 set [276/1533] : DDX51 - 12517 variants...
     -reading in genotypes, computing gene-based tests and building masks...done (44868ms) 
     -computing association tests...done (11ms) 
     -computing joint association tests...done (2ms) 
 set [277/1533] : DDX54 - 6541 variants...
     -reading in genotypes, computing gene-based tests and building masks...done (5461ms) 
     -computing association tests...done (11ms) 
     -computing joint association tests...done (11ms) 
 set [278/1533] : DDX55 - 10215 variants...
     -reading in genotypes, computing gene-based tests and building masks...done (7472ms) 
     -computing association tests...done (10ms) 
     -computing joint association tests...done (22ms) 
 set [279/1533] : DDX55P1 - 517 variants...
     -reading in genotypes, computing gene-based tests and building masks...done (602ms) 
     -computing association tests...done (4ms) 
     -computing joint association tests...done (0ms) 
 set [280/1533] : DENND5B - 95703 variants...
     -reading in genotypes, computing gene-based tests and building masks...done (118714ms) 
     -computing association tests...done (18ms) 
     -computing joint association tests...done (0ms) 
 set [281/1533] : DENND5B-AS1 - 5854 variants...
     -reading in genotypes, computing gene-based tests and building masks...done (4520ms) 
     -computing association tests...done (13ms) 
     -computing joint association tests...done (30ms) 
 set [282/1533] : DENR - 14841 variants...
     -reading in genotypes, computing gene-based tests and building masks...done (15341ms) 
     -computing association tests...done (47ms) 
     -computing joint association tests...done (13ms) 
 set [283/1533] : DEPDC4 - 15753 variants...
     -reading in genotypes, computing gene-based tests and building masks...done (11957ms) 
     -computing association tests...done (16ms) 
     -computing joint association tests...done (2ms) 
 set [284/1533] : DERA - 55127 variants...
     -reading in genotypes, computing gene-based tests and building masks...done (52117ms) 
     -computing association tests...done (50ms) 
     -computing joint association tests...done (6ms) 
 set [285/1533] : DGKA - 12684 variants...
     -reading in genotypes, computing gene-based tests and building masks...done (9108ms) 
     -computing association tests...done (44ms) 
     -computing joint association tests...done (9ms) 
 set [286/1533] : DHH - 4337 variants...
     -reading in genotypes, computing gene-based tests and building masks...done (8421ms) 
     -computing association tests...done (60ms) 
     -computing joint association tests...done (14ms) 
 set [287/1533] : DHX37 - 23614 variants...
     -reading in genotypes, computing gene-based tests and building masks...done (19543ms) 
     -computing association tests...done (62ms) 
     -computing joint association tests...done (2ms) 
 set [288/1533] : DIABLO - 14973 variants...
     -reading in genotypes, computing gene-based tests and building masks...done (11940ms) 
     -computing association tests...done (69ms) 
     -computing joint association tests...done (2ms) 
 set [289/1533] : DIP2B - 115450 variants...
     -reading in genotypes, computing gene-based tests and building masks...done (301385ms) 
     -computing association tests...done (67ms) 
     -computing joint association tests...done (13ms) 
 set [290/1533] : DNAH10 - 83388 variants...
     -reading in genotypes, computing gene-based tests and building masks...done (282872ms) 
     -computing association tests...done (57ms) 
     -computing joint association tests...done (17ms) 
 set [291/1533] : DNAI7 - 39375 variants...
     -reading in genotypes, computing gene-based tests and building masks...done (37321ms) 
     -computing association tests...done (16ms) 
     -computing joint association tests...done (12ms) 
 set [292/1533] : DNAJC14 - 1595 variants...
     -reading in genotypes, computing gene-based tests and building masks...done (1809ms) 
     -computing association tests...done (46ms) 
     -computing joint association tests...done (25ms) 
 set [293/1533] : DNAJC22 - 9194 variants...
     -reading in genotypes, computing gene-based tests and building masks...done (14920ms) 
     -computing association tests...done (65ms) 
     -computing joint association tests...done (7ms) 
 set [294/1533] : DNM1L - 30033 variants...
     -reading in genotypes, computing gene-based tests and building masks...done (27990ms) 
     -computing association tests...done (55ms) 
     -computing joint association tests...done (2ms) 
 set [295/1533] : DPPA3 - 8693 variants...
     -reading in genotypes, computing gene-based tests and building masks...done (8954ms) 
     -computing association tests...done (10ms) 
     -computing joint association tests...done (12ms) 
 set [296/1533] : DPPA3P5 - 200 variants...
     -reading in genotypes, computing gene-based tests and building masks...done (4828ms) 
     -computing association tests...done (4ms) 
     -computing joint association tests...done (0ms) 
 set [297/1533] : DPY19L2 - 54368 variants...
     -reading in genotypes, computing gene-based tests and building masks...done (60165ms) 
     -computing association tests...done (51ms) 
     -computing joint association tests...done (0ms) 
 set [298/1533] : DRAM1 - 45812 variants...
     -reading in genotypes, computing gene-based tests and building masks...done (41054ms) 
     -computing association tests...done (12ms) 
     -computing joint association tests...done (0ms) 
 set [299/1533] : DSTNP2 - 475 variants...
     -reading in genotypes, computing gene-based tests and building masks...done (4547ms) 
     -computing association tests...done (4ms) 
     -computing joint association tests...done (0ms) 
 set [300/1533] : DTX1 - 21749 variants...
     -reading in genotypes, computing gene-based tests and building masks...done (17455ms) 
     -computing association tests...done (11ms) 
     -computing joint association tests...done (0ms) 
 set [301/1533] : DTX3 - 2867 variants...
     -reading in genotypes, computing gene-based tests and building masks...done (2931ms) 
     -computing association tests...done (66ms) 
     -computing joint association tests...done (0ms) 
 set [302/1533] : DUSP16 - 43322 variants...
     -reading in genotypes, computing gene-based tests and building masks...done (41497ms) 
     -computing association tests...done (66ms) 
     -computing joint association tests...done (0ms) 
 set [303/1533] : DUSP6 - 7211 variants...
     -reading in genotypes, computing gene-based tests and building masks...done (8447ms) 
     -computing association tests...done (11ms) 
     -computing joint association tests...done (0ms) 
 set [304/1533] : DUX4L27 - 581 variants...
     -reading in genotypes, computing gene-based tests and building masks...done (7544ms) 
     -computing association tests...done (4ms) 
     -computing joint association tests...done (0ms) 
 set [305/1533] : DUX4L52 - 4686 variants...
     -reading in genotypes, computing gene-based tests and building masks...done (3253ms) 
     -computing association tests...done (8ms) 
     -computing joint association tests...done (8ms) 
 set [306/1533] : DYNLL1 - 7261 variants...
     -reading in genotypes, computing gene-based tests and building masks...done (11629ms) 
     -computing association tests...done (10ms) 
     -computing joint association tests...done (0ms) 
 set [307/1533] : DYNLL1P4 - 109 variants...
     -reading in genotypes, computing gene-based tests and building masks...done (249ms) 
     -computing association tests...done (0ms) 
     -computing joint association tests...done (0ms) 
 set [308/1533] : DYRK2 - 11650 variants...
     -reading in genotypes, computing gene-based tests and building masks...done (7982ms) 
     -computing association tests...done (10ms) 
     -computing joint association tests...done (0ms) 
 set [309/1533] : DYRK4 - 17621 variants...
     -reading in genotypes, computing gene-based tests and building masks...done (12191ms) 
     -computing association tests...done (10ms) 
     -computing joint association tests...done (0ms) 
 set [310/1533] : E2F7 - 20526 variants...
     -reading in genotypes, computing gene-based tests and building masks...done (17079ms) 
     -computing association tests...done (15ms) 
     -computing joint association tests...done (0ms) 
 set [311/1533] : EEA1 - 66481 variants...
     -reading in genotypes, computing gene-based tests and building masks...done (65264ms) 
     -computing association tests...done (61ms) 
     -computing joint association tests...done (0ms) 
 set [312/1533] : EEF1A1P16 - 601 variants...
     -reading in genotypes, computing gene-based tests and building masks...done (609ms) 
     -computing association tests...done (4ms) 
     -computing joint association tests...done (0ms) 
 set [313/1533] : EEF1A1P17 - 4307 variants...
     -reading in genotypes, computing gene-based tests and building masks...done (8337ms) 
     -computing association tests...done (9ms) 
     -computing joint association tests...done (0ms) 
 set [314/1533] : EEF1A1P33 - 2699 variants...
     -reading in genotypes, computing gene-based tests and building masks...done (13845ms) 
     -computing association tests...done (8ms) 
     -computing joint association tests...done (0ms) 
 set [315/1533] : EEF1AKMT3 - 6338 variants...
     -reading in genotypes, computing gene-based tests and building masks...done (6291ms) 
     -computing association tests...done (44ms) 
     -computing joint association tests...done (0ms) 
 set [316/1533] : EEF1B2P4 - 133 variants...
     -reading in genotypes, computing gene-based tests and building masks...done (343ms) 
     -computing association tests...done (48ms) 
     -computing joint association tests...done (0ms) 
 set [317/1533] : EIF2B1 - 5556 variants...
     -reading in genotypes, computing gene-based tests and building masks...done (5066ms) 
     -computing association tests...done (10ms) 
     -computing joint association tests...done (0ms) 
 set [318/1533] : EIF2S3B - 15791 variants...
     -reading in genotypes, computing gene-based tests and building masks...done (17489ms) 
     -computing association tests...done (15ms) 
     -computing joint association tests...done (0ms) 
 set [319/1533] : EIF4A1P4 - 2539 variants...
     -reading in genotypes, computing gene-based tests and building masks...done (8102ms) 
     -computing association tests...done (9ms) 
     -computing joint association tests...done (0ms) 
 set [320/1533] : EIF4B - 24452 variants...
     -reading in genotypes, computing gene-based tests and building masks...done (24174ms) 
     -computing association tests...done (10ms) 
     -computing joint association tests...done (0ms) 
 set [321/1533] : ELK3 - 36049 variants...
     -reading in genotypes, computing gene-based tests and building masks...done (35644ms) 
     -computing association tests...done (13ms) 
     -computing joint association tests...done (0ms) 
 set [322/1533] : EMG1 - 5358 variants...
     -reading in genotypes, computing gene-based tests and building masks...done (5311ms) 
     -computing association tests...done (54ms) 
     -computing joint association tests...done (14ms) 
 set [323/1533] : EMP1 - 12759 variants...
     -reading in genotypes, computing gene-based tests and building masks...done (12116ms) 
     -computing association tests...done (12ms) 
     -computing joint association tests...done (0ms) 
 set [324/1533] : ENDOU - 10216 variants...
     -reading in genotypes, computing gene-based tests and building masks...done (8112ms) 
     -computing association tests...done (41ms) 
     -computing joint association tests...done (0ms) 
 set [325/1533] : ENO2 - 4298 variants...
     -reading in genotypes, computing gene-based tests and building masks...done (3682ms) 
     -computing association tests...done (11ms) 
     -computing joint association tests...done (0ms) 
 set [326/1533] : ENPP7P5 - 263 variants...
     -reading in genotypes, computing gene-based tests and building masks...done (6130ms) 
     -computing association tests...done (17ms) 
     -computing joint association tests...done (0ms) 
 set [327/1533] : EP400 - 64984 variants...
     -reading in genotypes, computing gene-based tests and building masks...done (56984ms) 
     -computing association tests...done (50ms) 
     -computing joint association tests...done (0ms) 
 set [328/1533] : EP400P1 - 9301 variants...
     -reading in genotypes, computing gene-based tests and building masks...done (20835ms) 
     -computing association tests...done (47ms) 
     -computing joint association tests...done (0ms) 
 set [329/1533] : EPS8 - 95674 variants...
     -reading in genotypes, computing gene-based tests and building masks...done (94826ms) 
     -computing association tests...done (19ms) 
     -computing joint association tests...done (0ms) 
 set [330/1533] : EPYC - 20632 variants...
     -reading in genotypes, computing gene-based tests and building masks...done (14937ms) 
     -computing association tests...done (40ms) 
     -computing joint association tests...done (0ms) 
 set [331/1533] : ERBB3 - 16637 variants...
     -reading in genotypes, computing gene-based tests and building masks...done (16693ms) 
     -computing association tests...done (11ms) 
     -computing joint association tests...done (0ms) 
 set [332/1533] : ERC1 - 295805 variants...
     -reading in genotypes, computing gene-based tests and building masks...done (11755966ms) 
     -computing association tests...done (53ms) 
     -computing joint association tests...done (0ms) 
 set [333/1533] : ERGIC2 - 18760 variants...
     -reading in genotypes, computing gene-based tests and building masks...done (12959ms) 
     -computing association tests...done (59ms) 
     -computing joint association tests...done (0ms) 
 set [334/1533] : ERP27 - 14718 variants...
     -reading in genotypes, computing gene-based tests and building masks...done (9903ms) 
     -computing association tests...done (48ms) 
     -computing joint association tests...done (0ms) 
 set [335/1533] : ERP29 - 6198 variants...
     -reading in genotypes, computing gene-based tests and building masks...done (6178ms) 
     -computing association tests...done (10ms) 
     -computing joint association tests...done (0ms) 
 set [336/1533] : ESPL1 - 11071 variants...
     -reading in genotypes, computing gene-based tests and building masks...done (10019ms) 
     -computing association tests...done (53ms) 
     -computing joint association tests...done (0ms) 
 set [337/1533] : ESYT1 - 9739 variants...
     -reading in genotypes, computing gene-based tests and building masks...done (9720ms) 
     -computing association tests...done (48ms) 
     -computing joint association tests...done (0ms) 
 set [338/1533] : ETFBKMT - 7236 variants...
     -reading in genotypes, computing gene-based tests and building masks...done (6022ms) 
     -computing association tests...done (9ms) 
     -computing joint association tests...done (0ms) 
 set [339/1533] : ETFRF1 - 8875 variants...
     -reading in genotypes, computing gene-based tests and building masks...done (7396ms) 
     -computing association tests...done (13ms) 
     -computing joint association tests...done (0ms) 
 set [340/1533] : ETNK1 - 29705 variants...
     -reading in genotypes, computing gene-based tests and building masks...done (23377ms) 
     -computing association tests...done (70ms) 
     -computing joint association tests...done (0ms) 
 set [341/1533] : ETNK1-DT - 20076 variants...
     -reading in genotypes, computing gene-based tests and building masks...done (15631ms) 
     -computing association tests...done (41ms) 
     -computing joint association tests...done (29ms) 
 set [342/1533] : ETV6 - 110549 variants...
     -reading in genotypes, computing gene-based tests and building masks...done (137728ms) 
     -computing association tests...done (14ms) 
     -computing joint association tests...done (16ms) 
 set [343/1533] : FAIM2 - 23815 variants...
     -reading in genotypes, computing gene-based tests and building masks...done (26004ms) 
     -computing association tests...done (56ms) 
     -computing joint association tests...done (12ms) 
 set [344/1533] : FAM133GP - 3875 variants...
     -reading in genotypes, computing gene-based tests and building masks...done (11184ms) 
     -computing association tests...done (9ms) 
     -computing joint association tests...done (0ms) 
 set [345/1533] : FAM138D - 6667 variants...
     -reading in genotypes, computing gene-based tests and building masks...done (56035ms) 
     -computing association tests...done (19ms) 
     -computing joint association tests...done (0ms) 
 set [346/1533] : FAM186A - 33369 variants...
     -reading in genotypes, computing gene-based tests and building masks...done (29535ms) 
     -computing association tests...done (45ms) 
     -computing joint association tests...done (0ms) 
 set [347/1533] : FAM186B - 10394 variants...
     -reading in genotypes, computing gene-based tests and building masks...done (17316ms) 
     -computing association tests...done (9ms) 
     -computing joint association tests...done (0ms) 
 set [348/1533] : FAM216A - 11543 variants...
     -reading in genotypes, computing gene-based tests and building masks...done (8885ms) 
     -computing association tests...done (10ms) 
     -computing joint association tests...done (9ms) 
 set [349/1533] : FAM222A - 29436 variants...
     -reading in genotypes, computing gene-based tests and building masks...done (22537ms) 
     -computing association tests...done (41ms) 
     -computing joint association tests...done (12ms) 
 set [350/1533] : FAM222A-AS1 - 921 variants...
     -reading in genotypes, computing gene-based tests and building masks...done (838ms) 
     -computing association tests...done (6ms) 
     -computing joint association tests...done (0ms) 
 set [351/1533] : FAM234B - 28847 variants...
     -reading in genotypes, computing gene-based tests and building masks...done (21918ms) 
     -computing association tests...done (20ms) 
     -computing joint association tests...done (0ms) 
 set [352/1533] : FAM242C - 1966 variants...
     -reading in genotypes, computing gene-based tests and building masks...done (1694ms) 
     -computing association tests...done (45ms) 
     -computing joint association tests...done (0ms) 
 set [353/1533] : FAM66C - 13284 variants...
     -reading in genotypes, computing gene-based tests and building masks...done (11770ms) 
     -computing association tests...done (41ms) 
     -computing joint association tests...done (0ms) 
 set [354/1533] : FAM86FP - 479 variants...
     -reading in genotypes, computing gene-based tests and building masks...done (620ms) 
     -computing association tests...done (53ms) 
     -computing joint association tests...done (0ms) 
 set [355/1533] : FAM90A1 - 9336 variants...
     -reading in genotypes, computing gene-based tests and building masks...done (8411ms) 
     -computing association tests...done (46ms) 
     -computing joint association tests...done (0ms) 
 set [356/1533] : FAR2 - 79290 variants...
     -reading in genotypes, computing gene-based tests and building masks...done (80314ms) 
     -computing association tests...done (15ms) 
     -computing joint association tests...done (0ms) 
 set [357/1533] : FBRSL1 - 59897 variants...
     -reading in genotypes, computing gene-based tests and building masks...done (66509ms) 
     -computing association tests...done (69ms) 
     -computing joint association tests...done (0ms) 
 set [358/1533] : FBXL14 - 18153 variants...
     -reading in genotypes, computing gene-based tests and building masks...done (14275ms) 
     -computing association tests...done (51ms) 
     -computing joint association tests...done (0ms) 
 set [359/1533] : FBXO21 - 25327 variants...
     -reading in genotypes, computing gene-based tests and building masks...done (20589ms) 
     -computing association tests...done (13ms) 
     -computing joint association tests...done (0ms) 
 set [360/1533] : FBXW8 - 50167 variants...
     -reading in genotypes, computing gene-based tests and building masks...done (42380ms) 
     -computing association tests...done (47ms) 
     -computing joint association tests...done (0ms) 
 set [361/1533] : FERRY3 - 22063 variants...
     -reading in genotypes, computing gene-based tests and building masks...done (19423ms) 
     -computing association tests...done (14ms) 
     -computing joint association tests...done (0ms) 
 set [362/1533] : FGD4 - 109317 variants...
     -reading in genotypes, computing gene-based tests and building masks...done (132692ms) 
     -computing association tests...done (15ms) 
     -computing joint association tests...done (0ms) 
 set [363/1533] : FGD6 - 71421 variants...
     -reading in genotypes, computing gene-based tests and building masks...done (121396ms) 
     -computing association tests...done (50ms) 
     -computing joint association tests...done (0ms) 
 set [364/1533] : FGF23 - 7890 variants...
     -reading in genotypes, computing gene-based tests and building masks...done (6530ms) 
     -computing association tests...done (46ms) 
     -computing joint association tests...done (0ms) 
 set [365/1533] : FGF6 - 8673 variants...
     -reading in genotypes, computing gene-based tests and building masks...done (15387ms) 
     -computing association tests...done (10ms) 
     -computing joint association tests...done (0ms) 
 set [366/1533] : FGFR1OP2 - 9890 variants...
     -reading in genotypes, computing gene-based tests and building masks...done (16173ms) 
     -computing association tests...done (15ms) 
     -computing joint association tests...done (0ms) 
 set [367/1533] : FICD - 6696 variants...
     -reading in genotypes, computing gene-based tests and building masks...done (9987ms) 
     -computing association tests...done (12ms) 
     -computing joint association tests...done (2ms) 
 set [368/1533] : FIGNL2 - 19278 variants...
     -reading in genotypes, computing gene-based tests and building masks...done (20675ms) 
     -computing association tests...done (63ms) 
     -computing joint association tests...done (18ms) 
 set [369/1533] : FIGNL2-DT - 2804 variants...
     -reading in genotypes, computing gene-based tests and building masks...done (2134ms) 
     -computing association tests...done (8ms) 
     -computing joint association tests...done (0ms) 
 set [370/1533] : FKBP11 - 6340 variants...
     -reading in genotypes, computing gene-based tests and building masks...done (10025ms) 
     -computing association tests...done (51ms) 
     -computing joint association tests...done (0ms) 
 set [371/1533] : FKBP4 - 7982 variants...
     -reading in genotypes, computing gene-based tests and building masks...done (5263ms) 
     -computing association tests...done (9ms) 
     -computing joint association tests...done (0ms) 
 set [372/1533] : FLJ12825 - 27573 variants...
     -reading in genotypes, computing gene-based tests and building masks...done (20292ms) 
     -computing association tests...done (9ms) 
     -computing joint association tests...done (0ms) 
 set [373/1533] : FMNL3 - 24530 variants...
     -reading in genotypes, computing gene-based tests and building masks...done (17140ms) 
     -computing association tests...done (10ms) 
     -computing joint association tests...done (0ms) 
 set [374/1533] : FOXJ2 - 12840 variants...
     -reading in genotypes, computing gene-based tests and building masks...done (15021ms) 
     -computing association tests...done (42ms) 
     -computing joint association tests...done (38ms) 
 set [375/1533] : FOXM1 - 10803 variants...
     -reading in genotypes, computing gene-based tests and building masks...done (9082ms) 
     -computing association tests...done (10ms) 
     -computing joint association tests...done (0ms) 
 set [376/1533] : FOXN4 - 17784 variants...
     -reading in genotypes, computing gene-based tests and building masks...done (13059ms) 
     -computing association tests...done (45ms) 
     -computing joint association tests...done (0ms) 
 set [377/1533] : FRS2 - 50109 variants...
     -reading in genotypes, computing gene-based tests and building masks...done (54533ms) 
     -computing association tests...done (21ms) 
     -computing joint association tests...done (0ms) 
 set [378/1533] : FZD10 - 6729 variants...
     -reading in genotypes, computing gene-based tests and building masks...done (12738ms) 
     -computing association tests...done (8ms) 
     -computing joint association tests...done (0ms) 
 set [379/1533] : FZD10-AS1 - 8239 variants...
     -reading in genotypes, computing gene-based tests and building masks...done (7826ms) 
     -computing association tests...done (9ms) 
     -computing joint association tests...done (0ms) 
 set [380/1533] : GABARAPL1 - 9945 variants...
     -reading in genotypes, computing gene-based tests and building masks...done (8125ms) 
     -computing association tests...done (12ms) 
     -computing joint association tests...done (0ms) 
 set [381/1533] : GALNT6 - 18105 variants...
     -reading in genotypes, computing gene-based tests and building masks...done (21850ms) 
     -computing association tests...done (13ms) 
     -computing joint association tests...done (0ms) 
 set [382/1533] : GALNT8 - 32947 variants...
     -reading in genotypes, computing gene-based tests and building masks...done (26703ms) 
     -computing association tests...done (52ms) 
     -computing joint association tests...done (0ms) 
 set [383/1533] : GALNT9 - 102419 variants...
     -reading in genotypes, computing gene-based tests and building masks...done (531339ms) 
     -computing association tests...done (54ms) 
     -computing joint association tests...done (0ms) 
 set [384/1533] : GAPDH - 6118 variants...
     -reading in genotypes, computing gene-based tests and building masks...done (5155ms) 
     -computing association tests...done (56ms) 
     -computing joint association tests...done (0ms) 
 set [385/1533] : GAPDHP31 - 4511 variants...
     -reading in genotypes, computing gene-based tests and building masks...done (3298ms) 
     -computing association tests...done (44ms) 
     -computing joint association tests...done (0ms) 
 set [386/1533] : GARIN6 - 5429 variants...
     -reading in genotypes, computing gene-based tests and building masks...done (4777ms) 
     -computing association tests...done (43ms) 
     -computing joint association tests...done (0ms) 
 set [387/1533] : GAS2L3 - 24932 variants...
     -reading in genotypes, computing gene-based tests and building masks...done (17686ms) 
     -computing association tests...done (51ms) 
     -computing joint association tests...done (0ms) 
 set [388/1533] : GATC - 12222 variants...
     -reading in genotypes, computing gene-based tests and building masks...done (18987ms) 
     -computing association tests...done (48ms) 
     -computing joint association tests...done (0ms) 
 set [389/1533] : GAU1 - 7966 variants...
     -reading in genotypes, computing gene-based tests and building masks...done (8021ms) 
     -computing association tests...done (52ms) 
     -computing joint association tests...done (0ms) 
 set [390/1533] : GCN1 - 32668 variants...
     -reading in genotypes, computing gene-based tests and building masks...done (27754ms) 
     -computing association tests...done (44ms) 
     -computing joint association tests...done (2ms) 
 set [391/1533] : GCNAP1 - 4139 variants...
     -reading in genotypes, computing gene-based tests and building masks...done (2937ms) 
     -computing association tests...done (51ms) 
     -computing joint association tests...done (20ms) 
 set [392/1533] : GCSHP4 - 1517 variants...
     -reading in genotypes, computing gene-based tests and building masks...done (1194ms) 
     -computing association tests...done (7ms) 
     -computing joint association tests...done (0ms) 
 set [393/1533] : GDF11 - 8745 variants...
     -reading in genotypes, computing gene-based tests and building masks...done (7880ms) 
     -computing association tests...done (10ms) 
     -computing joint association tests...done (0ms) 
 set [394/1533] : GDF3 - 7874 variants...
     -reading in genotypes, computing gene-based tests and building masks...done (6809ms) 
     -computing association tests...done (13ms) 
     -computing joint association tests...done (0ms) 
 set [395/1533] : GGTA2P - 1328 variants...
     -reading in genotypes, computing gene-based tests and building masks...done (1438ms) 
     -computing association tests...done (10ms) 
     -computing joint association tests...done (0ms) 
 set [396/1533] : GIHCG - 3879 variants...
     -reading in genotypes, computing gene-based tests and building masks...done (3083ms) 
     -computing association tests...done (42ms) 
     -computing joint association tests...done (0ms) 
 set [397/1533] : GIT2 - 26725 variants...
     -reading in genotypes, computing gene-based tests and building masks...done (21510ms) 
     -computing association tests...done (69ms) 
     -computing joint association tests...done (2ms) 
 set [398/1533] : GLI1 - 8684 variants...
     -reading in genotypes, computing gene-based tests and building masks...done (8864ms) 
     -computing association tests...done (48ms) 
     -computing joint association tests...done (2ms) 
 set [399/1533] : GLIPR1 - 9606 variants...
     -reading in genotypes, computing gene-based tests and building masks...done (18439ms) 
     -computing association tests...done (69ms) 
     -computing joint association tests...done (22ms) 
 set [400/1533] : GLIPR1L1 - 17760 variants...
     -reading in genotypes, computing gene-based tests and building masks...done (13406ms) 
     -computing association tests...done (53ms) 
     -computing joint association tests...done (16ms) 
 set [401/1533] : GLIPR1L2 - 24893 variants...
     -reading in genotypes, computing gene-based tests and building masks...done (24328ms) 
     -computing association tests...done (12ms) 
     -computing joint association tests...done (2ms) 
 set [402/1533] : GLS2 - 6026 variants...
     -reading in genotypes, computing gene-based tests and building masks...done (9763ms) 
     -computing association tests...done (10ms) 
     -computing joint association tests...done (2ms) 
 set [403/1533] : GLT1D1 - 73458 variants...
     -reading in genotypes, computing gene-based tests and building masks...done (154734ms) 
     -computing association tests...done (47ms) 
     -computing joint association tests...done (12ms) 
 set [404/1533] : GLT8D2 - 31298 variants...
     -reading in genotypes, computing gene-based tests and building masks...done (32644ms) 
     -computing association tests...done (57ms) 
     -computing joint association tests...done (10ms) 
 set [405/1533] : GLTP - 16473 variants...
     -reading in genotypes, computing gene-based tests and building masks...done (12876ms) 
     -computing association tests...done (57ms) 
     -computing joint association tests...done (2ms) 
 set [406/1533] : GLULP5 - 665 variants...
     -reading in genotypes, computing gene-based tests and building masks...done (2214ms) 
     -computing association tests...done (6ms) 
     -computing joint association tests...done (0ms) 
 set [407/1533] : GLYCAM1 - 7176 variants...
     -reading in genotypes, computing gene-based tests and building masks...done (13421ms) 
     -computing association tests...done (9ms) 
     -computing joint association tests...done (0ms) 
 set [408/1533] : GNPTAB - 38060 variants...
     -reading in genotypes, computing gene-based tests and building masks...done (36341ms) 
     -computing association tests...done (72ms) 
     -computing joint association tests...done (0ms) 
 set [409/1533] : GNS - 22964 variants...
     -reading in genotypes, computing gene-based tests and building masks...done (17656ms) 
     -computing association tests...done (11ms) 
     -computing joint association tests...done (0ms) 
 set [410/1533] : GOLGA2P5 - 3724 variants...
     -reading in genotypes, computing gene-based tests and building masks...done (2858ms) 
     -computing association tests...done (12ms) 
     -computing joint association tests...done (0ms) 
 set [411/1533] : GOLGA3 - 40415 variants...
     -reading in genotypes, computing gene-based tests and building masks...done (55054ms) 
     -computing association tests...done (15ms) 
     -computing joint association tests...done (0ms) 
 set [412/1533] : GOLT1B - 9906 variants...
     -reading in genotypes, computing gene-based tests and building masks...done (9216ms) 
     -computing association tests...done (10ms) 
     -computing joint association tests...done (0ms) 
 set [413/1533] : GOT2P3 - 4218 variants...
     -reading in genotypes, computing gene-based tests and building masks...done (5767ms) 
     -computing association tests...done (9ms) 
     -computing joint association tests...done (0ms) 
 set [414/1533] : GPD1 - 4094 variants...
     -reading in genotypes, computing gene-based tests and building masks...done (6035ms) 
     -computing association tests...done (15ms) 
     -computing joint association tests...done (0ms) 
 set [415/1533] : GPN3 - 6739 variants...
     -reading in genotypes, computing gene-based tests and building masks...done (5378ms) 
     -computing association tests...done (41ms) 
     -computing joint association tests...done (0ms) 
 set [416/1533] : GPR162 - 3709 variants...
     -reading in genotypes, computing gene-based tests and building masks...done (4048ms) 
     -computing association tests...done (13ms) 
     -computing joint association tests...done (0ms) 
 set [417/1533] : GPR182 - 4727 variants...
     -reading in genotypes, computing gene-based tests and building masks...done (4842ms) 
     -computing association tests...done (11ms) 
     -computing joint association tests...done (0ms) 
 set [418/1533] : GPR19 - 18830 variants...
     -reading in genotypes, computing gene-based tests and building masks...done (14606ms) 
     -computing association tests...done (9ms) 
     -computing joint association tests...done (0ms) 
 set [419/1533] : GPR84 - 4840 variants...
     -reading in genotypes, computing gene-based tests and building masks...done (5549ms) 
     -computing association tests...done (50ms) 
     -computing joint association tests...done (0ms) 
 set [420/1533] : GPR84-AS1 - 17253 variants...
     -reading in genotypes, computing gene-based tests and building masks...done (16770ms) 
     -computing association tests...done (9ms) 
     -computing joint association tests...done (0ms) 
 set [421/1533] : GPRC5A - 17303 variants...
     -reading in genotypes, computing gene-based tests and building masks...done (14401ms) 
     -computing association tests...done (52ms) 
     -computing joint association tests...done (0ms) 
 set [422/1533] : GPRC5D - 13438 variants...
     -reading in genotypes, computing gene-based tests and building masks...done (12162ms) 
     -computing association tests...done (41ms) 
     -computing joint association tests...done (0ms) 
 set [423/1533] : GPRC5D-AS1 - 10469 variants...
     -reading in genotypes, computing gene-based tests and building masks...done (9109ms) 
     -computing association tests...done (41ms) 
     -computing joint association tests...done (0ms) 
 set [424/1533] : GRIN2B - 214235 variants...
     -reading in genotypes, computing gene-based tests and building masks...done (303350ms) 
     -computing association tests...done (48ms) 
     -computing joint association tests...done (0ms) 
 set [425/1533] : GRIP1 - 237059 variants...
     -reading in genotypes, computing gene-based tests and building masks...done (432464ms) 
     -computing association tests...done (16ms) 
     -computing joint association tests...done (0ms) 
 set [426/1533] : GSG1 - 8077 variants...
     -reading in genotypes, computing gene-based tests and building masks...done (11188ms) 
     -computing association tests...done (12ms) 
     -computing joint association tests...done (0ms) 
 set [427/1533] : GSTP1P1 - 423 variants...
     -reading in genotypes, computing gene-based tests and building masks...done (5837ms) 
     -computing association tests...done (5ms) 
     -computing joint association tests...done (0ms) 
 set [428/1533] : GTF2H3 - 13740 variants...
     -reading in genotypes, computing gene-based tests and building masks...done (11138ms) 
     -computing association tests...done (9ms) 
     -computing joint association tests...done (0ms) 
 set [429/1533] : GTSF1 - 10936 variants...
     -reading in genotypes, computing gene-based tests and building masks...done (10831ms) 
     -computing association tests...done (10ms) 
     -computing joint association tests...done (0ms) 
 set [430/1533] : GUCY2C - 36445 variants...
     -reading in genotypes, computing gene-based tests and building masks...done (33066ms) 
     -computing association tests...done (14ms) 
     -computing joint association tests...done (0ms) 
 set [431/1533] : GUCY2C-AS1 - 24487 variants...
     -reading in genotypes, computing gene-based tests and building masks...done (17298ms) 
     -computing association tests...done (12ms) 
     -computing joint association tests...done (0ms) 
 set [432/1533] : GXYLT1 - 37174 variants...
     -reading in genotypes, computing gene-based tests and building masks...done (29352ms) 
     -computing association tests...done (11ms) 
     -computing joint association tests...done (0ms) 
 set [433/1533] : GYS2 - 32269 variants...
     -reading in genotypes, computing gene-based tests and building masks...done (23316ms) 
     -computing association tests...done (11ms) 
     -computing joint association tests...done (0ms) 
 set [434/1533] : H1-7 - 3945 variants...
     -reading in genotypes, computing gene-based tests and building masks...done (13266ms) 
     -computing association tests...done (37ms) 
     -computing joint association tests...done (0ms) 
 set [435/1533] : H2AJ - 4176 variants...
     -reading in genotypes, computing gene-based tests and building masks...done (4425ms) 
     -computing association tests...done (43ms) 
     -computing joint association tests...done (0ms) 
 set [436/1533] : H3-5 - 4852 variants...
     -reading in genotypes, computing gene-based tests and building masks...done (5933ms) 
     -computing association tests...done (10ms) 
     -computing joint association tests...done (0ms) 
 set [437/1533] : H4C16 - 2194 variants...
     -reading in genotypes, computing gene-based tests and building masks...done (3153ms) 
     -computing association tests...done (8ms) 
     -computing joint association tests...done (2ms) 
 set [438/1533] : HADHAP2 - 4491 variants...
     -reading in genotypes, computing gene-based tests and building masks...done (12412ms) 
     -computing association tests...done (43ms) 
     -computing joint association tests...done (0ms) 
 set [439/1533] : HAL - 13683 variants...
     -reading in genotypes, computing gene-based tests and building masks...done (14340ms) 
     -computing association tests...done (56ms) 
     -computing joint association tests...done (0ms) 
 set [440/1533] : HAUS8P1 - 248 variants...
     -reading in genotypes, computing gene-based tests and building masks...done (286ms) 
     -computing association tests...done (1ms) 
     -computing joint association tests...done (0ms) 
 set [441/1533] : HCAR1 - 5744 variants...
     -reading in genotypes, computing gene-based tests and building masks...done (9246ms) 
     -computing association tests...done (47ms) 
     -computing joint association tests...done (0ms) 
 set [442/1533] : HCAR2 - 6631 variants...
     -reading in genotypes, computing gene-based tests and building masks...done (5436ms) 
     -computing association tests...done (13ms) 
     -computing joint association tests...done (0ms) 
 set [443/1533] : HCAR3 - 6225 variants...
     -reading in genotypes, computing gene-based tests and building masks...done (13350ms) 
     -computing association tests...done (42ms) 
     -computing joint association tests...done (0ms) 
 set [444/1533] : HCFC2 - 18808 variants...
     -reading in genotypes, computing gene-based tests and building masks...done (13745ms) 
     -computing association tests...done (21ms) 
     -computing joint association tests...done (0ms) 
 set [445/1533] : HDAC7 - 15626 variants...
     -reading in genotypes, computing gene-based tests and building masks...done (15067ms) 
     -computing association tests...done (12ms) 
     -computing joint association tests...done (0ms) 
 set [446/1533] : HEBP1 - 13720 variants...
     -reading in genotypes, computing gene-based tests and building masks...done (9554ms) 
     -computing association tests...done (47ms) 
     -computing joint association tests...done (0ms) 
 set [447/1533] : HECTD4 - 87942 variants...
     -reading in genotypes, computing gene-based tests and building masks...done (106433ms) 
     -computing association tests...done (21ms) 
     -computing joint association tests...done (0ms) 
 set [448/1533] : HELB - 17708 variants...
     -reading in genotypes, computing gene-based tests and building masks...done (18835ms) 
     -computing association tests...done (47ms) 
     -computing joint association tests...done (0ms) 
 set [449/1533] : HELLPAR - 76672 variants...
     -reading in genotypes, computing gene-based tests and building masks...done (87946ms) 
     -computing association tests...done (12ms) 
     -computing joint association tests...done (0ms) 
 set [450/1533] : HIGD1AP1 - 94 variants...
     -reading in genotypes, computing gene-based tests and building masks...done (474ms) 
     -computing association tests...done (0ms) 
     -computing joint association tests...done (0ms) 
 set [451/1533] : HIGD1AP9 - 1516 variants...
     -reading in genotypes, computing gene-based tests and building masks...done (1844ms) 
     -computing association tests...done (6ms) 
     -computing joint association tests...done (0ms) 
 set [452/1533] : HIGD1C - 13916 variants...
     -reading in genotypes, computing gene-based tests and building masks...done (37547ms) 
     -computing association tests...done (23ms) 
     -computing joint association tests...done (0ms) 
 set [453/1533] : HIP1R - 22634 variants...
     -reading in genotypes, computing gene-based tests and building masks...done (28055ms) 
     -computing association tests...done (42ms) 
     -computing joint association tests...done (0ms) 
 set [454/1533] : HMGA1P3 - 2132 variants...
     -reading in genotypes, computing gene-based tests and building masks...done (4319ms) 
     -computing association tests...done (9ms) 
     -computing joint association tests...done (0ms) 
 set [455/1533] : HMGA2 - 61183 variants...
     -reading in genotypes, computing gene-based tests and building masks...done (59161ms) 
     -computing association tests...done (13ms) 
     -computing joint association tests...done (0ms) 
 set [456/1533] : HNF1A - 10570 variants...
     -reading in genotypes, computing gene-based tests and building masks...done (12093ms) 
     -computing association tests...done (8ms) 
     -computing joint association tests...done (0ms) 
 set [457/1533] : HNF1A-AS1 - 18148 variants...
     -reading in genotypes, computing gene-based tests and building masks...done (17707ms) 
     -computing association tests...done (11ms) 
     -computing joint association tests...done (0ms) 
 set [458/1533] : HNRNPA1 - 1094 variants...
     -reading in genotypes, computing gene-based tests and building masks...done (1071ms) 
     -computing association tests...done (6ms) 
     -computing joint association tests...done (0ms) 
 set [459/1533] : HNRNPA1P34 - 4460 variants...
     -reading in genotypes, computing gene-based tests and building masks...done (6977ms) 
     -computing association tests...done (11ms) 
     -computing joint association tests...done (2ms) 
 set [460/1533] : HNRNPA1P69 - 4542 variants...
     -reading in genotypes, computing gene-based tests and building masks...done (6583ms) 
     -computing association tests...done (9ms) 
     -computing joint association tests...done (0ms) 
 set [461/1533] : HNRNPA1P70 - 442 variants...
     -reading in genotypes, computing gene-based tests and building masks...done (1610ms) 
     -computing association tests...done (55ms) 
     -computing joint association tests...done (0ms) 
 set [462/1533] : HNRNPABP1 - 2126 variants...
     -reading in genotypes, computing gene-based tests and building masks...done (7781ms) 
     -computing association tests...done (7ms) 
     -computing joint association tests...done (0ms) 
 set [463/1533] : HOTAIR - 1729 variants...
     -reading in genotypes, computing gene-based tests and building masks...done (3129ms) 
     -computing association tests...done (9ms) 
     -computing joint association tests...done (0ms) 
 set [464/1533] : HOXC10 - 7096 variants...
     -reading in genotypes, computing gene-based tests and building masks...done (7346ms) 
     -computing association tests...done (44ms) 
     -computing joint association tests...done (0ms) 
 set [465/1533] : HOXC11 - 6386 variants...
     -reading in genotypes, computing gene-based tests and building masks...done (5929ms) 
     -computing association tests...done (50ms) 
     -computing joint association tests...done (0ms) 
 set [466/1533] : HOXC12 - 6640 variants...
     -reading in genotypes, computing gene-based tests and building masks...done (6433ms) 
     -computing association tests...done (46ms) 
     -computing joint association tests...done (0ms) 
 set [467/1533] : HOXC13 - 7109 variants...
     -reading in genotypes, computing gene-based tests and building masks...done (6964ms) 
     -computing association tests...done (11ms) 
     -computing joint association tests...done (0ms) 
 set [468/1533] : HOXC13-AS - 1462 variants...
     -reading in genotypes, computing gene-based tests and building masks...done (1677ms) 
     -computing association tests...done (44ms) 
     -computing joint association tests...done (0ms) 
 set [469/1533] : HOXC4 - 9388 variants...
     -reading in genotypes, computing gene-based tests and building masks...done (8341ms) 
     -computing association tests...done (65ms) 
     -computing joint association tests...done (0ms) 
 set [470/1533] : HOXC5 - 4193 variants...
     -reading in genotypes, computing gene-based tests and building masks...done (4338ms) 
     -computing association tests...done (45ms) 
     -computing joint association tests...done (0ms) 
 set [471/1533] : HOXC6 - 3807 variants...
     -reading in genotypes, computing gene-based tests and building masks...done (4386ms) 
     -computing association tests...done (51ms) 
     -computing joint association tests...done (0ms) 
 set [472/1533] : HOXC8 - 10365 variants...
     -reading in genotypes, computing gene-based tests and building masks...done (11682ms) 
     -computing association tests...done (12ms) 
     -computing joint association tests...done (0ms) 
 set [473/1533] : HOXC9 - 4332 variants...
     -reading in genotypes, computing gene-based tests and building masks...done (4449ms) 
     -computing association tests...done (17ms) 
     -computing joint association tests...done (0ms) 
 set [474/1533] : HPD - 14951 variants...
     -reading in genotypes, computing gene-based tests and building masks...done (30292ms) 
     -computing association tests...done (12ms) 
     -computing joint association tests...done (0ms) 
 set [475/1533] : HRK - 14760 variants...
     -reading in genotypes, computing gene-based tests and building masks...done (12387ms) 
     -computing association tests...done (71ms) 
     -computing joint association tests...done (0ms) 
 set [476/1533] : HSD17B6 - 15995 variants...
     -reading in genotypes, computing gene-based tests and building masks...done (15850ms) 
     -computing association tests...done (68ms) 
     -computing joint association tests...done (0ms) 
 set [477/1533] : HSP90B1 - 9519 variants...
     -reading in genotypes, computing gene-based tests and building masks...done (9550ms) 
     -computing association tests...done (50ms) 
     -computing joint association tests...done (0ms) 
 set [478/1533] : HSPA8P5 - 4931 variants...
     -reading in genotypes, computing gene-based tests and building masks...done (9654ms) 
     -computing association tests...done (10ms) 
     -computing joint association tests...done (0ms) 
 set [479/1533] : HSPB8 - 19215 variants...
     -reading in genotypes, computing gene-based tests and building masks...done (17829ms) 
     -computing association tests...done (53ms) 
     -computing joint association tests...done (0ms) 
 set [480/1533] : HSPD1P12 - 2820 variants...
     -reading in genotypes, computing gene-based tests and building masks...done (3555ms) 
     -computing association tests...done (9ms) 
     -computing joint association tests...done (0ms) 
 set [481/1533] : HSPD1P4 - 3444 variants...
     -reading in genotypes, computing gene-based tests and building masks...done (2785ms) 
     -computing association tests...done (9ms) 
     -computing joint association tests...done (0ms) 
 set [482/1533] : HSPE1P12 - 117 variants...
     -reading in genotypes, computing gene-based tests and building masks...done (8782ms) 
     -computing association tests...done (6ms) 
     -computing joint association tests...done (0ms) 
 set [483/1533] : HSPE1P20 - 2021 variants...
     -reading in genotypes, computing gene-based tests and building masks...done (1610ms) 
     -computing association tests...done (8ms) 
     -computing joint association tests...done (0ms) 
 set [484/1533] : HSPE1P4 - 1632 variants...
     -reading in genotypes, computing gene-based tests and building masks...done (1565ms) 
     -computing association tests...done (45ms) 
     -computing joint association tests...done (0ms) 
 set [485/1533] : HVCN1 - 25953 variants...
     -reading in genotypes, computing gene-based tests and building masks...done (21162ms) 
     -computing association tests...done (44ms) 
     -computing joint association tests...done (0ms) 
 set [486/1533] : IAPP - 6751 variants...
     -reading in genotypes, computing gene-based tests and building masks...done (7560ms) 
     -computing association tests...done (14ms) 
     -computing joint association tests...done (0ms) 
 set [487/1533] : IFFO1 - 7870 variants...
     -reading in genotypes, computing gene-based tests and building masks...done (7176ms) 
     -computing association tests...done (10ms) 
     -computing joint association tests...done (0ms) 
 set [488/1533] : IFNG - 6586 variants...
     -reading in genotypes, computing gene-based tests and building masks...done (9030ms) 
     -computing association tests...done (13ms) 
     -computing joint association tests...done (0ms) 
 set [489/1533] : IFNG-AS1 - 33494 variants...
     -reading in genotypes, computing gene-based tests and building masks...done (27347ms) 
     -computing association tests...done (11ms) 
     -computing joint association tests...done (0ms) 
 set [490/1533] : IFT81 - 42865 variants...
     -reading in genotypes, computing gene-based tests and building masks...done (41389ms) 
     -computing association tests...done (13ms) 
     -computing joint association tests...done (0ms) 
 set [491/1533] : IGF1 - 43478 variants...
     -reading in genotypes, computing gene-based tests and building masks...done (40953ms) 
     -computing association tests...done (13ms) 
     -computing joint association tests...done (0ms) 
 set [492/1533] : IGFBP6 - 2929 variants...
     -reading in genotypes, computing gene-based tests and building masks...done (3476ms) 
     -computing association tests...done (51ms) 
     -computing joint association tests...done (0ms) 
 set [493/1533] : IKBIP - 12831 variants...
     -reading in genotypes, computing gene-based tests and building masks...done (20657ms) 
     -computing association tests...done (11ms) 
     -computing joint association tests...done (0ms) 
 set [494/1533] : IKZF4 - 10953 variants...
     -reading in genotypes, computing gene-based tests and building masks...done (8130ms) 
     -computing association tests...done (12ms) 
     -computing joint association tests...done (13ms) 
 set [495/1533] : IL22 - 6424 variants...
     -reading in genotypes, computing gene-based tests and building masks...done (10482ms) 
     -computing association tests...done (11ms) 
     -computing joint association tests...done (0ms) 
 set [496/1533] : IL23A - 4787 variants...
     -reading in genotypes, computing gene-based tests and building masks...done (5688ms) 
     -computing association tests...done (10ms) 
     -computing joint association tests...done (0ms) 
 set [497/1533] : IL26 - 14866 variants...
     -reading in genotypes, computing gene-based tests and building masks...done (12530ms) 
     -computing association tests...done (48ms) 
     -computing joint association tests...done (0ms) 
 set [498/1533] : IL31 - 5344 variants...
     -reading in genotypes, computing gene-based tests and building masks...done (6968ms) 
     -computing association tests...done (42ms) 
     -computing joint association tests...done (0ms) 
 set [499/1533] : ING4 - 6981 variants...
     -reading in genotypes, computing gene-based tests and building masks...done (9196ms) 
     -computing association tests...done (42ms) 
     -computing joint association tests...done (0ms) 
 set [500/1533] : INHBC - 12114 variants...
     -reading in genotypes, computing gene-based tests and building masks...done (14226ms) 
     -computing association tests...done (10ms) 
     -computing joint association tests...done (0ms) 
 set [501/1533] : INHBE - 2089 variants...
     -reading in genotypes, computing gene-based tests and building masks...done (2934ms) 
     -computing association tests...done (8ms) 
     -computing joint association tests...done (0ms) 
 set [502/1533] : INTS13 - 16670 variants...
     -reading in genotypes, computing gene-based tests and building masks...done (11951ms) 
     -computing association tests...done (9ms) 
     -computing joint association tests...done (0ms) 
 set [503/1533] : IPO8 - 28708 variants...
     -reading in genotypes, computing gene-based tests and building masks...done (23457ms) 
     -computing association tests...done (14ms) 
     -computing joint association tests...done (0ms) 
 set [504/1533] : IQCD - 7380 variants...
     -reading in genotypes, computing gene-based tests and building masks...done (11425ms) 
     -computing association tests...done (47ms) 
     -computing joint association tests...done (0ms) 
 set [505/1533] : IQSEC3 - 55523 variants...
     -reading in genotypes, computing gene-based tests and building masks...done (72294ms) 
     -computing association tests...done (18ms) 
     -computing joint association tests...done (0ms) 
 set [506/1533] : IRAG2 - 41062 variants...
     -reading in genotypes, computing gene-based tests and building masks...done (59700ms) 
     -computing association tests...done (65ms) 
     -computing joint association tests...done (0ms) 
 set [507/1533] : IRAK3 - 29593 variants...
     -reading in genotypes, computing gene-based tests and building masks...done (25528ms) 
     -computing association tests...done (15ms) 
     -computing joint association tests...done (0ms) 
 set [508/1533] : IRAK4 - 13431 variants...
     -reading in genotypes, computing gene-based tests and building masks...done (12029ms) 
     -computing association tests...done (19ms) 
     -computing joint association tests...done (0ms) 
 set [509/1533] : ISCU - 7476 variants...
     -reading in genotypes, computing gene-based tests and building masks...done (6353ms) 
     -computing association tests...done (43ms) 
     -computing joint association tests...done (0ms) 
 set [510/1533] : ITFG2 - 10109 variants...
     -reading in genotypes, computing gene-based tests and building masks...done (15658ms) 
     -computing association tests...done (52ms) 
     -computing joint association tests...done (0ms) 
 set [511/1533] : ITFG2-AS1 - 43129 variants...
     -reading in genotypes, computing gene-based tests and building masks...done (51306ms) 
     -computing association tests...done (27ms) 
     -computing joint association tests...done (0ms) 
 set [512/1533] : ITGA5 - 13194 variants...
     -reading in genotypes, computing gene-based tests and building masks...done (11716ms) 
     -computing association tests...done (47ms) 
     -computing joint association tests...done (0ms) 
 set [513/1533] : ITGA7 - 8576 variants...
     -reading in genotypes, computing gene-based tests and building masks...done (6594ms) 
     -computing association tests...done (46ms) 
     -computing joint association tests...done (0ms) 
 set [514/1533] : ITGB7 - 7831 variants...
     -reading in genotypes, computing gene-based tests and building masks...done (6033ms) 
     -computing association tests...done (42ms) 
     -computing joint association tests...done (0ms) 
 set [515/1533] : ITPR2 - 218450 variants...
     -reading in genotypes, computing gene-based tests and building masks...done (398607ms) 
     -computing association tests...done (51ms) 
     -computing joint association tests...done (0ms) 
 set [516/1533] : ITPR2-AS1 - 31810 variants...
     -reading in genotypes, computing gene-based tests and building masks...done (22122ms) 
     -computing association tests...done (48ms) 
     -computing joint association tests...done (0ms) 
 set [517/1533] : KANSL2 - 17621 variants...
     -reading in genotypes, computing gene-based tests and building masks...done (12816ms) 
     -computing association tests...done (49ms) 
     -computing joint association tests...done (0ms) 
 set [518/1533] : KCNA1 - 7735 variants...
     -reading in genotypes, computing gene-based tests and building masks...done (10329ms) 
     -computing association tests...done (55ms) 
     -computing joint association tests...done (0ms) 
 set [519/1533] : KCNA5 - 6190 variants...
     -reading in genotypes, computing gene-based tests and building masks...done (5600ms) 
     -computing association tests...done (10ms) 
     -computing joint association tests...done (0ms) 
 set [520/1533] : KCNA6 - 5375 variants...
     -reading in genotypes, computing gene-based tests and building masks...done (3637ms) 
     -computing association tests...done (10ms) 
     -computing joint association tests...done (0ms) 
 set [521/1533] : KCNC2 - 80882 variants...
     -reading in genotypes, computing gene-based tests and building masks...done (90977ms) 
     -computing association tests...done (57ms) 
     -computing joint association tests...done (0ms) 
 set [522/1533] : KCNH3 - 10495 variants...
     -reading in genotypes, computing gene-based tests and building masks...done (10681ms) 
     -computing association tests...done (54ms) 
     -computing joint association tests...done (0ms) 
 set [523/1533] : KCNJ8 - 8587 variants...
     -reading in genotypes, computing gene-based tests and building masks...done (13002ms) 
     -computing association tests...done (12ms) 
     -computing joint association tests...done (0ms) 
 set [524/1533] : KCNMB4 - 30645 variants...
     -reading in genotypes, computing gene-based tests and building masks...done (23526ms) 
     -computing association tests...done (10ms) 
     -computing joint association tests...done (0ms) 
 set [525/1533] : KCTD10 - 13768 variants...
     -reading in genotypes, computing gene-based tests and building masks...done (11678ms) 
     -computing association tests...done (49ms) 
     -computing joint association tests...done (0ms) 
 set [526/1533] : KDM2B - 75960 variants...
     -reading in genotypes, computing gene-based tests and building masks...done (122661ms) 
     -computing association tests...done (17ms) 
     -computing joint association tests...done (0ms) 
 set [527/1533] : KDM2B-DT - 8296 variants...
     -reading in genotypes, computing gene-based tests and building masks...done (5984ms) 
     -computing association tests...done (51ms) 
     -computing joint association tests...done (10ms) 
 set [528/1533] : KDM5A - 54815 variants...
     -reading in genotypes, computing gene-based tests and building masks...done (59754ms) 
     -computing association tests...done (15ms) 
     -computing joint association tests...done (25ms) 
 set [529/1533] : KERA - 7239 variants...
     -reading in genotypes, computing gene-based tests and building masks...done (9333ms) 
     -computing association tests...done (8ms) 
     -computing joint association tests...done (12ms) 
 set [530/1533] : KICS2 - 19938 variants...
     -reading in genotypes, computing gene-based tests and building masks...done (23660ms) 
     -computing association tests...done (82ms) 
     -computing joint association tests...done (16ms) 
 set [531/1533] : KIF21A - 64132 variants...
     -reading in genotypes, computing gene-based tests and building masks...done (63738ms) 
     -computing association tests...done (56ms) 
     -computing joint association tests...done (2ms) 
 set [532/1533] : KIF5A - 16067 variants...
     -reading in genotypes, computing gene-based tests and building masks...done (15199ms) 
     -computing association tests...done (12ms) 
     -computing joint association tests...done (2ms) 
 set [533/1533] : KITLG - 37379 variants...
     -reading in genotypes, computing gene-based tests and building masks...done (35694ms) 
     -computing association tests...done (11ms) 
     -computing joint association tests...done (12ms) 
 set [534/1533] : KLF17P1 - 4570 variants...
     -reading in genotypes, computing gene-based tests and building masks...done (3420ms) 
     -computing association tests...done (8ms) 
     -computing joint association tests...done (0ms) 
 set [535/1533] : KLHL42 - 13104 variants...
     -reading in genotypes, computing gene-based tests and building masks...done (10098ms) 
     -computing association tests...done (9ms) 
     -computing joint association tests...done (0ms) 
 set [536/1533] : KLRB1 - 12887 variants...
     -reading in genotypes, computing gene-based tests and building masks...done (22848ms) 
     -computing association tests...done (11ms) 
     -computing joint association tests...done (0ms) 
 set [537/1533] : KLRC1 - 8523 variants...
     -reading in genotypes, computing gene-based tests and building masks...done (8721ms) 
     -computing association tests...done (14ms) 
     -computing joint association tests...done (0ms) 
 set [538/1533] : KLRC2 - 8382 variants...
     -reading in genotypes, computing gene-based tests and building masks...done (13607ms) 
     -computing association tests...done (47ms) 
     -computing joint association tests...done (0ms) 
 set [539/1533] : KLRC3 - 7226 variants...
     -reading in genotypes, computing gene-based tests and building masks...done (25033ms) 
     -computing association tests...done (9ms) 
     -computing joint association tests...done (0ms) 
 set [540/1533] : KLRC4 - 4630 variants...
     -reading in genotypes, computing gene-based tests and building masks...done (4481ms) 
     -computing association tests...done (8ms) 
     -computing joint association tests...done (0ms) 
 set [541/1533] : KLRD1 - 26742 variants...
     -reading in genotypes, computing gene-based tests and building masks...done (24262ms) 
     -computing association tests...done (13ms) 
     -computing joint association tests...done (0ms) 
 set [542/1533] : KLRF1 - 10568 variants...
     -reading in genotypes, computing gene-based tests and building masks...done (8749ms) 
     -computing association tests...done (46ms) 
     -computing joint association tests...done (0ms) 
 set [543/1533] : KLRF2 - 10185 variants...
     -reading in genotypes, computing gene-based tests and building masks...done (6879ms) 
     -computing association tests...done (63ms) 
     -computing joint association tests...done (0ms) 
 set [544/1533] : KLRG1 - 22500 variants...
     -reading in genotypes, computing gene-based tests and building masks...done (17962ms) 
     -computing association tests...done (48ms) 
     -computing joint association tests...done (0ms) 
 set [545/1533] : KLRK1 - 11148 variants...
     -reading in genotypes, computing gene-based tests and building masks...done (8429ms) 
     -computing association tests...done (10ms) 
     -computing joint association tests...done (0ms) 
 set [546/1533] : KLRK1-AS1 - 6738 variants...
     -reading in genotypes, computing gene-based tests and building masks...done (4441ms) 
     -computing association tests...done (42ms) 
     -computing joint association tests...done (0ms) 
 set [547/1533] : KMT2D - 14243 variants...
     -reading in genotypes, computing gene-based tests and building masks...done (9909ms) 
     -computing association tests...done (13ms) 
     -computing joint association tests...done (0ms) 
 set [548/1533] : KMT5A - 18018 variants...
     -reading in genotypes, computing gene-based tests and building masks...done (14333ms) 
     -computing association tests...done (11ms) 
     -computing joint association tests...done (0ms) 
 set [549/1533] : KNOP1P1 - 155 variants...
     -reading in genotypes, computing gene-based tests and building masks...done (346ms) 
     -computing association tests...done (39ms) 
     -computing joint association tests...done (0ms) 
 set [550/1533] : KNTC1 - 46133 variants...
     -reading in genotypes, computing gene-based tests and building masks...done (38521ms) 
     -computing association tests...done (14ms) 
     -computing joint association tests...done (0ms) 
 set [551/1533] : KRAS - 20546 variants...
     -reading in genotypes, computing gene-based tests and building masks...done (22576ms) 
     -computing association tests...done (46ms) 
     -computing joint association tests...done (0ms) 
 set [552/1533] : KRR1 - 9042 variants...
     -reading in genotypes, computing gene-based tests and building masks...done (19449ms) 
     -computing association tests...done (15ms) 
     -computing joint association tests...done (0ms) 
 set [553/1533] : KRT1 - 6578 variants...
     -reading in genotypes, computing gene-based tests and building masks...done (11786ms) 
     -computing association tests...done (45ms) 
     -computing joint association tests...done (0ms) 
 set [554/1533] : KRT125P - 4101 variants...
     -reading in genotypes, computing gene-based tests and building masks...done (4903ms) 
     -computing association tests...done (9ms) 
     -computing joint association tests...done (0ms) 
 set [555/1533] : KRT126P - 6115 variants...
     -reading in genotypes, computing gene-based tests and building masks...done (5245ms) 
     -computing association tests...done (45ms) 
     -computing joint association tests...done (0ms) 
 set [556/1533] : KRT127P - 2858 variants...
     -reading in genotypes, computing gene-based tests and building masks...done (4548ms) 
     -computing association tests...done (10ms) 
     -computing joint association tests...done (0ms) 
 set [557/1533] : KRT128P - 5720 variants...
     -reading in genotypes, computing gene-based tests and building masks...done (4614ms) 
     -computing association tests...done (9ms) 
     -computing joint association tests...done (0ms) 
 set [558/1533] : KRT17P8 - 1378 variants...
     -reading in genotypes, computing gene-based tests and building masks...done (1209ms) 
     -computing association tests...done (7ms) 
     -computing joint association tests...done (0ms) 
 set [559/1533] : KRT18 - 6408 variants...
     -reading in genotypes, computing gene-based tests and building masks...done (6242ms) 
     -computing association tests...done (52ms) 
     -computing joint association tests...done (0ms) 
 set [560/1533] : KRT18P20 - 4286 variants...
     -reading in genotypes, computing gene-based tests and building masks...done (3002ms) 
     -computing association tests...done (8ms) 
     -computing joint association tests...done (0ms) 
 set [561/1533] : KRT19P2 - 394 variants...
     -reading in genotypes, computing gene-based tests and building masks...done (536ms) 
     -computing association tests...done (5ms) 
     -computing joint association tests...done (0ms) 
 set [562/1533] : KRT2 - 7758 variants...
     -reading in genotypes, computing gene-based tests and building masks...done (6504ms) 
     -computing association tests...done (56ms) 
     -computing joint association tests...done (0ms) 
 set [563/1533] : KRT3 - 6948 variants...
     -reading in genotypes, computing gene-based tests and building masks...done (5656ms) 
     -computing association tests...done (71ms) 
     -computing joint association tests...done (0ms) 
 set [564/1533] : KRT4 - 7533 variants...
     -reading in genotypes, computing gene-based tests and building masks...done (5451ms) 
     -computing association tests...done (47ms) 
     -computing joint association tests...done (0ms) 
 set [565/1533] : KRT5 - 6772 variants...
     -reading in genotypes, computing gene-based tests and building masks...done (10257ms) 
     -computing association tests...done (43ms) 
     -computing joint association tests...done (0ms) 
 set [566/1533] : KRT6A - 7426 variants...
     -reading in genotypes, computing gene-based tests and building masks...done (5480ms) 
     -computing association tests...done (12ms) 
     -computing joint association tests...done (0ms) 
 set [567/1533] : KRT6B - 6841 variants...
     -reading in genotypes, computing gene-based tests and building masks...done (9504ms) 
     -computing association tests...done (43ms) 
     -computing joint association tests...done (0ms) 
 set [568/1533] : KRT6C - 7202 variants...
     -reading in genotypes, computing gene-based tests and building masks...done (5178ms) 
     -computing association tests...done (15ms) 
     -computing joint association tests...done (0ms) 
 set [569/1533] : KRT71 - 8274 variants...
     -reading in genotypes, computing gene-based tests and building masks...done (6007ms) 
     -computing association tests...done (9ms) 
     -computing joint association tests...done (0ms) 
 set [570/1533] : KRT7 - 10661 variants...
     -reading in genotypes, computing gene-based tests and building masks...done (13510ms) 
     -computing association tests...done (14ms) 
     -computing joint association tests...done (0ms) 
 set [571/1533] : KRT72 - 10318 variants...
     -reading in genotypes, computing gene-based tests and building masks...done (7575ms) 
     -computing association tests...done (20ms) 
     -computing joint association tests...done (0ms) 
 set [572/1533] : KRT73 - 7385 variants...
     -reading in genotypes, computing gene-based tests and building masks...done (5544ms) 
     -computing association tests...done (63ms) 
     -computing joint association tests...done (0ms) 
 set [573/1533] : KRT74 - 7721 variants...
     -reading in genotypes, computing gene-based tests and building masks...done (5829ms) 
     -computing association tests...done (50ms) 
     -computing joint association tests...done (0ms) 
 set [574/1533] : KRT75 - 8824 variants...
     -reading in genotypes, computing gene-based tests and building masks...done (12574ms) 
     -computing association tests...done (11ms) 
     -computing joint association tests...done (0ms) 
 set [575/1533] : KRT76 - 8053 variants...
     -reading in genotypes, computing gene-based tests and building masks...done (6130ms) 
     -computing association tests...done (9ms) 
     -computing joint association tests...done (0ms) 
 set [576/1533] : KRT77 - 9804 variants...
     -reading in genotypes, computing gene-based tests and building masks...done (6660ms) 
     -computing association tests...done (16ms) 
     -computing joint association tests...done (0ms) 
 set [577/1533] : KRT78 - 7967 variants...
     -reading in genotypes, computing gene-based tests and building masks...done (7102ms) 
     -computing association tests...done (56ms) 
     -computing joint association tests...done (0ms) 
 set [578/1533] : KRT79 - 7708 variants...
     -reading in genotypes, computing gene-based tests and building masks...done (5970ms) 
     -computing association tests...done (62ms) 
     -computing joint association tests...done (0ms) 
 set [579/1533] : KRT80 - 13146 variants...
     -reading in genotypes, computing gene-based tests and building masks...done (15968ms) 
     -computing association tests...done (51ms) 
     -computing joint association tests...done (0ms) 
 set [580/1533] : KRT81 - 7586 variants...
     -reading in genotypes, computing gene-based tests and building masks...done (9551ms) 
     -computing association tests...done (56ms) 
     -computing joint association tests...done (2ms) 
 set [581/1533] : KRT8 - 31498 variants...
     -reading in genotypes, computing gene-based tests and building masks...done (38388ms) 
     -computing association tests...done (52ms) 
     -computing joint association tests...done (0ms) 
 set [582/1533] : KRT82 - 10700 variants...
     -reading in genotypes, computing gene-based tests and building masks...done (8604ms) 
     -computing association tests...done (12ms) 
     -computing joint association tests...done (0ms) 
 set [583/1533] : KRT83 - 7036 variants...
     -reading in genotypes, computing gene-based tests and building masks...done (5534ms) 
     -computing association tests...done (67ms) 
     -computing joint association tests...done (0ms) 
 set [584/1533] : KRT84 - 7593 variants...
     -reading in genotypes, computing gene-based tests and building masks...done (6874ms) 
     -computing association tests...done (41ms) 
     -computing joint association tests...done (0ms) 
 set [585/1533] : KRT85 - 7338 variants...
     -reading in genotypes, computing gene-based tests and building masks...done (6205ms) 
     -computing association tests...done (11ms) 
     -computing joint association tests...done (0ms) 
 set [586/1533] : KRT86 - 9985 variants...
     -reading in genotypes, computing gene-based tests and building masks...done (7582ms) 
     -computing association tests...done (60ms) 
     -computing joint association tests...done (0ms) 
 set [587/1533] : KRT87P - 3785 variants...
     -reading in genotypes, computing gene-based tests and building masks...done (4388ms) 
     -computing association tests...done (48ms) 
     -computing joint association tests...done (0ms) 
 set [588/1533] : KRT88P - 2181 variants...
     -reading in genotypes, computing gene-based tests and building masks...done (2469ms) 
     -computing association tests...done (8ms) 
     -computing joint association tests...done (0ms) 
 set [589/1533] : KRT89P - 8280 variants...
     -reading in genotypes, computing gene-based tests and building masks...done (11030ms) 
     -computing association tests...done (12ms) 
     -computing joint association tests...done (0ms) 
 set [590/1533] : KSR2 - 218809 variants...
     -reading in genotypes, computing gene-based tests and building masks...done (430988ms) 
     -computing association tests...done (46ms) 
     -computing joint association tests...done (0ms) 
 set [591/1533] : LACRT - 5580 variants...
     -reading in genotypes, computing gene-based tests and building masks...done (3821ms) 
     -computing association tests...done (18ms) 
     -computing joint association tests...done (0ms) 
 set [592/1533] : LAG3 - 3229 variants...
     -reading in genotypes, computing gene-based tests and building masks...done (4187ms) 
     -computing association tests...done (9ms) 
     -computing joint association tests...done (0ms) 
 set [593/1533] : LALBA - 5177 variants...
     -reading in genotypes, computing gene-based tests and building masks...done (5371ms) 
     -computing association tests...done (58ms) 
     -computing joint association tests...done (0ms) 
 set [594/1533] : LARP4 - 42183 variants...
     -reading in genotypes, computing gene-based tests and building masks...done (38586ms) 
     -computing association tests...done (14ms) 
     -computing joint association tests...done (0ms) 
 set [595/1533] : LDHB - 14474 variants...
     -reading in genotypes, computing gene-based tests and building masks...done (16712ms) 
     -computing association tests...done (9ms) 
     -computing joint association tests...done (0ms) 
 set [596/1533] : LEMD3 - 36199 variants...
     -reading in genotypes, computing gene-based tests and building masks...done (33094ms) 
     -computing association tests...done (9ms) 
     -computing joint association tests...done (0ms) 
 set [597/1533] : LETMD1 - 7338 variants...
     -reading in genotypes, computing gene-based tests and building masks...done (11442ms) 
     -computing association tests...done (89ms) 
     -computing joint association tests...done (0ms) 
 set [598/1533] : LGR5 - 60206 variants...
     -reading in genotypes, computing gene-based tests and building masks...done (53564ms) 
     -computing association tests...done (13ms) 
     -computing joint association tests...done (0ms) 
 set [599/1533] : LHX5 - 9978 variants...
     -reading in genotypes, computing gene-based tests and building masks...done (7855ms) 
     -computing association tests...done (11ms) 
     -computing joint association tests...done (0ms) 
 set [600/1533] : LHX5-AS1 - 5356 variants...
     -reading in genotypes, computing gene-based tests and building masks...done (4413ms) 
     -computing association tests...done (9ms) 
     -computing joint association tests...done (0ms) 
 set [601/1533] : LIMA1 - 49808 variants...
     -reading in genotypes, computing gene-based tests and building masks...done (49481ms) 
     -computing association tests...done (12ms) 
     -computing joint association tests...done (0ms) 
 set [602/1533] : LIN7A - 67115 variants...
     -reading in genotypes, computing gene-based tests and building masks...done (55953ms) 
     -computing association tests...done (11ms) 
     -computing joint association tests...done (0ms) 
 set [603/1533] : LINC00173 - 5556 variants...
     -reading in genotypes, computing gene-based tests and building masks...done (14295ms) 
     -computing association tests...done (47ms) 
     -computing joint association tests...done (0ms) 
 set [604/1533] : LINC00477 - 11823 variants...
     -reading in genotypes, computing gene-based tests and building masks...done (10235ms) 
     -computing association tests...done (9ms) 
     -computing joint association tests...done (0ms) 
 set [605/1533] : LINC00485 - 11023 variants...
     -reading in genotypes, computing gene-based tests and building masks...done (9682ms) 
     -computing association tests...done (16ms) 
     -computing joint association tests...done (0ms) 
 set [606/1533] : LINC00507 - 21566 variants...
     -reading in genotypes, computing gene-based tests and building masks...done (18132ms) 
     -computing association tests...done (56ms) 
     -computing joint association tests...done (0ms) 
 set [607/1533] : LINC00508 - 33607 variants...
     -reading in genotypes, computing gene-based tests and building masks...done (29006ms) 
     -computing association tests...done (55ms) 
     -computing joint association tests...done (0ms) 
 set [608/1533] : LINC00592 - 18761 variants...
     -reading in genotypes, computing gene-based tests and building masks...done (18317ms) 
     -computing association tests...done (11ms) 
     -computing joint association tests...done (0ms) 
 set [609/1533] : LINC00612 - 4703 variants...
     -reading in genotypes, computing gene-based tests and building masks...done (4673ms) 
     -computing association tests...done (12ms) 
     -computing joint association tests...done (0ms) 
 set [610/1533] : LINC00615 - 14302 variants...
     -reading in genotypes, computing gene-based tests and building masks...done (9352ms) 
     -computing association tests...done (9ms) 
     -computing joint association tests...done (0ms) 
 set [611/1533] : LINC00934 - 19595 variants...
     -reading in genotypes, computing gene-based tests and building masks...done (19805ms) 
     -computing association tests...done (10ms) 
     -computing joint association tests...done (0ms) 
 set [612/1533] : LINC00937 - 25611 variants...
     -reading in genotypes, computing gene-based tests and building masks...done (40923ms) 
     -computing association tests...done (12ms) 
     -computing joint association tests...done (0ms) 
 set [613/1533] : LINC00938 - 2464 variants...
     -reading in genotypes, computing gene-based tests and building masks...done (6021ms) 
     -computing association tests...done (42ms) 
     -computing joint association tests...done (0ms) 
 set [614/1533] : LINC00939 - 20573 variants...
     -reading in genotypes, computing gene-based tests and building masks...done (17658ms) 
     -computing association tests...done (19ms) 
     -computing joint association tests...done (0ms) 
 set [615/1533] : LINC00940 - 8990 variants...
     -reading in genotypes, computing gene-based tests and building masks...done (6611ms) 
     -computing association tests...done (9ms) 
     -computing joint association tests...done (0ms) 
 set [616/1533] : LINC00941 - 49079 variants...
     -reading in genotypes, computing gene-based tests and building masks...done (45724ms) 
     -computing association tests...done (13ms) 
     -computing joint association tests...done (0ms) 
 set [617/1533] : LINC00942 - 6719 variants...
     -reading in genotypes, computing gene-based tests and building masks...done (5968ms) 
     -computing association tests...done (10ms) 
     -computing joint association tests...done (0ms) 
 set [618/1533] : LINC00943 - 10329 variants...
     -reading in genotypes, computing gene-based tests and building masks...done (13028ms) 
     -computing association tests...done (9ms) 
     -computing joint association tests...done (0ms) 
 set [619/1533] : LINC00944 - 70604 variants...
     -reading in genotypes, computing gene-based tests and building masks...done (71912ms) 
     -computing association tests...done (11ms) 
     -computing joint association tests...done (0ms) 
 set [620/1533] : LINC00987 - 6287 variants...
     -reading in genotypes, computing gene-based tests and building masks...done (7777ms) 
     -computing association tests...done (9ms) 
     -computing joint association tests...done (0ms) 
 set [621/1533] : LINC01089 - 158 variants...
     -reading in genotypes, computing gene-based tests and building masks...done (343ms) 
     -computing association tests...done (0ms) 
     -computing joint association tests...done (0ms) 
 set [622/1533] : LINC01234 - 90471 variants...
     -reading in genotypes, computing gene-based tests and building masks...done (94636ms) 
     -computing association tests...done (15ms) 
     -computing joint association tests...done (0ms) 
 set [623/1533] : LINC01252 - 39941 variants...
     -reading in genotypes, computing gene-based tests and building masks...done (37829ms) 
     -computing association tests...done (60ms) 
     -computing joint association tests...done (0ms) 
 set [624/1533] : LINC01257 - 34344 variants...
     -reading in genotypes, computing gene-based tests and building masks...done (28743ms) 
     -computing association tests...done (11ms) 
     -computing joint association tests...done (0ms) 
 set [625/1533] : LINC01404 - 6929 variants...
     -reading in genotypes, computing gene-based tests and building masks...done (12602ms) 
     -computing association tests...done (64ms) 
     -computing joint association tests...done (0ms) 
 set [626/1533] : LINC01405 - 12302 variants...
     -reading in genotypes, computing gene-based tests and building masks...done (9958ms) 
     -computing association tests...done (54ms) 
     -computing joint association tests...done (0ms) 
 set [627/1533] : LINC01479 - 25067 variants...
     -reading in genotypes, computing gene-based tests and building masks...done (32519ms) 
     -computing association tests...done (11ms) 
     -computing joint association tests...done (0ms) 
 set [628/1533] : LINC01489 - 5935 variants...
     -reading in genotypes, computing gene-based tests and building masks...done (8753ms) 
     -computing association tests...done (11ms) 
     -computing joint association tests...done (0ms) 
 set [629/1533] : LINC01490 - 7096 variants...
     -reading in genotypes, computing gene-based tests and building masks...done (4851ms) 
     -computing association tests...done (9ms) 
     -computing joint association tests...done (0ms) 
 set [630/1533] : LINC01498 - 33449 variants...
     -reading in genotypes, computing gene-based tests and building masks...done (26289ms) 
     -computing association tests...done (41ms) 
     -computing joint association tests...done (0ms) 
 set [631/1533] : LINC01559 - 11038 variants...
     -reading in genotypes, computing gene-based tests and building masks...done (17087ms) 
     -computing association tests...done (20ms) 
     -computing joint association tests...done (0ms) 
 set [632/1533] : LINC01619 - 66571 variants...
     -reading in genotypes, computing gene-based tests and building masks...done (68396ms) 
     -computing association tests...done (23ms) 
     -computing joint association tests...done (0ms) 
 set [633/1533] : LINC02156 - 17520 variants...
     -reading in genotypes, computing gene-based tests and building masks...done (27662ms) 
     -computing association tests...done (23ms) 
     -computing joint association tests...done (0ms) 
 set [634/1533] : LINC02231 - 2878 variants...
     -reading in genotypes, computing gene-based tests and building masks...done (15100ms) 
     -computing association tests...done (45ms) 
     -computing joint association tests...done (0ms) 
 set [635/1533] : LINC02258 - 17338 variants...
     -reading in genotypes, computing gene-based tests and building masks...done (18067ms) 
     -computing association tests...done (22ms) 
     -computing joint association tests...done (0ms) 
 set [636/1533] : LINC02347 - 17990 variants...
     -reading in genotypes, computing gene-based tests and building masks...done (16776ms) 
     -computing association tests...done (9ms) 
     -computing joint association tests...done (0ms) 
 set [637/1533] : LINC02350 - 108206 variants...
     -reading in genotypes, computing gene-based tests and building masks...done (144777ms) 
     -computing association tests...done (43ms) 
     -computing joint association tests...done (0ms) 
 set [638/1533] : LINC02354 - 5282 variants...
     -reading in genotypes, computing gene-based tests and building masks...done (6077ms) 
     -computing association tests...done (9ms) 
     -computing joint association tests...done (0ms) 
 set [639/1533] : LINC02356 - 12752 variants...
     -reading in genotypes, computing gene-based tests and building masks...done (18579ms) 
     -computing association tests...done (43ms) 
     -computing joint association tests...done (0ms) 
 set [640/1533] : LINC02359 - 14843 variants...
     -reading in genotypes, computing gene-based tests and building masks...done (11236ms) 
     -computing association tests...done (9ms) 
     -computing joint association tests...done (0ms) 
 set [641/1533] : LINC02361 - 1773 variants...
     -reading in genotypes, computing gene-based tests and building masks...done (1953ms) 
     -computing association tests...done (5ms) 
     -computing joint association tests...done (0ms) 
 set [642/1533] : LINC02366 - 17856 variants...
     -reading in genotypes, computing gene-based tests and building masks...done (16365ms) 
     -computing association tests...done (12ms) 
     -computing joint association tests...done (0ms) 
 set [643/1533] : LINC02367 - 22294 variants...
     -reading in genotypes, computing gene-based tests and building masks...done (30361ms) 
     -computing association tests...done (14ms) 
     -computing joint association tests...done (0ms) 
 set [644/1533] : LINC02368 - 4474 variants...
     -reading in genotypes, computing gene-based tests and building masks...done (3699ms) 
     -computing association tests...done (44ms) 
     -computing joint association tests...done (0ms) 
 set [645/1533] : LINC02369 - 34469 variants...
     -reading in genotypes, computing gene-based tests and building masks...done (430940ms) 
     -computing association tests...done (15ms) 
     -computing joint association tests...done (0ms) 
 set [646/1533] : LINC02370 - 4843 variants...
     -reading in genotypes, computing gene-based tests and building masks...done (10320ms) 
     -computing association tests...done (10ms) 
     -computing joint association tests...done (0ms) 
 set [647/1533] : LINC02372 - 4370 variants...
     -reading in genotypes, computing gene-based tests and building masks...done (9158ms) 
     -computing association tests...done (14ms) 
     -computing joint association tests...done (0ms) 
 set [648/1533] : LINC02373 - 26233 variants...
     -reading in genotypes, computing gene-based tests and building masks...done (24528ms) 
     -computing association tests...done (58ms) 
     -computing joint association tests...done (0ms) 
 set [649/1533] : LINC02375 - 12190 variants...
     -reading in genotypes, computing gene-based tests and building masks...done (14136ms) 
     -computing association tests...done (9ms) 
     -computing joint association tests...done (0ms) 
 set [650/1533] : LINC02376 - 12849 variants...
     -reading in genotypes, computing gene-based tests and building masks...done (12540ms) 
     -computing association tests...done (13ms) 
     -computing joint association tests...done (0ms) 
 set [651/1533] : LINC02378 - 41228 variants...
     -reading in genotypes, computing gene-based tests and building masks...done (32961ms) 
     -computing association tests...done (13ms) 
     -computing joint association tests...done (0ms) 
 set [652/1533] : LINC02381 - 8057 variants...
     -reading in genotypes, computing gene-based tests and building masks...done (10899ms) 
     -computing association tests...done (48ms) 
     -computing joint association tests...done (0ms) 
 set [653/1533] : LINC02384 - 84469 variants...
     -reading in genotypes, computing gene-based tests and building masks...done (87011ms) 
     -computing association tests...done (13ms) 
     -computing joint association tests...done (0ms) 
 set [654/1533] : LINC02385 - 10671 variants...
     -reading in genotypes, computing gene-based tests and building masks...done (15327ms) 
     -computing association tests...done (13ms) 
     -computing joint association tests...done (0ms) 
 set [655/1533] : LINC02386 - 37854 variants...
     -reading in genotypes, computing gene-based tests and building masks...done (30817ms) 
     -computing association tests...done (55ms) 
     -computing joint association tests...done (0ms) 
 set [656/1533] : LINC02387 - 6255 variants...
     -reading in genotypes, computing gene-based tests and building masks...done (4533ms) 
     -computing association tests...done (11ms) 
     -computing joint association tests...done (0ms) 
 set [657/1533] : LINC02389 - 40102 variants...
     -reading in genotypes, computing gene-based tests and building masks...done (30962ms) 
     -computing association tests...done (12ms) 
     -computing joint association tests...done (0ms) 
 set [658/1533] : LINC02390 - 3686 variants...
     -reading in genotypes, computing gene-based tests and building masks...done (3620ms) 
     -computing association tests...done (7ms) 
     -computing joint association tests...done (0ms) 
 set [659/1533] : LINC02391 - 49449 variants...
     -reading in genotypes, computing gene-based tests and building masks...done (56630ms) 
     -computing association tests...done (11ms) 
     -computing joint association tests...done (0ms) 
 set [660/1533] : LINC02392 - 12587 variants...
     -reading in genotypes, computing gene-based tests and building masks...done (13409ms) 
     -computing association tests...done (10ms) 
     -computing joint association tests...done (0ms) 
 set [661/1533] : LINC02393 - 6868 variants...
     -reading in genotypes, computing gene-based tests and building masks...done (11970ms) 
     -computing association tests...done (9ms) 
     -computing joint association tests...done (0ms) 
 set [662/1533] : LINC02394 - 8490 variants...
     -reading in genotypes, computing gene-based tests and building masks...done (6734ms) 
     -computing association tests...done (10ms) 
     -computing joint association tests...done (0ms) 
 set [663/1533] : LINC02395 - 8553 variants...
     -reading in genotypes, computing gene-based tests and building masks...done (11655ms) 
     -computing association tests...done (45ms) 
     -computing joint association tests...done (0ms) 
 set [664/1533] : LINC02396 - 3466 variants...
     -reading in genotypes, computing gene-based tests and building masks...done (2406ms) 
     -computing association tests...done (10ms) 
     -computing joint association tests...done (0ms) 
 set [665/1533] : LINC02397 - 15302 variants...
     -reading in genotypes, computing gene-based tests and building masks...done (10778ms) 
     -computing association tests...done (21ms) 
     -computing joint association tests...done (5ms) 
 set [666/1533] : LINC02400 - 8543 variants...
     -reading in genotypes, computing gene-based tests and building masks...done (13769ms) 
     -computing association tests...done (13ms) 
     -computing joint association tests...done (0ms) 
 set [667/1533] : LINC02401 - 13592 variants...
     -reading in genotypes, computing gene-based tests and building masks...done (14383ms) 
     -computing association tests...done (56ms) 
     -computing joint association tests...done (0ms) 
 set [668/1533] : LINC02402 - 18264 variants...
     -reading in genotypes, computing gene-based tests and building masks...done (14425ms) 
     -computing association tests...done (9ms) 
     -computing joint association tests...done (0ms) 
 set [669/1533] : LINC02403 - 5749 variants...
     -reading in genotypes, computing gene-based tests and building masks...done (4087ms) 
     -computing association tests...done (10ms) 
     -computing joint association tests...done (0ms) 
 set [670/1533] : LINC02404 - 4912 variants...
     -reading in genotypes, computing gene-based tests and building masks...done (8770ms) 
     -computing association tests...done (10ms) 
     -computing joint association tests...done (0ms) 
 set [671/1533] : LINC02405 - 110896 variants...
     -reading in genotypes, computing gene-based tests and building masks...done (1419059ms) 
     -computing association tests...done (15ms) 
     -computing joint association tests...done (0ms) 
 set [672/1533] : LINC02406 - 28567 variants...
     -reading in genotypes, computing gene-based tests and building masks...done (22507ms) 
     -computing association tests...done (21ms) 
     -computing joint association tests...done (0ms) 
 set [673/1533] : LINC02408 - 39988 variants...
     -reading in genotypes, computing gene-based tests and building masks...done (44684ms) 
     -computing association tests...done (11ms) 
     -computing joint association tests...done (0ms) 
 set [674/1533] : LINC02409 - 7964 variants...
     -reading in genotypes, computing gene-based tests and building masks...done (9401ms) 
     -computing association tests...done (8ms) 
     -computing joint association tests...done (0ms) 
 set [675/1533] : LINC02410 - 85 variants...
     -reading in genotypes, computing gene-based tests and building masks...done (702ms) 
     -computing association tests...done (1ms) 
     -computing joint association tests...done (0ms) 
 set [676/1533] : LINC02411 - 2305 variants...
     -reading in genotypes, computing gene-based tests and building masks...done (2746ms) 
     -computing association tests...done (23ms) 
     -computing joint association tests...done (0ms) 
 set [677/1533] : LINC02412 - 272 variants...
     -reading in genotypes, computing gene-based tests and building masks...done (476ms) 
     -computing association tests...done (48ms) 
     -computing joint association tests...done (0ms) 
 set [678/1533] : LINC02413 - 27892 variants...
     -reading in genotypes, computing gene-based tests and building masks...done (25108ms) 
     -computing association tests...done (13ms) 
     -computing joint association tests...done (0ms) 
 set [679/1533] : LINC02414 - 30725 variants...
     -reading in genotypes, computing gene-based tests and building masks...done (75836ms) 
     -computing association tests...done (13ms) 
     -computing joint association tests...done (0ms) 
 set [680/1533] : LINC02415 - 22506 variants...
     -reading in genotypes, computing gene-based tests and building masks...done (117933ms) 
     -computing association tests...done (10ms) 
     -computing joint association tests...done (0ms) 
 set [681/1533] : LINC02416 - 14773 variants...
     -reading in genotypes, computing gene-based tests and building masks...done (15173ms) 
     -computing association tests...done (11ms) 
     -computing joint association tests...done (0ms) 
 set [682/1533] : LINC02417 - 5301 variants...
     -reading in genotypes, computing gene-based tests and building masks...done (12871ms) 
     -computing association tests...done (10ms) 
     -computing joint association tests...done (15ms) 
 set [683/1533] : LINC02418 - 14592 variants...
     -reading in genotypes, computing gene-based tests and building masks...done (11013ms) 
     -computing association tests...done (15ms) 
     -computing joint association tests...done (0ms) 
 set [684/1533] : LINC02419 - 5289 variants...
     -reading in genotypes, computing gene-based tests and building masks...done (3530ms) 
     -computing association tests...done (12ms) 
     -computing joint association tests...done (0ms) 
 set [685/1533] : LINC02420 - 3035 variants...
     -reading in genotypes, computing gene-based tests and building masks...done (2060ms) 
     -computing association tests...done (8ms) 
     -computing joint association tests...done (0ms) 
 set [686/1533] : LINC02421 - 13249 variants...
     -reading in genotypes, computing gene-based tests and building masks...done (10265ms) 
     -computing association tests...done (12ms) 
     -computing joint association tests...done (0ms) 
 set [687/1533] : LINC02422 - 38491 variants...
     -reading in genotypes, computing gene-based tests and building masks...done (36013ms) 
     -computing association tests...done (10ms) 
     -computing joint association tests...done (0ms) 
 set [688/1533] : LINC02423 - 7405 variants...
     -reading in genotypes, computing gene-based tests and building masks...done (8146ms) 
     -computing association tests...done (11ms) 
     -computing joint association tests...done (0ms) 
 set [689/1533] : LINC02424 - 21505 variants...
     -reading in genotypes, computing gene-based tests and building masks...done (14615ms) 
     -computing association tests...done (12ms) 
     -computing joint association tests...done (0ms) 
 set [690/1533] : LINC02425 - 2164 variants...
     -reading in genotypes, computing gene-based tests and building masks...done (7122ms) 
     -computing association tests...done (10ms) 
     -computing joint association tests...done (0ms) 
 set [691/1533] : LINC02426 - 20691 variants...
     -reading in genotypes, computing gene-based tests and building masks...done (13968ms) 
     -computing association tests...done (11ms) 
     -computing joint association tests...done (0ms) 
 set [692/1533] : LINC02439 - 23434 variants...
     -reading in genotypes, computing gene-based tests and building masks...done (15829ms) 
     -computing association tests...done (9ms) 
     -computing joint association tests...done (0ms) 
 set [693/1533] : LINC02440 - 4848 variants...
     -reading in genotypes, computing gene-based tests and building masks...done (4881ms) 
     -computing association tests...done (12ms) 
     -computing joint association tests...done (0ms) 
 set [694/1533] : LINC02441 - 6056 variants...
     -reading in genotypes, computing gene-based tests and building masks...done (13114ms) 
     -computing association tests...done (10ms) 
     -computing joint association tests...done (0ms) 
 set [695/1533] : LINC02442 - 11789 variants...
     -reading in genotypes, computing gene-based tests and building masks...done (8286ms) 
     -computing association tests...done (42ms) 
     -computing joint association tests...done (0ms) 
 set [696/1533] : LINC02443 - 26662 variants...
     -reading in genotypes, computing gene-based tests and building masks...done (22512ms) 
     -computing association tests...done (51ms) 
     -computing joint association tests...done (0ms) 
 set [697/1533] : LINC02444 - 26953 variants...
     -reading in genotypes, computing gene-based tests and building masks...done (22924ms) 
     -computing association tests...done (12ms) 
     -computing joint association tests...done (0ms) 
 set [698/1533] : LINC02445 - 27730 variants...
     -reading in genotypes, computing gene-based tests and building masks...done (22174ms) 
     -computing association tests...done (13ms) 
     -computing joint association tests...done (0ms) 
 set [699/1533] : LINC02446 - 12143 variants...
     -reading in genotypes, computing gene-based tests and building masks...done (18183ms) 
     -computing association tests...done (10ms) 
     -computing joint association tests...done (0ms) 
 set [700/1533] : LINC02448 - 46188 variants...
     -reading in genotypes, computing gene-based tests and building masks...done (49746ms) 
     -computing association tests...done (9ms) 
     -computing joint association tests...done (0ms) 
 set [701/1533] : LINC02449 - 71921 variants...
     -reading in genotypes, computing gene-based tests and building masks...done (84925ms) 
     -computing association tests...done (13ms) 
     -computing joint association tests...done (0ms) 
 set [702/1533] : LINC02450 - 37014 variants...
     -reading in genotypes, computing gene-based tests and building masks...done (29499ms) 
     -computing association tests...done (60ms) 
     -computing joint association tests...done (0ms) 
 set [703/1533] : LINC02452 - 10816 variants...
     -reading in genotypes, computing gene-based tests and building masks...done (10650ms) 
     -computing association tests...done (10ms) 
     -computing joint association tests...done (0ms) 
 set [704/1533] : LINC02453 - 20541 variants...
     -reading in genotypes, computing gene-based tests and building masks...done (27407ms) 
     -computing association tests...done (9ms) 
     -computing joint association tests...done (0ms) 
 set [705/1533] : LINC02455 - 9690 variants...
     -reading in genotypes, computing gene-based tests and building masks...done (18206ms) 
     -computing association tests...done (13ms) 
     -computing joint association tests...done (0ms) 
 set [706/1533] : LINC02456 - 97 variants...
     -reading in genotypes, computing gene-based tests and building masks...done (4808ms) 
     -computing association tests...done (1ms) 
     -computing joint association tests...done (0ms) 
 set [707/1533] : LINC02457 - 36510 variants...
     -reading in genotypes, computing gene-based tests and building masks...done (47719ms) 
     -computing association tests...done (12ms) 
     -computing joint association tests...done (0ms) 
 set [708/1533] : LINC02458 - 128855 variants...
     -reading in genotypes, computing gene-based tests and building masks...done (157680ms) 
     -computing association tests...done (14ms) 
     -computing joint association tests...done (0ms) 
 set [709/1533] : LINC02459 - 5610 variants...
     -reading in genotypes, computing gene-based tests and building masks...done (11073ms) 
     -computing association tests...done (14ms) 
     -computing joint association tests...done (0ms) 
 set [710/1533] : LINC02460 - 5200 variants...
     -reading in genotypes, computing gene-based tests and building masks...done (17106ms) 
     -computing association tests...done (46ms) 
     -computing joint association tests...done (0ms) 
 set [711/1533] : LINC02461 - 7652 variants...
     -reading in genotypes, computing gene-based tests and building masks...done (7046ms) 
     -computing association tests...done (76ms) 
     -computing joint association tests...done (0ms) 
 set [712/1533] : LINC02463 - 37525 variants...
     -reading in genotypes, computing gene-based tests and building masks...done (48341ms) 
     -computing association tests...done (11ms) 
     -computing joint association tests...done (0ms) 
 set [713/1533] : LINC02464 - 54378 variants...
     -reading in genotypes, computing gene-based tests and building masks...done (126469ms) 
     -computing association tests...done (12ms) 
     -computing joint association tests...done (0ms) 
 set [714/1533] : LINC02468 - 3958 variants...
     -reading in genotypes, computing gene-based tests and building masks...done (5012ms) 
     -computing association tests...done (11ms) 
     -computing joint association tests...done (0ms) 
 set [715/1533] : LINC02470 - 4683 variants...
     -reading in genotypes, computing gene-based tests and building masks...done (6876ms) 
     -computing association tests...done (10ms) 
     -computing joint association tests...done (0ms) 
 set [716/1533] : LINC02471 - 10394 variants...
     -reading in genotypes, computing gene-based tests and building masks...done (7436ms) 
     -computing association tests...done (30ms) 
     -computing joint association tests...done (0ms) 
 set [717/1533] : LINC02555 - 15838 variants...
     -reading in genotypes, computing gene-based tests and building masks...done (150665ms) 
     -computing association tests...done (13ms) 
     -computing joint association tests...done (0ms) 
 set [718/1533] : LINC02566 - 32972 variants...
     -reading in genotypes, computing gene-based tests and building masks...done (27436ms) 
     -computing association tests...done (12ms) 
     -computing joint association tests...done (0ms) 
 set [719/1533] : LINC02598 - 2563 variants...
     -reading in genotypes, computing gene-based tests and building masks...done (9932ms) 
     -computing association tests...done (11ms) 
     -computing joint association tests...done (0ms) 
 set [720/1533] : LINC02617 - 5474 variants...
     -reading in genotypes, computing gene-based tests and building masks...done (6275ms) 
     -computing association tests...done (15ms) 
     -computing joint association tests...done (0ms) 
 set [721/1533] : LINC02820 - 114152 variants...
     -reading in genotypes, computing gene-based tests and building masks...done (151771ms) 
     -computing association tests...done (14ms) 
     -computing joint association tests...done (0ms) 
 set [722/1533] : LINC02821 - 257 variants...
     -reading in genotypes, computing gene-based tests and building masks...done (7563ms) 
     -computing association tests...done (21ms) 
     -computing joint association tests...done (0ms) 
 set [723/1533] : LINC02822 - 130368 variants...
     -reading in genotypes, computing gene-based tests and building masks...done (172155ms) 
     -computing association tests...done (13ms) 
     -computing joint association tests...done (0ms) 
 set [724/1533] : LINC02823 - 560 variants...
     -reading in genotypes, computing gene-based tests and building masks...done (1462ms) 
     -computing association tests...done (50ms) 
     -computing joint association tests...done (0ms) 
 set [725/1533] : LINC02824 - 380 variants...
     -reading in genotypes, computing gene-based tests and building masks...done (7431ms) 
     -computing association tests...done (7ms) 
     -computing joint association tests...done (0ms) 
 set [726/1533] : LINC02825 - 6430 variants...
     -reading in genotypes, computing gene-based tests and building masks...done (6234ms) 
     -computing association tests...done (10ms) 
     -computing joint association tests...done (0ms) 
 set [727/1533] : LINC02826 - 31458 variants...
     -reading in genotypes, computing gene-based tests and building masks...done (26534ms) 
     -computing association tests...done (12ms) 
     -computing joint association tests...done (0ms) 
 set [728/1533] : LINC02827 - 1666 variants...
     -reading in genotypes, computing gene-based tests and building masks...done (3178ms) 
     -computing association tests...done (6ms) 
     -computing joint association tests...done (0ms) 
 set [729/1533] : LINC02882 - 339500 variants...
     -reading in genotypes, computing gene-based tests and building masks...done (834760ms) 
     -computing association tests...done (15ms) 
     -computing joint association tests...done (0ms) 
 set [730/1533] : LINC02909 - 9710 variants...
     -reading in genotypes, computing gene-based tests and building masks...done (7894ms) 
     -computing association tests...done (9ms) 
     -computing joint association tests...done (0ms) 
 set [731/1533] : LINC02955 - 179145 variants...
     -reading in genotypes, computing gene-based tests and building masks...done (269837ms) 
     -computing association tests...done (15ms) 
     -computing joint association tests...done (0ms) 
 set [732/1533] : LINC02963 - 17358 variants...
     -reading in genotypes, computing gene-based tests and building masks...done (14034ms) 
     -computing association tests...done (9ms) 
     -computing joint association tests...done (0ms) 
 set [733/1533] : LINC02985 - 3424 variants...
     -reading in genotypes, computing gene-based tests and building masks...done (3030ms) 
     -computing association tests...done (9ms) 
     -computing joint association tests...done (0ms) 
 set [734/1533] : LINC03056 - 30444 variants...
     -reading in genotypes, computing gene-based tests and building masks...done (31509ms) 
     -computing association tests...done (14ms) 
     -computing joint association tests...done (0ms) 
 set [735/1533] : LINC03088 - 17646 variants...
     -reading in genotypes, computing gene-based tests and building masks...done (23579ms) 
     -computing association tests...done (12ms) 
     -computing joint association tests...done (0ms) 
 set [736/1533] : LLPH - 11935 variants...
     -reading in genotypes, computing gene-based tests and building masks...done (33625ms) 
     -computing association tests...done (44ms) 
     -computing joint association tests...done (0ms) 
 set [737/1533] : LMBR1L - 10335 variants...
     -reading in genotypes, computing gene-based tests and building masks...done (8434ms) 
     -computing association tests...done (46ms) 
     -computing joint association tests...done (0ms) 
 set [738/1533] : LMNTD1 - 85516 variants...
     -reading in genotypes, computing gene-based tests and building masks...done (194971ms) 
     -computing association tests...done (14ms) 
     -computing joint association tests...done (0ms) 
 set [739/1533] : LMO3 - 28159 variants...
     -reading in genotypes, computing gene-based tests and building masks...done (22887ms) 
     -computing association tests...done (51ms) 
     -computing joint association tests...done (0ms) 
 set [740/1533] : LNCHR1 - 5782 variants...
     -reading in genotypes, computing gene-based tests and building masks...done (7441ms) 
     -computing association tests...done (9ms) 
     -computing joint association tests...done (0ms) 
 set [741/1533] : LNCOG - 24237 variants...
     -reading in genotypes, computing gene-based tests and building masks...done (25770ms) 
     -computing association tests...done (13ms) 
     -computing joint association tests...done (0ms) 
 set [742/1533] : LPAR5 - 12872 variants...
     -reading in genotypes, computing gene-based tests and building masks...done (17404ms) 
     -computing association tests...done (49ms) 
     -computing joint association tests...done (0ms) 
 set [743/1533] : LPCAT3 - 17852 variants...
     -reading in genotypes, computing gene-based tests and building masks...done (16517ms) 
     -computing association tests...done (17ms) 
     -computing joint association tests...done (0ms) 
 set [744/1533] : LRCOL1 - 10921 variants...
     -reading in genotypes, computing gene-based tests and building masks...done (30713ms) 
     -computing association tests...done (73ms) 
     -computing joint association tests...done (0ms) 
 set [745/1533] : LRIG3 - 23809 variants...
     -reading in genotypes, computing gene-based tests and building masks...done (23710ms) 
     -computing association tests...done (12ms) 
     -computing joint association tests...done (0ms) 
 set [746/1533] : LRIG3-DT - 96671 variants...
     -reading in genotypes, computing gene-based tests and building masks...done (140037ms) 
     -computing association tests...done (15ms) 
     -computing joint association tests...done (0ms) 
 set [747/1533] : LRP1 - 43622 variants...
     -reading in genotypes, computing gene-based tests and building masks...done (51954ms) 
     -computing association tests...done (57ms) 
     -computing joint association tests...done (0ms) 
 set [748/1533] : LRP6 - 74014 variants...
     -reading in genotypes, computing gene-based tests and building masks...done (81014ms) 
     -computing association tests...done (18ms) 
     -computing joint association tests...done (0ms) 
 set [749/1533] : LRRC10 - 3663 variants...
     -reading in genotypes, computing gene-based tests and building masks...done (8073ms) 
     -computing association tests...done (20ms) 
     -computing joint association tests...done (0ms) 
 set [750/1533] : LRRC23 - 11791 variants...
     -reading in genotypes, computing gene-based tests and building masks...done (38291ms) 
     -computing association tests...done (22ms) 
     -computing joint association tests...done (0ms) 
 set [751/1533] : LRRC34P1 - 671 variants...
     -reading in genotypes, computing gene-based tests and building masks...done (1807ms) 
     -computing association tests...done (10ms) 
     -computing joint association tests...done (0ms) 
 set [752/1533] : LRRC43 - 12949 variants...
     -reading in genotypes, computing gene-based tests and building masks...done (10913ms) 
     -computing association tests...done (16ms) 
     -computing joint association tests...done (0ms) 
 set [753/1533] : LRRIQ1 - 103885 variants...
     -reading in genotypes, computing gene-based tests and building masks...done (119058ms) 
     -computing association tests...done (52ms) 
     -computing joint association tests...done (0ms) 
 set [754/1533] : LRRK2 - 65345 variants...
     -reading in genotypes, computing gene-based tests and building masks...done (67639ms) 
     -computing association tests...done (15ms) 
     -computing joint association tests...done (0ms) 
 set [755/1533] : LRRK2-DT - 16907 variants...
     -reading in genotypes, computing gene-based tests and building masks...done (13168ms) 
     -computing association tests...done (62ms) 
     -computing joint association tests...done (0ms) 
 set [756/1533] : LRTM2 - 14041 variants...
     -reading in genotypes, computing gene-based tests and building masks...done (15956ms) 
     -computing association tests...done (21ms) 
     -computing joint association tests...done (0ms) 
 set [757/1533] : LSM6P2 - 2772 variants...
     -reading in genotypes, computing gene-based tests and building masks...done (2185ms) 
     -computing association tests...done (8ms) 
     -computing joint association tests...done (0ms) 
 set [758/1533] : LTA4H - 14268 variants...
     -reading in genotypes, computing gene-based tests and building masks...done (11164ms) 
     -computing association tests...done (52ms) 
     -computing joint association tests...done (0ms) 
 set [759/1533] : LTBR - 7273 variants...
     -reading in genotypes, computing gene-based tests and building masks...done (10691ms) 
     -computing association tests...done (50ms) 
     -computing joint association tests...done (0ms) 
 set [760/1533] : LUM - 8555 variants...
     -reading in genotypes, computing gene-based tests and building masks...done (13749ms) 
     -computing association tests...done (18ms) 
     -computing joint association tests...done (0ms) 
 set [761/1533] : LYZ - 4518 variants...
     -reading in genotypes, computing gene-based tests and building masks...done (5113ms) 
     -computing association tests...done (18ms) 
     -computing joint association tests...done (0ms) 
 set [762/1533] : M6PR - 5089 variants...
     -reading in genotypes, computing gene-based tests and building masks...done (8850ms) 
     -computing association tests...done (18ms) 
     -computing joint association tests...done (0ms) 
 set [763/1533] : MAGOHB - 8446 variants...
     -reading in genotypes, computing gene-based tests and building masks...done (7821ms) 
     -computing association tests...done (45ms) 
     -computing joint association tests...done (0ms) 
 set [764/1533] : MANSC1 - 18783 variants...
     -reading in genotypes, computing gene-based tests and building masks...done (117020ms) 
     -computing association tests...done (20ms) 
     -computing joint association tests...done (0ms) 
 set [765/1533] : MANSC4 - 5160 variants...
     -reading in genotypes, computing gene-based tests and building masks...done (5377ms) 
     -computing association tests...done (66ms) 
     -computing joint association tests...done (0ms) 
 set [766/1533] : MAP1LC3B2 - 18074 variants...
     -reading in genotypes, computing gene-based tests and building masks...done (22284ms) 
     -computing association tests...done (46ms) 
     -computing joint association tests...done (0ms) 
 set [767/1533] : MAP3K12 - 10768 variants...
     -reading in genotypes, computing gene-based tests and building masks...done (8912ms) 
     -computing association tests...done (46ms) 
     -computing joint association tests...done (10ms) 
 set [768/1533] : MAPKAPK5 - 29313 variants...
     -reading in genotypes, computing gene-based tests and building masks...done (25013ms) 
     -computing association tests...done (15ms) 
     -computing joint association tests...done (0ms) 
 set [769/1533] : MAPKAPK5-AS1 - 1140 variants...
     -reading in genotypes, computing gene-based tests and building masks...done (1357ms) 
     -computing association tests...done (4ms) 
     -computing joint association tests...done (0ms) 
 set [770/1533] : MARCHF9 - 3506 variants...
     -reading in genotypes, computing gene-based tests and building masks...done (3215ms) 
     -computing association tests...done (50ms) 
     -computing joint association tests...done (0ms) 
 set [771/1533] : MARK3P1 - 250 variants...
     -reading in genotypes, computing gene-based tests and building masks...done (4286ms) 
     -computing association tests...done (48ms) 
     -computing joint association tests...done (0ms) 
 set [772/1533] : MARS1 - 20103 variants...
     -reading in genotypes, computing gene-based tests and building masks...done (104537ms) 
     -computing association tests...done (13ms) 
     -computing joint association tests...done (0ms) 
 set [773/1533] : MBD6 - 7456 variants...
     -reading in genotypes, computing gene-based tests and building masks...done (5730ms) 
     -computing association tests...done (15ms) 
     -computing joint association tests...done (0ms) 
 set [774/1533] : MCRS1 - 5923 variants...
     -reading in genotypes, computing gene-based tests and building masks...done (4245ms) 
     -computing association tests...done (10ms) 
     -computing joint association tests...done (0ms) 
 set [775/1533] : MDM1 - 17648 variants...
     -reading in genotypes, computing gene-based tests and building masks...done (12632ms) 
     -computing association tests...done (45ms) 
     -computing joint association tests...done (0ms) 
 set [776/1533] : MDM2 - 20720 variants...
     -reading in genotypes, computing gene-based tests and building masks...done (18840ms) 
     -computing association tests...done (19ms) 
     -computing joint association tests...done (0ms) 
 set [777/1533] : MED13L - 146737 variants...
     -reading in genotypes, computing gene-based tests and building masks...done (222539ms) 
     -computing association tests...done (14ms) 
     -computing joint association tests...done (0ms) 
 set [778/1533] : MED21 - 29121 variants...
     -reading in genotypes, computing gene-based tests and building masks...done (129574ms) 
     -computing association tests...done (50ms) 
     -computing joint association tests...done (0ms) 
 set [779/1533] : MESDP1 - 243 variants...
     -reading in genotypes, computing gene-based tests and building masks...done (352ms) 
     -computing association tests...done (1ms) 
     -computing joint association tests...done (0ms) 
 set [780/1533] : METAP2 - 21006 variants...
     -reading in genotypes, computing gene-based tests and building masks...done (16981ms) 
     -computing association tests...done (48ms) 
     -computing joint association tests...done (0ms) 
 set [781/1533] : Metazoa_SRP - 8996 variants...
     -reading in genotypes, computing gene-based tests and building masks...done (14919ms) 
     -computing association tests...done (9ms) 
     -computing joint association tests...done (0ms) 
 set [782/1533] : METTL1 - 1704 variants...
     -reading in genotypes, computing gene-based tests and building masks...done (2715ms) 
     -computing association tests...done (8ms) 
     -computing joint association tests...done (0ms) 
 set [783/1533] : METTL25 - 51742 variants...
     -reading in genotypes, computing gene-based tests and building masks...done (48454ms) 
     -computing association tests...done (13ms) 
     -computing joint association tests...done (0ms) 
 set [784/1533] : METTL8P1 - 822 variants...
     -reading in genotypes, computing gene-based tests and building masks...done (912ms) 
     -computing association tests...done (4ms) 
     -computing joint association tests...done (29ms) 
 set [785/1533] : MFAP5 - 11644 variants...
     -reading in genotypes, computing gene-based tests and building masks...done (9729ms) 
     -computing association tests...done (10ms) 
     -computing joint association tests...done (0ms) 
 set [786/1533] : MFSD5 - 5293 variants...
     -reading in genotypes, computing gene-based tests and building masks...done (4932ms) 
     -computing association tests...done (10ms) 
     -computing joint association tests...done (0ms) 
 set [787/1533] : MGAT4C - 282721 variants...
     -reading in genotypes, computing gene-based tests and building masks...done (756564ms) 
     -computing association tests...done (69ms) 
     -computing joint association tests...done (0ms) 
 set [788/1533] : MGP - 5518 variants...
     -reading in genotypes, computing gene-based tests and building masks...done (7221ms) 
     -computing association tests...done (52ms) 
     -computing joint association tests...done (0ms) 
 set [789/1533] : MGST1 - 58760 variants...
     -reading in genotypes, computing gene-based tests and building masks...done (48580ms) 
     -computing association tests...done (21ms) 
     -computing joint association tests...done (0ms) 
 set [790/1533] : MIP - 8008 variants...
     -reading in genotypes, computing gene-based tests and building masks...done (9864ms) 
     -computing association tests...done (8ms) 
     -computing joint association tests...done (0ms) 
 set [791/1533] : MIR1244-3 - 37 variants...
     -reading in genotypes, computing gene-based tests and building masks...done (496ms) 
     -computing association tests...done (0ms) 
     -computing joint association tests...done (0ms) 
 set [792/1533] : MIR1302-1 - 4092 variants...
     -reading in genotypes, computing gene-based tests and building masks...done (2933ms) 
     -computing association tests...done (9ms) 
     -computing joint association tests...done (0ms) 
 set [793/1533] : MIR1827 - 18 variants...
     -reading in genotypes, computing gene-based tests and building masks...done (2467ms) 
     -computing association tests...done (0ms) 
     -computing joint association tests...done (0ms) 
 set [794/1533] : MIR331 - 226 variants...
     -reading in genotypes, computing gene-based tests and building masks...done (338ms) 
     -computing association tests...done (46ms) 
     -computing joint association tests...done (0ms) 
 set [795/1533] : MIR3649 - 30 variants...
     -reading in genotypes, computing gene-based tests and building masks...done (689ms) 
     -computing association tests...done (2ms) 
     -computing joint association tests...done (0ms) 
 set [796/1533] : MIR3685 - 486 variants...
     -reading in genotypes, computing gene-based tests and building masks...done (520ms) 
     -computing association tests...done (10ms) 
     -computing joint association tests...done (0ms) 
 set [797/1533] : MIR3908 - 1234 variants...
     -reading in genotypes, computing gene-based tests and building masks...done (1172ms) 
     -computing association tests...done (9ms) 
     -computing joint association tests...done (0ms) 
 set [798/1533] : MIR3974 - 42 variants...
     -reading in genotypes, computing gene-based tests and building masks...done (5524ms) 
     -computing association tests...done (0ms) 
     -computing joint association tests...done (0ms) 
 set [799/1533] : MIR4302 - 5273 variants...
     -reading in genotypes, computing gene-based tests and building masks...done (6243ms) 
     -computing association tests...done (39ms) 
     -computing joint association tests...done (0ms) 
 set [800/1533] : MIR4303 - 4354 variants...
     -reading in genotypes, computing gene-based tests and building masks...done (3006ms) 
     -computing association tests...done (15ms) 
     -computing joint association tests...done (0ms) 
 set [801/1533] : MIR4472-2 - 2697 variants...
     -reading in genotypes, computing gene-based tests and building masks...done (9626ms) 
     -computing association tests...done (21ms) 
     -computing joint association tests...done (0ms) 
 set [802/1533] : MIR4494 - 28 variants...
     -reading in genotypes, computing gene-based tests and building masks...done (3539ms) 
     -computing association tests...done (0ms) 
     -computing joint association tests...done (0ms) 
 set [803/1533] : MIR4495 - 4476 variants...
     -reading in genotypes, computing gene-based tests and building masks...done (3343ms) 
     -computing association tests...done (42ms) 
     -computing joint association tests...done (0ms) 
 set [804/1533] : MIR4497 - 20 variants...
     -reading in genotypes, computing gene-based tests and building masks...done (5310ms) 
     -computing association tests...done (0ms) 
     -computing joint association tests...done (0ms) 
 set [805/1533] : MIR492 - 12 variants...
     -reading in genotypes, computing gene-based tests and building masks...done (567ms) 
     -computing association tests...done (0ms) 
     -computing joint association tests...done (0ms) 
 set [806/1533] : MIR5700 - 15 variants...
     -reading in genotypes, computing gene-based tests and building masks...done (627ms) 
     -computing association tests...done (7ms) 
     -computing joint association tests...done (0ms) 
 set [807/1533] : MIR6074 - 856 variants...
     -reading in genotypes, computing gene-based tests and building masks...done (906ms) 
     -computing association tests...done (7ms) 
     -computing joint association tests...done (0ms) 
 set [808/1533] : MIR6125 - 14 variants...
     -reading in genotypes, computing gene-based tests and building masks...done (84ms) 
     -computing association tests...done (0ms) 
     -computing joint association tests...done (0ms) 
 set [809/1533] : MIR613 - 2846 variants...
     -reading in genotypes, computing gene-based tests and building masks...done (2124ms) 
     -computing association tests...done (9ms) 
     -computing joint association tests...done (0ms) 
 set [810/1533] : MIR920 - 4409 variants...
     -reading in genotypes, computing gene-based tests and building masks...done (3322ms) 
     -computing association tests...done (9ms) 
     -computing joint association tests...done (0ms) 
 set [811/1533] : MIRLET7IHG - 9069 variants...
     -reading in genotypes, computing gene-based tests and building masks...done (9940ms) 
     -computing association tests...done (24ms) 
     -computing joint association tests...done (0ms) 
 set [812/1533] : MKRN9P - 700 variants...
     -reading in genotypes, computing gene-based tests and building masks...done (788ms) 
     -computing association tests...done (6ms) 
     -computing joint association tests...done (0ms) 
 set [813/1533] : MLEC - 9757 variants...
     -reading in genotypes, computing gene-based tests and building masks...done (12822ms) 
     -computing association tests...done (10ms) 
     -computing joint association tests...done (0ms) 
 set [814/1533] : MLF2 - 8026 variants...
     -reading in genotypes, computing gene-based tests and building masks...done (6827ms) 
     -computing association tests...done (14ms) 
     -computing joint association tests...done (0ms) 
 set [815/1533] : MLXIP - 37898 variants...
     -reading in genotypes, computing gene-based tests and building masks...done (34247ms) 
     -computing association tests...done (51ms) 
     -computing joint association tests...done (0ms) 
 set [816/1533] : MMAB - 10306 variants...
     -reading in genotypes, computing gene-based tests and building masks...done (14150ms) 
     -computing association tests...done (11ms) 
     -computing joint association tests...done (0ms) 
 set [817/1533] : MMP17 - 19836 variants...
     -reading in genotypes, computing gene-based tests and building masks...done (31545ms) 
     -computing association tests...done (50ms) 
     -computing joint association tests...done (0ms) 
 set [818/1533] : MMP19 - 8020 variants...
     -reading in genotypes, computing gene-based tests and building masks...done (12718ms) 
     -computing association tests...done (48ms) 
     -computing joint association tests...done (0ms) 
 set [819/1533] : MON2 - 61181 variants...
     -reading in genotypes, computing gene-based tests and building masks...done (74415ms) 
     -computing association tests...done (63ms) 
     -computing joint association tests...done (0ms) 
 set [820/1533] : MORN3 - 15829 variants...
     -reading in genotypes, computing gene-based tests and building masks...done (13454ms) 
     -computing association tests...done (10ms) 
     -computing joint association tests...done (0ms) 
 set [821/1533] : MPHOSPH9 - 35078 variants...
     -reading in genotypes, computing gene-based tests and building masks...done (31595ms) 
     -computing association tests...done (55ms) 
     -computing joint association tests...done (0ms) 
 set [822/1533] : MREGP1 - 720 variants...
     -reading in genotypes, computing gene-based tests and building masks...done (11653ms) 
     -computing association tests...done (44ms) 
     -computing joint association tests...done (0ms) 
 set [823/1533] : MRPL2P1 - 377 variants...
     -reading in genotypes, computing gene-based tests and building masks...done (434ms) 
     -computing association tests...done (1ms) 
     -computing joint association tests...done (0ms) 
 set [824/1533] : MRPL40P1 - 223 variants...
     -reading in genotypes, computing gene-based tests and building masks...done (2862ms) 
     -computing association tests...done (5ms) 
     -computing joint association tests...done (0ms) 
 set [825/1533] : MRPL42 - 27187 variants...
     -reading in genotypes, computing gene-based tests and building masks...done (29074ms) 
     -computing association tests...done (52ms) 
     -computing joint association tests...done (0ms) 
 set [826/1533] : MRPL51 - 1545 variants...
     -reading in genotypes, computing gene-based tests and building masks...done (7055ms) 
     -computing association tests...done (15ms) 
     -computing joint association tests...done (0ms) 
 set [827/1533] : MRPS18CP4 - 82 variants...
     -reading in genotypes, computing gene-based tests and building masks...done (8524ms) 
     -computing association tests...done (0ms) 
     -computing joint association tests...done (0ms) 
 set [828/1533] : MRPS35 - 21743 variants...
     -reading in genotypes, computing gene-based tests and building masks...done (19352ms) 
     -computing association tests...done (44ms) 
     -computing joint association tests...done (0ms) 
 set [829/1533] : MRPS36P5 - 4295 variants...
     -reading in genotypes, computing gene-based tests and building masks...done (3543ms) 
     -computing association tests...done (9ms) 
     -computing joint association tests...done (0ms) 
 set [830/1533] : MRPS6P4 - 125 variants...
     -reading in genotypes, computing gene-based tests and building masks...done (695ms) 
     -computing association tests...done (0ms) 
     -computing joint association tests...done (0ms) 
 set [831/1533] : MSI1 - 16057 variants...
     -reading in genotypes, computing gene-based tests and building masks...done (12650ms) 
     -computing association tests...done (55ms) 
     -computing joint association tests...done (0ms) 
 set [832/1533] : MSRB3 - 78120 variants...
     -reading in genotypes, computing gene-based tests and building masks...done (77194ms) 
     -computing association tests...done (14ms) 
     -computing joint association tests...done (0ms) 
 set [833/1533] : MSRB3-AS1 - 72694 variants...
     -reading in genotypes, computing gene-based tests and building masks...done (64051ms) 
     -computing association tests...done (12ms) 
     -computing joint association tests...done (0ms) 
 set [834/1533] : MTCH2P2 - 434 variants...
     -reading in genotypes, computing gene-based tests and building masks...done (6530ms) 
     -computing association tests...done (37ms) 
     -computing joint association tests...done (0ms) 
 set [835/1533] : MTERF2 - 6970 variants...
     -reading in genotypes, computing gene-based tests and building masks...done (5685ms) 
     -computing association tests...done (10ms) 
     -computing joint association tests...done (0ms) 
 set [836/1533] : MTND1P24 - 4142 variants...
     -reading in genotypes, computing gene-based tests and building masks...done (7508ms) 
     -computing association tests...done (18ms) 
     -computing joint association tests...done (0ms) 
 set [837/1533] : MTND2P17 - 701 variants...
     -reading in genotypes, computing gene-based tests and building masks...done (734ms) 
     -computing association tests...done (5ms) 
     -computing joint association tests...done (0ms) 
 set [838/1533] : MTRFR - 16290 variants...
     -reading in genotypes, computing gene-based tests and building masks...done (12584ms) 
     -computing association tests...done (47ms) 
     -computing joint association tests...done (0ms) 
 set [839/1533] : MUC19 - 87013 variants...
     -reading in genotypes, computing gene-based tests and building masks...done (85176ms) 
     -computing association tests...done (51ms) 
     -computing joint association tests...done (0ms) 
 set [840/1533] : MUCL1 - 39716 variants...
     -reading in genotypes, computing gene-based tests and building masks...done (38713ms) 
     -computing association tests...done (54ms) 
     -computing joint association tests...done (0ms) 
 set [841/1533] : MVK - 11921 variants...
     -reading in genotypes, computing gene-based tests and building masks...done (8802ms) 
     -computing association tests...done (46ms) 
     -computing joint association tests...done (0ms) 
 set [842/1533] : MYBPC1 - 50928 variants...
     -reading in genotypes, computing gene-based tests and building masks...done (57868ms) 
     -computing association tests...done (14ms) 
     -computing joint association tests...done (0ms) 
 set [843/1533] : MYF5 - 5291 variants...
     -reading in genotypes, computing gene-based tests and building masks...done (9917ms) 
     -computing association tests...done (12ms) 
     -computing joint association tests...done (0ms) 
 set [844/1533] : MYF6 - 3745 variants...
     -reading in genotypes, computing gene-based tests and building masks...done (4511ms) 
     -computing association tests...done (9ms) 
     -computing joint association tests...done (0ms) 
 set [845/1533] : MYG1 - 3836 variants...
     -reading in genotypes, computing gene-based tests and building masks...done (4476ms) 
     -computing association tests...done (10ms) 
     -computing joint association tests...done (0ms) 
 set [846/1533] : MYL2 - 32635 variants...
     -reading in genotypes, computing gene-based tests and building masks...done (31980ms) 
     -computing association tests...done (63ms) 
     -computing joint association tests...done (0ms) 
 set [847/1533] : MYL6B - 6213 variants...
     -reading in genotypes, computing gene-based tests and building masks...done (14580ms) 
     -computing association tests...done (10ms) 
     -computing joint association tests...done (0ms) 
 set [848/1533] : MYO1A - 11685 variants...
     -reading in genotypes, computing gene-based tests and building masks...done (10532ms) 
     -computing association tests...done (13ms) 
     -computing joint association tests...done (0ms) 
 set [849/1533] : MYO1H - 50066 variants...
     -reading in genotypes, computing gene-based tests and building masks...done (68995ms) 
     -computing association tests...done (52ms) 
     -computing joint association tests...done (0ms) 
 set [850/1533] : MYRFL - 58618 variants...
     -reading in genotypes, computing gene-based tests and building masks...done (58353ms) 
     -computing association tests...done (18ms) 
     -computing joint association tests...done (0ms) 
 set [851/1533] : NAA25 - 38296 variants...
     -reading in genotypes, computing gene-based tests and building masks...done (34414ms) 
     -computing association tests...done (13ms) 
     -computing joint association tests...done (0ms) 
 set [852/1533] : NAB2 - 3542 variants...
     -reading in genotypes, computing gene-based tests and building masks...done (2476ms) 
     -computing association tests...done (9ms) 
     -computing joint association tests...done (0ms) 
 set [853/1533] : NABP2 - 2572 variants...
     -reading in genotypes, computing gene-based tests and building masks...done (3369ms) 
     -computing association tests...done (8ms) 
     -computing joint association tests...done (11ms) 
 set [854/1533] : NACA - 9681 variants...
     -reading in genotypes, computing gene-based tests and building masks...done (7524ms) 
     -computing association tests...done (52ms) 
     -computing joint association tests...done (0ms) 
 set [855/1533] : NACAP8 - 192 variants...
     -reading in genotypes, computing gene-based tests and building masks...done (476ms) 
     -computing association tests...done (2ms) 
     -computing joint association tests...done (0ms) 
 set [856/1533] : NANOG - 9947 variants...
     -reading in genotypes, computing gene-based tests and building masks...done (8004ms) 
     -computing association tests...done (61ms) 
     -computing joint association tests...done (0ms) 
 set [857/1533] : NANOGNB - 9551 variants...
     -reading in genotypes, computing gene-based tests and building masks...done (8823ms) 
     -computing association tests...done (49ms) 
     -computing joint association tests...done (0ms) 
 set [858/1533] : NANOGNBP2 - 190 variants...
     -reading in genotypes, computing gene-based tests and building masks...done (1360ms) 
     -computing association tests...done (0ms) 
     -computing joint association tests...done (0ms) 
 set [859/1533] : NANOGP1 - 236 variants...
     -reading in genotypes, computing gene-based tests and building masks...done (1843ms) 
     -computing association tests...done (1ms) 
     -computing joint association tests...done (0ms) 
 set [860/1533] : NAP1L1 - 25230 variants...
     -reading in genotypes, computing gene-based tests and building masks...done (19578ms) 
     -computing association tests...done (41ms) 
     -computing joint association tests...done (0ms) 
 set [861/1533] : NAV3 - 330635 variants...
     -reading in genotypes, computing gene-based tests and building masks...done (691443ms) 
     -computing association tests...done (56ms) 
     -computing joint association tests...done (0ms) 
 set [862/1533] : NCAPD2 - 21571 variants...
     -reading in genotypes, computing gene-based tests and building masks...done (29809ms) 
     -computing association tests...done (48ms) 
     -computing joint association tests...done (0ms) 
 set [863/1533] : NCKAP1L - 23589 variants...
     -reading in genotypes, computing gene-based tests and building masks...done (18286ms) 
     -computing association tests...done (10ms) 
     -computing joint association tests...done (0ms) 
 set [864/1533] : NCKAP5L - 18220 variants...
     -reading in genotypes, computing gene-based tests and building masks...done (15851ms) 
     -computing association tests...done (47ms) 
     -computing joint association tests...done (0ms) 
 set [865/1533] : NCOR2 - 143466 variants...
     -reading in genotypes, computing gene-based tests and building masks...done (315493ms) 
     -computing association tests...done (55ms) 
     -computing joint association tests...done (0ms) 
 set [866/1533] : NDUFA12 - 49408 variants...
     -reading in genotypes, computing gene-based tests and building masks...done (65947ms) 
     -computing association tests...done (46ms) 
     -computing joint association tests...done (0ms) 
 set [867/1533] : NDUFA4L2 - 3358 variants...
     -reading in genotypes, computing gene-based tests and building masks...done (8028ms) 
     -computing association tests...done (6ms) 
     -computing joint association tests...done (0ms) 
 set [868/1533] : NDUFA5P6 - 5882 variants...
     -reading in genotypes, computing gene-based tests and building masks...done (11963ms) 
     -computing association tests...done (10ms) 
     -computing joint association tests...done (0ms) 
 set [869/1533] : NDUFA9 - 21656 variants...
     -reading in genotypes, computing gene-based tests and building masks...done (15939ms) 
     -computing association tests...done (10ms) 
     -computing joint association tests...done (0ms) 
 set [870/1533] : NECAP1 - 12135 variants...
     -reading in genotypes, computing gene-based tests and building masks...done (13774ms) 
     -computing association tests...done (20ms) 
     -computing joint association tests...done (0ms) 
 set [871/1533] : NEDD1 - 32254 variants...
     -reading in genotypes, computing gene-based tests and building masks...done (45689ms) 
     -computing association tests...done (14ms) 
     -computing joint association tests...done (0ms) 
 set [872/1533] : NELL2 - 180750 variants...
     -reading in genotypes, computing gene-based tests and building masks...done (278192ms) 
     -computing association tests...done (24ms) 
     -computing joint association tests...done (0ms) 
 set [873/1533] : NEMP1 - 11863 variants...
     -reading in genotypes, computing gene-based tests and building masks...done (9167ms) 
     -computing association tests...done (47ms) 
     -computing joint association tests...done (0ms) 
 set [874/1533] : NENFP2 - 89 variants...
     -reading in genotypes, computing gene-based tests and building masks...done (1270ms) 
     -computing association tests...done (2ms) 
     -computing joint association tests...done (0ms) 
 set [875/1533] : NEUROD4 - 7724 variants...
     -reading in genotypes, computing gene-based tests and building masks...done (14496ms) 
     -computing association tests...done (15ms) 
     -computing joint association tests...done (0ms) 
 set [876/1533] : NF1P12 - 503 variants...
     -reading in genotypes, computing gene-based tests and building masks...done (2392ms) 
     -computing association tests...done (20ms) 
     -computing joint association tests...done (0ms) 
 set [877/1533] : NFE2 - 7928 variants...
     -reading in genotypes, computing gene-based tests and building masks...done (7397ms) 
     -computing association tests...done (10ms) 
     -computing joint association tests...done (0ms) 
 set [878/1533] : NFYB - 12450 variants...
     -reading in genotypes, computing gene-based tests and building masks...done (19719ms) 
     -computing association tests...done (48ms) 
     -computing joint association tests...done (0ms) 
 set [879/1533] : NIFKP3 - 1211 variants...
     -reading in genotypes, computing gene-based tests and building masks...done (12239ms) 
     -computing association tests...done (9ms) 
     -computing joint association tests...done (0ms) 
 set [880/1533] : NINJ2 - 54812 variants...
     -reading in genotypes, computing gene-based tests and building masks...done (68726ms) 
     -computing association tests...done (13ms) 
     -computing joint association tests...done (0ms) 
 set [881/1533] : NINJ2-AS1 - 328 variants...
     -reading in genotypes, computing gene-based tests and building masks...done (441ms) 
     -computing association tests...done (3ms) 
     -computing joint association tests...done (0ms) 
 set [882/1533] : NLRP9P1 - 5770 variants...
     -reading in genotypes, computing gene-based tests and building masks...done (4172ms) 
     -computing association tests...done (42ms) 
     -computing joint association tests...done (0ms) 
 set [883/1533] : NME2P1 - 1895 variants...
     -reading in genotypes, computing gene-based tests and building masks...done (7578ms) 
     -computing association tests...done (8ms) 
     -computing joint association tests...done (0ms) 
 set [884/1533] : NOC4L - 19448 variants...
     -reading in genotypes, computing gene-based tests and building masks...done (44056ms) 
     -computing association tests...done (16ms) 
     -computing joint association tests...done (0ms) 
 set [885/1533] : NOP2 - 1877 variants...
     -reading in genotypes, computing gene-based tests and building masks...done (3012ms) 
     -computing association tests...done (7ms) 
     -computing joint association tests...done (0ms) 
 set [886/1533] : NOP56P3 - 4443 variants...
     -reading in genotypes, computing gene-based tests and building masks...done (2984ms) 
     -computing association tests...done (12ms) 
     -computing joint association tests...done (0ms) 
 set [887/1533] : NOPCHAP1 - 13757 variants...
     -reading in genotypes, computing gene-based tests and building masks...done (10094ms) 
     -computing association tests...done (54ms) 
     -computing joint association tests...done (0ms) 
 set [888/1533] : NOS1 - 107638 variants...
     -reading in genotypes, computing gene-based tests and building masks...done (149026ms) 
     -computing association tests...done (14ms) 
     -computing joint association tests...done (0ms) 
 set [889/1533] : NPFF - 2219 variants...
     -reading in genotypes, computing gene-based tests and building masks...done (2750ms) 
     -computing association tests...done (7ms) 
     -computing joint association tests...done (0ms) 
 set [890/1533] : NR1H4 - 38751 variants...
     -reading in genotypes, computing gene-based tests and building masks...done (34704ms) 
     -computing association tests...done (54ms) 
     -computing joint association tests...done (0ms) 
 set [891/1533] : NR2C1 - 24032 variants...
     -reading in genotypes, computing gene-based tests and building masks...done (21338ms) 
     -computing association tests...done (43ms) 
     -computing joint association tests...done (0ms) 
 set [892/1533] : NR4A1 - 11840 variants...
     -reading in genotypes, computing gene-based tests and building masks...done (12328ms) 
     -computing association tests...done (47ms) 
     -computing joint association tests...done (0ms) 
 set [893/1533] : NRAV - 3621 variants...
     -reading in genotypes, computing gene-based tests and building masks...done (9058ms) 
     -computing association tests...done (9ms) 
     -computing joint association tests...done (0ms) 
 set [894/1533] : NRIP2 - 6911 variants...
     -reading in genotypes, computing gene-based tests and building masks...done (13172ms) 
     -computing association tests...done (45ms) 
     -computing joint association tests...done (0ms) 
 set [895/1533] : NSA2P2 - 4134 variants...
     -reading in genotypes, computing gene-based tests and building masks...done (7159ms) 
     -computing association tests...done (10ms) 
     -computing joint association tests...done (0ms) 
 set [896/1533] : NT5DC3 - 28934 variants...
     -reading in genotypes, computing gene-based tests and building masks...done (20246ms) 
     -computing association tests...done (45ms) 
     -computing joint association tests...done (0ms) 
 set [897/1533] : NTAN1P3 - 1753 variants...
     -reading in genotypes, computing gene-based tests and building masks...done (1466ms) 
     -computing association tests...done (9ms) 
     -computing joint association tests...done (0ms) 
 set [898/1533] : NTF3 - 40032 variants...
     -reading in genotypes, computing gene-based tests and building masks...done (36504ms) 
     -computing association tests...done (50ms) 
     -computing joint association tests...done (0ms) 
 set [899/1533] : NTN4 - 58189 variants...
     -reading in genotypes, computing gene-based tests and building masks...done (52924ms) 
     -computing association tests...done (55ms) 
     -computing joint association tests...done (0ms) 
 set [900/1533] : NTS - 10209 variants...
     -reading in genotypes, computing gene-based tests and building masks...done (23669ms) 
     -computing association tests...done (42ms) 
     -computing joint association tests...done (0ms) 
 set [901/1533] : NUAK1 - 32674 variants...
     -reading in genotypes, computing gene-based tests and building masks...done (25631ms) 
     -computing association tests...done (45ms) 
     -computing joint association tests...done (0ms) 
 set [902/1533] : NUDT4 - 13097 variants...
     -reading in genotypes, computing gene-based tests and building masks...done (15625ms) 
     -computing association tests...done (11ms) 
     -computing joint association tests...done (0ms) 
 set [903/1533] : NUP107 - 24453 variants...
     -reading in genotypes, computing gene-based tests and building masks...done (17673ms) 
     -computing association tests...done (43ms) 
     -computing joint association tests...done (0ms) 
 set [904/1533] : NUP107-DT - 2081 variants...
     -reading in genotypes, computing gene-based tests and building masks...done (2157ms) 
     -computing association tests...done (9ms) 
     -computing joint association tests...done (9ms) 
 set [905/1533] : NUP37 - 18127 variants...
     -reading in genotypes, computing gene-based tests and building masks...done (13444ms) 
     -computing association tests...done (47ms) 
     -computing joint association tests...done (0ms) 
 set [906/1533] : NXPH4 - 6019 variants...
     -reading in genotypes, computing gene-based tests and building masks...done (5290ms) 
     -computing association tests...done (9ms) 
     -computing joint association tests...done (0ms) 
 set [907/1533] : OAS1 - 8633 variants...
     -reading in genotypes, computing gene-based tests and building masks...done (12719ms) 
     -computing association tests...done (11ms) 
     -computing joint association tests...done (0ms) 
 set [908/1533] : OAS2 - 16549 variants...
     -reading in genotypes, computing gene-based tests and building masks...done (13078ms) 
     -computing association tests...done (48ms) 
     -computing joint association tests...done (0ms) 
 set [909/1533] : OAS3 - 15345 variants...
     -reading in genotypes, computing gene-based tests and building masks...done (10896ms) 
     -computing association tests...done (49ms) 
     -computing joint association tests...done (0ms) 
 set [910/1533] : OASL - 13379 variants...
     -reading in genotypes, computing gene-based tests and building masks...done (10817ms) 
     -computing association tests...done (11ms) 
     -computing joint association tests...done (0ms) 
 set [911/1533] : OASL2P - 6845 variants...
     -reading in genotypes, computing gene-based tests and building masks...done (6830ms) 
     -computing association tests...done (48ms) 
     -computing joint association tests...done (0ms) 
 set [912/1533] : OGFOD2 - 7403 variants...
     -reading in genotypes, computing gene-based tests and building masks...done (6631ms) 
     -computing association tests...done (9ms) 
     -computing joint association tests...done (0ms) 
 set [913/1533] : OLA1P3 - 5593 variants...
     -reading in genotypes, computing gene-based tests and building masks...done (12716ms) 
     -computing association tests...done (45ms) 
     -computing joint association tests...done (0ms) 
 set [914/1533] : OLR1 - 9929 variants...
     -reading in genotypes, computing gene-based tests and building masks...done (18316ms) 
     -computing association tests...done (62ms) 
     -computing joint association tests...done (0ms) 
 set [915/1533] : OR10A7 - 5163 variants...
     -reading in genotypes, computing gene-based tests and building masks...done (8690ms) 
     -computing association tests...done (45ms) 
     -computing joint association tests...done (0ms) 
 set [916/1533] : OR10AD1 - 4383 variants...
     -reading in genotypes, computing gene-based tests and building masks...done (8937ms) 
     -computing association tests...done (10ms) 
     -computing joint association tests...done (0ms) 
 set [917/1533] : OR10AE3P - 299 variants...
     -reading in genotypes, computing gene-based tests and building masks...done (2941ms) 
     -computing association tests...done (43ms) 
     -computing joint association tests...done (0ms) 
 set [918/1533] : OR10P1 - 4488 variants...
     -reading in genotypes, computing gene-based tests and building masks...done (5360ms) 
     -computing association tests...done (62ms) 
     -computing joint association tests...done (0ms) 
 set [919/1533] : OR10U1P - 4632 variants...
     -reading in genotypes, computing gene-based tests and building masks...done (16495ms) 
     -computing association tests...done (10ms) 
     -computing joint association tests...done (0ms) 
 set [920/1533] : OR11M1P - 4128 variants...
     -reading in genotypes, computing gene-based tests and building masks...done (4196ms) 
     -computing association tests...done (51ms) 
     -computing joint association tests...done (0ms) 
 set [921/1533] : OR2AP1 - 6973 variants...
     -reading in genotypes, computing gene-based tests and building masks...done (5391ms) 
     -computing association tests...done (10ms) 
     -computing joint association tests...done (0ms) 
 set [922/1533] : OR5BJ1P - 320 variants...
     -reading in genotypes, computing gene-based tests and building masks...done (2540ms) 
     -computing association tests...done (5ms) 
     -computing joint association tests...done (0ms) 
 set [923/1533] : OR5BK1P - 252 variants...
     -reading in genotypes, computing gene-based tests and building masks...done (2652ms) 
     -computing association tests...done (2ms) 
     -computing joint association tests...done (0ms) 
 set [924/1533] : OR5BS1P - 2988 variants...
     -reading in genotypes, computing gene-based tests and building masks...done (7308ms) 
     -computing association tests...done (23ms) 
     -computing joint association tests...done (0ms) 
 set [925/1533] : OR5BT1P - 305 variants...
     -reading in genotypes, computing gene-based tests and building masks...done (327ms) 
     -computing association tests...done (6ms) 
     -computing joint association tests...done (0ms) 
 set [926/1533] : OR6C1 - 7800 variants...
     -reading in genotypes, computing gene-based tests and building masks...done (13537ms) 
     -computing association tests...done (10ms) 
     -computing joint association tests...done (0ms) 
 set [927/1533] : OR6C2 - 8560 variants...
     -reading in genotypes, computing gene-based tests and building masks...done (19175ms) 
     -computing association tests...done (9ms) 
     -computing joint association tests...done (0ms) 
 set [928/1533] : OR6C3 - 5234 variants...
     -reading in genotypes, computing gene-based tests and building masks...done (5103ms) 
     -computing association tests...done (47ms) 
     -computing joint association tests...done (0ms) 
 set [929/1533] : OR6C4 - 8490 variants...
     -reading in genotypes, computing gene-based tests and building masks...done (6503ms) 
     -computing association tests...done (18ms) 
     -computing joint association tests...done (0ms) 
 set [930/1533] : OR6C5P - 1133 variants...
     -reading in genotypes, computing gene-based tests and building masks...done (984ms) 
     -computing association tests...done (5ms) 
     -computing joint association tests...done (0ms) 
 set [931/1533] : OR6C6 - 5542 variants...
     -reading in genotypes, computing gene-based tests and building masks...done (4893ms) 
     -computing association tests...done (41ms) 
     -computing joint association tests...done (0ms) 
 set [932/1533] : OR6C64P - 472 variants...
     -reading in genotypes, computing gene-based tests and building masks...done (568ms) 
     -computing association tests...done (5ms) 
     -computing joint association tests...done (0ms) 
 set [933/1533] : OR6C65 - 4253 variants...
     -reading in genotypes, computing gene-based tests and building masks...done (5007ms) 
     -computing association tests...done (45ms) 
     -computing joint association tests...done (0ms) 
 set [934/1533] : OR6C68 - 6118 variants...
     -reading in genotypes, computing gene-based tests and building masks...done (13744ms) 
     -computing association tests...done (48ms) 
     -computing joint association tests...done (0ms) 
 set [935/1533] : OR6C69P - 2753 variants...
     -reading in genotypes, computing gene-based tests and building masks...done (2024ms) 
     -computing association tests...done (8ms) 
     -computing joint association tests...done (0ms) 
 set [936/1533] : OR6C70 - 5014 variants...
     -reading in genotypes, computing gene-based tests and building masks...done (4760ms) 
     -computing association tests...done (9ms) 
     -computing joint association tests...done (0ms) 
 set [937/1533] : OR6C72P - 4134 variants...
     -reading in genotypes, computing gene-based tests and building masks...done (2911ms) 
     -computing association tests...done (10ms) 
     -computing joint association tests...done (0ms) 
 set [938/1533] : OR6C73P - 975 variants...
     -reading in genotypes, computing gene-based tests and building masks...done (1026ms) 
     -computing association tests...done (4ms) 
     -computing joint association tests...done (0ms) 
 set [939/1533] : OR6C74 - 8583 variants...
     -reading in genotypes, computing gene-based tests and building masks...done (6759ms) 
     -computing association tests...done (9ms) 
     -computing joint association tests...done (17ms) 
 set [940/1533] : OR6C75 - 7758 variants...
     -reading in genotypes, computing gene-based tests and building masks...done (6484ms) 
     -computing association tests...done (21ms) 
     -computing joint association tests...done (0ms) 
 set [941/1533] : OR6C76 - 4164 variants...
     -reading in genotypes, computing gene-based tests and building masks...done (6779ms) 
     -computing association tests...done (7ms) 
     -computing joint association tests...done (0ms) 
 set [942/1533] : OR6C7P - 7564 variants...
     -reading in genotypes, computing gene-based tests and building masks...done (5464ms) 
     -computing association tests...done (8ms) 
     -computing joint association tests...done (0ms) 
 set [943/1533] : OR7A19P - 269 variants...
     -reading in genotypes, computing gene-based tests and building masks...done (336ms) 
     -computing association tests...done (6ms) 
     -computing joint association tests...done (0ms) 
 set [944/1533] : OR7E140P - 6465 variants...
     -reading in genotypes, computing gene-based tests and building masks...done (78320ms) 
     -computing association tests...done (5ms) 
     -computing joint association tests...done (0ms) 
 set [945/1533] : OR7E148P - 3032 variants...
     -reading in genotypes, computing gene-based tests and building masks...done (26456ms) 
     -computing association tests...done (57ms) 
     -computing joint association tests...done (0ms) 
 set [946/1533] : OR7E149P - 4098 variants...
     -reading in genotypes, computing gene-based tests and building masks...done (8290ms) 
     -computing association tests...done (46ms) 
     -computing joint association tests...done (0ms) 
 set [947/1533] : OR7E47P - 2705 variants...
     -reading in genotypes, computing gene-based tests and building masks...done (6647ms) 
     -computing association tests...done (11ms) 
     -computing joint association tests...done (0ms) 
 set [948/1533] : OR8S1 - 5364 variants...
     -reading in genotypes, computing gene-based tests and building masks...done (4903ms) 
     -computing association tests...done (8ms) 
     -computing joint association tests...done (0ms) 
 set [949/1533] : OR8S21P - 2376 variants...
     -reading in genotypes, computing gene-based tests and building masks...done (1786ms) 
     -computing association tests...done (7ms) 
     -computing joint association tests...done (0ms) 
 set [950/1533] : OR8T1P - 5036 variants...
     -reading in genotypes, computing gene-based tests and building masks...done (3261ms) 
     -computing association tests...done (10ms) 
     -computing joint association tests...done (0ms) 
 set [951/1533] : OR9K2 - 7266 variants...
     -reading in genotypes, computing gene-based tests and building masks...done (11602ms) 
     -computing association tests...done (16ms) 
     -computing joint association tests...done (0ms) 
 set [952/1533] : OR9R1P - 7038 variants...
     -reading in genotypes, computing gene-based tests and building masks...done (4830ms) 
     -computing association tests...done (11ms) 
     -computing joint association tests...done (0ms) 
 set [953/1533] : ORAI1 - 14722 variants...
     -reading in genotypes, computing gene-based tests and building masks...done (20585ms) 
     -computing association tests...done (12ms) 
     -computing joint association tests...done (0ms) 
 set [954/1533] : ORMDL2 - 3367 variants...
     -reading in genotypes, computing gene-based tests and building masks...done (3670ms) 
     -computing association tests...done (10ms) 
     -computing joint association tests...done (0ms) 
 set [955/1533] : OS9 - 12577 variants...
     -reading in genotypes, computing gene-based tests and building masks...done (12532ms) 
     -computing association tests...done (42ms) 
     -computing joint association tests...done (0ms) 
 set [956/1533] : OSBPL8 - 84143 variants...
     -reading in genotypes, computing gene-based tests and building masks...done (79781ms) 
     -computing association tests...done (44ms) 
     -computing joint association tests...done (0ms) 
 set [957/1533] : OSTF1P1 - 4699 variants...
     -reading in genotypes, computing gene-based tests and building masks...done (3624ms) 
     -computing association tests...done (45ms) 
     -computing joint association tests...done (0ms) 
 set [958/1533] : OTOGL - 121797 variants...
     -reading in genotypes, computing gene-based tests and building masks...done (135667ms) 
     -computing association tests...done (64ms) 
     -computing joint association tests...done (0ms) 
 set [959/1533] : OVCH1 - 28131 variants...
     -reading in genotypes, computing gene-based tests and building masks...done (26839ms) 
     -computing association tests...done (54ms) 
     -computing joint association tests...done (0ms) 
 set [960/1533] : OVCH1-AS1 - 22782 variants...
     -reading in genotypes, computing gene-based tests and building masks...done (25492ms) 
     -computing association tests...done (13ms) 
     -computing joint association tests...done (0ms) 
 set [961/1533] : P2RX2 - 1812 variants...
     -reading in genotypes, computing gene-based tests and building masks...done (9438ms) 
     -computing association tests...done (11ms) 
     -computing joint association tests...done (0ms) 
 set [962/1533] : P2RX4 - 16626 variants...
     -reading in genotypes, computing gene-based tests and building masks...done (14744ms) 
     -computing association tests...done (12ms) 
     -computing joint association tests...done (0ms) 
 set [963/1533] : P2RX7 - 30876 variants...
     -reading in genotypes, computing gene-based tests and building masks...done (30601ms) 
     -computing association tests...done (15ms) 
     -computing joint association tests...done (0ms) 
 set [964/1533] : P3H3 - 8965 variants...
     -reading in genotypes, computing gene-based tests and building masks...done (6966ms) 
     -computing association tests...done (43ms) 
     -computing joint association tests...done (0ms) 
 set [965/1533] : PA2G4 - 4106 variants...
     -reading in genotypes, computing gene-based tests and building masks...done (5891ms) 
     -computing association tests...done (48ms) 
     -computing joint association tests...done (0ms) 
 set [966/1533] : PABPC1P4 - 1386 variants...
     -reading in genotypes, computing gene-based tests and building masks...done (1758ms) 
     -computing association tests...done (4ms) 
     -computing joint association tests...done (0ms) 
 set [967/1533] : PAFAH1B2P2 - 103780 variants...
     -reading in genotypes, computing gene-based tests and building masks...done (134614ms) 
     -computing association tests...done (12ms) 
     -computing joint association tests...done (0ms) 
 set [968/1533] : PAH - 48942 variants...
     -reading in genotypes, computing gene-based tests and building masks...done (54605ms) 
     -computing association tests...done (16ms) 
     -computing joint association tests...done (0ms) 
 set [969/1533] : PAN2 - 4992 variants...
     -reading in genotypes, computing gene-based tests and building masks...done (4523ms) 
     -computing association tests...done (14ms) 
     -computing joint association tests...done (0ms) 
 set [970/1533] : PARP11 - 35773 variants...
     -reading in genotypes, computing gene-based tests and building masks...done (26972ms) 
     -computing association tests...done (43ms) 
     -computing joint association tests...done (0ms) 
 set [971/1533] : PARP11-AS1 - 16844 variants...
     -reading in genotypes, computing gene-based tests and building masks...done (14103ms) 
     -computing association tests...done (43ms) 
     -computing joint association tests...done (0ms) 
 set [972/1533] : PARPBP - 31076 variants...
     -reading in genotypes, computing gene-based tests and building masks...done (27165ms) 
     -computing association tests...done (10ms) 
     -computing joint association tests...done (0ms) 
 set [973/1533] : PAWR - 63901 variants...
     -reading in genotypes, computing gene-based tests and building masks...done (84482ms) 
     -computing association tests...done (31ms) 
     -computing joint association tests...done (0ms) 
 set [974/1533] : PCBP2 - 12926 variants...
     -reading in genotypes, computing gene-based tests and building masks...done (9582ms) 
     -computing association tests...done (12ms) 
     -computing joint association tests...done (0ms) 
 set [975/1533] : PCED1B - 67257 variants...
     -reading in genotypes, computing gene-based tests and building masks...done (59382ms) 
     -computing association tests...done (18ms) 
     -computing joint association tests...done (0ms) 
 set [976/1533] : PDCD5P1 - 5638 variants...
     -reading in genotypes, computing gene-based tests and building masks...done (7309ms) 
     -computing association tests...done (10ms) 
     -computing joint association tests...done (0ms) 
 set [977/1533] : PDCL3P7 - 3371 variants...
     -reading in genotypes, computing gene-based tests and building masks...done (2368ms) 
     -computing association tests...done (9ms) 
     -computing joint association tests...done (0ms) 
 set [978/1533] : PDE1B - 8268 variants...
     -reading in genotypes, computing gene-based tests and building masks...done (6585ms) 
     -computing association tests...done (71ms) 
     -computing joint association tests...done (0ms) 
 set [979/1533] : PDE3A - 141509 variants...
     -reading in genotypes, computing gene-based tests and building masks...done (157661ms) 
     -computing association tests...done (66ms) 
     -computing joint association tests...done (0ms) 
 set [980/1533] : PDE3A-AS1 - 2808 variants...
     -reading in genotypes, computing gene-based tests and building masks...done (1945ms) 
     -computing association tests...done (44ms) 
     -computing joint association tests...done (0ms) 
 set [981/1533] : PDE6H - 8219 variants...
     -reading in genotypes, computing gene-based tests and building masks...done (5602ms) 
     -computing association tests...done (50ms) 
     -computing joint association tests...done (0ms) 
 set [982/1533] : PDZRN4 - 171711 variants...
     -reading in genotypes, computing gene-based tests and building masks...done (257235ms) 
     -computing association tests...done (17ms) 
     -computing joint association tests...done (0ms) 
 set [983/1533] : PEBP1 - 8107 variants...
     -reading in genotypes, computing gene-based tests and building masks...done (6978ms) 
     -computing association tests...done (44ms) 
     -computing joint association tests...done (0ms) 
 set [984/1533] : PEX5 - 21533 variants...
     -reading in genotypes, computing gene-based tests and building masks...done (53158ms) 
     -computing association tests...done (12ms) 
     -computing joint association tests...done (0ms) 
 set [985/1533] : PFDN5 - 3151 variants...
     -reading in genotypes, computing gene-based tests and building masks...done (5069ms) 
     -computing association tests...done (62ms) 
     -computing joint association tests...done (0ms) 
 set [986/1533] : PFKM - 13838 variants...
     -reading in genotypes, computing gene-based tests and building masks...done (16087ms) 
     -computing association tests...done (12ms) 
     -computing joint association tests...done (0ms) 
 set [987/1533] : PGAM1P5 - 47967 variants...
     -reading in genotypes, computing gene-based tests and building masks...done (48401ms) 
     -computing association tests...done (11ms) 
     -computing joint association tests...done (0ms) 
 set [988/1533] : PGAM5 - 7745 variants...
     -reading in genotypes, computing gene-based tests and building masks...done (6778ms) 
     -computing association tests...done (43ms) 
     -computing joint association tests...done (0ms) 
 set [989/1533] : PHB1P18 - 1147 variants...
     -reading in genotypes, computing gene-based tests and building masks...done (3918ms) 
     -computing association tests...done (8ms) 
     -computing joint association tests...done (0ms) 
 set [990/1533] : PHC1 - 13475 variants...
     -reading in genotypes, computing gene-based tests and building masks...done (13900ms) 
     -computing association tests...done (40ms) 
     -computing joint association tests...done (19ms) 
 set [991/1533] : PHC1P1 - 5576 variants...
     -reading in genotypes, computing gene-based tests and building masks...done (9782ms) 
     -computing association tests...done (9ms) 
     -computing joint association tests...done (0ms) 
 set [992/1533] : PHETA1 - 7675 variants...
     -reading in genotypes, computing gene-based tests and building masks...done (9499ms) 
     -computing association tests...done (66ms) 
     -computing joint association tests...done (0ms) 
 set [993/1533] : PHLDA1 - 4548 variants...
     -reading in genotypes, computing gene-based tests and building masks...done (13113ms) 
     -computing association tests...done (9ms) 
     -computing joint association tests...done (0ms) 
 set [994/1533] : PIANP - 5111 variants...
     -reading in genotypes, computing gene-based tests and building masks...done (4181ms) 
     -computing association tests...done (15ms) 
     -computing joint association tests...done (0ms) 
 set [995/1533] : PIK3C2G - 171339 variants...
     -reading in genotypes, computing gene-based tests and building masks...done (261289ms) 
     -computing association tests...done (53ms) 
     -computing joint association tests...done (0ms) 
 set [996/1533] : PIP4K2C - 9103 variants...
     -reading in genotypes, computing gene-based tests and building masks...done (7326ms) 
     -computing association tests...done (10ms) 
     -computing joint association tests...done (0ms) 
 set [997/1533] : PITPNM2 - 62660 variants...
     -reading in genotypes, computing gene-based tests and building masks...done (58326ms) 
     -computing association tests...done (52ms) 
     -computing joint association tests...done (0ms) 
 set [998/1533] : PIWIL1 - 20571 variants...
     -reading in genotypes, computing gene-based tests and building masks...done (22587ms) 
     -computing association tests...done (13ms) 
     -computing joint association tests...done (0ms) 
 set [999/1533] : PKP2 - 48512 variants...
     -reading in genotypes, computing gene-based tests and building masks...done (45371ms) 
     -computing association tests...done (17ms) 
     -computing joint association tests...done (0ms) 
 set [1000/1533] : PLA2G1B - 6233 variants...
     -reading in genotypes, computing gene-based tests and building masks...done (5989ms) 
     -computing association tests...done (13ms) 
     -computing joint association tests...done (0ms) 
 set [1001/1533] : PLBD1 - 30233 variants...
     -reading in genotypes, computing gene-based tests and building masks...done (23216ms) 
     -computing association tests...done (48ms) 
     -computing joint association tests...done (0ms) 
 set [1002/1533] : PLBD1-AS1 - 17236 variants...
     -reading in genotypes, computing gene-based tests and building masks...done (17966ms) 
     -computing association tests...done (11ms) 
     -computing joint association tests...done (0ms) 
 set [1003/1533] : PLBD2 - 20463 variants...
     -reading in genotypes, computing gene-based tests and building masks...done (17576ms) 
     -computing association tests...done (44ms) 
     -computing joint association tests...done (0ms) 
 set [1004/1533] : PLCZ1 - 24682 variants...
     -reading in genotypes, computing gene-based tests and building masks...done (20195ms) 
     -computing association tests...done (42ms) 
     -computing joint association tests...done (0ms) 
 set [1005/1533] : PLEKHA5 - 121019 variants...
     -reading in genotypes, computing gene-based tests and building masks...done (148781ms) 
     -computing association tests...done (14ms) 
     -computing joint association tests...done (0ms) 
 set [1006/1533] : PLEKHA8P1 - 29760 variants...
     -reading in genotypes, computing gene-based tests and building masks...done (21692ms) 
     -computing association tests...done (9ms) 
     -computing joint association tests...done (0ms) 
 set [1007/1533] : PLEKHG6 - 8254 variants...
     -reading in genotypes, computing gene-based tests and building masks...done (6714ms) 
     -computing association tests...done (42ms) 
     -computing joint association tests...done (30ms) 
 set [1008/1533] : PLEKHG7 - 29485 variants...
     -reading in genotypes, computing gene-based tests and building masks...done (54233ms) 
     -computing association tests...done (10ms) 
     -computing joint association tests...done (0ms) 
 set [1009/1533] : PLXNC1 - 64697 variants...
     -reading in genotypes, computing gene-based tests and building masks...done (69489ms) 
     -computing association tests...done (17ms) 
     -computing joint association tests...done (0ms) 
 set [1010/1533] : PMCH - 4093 variants...
     -reading in genotypes, computing gene-based tests and building masks...done (5533ms) 
     -computing association tests...done (65ms) 
     -computing joint association tests...done (0ms) 
 set [1011/1533] : PMEL - 1466 variants...
     -reading in genotypes, computing gene-based tests and building masks...done (2903ms) 
     -computing association tests...done (60ms) 
     -computing joint association tests...done (0ms) 
 set [1012/1533] : POC1B - 45544 variants...
     -reading in genotypes, computing gene-based tests and building masks...done (41566ms) 
     -computing association tests...done (12ms) 
     -computing joint association tests...done (0ms) 
 set [1013/1533] : POC1B-AS1 - 19809 variants...
     -reading in genotypes, computing gene-based tests and building masks...done (14981ms) 
     -computing association tests...done (20ms) 
     -computing joint association tests...done (0ms) 
 set [1014/1533] : POLE - 33591 variants...
     -reading in genotypes, computing gene-based tests and building masks...done (28566ms) 
     -computing association tests...done (17ms) 
     -computing joint association tests...done (0ms) 
 set [1015/1533] : POLR3B - 67242 variants...
     -reading in genotypes, computing gene-based tests and building masks...done (64622ms) 
     -computing association tests...done (48ms) 
     -computing joint association tests...done (0ms) 
 set [1016/1533] : POP5 - 3483 variants...
     -reading in genotypes, computing gene-based tests and building masks...done (8901ms) 
     -computing association tests...done (17ms) 
     -computing joint association tests...done (0ms) 
 set [1017/1533] : POU6F1 - 17783 variants...
     -reading in genotypes, computing gene-based tests and building masks...done (18781ms) 
     -computing association tests...done (54ms) 
     -computing joint association tests...done (0ms) 
 set [1018/1533] : PPDPFP2 - 3700 variants...
     -reading in genotypes, computing gene-based tests and building masks...done (5884ms) 
     -computing association tests...done (9ms) 
     -computing joint association tests...done (0ms) 
 set [1019/1533] : PPFIA2 - 215060 variants...
     -reading in genotypes, computing gene-based tests and building masks...done (385321ms) 
     -computing association tests...done (55ms) 
     -computing joint association tests...done (0ms) 
 set [1020/1533] : PPFIBP1 - 66939 variants...
     -reading in genotypes, computing gene-based tests and building masks...done (69873ms) 
     -computing association tests...done (16ms) 
     -computing joint association tests...done (0ms) 
 set [1021/1533] : PPHLN1 - 75930 variants...
     -reading in genotypes, computing gene-based tests and building masks...done (95334ms) 
     -computing association tests...done (49ms) 
     -computing joint association tests...done (0ms) 
 set [1022/1533] : PPIAP44 - 84 variants...
     -reading in genotypes, computing gene-based tests and building masks...done (6219ms) 
     -computing association tests...done (0ms) 
     -computing joint association tests...done (0ms) 
 set [1023/1533] : PPIAP8 - 1391 variants...
     -reading in genotypes, computing gene-based tests and building masks...done (1447ms) 
     -computing association tests...done (41ms) 
     -computing joint association tests...done (0ms) 
 set [1024/1533] : PPM1H - 123393 variants...
     -reading in genotypes, computing gene-based tests and building masks...done (165432ms) 
     -computing association tests...done (16ms) 
     -computing joint association tests...done (10ms) 
 set [1025/1533] : PPP1CC - 15144 variants...
     -reading in genotypes, computing gene-based tests and building masks...done (14179ms) 
     -computing association tests...done (17ms) 
     -computing joint association tests...done (0ms) 
 set [1026/1533] : PPP1R12A - 69348 variants...
     -reading in genotypes, computing gene-based tests and building masks...done (69141ms) 
     -computing association tests...done (53ms) 
     -computing joint association tests...done (0ms) 
 set [1027/1533] : PPP1R12A-AS1 - 3570 variants...
     -reading in genotypes, computing gene-based tests and building masks...done (2724ms) 
     -computing association tests...done (10ms) 
     -computing joint association tests...done (0ms) 
 set [1028/1533] : PPP1R12A-AS2 - 30416 variants...
     -reading in genotypes, computing gene-based tests and building masks...done (21807ms) 
     -computing association tests...done (9ms) 
     -computing joint association tests...done (0ms) 
 set [1029/1533] : PPP1R1A - 7906 variants...
     -reading in genotypes, computing gene-based tests and building masks...done (6884ms) 
     -computing association tests...done (59ms) 
     -computing joint association tests...done (0ms) 
 set [1030/1533] : PPTC7 - 26457 variants...
     -reading in genotypes, computing gene-based tests and building masks...done (26934ms) 
     -computing association tests...done (10ms) 
     -computing joint association tests...done (0ms) 
 set [1031/1533] : PRANCR - 116901 variants...
     -reading in genotypes, computing gene-based tests and building masks...done (171039ms) 
     -computing association tests...done (12ms) 
     -computing joint association tests...done (0ms) 
 set [1032/1533] : PRB1 - 10808 variants...
     -reading in genotypes, computing gene-based tests and building masks...done (9812ms) 
     -computing association tests...done (12ms) 
     -computing joint association tests...done (0ms) 
 set [1033/1533] : PRB2 - 12890 variants...
     -reading in genotypes, computing gene-based tests and building masks...done (37447ms) 
     -computing association tests...done (15ms) 
     -computing joint association tests...done (0ms) 
 set [1034/1533] : PRB3 - 6583 variants...
     -reading in genotypes, computing gene-based tests and building masks...done (13982ms) 
     -computing association tests...done (63ms) 
     -computing joint association tests...done (0ms) 
 set [1035/1533] : PRB4 - 8899 variants...
     -reading in genotypes, computing gene-based tests and building masks...done (7006ms) 
     -computing association tests...done (13ms) 
     -computing joint association tests...done (0ms) 
 set [1036/1533] : PRDM4 - 15889 variants...
     -reading in genotypes, computing gene-based tests and building masks...done (11371ms) 
     -computing association tests...done (50ms) 
     -computing joint association tests...done (0ms) 
 set [1037/1533] : PRELID2P1 - 3693 variants...
     -reading in genotypes, computing gene-based tests and building masks...done (9043ms) 
     -computing association tests...done (8ms) 
     -computing joint association tests...done (0ms) 
 set [1038/1533] : PRH1 - 12633 variants...
     -reading in genotypes, computing gene-based tests and building masks...done (17742ms) 
     -computing association tests...done (10ms) 
     -computing joint association tests...done (0ms) 
 set [1039/1533] : PRH2 - 6241 variants...
     -reading in genotypes, computing gene-based tests and building masks...done (5051ms) 
     -computing association tests...done (55ms) 
     -computing joint association tests...done (0ms) 
 set [1040/1533] : PRICKLE1 - 58533 variants...
     -reading in genotypes, computing gene-based tests and building masks...done (55220ms) 
     -computing association tests...done (15ms) 
     -computing joint association tests...done (0ms) 
 set [1041/1533] : PRIM1 - 12566 variants...
     -reading in genotypes, computing gene-based tests and building masks...done (9999ms) 
     -computing association tests...done (19ms) 
     -computing joint association tests...done (11ms) 
 set [1042/1533] : PRKAB1 - 7532 variants...
     -reading in genotypes, computing gene-based tests and building masks...done (6199ms) 
     -computing association tests...done (41ms) 
     -computing joint association tests...done (0ms) 
 set [1043/1533] : PRKAG1 - 7687 variants...
     -reading in genotypes, computing gene-based tests and building masks...done (6644ms) 
     -computing association tests...done (8ms) 
     -computing joint association tests...done (0ms) 
 set [1044/1533] : PRMT8 - 75359 variants...
     -reading in genotypes, computing gene-based tests and building masks...done (93808ms) 
     -computing association tests...done (18ms) 
     -computing joint association tests...done (0ms) 
 set [1045/1533] : PRPF40B - 14293 variants...
     -reading in genotypes, computing gene-based tests and building masks...done (13956ms) 
     -computing association tests...done (44ms) 
     -computing joint association tests...done (0ms) 
 set [1046/1533] : PRPH - 6605 variants...
     -reading in genotypes, computing gene-based tests and building masks...done (9719ms) 
     -computing association tests...done (47ms) 
     -computing joint association tests...done (0ms) 
 set [1047/1533] : PRR13 - 7689 variants...
     -reading in genotypes, computing gene-based tests and building masks...done (12139ms) 
     -computing association tests...done (10ms) 
     -computing joint association tests...done (0ms) 
 set [1048/1533] : PRR4 - 14557 variants...
     -reading in genotypes, computing gene-based tests and building masks...done (14750ms) 
     -computing association tests...done (10ms) 
     -computing joint association tests...done (0ms) 
 set [1049/1533] : PSMB3P1 - 2630 variants...
     -reading in genotypes, computing gene-based tests and building masks...done (2125ms) 
     -computing association tests...done (9ms) 
     -computing joint association tests...done (0ms) 
 set [1050/1533] : PSMC1P8 - 4911 variants...
     -reading in genotypes, computing gene-based tests and building masks...done (3306ms) 
     -computing association tests...done (10ms) 
     -computing joint association tests...done (0ms) 
 set [1051/1533] : PSMD9 - 18012 variants...
     -reading in genotypes, computing gene-based tests and building masks...done (15268ms) 
     -computing association tests...done (13ms) 
     -computing joint association tests...done (0ms) 
 set [1052/1533] : PTGES3 - 21631 variants...
     -reading in genotypes, computing gene-based tests and building masks...done (25820ms) 
     -computing association tests...done (17ms) 
     -computing joint association tests...done (0ms) 
 set [1053/1533] : PTHLH - 15918 variants...
     -reading in genotypes, computing gene-based tests and building masks...done (13237ms) 
     -computing association tests...done (47ms) 
     -computing joint association tests...done (0ms) 
 set [1054/1533] : PTMAP4 - 200 variants...
     -reading in genotypes, computing gene-based tests and building masks...done (3869ms) 
     -computing association tests...done (47ms) 
     -computing joint association tests...done (0ms) 
 set [1055/1533] : PTMAP9 - 3220 variants...
     -reading in genotypes, computing gene-based tests and building masks...done (11336ms) 
     -computing association tests...done (8ms) 
     -computing joint association tests...done (0ms) 
 set [1056/1533] : PTMS - 7575 variants...
     -reading in genotypes, computing gene-based tests and building masks...done (6535ms) 
     -computing association tests...done (47ms) 
     -computing joint association tests...done (0ms) 
 set [1057/1533] : PTPN11 - 39632 variants...
     -reading in genotypes, computing gene-based tests and building masks...done (34052ms) 
     -computing association tests...done (56ms) 
     -computing joint association tests...done (0ms) 
 set [1058/1533] : PTPN6 - 9069 variants...
     -reading in genotypes, computing gene-based tests and building masks...done (7653ms) 
     -computing association tests...done (40ms) 
     -computing joint association tests...done (0ms) 
 set [1059/1533] : PTPRB - 48626 variants...
     -reading in genotypes, computing gene-based tests and building masks...done (53290ms) 
     -computing association tests...done (18ms) 
     -computing joint association tests...done (0ms) 
 set [1060/1533] : PTPRO - 125600 variants...
     -reading in genotypes, computing gene-based tests and building masks...done (141779ms) 
     -computing association tests...done (52ms) 
     -computing joint association tests...done (0ms) 
 set [1061/1533] : PTPRQ - 128810 variants...
     -reading in genotypes, computing gene-based tests and building masks...done (214611ms) 
     -computing association tests...done (21ms) 
     -computing joint association tests...done (0ms) 
 set [1062/1533] : PTPRR - 123976 variants...
     -reading in genotypes, computing gene-based tests and building masks...done (151853ms) 
     -computing association tests...done (15ms) 
     -computing joint association tests...done (0ms) 
 set [1063/1533] : PUS1 - 8623 variants...
     -reading in genotypes, computing gene-based tests and building masks...done (12043ms) 
     -computing association tests...done (42ms) 
     -computing joint association tests...done (0ms) 
 set [1064/1533] : PUS7L - 19621 variants...
     -reading in genotypes, computing gene-based tests and building masks...done (26897ms) 
     -computing association tests...done (50ms) 
     -computing joint association tests...done (0ms) 
 set [1065/1533] : PWP1 - 15691 variants...
     -reading in genotypes, computing gene-based tests and building masks...done (21780ms) 
     -computing association tests...done (72ms) 
     -computing joint association tests...done (0ms) 
 set [1066/1533] : PXMP2 - 20395 variants...
     -reading in genotypes, computing gene-based tests and building masks...done (57057ms) 
     -computing association tests...done (42ms) 
     -computing joint association tests...done (0ms) 
 set [1067/1533] : PXN - 26861 variants...
     -reading in genotypes, computing gene-based tests and building masks...done (19997ms) 
     -computing association tests...done (50ms) 
     -computing joint association tests...done (0ms) 
 set [1068/1533] : PYM1 - 14761 variants...
     -reading in genotypes, computing gene-based tests and building masks...done (18233ms) 
     -computing association tests...done (41ms) 
     -computing joint association tests...done (0ms) 
 set [1069/1533] : PYROXD1 - 18033 variants...
     -reading in genotypes, computing gene-based tests and building masks...done (28954ms) 
     -computing association tests...done (55ms) 
     -computing joint association tests...done (0ms) 
 set [1070/1533] : PZP - 26214 variants...
     -reading in genotypes, computing gene-based tests and building masks...done (19507ms) 
     -computing association tests...done (54ms) 
     -computing joint association tests...done (0ms) 
 set [1071/1533] : R3HDM2 - 78203 variants...
     -reading in genotypes, computing gene-based tests and building masks...done (96765ms) 
     -computing association tests...done (14ms) 
     -computing joint association tests...done (0ms) 
 set [1072/1533] : RAB11AP2 - 4671 variants...
     -reading in genotypes, computing gene-based tests and building masks...done (4447ms) 
     -computing association tests...done (9ms) 
     -computing joint association tests...done (0ms) 
 set [1073/1533] : RAB21 - 23975 variants...
     -reading in genotypes, computing gene-based tests and building masks...done (18385ms) 
     -computing association tests...done (49ms) 
     -computing joint association tests...done (0ms) 
 set [1074/1533] : RAB35 - 14533 variants...
     -reading in genotypes, computing gene-based tests and building masks...done (17825ms) 
     -computing association tests...done (10ms) 
     -computing joint association tests...done (0ms) 
 set [1075/1533] : RAB35-AS1 - 214 variants...
     -reading in genotypes, computing gene-based tests and building masks...done (272ms) 
     -computing association tests...done (5ms) 
     -computing joint association tests...done (0ms) 
 set [1076/1533] : RAB3IP - 46808 variants...
     -reading in genotypes, computing gene-based tests and building masks...done (66844ms) 
     -computing association tests...done (40ms) 
     -computing joint association tests...done (0ms) 
 set [1077/1533] : RAB5B - 13294 variants...
     -reading in genotypes, computing gene-based tests and building masks...done (11604ms) 
     -computing association tests...done (62ms) 
     -computing joint association tests...done (0ms) 
 set [1078/1533] : RACGAP1 - 25212 variants...
     -reading in genotypes, computing gene-based tests and building masks...done (21277ms) 
     -computing association tests...done (14ms) 
     -computing joint association tests...done (0ms) 
 set [1079/1533] : RACGAP1P1 - 754 variants...
     -reading in genotypes, computing gene-based tests and building masks...done (801ms) 
     -computing association tests...done (3ms) 
     -computing joint association tests...done (0ms) 
 set [1080/1533] : RAD51AP1 - 9438 variants...
     -reading in genotypes, computing gene-based tests and building masks...done (10781ms) 
     -computing association tests...done (11ms) 
     -computing joint association tests...done (0ms) 
 set [1081/1533] : RAD52 - 24658 variants...
     -reading in genotypes, computing gene-based tests and building masks...done (64347ms) 
     -computing association tests...done (66ms) 
     -computing joint association tests...done (0ms) 
 set [1082/1533] : RAD9B - 12582 variants...
     -reading in genotypes, computing gene-based tests and building masks...done (16273ms) 
     -computing association tests...done (45ms) 
     -computing joint association tests...done (0ms) 
 set [1083/1533] : RAN - 9063 variants...
     -reading in genotypes, computing gene-based tests and building masks...done (13674ms) 
     -computing association tests...done (11ms) 
     -computing joint association tests...done (0ms) 
 set [1084/1533] : RAP1B - 33868 variants...
     -reading in genotypes, computing gene-based tests and building masks...done (48032ms) 
     -computing association tests...done (12ms) 
     -computing joint association tests...done (0ms) 
 set [1085/1533] : RAPGEF3 - 12858 variants...
     -reading in genotypes, computing gene-based tests and building masks...done (20292ms) 
     -computing association tests...done (46ms) 
     -computing joint association tests...done (0ms) 
 set [1086/1533] : RARG - 11509 variants...
     -reading in genotypes, computing gene-based tests and building masks...done (8446ms) 
     -computing association tests...done (10ms) 
     -computing joint association tests...done (0ms) 
 set [1087/1533] : RASAL1 - 15365 variants...
     -reading in genotypes, computing gene-based tests and building masks...done (14711ms) 
     -computing association tests...done (55ms) 
     -computing joint association tests...done (0ms) 
 set [1088/1533] : RASSF3 - 64651 variants...
     -reading in genotypes, computing gene-based tests and building masks...done (80289ms) 
     -computing association tests...done (55ms) 
     -computing joint association tests...done (0ms) 
 set [1089/1533] : RASSF3-DT - 4863 variants...
     -reading in genotypes, computing gene-based tests and building masks...done (3713ms) 
     -computing association tests...done (9ms) 
     -computing joint association tests...done (0ms) 
 set [1090/1533] : RASSF8 - 54805 variants...
     -reading in genotypes, computing gene-based tests and building masks...done (47224ms) 
     -computing association tests...done (46ms) 
     -computing joint association tests...done (0ms) 
 set [1091/1533] : RASSF8-AS1 - 11402 variants...
     -reading in genotypes, computing gene-based tests and building masks...done (10534ms) 
     -computing association tests...done (12ms) 
     -computing joint association tests...done (0ms) 
 set [1092/1533] : RASSF9 - 18380 variants...
     -reading in genotypes, computing gene-based tests and building masks...done (13930ms) 
     -computing association tests...done (10ms) 
     -computing joint association tests...done (0ms) 
 set [1093/1533] : RBM19 - 68213 variants...
     -reading in genotypes, computing gene-based tests and building masks...done (71081ms) 
     -computing association tests...done (37ms) 
     -computing joint association tests...done (0ms) 
 set [1094/1533] : RBMS2 - 34672 variants...
     -reading in genotypes, computing gene-based tests and building masks...done (35290ms) 
     -computing association tests...done (12ms) 
     -computing joint association tests...done (0ms) 
 set [1095/1533] : RBP5 - 4057 variants...
     -reading in genotypes, computing gene-based tests and building masks...done (6731ms) 
     -computing association tests...done (42ms) 
     -computing joint association tests...done (0ms) 
 set [1096/1533] : RDH16 - 6894 variants...
     -reading in genotypes, computing gene-based tests and building masks...done (14568ms) 
     -computing association tests...done (39ms) 
     -computing joint association tests...done (0ms) 
 set [1097/1533] : RDH5 - 2517 variants...
     -reading in genotypes, computing gene-based tests and building masks...done (3169ms) 
     -computing association tests...done (8ms) 
     -computing joint association tests...done (0ms) 
 set [1098/1533] : RECQL - 8106 variants...
     -reading in genotypes, computing gene-based tests and building masks...done (6188ms) 
     -computing association tests...done (8ms) 
     -computing joint association tests...done (0ms) 
 set [1099/1533] : REDIC1 - 64052 variants...
     -reading in genotypes, computing gene-based tests and building masks...done (67227ms) 
     -computing association tests...done (49ms) 
     -computing joint association tests...done (0ms) 
 set [1100/1533] : REP15 - 4181 variants...
     -reading in genotypes, computing gene-based tests and building masks...done (4330ms) 
     -computing association tests...done (9ms) 
     -computing joint association tests...done (0ms) 
 set [1101/1533] : RERG - 74466 variants...
     -reading in genotypes, computing gene-based tests and building masks...done (74108ms) 
     -computing association tests...done (15ms) 
     -computing joint association tests...done (0ms) 
 set [1102/1533] : RERGL - 82775 variants...
     -reading in genotypes, computing gene-based tests and building masks...done (107323ms) 
     -computing association tests...done (14ms) 
     -computing joint association tests...done (0ms) 
 set [1103/1533] : RESF1 - 20872 variants...
     -reading in genotypes, computing gene-based tests and building masks...done (20329ms) 
     -computing association tests...done (12ms) 
     -computing joint association tests...done (0ms) 
 set [1104/1533] : RFC5 - 12002 variants...
     -reading in genotypes, computing gene-based tests and building masks...done (15582ms) 
     -computing association tests...done (47ms) 
     -computing joint association tests...done (0ms) 
 set [1105/1533] : RFLNA - 110857 variants...
     -reading in genotypes, computing gene-based tests and building masks...done (142616ms) 
     -computing association tests...done (50ms) 
     -computing joint association tests...done (0ms) 
 set [1106/1533] : RFX4 - 74027 variants...
     -reading in genotypes, computing gene-based tests and building masks...done (67361ms) 
     -computing association tests...done (13ms) 
     -computing joint association tests...done (0ms) 
 set [1107/1533] : RHEBL1 - 7066 variants...
     -reading in genotypes, computing gene-based tests and building masks...done (6162ms) 
     -computing association tests...done (65ms) 
     -computing joint association tests...done (0ms) 
 set [1108/1533] : RHNO1 - 10395 variants...
     -reading in genotypes, computing gene-based tests and building masks...done (16066ms) 
     -computing association tests...done (23ms) 
     -computing joint association tests...done (0ms) 
 set [1109/1533] : RHOF - 8684 variants...
     -reading in genotypes, computing gene-based tests and building masks...done (7594ms) 
     -computing association tests...done (43ms) 
     -computing joint association tests...done (0ms) 
 set [1110/1533] : RIC8B - 48807 variants...
     -reading in genotypes, computing gene-based tests and building masks...done (41635ms) 
     -computing association tests...done (18ms) 
     -computing joint association tests...done (0ms) 
 set [1111/1533] : RILPL1 - 37758 variants...
     -reading in genotypes, computing gene-based tests and building masks...done (38728ms) 
     -computing association tests...done (45ms) 
     -computing joint association tests...done (0ms) 
 set [1112/1533] : RILPL2 - 12877 variants...
     -reading in genotypes, computing gene-based tests and building masks...done (11610ms) 
     -computing association tests...done (51ms) 
     -computing joint association tests...done (0ms) 
 set [1113/1533] : RIMBP2 - 179432 variants...
     -reading in genotypes, computing gene-based tests and building masks...done (329147ms) 
     -computing association tests...done (18ms) 
     -computing joint association tests...done (0ms) 
 set [1114/1533] : RIMKLB - 44560 variants...
     -reading in genotypes, computing gene-based tests and building masks...done (50780ms) 
     -computing association tests...done (10ms) 
     -computing joint association tests...done (0ms) 
 set [1115/1533] : RITA1 - 8143 variants...
     -reading in genotypes, computing gene-based tests and building masks...done (6677ms) 
     -computing association tests...done (10ms) 
     -computing joint association tests...done (0ms) 
 set [1116/1533] : RLIG1 - 9640 variants...
     -reading in genotypes, computing gene-based tests and building masks...done (15359ms) 
     -computing association tests...done (11ms) 
     -computing joint association tests...done (0ms) 
 set [1117/1533] : RMST - 89383 variants...
     -reading in genotypes, computing gene-based tests and building masks...done (91774ms) 
     -computing association tests...done (13ms) 
     -computing joint association tests...done (0ms) 
 set [1118/1533] : RN7SKP166 - 4080 variants...
     -reading in genotypes, computing gene-based tests and building masks...done (8576ms) 
     -computing association tests...done (9ms) 
     -computing joint association tests...done (0ms) 
 set [1119/1533] : RN7SKP172 - 5305 variants...
     -reading in genotypes, computing gene-based tests and building masks...done (4059ms) 
     -computing association tests...done (8ms) 
     -computing joint association tests...done (0ms) 
 set [1120/1533] : RN7SKP216 - 4395 variants...
     -reading in genotypes, computing gene-based tests and building masks...done (3059ms) 
     -computing association tests...done (11ms) 
     -computing joint association tests...done (0ms) 
 set [1121/1533] : RN7SKP250 - 6607 variants...
     -reading in genotypes, computing gene-based tests and building masks...done (10658ms) 
     -computing association tests...done (43ms) 
     -computing joint association tests...done (0ms) 
 set [1122/1533] : RN7SKP262 - 3155 variants...
     -reading in genotypes, computing gene-based tests and building masks...done (3903ms) 
     -computing association tests...done (10ms) 
     -computing joint association tests...done (0ms) 
 set [1123/1533] : RN7SKP263 - 126 variants...
     -reading in genotypes, computing gene-based tests and building masks...done (280ms) 
     -computing association tests...done (1ms) 
     -computing joint association tests...done (0ms) 
 set [1124/1533] : RN7SKP289 - 133 variants...
     -reading in genotypes, computing gene-based tests and building masks...done (467ms) 
     -computing association tests...done (1ms) 
     -computing joint association tests...done (0ms) 
 set [1125/1533] : RN7SKP65 - 3821 variants...
     -reading in genotypes, computing gene-based tests and building masks...done (4382ms) 
     -computing association tests...done (8ms) 
     -computing joint association tests...done (0ms) 
 set [1126/1533] : RN7SL176P - 86 variants...
     -reading in genotypes, computing gene-based tests and building masks...done (834ms) 
     -computing association tests...done (1ms) 
     -computing joint association tests...done (0ms) 
 set [1127/1533] : RN7SL380P - 153 variants...
     -reading in genotypes, computing gene-based tests and building masks...done (328ms) 
     -computing association tests...done (1ms) 
     -computing joint association tests...done (2ms) 
 set [1128/1533] : RN7SL38P - 117 variants...
     -reading in genotypes, computing gene-based tests and building masks...done (244ms) 
     -computing association tests...done (6ms) 
     -computing joint association tests...done (0ms) 
 set [1129/1533] : RN7SL483P - 2089 variants...
     -reading in genotypes, computing gene-based tests and building masks...done (11280ms) 
     -computing association tests...done (8ms) 
     -computing joint association tests...done (0ms) 
 set [1130/1533] : RN7SL519P - 502 variants...
     -reading in genotypes, computing gene-based tests and building masks...done (618ms) 
     -computing association tests...done (3ms) 
     -computing joint association tests...done (0ms) 
 set [1131/1533] : RN7SL769P - 4750 variants...
     -reading in genotypes, computing gene-based tests and building masks...done (4421ms) 
     -computing association tests...done (9ms) 
     -computing joint association tests...done (0ms) 
 set [1132/1533] : RN7SL804P - 1921 variants...
     -reading in genotypes, computing gene-based tests and building masks...done (1564ms) 
     -computing association tests...done (11ms) 
     -computing joint association tests...done (0ms) 
 set [1133/1533] : RN7SL865P - 4376 variants...
     -reading in genotypes, computing gene-based tests and building masks...done (3180ms) 
     -computing association tests...done (8ms) 
     -computing joint association tests...done (0ms) 
 set [1134/1533] : RN7SL88P - 112 variants...
     -reading in genotypes, computing gene-based tests and building masks...done (314ms) 
     -computing association tests...done (0ms) 
     -computing joint association tests...done (0ms) 
 set [1135/1533] : RNA5SP353 - 4330 variants...
     -reading in genotypes, computing gene-based tests and building masks...done (3183ms) 
     -computing association tests...done (10ms) 
     -computing joint association tests...done (0ms) 
 set [1136/1533] : RNA5SP356 - 1729 variants...
     -reading in genotypes, computing gene-based tests and building masks...done (1407ms) 
     -computing association tests...done (5ms) 
     -computing joint association tests...done (0ms) 
 set [1137/1533] : RNA5SP357 - 65 variants...
     -reading in genotypes, computing gene-based tests and building masks...done (3914ms) 
     -computing association tests...done (1ms) 
     -computing joint association tests...done (0ms) 
 set [1138/1533] : RNA5SP358 - 66 variants...
     -reading in genotypes, computing gene-based tests and building masks...done (2296ms) 
     -computing association tests...done (1ms) 
     -computing joint association tests...done (0ms) 
 set [1139/1533] : RNA5SP359 - 76 variants...
     -reading in genotypes, computing gene-based tests and building masks...done (376ms) 
     -computing association tests...done (50ms) 
     -computing joint association tests...done (0ms) 
 set [1140/1533] : RNA5SP360 - 7372 variants...
     -reading in genotypes, computing gene-based tests and building masks...done (5414ms) 
     -computing association tests...done (8ms) 
     -computing joint association tests...done (0ms) 
 set [1141/1533] : RNA5SP361 - 51 variants...
     -reading in genotypes, computing gene-based tests and building masks...done (361ms) 
     -computing association tests...done (0ms) 
     -computing joint association tests...done (0ms) 
 set [1142/1533] : RNA5SP362 - 9646 variants...
     -reading in genotypes, computing gene-based tests and building masks...done (21747ms) 
     -computing association tests...done (43ms) 
     -computing joint association tests...done (0ms) 
 set [1143/1533] : RNA5SP365 - 33 variants...
     -reading in genotypes, computing gene-based tests and building masks...done (463ms) 
     -computing association tests...done (1ms) 
     -computing joint association tests...done (0ms) 
 set [1144/1533] : RNA5SP367 - 1541 variants...
     -reading in genotypes, computing gene-based tests and building masks...done (3891ms) 
     -computing association tests...done (48ms) 
     -computing joint association tests...done (2ms) 
 set [1145/1533] : RNA5SP369 - 2949 variants...
     -reading in genotypes, computing gene-based tests and building masks...done (2327ms) 
     -computing association tests...done (8ms) 
     -computing joint association tests...done (0ms) 
 set [1146/1533] : RNA5SP374 - 47 variants...
     -reading in genotypes, computing gene-based tests and building masks...done (632ms) 
     -computing association tests...done (1ms) 
     -computing joint association tests...done (0ms) 
 set [1147/1533] : RNA5SP375 - 3021 variants...
     -reading in genotypes, computing gene-based tests and building masks...done (2332ms) 
     -computing association tests...done (9ms) 
     -computing joint association tests...done (0ms) 
 set [1148/1533] : RNA5SP376 - 234 variants...
     -reading in genotypes, computing gene-based tests and building masks...done (1511ms) 
     -computing association tests...done (4ms) 
     -computing joint association tests...done (0ms) 
 set [1149/1533] : RND1 - 6047 variants...
     -reading in genotypes, computing gene-based tests and building masks...done (5697ms) 
     -computing association tests...done (10ms) 
     -computing joint association tests...done (0ms) 
 set [1150/1533] : RNF10 - 22879 variants...
     -reading in genotypes, computing gene-based tests and building masks...done (24468ms) 
     -computing association tests...done (12ms) 
     -computing joint association tests...done (0ms) 
 set [1151/1533] : RNF34 - 12706 variants...
     -reading in genotypes, computing gene-based tests and building masks...done (14064ms) 
     -computing association tests...done (15ms) 
     -computing joint association tests...done (0ms) 
 set [1152/1533] : RNF41 - 11690 variants...
     -reading in genotypes, computing gene-based tests and building masks...done (9782ms) 
     -computing association tests...done (44ms) 
     -computing joint association tests...done (0ms) 
 set [1153/1533] : RNFT2 - 51740 variants...
     -reading in genotypes, computing gene-based tests and building masks...done (59048ms) 
     -computing association tests...done (53ms) 
     -computing joint association tests...done (0ms) 
 set [1154/1533] : RNU1-104P - 719 variants...
     -reading in genotypes, computing gene-based tests and building masks...done (1314ms) 
     -computing association tests...done (7ms) 
     -computing joint association tests...done (0ms) 
 set [1155/1533] : RNU1-146P - 4980 variants...
     -reading in genotypes, computing gene-based tests and building masks...done (3415ms) 
     -computing association tests...done (9ms) 
     -computing joint association tests...done (0ms) 
 set [1156/1533] : RNU4-20P - 3808 variants...
     -reading in genotypes, computing gene-based tests and building masks...done (2647ms) 
     -computing association tests...done (38ms) 
     -computing joint association tests...done (0ms) 
 set [1157/1533] : RNU4-2 - 7556 variants...
     -reading in genotypes, computing gene-based tests and building masks...done (9154ms) 
     -computing association tests...done (43ms) 
     -computing joint association tests...done (0ms) 
 set [1158/1533] : RNU4-41P - 49 variants...
     -reading in genotypes, computing gene-based tests and building masks...done (476ms) 
     -computing association tests...done (7ms) 
     -computing joint association tests...done (0ms) 
 set [1159/1533] : RNU4-65P - 3924 variants...
     -reading in genotypes, computing gene-based tests and building masks...done (6725ms) 
     -computing association tests...done (10ms) 
     -computing joint association tests...done (0ms) 
 set [1160/1533] : RNU4-67P - 3957 variants...
     -reading in genotypes, computing gene-based tests and building masks...done (2854ms) 
     -computing association tests...done (10ms) 
     -computing joint association tests...done (0ms) 
 set [1161/1533] : RNU5E-5P - 2730 variants...
     -reading in genotypes, computing gene-based tests and building masks...done (2192ms) 
     -computing association tests...done (47ms) 
     -computing joint association tests...done (2ms) 
 set [1162/1533] : RNU6-1004P - 56 variants...
     -reading in genotypes, computing gene-based tests and building masks...done (237ms) 
     -computing association tests...done (6ms) 
     -computing joint association tests...done (0ms) 
 set [1163/1533] : RNU6-1012P - 4174 variants...
     -reading in genotypes, computing gene-based tests and building masks...done (8202ms) 
     -computing association tests...done (9ms) 
     -computing joint association tests...done (0ms) 
 set [1164/1533] : RNU6-1017P - 43 variants...
     -reading in genotypes, computing gene-based tests and building masks...done (645ms) 
     -computing association tests...done (0ms) 
     -computing joint association tests...done (0ms) 
 set [1165/1533] : RNU6-1068P - 860 variants...
     -reading in genotypes, computing gene-based tests and building masks...done (5889ms) 
     -computing association tests...done (5ms) 
     -computing joint association tests...done (0ms) 
 set [1166/1533] : RNU6-1069P - 53 variants...
     -reading in genotypes, computing gene-based tests and building masks...done (320ms) 
     -computing association tests...done (0ms) 
     -computing joint association tests...done (0ms) 
 set [1167/1533] : RNU6-1183P - 975 variants...
     -reading in genotypes, computing gene-based tests and building masks...done (1119ms) 
     -computing association tests...done (42ms) 
     -computing joint association tests...done (0ms) 
 set [1168/1533] : RNU6-1271P - 894 variants...
     -reading in genotypes, computing gene-based tests and building masks...done (4692ms) 
     -computing association tests...done (8ms) 
     -computing joint association tests...done (0ms) 
 set [1169/1533] : RNU6-1273P - 2754 variants...
     -reading in genotypes, computing gene-based tests and building masks...done (2291ms) 
     -computing association tests...done (7ms) 
     -computing joint association tests...done (0ms) 
 set [1170/1533] : RNU6-1315P - 1574 variants...
     -reading in genotypes, computing gene-based tests and building masks...done (2951ms) 
     -computing association tests...done (4ms) 
     -computing joint association tests...done (0ms) 
 set [1171/1533] : RNU6-1329P - 46 variants...
     -reading in genotypes, computing gene-based tests and building masks...done (419ms) 
     -computing association tests...done (0ms) 
     -computing joint association tests...done (0ms) 
 set [1172/1533] : RNU6-148P - 31 variants...
     -reading in genotypes, computing gene-based tests and building masks...done (127ms) 
     -computing association tests...done (0ms) 
     -computing joint association tests...done (0ms) 
 set [1173/1533] : RNU6-275P - 2623 variants...
     -reading in genotypes, computing gene-based tests and building masks...done (2056ms) 
     -computing association tests...done (6ms) 
     -computing joint association tests...done (0ms) 
 set [1174/1533] : RNU6-318P - 5295 variants...
     -reading in genotypes, computing gene-based tests and building masks...done (5943ms) 
     -computing association tests...done (8ms) 
     -computing joint association tests...done (0ms) 
 set [1175/1533] : RNU6-333P - 51 variants...
     -reading in genotypes, computing gene-based tests and building masks...done (665ms) 
     -computing association tests...done (0ms) 
     -computing joint association tests...done (0ms) 
 set [1176/1533] : RNU6-36P - 8378 variants...
     -reading in genotypes, computing gene-based tests and building masks...done (13999ms) 
     -computing association tests...done (11ms) 
     -computing joint association tests...done (0ms) 
 set [1177/1533] : RNU6-400P - 51 variants...
     -reading in genotypes, computing gene-based tests and building masks...done (178ms) 
     -computing association tests...done (4ms) 
     -computing joint association tests...done (0ms) 
 set [1178/1533] : RNU6-472P - 5286 variants...
     -reading in genotypes, computing gene-based tests and building masks...done (3551ms) 
     -computing association tests...done (9ms) 
     -computing joint association tests...done (0ms) 
 set [1179/1533] : RNU6-491P - 47 variants...
     -reading in genotypes, computing gene-based tests and building masks...done (384ms) 
     -computing association tests...done (1ms) 
     -computing joint association tests...done (0ms) 
 set [1180/1533] : RNU6-590P - 4674 variants...
     -reading in genotypes, computing gene-based tests and building masks...done (3325ms) 
     -computing association tests...done (43ms) 
     -computing joint association tests...done (0ms) 
 set [1181/1533] : RNU6-600P - 32 variants...
     -reading in genotypes, computing gene-based tests and building masks...done (662ms) 
     -computing association tests...done (1ms) 
     -computing joint association tests...done (0ms) 
 set [1182/1533] : RNU6-700P - 4022 variants...
     -reading in genotypes, computing gene-based tests and building masks...done (3067ms) 
     -computing association tests...done (37ms) 
     -computing joint association tests...done (0ms) 
 set [1183/1533] : RNU6-717P - 1430 variants...
     -reading in genotypes, computing gene-based tests and building masks...done (1576ms) 
     -computing association tests...done (7ms) 
     -computing joint association tests...done (0ms) 
 set [1184/1533] : RNU6-781P - 102 variants...
     -reading in genotypes, computing gene-based tests and building masks...done (330ms) 
     -computing association tests...done (14ms) 
     -computing joint association tests...done (0ms) 
 set [1185/1533] : RNU6-837P - 53 variants...
     -reading in genotypes, computing gene-based tests and building masks...done (216ms) 
     -computing association tests...done (0ms) 
     -computing joint association tests...done (0ms) 
 set [1186/1533] : RNU6-871P - 4511 variants...
     -reading in genotypes, computing gene-based tests and building masks...done (3282ms) 
     -computing association tests...done (38ms) 
     -computing joint association tests...done (0ms) 
 set [1187/1533] : RNU6-927P - 649 variants...
     -reading in genotypes, computing gene-based tests and building masks...done (4674ms) 
     -computing association tests...done (9ms) 
     -computing joint association tests...done (0ms) 
 set [1188/1533] : RNU6ATAC42P - 47 variants...
     -reading in genotypes, computing gene-based tests and building masks...done (5816ms) 
     -computing association tests...done (0ms) 
     -computing joint association tests...done (0ms) 
 set [1189/1533] : RNU7-106P - 3762 variants...
     -reading in genotypes, computing gene-based tests and building masks...done (2598ms) 
     -computing association tests...done (9ms) 
     -computing joint association tests...done (0ms) 
 set [1190/1533] : RNU7-60P - 25 variants...
     -reading in genotypes, computing gene-based tests and building masks...done (6144ms) 
     -computing association tests...done (0ms) 
     -computing joint association tests...done (0ms) 
 set [1191/1533] : RNU7-94P - 4424 variants...
     -reading in genotypes, computing gene-based tests and building masks...done (4177ms) 
     -computing association tests...done (10ms) 
     -computing joint association tests...done (0ms) 
 set [1192/1533] : RPAP3 - 18946 variants...
     -reading in genotypes, computing gene-based tests and building masks...done (16749ms) 
     -computing association tests...done (12ms) 
     -computing joint association tests...done (0ms) 
 set [1193/1533] : RPH3A - 138172 variants...
     -reading in genotypes, computing gene-based tests and building masks...done (208267ms) 
     -computing association tests...done (67ms) 
     -computing joint association tests...done (0ms) 
 set [1194/1533] : RPL11P5 - 4158 variants...
     -reading in genotypes, computing gene-based tests and building masks...done (3053ms) 
     -computing association tests...done (39ms) 
     -computing joint association tests...done (0ms) 
 set [1195/1533] : RPL12P32 - 189 variants...
     -reading in genotypes, computing gene-based tests and building masks...done (289ms) 
     -computing association tests...done (1ms) 
     -computing joint association tests...done (0ms) 
 set [1196/1533] : RPL12P33 - 2026 variants...
     -reading in genotypes, computing gene-based tests and building masks...done (6652ms) 
     -computing association tests...done (42ms) 
     -computing joint association tests...done (0ms) 
 set [1197/1533] : RPL13AP20 - 291 variants...
     -reading in genotypes, computing gene-based tests and building masks...done (4576ms) 
     -computing association tests...done (43ms) 
     -computing joint association tests...done (0ms) 
 set [1198/1533] : RPL13AP21 - 2266 variants...
     -reading in genotypes, computing gene-based tests and building masks...done (1850ms) 
     -computing association tests...done (9ms) 
     -computing joint association tests...done (0ms) 
 set [1199/1533] : RPL13AP22 - 5629 variants...
     -reading in genotypes, computing gene-based tests and building masks...done (9691ms) 
     -computing association tests...done (12ms) 
     -computing joint association tests...done (0ms) 
 set [1200/1533] : RPL13AP23 - 2652 variants...
     -reading in genotypes, computing gene-based tests and building masks...done (2073ms) 
     -computing association tests...done (9ms) 
     -computing joint association tests...done (0ms) 
 set [1201/1533] : RPL13AP24 - 2790 variants...
     -reading in genotypes, computing gene-based tests and building masks...done (2149ms) 
     -computing association tests...done (9ms) 
     -computing joint association tests...done (0ms) 
 set [1202/1533] : RPL14P1 - 2200 variants...
     -reading in genotypes, computing gene-based tests and building masks...done (1708ms) 
     -computing association tests...done (8ms) 
     -computing joint association tests...done (0ms) 
 set [1203/1533] : RPL17P37 - 4166 variants...
     -reading in genotypes, computing gene-based tests and building masks...done (3201ms) 
     -computing association tests...done (10ms) 
     -computing joint association tests...done (0ms) 
 set [1204/1533] : RPL17P38 - 2714 variants...
     -reading in genotypes, computing gene-based tests and building masks...done (3949ms) 
     -computing association tests...done (9ms) 
     -computing joint association tests...done (0ms) 
 set [1205/1533] : RPL21P103 - 3916 variants...
     -reading in genotypes, computing gene-based tests and building masks...done (5063ms) 
     -computing association tests...done (8ms) 
     -computing joint association tests...done (0ms) 
 set [1206/1533] : RPL21P106 - 169 variants...
     -reading in genotypes, computing gene-based tests and building masks...done (2783ms) 
     -computing association tests...done (5ms) 
     -computing joint association tests...done (0ms) 
 set [1207/1533] : RPL21P18 - 4389 variants...
     -reading in genotypes, computing gene-based tests and building masks...done (3997ms) 
     -computing association tests...done (10ms) 
     -computing joint association tests...done (0ms) 
 set [1208/1533] : RPL21P98 - 216 variants...
     -reading in genotypes, computing gene-based tests and building masks...done (1348ms) 
     -computing association tests...done (1ms) 
     -computing joint association tests...done (0ms) 
 set [1209/1533] : RPL23AP68 - 4635 variants...
     -reading in genotypes, computing gene-based tests and building masks...done (3202ms) 
     -computing association tests...done (9ms) 
     -computing joint association tests...done (0ms) 
 set [1210/1533] : RPL29P26 - 705 variants...
     -reading in genotypes, computing gene-based tests and building masks...done (6385ms) 
     -computing association tests...done (45ms) 
     -computing joint association tests...done (0ms) 
 set [1211/1533] : RPL29P27 - 4104 variants...
     -reading in genotypes, computing gene-based tests and building masks...done (7780ms) 
     -computing association tests...done (9ms) 
     -computing joint association tests...done (0ms) 
 set [1212/1533] : RPL30P12 - 2922 variants...
     -reading in genotypes, computing gene-based tests and building masks...done (2132ms) 
     -computing association tests...done (50ms) 
     -computing joint association tests...done (0ms) 
 set [1213/1533] : RPL31P10 - 4310 variants...
     -reading in genotypes, computing gene-based tests and building masks...done (9874ms) 
     -computing association tests...done (37ms) 
     -computing joint association tests...done (0ms) 
 set [1214/1533] : RPL31P48 - 4609 variants...
     -reading in genotypes, computing gene-based tests and building masks...done (8884ms) 
     -computing association tests...done (8ms) 
     -computing joint association tests...done (0ms) 
 set [1215/1533] : RPL31P50 - 99 variants...
     -reading in genotypes, computing gene-based tests and building masks...done (319ms) 
     -computing association tests...done (2ms) 
     -computing joint association tests...done (0ms) 
 set [1216/1533] : RPL31P51 - 3752 variants...
     -reading in genotypes, computing gene-based tests and building masks...done (4725ms) 
     -computing association tests...done (8ms) 
     -computing joint association tests...done (0ms) 
 set [1217/1533] : RPL35AP30 - 119 variants...
     -reading in genotypes, computing gene-based tests and building masks...done (1223ms) 
     -computing association tests...done (1ms) 
     -computing joint association tests...done (0ms) 
 set [1218/1533] : RPL41 - 698 variants...
     -reading in genotypes, computing gene-based tests and building masks...done (6274ms) 
     -computing association tests...done (5ms) 
     -computing joint association tests...done (0ms) 
 set [1219/1533] : RPL41P5 - 42 variants...
     -reading in genotypes, computing gene-based tests and building masks...done (273ms) 
     -computing association tests...done (0ms) 
     -computing joint association tests...done (0ms) 
 set [1220/1533] : RPL6 - 7948 variants...
     -reading in genotypes, computing gene-based tests and building masks...done (5773ms) 
     -computing association tests...done (9ms) 
     -computing joint association tests...done (0ms) 
 set [1221/1533] : RPL6P25 - 4765 variants...
     -reading in genotypes, computing gene-based tests and building masks...done (6525ms) 
     -computing association tests...done (10ms) 
     -computing joint association tests...done (0ms) 
 set [1222/1533] : RPL7AP74 - 5108 variants...
     -reading in genotypes, computing gene-based tests and building masks...done (5014ms) 
     -computing association tests...done (9ms) 
     -computing joint association tests...done (0ms) 
 set [1223/1533] : RPL7AP9 - 299 variants...
     -reading in genotypes, computing gene-based tests and building masks...done (477ms) 
     -computing association tests...done (1ms) 
     -computing joint association tests...done (0ms) 
 set [1224/1533] : RPL7P40 - 302 variants...
     -reading in genotypes, computing gene-based tests and building masks...done (403ms) 
     -computing association tests...done (2ms) 
     -computing joint association tests...done (0ms) 
 set [1225/1533] : RPL7P41 - 4846 variants...
     -reading in genotypes, computing gene-based tests and building masks...done (11206ms) 
     -computing association tests...done (11ms) 
     -computing joint association tests...done (0ms) 
 set [1226/1533] : RPL7P43 - 294 variants...
     -reading in genotypes, computing gene-based tests and building masks...done (423ms) 
     -computing association tests...done (1ms) 
     -computing joint association tests...done (0ms) 
 set [1227/1533] : RPL7P6 - 4516 variants...
     -reading in genotypes, computing gene-based tests and building masks...done (3107ms) 
     -computing association tests...done (8ms) 
     -computing joint association tests...done (0ms) 
 set [1228/1533] : RPLP0 - 5417 variants...
     -reading in genotypes, computing gene-based tests and building masks...done (11038ms) 
     -computing association tests...done (9ms) 
     -computing joint association tests...done (0ms) 
 set [1229/1533] : RPS15AP32 - 1065 variants...
     -reading in genotypes, computing gene-based tests and building masks...done (1079ms) 
     -computing association tests...done (5ms) 
     -computing joint association tests...done (0ms) 
 set [1230/1533] : RPS26 - 3073 variants...
     -reading in genotypes, computing gene-based tests and building masks...done (4848ms) 
     -computing association tests...done (9ms) 
     -computing joint association tests...done (0ms) 
 set [1231/1533] : RPS26P45 - 150 variants...
     -reading in genotypes, computing gene-based tests and building masks...done (271ms) 
     -computing association tests...done (51ms) 
     -computing joint association tests...done (0ms) 
 set [1232/1533] : RPS27P21 - 93 variants...
     -reading in genotypes, computing gene-based tests and building masks...done (261ms) 
     -computing association tests...done (6ms) 
     -computing joint association tests...done (0ms) 
 set [1233/1533] : RPS27P22 - 100 variants...
     -reading in genotypes, computing gene-based tests and building masks...done (711ms) 
     -computing association tests...done (45ms) 
     -computing joint association tests...done (0ms) 
 set [1234/1533] : RPS27P23 - 2378 variants...
     -reading in genotypes, computing gene-based tests and building masks...done (2015ms) 
     -computing association tests...done (50ms) 
     -computing joint association tests...done (0ms) 
 set [1235/1533] : RPS3AP43 - 337 variants...
     -reading in genotypes, computing gene-based tests and building masks...done (1405ms) 
     -computing association tests...done (4ms) 
     -computing joint association tests...done (0ms) 
 set [1236/1533] : RPS4XP1 - 4569 variants...
     -reading in genotypes, computing gene-based tests and building masks...done (3472ms) 
     -computing association tests...done (10ms) 
     -computing joint association tests...done (0ms) 
 set [1237/1533] : RPS4XP15 - 7100 variants...
     -reading in genotypes, computing gene-based tests and building masks...done (8616ms) 
     -computing association tests...done (12ms) 
     -computing joint association tests...done (0ms) 
 set [1238/1533] : RPS6P20 - 2517 variants...
     -reading in genotypes, computing gene-based tests and building masks...done (3545ms) 
     -computing association tests...done (44ms) 
     -computing joint association tests...done (0ms) 
 set [1239/1533] : RPS6P21 - 313 variants...
     -reading in genotypes, computing gene-based tests and building masks...done (489ms) 
     -computing association tests...done (7ms) 
     -computing joint association tests...done (0ms) 
 set [1240/1533] : RPS6P22 - 293 variants...
     -reading in genotypes, computing gene-based tests and building masks...done (7549ms) 
     -computing association tests...done (2ms) 
     -computing joint association tests...done (0ms) 
 set [1241/1533] : RPSAP12 - 4420 variants...
     -reading in genotypes, computing gene-based tests and building masks...done (5898ms) 
     -computing association tests...done (8ms) 
     -computing joint association tests...done (0ms) 
 set [1242/1533] : RPSAP52 - 40546 variants...
     -reading in genotypes, computing gene-based tests and building masks...done (37841ms) 
     -computing association tests...done (12ms) 
     -computing joint association tests...done (0ms) 
 set [1243/1533] : RSL24D1P5 - 4108 variants...
     -reading in genotypes, computing gene-based tests and building masks...done (3498ms) 
     -computing association tests...done (44ms) 
     -computing joint association tests...done (0ms) 
 set [1244/1533] : RSRC2 - 13584 variants...
     -reading in genotypes, computing gene-based tests and building masks...done (21298ms) 
     -computing association tests...done (13ms) 
     -computing joint association tests...done (0ms) 
 set [1245/1533] : RXYLT1 - 14747 variants...
     -reading in genotypes, computing gene-based tests and building masks...done (11667ms) 
     -computing association tests...done (14ms) 
     -computing joint association tests...done (0ms) 
 set [1246/1533] : RXYLT1-AS1 - 4051 variants...
     -reading in genotypes, computing gene-based tests and building masks...done (4064ms) 
     -computing association tests...done (10ms) 
     -computing joint association tests...done (13ms) 
 set [1247/1533] : SARNP - 26709 variants...
     -reading in genotypes, computing gene-based tests and building masks...done (23204ms) 
     -computing association tests...done (47ms) 
     -computing joint association tests...done (0ms) 
 set [1248/1533] : SART3 - 12340 variants...
     -reading in genotypes, computing gene-based tests and building masks...done (10758ms) 
     -computing association tests...done (9ms) 
     -computing joint association tests...done (0ms) 
 set [1249/1533] : SBNO1 - 44847 variants...
     -reading in genotypes, computing gene-based tests and building masks...done (41676ms) 
     -computing association tests...done (45ms) 
     -computing joint association tests...done (0ms) 
 set [1250/1533] : SBNO1-AS1 - 648 variants...
     -reading in genotypes, computing gene-based tests and building masks...done (679ms) 
     -computing association tests...done (52ms) 
     -computing joint association tests...done (0ms) 
 set [1251/1533] : SCAF11 - 32951 variants...
     -reading in genotypes, computing gene-based tests and building masks...done (26770ms) 
     -computing association tests...done (15ms) 
     -computing joint association tests...done (0ms) 
 set [1252/1533] : SCARB1 - 45680 variants...
     -reading in genotypes, computing gene-based tests and building masks...done (47021ms) 
     -computing association tests...done (15ms) 
     -computing joint association tests...done (0ms) 
 set [1253/1533] : SCN8A - 85794 variants...
     -reading in genotypes, computing gene-based tests and building masks...done (90716ms) 
     -computing association tests...done (17ms) 
     -computing joint association tests...done (0ms) 
 set [1254/1533] : SCNN1A - 15420 variants...
     -reading in genotypes, computing gene-based tests and building masks...done (18631ms) 
     -computing association tests...done (14ms) 
     -computing joint association tests...done (0ms) 
 set [1255/1533] : SCYL2 - 29961 variants...
     -reading in genotypes, computing gene-based tests and building masks...done (27943ms) 
     -computing association tests...done (12ms) 
     -computing joint association tests...done (0ms) 
 set [1256/1533] : SDR9C7 - 8439 variants...
     -reading in genotypes, computing gene-based tests and building masks...done (11148ms) 
     -computing association tests...done (17ms) 
     -computing joint association tests...done (0ms) 
 set [1257/1533] : SDS - 8704 variants...
     -reading in genotypes, computing gene-based tests and building masks...done (7536ms) 
     -computing association tests...done (21ms) 
     -computing joint association tests...done (0ms) 
 set [1258/1533] : SDSL - 10950 variants...
     -reading in genotypes, computing gene-based tests and building masks...done (9446ms) 
     -computing association tests...done (13ms) 
     -computing joint association tests...done (0ms) 
 set [1259/1533] : SELPLG - 9582 variants...
     -reading in genotypes, computing gene-based tests and building masks...done (7675ms) 
     -computing association tests...done (49ms) 
     -computing joint association tests...done (0ms) 
 set [1260/1533] : SENP1 - 34563 variants...
     -reading in genotypes, computing gene-based tests and building masks...done (41631ms) 
     -computing association tests...done (53ms) 
     -computing joint association tests...done (0ms) 
 set [1261/1533] : SETD1B - 20957 variants...
     -reading in genotypes, computing gene-based tests and building masks...done (17131ms) 
     -computing association tests...done (50ms) 
     -computing joint association tests...done (0ms) 
 set [1262/1533] : SETP7 - 4179 variants...
     -reading in genotypes, computing gene-based tests and building masks...done (2792ms) 
     -computing association tests...done (9ms) 
     -computing joint association tests...done (0ms) 
 set [1263/1533] : SFSWAP - 47216 variants...
     -reading in genotypes, computing gene-based tests and building masks...done (52199ms) 
     -computing association tests...done (47ms) 
     -computing joint association tests...done (12ms) 
 set [1264/1533] : SH2B3 - 23749 variants...
     -reading in genotypes, computing gene-based tests and building masks...done (23727ms) 
     -computing association tests...done (12ms) 
     -computing joint association tests...done (0ms) 
 set [1265/1533] : SHMT2 - 3400 variants...
     -reading in genotypes, computing gene-based tests and building masks...done (3498ms) 
     -computing association tests...done (48ms) 
     -computing joint association tests...done (0ms) 
 set [1266/1533] : SINHCAF - 23704 variants...
     -reading in genotypes, computing gene-based tests and building masks...done (18884ms) 
     -computing association tests...done (12ms) 
     -computing joint association tests...done (0ms) 
 set [1267/1533] : SIRT4 - 10904 variants...
     -reading in genotypes, computing gene-based tests and building masks...done (11227ms) 
     -computing association tests...done (53ms) 
     -computing joint association tests...done (0ms) 
 set [1268/1533] : SKP1P2 - 390 variants...
     -reading in genotypes, computing gene-based tests and building masks...done (7735ms) 
     -computing association tests...done (16ms) 
     -computing joint association tests...done (0ms) 
 set [1269/1533] : SLC11A2 - 22742 variants...
     -reading in genotypes, computing gene-based tests and building masks...done (26640ms) 
     -computing association tests...done (13ms) 
     -computing joint association tests...done (0ms) 
 set [1270/1533] : SLC15A4 - 18848 variants...
     -reading in genotypes, computing gene-based tests and building masks...done (14773ms) 
     -computing association tests...done (13ms) 
     -computing joint association tests...done (0ms) 
 set [1271/1533] : SLC15A5 - 42039 variants...
     -reading in genotypes, computing gene-based tests and building masks...done (35719ms) 
     -computing association tests...done (52ms) 
     -computing joint association tests...done (0ms) 
 set [1272/1533] : SLC16A7 - 86548 variants...
     -reading in genotypes, computing gene-based tests and building masks...done (86816ms) 
     -computing association tests...done (12ms) 
     -computing joint association tests...done (0ms) 
 set [1273/1533] : SLC17A8 - 29301 variants...
     -reading in genotypes, computing gene-based tests and building masks...done (23600ms) 
     -computing association tests...done (50ms) 
     -computing joint association tests...done (0ms) 
 set [1274/1533] : SLC25A3 - 10514 variants...
     -reading in genotypes, computing gene-based tests and building masks...done (8432ms) 
     -computing association tests...done (13ms) 
     -computing joint association tests...done (0ms) 
 set [1275/1533] : SLC25A39P2 - 130 variants...
     -reading in genotypes, computing gene-based tests and building masks...done (296ms) 
     -computing association tests...done (1ms) 
     -computing joint association tests...done (0ms) 
 set [1276/1533] : SLC2A13 - 151866 variants...
     -reading in genotypes, computing gene-based tests and building masks...done (187525ms) 
     -computing association tests...done (14ms) 
     -computing joint association tests...done (0ms) 
 set [1277/1533] : SLC2A14 - 35874 variants...
     -reading in genotypes, computing gene-based tests and building masks...done (40979ms) 
     -computing association tests...done (44ms) 
     -computing joint association tests...done (0ms) 
 set [1278/1533] : SLC2A3 - 27572 variants...
     -reading in genotypes, computing gene-based tests and building masks...done (25867ms) 
     -computing association tests...done (11ms) 
     -computing joint association tests...done (0ms) 
 set [1279/1533] : SLC35E3 - 22018 variants...
     -reading in genotypes, computing gene-based tests and building masks...done (22740ms) 
     -computing association tests...done (42ms) 
     -computing joint association tests...done (0ms) 
 set [1280/1533] : SLC38A1 - 38863 variants...
     -reading in genotypes, computing gene-based tests and building masks...done (30999ms) 
     -computing association tests...done (57ms) 
     -computing joint association tests...done (22ms) 
 set [1281/1533] : SLC38A2 - 10722 variants...
     -reading in genotypes, computing gene-based tests and building masks...done (7456ms) 
     -computing association tests...done (23ms) 
     -computing joint association tests...done (0ms) 
 set [1282/1533] : SLC38A2-AS1 - 368 variants...
     -reading in genotypes, computing gene-based tests and building masks...done (460ms) 
     -computing association tests...done (40ms) 
     -computing joint association tests...done (0ms) 
 set [1283/1533] : SLC38A4 - 27372 variants...
     -reading in genotypes, computing gene-based tests and building masks...done (21699ms) 
     -computing association tests...done (61ms) 
     -computing joint association tests...done (0ms) 
 set [1284/1533] : SLC38A4-AS1 - 179005 variants...
     -reading in genotypes, computing gene-based tests and building masks...done (267903ms) 
     -computing association tests...done (25ms) 
     -computing joint association tests...done (0ms) 
 set [1285/1533] : SLC39A5 - 3494 variants...
     -reading in genotypes, computing gene-based tests and building masks...done (3502ms) 
     -computing association tests...done (41ms) 
     -computing joint association tests...done (0ms) 
 set [1286/1533] : SLC41A2 - 63076 variants...
     -reading in genotypes, computing gene-based tests and building masks...done (63606ms) 
     -computing association tests...done (12ms) 
     -computing joint association tests...done (0ms) 
 set [1287/1533] : SLC48A1 - 7862 variants...
     -reading in genotypes, computing gene-based tests and building masks...done (10192ms) 
     -computing association tests...done (51ms) 
     -computing joint association tests...done (0ms) 
 set [1288/1533] : SLC4A8 - 45996 variants...
     -reading in genotypes, computing gene-based tests and building masks...done (55724ms) 
     -computing association tests...done (49ms) 
     -computing joint association tests...done (0ms) 
 set [1289/1533] : SLC4A8-AS1 - 1029 variants...
     -reading in genotypes, computing gene-based tests and building masks...done (1025ms) 
     -computing association tests...done (10ms) 
     -computing joint association tests...done (0ms) 
 set [1290/1533] : SLC5A8 - 31935 variants...
     -reading in genotypes, computing gene-based tests and building masks...done (29660ms) 
     -computing association tests...done (10ms) 
     -computing joint association tests...done (0ms) 
 set [1291/1533] : SLC6A12 - 18743 variants...
     -reading in genotypes, computing gene-based tests and building masks...done (18587ms) 
     -computing association tests...done (11ms) 
     -computing joint association tests...done (0ms) 
 set [1292/1533] : SLC6A13 - 21593 variants...
     -reading in genotypes, computing gene-based tests and building masks...done (15715ms) 
     -computing association tests...done (68ms) 
     -computing joint association tests...done (0ms) 
 set [1293/1533] : SLC6A15 - 27519 variants...
     -reading in genotypes, computing gene-based tests and building masks...done (28245ms) 
     -computing association tests...done (11ms) 
     -computing joint association tests...done (0ms) 
 set [1294/1533] : SLC8B1 - 21895 variants...
     -reading in genotypes, computing gene-based tests and building masks...done (18216ms) 
     -computing association tests...done (46ms) 
     -computing joint association tests...done (0ms) 
 set [1295/1533] : SLC9A7P1 - 1399 variants...
     -reading in genotypes, computing gene-based tests and building masks...done (1192ms) 
     -computing association tests...done (41ms) 
     -computing joint association tests...done (0ms) 
 set [1296/1533] : SLCO1A2 - 65801 variants...
     -reading in genotypes, computing gene-based tests and building masks...done (71080ms) 
     -computing association tests...done (54ms) 
     -computing joint association tests...done (0ms) 
 set [1297/1533] : SLCO1B1 - 54016 variants...
     -reading in genotypes, computing gene-based tests and building masks...done (58710ms) 
     -computing association tests...done (18ms) 
     -computing joint association tests...done (10ms) 
 set [1298/1533] : SLCO1B3 - 57079 variants...
     -reading in genotypes, computing gene-based tests and building masks...done (54896ms) 
     -computing association tests...done (63ms) 
     -computing joint association tests...done (0ms) 
 set [1299/1533] : SLCO1B7 - 43644 variants...
     -reading in genotypes, computing gene-based tests and building masks...done (37172ms) 
     -computing association tests...done (12ms) 
     -computing joint association tests...done (0ms) 
 set [1300/1533] : SLCO1C1 - 31231 variants...
     -reading in genotypes, computing gene-based tests and building masks...done (33592ms) 
     -computing association tests...done (9ms) 
     -computing joint association tests...done (0ms) 
 set [1301/1533] : SMAGP - 13976 variants...
     -reading in genotypes, computing gene-based tests and building masks...done (17371ms) 
     -computing association tests...done (11ms) 
     -computing joint association tests...done (0ms) 
 set [1302/1533] : SMARCC2 - 13355 variants...
     -reading in genotypes, computing gene-based tests and building masks...done (13987ms) 
     -computing association tests...done (45ms) 
     -computing joint association tests...done (0ms) 
 set [1303/1533] : SMARCD1 - 7480 variants...
     -reading in genotypes, computing gene-based tests and building masks...done (5844ms) 
     -computing association tests...done (50ms) 
     -computing joint association tests...done (0ms) 
 set [1304/1533] : SMCO2 - 25258 variants...
     -reading in genotypes, computing gene-based tests and building masks...done (22671ms) 
     -computing association tests...done (45ms) 
     -computing joint association tests...done (0ms) 
 set [1305/1533] : SMCO3 - 769 variants...
     -reading in genotypes, computing gene-based tests and building masks...done (3243ms) 
     -computing association tests...done (4ms) 
     -computing joint association tests...done (0ms) 
 set [1306/1533] : SMIM10L1 - 8511 variants...
     -reading in genotypes, computing gene-based tests and building masks...done (15951ms) 
     -computing association tests...done (46ms) 
     -computing joint association tests...done (0ms) 
 set [1307/1533] : SMUG1 - 10868 variants...
     -reading in genotypes, computing gene-based tests and building masks...done (14181ms) 
     -computing association tests...done (11ms) 
     -computing joint association tests...done (0ms) 
 set [1308/1533] : SNORA70 - 53 variants...
     -reading in genotypes, computing gene-based tests and building masks...done (512ms) 
     -computing association tests...done (1ms) 
     -computing joint association tests...done (0ms) 
 set [1309/1533] : SNORA75 - 155 variants...
     -reading in genotypes, computing gene-based tests and building masks...done (10837ms) 
     -computing association tests...done (42ms) 
     -computing joint association tests...done (0ms) 
 set [1310/1533] : SNORD83 - 1940 variants...
     -reading in genotypes, computing gene-based tests and building masks...done (4303ms) 
     -computing association tests...done (7ms) 
     -computing joint association tests...done (0ms) 
 set [1311/1533] : SNRNP35 - 11519 variants...
     -reading in genotypes, computing gene-based tests and building masks...done (20018ms) 
     -computing association tests...done (50ms) 
     -computing joint association tests...done (0ms) 
 set [1312/1533] : SNRPF - 4687 variants...
     -reading in genotypes, computing gene-based tests and building masks...done (7761ms) 
     -computing association tests...done (67ms) 
     -computing joint association tests...done (0ms) 
 set [1313/1533] : SNRPF-DT - 27119 variants...
     -reading in genotypes, computing gene-based tests and building masks...done (43575ms) 
     -computing association tests...done (10ms) 
     -computing joint association tests...done (0ms) 
 set [1314/1533] : SNRPGP20 - 69 variants...
     -reading in genotypes, computing gene-based tests and building masks...done (5904ms) 
     -computing association tests...done (0ms) 
     -computing joint association tests...done (10ms) 
 set [1315/1533] : SOAT2 - 12788 variants...
     -reading in genotypes, computing gene-based tests and building masks...done (15002ms) 
     -computing association tests...done (19ms) 
     -computing joint association tests...done (0ms) 
 set [1316/1533] : SOCS2 - 8615 variants...
     -reading in genotypes, computing gene-based tests and building masks...done (7344ms) 
     -computing association tests...done (10ms) 
     -computing joint association tests...done (0ms) 
 set [1317/1533] : SOCS2-AS1 - 20364 variants...
     -reading in genotypes, computing gene-based tests and building masks...done (28218ms) 
     -computing association tests...done (10ms) 
     -computing joint association tests...done (0ms) 
 set [1318/1533] : SOX5 - 403732 variants...
     -reading in genotypes, computing gene-based tests and building masks...done (1276795ms) 
     -computing association tests...done (63ms) 
     -computing joint association tests...done (0ms) 
 set [1319/1533] : SOX5-AS1 - 20435 variants...
     -reading in genotypes, computing gene-based tests and building masks...done (16924ms) 
     -computing association tests...done (10ms) 
     -computing joint association tests...done (0ms) 
 set [1320/1533] : SP1 - 22369 variants...
     -reading in genotypes, computing gene-based tests and building masks...done (19144ms) 
     -computing association tests...done (49ms) 
     -computing joint association tests...done (0ms) 
 set [1321/1533] : SP7 - 10632 variants...
     -reading in genotypes, computing gene-based tests and building masks...done (9688ms) 
     -computing association tests...done (11ms) 
     -computing joint association tests...done (0ms) 
 set [1322/1533] : SPATS2 - 73634 variants...
     -reading in genotypes, computing gene-based tests and building masks...done (81695ms) 
     -computing association tests...done (46ms) 
     -computing joint association tests...done (0ms) 
 set [1323/1533] : SPIC - 10602 variants...
     -reading in genotypes, computing gene-based tests and building masks...done (14601ms) 
     -computing association tests...done (13ms) 
     -computing joint association tests...done (0ms) 
 set [1324/1533] : SPMIP11 - 22624 variants...
     -reading in genotypes, computing gene-based tests and building masks...done (20431ms) 
     -computing association tests...done (51ms) 
     -computing joint association tests...done (0ms) 
 set [1325/1533] : SPPL3 - 72676 variants...
     -reading in genotypes, computing gene-based tests and building masks...done (141835ms) 
     -computing association tests...done (16ms) 
     -computing joint association tests...done (0ms) 
 set [1326/1533] : SPRING1 - 15016 variants...
     -reading in genotypes, computing gene-based tests and building masks...done (15473ms) 
     -computing association tests...done (14ms) 
     -computing joint association tests...done (0ms) 
 set [1327/1533] : SPRYD3 - 9641 variants...
     -reading in genotypes, computing gene-based tests and building masks...done (9556ms) 
     -computing association tests...done (48ms) 
     -computing joint association tests...done (0ms) 
 set [1328/1533] : SPRYD4 - 5540 variants...
     -reading in genotypes, computing gene-based tests and building masks...done (6247ms) 
     -computing association tests...done (18ms) 
     -computing joint association tests...done (0ms) 
 set [1329/1533] : SPSB2 - 3400 variants...
     -reading in genotypes, computing gene-based tests and building masks...done (2745ms) 
     -computing association tests...done (8ms) 
     -computing joint association tests...done (0ms) 
 set [1330/1533] : SPX - 4454 variants...
     -reading in genotypes, computing gene-based tests and building masks...done (4754ms) 
     -computing association tests...done (11ms) 
     -computing joint association tests...done (0ms) 
 set [1331/1533] : SRGAP1 - 130859 variants...
     -reading in genotypes, computing gene-based tests and building masks...done (187414ms) 
     -computing association tests...done (16ms) 
     -computing joint association tests...done (0ms) 
 set [1332/1533] : SRP14P1 - 2428 variants...
     -reading in genotypes, computing gene-based tests and building masks...done (1845ms) 
     -computing association tests...done (9ms) 
     -computing joint association tests...done (0ms) 
 set [1333/1533] : SRRM4 - 80132 variants...
     -reading in genotypes, computing gene-based tests and building masks...done (81542ms) 
     -computing association tests...done (15ms) 
     -computing joint association tests...done (0ms) 
 set [1334/1533] : SRSF9 - 2934 variants...
     -reading in genotypes, computing gene-based tests and building masks...done (3545ms) 
     -computing association tests...done (45ms) 
     -computing joint association tests...done (0ms) 
 set [1335/1533] : SSBL3P - 407 variants...
     -reading in genotypes, computing gene-based tests and building masks...done (1642ms) 
     -computing association tests...done (3ms) 
     -computing joint association tests...done (0ms) 
 set [1336/1533] : SSH1 - 41933 variants...
     -reading in genotypes, computing gene-based tests and building masks...done (63662ms) 
     -computing association tests...done (63ms) 
     -computing joint association tests...done (0ms) 
 set [1337/1533] : SSPN - 28071 variants...
     -reading in genotypes, computing gene-based tests and building masks...done (42405ms) 
     -computing association tests...done (13ms) 
     -computing joint association tests...done (2ms) 
 set [1338/1533] : ST13P3 - 4306 variants...
     -reading in genotypes, computing gene-based tests and building masks...done (3365ms) 
     -computing association tests...done (8ms) 
     -computing joint association tests...done (0ms) 
 set [1339/1533] : ST8SIA1 - 119338 variants...
     -reading in genotypes, computing gene-based tests and building masks...done (137765ms) 
     -computing association tests...done (50ms) 
     -computing joint association tests...done (0ms) 
 set [1340/1533] : STAB2 - 82193 variants...
     -reading in genotypes, computing gene-based tests and building masks...done (90617ms) 
     -computing association tests...done (49ms) 
     -computing joint association tests...done (0ms) 
 set [1341/1533] : STAC3 - 3247 variants...
     -reading in genotypes, computing gene-based tests and building masks...done (4031ms) 
     -computing association tests...done (44ms) 
     -computing joint association tests...done (0ms) 
 set [1342/1533] : STAT2 - 17281 variants...
     -reading in genotypes, computing gene-based tests and building masks...done (32993ms) 
     -computing association tests...done (11ms) 
     -computing joint association tests...done (0ms) 
 set [1343/1533] : STAT6 - 14396 variants...
     -reading in genotypes, computing gene-based tests and building masks...done (10910ms) 
     -computing association tests...done (13ms) 
     -computing joint association tests...done (0ms) 
 set [1344/1533] : STBD1P1 - 4691 variants...
     -reading in genotypes, computing gene-based tests and building masks...done (3164ms) 
     -computing association tests...done (10ms) 
     -computing joint association tests...done (0ms) 
 set [1345/1533] : STK38L - 36969 variants...
     -reading in genotypes, computing gene-based tests and building masks...done (47730ms) 
     -computing association tests...done (50ms) 
     -computing joint association tests...done (0ms) 
 set [1346/1533] : STRAP - 12367 variants...
     -reading in genotypes, computing gene-based tests and building masks...done (9906ms) 
     -computing association tests...done (39ms) 
     -computing joint association tests...done (0ms) 
 set [1347/1533] : STX2 - 30255 variants...
     -reading in genotypes, computing gene-based tests and building masks...done (28858ms) 
     -computing association tests...done (42ms) 
     -computing joint association tests...done (0ms) 
 set [1348/1533] : STX8P1 - 4585 variants...
     -reading in genotypes, computing gene-based tests and building masks...done (8707ms) 
     -computing association tests...done (8ms) 
     -computing joint association tests...done (0ms) 
 set [1349/1533] : STYK1 - 24474 variants...
     -reading in genotypes, computing gene-based tests and building masks...done (20258ms) 
     -computing association tests...done (10ms) 
     -computing joint association tests...done (0ms) 
 set [1350/1533] : SUCLG2P2 - 5065 variants...
     -reading in genotypes, computing gene-based tests and building masks...done (5266ms) 
     -computing association tests...done (8ms) 
     -computing joint association tests...done (0ms) 
 set [1351/1533] : SUDS3 - 20251 variants...
     -reading in genotypes, computing gene-based tests and building masks...done (15007ms) 
     -computing association tests...done (10ms) 
     -computing joint association tests...done (0ms) 
 set [1352/1533] : SULT6B2P - 13072 variants...
     -reading in genotypes, computing gene-based tests and building masks...done (10275ms) 
     -computing association tests...done (12ms) 
     -computing joint association tests...done (0ms) 
 set [1353/1533] : SUOX - 3753 variants...
     -reading in genotypes, computing gene-based tests and building masks...done (4154ms) 
     -computing association tests...done (58ms) 
     -computing joint association tests...done (0ms) 
 set [1354/1533] : SUPT16HP1 - 6089 variants...
     -reading in genotypes, computing gene-based tests and building masks...done (4221ms) 
     -computing association tests...done (10ms) 
     -computing joint association tests...done (0ms) 
 set [1355/1533] : SUPT4H1P2 - 428 variants...
     -reading in genotypes, computing gene-based tests and building masks...done (1672ms) 
     -computing association tests...done (2ms) 
     -computing joint association tests...done (0ms) 
 set [1356/1533] : SVOP - 51998 variants...
     -reading in genotypes, computing gene-based tests and building masks...done (50871ms) 
     -computing association tests...done (14ms) 
     -computing joint association tests...done (0ms) 
 set [1357/1533] : SYCP3 - 8136 variants...
     -reading in genotypes, computing gene-based tests and building masks...done (15738ms) 
     -computing association tests...done (12ms) 
     -computing joint association tests...done (0ms) 
 set [1358/1533] : SYT10 - 31592 variants...
     -reading in genotypes, computing gene-based tests and building masks...done (24068ms) 
     -computing association tests...done (52ms) 
     -computing joint association tests...done (0ms) 
 set [1359/1533] : SYT1 - 253399 variants...
     -reading in genotypes, computing gene-based tests and building masks...done (473042ms) 
     -computing association tests...done (50ms) 
     -computing joint association tests...done (0ms) 
 set [1360/1533] : TAC3 - 5139 variants...
     -reading in genotypes, computing gene-based tests and building masks...done (5415ms) 
     -computing association tests...done (12ms) 
     -computing joint association tests...done (0ms) 
 set [1361/1533] : TAFA2 - 227698 variants...
     -reading in genotypes, computing gene-based tests and building masks...done (413161ms) 
     -computing association tests...done (72ms) 
     -computing joint association tests...done (0ms) 
 set [1362/1533] : TAMALIN - 8203 variants...
     -reading in genotypes, computing gene-based tests and building masks...done (22070ms) 
     -computing association tests...done (9ms) 
     -computing joint association tests...done (0ms) 
 set [1363/1533] : TAOK3 - 93922 variants...
     -reading in genotypes, computing gene-based tests and building masks...done (106110ms) 
     -computing association tests...done (53ms) 
     -computing joint association tests...done (0ms) 
 set [1364/1533] : TAPBPL - 6873 variants...
     -reading in genotypes, computing gene-based tests and building masks...done (5201ms) 
     -computing association tests...done (53ms) 
     -computing joint association tests...done (0ms) 
 set [1365/1533] : TARBP2 - 5139 variants...
     -reading in genotypes, computing gene-based tests and building masks...done (3959ms) 
     -computing association tests...done (48ms) 
     -computing joint association tests...done (0ms) 
 set [1366/1533] : TAS2R10 - 4640 variants...
     -reading in genotypes, computing gene-based tests and building masks...done (4830ms) 
     -computing association tests...done (16ms) 
     -computing joint association tests...done (0ms) 
 set [1367/1533] : TAS2R12P - 81 variants...
     -reading in genotypes, computing gene-based tests and building masks...done (3235ms) 
     -computing association tests...done (1ms) 
     -computing joint association tests...done (0ms) 
 set [1368/1533] : TAS2R13 - 6994 variants...
     -reading in genotypes, computing gene-based tests and building masks...done (16044ms) 
     -computing association tests...done (12ms) 
     -computing joint association tests...done (0ms) 
 set [1369/1533] : TAS2R14 - 43170 variants...
     -reading in genotypes, computing gene-based tests and building masks...done (43186ms) 
     -computing association tests...done (12ms) 
     -computing joint association tests...done (0ms) 
 set [1370/1533] : TAS2R15P - 4324 variants...
     -reading in genotypes, computing gene-based tests and building masks...done (2885ms) 
     -computing association tests...done (9ms) 
     -computing joint association tests...done (0ms) 
 set [1371/1533] : TAS2R18P - 2976 variants...
     -reading in genotypes, computing gene-based tests and building masks...done (2292ms) 
     -computing association tests...done (5ms) 
     -computing joint association tests...done (0ms) 
 set [1372/1533] : TAS2R19 - 5162 variants...
     -reading in genotypes, computing gene-based tests and building masks...done (5259ms) 
     -computing association tests...done (59ms) 
     -computing joint association tests...done (0ms) 
 set [1373/1533] : TAS2R20 - 4481 variants...
     -reading in genotypes, computing gene-based tests and building masks...done (4379ms) 
     -computing association tests...done (10ms) 
     -computing joint association tests...done (0ms) 
 set [1374/1533] : TAS2R30 - 5380 variants...
     -reading in genotypes, computing gene-based tests and building masks...done (4699ms) 
     -computing association tests...done (10ms) 
     -computing joint association tests...done (0ms) 
 set [1375/1533] : TAS2R31 - 4156 variants...
     -reading in genotypes, computing gene-based tests and building masks...done (4940ms) 
     -computing association tests...done (13ms) 
     -computing joint association tests...done (0ms) 
 set [1376/1533] : TAS2R42 - 4208 variants...
     -reading in genotypes, computing gene-based tests and building masks...done (3765ms) 
     -computing association tests...done (9ms) 
     -computing joint association tests...done (0ms) 
 set [1377/1533] : TAS2R43 - 9541 variants...
     -reading in genotypes, computing gene-based tests and building masks...done (64095ms) 
     -computing association tests...done (11ms) 
     -computing joint association tests...done (0ms) 
 set [1378/1533] : TAS2R46 - 5958 variants...
     -reading in genotypes, computing gene-based tests and building masks...done (5108ms) 
     -computing association tests...done (47ms) 
     -computing joint association tests...done (0ms) 
 set [1379/1533] : TAS2R50 - 4360 variants...
     -reading in genotypes, computing gene-based tests and building masks...done (3419ms) 
     -computing association tests...done (12ms) 
     -computing joint association tests...done (0ms) 
 set [1380/1533] : TAS2R63P - 4557 variants...
     -reading in genotypes, computing gene-based tests and building masks...done (3566ms) 
     -computing association tests...done (52ms) 
     -computing joint association tests...done (0ms) 
 set [1381/1533] : TAS2R7 - 3992 variants...
     -reading in genotypes, computing gene-based tests and building masks...done (4437ms) 
     -computing association tests...done (51ms) 
     -computing joint association tests...done (0ms) 
 set [1382/1533] : TAS2R8 - 1130 variants...
     -reading in genotypes, computing gene-based tests and building masks...done (1681ms) 
     -computing association tests...done (10ms) 
     -computing joint association tests...done (0ms) 
 set [1383/1533] : TAS2R9 - 2352 variants...
     -reading in genotypes, computing gene-based tests and building masks...done (3055ms) 
     -computing association tests...done (20ms) 
     -computing joint association tests...done (0ms) 
 set [1384/1533] : TBC1D15 - 39969 variants...
     -reading in genotypes, computing gene-based tests and building masks...done (33760ms) 
     -computing association tests...done (51ms) 
     -computing joint association tests...done (0ms) 
 set [1385/1533] : TBC1D30 - 40351 variants...
     -reading in genotypes, computing gene-based tests and building masks...done (37067ms) 
     -computing association tests...done (14ms) 
     -computing joint association tests...done (0ms) 
 set [1386/1533] : TBK1 - 19909 variants...
     -reading in genotypes, computing gene-based tests and building masks...done (19753ms) 
     -computing association tests...done (44ms) 
     -computing joint association tests...done (0ms) 
 set [1387/1533] : TBX3 - 12190 variants...
     -reading in genotypes, computing gene-based tests and building masks...done (15349ms) 
     -computing association tests...done (10ms) 
     -computing joint association tests...done (0ms) 
 set [1388/1533] : TBX3-AS1 - 31190 variants...
     -reading in genotypes, computing gene-based tests and building masks...done (27483ms) 
     -computing association tests...done (11ms) 
     -computing joint association tests...done (0ms) 
 set [1389/1533] : TBX5 - 29369 variants...
     -reading in genotypes, computing gene-based tests and building masks...done (29077ms) 
     -computing association tests...done (15ms) 
     -computing joint association tests...done (0ms) 
 set [1390/1533] : TBX5-AS1 - 755 variants...
     -reading in genotypes, computing gene-based tests and building masks...done (961ms) 
     -computing association tests...done (49ms) 
     -computing joint association tests...done (0ms) 
 set [1391/1533] : TCHP - 11950 variants...
     -reading in genotypes, computing gene-based tests and building masks...done (16251ms) 
     -computing association tests...done (48ms) 
     -computing joint association tests...done (0ms) 
 set [1392/1533] : TCP11L2 - 23085 variants...
     -reading in genotypes, computing gene-based tests and building masks...done (21461ms) 
     -computing association tests...done (50ms) 
     -computing joint association tests...done (0ms) 
 set [1393/1533] : TCP1P3 - 572 variants...
     -reading in genotypes, computing gene-based tests and building masks...done (1351ms) 
     -computing association tests...done (47ms) 
     -computing joint association tests...done (0ms) 
 set [1394/1533] : TCTN1 - 13415 variants...
     -reading in genotypes, computing gene-based tests and building masks...done (10462ms) 
     -computing association tests...done (11ms) 
     -computing joint association tests...done (0ms) 
 set [1395/1533] : TCTN2 - 16628 variants...
     -reading in genotypes, computing gene-based tests and building masks...done (18243ms) 
     -computing association tests...done (43ms) 
     -computing joint association tests...done (0ms) 
 set [1396/1533] : TDG - 12442 variants...
     -reading in genotypes, computing gene-based tests and building masks...done (9349ms) 
     -computing association tests...done (11ms) 
     -computing joint association tests...done (0ms) 
 set [1397/1533] : TDGP1 - 634 variants...
     -reading in genotypes, computing gene-based tests and building masks...done (4984ms) 
     -computing association tests...done (6ms) 
     -computing joint association tests...done (0ms) 
 set [1398/1533] : TEAD4 - 43343 variants...
     -reading in genotypes, computing gene-based tests and building masks...done (48315ms) 
     -computing association tests...done (53ms) 
     -computing joint association tests...done (0ms) 
 set [1399/1533] : TESC - 32758 variants...
     -reading in genotypes, computing gene-based tests and building masks...done (30223ms) 
     -computing association tests...done (12ms) 
     -computing joint association tests...done (0ms) 
 set [1400/1533] : TESC-AS1 - 14791 variants...
     -reading in genotypes, computing gene-based tests and building masks...done (9912ms) 
     -computing association tests...done (40ms) 
     -computing joint association tests...done (0ms) 
 set [1401/1533] : TESPA1 - 19475 variants...
     -reading in genotypes, computing gene-based tests and building masks...done (16683ms) 
     -computing association tests...done (11ms) 
     -computing joint association tests...done (0ms) 
 set [1402/1533] : TEX52 - 4119 variants...
     -reading in genotypes, computing gene-based tests and building masks...done (4461ms) 
     -computing association tests...done (10ms) 
     -computing joint association tests...done (0ms) 
 set [1403/1533] : TFCP2 - 37707 variants...
     -reading in genotypes, computing gene-based tests and building masks...done (36045ms) 
     -computing association tests...done (48ms) 
     -computing joint association tests...done (0ms) 
 set [1404/1533] : THAP2 - 6094 variants...
     -reading in genotypes, computing gene-based tests and building masks...done (9164ms) 
     -computing association tests...done (17ms) 
     -computing joint association tests...done (0ms) 
 set [1405/1533] : THCAT155 - 2801 variants...
     -reading in genotypes, computing gene-based tests and building masks...done (4446ms) 
     -computing association tests...done (7ms) 
     -computing joint association tests...done (0ms) 
 set [1406/1533] : TIALD - 9130 variants...
     -reading in genotypes, computing gene-based tests and building masks...done (15272ms) 
     -computing association tests...done (10ms) 
     -computing joint association tests...done (0ms) 
 set [1407/1533] : TIGAR - 22445 variants...
     -reading in genotypes, computing gene-based tests and building masks...done (26924ms) 
     -computing association tests...done (16ms) 
     -computing joint association tests...done (0ms) 
 set [1408/1533] : TIMELESS - 14790 variants...
     -reading in genotypes, computing gene-based tests and building masks...done (19248ms) 
     -computing association tests...done (39ms) 
     -computing joint association tests...done (0ms) 
 set [1409/1533] : TIMM17BP1 - 4374 variants...
     -reading in genotypes, computing gene-based tests and building masks...done (9284ms) 
     -computing association tests...done (9ms) 
     -computing joint association tests...done (0ms) 
 set [1410/1533] : TM7SF3 - 21495 variants...
     -reading in genotypes, computing gene-based tests and building masks...done (20175ms) 
     -computing association tests...done (13ms) 
     -computing joint association tests...done (0ms) 
 set [1411/1533] : TMBIM4 - 16312 variants...
     -reading in genotypes, computing gene-based tests and building masks...done (20213ms) 
     -computing association tests...done (12ms) 
     -computing joint association tests...done (0ms) 
 set [1412/1533] : TMBIM6 - 17628 variants...
     -reading in genotypes, computing gene-based tests and building masks...done (16387ms) 
     -computing association tests...done (10ms) 
     -computing joint association tests...done (0ms) 
 set [1413/1533] : TMCC3 - 43647 variants...
     -reading in genotypes, computing gene-based tests and building masks...done (45656ms) 
     -computing association tests...done (23ms) 
     -computing joint association tests...done (0ms) 
 set [1414/1533] : TMDD1 - 1607 variants...
     -reading in genotypes, computing gene-based tests and building masks...done (1933ms) 
     -computing association tests...done (5ms) 
     -computing joint association tests...done (0ms) 
 set [1415/1533] : TMED2 - 7866 variants...
     -reading in genotypes, computing gene-based tests and building masks...done (6653ms) 
     -computing association tests...done (9ms) 
     -computing joint association tests...done (0ms) 
 set [1416/1533] : TMED2-DT - 6390 variants...
     -reading in genotypes, computing gene-based tests and building masks...done (4219ms) 
     -computing association tests...done (11ms) 
     -computing joint association tests...done (0ms) 
 set [1417/1533] : TMEM106C - 3564 variants...
     -reading in genotypes, computing gene-based tests and building masks...done (8967ms) 
     -computing association tests...done (48ms) 
     -computing joint association tests...done (2ms) 
 set [1418/1533] : TMEM116 - 32348 variants...
     -reading in genotypes, computing gene-based tests and building masks...done (26903ms) 
     -computing association tests...done (44ms) 
     -computing joint association tests...done (0ms) 
 set [1419/1533] : TMEM117 - 234819 variants...
     -reading in genotypes, computing gene-based tests and building masks...done (367221ms) 
     -computing association tests...done (24ms) 
     -computing joint association tests...done (0ms) 
 set [1420/1533] : TMEM119 - 7976 variants...
     -reading in genotypes, computing gene-based tests and building masks...done (7351ms) 
     -computing association tests...done (13ms) 
     -computing joint association tests...done (0ms) 
 set [1421/1533] : TMEM120B - 38225 variants...
     -reading in genotypes, computing gene-based tests and building masks...done (38439ms) 
     -computing association tests...done (21ms) 
     -computing joint association tests...done (0ms) 
 set [1422/1533] : TMEM132B - 245213 variants...
     -reading in genotypes, computing gene-based tests and building masks...done (536785ms) 
     -computing association tests...done (17ms) 
     -computing joint association tests...done (0ms) 
 set [1423/1533] : TMEM132C - 210129 variants...
     -reading in genotypes, computing gene-based tests and building masks...done (444568ms) 
     -computing association tests...done (16ms) 
     -computing joint association tests...done (0ms) 
 set [1424/1533] : TMEM132D - 399957 variants...
     -reading in genotypes, computing gene-based tests and building masks...done (1886032ms) 
     -computing association tests...done (59ms) 
     -computing joint association tests...done (0ms) 
 set [1425/1533] : TMEM19 - 12914 variants...
     -reading in genotypes, computing gene-based tests and building masks...done (10274ms) 
     -computing association tests...done (50ms) 
     -computing joint association tests...done (0ms) 
 set [1426/1533] : TMEM233 - 23420 variants...
     -reading in genotypes, computing gene-based tests and building masks...done (19596ms) 
     -computing association tests...done (11ms) 
     -computing joint association tests...done (0ms) 
 set [1427/1533] : TMEM263 - 9260 variants...
     -reading in genotypes, computing gene-based tests and building masks...done (10998ms) 
     -computing association tests...done (12ms) 
     -computing joint association tests...done (0ms) 
 set [1428/1533] : TMEM263-DT - 841 variants...
     -reading in genotypes, computing gene-based tests and building masks...done (838ms) 
     -computing association tests...done (7ms) 
     -computing joint association tests...done (1ms) 
 set [1429/1533] : TMEM52B - 9947 variants...
     -reading in genotypes, computing gene-based tests and building masks...done (12682ms) 
     -computing association tests...done (43ms) 
     -computing joint association tests...done (13ms) 
 set [1430/1533] : TMPO - 21556 variants...
     -reading in genotypes, computing gene-based tests and building masks...done (22321ms) 
     -computing association tests...done (43ms) 
     -computing joint association tests...done (10ms) 
 set [1431/1533] : TMPO-AS1 - 1529 variants...
     -reading in genotypes, computing gene-based tests and building masks...done (2005ms) 
     -computing association tests...done (40ms) 
     -computing joint association tests...done (0ms) 
 set [1432/1533] : TMPRSS12 - 25295 variants...
     -reading in genotypes, computing gene-based tests and building masks...done (33628ms) 
     -computing association tests...done (44ms) 
     -computing joint association tests...done (0ms) 
 set [1433/1533] : TMT1A - 7315 variants...
     -reading in genotypes, computing gene-based tests and building masks...done (5626ms) 
     -computing association tests...done (18ms) 
     -computing joint association tests...done (0ms) 
 set [1434/1533] : TMT1B - 5429 variants...
     -reading in genotypes, computing gene-based tests and building masks...done (7940ms) 
     -computing association tests...done (10ms) 
     -computing joint association tests...done (0ms) 
 set [1435/1533] : TMTC1 - 123260 variants...
     -reading in genotypes, computing gene-based tests and building masks...done (175544ms) 
     -computing association tests...done (17ms) 
     -computing joint association tests...done (0ms) 
 set [1436/1533] : TMTC2 - 195560 variants...
     -reading in genotypes, computing gene-based tests and building masks...done (279253ms) 
     -computing association tests...done (24ms) 
     -computing joint association tests...done (0ms) 
 set [1437/1533] : TMTC3 - 26083 variants...
     -reading in genotypes, computing gene-based tests and building masks...done (17985ms) 
     -computing association tests...done (11ms) 
     -computing joint association tests...done (0ms) 
 set [1438/1533] : TNFRSF1A - 9972 variants...
     -reading in genotypes, computing gene-based tests and building masks...done (11350ms) 
     -computing association tests...done (40ms) 
     -computing joint association tests...done (0ms) 
 set [1439/1533] : TNS2 - 6273 variants...
     -reading in genotypes, computing gene-based tests and building masks...done (15989ms) 
     -computing association tests...done (45ms) 
     -computing joint association tests...done (0ms) 
 set [1440/1533] : TPCN1 - 36210 variants...
     -reading in genotypes, computing gene-based tests and building masks...done (31629ms) 
     -computing association tests...done (40ms) 
     -computing joint association tests...done (0ms) 
 set [1441/1533] : TPH2 - 90965 variants...
     -reading in genotypes, computing gene-based tests and building masks...done (92244ms) 
     -computing association tests...done (10ms) 
     -computing joint association tests...done (0ms) 
 set [1442/1533] : TPI1 - 3880 variants...
     -reading in genotypes, computing gene-based tests and building masks...done (4206ms) 
     -computing association tests...done (10ms) 
     -computing joint association tests...done (0ms) 
 set [1443/1533] : TRAFD1 - 15298 variants...
     -reading in genotypes, computing gene-based tests and building masks...done (11314ms) 
     -computing association tests...done (11ms) 
     -computing joint association tests...done (0ms) 
 set [1444/1533] : TRHDE - 191604 variants...
     -reading in genotypes, computing gene-based tests and building masks...done (248245ms) 
     -computing association tests...done (50ms) 
     -computing joint association tests...done (0ms) 
 set [1445/1533] : TRHDE-AS1 - 6897 variants...
     -reading in genotypes, computing gene-based tests and building masks...done (5065ms) 
     -computing association tests...done (9ms) 
     -computing joint association tests...done (0ms) 
 set [1446/1533] : TRIAP1 - 974 variants...
     -reading in genotypes, computing gene-based tests and building masks...done (1710ms) 
     -computing association tests...done (16ms) 
     -computing joint association tests...done (0ms) 
 set [1447/1533] : TROAP - 3844 variants...
     -reading in genotypes, computing gene-based tests and building masks...done (10099ms) 
     -computing association tests...done (9ms) 
     -computing joint association tests...done (0ms) 
 set [1448/1533] : TROAP-AS1 - 8920 variants...
     -reading in genotypes, computing gene-based tests and building masks...done (12641ms) 
     -computing association tests...done (9ms) 
     -computing joint association tests...done (0ms) 
 set [1449/1533] : TRPV4 - 25559 variants...
     -reading in genotypes, computing gene-based tests and building masks...done (22156ms) 
     -computing association tests...done (45ms) 
     -computing joint association tests...done (2ms) 
 set [1450/1533] : TSFM - 2192 variants...
     -reading in genotypes, computing gene-based tests and building masks...done (7874ms) 
     -computing association tests...done (42ms) 
     -computing joint association tests...done (0ms) 
 set [1451/1533] : TSPAN11 - 34492 variants...
     -reading in genotypes, computing gene-based tests and building masks...done (33004ms) 
     -computing association tests...done (12ms) 
     -computing joint association tests...done (19ms) 
 set [1452/1533] : TSPAN11-AS1 - 3535 variants...
     -reading in genotypes, computing gene-based tests and building masks...done (2435ms) 
     -computing association tests...done (11ms) 
     -computing joint association tests...done (0ms) 
 set [1453/1533] : TSPAN19 - 8714 variants...
     -reading in genotypes, computing gene-based tests and building masks...done (6603ms) 
     -computing association tests...done (43ms) 
     -computing joint association tests...done (0ms) 
 set [1454/1533] : TSPAN31 - 3872 variants...
     -reading in genotypes, computing gene-based tests and building masks...done (5397ms) 
     -computing association tests...done (16ms) 
     -computing joint association tests...done (0ms) 
 set [1455/1533] : TSPAN8 - 130339 variants...
     -reading in genotypes, computing gene-based tests and building masks...done (156993ms) 
     -computing association tests...done (52ms) 
     -computing joint association tests...done (0ms) 
 set [1456/1533] : TSPAN9 - 113608 variants...
     -reading in genotypes, computing gene-based tests and building masks...done (209168ms) 
     -computing association tests...done (16ms) 
     -computing joint association tests...done (0ms) 
 set [1457/1533] : TUBA1A - 5826 variants...
     -reading in genotypes, computing gene-based tests and building masks...done (11868ms) 
     -computing association tests...done (46ms) 
     -computing joint association tests...done (0ms) 
 set [1458/1533] : TUBA1B - 10113 variants...
     -reading in genotypes, computing gene-based tests and building masks...done (24601ms) 
     -computing association tests...done (11ms) 
     -computing joint association tests...done (0ms) 
 set [1459/1533] : TUBA1B-AS1 - 19466 variants...
     -reading in genotypes, computing gene-based tests and building masks...done (16205ms) 
     -computing association tests...done (45ms) 
     -computing joint association tests...done (0ms) 
 set [1460/1533] : TUBA1C - 19807 variants...
     -reading in genotypes, computing gene-based tests and building masks...done (15635ms) 
     -computing association tests...done (12ms) 
     -computing joint association tests...done (0ms) 
 set [1461/1533] : TUBB4BP1 - 1819 variants...
     -reading in genotypes, computing gene-based tests and building masks...done (3683ms) 
     -computing association tests...done (7ms) 
     -computing joint association tests...done (0ms) 
 set [1462/1533] : TUBB8P4 - 1949 variants...
     -reading in genotypes, computing gene-based tests and building masks...done (1735ms) 
     -computing association tests...done (8ms) 
     -computing joint association tests...done (14ms) 
 set [1463/1533] : TUBB8P5 - 3596 variants...
     -reading in genotypes, computing gene-based tests and building masks...done (3407ms) 
     -computing association tests...done (10ms) 
     -computing joint association tests...done (0ms) 
 set [1464/1533] : TULP3 - 24641 variants...
     -reading in genotypes, computing gene-based tests and building masks...done (18523ms) 
     -computing association tests...done (57ms) 
     -computing joint association tests...done (0ms) 
 set [1465/1533] : TWF1 - 6376 variants...
     -reading in genotypes, computing gene-based tests and building masks...done (11355ms) 
     -computing association tests...done (61ms) 
     -computing joint association tests...done (0ms) 
 set [1466/1533] : TXNRD1 - 66258 variants...
     -reading in genotypes, computing gene-based tests and building masks...done (74597ms) 
     -computing association tests...done (60ms) 
     -computing joint association tests...done (0ms) 
 set [1467/1533] : U6 - 1045 variants...
     -reading in genotypes, computing gene-based tests and building masks...done (4541ms) 
     -computing association tests...done (9ms) 
     -computing joint association tests...done (0ms) 
 set [1468/1533] : U8 - 52 variants...
     -reading in genotypes, computing gene-based tests and building masks...done (718ms) 
     -computing association tests...done (0ms) 
     -computing joint association tests...done (8ms) 
 set [1469/1533] : UBC - 8662 variants...
     -reading in genotypes, computing gene-based tests and building masks...done (13700ms) 
     -computing association tests...done (11ms) 
     -computing joint association tests...done (0ms) 
 set [1470/1533] : UBE2N - 19809 variants...
     -reading in genotypes, computing gene-based tests and building masks...done (16245ms) 
     -computing association tests...done (12ms) 
     -computing joint association tests...done (0ms) 
 set [1471/1533] : UBE3B - 25005 variants...
     -reading in genotypes, computing gene-based tests and building masks...done (24738ms) 
     -computing association tests...done (13ms) 
     -computing joint association tests...done (0ms) 
 set [1472/1533] : ULK1 - 29436 variants...
     -reading in genotypes, computing gene-based tests and building masks...done (30863ms) 
     -computing association tests...done (52ms) 
     -computing joint association tests...done (0ms) 
 set [1473/1533] : UNC119B - 6112 variants...
     -reading in genotypes, computing gene-based tests and building masks...done (10599ms) 
     -computing association tests...done (11ms) 
     -computing joint association tests...done (0ms) 
 set [1474/1533] : UNG - 18310 variants...
     -reading in genotypes, computing gene-based tests and building masks...done (21579ms) 
     -computing association tests...done (10ms) 
     -computing joint association tests...done (0ms) 
 set [1475/1533] : UQCC6 - 4388 variants...
     -reading in genotypes, computing gene-based tests and building masks...done (8575ms) 
     -computing association tests...done (47ms) 
     -computing joint association tests...done (0ms) 
 set [1476/1533] : USP15 - 65855 variants...
     -reading in genotypes, computing gene-based tests and building masks...done (60319ms) 
     -computing association tests...done (50ms) 
     -computing joint association tests...done (0ms) 
 set [1477/1533] : USP30 - 35154 variants...
     -reading in genotypes, computing gene-based tests and building masks...done (43242ms) 
     -computing association tests...done (11ms) 
     -computing joint association tests...done (0ms) 
 set [1478/1533] : USP30-AS1 - 386 variants...
     -reading in genotypes, computing gene-based tests and building masks...done (476ms) 
     -computing association tests...done (3ms) 
     -computing joint association tests...done (0ms) 
 set [1479/1533] : USP44 - 20637 variants...
     -reading in genotypes, computing gene-based tests and building masks...done (21491ms) 
     -computing association tests...done (50ms) 
     -computing joint association tests...done (0ms) 
 set [1480/1533] : USP5 - 2376 variants...
     -reading in genotypes, computing gene-based tests and building masks...done (2837ms) 
     -computing association tests...done (67ms) 
     -computing joint association tests...done (0ms) 
 set [1481/1533] : UTP20 - 46350 variants...
     -reading in genotypes, computing gene-based tests and building masks...done (43159ms) 
     -computing association tests...done (18ms) 
     -computing joint association tests...done (0ms) 
 set [1482/1533] : VAMP1 - 3836 variants...
     -reading in genotypes, computing gene-based tests and building masks...done (6538ms) 
     -computing association tests...done (9ms) 
     -computing joint association tests...done (0ms) 
 set [1483/1533] : VDAC1P5 - 5215 variants...
     -reading in genotypes, computing gene-based tests and building masks...done (3379ms) 
     -computing association tests...done (8ms) 
     -computing joint association tests...done (0ms) 
 set [1484/1533] : VDAC2P2 - 2941 variants...
     -reading in genotypes, computing gene-based tests and building masks...done (6379ms) 
     -computing association tests...done (7ms) 
     -computing joint association tests...done (0ms) 
 set [1485/1533] : VDR - 46153 variants...
     -reading in genotypes, computing gene-based tests and building masks...done (51217ms) 
     -computing association tests...done (67ms) 
     -computing joint association tests...done (0ms) 
 set [1486/1533] : VENTXP3 - 464 variants...
     -reading in genotypes, computing gene-based tests and building masks...done (619ms) 
     -computing association tests...done (7ms) 
     -computing joint association tests...done (0ms) 
 set [1487/1533] : VEZT - 34924 variants...
     -reading in genotypes, computing gene-based tests and building masks...done (35911ms) 
     -computing association tests...done (44ms) 
     -computing joint association tests...done (0ms) 
 set [1488/1533] : VPS29 - 872 variants...
     -reading in genotypes, computing gene-based tests and building masks...done (2551ms) 
     -computing association tests...done (7ms) 
     -computing joint association tests...done (0ms) 
 set [1489/1533] : VPS33A - 15789 variants...
     -reading in genotypes, computing gene-based tests and building masks...done (11084ms) 
     -computing association tests...done (10ms) 
     -computing joint association tests...done (0ms) 
 set [1490/1533] : VPS37B - 15211 variants...
     -reading in genotypes, computing gene-based tests and building masks...done (14545ms) 
     -computing association tests...done (11ms) 
     -computing joint association tests...done (0ms) 
 set [1491/1533] : VPS51P3 - 4873 variants...
     -reading in genotypes, computing gene-based tests and building masks...done (56274ms) 
     -computing association tests...done (8ms) 
     -computing joint association tests...done (0ms) 
 set [1492/1533] : VSIG10 - 33637 variants...
     -reading in genotypes, computing gene-based tests and building masks...done (38374ms) 
     -computing association tests...done (11ms) 
     -computing joint association tests...done (0ms) 
 set [1493/1533] : VTI1BP3 - 53 variants...
     -reading in genotypes, computing gene-based tests and building masks...done (222ms) 
     -computing association tests...done (0ms) 
     -computing joint association tests...done (0ms) 
 set [1494/1533] : VWF - 85769 variants...
     -reading in genotypes, computing gene-based tests and building masks...done (103798ms) 
     -computing association tests...done (19ms) 
     -computing joint association tests...done (0ms) 
 set [1495/1533] : WASH8P - 8542 variants...
     -reading in genotypes, computing gene-based tests and building masks...done (12743ms) 
     -computing association tests...done (11ms) 
     -computing joint association tests...done (0ms) 
 set [1496/1533] : WASHC3 - 21355 variants...
     -reading in genotypes, computing gene-based tests and building masks...done (14770ms) 
     -computing association tests...done (12ms) 
     -computing joint association tests...done (2ms) 
 set [1497/1533] : WASHC4 - 26028 variants...
     -reading in genotypes, computing gene-based tests and building masks...done (20540ms) 
     -computing association tests...done (10ms) 
     -computing joint association tests...done (12ms) 
 set [1498/1533] : WBP11 - 9434 variants...
     -reading in genotypes, computing gene-based tests and building masks...done (12054ms) 
     -computing association tests...done (10ms) 
     -computing joint association tests...done (31ms) 
 set [1499/1533] : WIF1 - 31661 variants...
     -reading in genotypes, computing gene-based tests and building masks...done (22110ms) 
     -computing association tests...done (41ms) 
     -computing joint association tests...done (2ms) 
 set [1500/1533] : WNK1 - 71877 variants...
     -reading in genotypes, computing gene-based tests and building masks...done (84767ms) 
     -computing association tests...done (48ms) 
     -computing joint association tests...done (17ms) 
 set [1501/1533] : WNT10B - 6052 variants...
     -reading in genotypes, computing gene-based tests and building masks...done (5490ms) 
     -computing association tests...done (8ms) 
     -computing joint association tests...done (14ms) 
 set [1502/1533] : WNT1 - 5413 variants...
     -reading in genotypes, computing gene-based tests and building masks...done (5812ms) 
     -computing association tests...done (84ms) 
     -computing joint association tests...done (34ms) 
 set [1503/1533] : WNT5B - 41930 variants...
     -reading in genotypes, computing gene-based tests and building masks...done (48526ms) 
     -computing association tests...done (13ms) 
     -computing joint association tests...done (2ms) 
 set [1504/1533] : WSB2 - 8383 variants...
     -reading in genotypes, computing gene-based tests and building masks...done (6881ms) 
     -computing association tests...done (62ms) 
     -computing joint association tests...done (2ms) 
 set [1505/1533] : WSCD2 - 53220 variants...
     -reading in genotypes, computing gene-based tests and building masks...done (50004ms) 
     -computing association tests...done (46ms) 
     -computing joint association tests...done (22ms) 
 set [1506/1533] : XPOT - 22644 variants...
     -reading in genotypes, computing gene-based tests and building masks...done (18483ms) 
     -computing association tests...done (61ms) 
     -computing joint association tests...done (22ms) 
 set [1507/1533] : YAF2 - 40013 variants...
     -reading in genotypes, computing gene-based tests and building masks...done (41772ms) 
     -computing association tests...done (14ms) 
     -computing joint association tests...done (2ms) 
 set [1508/1533] : YARS2 - 8385 variants...
     -reading in genotypes, computing gene-based tests and building masks...done (11016ms) 
     -computing association tests...done (9ms) 
     -computing joint association tests...done (2ms) 
 set [1509/1533] : YBX3 - 14374 variants...
     -reading in genotypes, computing gene-based tests and building masks...done (11367ms) 
     -computing association tests...done (11ms) 
     -computing joint association tests...done (20ms) 
 set [1510/1533] : YEATS4 - 17319 variants...
     -reading in genotypes, computing gene-based tests and building masks...done (15579ms) 
     -computing association tests...done (46ms) 
     -computing joint association tests...done (26ms) 
 set [1511/1533] : YPEL5P3 - 2652 variants...
     -reading in genotypes, computing gene-based tests and building masks...done (1993ms) 
     -computing association tests...done (9ms) 
     -computing joint association tests...done (0ms) 
 set [1512/1533] : Y_RNA - 58065 variants...
     -reading in genotypes, computing gene-based tests and building masks...done (110705ms) 
     -computing association tests...done (50ms) 
     -computing joint association tests...done (0ms) 
 set [1513/1533] : YWHAQP7 - 250 variants...
     -reading in genotypes, computing gene-based tests and building masks...done (340ms) 
     -computing association tests...done (1ms) 
     -computing joint association tests...done (0ms) 
 set [1514/1533] : ZBTB39 - 4652 variants...
     -reading in genotypes, computing gene-based tests and building masks...done (4738ms) 
     -computing association tests...done (8ms) 
     -computing joint association tests...done (0ms) 
 set [1515/1533] : ZC3H10 - 5423 variants...
     -reading in genotypes, computing gene-based tests and building masks...done (4673ms) 
     -computing association tests...done (48ms) 
     -computing joint association tests...done (0ms) 
 set [1516/1533] : ZCCHC8 - 16176 variants...
     -reading in genotypes, computing gene-based tests and building masks...done (18498ms) 
     -computing association tests...done (42ms) 
     -computing joint association tests...done (0ms) 
 set [1517/1533] : ZCRB1 - 10225 variants...
     -reading in genotypes, computing gene-based tests and building masks...done (8860ms) 
     -computing association tests...done (10ms) 
     -computing joint association tests...done (0ms) 
 set [1518/1533] : ZDHHC17 - 42137 variants...
     -reading in genotypes, computing gene-based tests and building masks...done (35206ms) 
     -computing association tests...done (55ms) 
     -computing joint association tests...done (0ms) 
 set [1519/1533] : ZFC3H1 - 23994 variants...
     -reading in genotypes, computing gene-based tests and building masks...done (15191ms) 
     -computing association tests...done (11ms) 
     -computing joint association tests...done (0ms) 
 set [1520/1533] : ZNF10 - 16440 variants...
     -reading in genotypes, computing gene-based tests and building masks...done (13809ms) 
     -computing association tests...done (42ms) 
     -computing joint association tests...done (0ms) 
 set [1521/1533] : ZNF140 - 18282 variants...
     -reading in genotypes, computing gene-based tests and building masks...done (21209ms) 
     -computing association tests...done (47ms) 
     -computing joint association tests...done (0ms) 
 set [1522/1533] : ZNF26 - 22132 variants...
     -reading in genotypes, computing gene-based tests and building masks...done (18151ms) 
     -computing association tests...done (65ms) 
     -computing joint association tests...done (0ms) 
 set [1523/1533] : ZNF268 - 20884 variants...
     -reading in genotypes, computing gene-based tests and building masks...done (15224ms) 
     -computing association tests...done (49ms) 
     -computing joint association tests...done (0ms) 
 set [1524/1533] : ZNF384 - 11331 variants...
     -reading in genotypes, computing gene-based tests and building masks...done (10642ms) 
     -computing association tests...done (10ms) 
     -computing joint association tests...done (0ms) 
 set [1525/1533] : ZNF385A - 8059 variants...
     -reading in genotypes, computing gene-based tests and building masks...done (16462ms) 
     -computing association tests...done (54ms) 
     -computing joint association tests...done (0ms) 
 set [1526/1533] : ZNF605 - 24155 variants...
     -reading in genotypes, computing gene-based tests and building masks...done (24666ms) 
     -computing association tests...done (55ms) 
     -computing joint association tests...done (0ms) 
 set [1527/1533] : ZNF641 - 11078 variants...
     -reading in genotypes, computing gene-based tests and building masks...done (15811ms) 
     -computing association tests...done (10ms) 
     -computing joint association tests...done (0ms) 
 set [1528/1533] : ZNF664 - 23370 variants...
     -reading in genotypes, computing gene-based tests and building masks...done (15383ms) 
     -computing association tests...done (48ms) 
     -computing joint association tests...done (0ms) 
 set [1529/1533] : ZNF705A - 14589 variants...
     -reading in genotypes, computing gene-based tests and building masks...done (10877ms) 
     -computing association tests...done (62ms) 
     -computing joint association tests...done (0ms) 
 set [1530/1533] : ZNF740 - 5815 variants...
     -reading in genotypes, computing gene-based tests and building masks...done (5293ms) 
     -computing association tests...done (15ms) 
     -computing joint association tests...done (0ms) 
 set [1531/1533] : ZNF84 - 16061 variants...
     -reading in genotypes, computing gene-based tests and building masks...done (11334ms) 
     -computing association tests...done (57ms) 
     -computing joint association tests...done (0ms) 
 set [1532/1533] : ZNF84-DT - 151 variants...
     -reading in genotypes, computing gene-based tests and building masks...done (283ms) 
     -computing association tests...done (0ms) 
     -computing joint association tests...done (0ms) 
 set [1533/1533] : ZNF891 - 5688 variants...
     -reading in genotypes, computing gene-based tests and building masks...done (4677ms) 
     -computing association tests...done (11ms) 
     -computing joint association tests...done (0ms) 

Association results stored separately for each trait in files : 
* [/share/home/lsy_luzhen/WGS_GWAS_and_MR/tmp_ssh_data/GWAS_european/gene_based/testing_results/step2_gb_euro_cin3plus_chr12_CIN3plus.regenie]

Number of tests with Firth correction : 2096
Number of failed tests : (0/2096)
Number of ignored tests due to low MAC : 0

Elapsed time : 68456.4s
End time: Sun Sep  7 23:39:58 2025

--------done
end at:
Sun Sep  7 23:40:43 CST 2025
